{
"type": "FeatureCollection",
"name": "azov_10_lsr_plg",
"crs": { "type": "name", "properties": { "name": "urn:ogc:def:crs:OGC:1.3:CRS84" } },
"features": [
{ "type": "Feature", "properties": { "gid": 1, "objectid": 1.0, "shape_leng": 0.414851956159, "shape_area": 0.0010906273701500001, "z_mean": 2.38950259253 }, "geometry": { "type": "MultiPolygon", "coordinates": [ [ [ [ 35.694997592001528, 45.330389716002173, 2.388876452316254 ], [ 35.61883131648392, 45.315380376137909, 2.217276452316355 ], [ 35.606503542927385, 45.31295106287871, 2.205976452316236 ], [ 35.587790260004112, 45.309263420003845, 2.381576452316267 ], [ 35.584311876526044, 45.308577969131875, 2.371576452316276 ], [ 35.55599612360129, 45.302998061799371, 2.349876452316266 ], [ 35.549999999999272, 45.301816464616422, 2.272676452316318 ], [ 35.547394106468346, 45.301302946769283, 2.265176452316382 ], [ 35.540782183270494, 45.300000000001091, 2.292176452316198 ], [ 35.530000000000655, 45.297875261037916, 2.293776452316251 ], [ 35.518702179126194, 45.295648910439922, 2.182476452316223 ], [ 35.517832879000707, 45.295477605999622, 2.210276452316293 ], [ 35.510000000000218, 45.295967161189765, 2.440376452316286 ], [ 35.507968628000526, 45.296094122002614, 2.499976452316332 ], [ 35.507231654000861, 45.296867895000105, 2.514376452316355 ], [ 35.506684988000416, 45.297944673002348, 2.519976452316314 ], [ 35.506680718999633, 45.29910521900274, 2.508476452316245 ], [ 35.507359568002357, 45.299966001002758, 2.479576452316223 ], [ 35.507420533574987, 45.300000000001091, 2.477376452316321 ], [ 35.50863993722669, 45.300680031386946, 2.413576452316192 ], [ 35.508708792001926, 45.300718430000416, 2.415076452316271 ], [ 35.510000000000218, 45.301148484695659, 2.434476452316176 ], [ 35.510681621002732, 45.301375508001001, 2.441276452316288 ], [ 35.514194225368556, 45.30209711268617, 2.462876452316323 ], [ 35.516064073000962, 45.30248124100217, 2.474476452316367 ], [ 35.525062729002457, 45.303705544001787, 2.511176452316249 ], [ 35.530000000000655, 45.304276591694361, 2.528276452316277 ], [ 35.539296369415752, 45.305351815293761, 2.46757645231628 ], [ 35.542021876000945, 45.305667049000476, 2.466576452316303 ], [ 35.549999999999272, 45.306228336890854, 2.449176452316351 ], [ 35.561916304000988, 45.307066689001658, 2.542276452316173 ], [ 35.564741156920718, 45.307370578460905, 2.568576452316165 ], [ 35.566188115000841, 45.307526238000719, 2.559276452316226 ], [ 35.57044622399917, 45.30812155500098, 2.5430764523162 ], [ 35.57890865400077, 45.309646071002135, 2.538076452316318 ], [ 35.580411413100592, 45.309999999999491, 2.543876452316226 ], [ 35.590000000000146, 45.312258298727102, 2.46777645231623 ], [ 35.596656461999373, 45.313826025001617, 2.514776452316255 ], [ 35.598773209670981, 45.314386604833999, 2.531576452316358 ], [ 35.604394533002051, 45.315875304002475, 2.52337645231637 ], [ 35.615865261999716, 45.319384539001476, 2.539576452316169 ], [ 35.617664686249555, 45.320000000001528, 2.546676452316206 ], [ 35.630000000002838, 45.32421907425487, 2.42657645231634 ], [ 35.630707420999897, 45.324461034999331, 2.433876452316326 ], [ 35.634866734999378, 45.325566101002551, 2.466976452316203 ], [ 35.646570826320385, 45.328285413161211, 2.548576452316183 ], [ 35.651219244002277, 45.329365420002432, 2.556076452316347 ], [ 35.653335158345726, 45.33, 2.566676452316187 ], [ 35.658891028999278, 45.33166625100057, 2.527776452316175 ], [ 35.664941640001416, 45.333855387001677, 2.489176452316315 ], [ 35.668124162000822, 45.334841867999785, 2.46717645231638 ], [ 35.67, 45.335233092106137, 2.45237645231623 ], [ 35.671727980001378, 45.335593478999726, 2.464576452316351 ], [ 35.675902946004499, 45.336019901000327, 2.489676452316189 ], [ 35.680344325999613, 45.336168969002756, 2.513376452316379 ], [ 35.682358989815839, 45.336179494906901, 2.52357645231632 ], [ 35.694981778027795, 45.336245444506858, 2.524876452316221 ], [ 35.696733953001967, 45.336254599000313, 2.519776452316364 ], [ 35.704855484000291, 45.336474641000677, 2.501476452316183 ], [ 35.708106699999917, 45.336741028000688, 2.499976452316332 ], [ 35.703915726442574, 45.334710517563508, 2.447076452316196 ], [ 35.694997592001528, 45.330389716002173, 2.388876452316254 ] ] ] ] } },
{ "type": "Feature", "properties": { "gid": 2, "objectid": 2.0, "shape_leng": 1.1219754476699999, "shape_area": 0.0142672173844, "z_mean": 1.7344096490300001 }, "geometry": { "type": "MultiPolygon", "coordinates": [ [ [ [ 36.638465392001308, 45.397176890999617, 2.62727645231621 ], [ 36.644212160001189, 45.39697770100247, 2.500076452316307 ], [ 36.650000000001455, 45.397002519148373, 2.450876452316379 ], [ 36.661896941001032, 45.39705353300451, 2.528176452316302 ], [ 36.664306210379436, 45.397153105190228, 2.575076452316353 ], [ 36.678175544999249, 45.397726307999619, 2.463376452316197 ], [ 36.681101045791365, 45.397775261450079, 2.410376452316314 ], [ 36.684255198000756, 45.397828041001048, 2.463476452316172 ], [ 36.694237748000887, 45.397525055001097, 2.509476452316221 ], [ 36.718198107999342, 45.396336629999496, 2.499976452316332 ], [ 36.705088737999176, 45.39101797100011, 0.953276452316231 ], [ 36.704137519232972, 45.390000000001237, 0.676676452316315 ], [ 36.701831212436446, 45.387531847030914, 0.518276452316286 ], [ 36.701027839857488, 45.386672097400151, 0.465876452316252 ], [ 36.700372005505415, 45.385970239560265, 0.402976452316352 ], [ 36.699826484726145, 45.385386436599219, 0.350676452316293 ], [ 36.681895379000707, 45.366197007002484, 1.225576452316318 ], [ 36.666514519001794, 45.340399480999622, 2.424476452316185 ], [ 36.668142123000507, 45.326361395002095, 3.10277645231622 ], [ 36.687998894001794, 45.331488348003404, 2.908076452316209 ], [ 36.727793816000485, 45.3717715519997, 1.076876452316355 ], [ 36.746594882995851, 45.381056029353203, 0.679776452316219 ], [ 36.747569207002016, 45.381537177001519, 0.730276452316275 ], [ 36.749848813315111, 45.382012094934908, 0.798776452316361 ], [ 36.755244617153949, 45.383136220620145, 0.960976452316345 ], [ 36.759287957000197, 45.383978583004136, 1.052476452316341 ], [ 36.761275112705334, 45.384701185112135, 1.112776452316211 ], [ 36.770030144001794, 45.387884833002317, 1.389376452316355 ], [ 36.781586134002282, 45.387640692000787, 1.52097645231629 ], [ 36.7876302781915, 45.383446177229416, 1.376276452316233 ], [ 36.791482392110993, 45.380772887472631, 1.291776452316299 ], [ 36.794888820775668, 45.378408894339373, 1.159076452316185 ], [ 36.797922682268108, 45.376303455346715, 1.040976452316272 ], [ 36.805918816002304, 45.3707542989996, 1.328076452316282 ], [ 36.817393425002592, 45.367621161001807, 1.508276452316295 ], [ 36.84750410199922, 45.367336330000398, 1.599976452316241 ], [ 36.84750410199922, 45.361070053999356, 1.900876452316197 ], [ 36.828623893999975, 45.356756903000132, 2.059076452316276 ], [ 36.81902103000175, 45.35260651200042, 2.233476452316381 ], [ 36.812185091999709, 45.347398179001175, 2.465876452316252 ], [ 36.809825066002304, 45.336981512002239, 2.959976452316369 ], [ 36.811626849405002, 45.328603218355056, 3.366876452316319 ], [ 36.812266471999465, 45.325628972999766, 2.467076452316178 ], [ 36.81220931045209, 45.319141120691711, 0.515776452316231 ], [ 36.798597746765154, 45.318831766971925, 0.530476452316179 ], [ 36.79476972699922, 45.324855861001197, 2.373076452316354 ], [ 36.793713301301977, 45.328063653652862, 3.346376452316235 ], [ 36.786957227001039, 45.348578192002606, 2.343876452316181 ], [ 36.775726759000463, 45.364813544001663, 1.535176452316364 ], [ 36.758067254000707, 45.354234117001397, 1.997376452316303 ], [ 36.758474154999931, 45.340765692000787, 2.645176452316264 ], [ 36.763652920741151, 45.327158220503406, 3.31197645231623 ], [ 36.766449415003081, 45.319810289003726, 1.079376452316183 ], [ 36.767463937969296, 45.318124180408631, 0.564076452316385 ], [ 36.486736481878324, 45.31174401095268, 0.867176452316244 ], [ 36.484385613002814, 45.316392320000887, 2.284176452316387 ], [ 36.484966444666497, 45.318764049539823, 2.993076452316245 ], [ 36.489268425000773, 45.33633047100011, 2.160676452316238 ], [ 36.502452018999975, 45.346869208000498, 1.688776452316233 ], [ 36.521820509000463, 45.349920966000354, 1.59237645231633 ], [ 36.545176629002526, 45.347398179001175, 1.774076452316194 ], [ 36.574880404999931, 45.336086330002217, 2.394176452316287 ], [ 36.586192254000707, 45.33380768400275, 2.532976452316234 ], [ 36.598317904999931, 45.334295966002173, 2.540876452316297 ], [ 36.630869987999176, 45.340562241999578, 2.324376452316301 ], [ 36.638356966999709, 45.351263739001297, 1.829876452316284 ], [ 36.631114129000707, 45.374741929001175, 0.683776452316351 ], [ 36.624433155589941, 45.387717246036118, 0.043376452316352 ], [ 36.623478028745012, 45.389572226269593, 0.124076452316331 ], [ 36.617716932512849, 45.400761022498045, 0.941576452316212 ], [ 36.616700616001253, 45.402734840999983, 2.499976452316332 ], [ 36.63006998900164, 45.398714224000287, 2.517576452316234 ], [ 36.634607493000658, 45.397674698999253, 2.827476452316205 ], [ 36.634665597030107, 45.397667201485092, 2.836876452316346 ], [ 36.638465392001308, 45.397176890999617, 2.62727645231621 ] ] ] ] } },
{ "type": "Feature", "properties": { "gid": 3, "objectid": 3.0, "shape_leng": 0.16554006062400001, "shape_area": 0.000335747021873, "z_mean": 2.1539577722000001 }, "geometry": { "type": "MultiPolygon", "coordinates": [ [ [ [ 36.267832879002526, 45.467230536001807, 2.346776452316362 ], [ 36.267293977227382, 45.467029517083574, 2.32737645231623 ], [ 36.260791798016726, 45.464604100992801, 2.093276452316331 ], [ 36.255910851828958, 45.46278343056656, 1.874876452316357 ], [ 36.252452018999975, 45.461493230999622, 1.713276452316222 ], [ 36.220078339236352, 45.461653610127541, 1.864576452316214 ], [ 36.188618922000387, 45.46180946000095, 2.499976452316332 ], [ 36.19153390899919, 45.463190333999592, 2.496976452316176 ], [ 36.194580191002387, 45.464261192000777, 2.478876452316172 ], [ 36.198611204999906, 45.46519599000203, 2.435576452316354 ], [ 36.198729244739297, 45.465211792543414, 2.433876452316326 ], [ 36.2025767920004, 45.465726882001036, 2.488576452316238 ], [ 36.244443807550851, 45.46708357216994, 2.505576452316291 ], [ 36.250585186000535, 45.467282582003463, 2.501376452316208 ], [ 36.25493407961585, 45.467532960195967, 2.513076452316227 ], [ 36.258934990000853, 45.467763303999163, 2.501476452316183 ], [ 36.265603864263539, 45.468297101804637, 2.500576452316182 ], [ 36.270321059000707, 45.468674681000266, 2.499976452316332 ], [ 36.267832879002526, 45.467230536001807, 2.346776452316362 ] ] ] ] } },
{ "type": "Feature", "properties": { "gid": 4, "objectid": 4.0, "shape_leng": 0.00079023740264300005, "shape_area": 2.27192770567e-08, "z_mean": 2.4912226633899999 }, "geometry": { "type": "MultiPolygon", "coordinates": [ [ [ [ 36.277477611, 45.472828358002516, 2.499976452316332 ], [ 36.277284009089271, 45.472715990912548, 2.479576452316223 ], [ 36.277179487002286, 45.472655326002496, 2.499976452316332 ], [ 36.277192761532206, 45.472807238469613, 2.497376452316303 ], [ 36.277193517000342, 45.472815884002557, 2.499076452316331 ], [ 36.277477611, 45.472828358002516, 2.499976452316332 ] ] ] ] } },
{ "type": "Feature", "properties": { "gid": 5, "objectid": 5.0, "shape_leng": 0.33310630270800001, "shape_area": 0.0014821244417, "z_mean": 1.4949551245299999 }, "geometry": { "type": "MultiPolygon", "coordinates": [ [ [ [ 36.336280617004377, 45.469623744002092, 2.447176452316171 ], [ 36.34533611927327, 45.465889353214152, 2.532376452316385 ], [ 36.359617177251494, 45.460000000000946, 2.54287645231625 ], [ 36.366939082001409, 45.456980525999825, 2.457676452316264 ], [ 36.373594429001969, 45.45388202200229, 2.326176452316304 ], [ 36.374047101056931, 45.453595289896839, 2.30567645231622 ], [ 36.375191813000129, 45.452870205001091, 2.38357645231622 ], [ 36.377833157999703, 45.450773538001158, 2.588576452316374 ], [ 36.379376566093924, 45.450000000002547, 2.681276452316297 ], [ 36.379455711999981, 45.449960333004128, 2.676376452316163 ], [ 36.381467342001997, 45.449239011004465, 2.603276452316322 ], [ 36.386309654000797, 45.447984059001101, 2.516376452316308 ], [ 36.394753850001507, 45.446359757999744, 2.469176452316333 ], [ 36.434996305002642, 45.440000599000996, 2.499976452316332 ], [ 36.426528892625356, 45.438622592280808, 1.991076452316292 ], [ 36.411794467001528, 45.436224677001519, 2.040876452316297 ], [ 36.391368034999687, 45.439642645000276, 1.617676452316346 ], [ 36.386401986292185, 45.441966501142815, 1.405876452316306 ], [ 36.369234509389571, 45.450000000002547, 2.37707645231626 ], [ 36.359629754000707, 45.454494532999888, 1.819176452316242 ], [ 36.347488274068382, 45.45625117259442, 1.349576452316342 ], [ 36.34050540500175, 45.457261460000154, 1.145776452316341 ], [ 36.339685005108549, 45.457031499488949, 1.068676452316367 ], [ 36.329763217003347, 45.454250393000621, 0.937876452316232 ], [ 36.323446660946502, 45.450000000002547, 1.003376452316388 ], [ 36.321055534999687, 45.448391018000621, 0.633976452316347 ], [ 36.319437581407328, 45.447546868215795, 0.429276452316344 ], [ 36.311696811000729, 45.443508205000398, 0.658276452316386 ], [ 36.298838737999176, 45.4430199239996, 0.584676452316216 ], [ 36.301704613522816, 45.449024615540111, 0.170676452316229 ], [ 36.302170137927533, 45.450000000002547, 0.365076452316316 ], [ 36.30598465879666, 45.457992329398621, -0.000023547683668 ], [ 36.30694286522521, 45.460000000000946, -0.000023547683668 ], [ 36.307383660001506, 45.460923570000887, -0.000023547683668 ], [ 36.303813399130377, 45.466906699564788, -0.000023547683668 ], [ 36.299978061002548, 45.4733340519997, 1.585576452316218 ], [ 36.29316706300051, 45.474741426000037, 2.499976452316332 ], [ 36.294074643001295, 45.475085636000586, 2.479176452316324 ], [ 36.297610722000172, 45.475633301000926, 2.247276452316328 ], [ 36.298625951878421, 45.475687024063518, 2.161076452316365 ], [ 36.306131572000595, 45.476084200001424, 2.31197645231623 ], [ 36.31000000000131, 45.475942378066975, 2.258076452316345 ], [ 36.313846092001768, 45.475801374999719, 2.24297645231627 ], [ 36.317492112999389, 45.475370633001148, 2.115776452316368 ], [ 36.319804224674954, 45.474902112337077, 1.96087645231637 ], [ 36.320740573002695, 45.47471237299942, 2.148076452316218 ], [ 36.323760062117799, 45.473760062117435, 2.751976452316285 ], [ 36.330924382000376, 45.471500521000053, 2.441476452316238 ], [ 36.332145384922114, 45.471072692462258, 2.380676452316266 ], [ 36.336280617004377, 45.469623744002092, 2.447176452316171 ] ] ] ] } },
{ "type": "Feature", "properties": { "gid": 6, "objectid": 6.0, "shape_leng": 0.020523692440600001, "shape_area": 8.1240660402500004e-06, "z_mean": 2.53992020389 }, "geometry": { "type": "MultiPolygon", "coordinates": [ [ [ [ 35.200450066002304, 46.183010158001707, 2.59217645231638 ], [ 35.197917902216432, 46.182082097784587, 2.572976452316198 ], [ 35.193538676001481, 46.180477073001384, 2.499976452316332 ], [ 35.197073153000019, 46.182917119002013, 2.50167645231636 ], [ 35.197079612275047, 46.182920387727791, 2.501776452316335 ], [ 35.20223275600074, 46.185528141999384, 2.499976452316332 ], [ 35.200450066002304, 46.183010158001707, 2.59217645231638 ] ] ] ] } },
{ "type": "Feature", "properties": { "gid": 7, "objectid": 7.0, "shape_leng": 0.225277521748, "shape_area": 0.00032238689211299998, "z_mean": 1.5901973810100001 }, "geometry": { "type": "MultiPolygon", "coordinates": [ [ [ [ 35.227875196000241, 46.22174713700042, 2.525676452316247 ], [ 35.227517157683906, 46.221241421158993, 2.513076452316227 ], [ 35.218562615154951, 46.20859346211364, 2.627776452316311 ], [ 35.206601719202808, 46.191699140399578, 2.6055764523162 ], [ 35.204117647999738, 46.188190482002028, 2.499976452316332 ], [ 35.204136266002024, 46.188996374001363, 2.500776452316359 ], [ 35.204904125001121, 46.191463886001657, 2.533376452316361 ], [ 35.205306514111726, 46.192346742946029, 2.550576452316363 ], [ 35.206778449999547, 46.195576226002231, 2.528776452316379 ], [ 35.209364546002689, 46.200318380999306, 2.510476452316198 ], [ 35.212205326999538, 46.204939871000533, 2.502776452316311 ], [ 35.216127345000132, 46.210386526001457, 2.512076452316251 ], [ 35.217302378701788, 46.211744053254733, 2.520676452316366 ], [ 35.22467405000134, 46.220260612999482, 2.47367645231634 ], [ 35.225988771800985, 46.222005614105001, 2.459576452316242 ], [ 35.22852300696286, 46.225369248262723, 2.548276452316259 ], [ 35.229629381001359, 46.226837714000794, 2.531176452316231 ], [ 35.232634686999518, 46.23000992299967, 2.51077645231635 ], [ 35.2391717938699, 46.236242309196314, 2.487876452316186 ], [ 35.247080477001873, 46.243782337001903, 2.498976452316356 ], [ 35.24861773936027, 46.245345565159369, 2.498176452316329 ], [ 35.25466247300028, 46.251492400002462, 2.495076452316198 ], [ 35.257554206002169, 46.2546654830021, 2.48667645231626 ], [ 35.259020643316035, 46.256469035031841, 2.476576452316294 ], [ 35.264626758002123, 46.2633639220021, 2.52967645231638 ], [ 35.26680815142754, 46.265797962143552, 2.556376452316272 ], [ 35.26806935499917, 46.267205236999871, 2.537376452316266 ], [ 35.271677532000467, 46.27067171499948, 2.507476452316268 ], [ 35.27560582499973, 46.273877227000412, 2.499976452316332 ], [ 35.268695461058087, 46.265326134735005, 2.641276452316333 ], [ 35.262217643999975, 46.257310289000088, 2.581076452316211 ], [ 35.260422856321384, 46.254365715518361, 2.581676452316287 ], [ 35.254090860405995, 46.243977284901121, 2.703376452316206 ], [ 35.251800977001039, 46.240220445004525, 2.747376452316303 ], [ 35.241712591407122, 46.232431112890481, 2.678476452316318 ], [ 35.231577408230805, 46.224605647943463, 2.655176452316255 ], [ 35.227875196000241, 46.22174713700042, 2.525676452316247 ] ] ] ] } },
{ "type": "Feature", "properties": { "gid": 8, "objectid": 8.0, "shape_leng": 0.120654741489, "shape_area": 0.00048015252261299999, "z_mean": 1.8144243953200001 }, "geometry": { "type": "MultiPolygon", "coordinates": [ [ [ [ 35.291351759004101, 46.293361720998291, 2.820976452316245 ], [ 35.289027866894685, 46.290486066558515, 2.698976452316174 ], [ 35.28618042600101, 46.286962557000152, 2.499976452316332 ], [ 35.285604479999165, 46.2905651830024, 2.502876452316286 ], [ 35.285524465534763, 46.292237767236657, 2.51507645231618 ], [ 35.28545845500048, 46.293617620000077, 2.511576452316376 ], [ 35.285688705000211, 46.296769495000262, 2.523676452316295 ], [ 35.286031559073308, 46.297976330697566, 2.541676452316324 ], [ 35.286469366999881, 46.29951740100114, 2.516876452316183 ], [ 35.287704222999309, 46.301742951003689, 2.501176452316258 ], [ 35.292066591000548, 46.308190846999423, 2.481776452316353 ], [ 35.29319565255355, 46.31000000000131, 2.473176452316238 ], [ 35.294604913000512, 46.312258129999464, 2.497576452316252 ], [ 35.295860255000662, 46.313986999999543, 2.522176452316216 ], [ 35.296597761001976, 46.314706665003541, 2.539476452316194 ], [ 35.297544011003993, 46.315349423002772, 2.564676452316235 ], [ 35.297646217622969, 46.315392297063227, 2.567576452316189 ], [ 35.29974010099977, 46.316270647999772, 2.512076452316251 ], [ 35.30344128499928, 46.317167788, 2.48257645231638 ], [ 35.329657544001748, 46.321371495001586, 2.499976452316332 ], [ 35.327810091999709, 46.31924062699909, 2.691376452316263 ], [ 35.317683722476431, 46.312052712924924, 3.268976452316338 ], [ 35.31479185018361, 46.31000000000131, 3.193076452316291 ], [ 35.291779523480727, 46.293665357392456, 2.843376452316306 ], [ 35.291351759004101, 46.293361720998291, 2.820976452316245 ] ] ] ] } },
{ "type": "Feature", "properties": { "gid": 9, "objectid": 9.0, "shape_leng": 0.075296549641800006, "shape_area": 6.9694797616800001e-05, "z_mean": 2.3526234425200001 }, "geometry": { "type": "MultiPolygon", "coordinates": [ [ [ [ 37.998906519000229, 46.356562007998946, 2.348476452316163 ], [ 37.997984424671813, 46.356007787662747, 2.379876452316239 ], [ 37.995371941002304, 46.354437567000787, 2.439976452316387 ], [ 37.99000000000342, 46.35605810260131, 2.418276452316377 ], [ 37.985082872344719, 46.357541436171232, 2.422976452316334 ], [ 37.976932937332094, 46.360000000002401, 2.365376452316241 ], [ 37.970957879004345, 46.361802476001685, 2.341176452316176 ], [ 37.969999999999345, 46.362517928877423, 2.324476452316276 ], [ 37.963999527304622, 46.36699976365162, 2.279976452316305 ], [ 37.963804760003768, 46.367145238000376, 2.278576452316202 ], [ 37.964066754781015, 46.367033377389816, 2.277976452316352 ], [ 37.968048380003893, 46.365333392999673, 2.269276452316262 ], [ 37.969999999999345, 46.36461426247115, 2.261576452316376 ], [ 37.974776613002177, 46.362854181999865, 2.29047645231617 ], [ 37.984009407151461, 46.360000000002401, 2.329976452316259 ], [ 37.984708496001986, 46.359783887002777, 2.335076452316343 ], [ 37.987952210965886, 46.358976105480906, 2.351176452316167 ], [ 37.99000000000342, 46.358466145098646, 2.345976452316336 ], [ 37.992920274004064, 46.357738909999171, 2.353276452316322 ], [ 37.995560207255039, 46.357219896373863, 2.3555764523162 ], [ 37.998906519000229, 46.356562007998946, 2.348476452316163 ] ] ] ] } },
{ "type": "Feature", "properties": { "gid": 10, "objectid": 10.0, "shape_leng": 0.0603322102129, "shape_area": 5.0259228478800001e-05, "z_mean": 2.38315259644 }, "geometry": { "type": "MultiPolygon", "coordinates": [ [ [ [ 37.9399401210012, 46.384970061004424, 2.499976452316332 ], [ 37.946594252247451, 46.380000000001019, 2.417076452316223 ], [ 37.947959923372764, 46.378979961687946, 2.440776452316186 ], [ 37.950000000002547, 46.377456200749293, 2.399976452316196 ], [ 37.959982681963083, 46.370000000004438, 2.250276452316257 ], [ 37.963804760003768, 46.367145238000376, 2.278576452316202 ], [ 37.961795802002598, 46.368002977002106, 2.282976452316234 ], [ 37.957841074121461, 46.370000000004438, 2.282376452316385 ], [ 37.955212252003548, 46.371327479000684, 2.321776452316271 ], [ 37.950000000002547, 46.374508131266339, 2.399976452316196 ], [ 37.949406799003555, 46.374870118002946, 2.411876452316164 ], [ 37.945547051327594, 46.377773525666271, 2.48907645231634 ], [ 37.944884553004158, 46.37827187500443, 2.477376452316321 ], [ 37.943062127800658, 46.380000000001019, 2.434676452316353 ], [ 37.942269137000039, 46.380751958004112, 2.446176452316195 ], [ 37.940335871004208, 46.383261639997727, 2.480976452316327 ], [ 37.9399401210012, 46.384970061004424, 2.499976452316332 ] ] ] ] } },
{ "type": "Feature", "properties": { "gid": 19, "objectid": 19.0, "shape_leng": 0.42793983629299998, "shape_area": 0.0026670801757399999, "z_mean": 2.2099998041500002 }, "geometry": { "type": "MultiPolygon", "coordinates": [ [ [ [ 37.69566334600313, 47.072975569999471, 2.494276452316171 ], [ 37.691437751000194, 47.072289907002414, 2.43717645231618 ], [ 37.690000000000509, 47.072129466079787, 2.414776452316346 ], [ 37.686681622000833, 47.071759162998205, 2.462776452316348 ], [ 37.686505839388701, 47.071747080308342, 2.465076452316225 ], [ 37.681601109003168, 47.071409946003769, 2.471776452316362 ], [ 37.671308059003422, 47.071298177002973, 2.47407645231624 ], [ 37.670000000003711, 47.071380348608727, 2.472376452316212 ], [ 37.654684874121813, 47.072342437060797, 2.529776452316355 ], [ 37.653253711001526, 47.072432342003594, 2.518976452316338 ], [ 37.649999999999636, 47.072448899518349, 2.50207645231626 ], [ 37.645051840498127, 47.072474079754102, 2.501076452316283 ], [ 37.64122594500077, 47.072493549001592, 2.500276452316257 ], [ 37.633756527004152, 47.072280409001905, 2.50877645231617 ], [ 37.630000000002838, 47.072035996197883, 2.518576452316211 ], [ 37.626013215000057, 47.071776602000682, 2.508976452316347 ], [ 37.618004776999442, 47.070960439003102, 2.501576452316385 ], [ 37.610541315905721, 47.070000000003347, 2.502676452316337 ], [ 37.610012615999949, 47.069931964004354, 2.50207645231626 ], [ 37.61000000000422, 47.06992999463364, 2.50207645231626 ], [ 37.609796436045144, 47.069898218025628, 2.50207645231626 ], [ 37.597989855999913, 47.068055195002671, 2.498276452316304 ], [ 37.590000000001965, 47.066585581464096, 2.502476452316387 ], [ 37.583358268002485, 47.065363935000278, 2.505876452316215 ], [ 37.578679657593966, 47.064339828799348, 2.513176452316202 ], [ 37.573340241004189, 47.063171077998049, 2.506576452316267 ], [ 37.570000000003347, 47.062356368656765, 2.50577645231624 ], [ 37.560339083145664, 47.06000000000131, 2.503376452316388 ], [ 37.553389909227917, 47.058305045384259, 2.484776452316282 ], [ 37.550000000001091, 47.057478221602651, 2.475676452316293 ], [ 37.549808842999482, 47.057431597002505, 2.476076452316192 ], [ 37.543259301004582, 47.056148000001485, 2.481876452316328 ], [ 37.541886607543347, 47.055943303772438, 2.481176452316276 ], [ 37.536725428004502, 47.055173667999043, 2.478376452316297 ], [ 37.530000000004293, 47.054527259102542, 2.464176452316224 ], [ 37.521825667998201, 47.053741590001664, 2.528576452316202 ], [ 37.515857250731642, 47.052928625365894, 2.582876452316214 ], [ 37.513704604001759, 47.052635411002484, 2.618076452316245 ], [ 37.512273510279556, 47.05227351027861, 2.643176452316311 ], [ 37.509205406999172, 47.051497636000931, 2.582376452316339 ], [ 37.505161259001397, 47.050106991999201, 2.524176452316169 ], [ 37.500999804777166, 47.048249853580273, 2.489976452316341 ], [ 37.49920389, 47.047448388000703, 2.490176452316291 ], [ 37.497315635002451, 47.046309352002936, 2.499976452316332 ], [ 37.524050977404841, 47.065538233055122, 2.259476452316221 ], [ 37.529348052439673, 47.069348052440546, 2.216276452316379 ], [ 37.530000000004293, 47.069816953191548, 2.201876452316355 ], [ 37.530150133034113, 47.069924933484799, 2.201476452316228 ], [ 37.530254503586548, 47.070000000003347, 2.198776452316224 ], [ 37.530834950348435, 47.07041747517178, 2.187476452316332 ], [ 37.536113459676926, 47.074213941534254, 1.91547645231617 ], [ 37.539312896462434, 47.076515074935742, 1.903476452316227 ], [ 37.540800776030665, 47.077585203711351, 1.903976452316329 ], [ 37.54080691262061, 47.077589617334525, 1.906176452316231 ], [ 37.54081274939017, 47.077593815318323, 1.906576452316358 ], [ 37.54081274939017, 47.077593815318323, 1.906576452316358 ], [ 37.550000000001091, 47.079999999998108, 1.899976452316196 ], [ 37.598810096744273, 47.088135016125307, 1.737276452316337 ], [ 37.60129466106082, 47.087823665267933, 1.765276452316357 ], [ 37.604775047719158, 47.087387523861253, 1.804476452316294 ], [ 37.61000000000422, 47.086732763842519, 1.830676452316311 ], [ 37.620767011650969, 47.085383505827849, 1.938476452316308 ], [ 37.630000000002838, 47.084226482505983, 2.030976452316281 ], [ 37.636758975575503, 47.083379487788989, 2.06477645231621 ], [ 37.649999999999636, 47.081720201174903, 2.131176452316367 ], [ 37.663727119515897, 47.079999999998108, 2.268676452316186 ], [ 37.668742903439124, 47.079371451722182, 2.318876452316317 ], [ 37.670000000003711, 47.079213919838367, 2.315676452316211 ], [ 37.672097970846153, 47.078951014576887, 2.320976452316245 ], [ 37.690000000000509, 47.076707638503649, 2.231676452316378 ], [ 37.698786989867585, 47.07560650506457, 2.451476452316228 ], [ 37.703626869999425, 47.075000000004366, 2.499976452316332 ], [ 37.701301187458739, 47.074349406273541, 2.552076452316214 ], [ 37.698951051999757, 47.073691972000233, 2.531376452316181 ], [ 37.69566334600313, 47.072975569999471, 2.494276452316171 ] ] ] ] } },
{ "type": "Feature", "properties": { "gid": 20, "objectid": 20.0, "shape_leng": 6.2538245972500004, "shape_area": 0.22310840332699999, "z_mean": 1.64448121066 }, "geometry": { "type": "MultiPolygon", "coordinates": [ [ [ [ 39.119883660003325, 47.277044989003116, 1.529576452316178 ], [ 39.122927362202972, 47.276463681100722, 1.535376452316314 ], [ 39.129999999997381, 47.275112898405496, 1.548876452316335 ], [ 39.137399412073137, 47.273699706034677, 1.525976452316172 ], [ 39.138845248002326, 47.273423570000887, 1.521576452316367 ], [ 39.150000000001455, 47.277381707606764, 1.426176452316213 ], [ 39.156504754004345, 47.279689846003748, 1.3705764523163 ], [ 39.16389969460397, 47.276949847302603, 1.360976452316208 ], [ 39.169999999998254, 47.274689541261978, 1.353076452316373 ], [ 39.1753870362827, 47.272693518139931, 1.319176452316242 ], [ 39.182656531193061, 47.270000000000437, 1.273476452316345 ], [ 39.186045769003613, 47.268744208004136, 1.25207645231626 ], [ 39.190000000002328, 47.268600205483381, 1.213976452316274 ], [ 39.206032676547693, 47.268016338275629, 1.13967645231628 ], [ 39.209999999999127, 47.26787185896319, 1.078676452316358 ], [ 39.214590639734524, 47.267704680134557, 1.054076452316167 ], [ 39.230000000003201, 47.259999999998399, 0.899976452316196 ], [ 39.25331906559768, 47.182269781351351, 0.861176452316386 ], [ 39.252614779999931, 47.180324611001197, 0.862276452316337 ], [ 39.252460760309987, 47.178874259028817, 0.862576452316262 ], [ 39.249196811002548, 47.148138738999478, 0.86797645231627 ], [ 39.254567904999931, 47.140122789000088, 0.859076452316231 ], [ 39.265529440401224, 47.137490105413235, 0.840776452316277 ], [ 39.266847971743118, 47.137173427523521, 0.838576452316374 ], [ 39.269831571680697, 47.127228094406746, 0.833576452316265 ], [ 39.269238003109422, 47.125746323485146, 0.834576452316242 ], [ 39.262844350791056, 47.109785356888096, 0.845276452316284 ], [ 39.261973504004345, 47.107611395003914, 0.835976452316345 ], [ 39.264903190998666, 47.096625067000787, 0.814976452316387 ], [ 39.27239567747165, 47.092274591304886, 0.829376452316183 ], [ 39.280039910003325, 47.08783600499919, 0.816576452316212 ], [ 39.280946910801504, 47.088668115808105, 0.815076452316362 ], [ 39.281301870056268, 47.08899376649606, 0.814476452316285 ], [ 39.290000000000873, 47.06000000000131, 0.799976452316287 ], [ 39.290000000000873, 47.049999999999272, 0.899976452316196 ], [ 39.290000000000873, 47.040000000004511, 0.999976452316332 ], [ 39.290000000000873, 47.031002383995656, 0.999976452316332 ], [ 39.289837662694481, 47.030000000002474, 1.000776452316359 ], [ 39.289398634002282, 47.027289129997371, 0.975876452316243 ], [ 39.285993246823637, 47.022003376585417, 0.940076452316362 ], [ 39.284702556096818, 47.020000000000437, 0.926476452316365 ], [ 39.283793835909819, 47.018589508163132, 0.904276452316253 ], [ 39.283737789879524, 47.01850251497126, 0.904076452316303 ], [ 39.280039910003325, 47.01276276200042, 0.903076452316327 ], [ 39.261892122998688, 47.008612371997515, 0.915076452316271 ], [ 39.250289966037599, 47.010504122312341, 0.925876452316288 ], [ 39.249083610377056, 47.010700820541388, 0.927876452316241 ], [ 39.238316763357943, 47.012456372227462, 1.01507645231618 ], [ 39.227124896398891, 47.01428122409925, 1.199976452316378 ], [ 39.223046484110455, 47.014946215773307, 1.191576452316212 ], [ 39.221343419316327, 47.015223903223159, 1.199976452316378 ], [ 39.21911301712862, 47.015587573878292, 1.222076452316287 ], [ 39.216065484433784, 47.016084478975245, 1.226076452316192 ], [ 39.153086784999687, 47.026353257002484, 1.130476452316316 ], [ 39.146739129002526, 47.023871160999988, 1.149776452316246 ], [ 39.137705925000773, 47.018622137002239, 1.191276452316288 ], [ 39.126719596997646, 47.013820705000398, 1.228776452316197 ], [ 39.114919467001528, 47.01276276200042, 1.235376452316359 ], [ 39.104991081998378, 47.016791083004136, 1.200476452316252 ], [ 39.103943761396295, 47.018485940352548, 1.186376452316381 ], [ 39.103046185826315, 47.019938468394685, 1.167076452316223 ], [ 39.101267502144765, 47.02281687553841, 1.147876452316268 ], [ 39.100477400857926, 47.024095480170217, 1.129476452316339 ], [ 39.098591242893235, 47.027147810727911, 1.11427645231629 ], [ 39.098058605086408, 47.028009767516778, 1.119876452316248 ], [ 39.097422722001284, 47.029038804001175, 1.143676452316186 ], [ 39.09527416660967, 47.030000000002474, 1.173676452316386 ], [ 39.088145379000707, 47.033189195002706, 1.304976452316168 ], [ 39.075330643099733, 47.032665321548848, 1.353276452316322 ], [ 39.075205924998954, 47.032660223003404, 1.353776452316197 ], [ 39.074769864391783, 47.03238493219942, 1.347676452316364 ], [ 39.070992132074025, 47.030000000002474, 1.29507645231638 ], [ 39.067149285001506, 47.027573960003792, 1.265776452316231 ], [ 39.060231967001528, 47.021714585003792, 1.183176452316275 ], [ 39.060177534836839, 47.021696255809729, 1.1830764523163 ], [ 39.039398404065651, 47.014699202034535, 1.199976452316378 ], [ 39.036306186000729, 47.013657944999068, 1.220176452316309 ], [ 39.034591242678289, 47.012295621338126, 1.199976452316378 ], [ 39.032482785201864, 47.010620696300975, 1.196876452316246 ], [ 39.032273931588861, 47.010454786317496, 1.197676452316273 ], [ 39.023298093263293, 47.003324523317133, 1.277876452316377 ], [ 39.022479383991595, 47.002674153716725, 1.282176452316207 ], [ 39.014113401322902, 46.99602835033329, 1.354776452316173 ], [ 39.009332786614323, 46.992230706151531, 1.385176452316273 ], [ 38.999184723143117, 46.984169246166857, 1.379176452316187 ], [ 38.991384311000729, 46.977972723001585, 1.232276452316228 ], [ 38.989063796594564, 46.976510632764985, 1.199976452316378 ], [ 38.976780652244997, 46.968771372297851, 1.114576452316214 ], [ 38.957286004002526, 46.956488347999766, 1.151676452316224 ], [ 38.93734785199922, 46.947455145002095, 1.171876452316383 ], [ 38.919606967001528, 46.943833725999866, 1.16787645231625 ], [ 38.900137190837995, 46.945068595421617, 1.137376452316175 ], [ 38.888691779908186, 46.945794519937408, 1.135476452316198 ], [ 38.881114129000707, 46.946275132004303, 1.225576452316318 ], [ 38.865733268999975, 46.942938543999844, 1.348076452316263 ], [ 38.864943847853283, 46.942415771778542, 1.349476452316367 ], [ 38.857459412265598, 46.937459412263706, 1.399976452316196 ], [ 38.850000000004002, 46.932519623749613, 1.450376452316277 ], [ 38.847422721999465, 46.93081289300244, 1.454876452316284 ], [ 38.846593645837856, 46.930000000003929, 1.451076452316329 ], [ 38.843048908636774, 46.926524454322134, 1.434776452316328 ], [ 38.83639456480887, 46.920000000001892, 1.404076452316303 ], [ 38.830000000001746, 46.913730253943868, 1.311876452316255 ], [ 38.826195483778065, 46.909999999999854, 1.276076452316374 ], [ 38.824893424294714, 46.908723356073097, 1.251076452316283 ], [ 38.824235849011529, 46.908078616339481, 1.238476452316263 ], [ 38.820323112997357, 46.904242255001009, 1.196476452316347 ], [ 38.803721550002592, 46.893540757004303, 1.168276452316377 ], [ 38.766286654999931, 46.886786200002462, 1.571676452316296 ], [ 38.764784678398428, 46.886274770287855, 1.581376452316363 ], [ 38.717655066549924, 46.870226927685508, 1.643376452316261 ], [ 38.711436393999975, 46.868109442002606, 1.702076452316305 ], [ 38.691398213733919, 46.863934820954455, 1.973176452316238 ], [ 38.690928582002016, 46.86383698100326, 1.974176452316215 ], [ 38.671974848413811, 46.862876105989926, 2.055776452316195 ], [ 38.652859288811669, 46.861907027077905, 2.138076452316227 ], [ 38.651856173317356, 46.861856173312844, 2.128676452316313 ], [ 38.609060092001528, 46.859686591000354, 1.453576452316383 ], [ 38.601285964623457, 46.857655116547903, 1.341876452316228 ], [ 38.60060858093857, 46.857478107916904, 1.337376452316221 ], [ 38.599817008240279, 46.857271260298148, 1.332076452316187 ], [ 38.598879714956638, 46.85702633411529, 1.325876452316379 ], [ 38.576568711729124, 46.851196196412275, 1.552276452316164 ], [ 38.573090040003081, 46.850287176997881, 1.559276452316226 ], [ 38.557869308846421, 46.848771290477089, 1.618076452316245 ], [ 38.553070509004101, 46.848293361003016, 1.636576452316376 ], [ 38.541552314129149, 46.850288732966874, 1.716976452316203 ], [ 38.525178643061736, 46.85312525070367, 1.743276452316195 ], [ 38.521850871162314, 46.853701742320482, 1.723476452316163 ], [ 38.474619987997357, 46.86188385600326, 1.469976452316359 ], [ 38.470000000001164, 46.860684436089286, 1.430176452316346 ], [ 38.457692904999931, 46.857489324998824, 1.452276452316255 ], [ 38.451037336031732, 46.854294651848249, 1.453276452316231 ], [ 38.438070635502299, 46.848070635502154, 1.559676452316353 ], [ 38.435313346997646, 46.846747136998601, 1.573476452316299 ], [ 38.430000000000291, 46.843281910678343, 1.599976452316241 ], [ 38.427151549236441, 46.84142422538207, 1.656976452316258 ], [ 38.424967736997132, 46.840000000000146, 1.675476452316161 ], [ 38.414724154999931, 46.83331940300377, 1.762376452316175 ], [ 38.413000969181667, 46.831500484591743, 1.769976452316314 ], [ 38.410000000001673, 46.828332794813832, 1.799976452316287 ], [ 38.403005404998112, 46.820949610999378, 1.90487645231633 ], [ 38.402860549053003, 46.820000000003347, 1.907076452316232 ], [ 38.402271052953438, 46.816135526474682, 1.87727645231621 ], [ 38.401540561002548, 46.811346746997515, 1.884576452316196 ], [ 38.40172580131366, 46.81000000000131, 1.882776452316193 ], [ 38.402591778753049, 46.803704110623585, 1.811076452316229 ], [ 38.403101266138037, 46.799999999999272, 1.803476452316318 ], [ 38.403545184703034, 46.79677259235541, 1.764576452316305 ], [ 38.404476730955139, 46.790000000004511, 1.755276452316366 ], [ 38.404551629002526, 46.789455470998291, 1.749076452316331 ], [ 38.404164587169362, 46.787082293587446, 1.729176452316324 ], [ 38.403596008443856, 46.783596008446693, 1.699976452316378 ], [ 38.403005404998112, 46.779974677001519, 1.649476452316321 ], [ 38.396169466999709, 46.77472565300377, 1.675976452316263 ], [ 38.393049501326459, 46.773049501329297, 1.699976452316378 ], [ 38.389999999999418, 46.771411205494587, 1.714076452316249 ], [ 38.388639453127325, 46.770680273435573, 1.727176452316371 ], [ 38.387373201507216, 46.770000000000437, 1.739376452316264 ], [ 38.373220247998688, 46.7623965519997, 1.875676452316384 ], [ 38.372325595975781, 46.761162797989527, 1.876776452316335 ], [ 38.371482397447835, 46.760000000003856, 1.877776452316311 ], [ 38.3710879397604, 46.759456030118599, 1.872776452316202 ], [ 38.3700000000008, 46.757955726079672, 1.879576452316314 ], [ 38.368174675004411, 46.755438544001663, 1.863476452316263 ], [ 38.36875946510736, 46.750000000003638, 1.806176452316322 ], [ 38.368822757747694, 46.749411378876175, 1.799976452316287 ], [ 38.369395379004345, 46.74408600499919, 1.743876452316272 ], [ 38.3700000000008, 46.742287009459687, 1.722876452316314 ], [ 38.370768636672437, 46.740000000001601, 1.684676452316353 ], [ 38.37353541262928, 46.731767706316532, 1.546976452316358 ], [ 38.374129517686015, 46.729999999999563, 1.517376452316284 ], [ 38.374359571000241, 46.729315496999334, 1.50597645231619 ], [ 38.37554256380281, 46.722771281902169, 1.416876452316274 ], [ 38.376043526335707, 46.719999999997526, 1.379176452316187 ], [ 38.377200412223829, 46.713600206110641, 1.291976452316248 ], [ 38.377851218752767, 46.710000000002765, 1.282276452316182 ], [ 38.378184441000485, 46.708156642998802, 1.240376452316241 ], [ 38.379934967304507, 46.710000000002765, 1.250976452316308 ], [ 38.383555535003325, 46.713812567002606, 1.196676452316296 ], [ 38.385076150389068, 46.717538075192351, 1.173876452316335 ], [ 38.386081017522883, 46.719999999997526, 1.178376452316343 ], [ 38.388438346999465, 46.725775458004136, 1.188976452316183 ], [ 38.389012300063769, 46.729506150035377, 1.2147764523163 ], [ 38.389088277044721, 46.729999999999563, 1.218276452316331 ], [ 38.389333530003569, 46.73159414300244, 1.229276452316299 ], [ 38.389999999999418, 46.731822847441435, 1.218276452316331 ], [ 38.401622181741914, 46.735811090871721, 1.025676452316247 ], [ 38.410000000001673, 46.738686005353884, 0.899976452316196 ], [ 38.413829125498523, 46.740000000001601, 0.880876452316215 ], [ 38.427989128998888, 46.744859117001397, 0.761476452316174 ], [ 38.430000000000291, 46.744793754061902, 0.75207645231626 ], [ 38.439002274037193, 46.744501137016414, 0.709976452316369 ], [ 38.450000000002547, 46.744143658224857, 0.658576452316311 ], [ 38.462527062672962, 46.743736468661155, 0.599976452316241 ], [ 38.470000000001164, 46.743493562396907, 0.599976452316241 ], [ 38.470550977002858, 46.743475653000132, 0.599976452316241 ], [ 38.478581502438828, 46.741418497565974, 0.599976452316241 ], [ 38.492261202867667, 46.737914210036251, 0.673476452316208 ], [ 38.493279959266147, 46.73765323828593, 0.671076452316356 ], [ 38.494233673283816, 46.737408928249351, 0.663476452316218 ], [ 38.495128381167888, 46.73717973363091, 0.656376452316181 ], [ 38.495969394645726, 46.736964293751953, 0.639776452316255 ], [ 38.502278489568198, 46.735348111962594, 0.681876452316374 ], [ 38.507926045895147, 46.733901394522036, 0.719476452316258 ], [ 38.513010928581934, 46.732598815488018, 0.753376452316388 ], [ 38.513438347001284, 46.732489325002462, 0.760976452316299 ], [ 38.519978148631708, 46.729978148634473, 0.88317645231632 ], [ 38.525767881723368, 46.727754986264699, 0.937776452316257 ], [ 38.528598125449207, 46.726668219178464, 0.90877645231626 ], [ 38.531269992405214, 46.725642266166687, 0.881376452316317 ], [ 38.533796414600147, 46.724672161559283, 0.800776452316313 ], [ 38.536882186301227, 46.723487275927255, 0.767476452316259 ], [ 38.53993903792616, 46.72231349512731, 0.688176452316384 ], [ 38.553070509004101, 46.717271226003504, 0.757776452316193 ], [ 38.566742383998644, 46.709947006998846, 0.837476452316196 ], [ 38.58578535199922, 46.695868231001441, 0.961776452316371 ], [ 38.598155144003613, 46.677923895000276, 1.072776452316248 ], [ 38.591644727001039, 46.65924713700042, 1.110976452316208 ], [ 38.575450066000485, 46.653794664000088, 1.065176452316337 ], [ 38.468161521121147, 46.64731570036929, 0.659576452316287 ], [ 38.467624572622299, 46.647283275004156, 0.660976452316163 ], [ 38.467060554366981, 46.647249214955082, 0.662576452316216 ], [ 38.462250195998422, 46.646958725999866, 0.658376452316361 ], [ 38.454268366413089, 46.648536732827779, 0.647176452316216 ], [ 38.409068877257596, 46.657472666842295, 0.603976452316374 ], [ 38.408892259614731, 46.65750758413742, 0.606276452316251 ], [ 38.396285192049618, 46.659999999999854, 0.599976452316241 ], [ 38.391780968857347, 46.660890484428819, 0.599976452316241 ], [ 38.389999999999418, 46.661242581772967, 0.612376452316312 ], [ 38.385889575522015, 46.662055212240375, 0.641076452316383 ], [ 38.366241316409287, 46.665939670896478, 0.718776452316206 ], [ 38.345703474380571, 46.670000000001892, 0.821476452316347 ], [ 38.334449728601612, 46.672224864301825, 0.922276452316282 ], [ 38.33, 46.673104575154866, 0.931076452316347 ], [ 38.326130406676384, 46.673869593325435, 0.938676452316258 ], [ 38.313649936002548, 46.676336980999622, 1.063476452316308 ], [ 38.306895379002526, 46.683172918999844, 1.131076452316165 ], [ 38.301241067647425, 46.690875893233169, 1.187576452316307 ], [ 38.300059895544109, 46.692485026118447, 1.23667645231626 ], [ 38.297178100165183, 46.696410949920391, 1.335076452316343 ], [ 38.290049675000773, 46.70612213700042, 1.414576452316169 ], [ 38.289317254000707, 46.711086330000398, 1.38967645231628 ], [ 38.283638184600932, 46.719999999997526, 1.443176452316266 ], [ 38.280664165307826, 46.724667917345869, 1.673476452316208 ], [ 38.27995853000175, 46.725775458004136, 1.72427645231619 ], [ 38.27469089133956, 46.729999999999563, 1.98277645231633 ], [ 38.272889446401678, 46.731444723205641, 2.056676452316196 ], [ 38.271739129004345, 46.732367254997371, 2.073876452316199 ], [ 38.270000000002256, 46.73165642053209, 2.099976452316241 ], [ 38.265947398280332, 46.729999999999563, 2.140476452316307 ], [ 38.261485222001284, 46.7281761739996, 2.166876452316274 ], [ 38.252875918889913, 46.721437959446121, 2.185576452316354 ], [ 38.251038662358042, 46.719999999997526, 2.176676452316315 ], [ 38.25063377837796, 46.719683110814003, 2.188376452316334 ], [ 38.236261710502731, 46.708434572377882, 2.113876452316163 ], [ 38.230967644001794, 46.704291083002317, 2.049976452316287 ], [ 38.219835296004021, 46.699016470400238, 2.00167645231636 ], [ 38.217797060347948, 46.69805073491807, 2.022076452316242 ], [ 38.213877800002592, 46.696193752002728, 2.051176452316213 ], [ 38.208783088466589, 46.695132353876033, 2.093876452316181 ], [ 38.194346550000773, 46.692124742001397, 2.116976452316294 ], [ 38.155531601536495, 46.69092193358847, 2.190776452316186 ], [ 38.153426842987756, 46.69085671074572, 2.21717645231638 ], [ 38.151600213273923, 46.690800106634924, 2.231976452316303 ], [ 38.149999999999636, 46.690750518782806, 2.222476452316187 ], [ 38.145762566002304, 46.690619208000498, 2.303276452316368 ], [ 38.142411558057574, 46.690000000004147, 2.351776452316244 ], [ 38.125780740001574, 46.686926914004289, 2.499976452316332 ], [ 38.131552775001182, 46.689187756001047, 2.520176452316264 ], [ 38.134054982625457, 46.690000000004147, 2.518876452316363 ], [ 38.149999999999636, 46.695175927270611, 2.355276452316275 ], [ 38.151249956998072, 46.695581677000519, 2.373676452316204 ], [ 38.159047915003612, 46.698298328003148, 2.494176452316196 ], [ 38.163336502289894, 46.700000000000728, 2.566676452316187 ], [ 38.167093981001017, 46.701490933000969, 2.585476452316243 ], [ 38.170000000003711, 46.70283736438796, 2.599976452316241 ], [ 38.185459202324637, 46.710000000002765, 2.445376452316168 ], [ 38.187816038007441, 46.71109198099839, 2.432776452316375 ], [ 38.190000000000509, 46.712103865293102, 2.442076452316314 ], [ 38.204050031999941, 46.718613597000513, 2.501976452316285 ], [ 38.206782471905171, 46.719999999997526, 2.516076452316383 ], [ 38.209999999999127, 46.721632530177885, 2.516276452316333 ], [ 38.216599421002684, 46.724980987004528, 2.516776452316208 ], [ 38.222903621999649, 46.728515820997927, 2.520676452316366 ], [ 38.225374238933, 46.729999999999563, 2.523176452316193 ], [ 38.229131927000708, 46.732257364001271, 2.526876452316174 ], [ 38.230000000001382, 46.732828880682064, 2.528276452316277 ], [ 38.240892166935737, 46.740000000001601, 2.491076452316292 ], [ 38.244823467706738, 46.742588266150051, 2.477676452316246 ], [ 38.25, 46.745996360332356, 2.459976452316369 ], [ 38.256081102503231, 46.750000000003638, 2.43917645231636 ], [ 38.258445154002402, 46.751556430001074, 2.446676452316296 ], [ 38.270000000002256, 46.758793937182418, 2.475876452316243 ], [ 38.271070760272778, 46.759464619863138, 2.478576452316247 ], [ 38.271925506920525, 46.760000000003856, 2.480776452316377 ], [ 38.279948907014841, 46.765025546494144, 2.450776452316177 ], [ 38.28789073597909, 46.770000000000437, 2.510576452316172 ], [ 38.288827053758723, 46.770586473123331, 2.511776452316326 ], [ 38.289789973998268, 46.77118960900043, 2.512976452316252 ], [ 38.289999999999054, 46.771330552865038, 2.513276452316177 ], [ 38.295656787002372, 46.775126698999884, 2.522976452316243 ], [ 38.30128273200171, 46.779257525000503, 2.53617645231634 ], [ 38.302182784336765, 46.780000000002474, 2.539076452316294 ], [ 38.306588760997329, 46.783634597000855, 2.553376452316343 ], [ 38.310000000003129, 46.786866717831799, 2.568676452316367 ], [ 38.31125345700093, 46.788054358003137, 2.567976452316316 ], [ 38.313036082156032, 46.790000000004511, 2.569676452316344 ], [ 38.315522414000952, 46.79271370099741, 2.571876452316246 ], [ 38.315584074305661, 46.79279203715123, 2.572076452316196 ], [ 38.319355888002974, 46.797583927002051, 2.553176452316166 ], [ 38.320950700401227, 46.799999999999272, 2.54527645231633 ], [ 38.322696387000178, 46.80264464100037, 2.536476452316265 ], [ 38.323133561911163, 46.803433219043654, 2.534376452316337 ], [ 38.324736163000125, 46.806323998000153, 2.526276452316324 ], [ 38.326531004144272, 46.81000000000131, 2.517376452316284 ], [ 38.326555025998459, 46.810049199000787, 2.517676452316209 ], [ 38.328818115001923, 46.815333788001226, 2.559276452316226 ], [ 38.33, 46.818770964218857, 2.587676452316373 ], [ 38.330422608230947, 46.820000000003347, 2.595776452316386 ], [ 38.330510351257544, 46.820255175631246, 2.594876452316385 ], [ 38.330637016002584, 46.820623543999318, 2.590576452316327 ], [ 38.331598607999695, 46.824358777999805, 2.548376452316234 ], [ 38.332680160987366, 46.829999999998108, 2.486576452316285 ], [ 38.332964325976718, 46.831482162986504, 2.485176452316182 ], [ 38.33390141900054, 46.83636990299965, 2.480476452316225 ], [ 38.334788093063253, 46.840000000000146, 2.476076452316192 ], [ 38.334809401001621, 46.840087235999817, 2.475976452316218 ], [ 38.335633003891417, 46.842816501944981, 2.471876452316337 ], [ 38.335915476998707, 46.843752565002433, 2.470376452316259 ], [ 38.337265853002464, 46.847321057000954, 2.463676452316349 ], [ 38.338552875549794, 46.850000000002183, 2.457276452316364 ], [ 38.338911139999254, 46.850745729003393, 2.455476452316361 ], [ 38.340907244999471, 46.853976732001684, 2.44547645231637 ], [ 38.343061554676751, 46.856530777336957, 2.434676452316353 ], [ 38.344603175999509, 46.858358449004299, 2.426976452316239 ], [ 38.3464823230006, 46.86000000000422, 2.417576452316325 ], [ 38.349050605002049, 46.862243552999644, 2.427176452316189 ], [ 38.350000000004002, 46.86288504795084, 2.428876452316217 ], [ 38.354113630000938, 46.865664579001532, 2.456676452316287 ], [ 38.361669135998454, 46.869625094001094, 2.496276452316351 ], [ 38.36253275090894, 46.870000000004438, 2.499976452316332 ], [ 38.3700000000008, 46.873241625922674, 2.532376452316385 ], [ 38.376170339002783, 46.875920247002796, 2.528376452316252 ], [ 38.386142830093377, 46.880000000001019, 2.519276452316262 ], [ 38.389297100000476, 46.881290413999523, 2.516376452316308 ], [ 38.389999999999418, 46.881554512394359, 2.515576452316282 ], [ 38.402508834695254, 46.886254417349846, 2.499976452316332 ], [ 38.402887923002709, 46.886396850999517, 2.499576452316205 ], [ 38.409838195002521, 46.888727654002651, 2.488076452316363 ], [ 38.410000000001673, 46.888776396001049, 2.487776452316211 ], [ 38.414061902432877, 46.890000000003056, 2.479676452316198 ], [ 38.416336972002682, 46.890685340002165, 2.481976452316303 ], [ 38.429543745001865, 46.894055188000493, 2.483376452316179 ], [ 38.430000000000291, 46.894144769208651, 2.482876452316304 ], [ 38.442958587000248, 46.896689061004508, 2.468976452316383 ], [ 38.443555670735805, 46.896777835370813, 2.46777645231623 ], [ 38.449729433998073, 46.897695750001731, 2.455276452316184 ], [ 38.450000000002547, 46.897724819480572, 2.454476452316385 ], [ 38.453745526117928, 46.898127236945584, 2.462576452316171 ], [ 38.45964855100101, 46.898761455004205, 2.475276452316166 ], [ 38.470000000001164, 46.899381164934312, 2.487576452316262 ], [ 38.476297480003268, 46.899758176001342, 2.495176452316173 ], [ 38.488769372132083, 46.899999999997817, 2.499976452316332 ], [ 38.49000000000342, 46.900023861284353, 2.500276452316257 ], [ 38.490049647863998, 46.900024823935382, 2.500276452316257 ], [ 38.499726735002696, 46.900212458003807, 2.50207645231626 ], [ 38.510000000000218, 46.900178106305248, 2.501776452316335 ], [ 38.510353846228099, 46.900176923114486, 2.501776452316335 ], [ 38.530000000004293, 46.900111230386756, 2.501076452316283 ], [ 38.530220982933315, 46.900110491469604, 2.501076452316283 ], [ 38.550000000001091, 46.900044354473721, 2.500476452316207 ], [ 38.550022570001602, 46.900044279002032, 2.500476452316207 ], [ 38.550089465092242, 46.90004473254703, 2.500476452316207 ], [ 38.569999999999709, 46.900179724712871, 2.501776452316335 ], [ 38.570364390514442, 46.900182195255184, 2.501776452316335 ], [ 38.576793469002951, 46.900225784000213, 2.50227645231621 ], [ 38.590000000001965, 46.900629768986619, 2.506276452316342 ], [ 38.590133738000077, 46.900633859999289, 2.506376452316317 ], [ 38.591408397443956, 46.900704198722451, 2.507076452316369 ], [ 38.600102592999974, 46.90118396500111, 2.511876452316301 ], [ 38.610000000000582, 46.902031347803131, 2.520276452316239 ], [ 38.610024612000416, 46.902033455000492, 2.520376452316214 ], [ 38.615311288531302, 46.902655644267725, 2.526576452316249 ], [ 38.616807326003254, 46.902831713001433, 2.522576452316343 ], [ 38.630000000002838, 46.904800131982483, 2.495976452316199 ], [ 38.63028529800431, 46.904842700001609, 2.495476452316325 ], [ 38.644965465127825, 46.907482732563949, 2.474876452316266 ], [ 38.650000000001455, 46.908388126614227, 2.483876452316281 ], [ 38.650262873999964, 46.908435401002862, 2.484376452316383 ], [ 38.65804497272984, 46.909999999999854, 2.499976452316332 ], [ 38.662956273003147, 46.91098742199938, 2.509876452316348 ], [ 38.669185670001752, 46.912455482997757, 2.524576452316296 ], [ 38.670000000003711, 46.912679299484807, 2.526776452316199 ], [ 38.67602445400189, 46.914335105002465, 2.513276452316177 ], [ 38.683482197384365, 46.916741098693819, 2.499976452316332 ], [ 38.689292520999516, 46.918615607002721, 2.489676452316189 ], [ 38.690000000002328, 46.918873409296793, 2.488776452316188 ], [ 38.693091668628767, 46.920000000001892, 2.499976452316332 ], [ 38.697844782003813, 46.921732013997826, 2.51727645231631 ], [ 38.702469483700042, 46.923765258150524, 2.537676452316191 ], [ 38.705966241002898, 46.925302603000091, 2.520176452316264 ], [ 38.709828329003358, 46.927354803003254, 2.500876452316334 ], [ 38.709999999999127, 46.927456061053817, 2.499976452316332 ], [ 38.714312946351129, 46.930000000003929, 2.499976452316332 ], [ 38.730000000001382, 46.93925281779957, 2.499976452316332 ], [ 38.730685590260691, 46.939657204871764, 2.496576452316276 ], [ 38.731092838001132, 46.939897415000814, 2.498976452316356 ], [ 38.731252882447734, 46.93999999999869, 2.499976452316332 ], [ 38.735696415515122, 46.942848207758288, 2.499976452316332 ], [ 38.742675850000523, 46.947321873003602, 2.509876452316348 ], [ 38.746518847849075, 46.950000000000728, 2.517376452316284 ], [ 38.747973103094409, 46.95101344845898, 2.510176452316273 ], [ 38.748278127002777, 46.951226015000429, 2.5122764523162 ], [ 38.75, 46.952526006245535, 2.525276452316348 ], [ 38.753662280003482, 46.955290978999983, 2.534576452316287 ], [ 38.758747205001782, 46.959550875004425, 2.55177645231629 ], [ 38.759215799573212, 46.960000000002765, 2.553876452316217 ], [ 38.763439293999909, 46.964048013003776, 2.532776452316284 ], [ 38.767661051266259, 46.968830525636804, 2.511676452316351 ], [ 38.768693403357247, 46.969999999997526, 2.506576452316267 ], [ 38.769086404003247, 46.970445201000985, 2.504576452316314 ], [ 38.770000000002256, 46.971536922092127, 2.499976452316332 ], [ 38.774494874000084, 46.976908168000591, 2.499976452316332 ], [ 38.777292623683024, 46.979999999999563, 2.499976452316332 ], [ 38.778687993000858, 46.981542042003639, 2.499976452316332 ], [ 38.783994637200522, 46.986997318599606, 2.499976452316332 ], [ 38.786915508680977, 46.990000000001601, 2.515376452316332 ], [ 38.790000000000873, 46.993170884026767, 2.499976452316332 ], [ 38.792803410004126, 46.996052814, 2.485976452316208 ], [ 38.797453196297283, 47.000000000003638, 2.462776452316348 ], [ 38.798731660001067, 47.001085283003704, 2.46717645231638 ], [ 38.803156248002779, 47.003866688002745, 2.472876452316314 ], [ 38.807926354003939, 47.006255932001295, 2.472976452316288 ], [ 38.810000000003129, 47.007133727282053, 2.471376452316235 ], [ 38.81294232700202, 47.008379244000025, 2.483776452316306 ], [ 38.817213381060355, 47.009999999998399, 2.499976452316332 ], [ 38.82448284667953, 47.012758576662236, 2.527576452316225 ], [ 38.828559127003246, 47.014305421000245, 2.507176452316344 ], [ 38.830000000001746, 47.014901688553437, 2.499976452316332 ], [ 38.836332787999709, 47.017522347003251, 2.499976452316332 ], [ 38.842854791026184, 47.020000000000437, 2.499976452316332 ], [ 38.850000000004002, 47.022714403592545, 2.527176452316326 ], [ 38.85289492299853, 47.023814160003894, 2.523676452316295 ], [ 38.859190773999217, 47.02643435200298, 2.518376452316261 ], [ 38.865414521003913, 47.029275449000124, 2.515676452316256 ], [ 38.866864096416975, 47.030000000002474, 2.515676452316256 ], [ 38.868432304292583, 47.030783847856583, 2.507876452316168 ], [ 38.870000000002619, 47.031567439717037, 2.515676452316256 ], [ 38.871486354004446, 47.032310374002918, 2.515676452316256 ], [ 38.877313488001164, 47.035519434000889, 2.518676452316186 ], [ 38.882785327999954, 47.038889785002539, 2.524976452316196 ], [ 38.884354596306366, 47.040000000004511, 2.528276452316277 ], [ 38.88669228980325, 47.041653855101686, 2.516576452316258 ], [ 38.887768007001796, 47.042414896000992, 2.524176452316169 ], [ 38.889999999999418, 47.044311308885881, 2.5430764523162 ], [ 38.892098177002481, 47.046094025003185, 2.550476452316161 ], [ 38.895575991999067, 47.049931682999159, 2.571476452316347 ], [ 38.89561660788786, 47.049999999999272, 2.571876452316246 ], [ 38.89795724799842, 47.05393701900357, 2.560176452316227 ], [ 38.897972448272412, 47.053986224136679, 2.560176452316227 ], [ 38.898814415004381, 47.056711772998824, 2.555976452316372 ], [ 38.899061688000074, 47.059497656004169, 2.554676452316244 ], [ 38.89899550642258, 47.06000000000131, 2.554976452316168 ], [ 38.898702490001597, 47.062224109000454, 2.556476452316247 ], [ 38.898029740432321, 47.064014870215033, 2.559876452316303 ], [ 38.897727609000867, 47.064819100000022, 2.561376452316381 ], [ 38.895147304001512, 47.068322699004057, 2.574276452316326 ], [ 38.893086636839143, 47.070000000003347, 2.584576452316242 ], [ 38.891423724997367, 47.071353544000885, 2.579376452316183 ], [ 38.889999999999418, 47.072127317256673, 2.578776452316333 ], [ 38.886778370000684, 47.073878225002773, 2.561176452316204 ], [ 38.881469337098679, 47.075734668551377, 2.5426764523163 ], [ 38.879415740002514, 47.076452763003545, 2.535476452316288 ], [ 38.871127664000596, 47.078309121003258, 2.516876452316183 ], [ 38.870000000002619, 47.078483405020961, 2.515176452316382 ], [ 38.862239291003789, 47.079682847001095, 2.503176452316211 ], [ 38.859374201241735, 47.079999999998108, 2.499976452316332 ], [ 38.851699182514494, 47.080849591258811, 2.499976452316332 ], [ 38.850000000004002, 47.081037683383329, 2.499976452316332 ], [ 38.835324414074421, 47.082662207034446, 2.499976452316332 ], [ 38.830000000001746, 47.08325159656124, 2.499976452316332 ], [ 38.825049296001453, 47.08379961799983, 2.499976452316332 ], [ 38.819376498528072, 47.084688249266037, 2.499976452316332 ], [ 38.816159149004307, 47.085192239999742, 2.499976452316332 ], [ 38.810000000003129, 47.086358882848799, 2.499976452316332 ], [ 38.807545764000679, 47.086823755003934, 2.5122764523162 ], [ 38.804567383611356, 47.087283691807897, 2.527176452316326 ], [ 38.801650694000273, 47.087734102002287, 2.522676452316318 ], [ 38.795583480003188, 47.088449810004022, 2.515476452316307 ], [ 38.790000000000873, 47.088945674478964, 2.510576452316172 ], [ 38.789377401004458, 47.089000967001994, 2.509976452316323 ], [ 38.788149080766743, 47.089074540383081, 2.509276452316271 ], [ 38.779868649004129, 47.089570517997345, 2.504276452316162 ], [ 38.770188301999951, 47.089881473002606, 2.501176452316258 ], [ 38.770000000002256, 47.089882415833927, 2.501176452316258 ], [ 38.769767163303186, 47.089883581653339, 2.501176452316258 ], [ 38.757118447001631, 47.089946914002212, 2.500576452316182 ], [ 38.75, 47.089739737479249, 2.502576452316362 ], [ 38.749447303398483, 47.089723651703025, 2.502776452316311 ], [ 38.740673727003013, 47.089468304000548, 2.505276452316366 ], [ 38.730817037003362, 47.088827584004321, 2.511676452316351 ], [ 38.730000000001382, 47.088751104827679, 2.512476452316378 ], [ 38.726926889370588, 47.088463444688387, 2.515376452316332 ], [ 38.724271494000277, 47.088214885001435, 2.517876452316386 ], [ 38.71775849199912, 47.087421976000769, 2.525776452316222 ], [ 38.711289016000592, 47.08641412399993, 2.535876452316188 ], [ 38.709999999999127, 47.0861625972193, 2.538376452316243 ], [ 38.70411426100145, 47.085014108002724, 2.520476452316188 ], [ 38.696566774349776, 47.08328338717547, 2.499976452316332 ], [ 38.690000000002328, 47.081777554352811, 2.499976452316332 ], [ 38.682248277404142, 47.079999999998108, 2.499976452316332 ], [ 38.68029236500297, 47.079551488001016, 2.504476452316339 ], [ 38.673981512021783, 47.078009243989072, 2.519876452316339 ], [ 38.670747372003461, 47.077218886000992, 2.527776452316175 ], [ 38.670000000003711, 47.077014059743306, 2.52987645231633 ], [ 38.656784249815246, 47.073392124906604, 2.499976452316332 ], [ 38.650000000001455, 47.071532819883942, 2.484676452316307 ], [ 38.6480197711644, 47.070990114423694, 2.4801764523163 ], [ 38.644407032270465, 47.070000000003347, 2.472076452316287 ], [ 38.642951420000827, 47.069601072000296, 2.472776452316339 ], [ 38.630000000002838, 47.066570643395607, 2.468576452316256 ], [ 38.629734754002129, 47.066508580001027, 2.468476452316281 ], [ 38.619077746267067, 47.064538873131823, 2.45457645231636 ], [ 38.616413860001558, 47.064046514000438, 2.459576452316242 ], [ 38.610000000000582, 47.063167256452289, 2.468376452316306 ], [ 38.609716965002008, 47.063128456004051, 2.468676452316231 ], [ 38.599932399001773, 47.062236346000645, 2.477676452316246 ], [ 38.593961297634451, 47.061980648817553, 2.4801764523163 ], [ 38.590122917999906, 47.06181628000013, 2.481876452316328 ], [ 38.590000000001965, 47.061817124267691, 2.481876452316328 ], [ 38.577048510001987, 47.061906082004498, 2.480976452316327 ], [ 38.574097199962125, 47.06204859997888, 2.479476452316248 ], [ 38.57052981599918, 47.062220868003351, 2.47777645231622 ], [ 38.569999999999709, 47.062264074604172, 2.477376452316321 ], [ 38.556697751289903, 47.063348875642987, 2.532976452316234 ], [ 38.550000000001091, 47.063895078599671, 2.522076452316242 ], [ 38.539502331175754, 47.064751165589769, 2.504976452316214 ], [ 38.530000000004293, 47.06552608259517, 2.489476452316239 ], [ 38.52533587400103, 47.065906443000131, 2.481876452316328 ], [ 38.522427465291912, 47.066213732647157, 2.475676452316293 ], [ 38.510000000000218, 47.06752676385986, 2.524776452316246 ], [ 38.505916431429796, 47.067958215713588, 2.520376452316214 ], [ 38.499748918004116, 47.068609848000051, 2.513876452316254 ], [ 38.49000000000342, 47.0694478444384, 2.505476452316316 ], [ 38.489057687305831, 47.069528843650914, 2.504676452316289 ], [ 38.483576441318291, 47.070000000003347, 2.499976452316332 ], [ 38.471991614569561, 47.070995807287545, 2.480076452316325 ], [ 38.470280850000563, 47.071142860999316, 2.487176452316362 ], [ 38.470000000001164, 47.071172118972754, 2.488276452316313 ], [ 38.467038783815951, 47.071480608097772, 2.485176452316182 ], [ 38.460498701000688, 47.072161931004302, 2.478376452316297 ], [ 38.450775770998007, 47.073432241999399, 2.465676452316302 ], [ 38.450000000002547, 47.073556544237363, 2.464476452316376 ], [ 38.44024059777621, 47.075120298888578, 2.497576452316252 ], [ 38.430000000000291, 47.07676115578397, 2.532376452316385 ], [ 38.429181603003599, 47.076892288003364, 2.531076452316256 ], [ 38.42482944004405, 47.077414720024535, 2.525876452316197 ], [ 38.419436796000809, 47.078062051001325, 2.519376452316237 ], [ 38.410000000001673, 47.078869251428841, 2.511276452316224 ], [ 38.40961672299818, 47.078902036004365, 2.510976452316299 ], [ 38.390276927584637, 47.079861536209137, 2.501376452316208 ], [ 38.389999999999418, 47.07987527534533, 2.501276452316233 ], [ 38.389829325002211, 47.0798837429993, 2.501176452316258 ], [ 38.38976952759549, 47.079884763796144, 2.501176452316258 ], [ 38.383019091925235, 47.079999999998108, 2.499976452316332 ], [ 38.370429821081416, 47.080214910542054, 2.497876452316177 ], [ 38.3700000000008, 47.080222247988786, 2.497776452316202 ], [ 38.369944876003501, 47.080223189002936, 2.497776452316202 ], [ 38.350060993003353, 47.080029828999614, 2.49967645231618 ], [ 38.350059551299637, 47.080029775652292, 2.49967645231618 ], [ 38.350000000004002, 47.080027571906612, 2.49967645231618 ], [ 38.349254928903974, 47.079999999998108, 2.499976452316332 ], [ 38.336854718003451, 47.079541121003786, 2.504576452316314 ], [ 38.33, 47.079031852150365, 2.509676452316171 ], [ 38.32046991700372, 47.078323817999262, 2.516776452316208 ], [ 38.314762089639771, 47.077618955179787, 2.52377645231627 ], [ 38.310743935000573, 47.077122750999479, 2.528776452316379 ], [ 38.310000000003129, 47.076993055035928, 2.53007645231628 ], [ 38.300766675907653, 47.075383337953099, 2.499976452316332 ], [ 38.289999999999054, 47.073506299746441, 2.46497645231625 ], [ 38.270060014503542, 47.070030007251262, 2.49967645231618 ], [ 38.270000000002256, 47.070019544458773, 2.499776452316382 ], [ 38.269971016814452, 47.070014491593611, 2.49967645231618 ], [ 38.269887893160558, 47.070000000003347, 2.499976452316332 ], [ 38.263569027003541, 47.068898383000487, 2.510976452316299 ], [ 38.250838961999762, 47.066164388998004, 2.538376452316243 ], [ 38.25, 47.065936194692767, 2.540676452316347 ], [ 38.243807240998649, 47.064251789000991, 2.526476452316274 ], [ 38.236825096002576, 47.062105087003147, 2.513076452316227 ], [ 38.230709815185037, 47.06000000000131, 2.503576452316338 ], [ 38.230289425069714, 47.059855287467144, 2.502876452316286 ], [ 38.230000000001382, 47.059755657546702, 2.502476452316387 ], [ 38.228431350182291, 47.059215675095402, 2.507876452316168 ], [ 38.217100321999169, 47.055315150997558, 2.529176452316278 ], [ 38.209999999999127, 47.052571375183106, 2.548576452316183 ], [ 38.207099177783675, 47.051450411112455, 2.541976452316248 ], [ 38.205635812004402, 47.050884923002741, 2.538676452316167 ], [ 38.203510522707802, 47.049999999999272, 2.535076452316162 ], [ 38.196138822608191, 47.04693058869816, 2.492076452316269 ], [ 38.190000000000509, 47.044374520059137, 2.512476452316378 ], [ 38.179820196004584, 47.040135877001376, 2.495476452316325 ], [ 38.179473309361128, 47.040000000004511, 2.494776452316273 ], [ 38.174161397631906, 47.037919301186776, 2.462376452316221 ], [ 38.170000000003711, 47.036289263727667, 2.474176452316215 ], [ 38.169187495001097, 47.035971001998405, 2.476476452316319 ], [ 38.156393720004417, 47.031498603002547, 2.501976452316285 ], [ 38.151651614045477, 47.030000000002474, 2.508276452316295 ], [ 38.149999999999636, 47.029478055996151, 2.510476452316198 ], [ 38.144698613999935, 47.027802709000753, 2.490976452316318 ], [ 38.139427104004426, 47.026285837004252, 2.468576452316256 ], [ 38.138096303815473, 47.025951848097975, 2.461876452316346 ], [ 38.130000000002838, 47.023919930983539, 2.482376452316203 ], [ 38.129808745003174, 47.023871932002294, 2.481976452316303 ], [ 38.119754161003584, 47.021846400000868, 2.442176452316289 ], [ 38.11146082436062, 47.020730412183184, 2.392676452316209 ], [ 38.109999999998763, 47.020533837234325, 2.378676452316313 ], [ 38.109650410999166, 47.020486795003308, 2.382276452316319 ], [ 38.10909749325765, 47.020451253374631, 2.386476452316174 ], [ 38.103235086002314, 47.020074417001524, 2.397776452316293 ], [ 38.096812046003834, 47.020020846000989, 2.399376452316346 ], [ 38.090395319000891, 47.020324389000962, 2.390276452316357 ], [ 38.090000000001965, 47.020362798321003, 2.389076452316203 ], [ 38.085529011001199, 47.020797201003006, 2.398476452316345 ], [ 38.078261675000249, 47.021879665004235, 2.4022764523163 ], [ 38.075088316572874, 47.022544158291566, 2.398276452316168 ], [ 38.071047577001082, 47.023390279004161, 2.421676452316206 ], [ 38.06999999999789, 47.023670104968915, 2.42657645231634 ], [ 38.064038069000162, 47.02526263999971, 2.454376452316183 ], [ 38.05707511500259, 47.027432073004093, 2.4805764523162 ], [ 38.05041438538683, 47.029792807308695, 2.499976452316332 ], [ 38.050000000001091, 47.029939676171125, 2.501176452316258 ], [ 38.049929398401218, 47.029964699202537, 2.501076452316283 ], [ 38.049829798419523, 47.030000000002474, 2.500876452316334 ], [ 38.030000000004293, 47.037028191813079, 2.52967645231638 ], [ 38.029283937003129, 47.037281982999048, 2.530776452316331 ], [ 38.026446713496625, 47.038223356747039, 2.535576452316263 ], [ 38.021092055982081, 47.040000000004511, 2.544576452316278 ], [ 38.016288458002236, 47.041593805004595, 2.536676452316215 ], [ 38.014365815928613, 47.042182907962342, 2.534476452316312 ], [ 38.010000000000218, 47.043520606281163, 2.529576452316178 ], [ 38.003164322997691, 47.045615077000548, 2.521876452316292 ], [ 37.992972429407018, 47.048513785297473, 2.51487645231623 ], [ 37.99000000000342, 47.049359183232809, 2.512776452316302 ], [ 37.989183062154552, 47.049591531078477, 2.50817645231632 ], [ 37.987746880457053, 47.049999999999272, 2.511276452316224 ], [ 37.98332842399941, 47.051256667004054, 2.50817645231632 ], [ 37.976235593774618, 47.053117796885999, 2.506476452316292 ], [ 37.969999999999345, 47.054753991402322, 2.504876452316239 ], [ 37.956728896999266, 47.058236275002855, 2.50167645231636 ], [ 37.950569081029244, 47.059715459488871, 2.502876452316286 ], [ 37.950000000002547, 47.059852115486137, 2.502976452316261 ], [ 37.949800192385737, 47.059900096193815, 2.502976452316261 ], [ 37.949384159723195, 47.06000000000131, 2.503076452316236 ], [ 37.936289135061088, 47.063144567529889, 2.474176452316215 ], [ 37.929999999998472, 47.064654805993996, 2.506876452316192 ], [ 37.929879505003555, 47.064683740998589, 2.506976452316167 ], [ 37.922562078632836, 47.066281039313253, 2.511576452316376 ], [ 37.916509770002449, 47.06760217900046, 2.515376452316332 ], [ 37.910000000001673, 47.068867732308718, 2.522676452316318 ], [ 37.909799361999831, 47.068906738000805, 2.522876452316268 ], [ 37.908304338901871, 47.069152169449808, 2.525476452316298 ], [ 37.903139857096903, 47.070000000003347, 2.534276452316362 ], [ 37.89654578000227, 47.07108252100079, 2.534776452316237 ], [ 37.889999999997599, 47.071945071100345, 2.541676452316324 ], [ 37.889895798001817, 47.071958802000154, 2.541276452316197 ], [ 37.876744438999594, 47.073269991002235, 2.50187645231631 ], [ 37.876566239796375, 47.073283119902044, 2.501476452316183 ], [ 37.8700000000008, 47.073766890174738, 2.524676452316271 ], [ 37.869958237997707, 47.07376996700259, 2.524576452316296 ], [ 37.861685979452886, 47.074157010274575, 2.516876452316183 ], [ 37.86007277599856, 47.074232488999769, 2.515376452316332 ], [ 37.850186781004595, 47.074398895003469, 2.511976452316276 ], [ 37.850000000004002, 47.074396886549948, 2.512076452316251 ], [ 37.840317073001643, 47.074292766001236, 2.514176452316178 ], [ 37.838436614698367, 47.074218307348929, 2.515676452316256 ], [ 37.83, 47.073884251049094, 2.483476452316381 ], [ 37.825373043000582, 47.073701041999811, 2.512076452316251 ], [ 37.822916609795357, 47.073541695104723, 2.529176452316278 ], [ 37.810000000003129, 47.072703804753473, 2.472976452316288 ], [ 37.808452259001569, 47.07260340400353, 2.473976452316265 ], [ 37.79628375700122, 47.072047941002893, 2.479476452316248 ], [ 37.794020303919751, 47.072010151963696, 2.479876452316375 ], [ 37.790000000004511, 47.071943031756746, 2.4805764523162 ], [ 37.786239501829186, 47.0718802490901, 2.481176452316276 ], [ 37.77457142700041, 47.071685447002892, 2.483176452316229 ], [ 37.770000000002256, 47.07173638999484, 2.482676452316355 ], [ 37.757540495000285, 47.071875236004416, 2.481276452316251 ], [ 37.754014380157969, 47.072007190075965, 2.47997645231635 ], [ 37.749999999998181, 47.07215741599066, 2.456876452316237 ], [ 37.742374179999388, 47.07244278899816, 2.48927645231629 ], [ 37.735816572216208, 47.07290828611076, 2.512776452316302 ], [ 37.730352848000621, 47.073296133003169, 2.438676452316258 ], [ 37.730000000001382, 47.07333523485795, 2.43327645231625 ], [ 37.723142331004055, 47.074095187001149, 2.498076452316354 ], [ 37.721805409004446, 47.074458377002884, 2.499976452316332 ], [ 37.730000000001382, 47.074667897657491, 2.366576452316167 ], [ 37.739838921655974, 47.074919460830642, 2.45237645231623 ], [ 37.749999999998181, 47.075179260953519, 2.39637645231619 ], [ 37.753265821003879, 47.075262762002239, 2.411076452316365 ], [ 37.767411566243027, 47.078705783118494, 2.412976452316343 ], [ 37.770000000002256, 47.07933579814744, 2.406676452316333 ], [ 37.770893469487419, 47.079553265259165, 2.404476452316203 ], [ 37.772728891237421, 47.079999999998108, 2.399976452316196 ], [ 37.778656400307227, 47.081442733386211, 2.327876452316332 ], [ 37.845352745029231, 47.097676372517526, 1.669676452316253 ], [ 37.850000000004002, 47.098807496873633, 1.647676452316318 ], [ 37.854899431298691, 47.100000000002183, 1.648976452316219 ], [ 37.856024517301194, 47.100273841697344, 1.556176452316322 ], [ 37.861094597001284, 47.101507880001009, 1.582076452316187 ], [ 37.867358803870957, 47.100789036539936, 1.473776452316315 ], [ 37.872949537637396, 47.100147476885468, 1.773476452316345 ], [ 37.874234693228573, 47.100000000002183, 1.799976452316287 ], [ 37.887057142572303, 47.098528571286806, 1.829476452316385 ], [ 37.889999999997599, 47.098190866308869, 1.854276452316299 ], [ 37.903323809021458, 47.096661904515713, 1.83347645231629 ], [ 37.910000000001673, 47.095895784181266, 1.823176452316375 ], [ 37.919590475477889, 47.094795237739163, 1.808176452316275 ], [ 37.929999999998472, 47.093600702057302, 1.72797645231617 ], [ 37.946610943950873, 47.091694528022344, 1.6830764523163 ], [ 37.950450066002304, 47.091253973003404, 1.650476452316298 ], [ 37.959834762257742, 47.095027539624425, 1.401076452316374 ], [ 37.962087436002548, 47.095933335000154, 1.360476452316334 ], [ 37.98764082100206, 47.091945705004036, 1.184676452316353 ], [ 37.992536246318195, 47.090634061578385, 1.161976452316367 ], [ 37.993022565409774, 47.090503760904539, 1.189876452316184 ], [ 37.994902743981584, 47.090000000000146, 1.199976452316378 ], [ 38.004732550960398, 47.087366275476597, 1.305376452316295 ], [ 38.010000000000218, 47.085954954816771, 1.321376452316372 ], [ 38.017754529211743, 47.083877264607509, 1.383676452316195 ], [ 38.026215040003081, 47.081610418999844, 1.451676452316178 ], [ 38.030000000004293, 47.082745907047865, 1.417576452316325 ], [ 38.035166862999176, 47.084295966003992, 1.371076452316174 ], [ 38.049013296922567, 47.090000000000146, 1.199976452316378 ], [ 38.050000000001091, 47.090406472019822, 1.191876452316365 ], [ 38.054616360353975, 47.092308180179316, 1.153876452316354 ], [ 38.061045768999975, 47.094956772998557, 1.106476452316201 ], [ 38.066579623004145, 47.098089911003626, 1.040176452316246 ], [ 38.06999999999789, 47.099267417512237, 1.021976452316267 ], [ 38.071543815998666, 47.099798895003914, 1.013776452316279 ], [ 38.080103523823709, 47.095051761909417, 1.198976452316174 ], [ 38.089212517626947, 47.090000000000146, 1.299976452316287 ], [ 38.089585876921774, 47.089792938459141, 1.304176452316369 ], [ 38.090000000001965, 47.089563269712016, 1.304376452316319 ], [ 38.099068230023477, 47.084534115008864, 1.263976452316228 ], [ 38.104340040001262, 47.081610418999844, 1.240476452316216 ], [ 38.109999999998763, 47.080079005743755, 1.199176452316351 ], [ 38.110760380084685, 47.07987326998591, 1.207576452316289 ], [ 38.13005618599891, 47.074652410999988, 1.434976452316278 ], [ 38.130253530636764, 47.064809852026883, 1.605076452316325 ], [ 38.130381707000197, 47.058417059004569, 1.565676452316211 ], [ 38.1273218862043, 47.05401717069617, 1.459876452316166 ], [ 38.126772632322172, 47.053227367679938, 1.451576452316203 ], [ 38.125939959309108, 47.052030020346137, 1.439076452316385 ], [ 38.124528219275817, 47.049999999999272, 1.445276452316193 ], [ 38.121611355623827, 47.045805677813405, 1.541976452316248 ], [ 38.117573904564779, 47.040000000004511, 1.713576452316374 ], [ 38.110949877045641, 47.030474938525003, 1.995276452316375 ], [ 38.110619589848284, 47.030000000002474, 2.009276452316271 ], [ 38.109999999998763, 47.029109056937159, 2.035676452316238 ], [ 38.108083529999931, 47.026353257002484, 2.155476452316179 ], [ 38.109999999998763, 47.026987517323505, 2.120476452316325 ], [ 38.119102465478136, 47.030000000002474, 2.136576452316376 ], [ 38.130000000002838, 47.033606565064474, 2.155776452316331 ], [ 38.137694105031187, 47.036152947490336, 2.13077645231624 ], [ 38.142263217003347, 47.037665106001441, 2.153976452316329 ], [ 38.144697078223544, 47.040000000004511, 2.120476452316325 ], [ 38.14651397194757, 47.041743014029635, 2.077976452316307 ], [ 38.149999999999636, 47.045087290985975, 2.098276452316213 ], [ 38.155120939953122, 47.049999999999272, 2.051176452316213 ], [ 38.160695208873221, 47.055347604442431, 1.946476452316347 ], [ 38.170000000003711, 47.064274038197254, 1.857276452316228 ], [ 38.173923672455203, 47.068038163773963, 1.878476452316363 ], [ 38.175968663412277, 47.070000000003347, 1.859676452316307 ], [ 38.18246570014162, 47.076232850071392, 1.737676452316236 ], [ 38.190000000000509, 47.08346078541399, 1.665376452316195 ], [ 38.196299675000773, 47.089504299001419, 1.636476452316174 ], [ 38.19703580582609, 47.090000000000146, 1.635176452316273 ], [ 38.209999999999127, 47.098729921066479, 1.612676452316236 ], [ 38.211886105245867, 47.100000000002183, 1.618876452316272 ], [ 38.216481967001528, 47.103094794001663, 1.602876452316195 ], [ 38.216644727002858, 47.103257554002994, 1.60127645231637 ], [ 38.217006089216738, 47.103503044605532, 1.599976452316241 ], [ 38.224131707000197, 47.108343817002606, 1.574476452316276 ], [ 38.229315127160589, 47.109657563583824, 1.599976452316241 ], [ 38.230000000001382, 47.109831145759017, 1.603376452316297 ], [ 38.230224107597678, 47.109887946206072, 1.603376452316297 ], [ 38.230666218667466, 47.11000000000422, 1.599976452316241 ], [ 38.25, 47.114900179476535, 1.452976452316307 ], [ 38.256768609886421, 47.116615695062137, 1.435376452316177 ], [ 38.265391472001284, 47.118801173997781, 1.412876452316368 ], [ 38.270000000002256, 47.119218872341662, 1.423476452316208 ], [ 38.271322519662135, 47.119338740169042, 1.426476452316365 ], [ 38.278618297850699, 47.119999999998981, 1.486176452316386 ], [ 38.292519985494437, 47.121259992749401, 1.587376452316221 ], [ 38.310000000003129, 47.122844310570144, 1.643076452316336 ], [ 38.322115228280381, 47.123942385862392, 1.681776452316171 ], [ 38.33, 47.124657029686205, 1.753476452316363 ], [ 38.341376254826173, 47.125688127413014, 1.799976452316287 ], [ 38.350000000004002, 47.126469748796808, 1.835276452316293 ], [ 38.355977034025273, 47.127011482991293, 1.829876452316284 ], [ 38.3700000000008, 47.128282467914687, 1.899976452316196 ], [ 38.388949787333331, 47.130000000001019, 1.899976452316196 ], [ 38.390597293002429, 47.130149323254955, 1.892576452316234 ], [ 38.414660658820139, 47.132330329410252, 1.783476452316336 ], [ 38.427907748000507, 47.133530991999578, 1.614976452316341 ], [ 38.430000000000291, 47.134201481994751, 1.573976452316174 ], [ 38.448094171462799, 47.140000000003056, 1.490476452316216 ], [ 38.448985221999465, 47.140285549001419, 1.487976452316161 ], [ 38.452660554283284, 47.145229358684446, 1.386976452316276 ], [ 38.452865155502877, 47.145504574469669, 1.378876452316263 ], [ 38.458181186002548, 47.152655341000354, 1.370476452316325 ], [ 38.462657097001284, 47.161810614001297, 1.361576452316285 ], [ 38.463795798230421, 47.162623351137881, 1.360176452316182 ], [ 38.47331790500175, 47.169419664003726, 1.085976452316345 ], [ 38.485524936000729, 47.174627996999334, 0.929376452316319 ], [ 38.494883659999687, 47.176581122001153, 0.922576452316207 ], [ 38.500498893998156, 47.18158600499919, 0.705476452316361 ], [ 38.504046266139994, 47.187163780650735, 0.434076452316276 ], [ 38.51257171112411, 47.200568920441583, 1.185876452316279 ], [ 38.51874463131935, 47.210275024734074, 1.16547645231617 ], [ 38.556967713166159, 47.215333962036311, 1.142976452316361 ], [ 38.550791863000995, 47.209295966000354, 1.156476452316383 ], [ 38.548378679179223, 47.206003906661863, 1.163476452316218 ], [ 38.539141806324551, 47.19340298779025, 0.469176452316333 ], [ 38.531016471997646, 47.182318427003338, 0.996876452316201 ], [ 38.522471550004411, 47.176581122001153, 1.222876452316314 ], [ 38.51378308816129, 47.1732267156749, 1.31477645231621 ], [ 38.509613477002858, 47.171616928999356, 1.318976452316292 ], [ 38.499620044331095, 47.156760381045387, 1.335576452316218 ], [ 38.499067263026518, 47.155938599164074, 1.360176452316182 ], [ 38.495728299334587, 47.1509747918426, 1.463376452316197 ], [ 38.494395379000707, 47.148993231001441, 1.400776452316222 ], [ 38.478037957000197, 47.14248281500295, 1.31477645231621 ], [ 38.478426817209765, 47.14210670430657, 1.296476452316256 ], [ 38.480604935182782, 47.140000000003056, 1.193976452316292 ], [ 38.483806605279824, 47.136903302636711, 1.22387645231629 ], [ 38.49000000000342, 47.130912969938436, 1.372576452316252 ], [ 38.490943918053745, 47.130000000001019, 1.390576452316282 ], [ 38.4919540759347, 47.129022962035378, 1.399976452316196 ], [ 38.492930534997868, 47.12807851800244, 1.409076452316185 ], [ 38.496407005124638, 47.126796497441319, 1.399976452316196 ], [ 38.510000000000218, 47.12178379825491, 1.36427645231629 ], [ 38.514837146547507, 47.119999999998981, 1.375776452316359 ], [ 38.517425977002858, 47.119045314999312, 1.391476452316283 ], [ 38.525569893759894, 47.11778494688042, 1.388576452316329 ], [ 38.530000000004293, 47.117099335175226, 1.386976452316276 ], [ 38.538401925847211, 47.115799037079341, 1.426076452316238 ], [ 38.544769727001039, 47.114813544003482, 1.462876452316323 ], [ 38.554974102386041, 47.114974102381893, 1.475676452316293 ], [ 38.56010981822692, 47.115054909114406, 1.448376452316325 ], [ 38.568044467001528, 47.115179755002828, 1.444576452316369 ], [ 38.568044467001528, 47.119022233504438, 1.329376452316183 ], [ 38.568044467001528, 47.122015692004425, 1.269476452316212 ], [ 38.563973086618716, 47.123973086620026, 1.250676452316384 ], [ 38.561696811004367, 47.125067450002462, 1.217676452316255 ], [ 38.559359467339164, 47.127339866834518, 1.153176452316302 ], [ 38.558767123004145, 47.127915757002484, 1.148876452316244 ], [ 38.556813998004145, 47.131170966003992, 1.121276452316351 ], [ 38.555495311929917, 47.132747655961793, 1.108776452316306 ], [ 38.553070509004101, 47.135646877002728, 1.075576452316227 ], [ 38.553396029999931, 47.135646877002728, 1.075176452316327 ], [ 38.56129375400451, 47.135646877002728, 1.065276452316311 ], [ 38.569999999999709, 47.135646877002728, 1.043576452316302 ], [ 38.581293754006765, 47.135646877002728, 1.043576452316302 ], [ 38.590000000001965, 47.135646877002728, 1.087076452316296 ], [ 38.598706245997164, 47.135646877002728, 1.130576452316291 ], [ 38.610000000000582, 47.135646877002728, 1.187076452316205 ], [ 38.621293754007638, 47.135646877002728, 1.243576452316347 ], [ 38.625498894001794, 47.135646877002728, 1.285576452316263 ], [ 38.630000000002838, 47.136128476719023, 1.316176452316313 ], [ 38.636378170804164, 47.136810914602393, 1.359476452316358 ], [ 38.645274284999687, 47.137762762004058, 1.47387645231629 ], [ 38.650000000001455, 47.138944190881375, 1.521076452316265 ], [ 38.654223236037069, 47.140000000003056, 1.542276452316173 ], [ 38.670000000003711, 47.143944191409901, 1.621076452316174 ], [ 38.682871941000485, 47.147162176997881, 1.749876452316357 ], [ 38.684737540414062, 47.147368770205503, 1.773676452316295 ], [ 38.690000000002328, 47.147951525759709, 1.82047645231637 ], [ 38.693354095239556, 47.14832295238557, 1.833576452316265 ], [ 38.70849834452747, 47.149999999997817, 1.984976452316232 ], [ 38.711194087329204, 47.150298521832156, 1.994076452316222 ], [ 38.719248894001794, 47.151190497002972, 1.998576452316229 ], [ 38.743885773686998, 47.156942886844263, 1.891676452316233 ], [ 38.75, 47.158370478884535, 1.832576452316289 ], [ 38.752221608880063, 47.158889195559823, 1.822176452316171 ], [ 38.756979067276916, 47.159999999999854, 1.834876452316166 ], [ 38.772227410001506, 47.163560289001907, 1.697476452316323 ], [ 38.776867253223827, 47.16343362661064, 1.728276452316322 ], [ 38.790000000000873, 47.163075117712651, 1.60777645231633 ], [ 38.795831830855604, 47.162915915425401, 1.641676452316233 ], [ 38.810000000003129, 47.162529140681727, 1.649376452316346 ], [ 38.825804614270965, 47.162097692867974, 1.658076452316209 ], [ 38.828868035003325, 47.162014064999312, 1.645276452316239 ], [ 38.830000000001746, 47.162108395425093, 1.636776452316326 ], [ 38.835060149067431, 47.162530074532697, 1.649376452316346 ], [ 38.847422721999465, 47.163560289001907, 1.680276452316321 ], [ 38.850000000004002, 47.164473381577409, 1.665776452316322 ], [ 38.856469286374704, 47.166765356812903, 1.629376452316365 ], [ 38.861664259004101, 47.168605860999378, 1.644476452316212 ], [ 38.864037614550398, 47.170000000001892, 1.640376452316332 ], [ 38.870000000002619, 47.173502380463106, 1.664976452316296 ], [ 38.873301628998888, 47.1754417989996, 1.662076452316342 ], [ 38.88334199062956, 47.180000000003929, 1.666676452316324 ], [ 38.88656660199922, 47.181463934000931, 1.68287645231635 ], [ 38.889999999999418, 47.181733523908406, 1.699976452316378 ], [ 38.894112943213258, 47.182056471607211, 1.720576452316209 ], [ 38.910000000003492, 47.183303920975959, 1.866976452316294 ], [ 38.917838853143621, 47.183919426573993, 1.899976452316196 ], [ 38.930000000000291, 47.184874318036236, 1.899976452316196 ], [ 38.931651237999176, 47.185003973003404, 1.899976452316196 ], [ 38.937754754000707, 47.189764716003992, 1.899976452316196 ], [ 38.937675197539647, 47.18999999999869, 1.899976452316196 ], [ 38.936565245847305, 47.193282622925835, 1.834376452316292 ], [ 38.935735765828213, 47.195735765832069, 1.785276452316339 ], [ 38.935092374415035, 47.197638561619897, 1.798176452316284 ], [ 38.933929884002282, 47.20107656500295, 1.735076452316207 ], [ 38.93291377258538, 47.207185329440108, 1.628176452316211 ], [ 38.932096812879536, 47.21209681288201, 1.579076452316258 ], [ 38.931336102861678, 47.216670128580517, 1.533276452316386 ], [ 38.930511914997624, 47.221625067004425, 1.459776452316191 ], [ 38.932061556173721, 47.225051296813035, 1.419576452316278 ], [ 38.937850457567038, 47.23785045756631, 1.301276452316188 ], [ 38.944590691002304, 47.252752997002972, 1.163476452316218 ], [ 38.950000000002547, 47.253449650319453, 1.16547645231617 ], [ 38.960417423942999, 47.254791288025444, 1.204176452316233 ], [ 38.970000000001164, 47.256025407463312, 1.179476452316294 ], [ 38.976817253998888, 47.25690338700042, 1.161976452316367 ], [ 38.982984477594073, 47.256492238797364, 1.170176452316355 ], [ 38.99000000000342, 47.256024537340636, 1.219276452316308 ], [ 39.000631536589935, 47.255315768292348, 1.293676452316276 ], [ 39.010000000002037, 47.254691204121627, 1.306176452316322 ], [ 39.013438347003103, 47.25446198100326, 1.327976452316307 ], [ 39.026347390843512, 47.259999999998399, 1.281776452316308 ], [ 39.027692233565176, 47.260576941609543, 1.282676452316309 ], [ 39.040375196003879, 47.266017971001929, 1.291676452316324 ], [ 39.042424168414072, 47.266212084203289, 1.299976452316287 ], [ 39.048106316002304, 47.266750393000621, 1.346076452316311 ], [ 39.05000000000291, 47.26787495939061, 1.342476452316305 ], [ 39.053578406268571, 47.270000000000437, 1.335776452316168 ], [ 39.069999999999709, 47.279751982034213, 1.304976452316168 ], [ 39.070417643331893, 47.280000000002474, 1.302076452316214 ], [ 39.090000000003783, 47.280000000002474, 1.399976452316196 ], [ 39.110000000000582, 47.280000000002474, 1.499976452316332 ], [ 39.111854951415808, 47.280000000002474, 1.499976452316332 ], [ 39.119883660003325, 47.277044989003116, 1.529576452316178 ] ] ] ] } },
{ "type": "Feature", "properties": { "gid": 11, "objectid": 11.0, "shape_leng": 2.2646086091700002, "shape_area": 0.047048635613200003, "z_mean": 1.7707796715299999 }, "geometry": { "type": "MultiPolygon", "coordinates": [ [ [ [ 38.122894727002858, 46.377508855999622, 1.785376452316314 ], [ 38.123736950872626, 46.376868475434094, 1.793976452316201 ], [ 38.130000000002838, 46.372106398432152, 1.699976452316378 ], [ 38.138090801910948, 46.365954599050383, 1.861776452316235 ], [ 38.145922247369526, 46.360000000002401, 2.07957645231636 ], [ 38.149999999999636, 46.356899501879525, 2.099976452316241 ], [ 38.159074174804118, 46.350000000002183, 2.145376452316214 ], [ 38.163408633503423, 46.346704316752948, 2.232976452316279 ], [ 38.170000000003711, 46.341692605325079, 2.033876452316235 ], [ 38.172226102244167, 46.340000000000146, 2.022276452316191 ], [ 38.179277306551739, 46.33463865327758, 2.199976452316378 ], [ 38.185378029678759, 46.330000000003565, 2.046176452316331 ], [ 38.187211643078626, 46.328605821536257, 2.055776452316195 ], [ 38.190000000000509, 46.326485708772452, 2.035176452316364 ], [ 38.198529957118808, 46.320000000001528, 1.972076452316287 ], [ 38.209999999999127, 46.311278812225282, 1.974376452316164 ], [ 38.2116818845534, 46.31000000000131, 1.983176452316229 ], [ 38.214911993960413, 46.307544003022485, 1.950876452316379 ], [ 38.217295768999975, 46.305731511998601, 1.93327645231625 ], [ 38.228838954459206, 46.299999999999272, 1.817376452316239 ], [ 38.229421499972887, 46.299710749988662, 1.811576452316331 ], [ 38.230000000001382, 46.299423508662585, 1.805776452316195 ], [ 38.239456343375423, 46.294728171689712, 1.71087645231637 ], [ 38.248978815394366, 46.290000000002692, 1.520376452316214 ], [ 38.25, 46.289492953495937, 1.505076452316189 ], [ 38.252452018998156, 46.288275458000498, 1.468176452316357 ], [ 38.263470063988279, 46.280000000000655, 1.330576452316336 ], [ 38.266079778903077, 46.278039889455613, 1.297976452316334 ], [ 38.270000000002256, 46.275095480979871, 1.199976452316378 ], [ 38.271250847003103, 46.274155992001397, 1.196576452316322 ], [ 38.271674179026377, 46.273196159963845, 1.19547645231637 ], [ 38.274024771468248, 46.26786659877871, 1.188976452316183 ], [ 38.274956787441624, 46.265753413996208, 1.199976452316378 ], [ 38.275640662233855, 46.264202846368789, 1.198376452316325 ], [ 38.279470248000507, 46.2555199239996, 1.253076452316236 ], [ 38.285329623000507, 46.232123113999478, 1.38577645231635 ], [ 38.300059441002304, 46.218654690001131, 1.499776452316382 ], [ 38.309173172756346, 46.214981754994369, 1.547676452316182 ], [ 38.330698536698037, 46.206306794516422, 1.328276452316231 ], [ 38.393621582326887, 46.180948109036763, 1.942276452316264 ], [ 38.309608103809296, 46.102307585539165, 2.039976452316296 ], [ 38.271983269001794, 46.135687567000787, 1.524276452316371 ], [ 38.253074083566389, 46.140464624451852, 1.362876452316186 ], [ 38.248789909999687, 46.141546942002606, 1.401576452316249 ], [ 38.227549675004411, 46.138169664003726, 1.525076452316171 ], [ 38.219138448734157, 46.135517931641516, 1.563776452316233 ], [ 38.213851006999903, 46.133851007001795, 1.761476452316174 ], [ 38.209999999999127, 46.132636934336915, 1.799976452316287 ], [ 38.207286004002526, 46.131781317000787, 1.840676452316302 ], [ 38.206654517485731, 46.131672741259536, 1.850176452316191 ], [ 38.196925700201973, 46.130000000002838, 1.930776452316195 ], [ 38.190000000000509, 46.128809217594608, 1.999976452316332 ], [ 38.186696811000729, 46.128241278000132, 2.049576452316387 ], [ 38.179395565552113, 46.125302217225908, 2.159076452316185 ], [ 38.170000000003711, 46.121520103841249, 2.2151764523162 ], [ 38.167491082000197, 46.120510157999888, 2.242776452316321 ], [ 38.167343404673375, 46.1200000000008, 2.239876452316366 ], [ 38.16689382696859, 46.118446913484149, 2.215576452316327 ], [ 38.1644486676214, 46.110000000002401, 2.083276452316341 ], [ 38.163509211293785, 46.106754605647438, 2.064876452316184 ], [ 38.162119988002814, 46.10195547100011, 2.037776452316166 ], [ 38.1621503348033, 46.100000000000364, 2.017776452316184 ], [ 38.162210774988125, 46.096105387496209, 1.938976452316183 ], [ 38.162305524016119, 46.090000000001965, 1.876976452316285 ], [ 38.162364769292253, 46.086182384646236, 1.799976452316287 ], [ 38.162460713234395, 46.08, 1.675376452316186 ], [ 38.162518763589105, 46.076259381796262, 1.599976452316241 ], [ 38.162615902447214, 46.069999999999709, 1.47387645231629 ], [ 38.162672757893233, 46.066336378946289, 1.326776452316381 ], [ 38.16272874448623, 46.062728744487686, 1.290976452316272 ], [ 38.162739839293863, 46.062013823222514, 1.418176452316175 ], [ 38.162771029999931, 46.060003973001585, 1.434776452316328 ], [ 38.156260613000995, 46.047756252002728, 1.492476452316168 ], [ 38.147146030003569, 46.040472722999766, 1.492876452316295 ], [ 38.138926629000707, 46.030096746999334, 1.524376452316346 ], [ 38.131195509000463, 45.990057684000931, 1.800876452316288 ], [ 38.121104363002814, 45.971340236001197, 1.888276452316177 ], [ 38.108653191004123, 45.956610419001663, 1.927776452316266 ], [ 38.097504102001039, 45.950751043999844, 1.903476452316227 ], [ 38.096527539999443, 45.940252997001153, 1.98277645231633 ], [ 38.073985222003103, 45.881822007000665, 2.313376452316334 ], [ 38.073601892852821, 45.881394795051165, 2.31437645231631 ], [ 38.010681836369258, 45.822498695668401, 2.387576452316353 ], [ 38.001231316002304, 45.832586981001441, 2.244176452316196 ], [ 38.015310092001528, 45.857611395000276, 2.131176452316367 ], [ 38.054698113000995, 45.889227605999622, 2.128176452316211 ], [ 38.073008660001506, 45.908758855999622, 2.087376452316221 ], [ 38.080821160003325, 45.92963287999919, 1.967676452316255 ], [ 38.080332878998888, 45.94635651200042, 1.828176452316256 ], [ 38.077972851997401, 45.952093817000787, 1.766076452316383 ], [ 38.063487175002592, 45.950751043999844, 1.68327645231625 ], [ 38.061838186013119, 45.951022004612241, 1.670376452316304 ], [ 38.06050040622722, 45.951241827562626, 1.377776452316311 ], [ 38.059489287448741, 45.951407973827372, 1.342476452316305 ], [ 38.046153191002304, 45.953599350999866, 1.675876452316288 ], [ 38.045286653332369, 45.95510352958263, 1.721776452316362 ], [ 38.043694000769392, 45.957868133997181, 1.914976452316296 ], [ 38.041840039999443, 45.961086330000398, 1.987676452316236 ], [ 38.041857095715386, 45.96116832862208, 1.988276452316313 ], [ 38.046071811000729, 45.981431382000665, 2.01707645231636 ], [ 38.046502434910508, 45.982328515134213, 2.015576452316282 ], [ 38.051442905003569, 45.992621161001807, 1.822276452316373 ], [ 38.057122600590446, 45.998378508751557, 1.728776452316197 ], [ 38.072276238002814, 46.013739325002462, 1.5901764523162 ], [ 38.073050288314334, 46.018936520900752, 1.595376452316259 ], [ 38.073985222003103, 46.02521393400275, 1.580776452316286 ], [ 38.066254102002858, 46.032538153000132, 1.651976452316376 ], [ 38.054860873002326, 46.032660223001585, 1.765876452316206 ], [ 38.032481316000485, 46.02521393400275, 1.995876452316224 ], [ 38.039805535003325, 46.033880927001519, 1.915376452316195 ], [ 38.047048373002326, 46.038560289003726, 1.839076452316249 ], [ 38.079493205368635, 46.049999999999272, 1.505076452316189 ], [ 38.087901237999176, 46.052964585000154, 1.509876452316348 ], [ 38.093940663968169, 46.056009889338384, 1.540876452316297 ], [ 38.097504102001039, 46.057806708002317, 1.487476452316287 ], [ 38.094046988455375, 46.058988252887502, 1.539276452316244 ], [ 38.091086690714292, 46.059999999999491, 1.58367645231624 ], [ 38.091075066000485, 46.060003973001585, 1.584076452316367 ], [ 38.091013928507891, 46.059999999999491, 1.584776452316191 ], [ 38.090209184236301, 46.059947703939542, 1.596876452316337 ], [ 38.075894995419731, 46.059017500765549, 1.811576452316331 ], [ 38.062619077109048, 46.058154769276371, 1.918476452316327 ], [ 38.043873140679352, 46.056936570339531, 2.138776452316279 ], [ 38.037852410003325, 46.056545314999312, 2.157076452316232 ], [ 38.030000000004293, 46.0545797917257, 2.137376452316175 ], [ 38.011703395315635, 46.049999999999272, 2.365976452316318 ], [ 38.008292398459162, 46.049146199229654, 2.408576452316311 ], [ 37.999140563000765, 46.046855418999257, 2.499976452316332 ], [ 37.999440480001795, 46.047345744002087, 2.505276452316366 ], [ 38.000231433001318, 46.047942930001227, 2.505376452316341 ], [ 38.003815180016318, 46.049999999999272, 2.492776452316321 ], [ 38.006328120003673, 46.051442427002257, 2.498376452316279 ], [ 38.006723407755999, 46.051638296126839, 2.498276452316304 ], [ 38.010000000000218, 46.053261881075741, 2.465276452316175 ], [ 38.011572143002923, 46.054040894001446, 2.457276452316364 ], [ 38.024810126533339, 46.059999999999491, 2.377876452316286 ], [ 38.025202253998941, 46.06017651700131, 2.379076452316212 ], [ 38.030000000004293, 46.062178976129871, 2.387176452316226 ], [ 38.04217127800257, 46.067258963001223, 2.407776452316284 ], [ 38.049156941497131, 46.069999999999709, 2.412676452316191 ], [ 38.049629306511633, 46.070185346747166, 2.409276452316362 ], [ 38.050000000001091, 46.070330799580915, 2.409876452316212 ], [ 38.053073783856235, 46.071536891926371, 2.415376452316195 ], [ 38.06999999999789, 46.078178406332881, 2.445376452316168 ], [ 38.072041274996081, 46.078979362504469, 2.438776452316233 ], [ 38.074642418321673, 46.08, 2.453576452316383 ], [ 38.076421404000939, 46.080698039000708, 2.456776452316262 ], [ 38.090000000001965, 46.086181421660513, 2.485476452316334 ], [ 38.090995161001047, 46.08658329300124, 2.487576452316262 ], [ 38.098638666862826, 46.090000000001965, 2.513576452316329 ], [ 38.100571934999607, 46.090864186002364, 2.511576452316376 ], [ 38.105542097004218, 46.093309506000878, 2.51077645231635 ], [ 38.109999999998763, 46.095746485152631, 2.514976452316205 ], [ 38.115212564003741, 46.098596010999245, 2.519776452316364 ], [ 38.117515906247718, 46.100000000000364, 2.524876452316221 ], [ 38.11989209800231, 46.101448394001636, 2.515576452316282 ], [ 38.125645355001325, 46.105261086999235, 2.496176452316377 ], [ 38.130000000002838, 46.10836806428415, 2.483676452316331 ], [ 38.131236711004021, 46.109250440000324, 2.4801764523163 ], [ 38.131339642459352, 46.109330178771415, 2.479876452316375 ], [ 38.132204286765045, 46.110000000002401, 2.47797645231617 ], [ 38.139184758796546, 46.115407620602127, 2.516276452316333 ], [ 38.13975468100034, 46.115849126999819, 2.519476452316212 ], [ 38.143809679002516, 46.119329220999134, 2.548476452316208 ], [ 38.144522410155332, 46.1200000000008, 2.554776452316219 ], [ 38.14642284803449, 46.121788575987011, 2.535776452316213 ], [ 38.147681335000016, 46.122972987001049, 2.541276452316197 ], [ 38.149999999999636, 46.125411648974477, 2.554076452316167 ], [ 38.15160502100116, 46.127099733999785, 2.546876452316383 ], [ 38.154081075113936, 46.130000000002838, 2.53877645231637 ], [ 38.155292136998469, 46.13141854800233, 2.534776452316237 ], [ 38.156754959052705, 46.133377479525734, 2.532476452316359 ], [ 38.161490087997663, 46.139718506001373, 2.485076452316207 ], [ 38.161679767348687, 46.139999999999418, 2.483176452316229 ], [ 38.165202818003308, 46.145228389999829, 2.500276452316257 ], [ 38.167336870976214, 46.148668435489526, 2.513276452316177 ], [ 38.168162915051653, 46.149999999999636, 2.518376452316261 ], [ 38.168700460999389, 46.150866512001812, 2.512976452316252 ], [ 38.170000000003711, 46.153151418264315, 2.499976452316332 ], [ 38.171015986999919, 46.154937771001642, 2.489876452316366 ], [ 38.173710027711422, 46.159999999999854, 2.462876452316323 ], [ 38.175055169624102, 46.162527584812779, 2.474676452316316 ], [ 38.176333902003535, 46.164930382999955, 2.485976452316208 ], [ 38.178829604461498, 46.17, 2.511676452316351 ], [ 38.179265708002276, 46.170885874000305, 2.507376452316294 ], [ 38.180880650177642, 46.174559674913326, 2.491176452316267 ], [ 38.183045171999765, 46.179483703999722, 2.469576452316232 ], [ 38.183256186393919, 46.180000000000291, 2.467476452316305 ], [ 38.185561260001123, 46.185639901001196, 2.500776452316359 ], [ 38.186525444756626, 46.188262722382206, 2.517376452316284 ], [ 38.187164091603336, 46.190000000000509, 2.528376452316252 ], [ 38.187859579003998, 46.191891898000904, 2.52137645231619 ], [ 38.190000000000509, 46.199081905760977, 2.499976452316332 ], [ 38.190237900274951, 46.199881049862597, 2.496476452316301 ], [ 38.190273311000055, 46.200000000002547, 2.495876452316224 ], [ 38.190559791004489, 46.200962331000483, 2.491576452316167 ], [ 38.192441894525473, 46.208779052738464, 2.463376452316197 ], [ 38.192735873151832, 46.210000000000946, 2.472676452316364 ], [ 38.192787520998536, 46.210214503000316, 2.472076452316287 ], [ 38.193041614353206, 46.211520807177294, 2.469576452316232 ], [ 38.194690928967248, 46.220000000002983, 2.52967645231638 ], [ 38.194975811000404, 46.221464590002142, 2.525376452316323 ], [ 38.195705659773012, 46.227147170115131, 2.514376452316355 ], [ 38.195787676004329, 46.227785745999427, 2.513176452316202 ], [ 38.195935242609266, 46.229999999999563, 2.510976452316299 ], [ 38.196388794767699, 46.236805602620734, 2.504176452316187 ], [ 38.196424135003326, 46.237335887000881, 2.503676452316313 ], [ 38.196447696800533, 46.24000000000342, 2.503276452316186 ], [ 38.196476335622719, 46.243238167811796, 2.502876452316286 ], [ 38.196480481003164, 46.243706883000414, 2.502776452316311 ], [ 38.196163570877616, 46.25, 2.507576452316243 ], [ 38.196012189317116, 46.253006094661032, 2.509776452316373 ], [ 38.196002588003466, 46.253196755002136, 2.509976452316323 ], [ 38.195107419343913, 46.260000000000218, 2.52337645231637 ], [ 38.194792144942767, 46.262396072472256, 2.528076452316327 ], [ 38.194777108999915, 46.262510345004557, 2.528376452316252 ], [ 38.193471945003694, 46.268560311000329, 2.547876452316359 ], [ 38.193072059997576, 46.270000000000437, 2.553876452316217 ], [ 38.192697442058488, 46.271348721031245, 2.559576452316378 ], [ 38.192649407999852, 46.271521656004552, 2.55827645231625 ], [ 38.190000000000509, 46.278839353977673, 2.511576452316376 ], [ 38.189707593999628, 46.27964698300093, 2.506476452316292 ], [ 38.189632223678927, 46.279816111840773, 2.505476452316316 ], [ 38.189550276032605, 46.280000000000655, 2.504476452316339 ], [ 38.187846546999936, 46.283823118999862, 2.521576452316367 ], [ 38.185758792085835, 46.287879396042626, 2.542376452316375 ], [ 38.185753797999496, 46.287889098997766, 2.54247645231635 ], [ 38.184404732184703, 46.290000000002692, 2.555976452316372 ], [ 38.181085472002451, 46.295193690004453, 2.537176452316316 ], [ 38.180893033353641, 46.295446516674929, 2.53657645231624 ], [ 38.17843783200442, 46.298672169999918, 2.528876452316354 ], [ 38.177296035149993, 46.299999999999272, 2.527076452316351 ], [ 38.174134301003505, 46.30367687600301, 2.521876452316292 ], [ 38.170000000003711, 46.307888345874744, 2.521076452316265 ], [ 38.169478550003987, 46.308419529001185, 2.518376452316261 ], [ 38.16852102482153, 46.30926051240931, 2.514776452316255 ], [ 38.167679060536102, 46.31000000000131, 2.523176452316193 ], [ 38.162782326997331, 46.314300745001674, 2.529176452316278 ], [ 38.161124245794781, 46.315562122901611, 2.533176452316184 ], [ 38.157586152001386, 46.318253712002843, 2.496976452316176 ], [ 38.155089181605945, 46.320000000001528, 2.474576452316342 ], [ 38.152967562540653, 46.321483781272036, 2.455476452316361 ], [ 38.152205512004002, 46.322016731000986, 2.457776452316239 ], [ 38.149999999999636, 46.323482076895743, 2.4651764523162 ], [ 38.146547042004386, 46.325776228000905, 2.476776452316244 ], [ 38.139563667162292, 46.330000000003565, 2.504376452316365 ], [ 38.136818269000287, 46.331660506004482, 2.515176452316382 ], [ 38.135118103087734, 46.332559051543285, 2.523276452316168 ], [ 38.130937889000052, 46.334768314001849, 2.499976452316332 ], [ 38.130000000002838, 46.335222038342181, 2.4955764523163 ], [ 38.125143222017869, 46.337571611013118, 2.472876452316314 ], [ 38.124937282002065, 46.337671239001793, 2.47387645231629 ], [ 38.11964719354728, 46.340000000000146, 2.503576452316338 ], [ 38.116550843002187, 46.34136305100219, 2.520876452316315 ], [ 38.114376874294976, 46.342188437145523, 2.534376452316337 ], [ 38.110282773001018, 46.343742835999365, 2.52377645231627 ], [ 38.109999999998763, 46.343836433356046, 2.523276452316168 ], [ 38.103893125004106, 46.345857798001816, 2.513376452316379 ], [ 38.10251300741038, 46.346256503702534, 2.5122764523162 ], [ 38.097406132001197, 46.347731841999121, 2.50837645231627 ], [ 38.090841115003059, 46.349377470003674, 2.508276452316295 ], [ 38.090000000001965, 46.349557477507915, 2.508876452316372 ], [ 38.089380229766903, 46.349690114886471, 2.509276452316271 ], [ 38.087932239992369, 46.350000000002183, 2.510376452316223 ], [ 38.084213176003686, 46.350795918999211, 2.512976452316252 ], [ 38.077533812003821, 46.351977034999436, 2.522776452316293 ], [ 38.07081143200412, 46.352898860001005, 2.537976452316343 ], [ 38.06999999999789, 46.352968972732924, 2.540576452316373 ], [ 38.060969045001912, 46.35374930299804, 2.524976452316196 ], [ 38.057796935432634, 46.353898467716135, 2.522076452316242 ], [ 38.056032143003904, 46.353981455000394, 2.520376452316214 ], [ 38.050000000001091, 46.354066827663701, 2.518676452316186 ], [ 38.045565496002382, 46.354129589002696, 2.473076452316263 ], [ 38.041768933286221, 46.354115533358708, 2.435376452316177 ], [ 38.030000000004293, 46.354071962376111, 2.437076452316205 ], [ 38.024019675001909, 46.354049822000889, 2.408076452316209 ], [ 38.01848045744191, 46.354240228722119, 2.372776452316202 ], [ 38.016891674998988, 46.354294842003583, 2.362676452316236 ], [ 38.010000000000218, 46.35489715498079, 2.304076452316167 ], [ 38.009223636001479, 46.354965007003557, 2.309176452316251 ], [ 38.001155066001957, 46.356119942003716, 2.343676452316231 ], [ 37.998906519000229, 46.356562007998946, 2.348476452316163 ], [ 38.004626540276149, 46.360000000002401, 2.153776452316379 ], [ 38.010000000000218, 46.363229692804452, 1.906176452316231 ], [ 38.018728061004367, 46.368475653001951, 1.765976452316181 ], [ 38.015496445867029, 46.370000000004438, 1.609976452316232 ], [ 38.012668177816522, 46.371334088909862, 1.526676452316224 ], [ 38.010101759004101, 46.372544664001907, 1.401276452316324 ], [ 38.010000000000218, 46.372574909750256, 1.396976452316267 ], [ 37.997301378065458, 46.37634931096909, 1.182576452316198 ], [ 37.99000000000342, 46.378519493719068, 1.09627645231626 ], [ 37.988142935200813, 46.379071467601534, 1.102176452316371 ], [ 37.981149978511894, 46.381149978509711, 1.375276452316257 ], [ 37.977793816000485, 46.38214752800377, 1.44827645231635 ], [ 37.976728634417668, 46.386682158605254, 1.330876452316261 ], [ 37.975323976579602, 46.392661988293185, 1.323776452316224 ], [ 37.974945508998644, 46.394273179001175, 1.281276452316206 ], [ 37.978530257432794, 46.398088376239684, 1.063176452316384 ], [ 37.980642123000507, 46.40033600499919, 0.93677645231628 ], [ 37.98316364700986, 46.400854544128379, 0.853776452316197 ], [ 37.985529657691586, 46.40134110269355, 0.780476452316179 ], [ 37.989814806449431, 46.402222322658417, 0.718476452316281 ], [ 37.99000000000342, 46.402260406806818, 0.717876452316204 ], [ 37.990733269003613, 46.402411200004281, 0.726376452316345 ], [ 38.009819199513004, 46.402169605824383, 0.915376452316195 ], [ 38.010000000000218, 46.402167317208296, 0.912676452316191 ], [ 38.010180419449171, 46.402165033416168, 0.90897645231621 ], [ 38.030000000004293, 46.401914152524114, 1.205576452316336 ], [ 38.0498614381886, 46.401662741785913, 1.403476452316227 ], [ 38.067881707000197, 46.401434636998601, 1.402976452316352 ], [ 38.069843650711846, 46.4009380957541, 1.401976452316376 ], [ 38.069926632468196, 46.400917094202669, 1.402976452316352 ], [ 38.06999999999789, 46.400898525878802, 1.403076452316327 ], [ 38.087657096997646, 46.39642975499919, 1.447076452316196 ], [ 38.090598462315029, 46.39485038442217, 1.451476452316228 ], [ 38.099631651044547, 46.390000000001237, 1.603676452316222 ], [ 38.104631088704991, 46.387315544352532, 1.607376452316203 ], [ 38.109999999998763, 46.384432699269382, 1.666976452316248 ], [ 38.118255306299034, 46.380000000001019, 1.758676452316195 ], [ 38.122894727002858, 46.377508855999622, 1.785376452316314 ] ] ] ] } },
{ "type": "Feature", "properties": { "gid": 12, "objectid": 12.0, "shape_leng": 0.00063172963287499995, "shape_area": 7.5519578678199993e-09, "z_mean": 2.5006369930800001 }, "geometry": { "type": "MultiPolygon", "coordinates": [ [ [ [ 36.206688760999896, 46.663681207000991, 2.499976452316332 ], [ 36.206390585539339, 46.66364235234505, 2.500176452316282 ], [ 36.206383799000832, 46.663641468001515, 2.500076452316307 ], [ 36.20657615699929, 46.66371606100256, 2.499976452316332 ], [ 36.20663722064819, 46.663697160145603, 2.50167645231636 ], [ 36.206688760999896, 46.663681207000991, 2.499976452316332 ] ] ] ] } },
{ "type": "Feature", "properties": { "gid": 13, "objectid": 13.0, "shape_leng": 0.52594259580900005, "shape_area": 0.0042255375515800001, "z_mean": 2.2820615117299998 }, "geometry": { "type": "MultiPolygon", "coordinates": [ [ [ [ 36.20657615699929, 46.66371606100256, 2.499976452316332 ], [ 36.206383799000832, 46.663641468001515, 2.500076452316307 ], [ 36.206390585539339, 46.66364235234505, 2.500176452316282 ], [ 36.206688760999896, 46.663681207000991, 2.499976452316332 ], [ 36.209971550000773, 46.66266510600326, 2.393476452316236 ], [ 36.213124383430113, 46.66078109585942, 2.225376452316368 ], [ 36.213576500105773, 46.660510928590156, 2.238276452316313 ], [ 36.216644727001039, 46.658677476001685, 2.250976452316308 ], [ 36.2217643173135, 46.654117841344487, 2.25877645231617 ], [ 36.221853061002548, 46.654038804002994, 2.259976452316323 ], [ 36.224840669377954, 46.650000000003274, 2.325776452316177 ], [ 36.226233688623324, 46.648116844313336, 2.356476452316201 ], [ 36.229999999999563, 46.643025349190793, 2.299976452316287 ], [ 36.230642123000507, 46.642157293999844, 2.290376452316195 ], [ 36.232920768999975, 46.640692450002462, 2.256176452316367 ], [ 36.234389602248484, 46.640000000003056, 2.234176452316206 ], [ 36.242424365556872, 46.636212182780582, 2.151476452316274 ], [ 36.244313998000507, 46.635321355999622, 2.04027645231622 ], [ 36.244476759000463, 46.6305199239996, 1.841776452316253 ], [ 36.244384620573328, 46.630000000001019, 1.824576452316251 ], [ 36.243838680911722, 46.626919340460518, 1.815676452316211 ], [ 36.243337436002548, 46.624090887002239, 1.833176452316366 ], [ 36.242068464951444, 46.622068464952463, 1.877576452316362 ], [ 36.240733269001794, 46.619940496999334, 1.916376452316172 ], [ 36.241894814385887, 46.617842221579849, 1.843176452316357 ], [ 36.245778841999709, 46.610825914001907, 2.208176452316366 ], [ 36.24675540500175, 46.612738347999766, 2.162176452316316 ], [ 36.24789472699922, 46.619045314999312, 1.955576452316336 ], [ 36.253748513716346, 46.62062871571834, 2.049776452316337 ], [ 36.257823112999176, 46.621730860999378, 2.129576452316314 ], [ 36.262710121294731, 46.623644939356382, 2.203776452316333 ], [ 36.267588738000995, 46.625555730999622, 2.478976452316374 ], [ 36.268075840000165, 46.625101839999843, 2.499976452316332 ], [ 36.268228580000141, 46.624791802998516, 2.504876452316239 ], [ 36.268057155000861, 46.624151617001189, 2.489476452316239 ], [ 36.267102037003497, 46.622579017002863, 2.423676452316386 ], [ 36.266443975649963, 46.621778012175128, 2.381076452316165 ], [ 36.265358424001533, 46.620456658003604, 2.397076452316242 ], [ 36.2599788360003, 46.615100539002015, 2.43327645231625 ], [ 36.256992514252488, 46.612518714373437, 2.439076452316385 ], [ 36.253123226000753, 46.609173521002958, 2.462976452316298 ], [ 36.237004366137626, 46.59649781693588, 2.515176452316382 ], [ 36.23394086108965, 46.594088708365234, 2.4955764523163 ], [ 36.233895049999774, 46.594052682999973, 2.495476452316325 ], [ 36.223455489001935, 46.585238032999769, 2.495676452316275 ], [ 36.216112590394914, 46.578471852402799, 2.513976452316228 ], [ 36.214412394001556, 46.576905190999241, 2.50227645231621 ], [ 36.213012846155834, 46.575480730767595, 2.495876452316224 ], [ 36.208193290000054, 46.570575385003394, 2.498076452316354 ], [ 36.203602994002722, 46.565564001004532, 2.508976452316347 ], [ 36.199278952999521, 46.560352800999681, 2.532076452316232 ], [ 36.197610847446413, 46.558097288139834, 2.547376452316257 ], [ 36.197269439004231, 46.557635656003185, 2.543876452316226 ], [ 36.19458138200207, 46.553535787003057, 2.52337645231637 ], [ 36.19445464837554, 46.553318027434216, 2.522776452316293 ], [ 36.191279205000683, 46.547861834002106, 2.507076452316369 ], [ 36.184880067561608, 46.536279983110944, 2.483576452316356 ], [ 36.183028326000567, 46.532928501001152, 2.492076452316269 ], [ 36.179009869787478, 46.526485195319765, 2.4955764523163 ], [ 36.177129577003143, 46.523470280997572, 2.494276452316171 ], [ 36.173148331999982, 46.517972424999243, 2.475976452316218 ], [ 36.17099827399943, 46.515431120002177, 2.45867645231624 ], [ 36.170000000001892, 46.514424074342969, 2.447576452316298 ], [ 36.168689022002582, 46.513101577003908, 2.454376452316183 ], [ 36.166746090002562, 46.511472800997581, 2.458576452316265 ], [ 36.164609794999706, 46.510003287003201, 2.457576452316289 ], [ 36.162074428002597, 46.508644924004329, 2.449676452316226 ], [ 36.16156519847209, 46.508434801526164, 2.446976452316221 ], [ 36.158517014999234, 46.507177035002314, 2.484676452316307 ], [ 36.154607987004056, 46.505873713002075, 2.52377645231627 ], [ 36.150000000001455, 46.504506317982305, 2.56477645231621 ], [ 36.138813280154864, 46.501186719846373, 2.496576452316276 ], [ 36.130000000001019, 46.498571427002389, 2.499976452316332 ], [ 36.128765146999285, 46.498759086998689, 2.508876452316372 ], [ 36.127397039999778, 46.499713728999268, 2.492576452316371 ], [ 36.126310791001742, 46.501405072001944, 2.446976452316221 ], [ 36.125960157001828, 46.503242334001698, 2.386976452316276 ], [ 36.126174867000373, 46.505449717002193, 2.307076452316323 ], [ 36.127060935999907, 46.508131714001138, 2.20217645231628 ], [ 36.127337774147236, 46.508668887076055, 2.179876452316194 ], [ 36.128023778066563, 46.510000000003856, 2.179076452316167 ], [ 36.128567966999981, 46.51105593700413, 2.220676452316184 ], [ 36.130000000001019, 46.513248504579678, 2.294876452316203 ], [ 36.130592715000603, 46.514156003002427, 2.331576452316312 ], [ 36.13283166200199, 46.517146225003671, 2.443776452316342 ], [ 36.135161457377762, 46.520000000000437, 2.545176452316355 ], [ 36.13736612700086, 46.522700507999616, 2.533076452316209 ], [ 36.138878679228583, 46.524439339616947, 2.522376452316166 ], [ 36.141595368999333, 46.52756244900047, 2.503376452316388 ], [ 36.14393235397074, 46.530000000002474, 2.482076452316278 ], [ 36.14577889300017, 46.531925999999658, 2.4651764523162 ], [ 36.145904941244225, 46.532047529377451, 2.463776452316324 ], [ 36.150000000001455, 46.53599577908426, 2.479876452316375 ], [ 36.150398186004168, 46.536379689998284, 2.479476452316248 ], [ 36.154382654587607, 46.540000000002692, 2.468476452316281 ], [ 36.157324980002159, 46.542673413003286, 2.460476452316243 ], [ 36.160290465793878, 46.545145232899813, 2.44567645231632 ], [ 36.164534768002341, 46.54868298400288, 2.424476452316185 ], [ 36.16628197679529, 46.549999999999272, 2.41157645231624 ], [ 36.170000000001892, 46.552802582076765, 2.440176452316337 ], [ 36.179548397216422, 46.56000000000131, 2.561276452316179 ], [ 36.181383175002338, 46.561383024001771, 2.5430764523162 ], [ 36.187816625002597, 46.566934422002305, 2.493276452316195 ], [ 36.190000000002328, 46.568996728086859, 2.47997645231635 ], [ 36.192256827611345, 46.571128413805127, 2.477476452316296 ], [ 36.19845540300048, 46.576983276001556, 2.498076452316354 ], [ 36.201302757126541, 46.580000000003565, 2.517476452316259 ], [ 36.20409125866172, 46.582954370673178, 2.477276452316346 ], [ 36.204433607001192, 46.583317082999201, 2.477676452316246 ], [ 36.209999999999127, 46.589892820060413, 2.497876452316177 ], [ 36.210157310293653, 46.59007865514468, 2.497676452316227 ], [ 36.210405330999492, 46.590371649002918, 2.498976452316356 ], [ 36.213149764002083, 46.594008238000242, 2.525776452316222 ], [ 36.215639489002569, 46.597747445001005, 2.563276452316359 ], [ 36.216883455057541, 46.600000000002183, 2.593476452316281 ], [ 36.217778082000223, 46.601619977000155, 2.582876452316214 ], [ 36.218963135001104, 46.604306665003605, 2.574176452316351 ], [ 36.219038347722744, 46.604519173859444, 2.574076452316376 ], [ 36.219936100000268, 46.607055717000549, 2.55157645231634 ], [ 36.220708779506822, 46.610000000002401, 2.532276452316182 ], [ 36.220866038001986, 46.610599231000378, 2.528376452316252 ], [ 36.221688870407888, 46.615844435205872, 2.507776452316193 ], [ 36.221709839001051, 46.615978101001019, 2.507276452316319 ], [ 36.221947809000994, 46.619551548003074, 2.501276452316233 ], [ 36.221946831601599, 46.620000000004438, 2.501376452316208 ], [ 36.221940143002939, 46.623068875000172, 2.501476452316183 ], [ 36.221867306825516, 46.624066346592372, 2.503276452316186 ], [ 36.221730074999869, 46.625945698999203, 2.524876452316221 ], [ 36.221266456001104, 46.62873861600383, 2.562076452316205 ], [ 36.220899041811208, 46.630000000001019, 2.581976452316212 ], [ 36.220482359001835, 46.631430530003854, 2.576076452316329 ], [ 36.219385122003587, 46.634000294001453, 2.572276452316373 ], [ 36.219078423247993, 46.634539211627271, 2.573076452316172 ], [ 36.218011214001308, 46.63641446499787, 2.55157645231634 ], [ 36.216406129000461, 46.638693875001991, 2.53007645231628 ], [ 36.215307063959699, 46.640000000003056, 2.520376452316214 ], [ 36.214603611002531, 46.640835980997508, 2.530976452316281 ], [ 36.213608397960343, 46.641804198980026, 2.545876452316179 ], [ 36.212511511999764, 46.64287133200196, 2.529976452316305 ], [ 36.21022552300019, 46.644763800999499, 2.503576452316338 ], [ 36.209999999999127, 46.644926589187889, 2.501476452316183 ], [ 36.20584767872424, 46.647923839365831, 2.483076452316254 ], [ 36.202971413651539, 46.650000000003274, 2.470276452316284 ], [ 36.20026559100188, 46.651953131000482, 2.458276452316341 ], [ 36.197899543187305, 46.653949771591215, 2.441976452316339 ], [ 36.196937708002224, 46.65476143700289, 2.435376452316177 ], [ 36.195653922999554, 46.656094145002498, 2.421576452316231 ], [ 36.194464665999476, 46.657758145000116, 2.400176452316373 ], [ 36.193980326002929, 46.659256960001585, 2.375076452316307 ], [ 36.194157061616352, 46.659999999999854, 2.358476452316381 ], [ 36.194289041999582, 46.660554878000767, 2.397376452316166 ], [ 36.19491673196535, 46.661092607106184, 2.430076452316371 ], [ 36.195141852309462, 46.661285463078457, 2.425676452316338 ], [ 36.195938359003776, 46.661967814003219, 2.45867645231624 ], [ 36.198464950000925, 46.662995699000021, 2.495076452316198 ], [ 36.20122240100136, 46.663679473000229, 2.50857645231622 ], [ 36.205078233000677, 46.664179704001072, 2.499976452316332 ], [ 36.205811259576876, 46.663952814893491, 2.479076452316349 ], [ 36.20657615699929, 46.66371606100256, 2.499976452316332 ] ] ] ] } },
{ "type": "Feature", "properties": { "gid": 14, "objectid": 14.0, "shape_leng": 0.33450118998799999, "shape_area": 0.0027786844617100001, "z_mean": 2.2521652100099998 }, "geometry": { "type": "MultiPolygon", "coordinates": [ [ [ [ 37.98226972699922, 46.617499091000354, 2.460476452316243 ], [ 37.973925713002245, 46.617216242999348, 2.499976452316332 ], [ 37.975771346000329, 46.618255756002327, 2.498976452316356 ], [ 37.979990914003793, 46.621173080999142, 2.500976452316308 ], [ 37.982576133001203, 46.623159960998237, 2.503776452316288 ], [ 37.986812553001073, 46.626866229004008, 2.511976452316276 ], [ 37.989191112003027, 46.629427805004525, 2.520376452316214 ], [ 37.99000000000342, 46.63045007724395, 2.524376452316346 ], [ 37.9907199990339, 46.631360011648212, 2.53877645231637 ], [ 37.991379163999227, 46.632193064000603, 2.53377645231626 ], [ 37.993350535001809, 46.635012980003012, 2.520676452316366 ], [ 37.996483901184547, 46.640000000003056, 2.502776452316311 ], [ 37.998040145001141, 46.642476895001892, 2.504176452316187 ], [ 37.999834835576621, 46.644917417788747, 2.50167645231636 ], [ 38.000905835000594, 46.646373823999966, 2.490976452316318 ], [ 38.0023709290017, 46.647934605003684, 2.47627645231637 ], [ 38.004236742999637, 46.649454874999719, 2.457676452316264 ], [ 38.005117376087583, 46.650000000003274, 2.448776452316224 ], [ 38.006320688002234, 46.65074486800404, 2.451676452316178 ], [ 38.007434715649651, 46.651282642176739, 2.451276452316279 ], [ 38.008365434998268, 46.651731927999208, 2.460176452316318 ], [ 38.010000000000218, 46.652306831912938, 2.469176452316333 ], [ 38.013540929003284, 46.653552236000905, 2.488876452316163 ], [ 38.020470936289712, 46.655235468148021, 2.504676452316289 ], [ 38.030000000004293, 46.657549986108279, 2.526476452316274 ], [ 38.033054048002668, 46.658291785004621, 2.518176452316311 ], [ 38.039083337278498, 46.659999999999854, 2.509176452316296 ], [ 38.050000000001091, 46.663092903012512, 2.492776452316321 ], [ 38.058817726769121, 46.665591136619696, 2.523676452316295 ], [ 38.059684880001441, 46.665836818003299, 2.519876452316339 ], [ 38.06999999999789, 46.669577029029824, 2.491576452316167 ], [ 38.071166510739204, 46.670000000001892, 2.494176452316196 ], [ 38.07646110099995, 46.671919792002882, 2.506076452316165 ], [ 38.081789239469799, 46.674105380270703, 2.523176452316193 ], [ 38.082654887999524, 46.674460466998426, 2.518076452316336 ], [ 38.090000000001965, 46.677919611591278, 2.479176452316324 ], [ 38.091040568002427, 46.678409662003105, 2.478876452316172 ], [ 38.095760943308051, 46.680000000003929, 2.471176452316286 ], [ 38.097945879004328, 46.680736124999385, 2.482376452316203 ], [ 38.104914317875227, 46.682542841062968, 2.50167645231636 ], [ 38.105537981002271, 46.682704539000042, 2.498676452316204 ], [ 38.109999999998763, 46.683689471910839, 2.473776452316315 ], [ 38.112405718002265, 46.684220503000688, 2.484376452316383 ], [ 38.118132621000768, 46.685180041000422, 2.503576452316338 ], [ 38.120872048561068, 46.685436024277806, 2.508676452316195 ], [ 38.121477916001822, 46.685492639002405, 2.499976452316332 ], [ 38.112282547908762, 46.680570636974153, 2.388576452316329 ], [ 38.103688998002326, 46.675970770000276, 2.382476452316268 ], [ 38.101204696895365, 46.673734898966359, 2.362676452316236 ], [ 38.090426129423577, 46.66403418808477, 2.38077645231624 ], [ 38.071875729239764, 46.647338827640851, 2.262476452316378 ], [ 38.070323113002814, 46.645941473003404, 2.252376452316184 ], [ 38.06999999999789, 46.645782661398698, 2.250776452316359 ], [ 38.051081278554193, 46.636484018119518, 2.156776452316308 ], [ 38.036794467003347, 46.629461980999622, 1.942976452316316 ], [ 38.031934067517795, 46.628395594911126, 1.875776452316359 ], [ 38.030984397137217, 46.628187234406141, 1.875376452316232 ], [ 38.030000000004293, 46.627971254747536, 1.864876452316366 ], [ 38.028978935853957, 46.627747230240857, 1.848976452316265 ], [ 38.010000000000218, 46.623583195309038, 2.204276452316208 ], [ 37.991702608889682, 46.619568693322435, 2.455276452316184 ], [ 37.99000000000342, 46.61919513587236, 2.435276452316202 ], [ 37.98226972699922, 46.617499091000354, 2.460476452316243 ] ] ] ] } },
{ "type": "Feature", "properties": { "gid": 15, "objectid": 15.0, "shape_leng": 0.11026688436, "shape_area": 9.53211802291e-05, "z_mean": 2.43188823276 }, "geometry": { "type": "MultiPolygon", "coordinates": [ [ [ [ 36.56313906700052, 46.75885651200042, 2.499976452316332 ], [ 36.555584982001164, 46.757601117004015, 2.499876452316357 ], [ 36.552040156999283, 46.757233090000227, 2.49317645231622 ], [ 36.550041313999827, 46.757234732000143, 2.483176452316229 ], [ 36.549999999999272, 46.757238597278047, 2.482876452316304 ], [ 36.545347716157266, 46.757673858079215, 2.516276452316333 ], [ 36.543983170000502, 46.757801523001035, 2.509876452316348 ], [ 36.540461933171173, 46.757615483295012, 2.519176452316287 ], [ 36.539871053999377, 46.75758426500397, 2.509576452316196 ], [ 36.508912090002923, 46.752560892000474, 2.499976452316332 ], [ 36.511296884940748, 46.753549480825313, 2.412876452316368 ], [ 36.524099154999931, 46.75885651200042, 2.326176452316304 ], [ 36.543139072004124, 46.75885651200042, 2.4022764523163 ], [ 36.545426048003719, 46.75885651200042, 2.457176452316162 ], [ 36.547713024003315, 46.75885651200042, 2.457176452316162 ], [ 36.549999999999272, 46.75885651200042, 2.434276452316226 ], [ 36.56313906700052, 46.75885651200042, 2.499976452316332 ] ] ] ] } },
{ "type": "Feature", "properties": { "gid": 16, "objectid": 16.0, "shape_leng": 5.7545308929500001, "shape_area": 1.9954907883099999, "z_mean": 4.9927845369100003 }, "geometry": { "type": "MultiPolygon", "coordinates": [ [ [ [ 37.450836289999643, 46.620575244000065, 4.99577645231625 ], [ 37.450896319172898, 46.620000000004438, 4.995476452316325 ], [ 37.451808670000901, 46.611257179003587, 4.990976452316318 ], [ 37.451854679906319, 46.610927339952468, 4.990776452316368 ], [ 37.451984036400972, 46.610000000002401, 4.990076452316316 ], [ 37.45244458900379, 46.606698358003996, 4.987776452316211 ], [ 37.453405552181721, 46.601702776088132, 4.982976452316279 ], [ 37.453733102633123, 46.600000000002183, 4.962676452316373 ], [ 37.454130366690151, 46.59793481665838, 4.979376452316274 ], [ 37.454141535001327, 46.597876757999984, 4.979276452316299 ], [ 37.455261544004316, 46.593658323001364, 4.97367645231634 ], [ 37.456627645087792, 46.590000000000146, 4.966876452316228 ], [ 37.458149191978009, 46.585925404011505, 4.959276452316317 ], [ 37.458219593003378, 46.585736875002112, 4.95887645231619 ], [ 37.461144469001738, 46.580360598001789, 4.944276452316217 ], [ 37.461388043502666, 46.580000000003565, 4.943076452316291 ], [ 37.464522916003261, 46.575359002003097, 4.973776452316315 ], [ 37.467885982267035, 46.571057008870412, 4.999976452316332 ], [ 37.4687122948053, 46.570000000003347, 5.006476452316292 ], [ 37.469999999999345, 46.568352783297087, 4.999976452316332 ], [ 37.47061756399853, 46.567562803000328, 4.996876452316201 ], [ 37.473173607002536, 46.564627527000994, 4.984176452316206 ], [ 37.475202859313868, 46.562601429657661, 4.973976452316265 ], [ 37.477808339815965, 46.56000000000131, 4.999976452316332 ], [ 37.481876443112924, 46.555938221556062, 5.040576452316373 ], [ 37.484044864002499, 46.553773172003275, 5.029776452316355 ], [ 37.487373324231157, 46.549999999999272, 5.013176452316202 ], [ 37.488177273035035, 46.549088636518718, 5.009076452316322 ], [ 37.49000000000342, 46.547022377075336, 4.999976452316332 ], [ 37.494298689389325, 46.542149344693826, 4.978476452316272 ], [ 37.49431538799945, 46.542130415002248, 4.978676452316222 ], [ 37.496394120749756, 46.540000000002692, 4.999976452316332 ], [ 37.498439087003135, 46.53790419100369, 4.999976452316332 ], [ 37.503220112885174, 46.533389943559087, 4.999976452316332 ], [ 37.506810391907493, 46.530000000002474, 5.015976452316181 ], [ 37.507914673444247, 46.52895733672085, 5.010476452316198 ], [ 37.509844422000242, 46.527135267000631, 5.000776452316359 ], [ 37.510000000000218, 46.52699342669257, 4.999976452316332 ], [ 37.51267744800316, 46.524552400003813, 4.986576452316285 ], [ 37.515056863700011, 46.522528431851242, 4.974676452316316 ], [ 37.518029336581094, 46.520000000000437, 4.999976452316332 ], [ 37.522460894779215, 46.516230447388807, 5.037676452316191 ], [ 37.524124662000759, 46.514815221004028, 5.029376452316228 ], [ 37.52878639670962, 46.510000000003856, 5.006076452316165 ], [ 37.530000000004293, 46.50874643915995, 4.999976452316332 ], [ 37.534385555001791, 46.504216491000989, 4.978076452316373 ], [ 37.535769343212451, 46.502884671606807, 4.971176452316286 ], [ 37.538766577346905, 46.500000000001819, 4.999976452316332 ], [ 37.542607209381458, 46.49630360469564, 5.036976452316367 ], [ 37.545127959001547, 46.493877523003903, 5.024376452316346 ], [ 37.547658120000051, 46.491033107999101, 5.011676452316351 ], [ 37.548508177163967, 46.490000000001601, 5.007476452316268 ], [ 37.550000000001091, 46.488186928874711, 4.999976452316332 ], [ 37.554772774823505, 46.482386387413499, 4.976176452316167 ], [ 37.555132422003226, 46.481949294004153, 4.980476452316225 ], [ 37.556882041983044, 46.479999999999563, 4.999976452316332 ], [ 37.562485177044437, 46.473757411480619, 4.999976452316332 ], [ 37.565857701751156, 46.470000000002983, 5.020676452316366 ], [ 37.567140842846129, 46.468570421424374, 5.014276452316381 ], [ 37.570000000003347, 46.465384965167686, 4.999976452316332 ], [ 37.57333615286916, 46.461668076433853, 4.983276452316204 ], [ 37.574833361521087, 46.460000000002765, 4.975876452316243 ], [ 37.579531462892191, 46.454765731443331, 5.004676452316289 ], [ 37.582213288998901, 46.451777844002208, 5.02117645231624 ], [ 37.583731960959994, 46.450000000000728, 5.031376452316181 ], [ 37.58517655399919, 46.448308877003001, 5.024076452316194 ], [ 37.590000000001965, 46.44223385614896, 4.999976452316332 ], [ 37.591269613491022, 46.440634806745948, 4.993676452316322 ], [ 37.591773637450387, 46.440000000004147, 4.991176452316267 ], [ 37.595025168002394, 46.435904771004061, 4.974876452316266 ], [ 37.597144904631932, 46.433572452317094, 4.964276452316199 ], [ 37.600391741374551, 46.43000000000211, 4.999976452316332 ], [ 37.603393783676438, 46.426696891838219, 5.033076452316209 ], [ 37.605381723000392, 46.424509588003275, 5.023076452316218 ], [ 37.607793212997422, 46.421455842004434, 5.011076452316274 ], [ 37.608843112810064, 46.420000000001892, 5.00577645231624 ], [ 37.61000000000422, 46.41839580409578, 4.999976452316332 ], [ 37.614450115675936, 46.412225057838441, 4.97777645231622 ], [ 37.614785824998762, 46.411759546997928, 4.976076452316192 ], [ 37.616109382375726, 46.409999999999854, 4.969476452316258 ], [ 37.619905862440646, 46.404952931221487, 5.000976452316308 ], [ 37.623075538002013, 46.400739140999576, 5.0272764523163 ], [ 37.623571683619957, 46.400000000003274, 5.032176452316207 ], [ 37.6251870282249, 46.397593514111577, 5.024076452316194 ], [ 37.62798381000357, 46.393426962999001, 5.010076452316298 ], [ 37.630000000002838, 46.390054602563396, 4.999976452316332 ], [ 37.630032644536186, 46.390000000001237, 4.999876452316357 ], [ 37.630046563779615, 46.38997671811012, 4.999776452316382 ], [ 37.634421484999621, 46.382659049002541, 4.977876452316195 ], [ 37.636074712003392, 46.380000000001019, 4.969576452316232 ], [ 37.639377048661117, 46.37468852433085, 5.006276452316342 ], [ 37.641826967999805, 46.37074807600402, 5.033376452316361 ], [ 37.642242158995941, 46.370000000004438, 5.03877645231637 ], [ 37.64392735401816, 46.366963677011881, 5.030376452316204 ], [ 37.644087283999397, 46.366675520997887, 5.029576452316178 ], [ 37.645911661000355, 46.362931190000381, 5.020476452316188 ], [ 37.647141694495076, 46.360000000002401, 5.014276452316381 ], [ 37.649131946003763, 46.355257198001709, 5.004376452316365 ], [ 37.649999999999636, 46.353014875523513, 4.999976452316332 ], [ 37.650977852395954, 46.350488926196704, 4.995076452316198 ], [ 37.651167126841756, 46.350000000002183, 4.994176452316196 ], [ 37.653568110003107, 46.34379787600119, 4.982176452316253 ], [ 37.654299291196367, 46.342149645597601, 4.978476452316272 ], [ 37.655252908132752, 46.340000000000146, 4.999976452316332 ], [ 37.65676324100059, 46.336595404003674, 4.999976452316332 ], [ 37.658131227597551, 46.334065613800703, 4.999976452316332 ], [ 37.660329712338353, 46.330000000003565, 4.999976452316332 ], [ 37.661575541003913, 46.32769611400181, 5.023076452316218 ], [ 37.662333996153393, 46.326166998076587, 5.038376452316243 ], [ 37.663834694998513, 46.323141450000549, 5.030876452316306 ], [ 37.665109477271471, 46.320000000001528, 5.024476452316321 ], [ 37.665306367003723, 46.319514803997663, 5.023476452316345 ], [ 37.66584592779509, 46.317922963899036, 5.020776452316341 ], [ 37.666595073000281, 46.31571279700438, 5.016976452316385 ], [ 37.668140541481989, 46.31000000000131, 5.009276452316271 ], [ 37.668362091142626, 46.309181045573496, 5.00817645231632 ], [ 37.668759636004324, 46.307711528001164, 5.006176452316367 ], [ 37.670000000003711, 46.301738504180321, 4.999976452316332 ], [ 37.670361019483607, 46.299999999999272, 4.999976452316332 ], [ 37.672208336631229, 46.291104168320089, 4.999976452316332 ], [ 37.672437629315027, 46.290000000002692, 4.999976452316332 ], [ 37.6731201470011, 46.28671330799807, 4.999976452316332 ], [ 37.674166620097822, 46.28208331004862, 4.999976452316332 ], [ 37.674637490266832, 46.280000000000655, 4.999976452316332 ], [ 37.674983899003564, 46.27846735499952, 4.999976452316332 ], [ 37.676497766206012, 46.273248883104316, 4.999976452316332 ], [ 37.677440260034928, 46.270000000000437, 4.999976452316332 ], [ 37.678702556228018, 46.265648721886464, 4.999976452316332 ], [ 37.679422480003268, 46.263167063003493, 5.02117645231624 ], [ 37.680141746746813, 46.260000000000218, 5.049276452316235 ], [ 37.680690391003736, 46.257584219001728, 5.046576452316231 ], [ 37.680957041889997, 46.2554785209486, 5.045176452316355 ], [ 37.681171706999521, 46.253783345999182, 5.044176452316378 ], [ 37.681332630916586, 46.25, 5.043376452316352 ], [ 37.681334646002142, 46.249952625001242, 5.043376452316352 ], [ 37.680977678717682, 46.245488839360405, 5.04507645231638 ], [ 37.680724915002429, 46.242328093001561, 5.046376452316281 ], [ 37.68022002689213, 46.24000000000342, 5.048876452316335 ], [ 37.679517437001778, 46.236760283001786, 5.019976452316314 ], [ 37.678888323485808, 46.234444161740612, 4.999976452316332 ], [ 37.677681183648019, 46.229999999999563, 4.999976452316332 ], [ 37.676460464999764, 46.225505847001841, 4.999976452316332 ], [ 37.675976277652808, 46.222988138824803, 4.999976452316332 ], [ 37.675401620492266, 46.220000000002983, 4.999976452316332 ], [ 37.674927782796658, 46.217536108602872, 4.999976452316332 ], [ 37.674922445999982, 46.217508358002306, 4.999976452316332 ], [ 37.674063472824855, 46.210000000000946, 4.999976452316332 ], [ 37.673977747999743, 46.209250672000053, 4.999976452316332 ], [ 37.67361396573142, 46.201806982866401, 4.999976452316332 ], [ 37.673572416002571, 46.20095679500082, 4.999976452316332 ], [ 37.673586092605547, 46.200000000002547, 4.999976452316332 ], [ 37.673688263001168, 46.19285230800233, 4.999976452316332 ], [ 37.673770865483675, 46.191885432741401, 4.999976452316332 ], [ 37.673931942536001, 46.190000000000509, 4.999976452316332 ], [ 37.674343845999829, 46.185178604000612, 4.999976452316332 ], [ 37.674839128914755, 46.182419564454904, 4.999976452316332 ], [ 37.675273471695618, 46.180000000000291, 4.999976452316332 ], [ 37.675595250004335, 46.178207491002468, 4.999976452316332 ], [ 37.675911325422931, 46.177044337289772, 4.999976452316332 ], [ 37.677825553799266, 46.17, 4.999976452316332 ], [ 37.67884609900284, 46.166244406002079, 5.037576452316216 ], [ 37.679054409511082, 46.164527204757178, 5.054776452316219 ], [ 37.679209685004025, 46.163247196000157, 5.053976452316192 ], [ 37.679272174000289, 46.160199193000153, 5.053676452316267 ], [ 37.67925525507053, 46.159999999999854, 5.053676452316267 ], [ 37.678883357999439, 46.155621515001258, 5.011776452316326 ], [ 37.678733734865091, 46.154366867434874, 4.999976452316332 ], [ 37.678212963610349, 46.149999999999636, 4.999976452316332 ], [ 37.677743481999642, 46.146063215999675, 4.999976452316332 ], [ 37.677697121798701, 46.143848560899642, 4.999976452316332 ], [ 37.677671801002361, 46.142638970999542, 4.999976452316332 ], [ 37.677806590170803, 46.139999999999418, 4.999976452316332 ], [ 37.677851620002912, 46.139118383001914, 4.999976452316332 ], [ 37.678623709880412, 46.134311854944826, 4.999976452316332 ], [ 37.679004389003239, 46.131941994999579, 4.999976452316332 ], [ 37.679561906632443, 46.130000000002838, 4.999976452316332 ], [ 37.6805442090008, 46.126578356999744, 4.999976452316332 ], [ 37.681283492025614, 46.124358253986429, 4.999976452316332 ], [ 37.682734768466617, 46.1200000000008, 5.036276452316315 ], [ 37.683771755375346, 46.116885877689128, 5.031176452316231 ], [ 37.684254175001115, 46.115437148000638, 5.028776452316379 ], [ 37.685653821667074, 46.110000000002401, 5.021776452316317 ], [ 37.686149433724495, 46.108074716861665, 5.019276452316262 ], [ 37.686350108004262, 46.107295166000767, 5.018276452316286 ], [ 37.687808521397528, 46.100000000000364, 5.010976452316299 ], [ 37.688007669785293, 46.099003834893665, 5.009976452316323 ], [ 37.688070166999751, 46.098691216000589, 5.009676452316171 ], [ 37.689543455242529, 46.090000000001965, 5.00227645231621 ], [ 37.689579127281831, 46.089789563642626, 5.00207645231626 ], [ 37.690000000000509, 46.087306753017401, 4.999976452316332 ], [ 37.691141823614089, 46.080570911806717, 4.994276452316171 ], [ 37.691238601519217, 46.08, 4.993776452316297 ], [ 37.691870093000034, 46.07627470800071, 4.990676452316166 ], [ 37.692829218975021, 46.071414609488784, 4.985876452316234 ], [ 37.693108387953544, 46.069999999999709, 4.999976452316332 ], [ 37.693635550003819, 46.067328756000279, 4.999976452316332 ], [ 37.694660413004385, 46.062929767000242, 4.999976452316332 ], [ 37.694811099354411, 46.062405549677351, 4.999976452316332 ], [ 37.695502574963029, 46.059999999999491, 4.999976452316332 ], [ 37.696426177852118, 46.056786911074596, 4.999976452316332 ], [ 37.697120658003769, 46.054370908999772, 4.999976452316332 ], [ 37.69875979446806, 46.049999999999272, 4.999976452316332 ], [ 37.700781354707942, 46.044609322647375, 4.999976452316332 ], [ 37.701695552001183, 46.042171531002168, 5.019776452316364 ], [ 37.702454845077227, 46.040000000002692, 5.037676452316191 ], [ 37.703577656753623, 46.036788828378121, 5.032076452316232 ], [ 37.703851088001102, 46.036006832002386, 5.030776452316331 ], [ 37.705060904001584, 46.031737735002025, 5.024676452316271 ], [ 37.705463469055758, 46.030000000000655, 5.022676452316318 ], [ 37.706074797997644, 46.027361103000658, 5.019576452316187 ], [ 37.707072105575207, 46.021463947214215, 5.01467645231628 ], [ 37.707319683506284, 46.020000000002256, 5.013376452316379 ], [ 37.70759835300305, 46.01835220599969, 5.011976452316276 ], [ 37.708380019557808, 46.010809990222697, 5.008076452316345 ], [ 37.708463966009731, 46.010000000000218, 5.007676452316218 ], [ 37.708539640976596, 46.009269820489862, 5.007276452316319 ], [ 37.708557145002487, 46.009100925999519, 5.007176452316344 ], [ 37.709023780325879, 46.000000000001819, 5.004876452316239 ], [ 37.709038569002587, 45.999711572001615, 5.004776452316264 ], [ 37.709041668864302, 45.999520834429859, 5.004776452316264 ], [ 37.70911522499955, 45.994994846001646, 5.004376452316365 ], [ 37.709085030002825, 45.990278637000301, 5.004576452316314 ], [ 37.70907346232525, 45.989999999999782, 5.004676452316289 ], [ 37.709053821932685, 45.98952691096747, 5.004776452316264 ], [ 37.7086954050028, 45.980893525000283, 5.006476452316292 ], [ 37.708611224734341, 45.980000000001382, 5.006976452316167 ], [ 37.708542571523139, 45.97927128576157, 5.007276452316319 ], [ 37.707824681001512, 45.971651292002207, 5.010876452316325 ], [ 37.70755975110842, 45.969999999999345, 5.012176452316226 ], [ 37.706381723002778, 45.96265742200012, 5.018076452316336 ], [ 37.706193167774472, 45.961903416113273, 5.019076452316312 ], [ 37.705717178050691, 45.960000000000946, 5.02137645231619 ], [ 37.704225394001696, 45.954034565002075, 5.028876452316354 ], [ 37.703887769808716, 45.95305611510048, 5.030576452316382 ], [ 37.702833225877839, 45.950000000002547, 5.035876452316188 ], [ 37.702106384000217, 45.947893580003438, 5.018376452316261 ], [ 37.701254060266365, 45.945627030134347, 4.999976452316332 ], [ 37.699138046233202, 45.940000000000509, 4.999976452316332 ], [ 37.697691813875281, 45.936154093064033, 4.999976452316332 ], [ 37.697545615999843, 45.935765315000026, 4.999976452316332 ], [ 37.695832676585269, 45.93000000000211, 4.999976452316332 ], [ 37.695078271090097, 45.927460864457316, 4.974576452316342 ], [ 37.695024096001362, 45.927278525001384, 4.974876452316266 ], [ 37.693278924190963, 45.92, 4.983576452316356 ], [ 37.692925163000837, 45.918524581002202, 4.985376452316359 ], [ 37.691186111103889, 45.910593055554273, 4.994076452316222 ], [ 37.691056078820111, 45.910000000001673, 4.994676452316298 ], [ 37.690000000000509, 45.905183400778697, 4.999976452316332 ], [ 37.68904323800416, 45.900819769, 5.004776452316264 ], [ 37.688828430707872, 45.899999999999636, 5.005876452316215 ], [ 37.686777140999766, 45.89217166400158, 5.016076452316383 ], [ 37.686624124922673, 45.891687937541064, 5.016876452316183 ], [ 37.686090183527995, 45.890000000001237, 5.019576452316187 ], [ 37.685448050004197, 45.88797003700347, 5.022776452316293 ], [ 37.68533672932972, 45.887668364666752, 5.023276452316168 ], [ 37.683938980004314, 45.883880548000889, 5.03027645231623 ], [ 37.682217757905164, 45.8799999999992, 5.038876452316345 ], [ 37.681333345000894, 45.878006064000147, 5.02337645231637 ], [ 37.679789546316897, 45.874894773158303, 4.999976452316332 ], [ 37.677360797364599, 45.8700000000008, 4.999976452316332 ], [ 37.675651121002375, 45.866554408001321, 4.999976452316332 ], [ 37.673500334518394, 45.861750167256105, 4.999976452316332 ], [ 37.672716810895508, 45.860000000002401, 4.986376452316335 ], [ 37.672219902400684, 45.858890048801186, 4.988876452316163 ], [ 37.670000000003711, 45.853931422912865, 4.999976452316332 ], [ 37.668616229002509, 45.85084047500095, 5.006876452316192 ], [ 37.668194887448408, 45.850000000000364, 5.008976452316347 ], [ 37.667591073679432, 45.848795536841862, 5.012076452316251 ], [ 37.664779873997759, 45.843187869999383, 5.026076452316374 ], [ 37.662867214270591, 45.840000000001965, 5.035676452316238 ], [ 37.661511736001557, 45.837740795999707, 5.019876452316339 ], [ 37.659561475631563, 45.83478073781589, 4.999976452316332 ], [ 37.656411644471518, 45.83, 4.999976452316332 ], [ 37.6545269690032, 45.82713948500168, 4.999976452316332 ], [ 37.649999999999636, 45.820022076126406, 4.999976452316332 ], [ 37.649985958665638, 45.820000000001528, 5.000076452316307 ], [ 37.649979410898595, 45.819989705451007, 5.000076452316307 ], [ 37.647688672002914, 45.816388151004503, 5.011576452316376 ], [ 37.645282796003812, 45.812893833000999, 5.02357645231632 ], [ 37.64301171938132, 45.809999999999491, 5.034976452316187 ], [ 37.639412206000998, 45.805413457001123, 5.007076452316369 ], [ 37.639341312560646, 45.805329343720587, 5.006576452316267 ], [ 37.634849566140474, 45.800000000001091, 4.975776452316268 ], [ 37.630000000002838, 45.794246112218389, 4.999976452316332 ], [ 37.627848780000932, 45.79169374400044, 5.01077645231635 ], [ 37.626326124689513, 45.790000000002692, 5.018376452316261 ], [ 37.623326367223854, 45.786663183611381, 4.999976452316332 ], [ 37.617336245968545, 45.780000000000655, 4.999976452316332 ], [ 37.615389956999934, 45.777835021999636, 4.999976452316332 ], [ 37.61000000000422, 45.771468226026627, 4.999976452316332 ], [ 37.609126696966996, 45.770436651519049, 5.004376452316365 ], [ 37.608757039623015, 45.770000000002256, 5.006176452316367 ], [ 37.607623735002562, 45.768661303000044, 5.011876452316301 ], [ 37.604943724001714, 45.765788479999173, 5.025276452316348 ], [ 37.602687271692048, 45.763656364157214, 5.03657645231624 ], [ 37.601147989003948, 45.762201899999127, 5.021976452316267 ], [ 37.59861487192029, 45.760000000000218, 4.999976452316332 ], [ 37.595469025001876, 45.757265487500263, 4.972676452316364 ], [ 37.593201440000485, 45.755294400001731, 4.983976452316256 ], [ 37.590000000001965, 45.752397818701866, 4.999976452316332 ], [ 37.587349816247297, 45.750000000001819, 5.013276452316177 ], [ 37.584076161767371, 45.747038080884522, 4.999976452316332 ], [ 37.577977879998798, 45.74152051099918, 4.975276452316166 ], [ 37.57633111747964, 45.739999999999782, 4.968376452316306 ], [ 37.570000000003347, 45.734154267143822, 4.999976452316332 ], [ 37.565500794515174, 45.730000000001382, 5.022476452316369 ], [ 37.56227013300304, 45.727017022001746, 5.00877645231617 ], [ 37.55985912077449, 45.724929560386954, 4.999976452316332 ], [ 37.554165492545508, 45.719999999999345, 4.979176452316324 ], [ 37.550000000001091, 45.716393504073494, 4.999976452316332 ], [ 37.545641781003724, 45.712620145000983, 5.021776452316317 ], [ 37.54529909662233, 45.712350451689417, 5.023476452316345 ], [ 37.542312507586757, 45.710000000000946, 5.038476452316218 ], [ 37.540357979003602, 45.708461782000086, 5.032876452316259 ], [ 37.534825545999411, 45.704449637001744, 5.020376452316214 ], [ 37.530000000004293, 45.701242694780376, 5.012476452316378 ], [ 37.52813009390411, 45.700000000002547, 5.009376452316246 ], [ 37.52244911458547, 45.696224557290407, 4.999976452316332 ], [ 37.513082906702039, 45.690000000000509, 4.984576452316333 ], [ 37.51175928909106, 45.689120355458726, 4.991176452316267 ], [ 37.511674814999424, 45.689064216001498, 4.991576452316167 ], [ 37.510000000000218, 45.687905557235354, 4.999976452316332 ], [ 37.5004188540006, 45.681277195999428, 4.999976452316332 ], [ 37.498739753957125, 45.68000000000211, 4.999976452316332 ], [ 37.495273367083428, 45.677363316459378, 4.97367645231634 ], [ 37.495110432000729, 45.677239381000618, 4.974476452316367 ], [ 37.49000000000342, 45.673085979058669, 4.999976452316332 ], [ 37.486202947286074, 45.67, 5.018976452316338 ], [ 37.483287090004524, 45.667630195001038, 5.009876452316348 ], [ 37.479736060200594, 45.664868030102298, 4.999976452316332 ], [ 37.473477737255962, 45.660000000001673, 4.98257645231638 ], [ 37.469999999999345, 45.65729484563235, 4.999976452316332 ], [ 37.466651514998375, 45.654690229999687, 5.016776452316208 ], [ 37.464083426184516, 45.652958286909779, 5.029576452316178 ], [ 37.459696940550202, 45.649999999999636, 4.999976452316332 ], [ 37.450000000002547, 45.643460292678355, 4.999976452316332 ], [ 37.444869150760496, 45.640000000001237, 5.025676452316247 ], [ 37.440393590000895, 45.636981640001977, 5.017876452316386 ], [ 37.434645686002114, 45.633435711999482, 5.011176452316249 ], [ 37.430000000003929, 45.630763443718024, 5.007676452316218 ], [ 37.42867276807192, 45.6299999999992, 5.006676452316242 ], [ 37.422542768003041, 45.626473932001318, 5.001976452316285 ], [ 37.416568571859898, 45.623284285929913, 4.999976452316332 ], [ 37.410417115585005, 45.6200000000008, 4.999976452316332 ], [ 37.410000000001673, 45.619777300400528, 4.999976452316332 ], [ 37.403420801003449, 45.61626464100118, 4.999976452316332 ], [ 37.39100153484469, 45.610000000002401, 4.999976452316332 ], [ 37.390000000003056, 45.609494796541185, 4.999976452316332 ], [ 37.383679607999511, 45.606306605999634, 4.999976452316332 ], [ 37.370438262081734, 45.600000000000364, 4.999976452316332 ], [ 37.370213807274922, 45.599893096363303, 4.998976452316356 ], [ 37.3700000000008, 45.599791263952284, 4.999976452316332 ], [ 37.363609101003021, 45.596747398001753, 4.999976452316332 ], [ 37.362649787055489, 45.596324893525889, 4.999976452316332 ], [ 37.350080118003461, 45.590788915002122, 5.007476452316268 ], [ 37.350000000002183, 45.590757415178814, 5.007576452316243 ], [ 37.348073557741372, 45.590000000001965, 5.009676452316171 ], [ 37.336400981001134, 45.585410718000276, 5.022076452316242 ], [ 37.33, 45.583216980392535, 5.032176452316207 ], [ 37.3294850580005, 45.583040500001516, 5.030376452316204 ], [ 37.326002366045941, 45.581998816980558, 5.019976452316314 ], [ 37.320117935003509, 45.580238766999173, 5.002376452316184 ], [ 37.319258999403246, 45.58, 4.999976452316332 ], [ 37.31330833339598, 45.578345833302592, 4.999976452316332 ], [ 37.31000000000131, 45.577426182471754, 4.999976452316332 ], [ 37.298407266820504, 45.574203633412253, 4.999976452316332 ], [ 37.296687394000401, 45.573725543003093, 5.003776452316288 ], [ 37.290000000004511, 45.572049662352583, 5.020476452316188 ], [ 37.287269312149874, 45.571365343928846, 5.013676452316304 ], [ 37.283330512002067, 45.570378268999775, 5.003776452316288 ], [ 37.281669999774749, 45.570000000001528, 4.999976452316332 ], [ 37.273652716094148, 45.568173641951944, 4.999976452316332 ], [ 37.270000000002256, 45.567341543737712, 4.999976452316332 ], [ 37.26023335183163, 45.565116675916215, 4.999976452316332 ], [ 37.256494703000499, 45.564265001999956, 5.010176452316273 ], [ 37.250000000003638, 45.562990997750603, 5.02987645231633 ], [ 37.245703580265399, 45.562148209866791, 5.021476452316165 ], [ 37.242986765004389, 45.561615278003956, 5.016176452316358 ], [ 37.232265462498617, 45.559999999999491, 4.999976452316332 ], [ 37.230000000001382, 45.559658684036549, 4.999976452316332 ], [ 37.229022967412675, 45.559511483703318, 4.999976452316332 ], [ 37.21077801499996, 45.556762688000163, 4.999976452316332 ], [ 37.210000000002765, 45.556629974684256, 4.999976452316332 ], [ 37.199769841063244, 45.554884920535187, 4.999976452316332 ], [ 37.190000000000509, 45.553218387114612, 5.032176452316207 ], [ 37.189273833002517, 45.553094517999853, 5.030976452316281 ], [ 37.179558281000936, 45.55187374200068, 5.018776452316388 ], [ 37.172538806051307, 45.551269403025799, 5.012676452316327 ], [ 37.170000000001892, 45.551050825502898, 5.010476452316198 ], [ 37.163217514003918, 45.55046688999937, 5.004676452316289 ], [ 37.156124627115787, 45.550000000001091, 4.999976452316332 ], [ 37.149999999999636, 45.549596845798078, 4.999976452316332 ], [ 37.149071447467577, 45.549535723734152, 4.999976452316332 ], [ 37.130379174999689, 45.548305303002053, 4.999976452316332 ], [ 37.130000000001019, 45.548271627356371, 4.999976452316332 ], [ 37.125796626836745, 45.547898313421683, 4.999976452316332 ], [ 37.1205785200018, 45.547434878000786, 4.999976452316332 ], [ 37.110840963001465, 45.546292622002511, 4.999976452316332 ], [ 37.11000000000422, 45.546166753565558, 4.999976452316332 ], [ 37.099058128029355, 45.544529064016388, 4.999976452316332 ], [ 37.090000000000146, 45.543173317790206, 5.031776452316308 ], [ 37.089223028004199, 45.543057027000032, 5.030576452316382 ], [ 37.07946918199741, 45.541963074001615, 5.019676452316162 ], [ 37.072880660160081, 45.54144033008015, 5.014376452316355 ], [ 37.070000000003347, 45.5412117738706, 5.012076452316251 ], [ 37.069639346002077, 45.541183159000866, 5.011876452316301 ], [ 37.056447034001394, 45.540494603001207, 5.004976452316214 ], [ 37.050706643325611, 45.540353321663133, 5.003576452316338 ], [ 37.05000000000291, 45.540335929899811, 5.003376452316388 ], [ 37.03635085949827, 45.540000000002692, 4.999976452316332 ], [ 37.030297946168503, 45.53985102691513, 4.999976452316332 ], [ 37.030000000002474, 45.539843693926741, 4.999976452316332 ], [ 37.029884204999689, 45.539840844001446, 4.999976452316332 ], [ 37.029679309911444, 45.539839654957177, 4.999976452316332 ], [ 37.010000000000218, 45.539725452068524, 4.999976452316332 ], [ 36.996551536001789, 45.539647408000747, 4.999976452316332 ], [ 36.99064719530179, 45.539676402351688, 4.999976452316332 ], [ 36.989999999999782, 45.539679580520897, 4.999976452316332 ], [ 36.989365393741537, 45.53968269687357, 4.999976452316332 ], [ 36.969999999999345, 45.53977779419256, 4.999976452316332 ], [ 36.960014055999636, 45.539826832000472, 4.999976452316332 ], [ 36.950152620107474, 45.540000000002692, 4.999976452316332 ], [ 36.950005178196079, 45.540002589099458, 4.999976452316332 ], [ 36.950000000000728, 45.540002680027101, 5.000076452316307 ], [ 36.94360050099931, 45.540115055999195, 5.001176452316258 ], [ 36.931037912563625, 45.54051895628254, 5.005176452316164 ], [ 36.930658649001998, 45.540531149999879, 5.005276452316366 ], [ 36.930000000000291, 45.540566542420493, 5.005676452316266 ], [ 36.917986394002583, 45.541212092002752, 5.012076452316251 ], [ 36.91325878117641, 45.541629390589151, 5.016276452316333 ], [ 36.909999999999854, 45.541917037824533, 5.019176452316287 ], [ 36.905721103003089, 45.542294729002606, 5.022976452316243 ], [ 36.899798553002256, 45.543044147003457, 5.030476452316179 ], [ 36.896993546670274, 45.543496773336301, 5.034976452316187 ], [ 36.894054735001191, 45.543970991000606, 5.020276452316239 ], [ 36.889999999999418, 45.544754402651961, 4.999976452316332 ], [ 36.885670942003344, 45.545590816000185, 4.999976452316332 ], [ 36.882231755354951, 45.546115877679767, 4.999976452316332 ], [ 36.876994651000132, 45.54691542799992, 4.999976452316332 ], [ 36.870000000002619, 45.547662482727901, 4.999976452316332 ], [ 36.867961088999436, 45.547880246002023, 4.999976452316332 ], [ 36.866013331762588, 45.548006665880166, 4.999976452316332 ], [ 36.850000000002183, 45.54904601688213, 4.999976452316332 ], [ 36.849189156000648, 45.549098645000413, 4.999976452316332 ], [ 36.848272010243818, 45.54913600512009, 4.999976452316332 ], [ 36.830000000001746, 45.549880319182193, 4.999976452316332 ], [ 36.829778670195083, 45.549889335099579, 4.999976452316332 ], [ 36.827061980653525, 45.550000000001091, 4.999976452316332 ], [ 36.811285330149985, 45.550642665075429, 5.006476452316292 ], [ 36.81000000000131, 45.550695023262961, 5.006976452316167 ], [ 36.804374650999307, 45.550924172999657, 5.009276452316271 ], [ 36.793441666790386, 45.551720833396757, 5.017176452316335 ], [ 36.791936806002923, 45.551830488999258, 5.018276452316286 ], [ 36.790000000000873, 45.552030436016139, 5.020276452316239 ], [ 36.785881056002836, 45.552455657001701, 5.024576452316296 ], [ 36.779970449002576, 45.553234622000673, 5.032376452316385 ], [ 36.777352719493138, 45.55367635975017, 5.03677645231619 ], [ 36.774237009003627, 45.554202131001148, 5.02117645231624 ], [ 36.770000000000437, 45.555069468069632, 4.999976452316332 ], [ 36.765869501001362, 45.55591500200353, 4.999976452316332 ], [ 36.762824077894038, 45.55641203894811, 4.999976452316332 ], [ 36.754247284003213, 45.557811839000351, 4.999976452316332 ], [ 36.75, 45.558304304035119, 4.999976452316332 ], [ 36.747247015411631, 45.558623507704397, 4.999976452316332 ], [ 36.735375403610306, 45.559999999999491, 4.999976452316332 ], [ 36.729999999999563, 45.560623268498603, 5.006276452316342 ], [ 36.716870022999501, 45.562145666001015, 5.021476452316165 ], [ 36.714862204171368, 45.56243110208743, 5.024276452316371 ], [ 36.710516537003059, 45.563048891999642, 5.030476452316179 ], [ 36.709999999999127, 45.56313373856392, 5.031376452316181 ], [ 36.700666163995265, 45.564666918005969, 4.999976452316332 ], [ 36.690000000002328, 45.566418946145859, 4.999976452316332 ], [ 36.689202376999674, 45.566549963999933, 4.999976452316332 ], [ 36.684373472447987, 45.567186736223448, 4.999976452316332 ], [ 36.682792446999883, 45.567395221001789, 4.999976452316332 ], [ 36.670000000001892, 45.56868493777074, 4.999976452316332 ], [ 36.669909201000337, 45.568694092000442, 4.999976452316332 ], [ 36.66772267165652, 45.568861335830661, 4.999976452316332 ], [ 36.652835888375193, 45.570000000001528, 4.999976452316332 ], [ 36.650376264680744, 45.570188132343901, 5.00187645231631 ], [ 36.650000000001455, 45.570216912174146, 5.002176452316235 ], [ 36.649487824890457, 45.570256087556118, 5.002576452316362 ], [ 36.638045109002633, 45.571131320999484, 5.011276452316224 ], [ 36.630000000001019, 45.571963531516303, 5.019676452316162 ], [ 36.62581367200255, 45.572396578001644, 5.023976452316219 ], [ 36.619901785001275, 45.573217372000727, 5.032176452316207 ], [ 36.617328787606311, 45.573664393803483, 5.036676452316215 ], [ 36.614167077999809, 45.574213696003426, 5.020876452316315 ], [ 36.610000000000582, 45.575079183698108, 4.999976452316332 ], [ 36.605797762002112, 45.575951974002237, 4.999976452316332 ], [ 36.594326521464609, 45.577836739266786, 4.999976452316332 ], [ 36.594174036999902, 45.577861793002739, 4.999976452316332 ], [ 36.590000000000146, 45.578348748671488, 4.999976452316332 ], [ 36.587322279205182, 45.578661139603355, 4.999976452316332 ], [ 36.575845971976378, 45.58, 4.999976452316332 ], [ 36.569999999999709, 45.580682008614531, 5.006776452316217 ], [ 36.556830191002518, 45.582218438001291, 5.022176452316216 ], [ 36.5549757431545, 45.58248787157936, 5.024876452316221 ], [ 36.550496560999818, 45.583138653999413, 5.031376452316181 ], [ 36.549999999999272, 45.583223849012938, 5.032276452316182 ], [ 36.540184057976148, 45.584907971013308, 4.999976452316332 ], [ 36.530000000002474, 45.586655250695912, 4.999976452316332 ], [ 36.529320684001505, 45.586771800999486, 4.999976452316332 ], [ 36.524841652653777, 45.587420826330344, 4.999976452316332 ], [ 36.522984564999206, 45.587689924001097, 4.999976452316332 ], [ 36.510000000002037, 45.589195457669121, 4.999976452316332 ], [ 36.503061176634219, 45.590000000001965, 4.999976452316332 ], [ 36.492458676315437, 45.591229338158882, 5.0122764523162 ], [ 36.490000000001601, 45.591514416630162, 5.015176452316382 ], [ 36.485627965999811, 45.59202134500083, 5.020176452316264 ], [ 36.476904800903867, 45.593452400453316, 5.034476452316312 ], [ 36.474024057999486, 45.593924993001565, 5.020076452316289 ], [ 36.470000000001164, 45.594765117606585, 4.999976452316332 ], [ 36.465692950003358, 45.595664324000609, 4.999976452316332 ], [ 36.460000962000777, 45.596666101000665, 4.999976452316332 ], [ 36.455343329154857, 45.597328335425118, 4.999976452316332 ], [ 36.454150725001455, 45.597497903001567, 4.999976452316332 ], [ 36.450000000000728, 45.597950735216727, 4.999976452316332 ], [ 36.446635569835053, 45.598317784915707, 4.999976452316332 ], [ 36.442123040000297, 45.598810089002654, 4.999976452316332 ], [ 36.430000000000291, 45.599901910065455, 4.999976452316332 ], [ 36.428910857981464, 45.600000000000364, 4.999976452316332 ], [ 36.417684893003752, 45.601011029000801, 5.010076452316298 ], [ 36.413124238390083, 45.601562119196387, 5.015576452316282 ], [ 36.409999999999854, 45.60193963893289, 5.019376452316237 ], [ 36.405796061999354, 45.602447625002242, 5.024476452316321 ], [ 36.400060937001399, 45.603382602001147, 5.03377645231626 ], [ 36.397726194147253, 45.603863097076101, 5.038676452316167 ], [ 36.394522841001162, 45.604522354002256, 5.022576452316343 ], [ 36.389999999999418, 45.605620960210217, 4.999976452316332 ], [ 36.384105493063544, 45.607052746530826, 4.999976452316332 ], [ 36.378343746999235, 45.608452284999657, 4.999976452316332 ], [ 36.371419309292833, 45.610000000002401, 4.999976452316332 ], [ 36.370438466125051, 45.610219233061798, 5.002176452316235 ], [ 36.370000000002619, 45.610317236776609, 5.003176452316211 ], [ 36.358948087001409, 45.612787504001972, 5.027876452316377 ], [ 36.356769674230236, 45.613384837115518, 5.033876452316235 ], [ 36.353555113002585, 45.614266287999271, 5.017776452316184 ], [ 36.350000000002183, 45.615338717776467, 4.999976452316332 ], [ 36.344185450936493, 45.617092725467955, 4.999976452316332 ], [ 36.340136628003165, 45.618314086999817, 4.999976452316332 ], [ 36.333572200865092, 45.6200000000008, 4.999976452316332 ], [ 36.331212211442107, 45.620606105723709, 5.006076452316165 ], [ 36.330000000001746, 45.62091743266501, 5.009176452316296 ], [ 36.32622726446607, 45.621886367767729, 4.999976452316332 ], [ 36.322114390999559, 45.622942659001637, 4.999976452316332 ], [ 36.31000000000131, 45.625734061613912, 4.999976452316332 ], [ 36.308652495999922, 45.626044553999236, 4.999976452316332 ], [ 36.303741023470138, 45.626870511734523, 4.999976452316332 ], [ 36.296329409000464, 45.628116915999271, 4.999976452316332 ], [ 36.290000000000873, 45.628941624394429, 4.999976452316332 ], [ 36.281877259689281, 45.6299999999992, 4.999976452316332 ], [ 36.272455317614003, 45.631227658810531, 5.0122764523162 ], [ 36.271779196000352, 45.631315755999822, 5.013176452316202 ], [ 36.270000000000437, 45.631601290077015, 5.015976452316181 ], [ 36.260086114001751, 45.633192318999136, 5.031876452316283 ], [ 36.257485659676604, 45.63374282984114, 5.037476452316241 ], [ 36.254523240000708, 45.634369968000101, 5.022576452316343 ], [ 36.25, 45.635484502767213, 4.999976452316332 ], [ 36.24395031356471, 45.636975156781773, 4.999976452316332 ], [ 36.24106849600139, 45.637685241999861, 4.999976452316332 ], [ 36.230246970011649, 45.640000000001237, 4.999976452316332 ], [ 36.230073998351145, 45.640036999177028, 5.000376452316232 ], [ 36.229999999999563, 45.640052827651743, 5.000576452316182 ], [ 36.219050190002235, 45.642395025999576, 5.023976452316219 ], [ 36.216295449703466, 45.643147724849769, 5.031476452316383 ], [ 36.209999999999127, 45.644867878925652, 4.999976452316332 ], [ 36.203362815598666, 45.646681407799406, 4.999976452316332 ], [ 36.198004458001378, 45.64814551299969, 4.999976452316332 ], [ 36.190314429395585, 45.649999999999636, 4.999976452316332 ], [ 36.190000000002328, 45.650075826146349, 5.000776452316359 ], [ 36.178892287001872, 45.652754504004406, 5.027576452316225 ], [ 36.176756343902525, 45.653378171951772, 5.03377645231626 ], [ 36.173576560000583, 45.654306628000995, 5.017876452316386 ], [ 36.170000000001892, 45.655474970824798, 4.999976452316332 ], [ 36.164526174183266, 45.65726308709236, 4.999976452316332 ], [ 36.160419021000052, 45.65860475700174, 4.999976452316332 ], [ 36.155855029923259, 45.660000000001673, 4.999976452316332 ], [ 36.152221555505093, 45.661110777753493, 5.011076452316274 ], [ 36.150000000001455, 45.661789922321987, 5.017876452316386 ], [ 36.140787520600497, 45.664606239699424, 4.999976452316332 ], [ 36.130000000001019, 45.66790405784559, 4.999976452316332 ], [ 36.127398629112577, 45.668699314557671, 4.999976452316332 ], [ 36.12314394603527, 45.67, 4.999976452316332 ], [ 36.119384592000642, 45.671149260002494, 5.011476452316174 ], [ 36.115143739410996, 45.672571869707099, 5.025676452316247 ], [ 36.110000000000582, 45.674297356134048, 4.999976452316332 ], [ 36.106313912003316, 45.675533867999548, 4.999976452316332 ], [ 36.101056956002139, 45.677145486000882, 4.999976452316332 ], [ 36.09053438340743, 45.68000000000211, 4.999976452316332 ], [ 36.090000000000146, 45.680144965017462, 5.001476452316183 ], [ 36.079739180000615, 45.682928472002459, 5.029276452316253 ], [ 36.077388949815941, 45.683694474908407, 5.036976452316367 ], [ 36.074669764999271, 45.684580729999652, 5.02337645231637 ], [ 36.069999999999709, 45.686333139159615, 4.999976452316332 ], [ 36.060228664155147, 45.690000000000509, 4.999976452316332 ], [ 36.054385496863688, 45.692192748430898, 5.021976452316267 ], [ 36.049999999999272, 45.693838481109196, 4.999976452316332 ], [ 36.045334979000472, 45.695589110000583, 4.999976452316332 ], [ 36.042836587324928, 45.696418293664465, 4.999976452316332 ], [ 36.037687944999561, 45.698127060999468, 4.999976452316332 ], [ 36.031468618019062, 45.700000000002547, 4.999976452316332 ], [ 36.030552047242963, 45.700276023620972, 5.002776452316311 ], [ 36.030000000002474, 45.700442271645443, 5.004376452316365 ], [ 36.019098608001514, 45.703725206003583, 5.037276452316291 ], [ 36.018142037479265, 45.704071018741161, 5.040676452316347 ], [ 36.013900485999329, 45.705604395001501, 5.019476452316212 ], [ 36.010000000002037, 45.707213662686627, 4.999976452316332 ], [ 36.006946751775104, 45.708473375889298, 4.999976452316332 ], [ 36.003246574333389, 45.710000000000946, 4.999976452316332 ], [ 36.000409364001825, 45.711170579999816, 4.999976452316332 ], [ 35.994340635001208, 45.713396725001076, 4.999976452316332 ], [ 35.990000000001601, 45.714791383297779, 4.999976452316332 ], [ 35.988106067999979, 45.715399909002372, 4.999976452316332 ], [ 35.983388237564213, 45.716694118780651, 4.999976452316332 ], [ 35.982422084003701, 45.716959157000019, 4.999976452316332 ], [ 35.970000000001164, 45.719860213288484, 4.999976452316332 ], [ 35.969401444808682, 45.719999999999345, 4.999976452316332 ], [ 35.959707877002074, 45.722263838000799, 5.022676452316318 ], [ 35.956339260394088, 45.723169630198754, 5.031676452316333 ], [ 35.954308185000627, 45.723715768999682, 5.021576452316367 ], [ 35.950000000000728, 45.72498797897606, 4.999976452316332 ], [ 35.943697954591698, 45.726848977295958, 4.999976452316332 ], [ 35.941178913002659, 45.727592851999361, 4.999976452316332 ], [ 35.931955344596645, 45.730000000001382, 4.999976452316332 ], [ 35.930670586878477, 45.730335293439566, 5.003376452316388 ], [ 35.930000000000291, 45.730510301827962, 5.005076452316189 ], [ 35.925022713001454, 45.731809263999821, 5.018076452316336 ], [ 35.919771148999644, 45.73338817700278, 5.033876452316235 ], [ 35.918020151819292, 45.734010075910192, 5.040076452316271 ], [ 35.914700762999928, 45.735189017999801, 5.023476452316345 ], [ 35.909999999999854, 45.737266582173106, 4.999976452316332 ], [ 35.907098169145684, 45.738549084573606, 4.999976452316332 ], [ 35.903815281597417, 45.739999999999782, 4.999976452316332 ], [ 35.897635569999693, 45.742731205002201, 5.0272764523163 ], [ 35.896550771809416, 45.743275385902962, 5.032776452316284 ], [ 35.892789667001125, 45.745162115999847, 5.013976452316228 ], [ 35.889999999999418, 45.74673645744042, 4.999976452316332 ], [ 35.884217139469911, 45.750000000001819, 4.999976452316332 ], [ 35.880088704001537, 45.75232987200252, 4.999976452316332 ], [ 35.874342612001783, 45.75540190799984, 4.999976452316332 ], [ 35.870000000004438, 45.757569652801976, 4.999976452316332 ], [ 35.867567658138796, 45.758783829069216, 4.999976452316332 ], [ 35.865131320395449, 45.760000000000218, 4.999976452316332 ], [ 35.862461153001277, 45.761332894002408, 4.999976452316332 ], [ 35.850402768999629, 45.766763930001616, 4.999976452316332 ], [ 35.850000000004002, 45.766934041032073, 4.999976452316332 ], [ 35.846675940547357, 45.768337970275752, 4.999976452316332 ], [ 35.842740780961321, 45.770000000002256, 4.999976452316332 ], [ 35.835834114268437, 45.77291705713651, 5.029176452316278 ], [ 35.834806828999717, 45.773350935001872, 5.024076452316194 ], [ 35.830000000001746, 45.775642168851846, 4.999976452316332 ], [ 35.820857611863175, 45.780000000000655, 4.999976452316332 ], [ 35.815299082267302, 45.782649541133651, 5.026476452316274 ], [ 35.813338879001094, 45.783583895999982, 5.016676452316233 ], [ 35.81000000000131, 45.785326268924109, 4.999976452316332 ], [ 35.805426178054404, 45.787713089026511, 4.999976452316332 ], [ 35.80104381023375, 45.790000000002692, 4.999976452316332 ], [ 35.795639945439689, 45.79281997272119, 5.028176452316302 ], [ 35.792538108002191, 45.794438647000788, 5.012676452316327 ], [ 35.790000000000873, 45.795896238141722, 4.999976452316332 ], [ 35.786179997665386, 45.798089998834257, 4.999976452316332 ], [ 35.782854106673767, 45.800000000001091, 4.999976452316332 ], [ 35.780388862001928, 45.801415747002466, 4.999976452316332 ], [ 35.774938002001363, 45.804273624002235, 4.999976452316332 ], [ 35.770000000000437, 45.806625352064657, 4.999976452316332 ], [ 35.766543257657759, 45.808271628829971, 4.999976452316332 ], [ 35.762914138949782, 45.809999999999491, 4.999976452316332 ], [ 35.759615000000849, 45.811571218002427, 5.015676452316256 ], [ 35.756403383384168, 45.813201691691575, 5.031976452316258 ], [ 35.754951619999702, 45.813938723002138, 5.024776452316246 ], [ 35.75, 45.816819851477703, 4.999976452316332 ], [ 35.747060468942436, 45.818530234470018, 4.999976452316332 ], [ 35.744534472460145, 45.820000000001528, 4.999976452316332 ], [ 35.739735806999306, 45.822792131000824, 5.027876452316377 ], [ 35.737949963455321, 45.823974981727588, 5.039776452316346 ], [ 35.735661814002015, 45.825490533999982, 5.028276452316277 ], [ 35.729999999999563, 45.829946634888984, 4.999976452316332 ], [ 35.729958536709091, 45.829979268353782, 4.999976452316332 ], [ 35.729932195581569, 45.83, 4.999976452316332 ], [ 35.724379947003399, 45.834369868001886, 4.999976452316332 ], [ 35.721988852919822, 45.835994426459365, 4.999976452316332 ], [ 35.720398441002544, 45.83707498500371, 4.999976452316332 ], [ 35.716276122999261, 45.83962937600154, 4.999976452316332 ], [ 35.715675451578136, 45.840000000001965, 4.999976452316332 ], [ 35.713134999807153, 45.841567499903249, 5.015676452316256 ], [ 35.709999999999127, 45.843501845574792, 4.999976452316332 ], [ 35.705967512001735, 45.845989956000267, 4.999976452316332 ], [ 35.698650804908539, 45.850000000000364, 4.999976452316332 ], [ 35.694523775418929, 45.852261887708664, 5.022576452316343 ], [ 35.693041835002077, 45.853074090002337, 5.015176452316382 ], [ 35.690000000000509, 45.854847906644864, 4.999976452316332 ], [ 35.686706268999842, 45.85676861399952, 4.999976452316332 ], [ 35.680881220647279, 45.860000000002401, 4.999976452316332 ], [ 35.675722971698633, 45.862861485851681, 5.028576452316202 ], [ 35.673730456999692, 45.863966813001753, 5.018676452316186 ], [ 35.67, 45.866339065370994, 4.999976452316332 ], [ 35.666777104215726, 45.868388552109536, 4.999976452316332 ], [ 35.664243041166628, 45.8700000000008, 4.999976452316332 ], [ 35.661224707002475, 45.871919403001812, 5.019176452316287 ], [ 35.658142727419545, 45.874071363708936, 5.040676452316347 ], [ 35.655094436000581, 45.876199801999974, 5.025476452316298 ], [ 35.650636531834607, 45.8799999999992, 5.003176452316211 ], [ 35.650401208624316, 45.880200604313359, 5.001976452316285 ], [ 35.650000000003274, 45.880542619785047, 4.999976452316332 ], [ 35.643530638004449, 45.886057510999308, 4.999976452316332 ], [ 35.64296370278862, 45.886481851392091, 4.999976452316332 ], [ 35.638813359000778, 45.889588305999496, 4.999976452316332 ], [ 35.638187938977353, 45.890000000001237, 4.999976452316332 ], [ 35.633803742999589, 45.892885976001708, 4.999976452316332 ], [ 35.630000000002838, 45.895127208159465, 4.999976452316332 ], [ 35.628610931002186, 45.89594567200038, 4.999976452316332 ], [ 35.62539531667062, 45.897697658334437, 4.999976452316332 ], [ 35.621169574320447, 45.899999999999636, 4.999976452316332 ], [ 35.61582444771193, 45.902912223860767, 5.029076452316303 ], [ 35.614718718999939, 45.903514666000774, 5.02357645231632 ], [ 35.610000000000582, 45.90650574949359, 4.999976452316332 ], [ 35.606918313811548, 45.908459156906247, 4.999976452316332 ], [ 35.604487487120423, 45.910000000001673, 4.999976452316332 ], [ 35.59988899900236, 45.912914872000329, 5.029176452316278 ], [ 35.598238896320254, 45.914119448159909, 5.041176452316222 ], [ 35.595929355000408, 45.91580541499934, 5.02967645231638 ], [ 35.591171037051026, 45.92, 5.005876452316215 ], [ 35.59047501400164, 45.920613563001098, 5.002376452316184 ], [ 35.590000000000146, 45.921056337767368, 4.999976452316332 ], [ 35.58515280100255, 45.925574557002619, 4.999976452316332 ], [ 35.583671597411012, 45.926835798703905, 4.999976452316332 ], [ 35.579955556044297, 45.93000000000211, 4.999976452316332 ], [ 35.57627239964313, 45.933136199821092, 5.031376452316181 ], [ 35.573917629002608, 45.935141281999677, 5.019576452316187 ], [ 35.569999999999709, 45.939008515970272, 4.999976452316332 ], [ 35.568995595660454, 45.940000000000509, 4.999976452316332 ], [ 35.563113390999206, 45.945806538000397, 4.999976452316332 ], [ 35.562558751140386, 45.946279375570157, 4.999976452316332 ], [ 35.55865625899969, 45.949606300002415, 4.999976452316332 ], [ 35.558136874689808, 45.950000000002547, 4.999976452316332 ], [ 35.553927904002194, 45.953190453999923, 4.999976452316332 ], [ 35.549999999999272, 45.955859017794864, 4.999976452316332 ], [ 35.546488866679283, 45.958244433339132, 4.999976452316332 ], [ 35.543904818534429, 45.960000000000946, 4.999976452316332 ], [ 35.54255765400012, 45.960915245001161, 5.009176452316296 ], [ 35.538238113622356, 45.964119056810887, 5.041176452316222 ], [ 35.536470029999691, 45.965430448000916, 5.032376452316385 ], [ 35.531575388407873, 45.969999999999345, 5.007876452316168 ], [ 35.531078284000614, 45.9704640880027, 5.005376452316341 ], [ 35.53102818196021, 45.970514090979123, 5.005176452316164 ], [ 35.530000000000655, 45.971540239983369, 4.999976452316332 ], [ 35.524352715983696, 45.977176357991993, 4.999976452316332 ], [ 35.521523479912503, 45.980000000001382, 4.999976452316332 ], [ 35.519125732000248, 45.982393007003338, 5.023976452316219 ], [ 35.517778499328415, 45.98388924966639, 5.038876452316345 ], [ 35.515927173000819, 45.985945341002662, 5.02967645231638 ], [ 35.51301830736702, 45.989999999999782, 5.01507645231618 ], [ 35.512221456370753, 45.991110728185959, 5.011076452316274 ], [ 35.511712019999322, 45.991820830000506, 5.00857645231622 ], [ 35.510000000000218, 45.994558571963353, 4.999976452316332 ], [ 35.507407769451675, 45.998703884728457, 4.999976452316332 ], [ 35.506597256517125, 46.000000000001819, 4.999976452316332 ], [ 35.503976404001151, 46.004191083000478, 4.999976452316332 ], [ 35.502488687357982, 46.006244343681828, 4.999976452316332 ], [ 35.499767477887872, 46.010000000000218, 4.999976452316332 ], [ 35.498354340999867, 46.011950329999308, 5.019476452316212 ], [ 35.497246564627858, 46.013623282313347, 5.036276452316315 ], [ 35.495688965002046, 46.015975553000317, 5.028476452316227 ], [ 35.493891359999907, 46.019197322000764, 5.019476452316212 ], [ 35.493500226441029, 46.020000000002256, 5.017476452316259 ], [ 35.492814494818958, 46.021407247410025, 5.014076452316203 ], [ 35.492246198002249, 46.022573497000849, 5.011276452316224 ], [ 35.489999999999782, 46.027912411474972, 4.999976452316332 ], [ 35.489274353543806, 46.029637176772667, 4.999976452316332 ], [ 35.489121705884827, 46.030000000000655, 4.999976452316332 ], [ 35.486288782003612, 46.036733483999342, 4.999976452316332 ], [ 35.48575593507303, 46.037877967535678, 4.999976452316332 ], [ 35.484767962383557, 46.040000000002692, 4.999976452316332 ], [ 35.483084539000629, 46.04361576699921, 4.999976452316332 ], [ 35.481801796238869, 46.045900898119726, 4.999976452316332 ], [ 35.479500793366242, 46.049999999999272, 4.999976452316332 ], [ 35.478234841002632, 46.052255220001825, 5.022576452316343 ], [ 35.477476375077458, 46.053738187540148, 5.037376452316266 ], [ 35.475945440000942, 46.056731502001639, 5.029776452316355 ], [ 35.474577916191265, 46.059999999999491, 5.022876452316268 ], [ 35.474445487001503, 46.060316516999592, 5.022276452316191 ], [ 35.473877031692609, 46.061938515847942, 5.019376452316237 ], [ 35.473123252000732, 46.064089309000337, 5.015576452316282 ], [ 35.471455858720219, 46.069999999999709, 5.007276452316319 ], [ 35.471275895084545, 46.070637947546857, 5.006376452316317 ], [ 35.470873800000845, 46.072063322000758, 5.004376452316365 ], [ 35.469999999999345, 46.075930320163025, 4.999976452316332 ], [ 35.469080401362589, 46.08, 4.999976452316332 ], [ 35.467143499732629, 46.088571749865878, 4.999976452316332 ], [ 35.466820767498575, 46.090000000001965, 4.999976452316332 ], [ 35.465161947000524, 46.097341103000872, 4.999976452316332 ], [ 35.46510656164719, 46.097553280822467, 4.999976452316332 ], [ 35.46446788787398, 46.100000000000364, 4.999976452316332 ], [ 35.464082247000988, 46.101477366004474, 4.999976452316332 ], [ 35.463574216904817, 46.103212891550356, 4.999976452316332 ], [ 35.462897974999578, 46.105523059999541, 4.999976452316332 ], [ 35.461399777828774, 46.110000000002401, 4.999976452316332 ], [ 35.459671588901983, 46.115164205548353, 4.999976452316332 ], [ 35.459022942000956, 46.117102504002105, 5.016176452316358 ], [ 35.458228843912366, 46.1200000000008, 5.041176452316222 ], [ 35.457440488000429, 46.122876544000974, 5.037176452316316 ], [ 35.456757003592429, 46.126621498206077, 5.03377645231626 ], [ 35.456718142000682, 46.126834429000155, 5.033576452316311 ], [ 35.456378924094679, 46.130000000002838, 5.031876452316283 ], [ 35.45628790000228, 46.130849433999174, 5.031476452316383 ], [ 35.456280097883791, 46.136859951060615, 5.031376452316181 ], [ 35.456277396002406, 46.138941397000963, 5.031376452316181 ], [ 35.45638790549674, 46.139999999999418, 5.031976452316258 ], [ 35.456697367002562, 46.142964422999285, 5.033476452316336 ], [ 35.45730438542887, 46.146347807285565, 5.036476452316265 ], [ 35.457409923001251, 46.146936049999567, 5.037076452316342 ], [ 35.458238030492794, 46.149999999999636, 5.041176452316222 ], [ 35.458979255001395, 46.152742488000513, 5.017476452316259 ], [ 35.459669187643158, 46.154834593820851, 4.999976452316332 ], [ 35.461372630308688, 46.159999999999854, 4.999976452316332 ], [ 35.462837426999613, 46.164441752001949, 4.999976452316332 ], [ 35.463502570175478, 46.166751285089049, 4.999976452316332 ], [ 35.46402042400041, 46.168549395002628, 4.999976452316332 ], [ 35.464376508247369, 46.17, 4.999976452316332 ], [ 35.464991262912008, 46.172504368543741, 4.999976452316332 ], [ 35.466108426000574, 46.177055433001442, 4.999976452316332 ], [ 35.466757989945108, 46.180000000000291, 4.999976452316332 ], [ 35.468835524143287, 46.18941776207248, 4.999976452316332 ], [ 35.468963964340219, 46.190000000000509, 4.999976452316332 ], [ 35.469066885658322, 46.190466557171021, 4.999976452316332 ], [ 35.469999999999345, 46.194696499018391, 4.999976452316332 ], [ 35.470943287002228, 46.198972555002911, 5.004676452316289 ], [ 35.471227497497239, 46.200000000002547, 5.006176452316367 ], [ 35.471424522234884, 46.200712261117587, 5.007076452316369 ], [ 35.473315349001496, 46.207547760001034, 5.016576452316258 ], [ 35.474146153614129, 46.210000000000946, 5.020776452316341 ], [ 35.474723363000521, 46.211703717001001, 5.02357645231632 ], [ 35.475050412745986, 46.212525206372447, 5.025276452316348 ], [ 35.476329499002532, 46.215738037999472, 5.031676452316333 ], [ 35.478388330673624, 46.220000000002983, 5.041976452316248 ], [ 35.479116210000939, 46.221506773999863, 5.030476452316179 ], [ 35.481449197919574, 46.225724598960369, 4.999976452316332 ], [ 35.483814032650116, 46.229999999999563, 4.999976452316332 ], [ 35.489095002043541, 46.23954750102348, 4.999976452316332 ], [ 35.489345290912752, 46.24000000000342, 4.999976452316332 ], [ 35.489999999999782, 46.241183653077314, 4.999976452316332 ], [ 35.493482035999477, 46.247478850000334, 5.017376452316284 ], [ 35.495101901775342, 46.25, 5.025476452316298 ], [ 35.497516673109203, 46.253758336553801, 4.999976452316332 ], [ 35.501527008467747, 46.260000000000218, 4.999976452316332 ], [ 35.503516083999784, 46.263095786000122, 4.999976452316332 ], [ 35.503580302725823, 46.263209848639235, 4.999976452316332 ], [ 35.507403244884699, 46.270000000000437, 4.999976452316332 ], [ 35.510000000000218, 46.274612248778794, 4.999976452316332 ], [ 35.511351937999279, 46.277013504999559, 5.006776452316217 ], [ 35.513272526832225, 46.280000000000655, 5.016376452316308 ], [ 35.515464604999579, 46.283408658000553, 5.0272764523163 ], [ 35.517663548836936, 46.286168225578876, 5.038276452316268 ], [ 35.518533806003688, 46.287260356002662, 5.027376452316275 ], [ 35.520946586890204, 46.290000000002692, 4.999976452316332 ], [ 35.523714416525763, 46.293142791741047, 4.968576452316256 ], [ 35.524960138000097, 46.294557273002283, 4.974776452316291 ], [ 35.529422750722006, 46.299999999999272, 4.997076452316378 ], [ 35.530000000000655, 46.300704029330518, 4.999976452316332 ], [ 35.534214850002172, 46.305844578002507, 5.021076452316265 ], [ 35.535546897961467, 46.307226551023632, 5.027776452316175 ], [ 35.538220153515795, 46.31000000000131, 4.999976452316332 ], [ 35.544482346000223, 46.316496899004051, 4.999976452316332 ], [ 35.545520898207542, 46.317760449104753, 4.999976452316332 ], [ 35.547361656661451, 46.320000000001528, 4.986776452316235 ], [ 35.549999999999272, 46.323209929138102, 4.999976452316332 ], [ 35.553955429350026, 46.328022285330007, 5.019776452316364 ], [ 35.554378835000534, 46.328537420004068, 5.021876452316292 ], [ 35.555691423453027, 46.330000000003565, 5.028476452316227 ], [ 35.55844388800142, 46.333066993001921, 5.011576452316376 ], [ 35.560575716754101, 46.335287858377342, 4.999976452316332 ], [ 35.565098944098281, 46.340000000000146, 4.975476452316343 ], [ 35.569999999999709, 46.345105750335279, 4.999976452316332 ], [ 35.573003054001674, 46.348234228004003, 5.014976452316205 ], [ 35.574871730937957, 46.350000000002183, 5.024376452316346 ], [ 35.580069310004546, 46.354911357002493, 5.001276452316233 ], [ 35.580108475782254, 46.354945762106581, 5.001076452316283 ], [ 35.585862074252873, 46.360000000002401, 4.979276452316299 ], [ 35.590000000000146, 46.363634953188011, 4.999976452316332 ], [ 35.594162875002439, 46.367291823004052, 5.020776452316341 ], [ 35.597671085988623, 46.370000000004438, 5.038376452316243 ], [ 35.599525145000371, 46.371431248002409, 5.033276452316386 ], [ 35.605200948999482, 46.375386842999433, 5.022176452316216 ], [ 35.610000000000582, 46.378472348056675, 5.015276452316357 ], [ 35.611125575002006, 46.3791960260005, 5.013676452316304 ], [ 35.612491019635854, 46.380000000001019, 5.012476452316378 ], [ 35.623518933000014, 46.386493236997921, 5.002676452316337 ], [ 35.629924663744532, 46.389962331875722, 4.999976452316332 ], [ 35.629994218455977, 46.390000000001237, 4.999976452316332 ], [ 35.630000000002838, 46.390003131062258, 4.999976452316332 ], [ 35.6395979664685, 46.395201016766805, 4.995976452316199 ], [ 35.639657312001873, 46.395233156003087, 4.995976452316199 ], [ 35.648897181159555, 46.400000000003274, 4.994476452316349 ], [ 35.649439960650852, 46.400280019677666, 4.997176452316353 ], [ 35.650000000003274, 46.400568943703547, 4.994276452316171 ], [ 35.656173038001725, 46.403753611000866, 4.99337645231617 ], [ 35.668609579844997, 46.409999999999854, 4.993076452316245 ], [ 35.67, 46.410698353713087, 4.99297645231627 ], [ 35.688519549985358, 46.420000000001892, 4.992576452316371 ], [ 35.690000000000509, 46.420743572198262, 4.992576452316371 ], [ 35.708429520122081, 46.43000000000211, 4.992176452316244 ], [ 35.709702698999536, 46.430639468000663, 4.992076452316269 ], [ 35.709999999999127, 46.430787046834666, 4.992176452316244 ], [ 35.728559709432375, 46.440000000004147, 4.992776452316321 ], [ 35.729282459991737, 46.440358770007151, 4.996376452316326 ], [ 35.729999999999563, 46.440714953520001, 4.999976452316332 ], [ 35.743086933000086, 46.447211246000734, 4.999976452316332 ], [ 35.74894601241067, 46.450000000000728, 4.999976452316332 ], [ 35.75, 46.45050166791043, 4.999976452316332 ], [ 35.762975117000678, 46.456677452000804, 4.999976452316332 ], [ 35.766215175246543, 46.458107587624909, 4.999976452316332 ], [ 35.770000000000437, 46.459778178794295, 5.002176452316235 ], [ 35.770502549277808, 46.460000000002765, 5.002476452316387 ], [ 35.776126467000722, 46.462482352002553, 5.00577645231624 ], [ 35.782655275999787, 46.465133084002446, 5.011976452316276 ], [ 35.789143841000623, 46.467552320000323, 5.020176452316264 ], [ 35.790000000000873, 46.467841105200932, 5.021576452316367 ], [ 35.794900827002493, 46.469494170001781, 5.005076452316189 ], [ 35.796526722097042, 46.470000000002983, 4.999976452316332 ], [ 35.81000000000131, 46.474191653058369, 4.999976452316332 ], [ 35.814316161002353, 46.475534447998143, 5.021576452316367 ], [ 35.817448115034495, 46.476275942486609, 5.037276452316291 ], [ 35.819966226999895, 46.476872109004034, 5.031276452316206 ], [ 35.825819409999895, 46.47792519900031, 5.020776452316341 ], [ 35.830000000001746, 46.478495270968779, 5.01507645231618 ], [ 35.83184048899966, 46.478746243003116, 5.012576452316353 ], [ 35.837999371000478, 46.479379015001541, 5.006176452316367 ], [ 35.847356869258874, 46.479999999999563, 4.999976452316332 ], [ 35.850000000004002, 46.480175404205511, 4.998276452316304 ], [ 35.850632343999678, 46.480217368000012, 4.997776452316202 ], [ 35.863558433002254, 46.480653320000783, 4.993476452316372 ], [ 35.868588747554895, 46.480705626225244, 4.99297645231627 ], [ 35.870000000004438, 46.480720300711255, 4.992776452316321 ], [ 35.871471197022402, 46.480735598512183, 4.999976452316332 ], [ 35.879959347001204, 46.480823859999873, 4.999976452316332 ], [ 35.889999999999418, 46.4807341322703, 4.999976452316332 ], [ 35.896491091001735, 46.480676125000173, 4.999976452316332 ], [ 35.909342762031883, 46.480328618985368, 4.999976452316332 ], [ 35.909736478000923, 46.480317973002457, 4.998176452316329 ], [ 35.909999999999854, 46.480303087639186, 4.996976452316176 ], [ 35.915365691393163, 46.479999999999563, 4.999976452316332 ], [ 35.929524188000869, 46.479200240004502, 5.00797645231637 ], [ 35.930000000000291, 46.479150834107713, 5.008476452316245 ], [ 35.942585806000352, 46.477843987999222, 5.021576452316367 ], [ 35.944984157767976, 46.477492078885916, 5.025076452316171 ], [ 35.949053589003597, 46.476894973002345, 5.031076452316256 ], [ 35.950000000000728, 46.476722588111443, 5.032776452316284 ], [ 35.956226657001025, 46.475588428003903, 5.012976452316252 ], [ 35.960645261928221, 46.474677369038545, 4.999976452316332 ], [ 35.970000000001164, 46.47274854349962, 4.999976452316332 ], [ 35.973892090107256, 46.47194604505421, 4.9805764523162 ], [ 35.983330342254703, 46.470000000002983, 4.999976452316332 ], [ 35.98805264497787, 46.469026322492937, 5.009776452316373 ], [ 35.989630510999632, 46.468700987001284, 5.012976452316252 ], [ 35.990000000001601, 46.468616818458031, 5.013876452316254 ], [ 36.001839587950599, 46.465919793972716, 4.981576452316176 ], [ 36.009800012001506, 46.464106432000335, 5.017876452316386 ], [ 36.010000000002037, 46.464056405295196, 5.018876452316363 ], [ 36.015407469427373, 46.462703734712704, 5.045876452316179 ], [ 36.019278956000562, 46.461735288001364, 5.036276452316315 ], [ 36.02454340300028, 46.46025534400178, 5.024776452316246 ], [ 36.025372488693392, 46.460000000002765, 5.023176452316193 ], [ 36.028236109186764, 46.459118054597639, 5.00877645231617 ], [ 36.030000000002474, 46.45857480684208, 5.014276452316381 ], [ 36.040612612687255, 46.455306306346756, 4.993876452316272 ], [ 36.049999999999272, 46.452415153995389, 4.975876452316243 ], [ 36.050745002999975, 46.452185706002638, 4.974376452316164 ], [ 36.053065225767568, 46.451532612883966, 4.969376452316283 ], [ 36.058510089907941, 46.450000000000728, 4.999976452316332 ], [ 36.065861481036336, 46.447930740518132, 5.041376452316172 ], [ 36.069663632999436, 46.446860516001834, 5.033076452316209 ], [ 36.069999999999709, 46.446760017412089, 5.032376452316385 ], [ 36.086101420652994, 46.441949289677723, 4.999976452316332 ], [ 36.090000000000146, 46.440784485390395, 4.98427645231618 ], [ 36.090834983002424, 46.440535012003238, 4.980976452316327 ], [ 36.090988233981989, 46.44049411699234, 4.980276452316275 ], [ 36.092839900209583, 46.440000000004147, 4.985776452316259 ], [ 36.1040015710023, 46.43702150900026, 4.989576452316214 ], [ 36.10403030980342, 46.437015154901019, 4.989576452316214 ], [ 36.110000000000582, 46.435695266851326, 4.986076452316183 ], [ 36.117298750001282, 46.434081526003865, 4.981876452316328 ], [ 36.117935176442188, 46.433967588225642, 4.980976452316327 ], [ 36.12398593800026, 46.432884335999915, 4.972376452316212 ], [ 36.130000000001019, 46.432016591124921, 4.959676452316216 ], [ 36.130694552000932, 46.431916377001471, 4.961676452316169 ], [ 36.133286443555335, 46.431643221781997, 4.96717645231638 ], [ 36.137219086002005, 46.431228767003631, 4.975376452316368 ], [ 36.143749021999611, 46.430778332000045, 4.984476452316358 ], [ 36.150000000001455, 46.43056100387912, 4.988776452316188 ], [ 36.150271862999944, 46.430551552004545, 4.988976452316365 ], [ 36.151101447750989, 46.430550723876877, 4.988976452316365 ], [ 36.156774266002685, 46.430545061004523, 4.98907645231634 ], [ 36.163241544001721, 46.430765823999536, 4.984676452316307 ], [ 36.169657112001005, 46.431231524002214, 4.975376452316368 ], [ 36.170000000001892, 46.431271497147463, 4.974576452316342 ], [ 36.173316180740585, 46.431658090368728, 4.983376452316179 ], [ 36.176001885, 46.431971183999849, 4.980276452316275 ], [ 36.182253622000644, 46.43302601799769, 4.969776452316182 ], [ 36.188386208001248, 46.434450497003127, 4.955476452316361 ], [ 36.190000000002328, 46.434953186091661, 4.950476452316252 ], [ 36.195071391004603, 46.436532901998362, 4.960076452316343 ], [ 36.201565339002627, 46.439083015000506, 4.966976452316203 ], [ 36.203514265827835, 46.440000000004147, 4.96757645231628 ], [ 36.207855413000289, 46.442042542999843, 4.968876452316181 ], [ 36.209999999999127, 46.443199102657672, 4.967976452316179 ], [ 36.2124262740017, 46.444507574000454, 4.967076452316178 ], [ 36.216311302812755, 46.446844348593004, 4.963076452316272 ], [ 36.216857280001932, 46.447172744001364, 4.962576452316171 ], [ 36.221079656557777, 46.450000000000728, 4.955376452316386 ], [ 36.221132144000876, 46.450035145004222, 4.955676452316311 ], [ 36.225231105001512, 46.453097379002429, 4.976176452316167 ], [ 36.229999999999563, 46.457163750941618, 4.999976452316332 ], [ 36.233326251058315, 46.460000000002765, 5.016676452316233 ], [ 36.238041844009786, 46.464020922003328, 5.040176452316246 ], [ 36.245053891994758, 46.470000000002983, 5.050576452316363 ], [ 36.246271967002031, 46.47103863600023, 5.041976452316248 ], [ 36.246902335433333, 46.471548832287226, 5.038076452316318 ], [ 36.25, 46.474055964428771, 5.059476452316176 ], [ 36.252965566001876, 46.476456181002504, 5.050276452316211 ], [ 36.257642779617527, 46.479999999999563, 5.038176452316293 ], [ 36.258688313002494, 46.480792177004332, 5.035476452316288 ], [ 36.264559228002327, 46.48501017000126, 5.022676452316318 ], [ 36.270000000000437, 46.488749540872959, 5.012476452316378 ], [ 36.271053207286968, 46.489473396355606, 5.010576452316172 ], [ 36.27181941381059, 46.490000000001601, 5.009076452316322 ], [ 36.279475771953003, 46.495262114027355, 4.994776452316273 ], [ 36.286369380062752, 46.500000000001819, 4.981876452316328 ], [ 36.287898336620856, 46.501050831693647, 4.978976452316374 ], [ 36.288652165001622, 46.50156892799896, 4.977576452316271 ], [ 36.290000000000873, 46.50252616497346, 4.974776452316291 ], [ 36.300523513682492, 46.510000000003856, 5.005276452316366 ], [ 36.305726795002556, 46.513695388002816, 5.020276452316239 ], [ 36.31000000000131, 46.516601779165285, 5.03397645231621 ], [ 36.311509851000665, 46.51762869400045, 5.031276452316206 ], [ 36.315201414852709, 46.520000000000437, 5.025976452316172 ], [ 36.317721642999459, 46.521618889002639, 5.022376452316166 ], [ 36.330000000001746, 46.528932333281773, 5.010676452316375 ], [ 36.330442059001143, 46.52919564000149, 5.010276452316248 ], [ 36.331909225236814, 46.530000000002474, 5.009576452316196 ], [ 36.349993117999475, 46.539914323002449, 5.000776452316359 ], [ 36.350000000002183, 46.539917903013702, 5.000776452316359 ], [ 36.35008047158226, 46.539959764208106, 5.000776452316359 ], [ 36.350157818567823, 46.540000000002692, 5.000776452316359 ], [ 36.354064497683794, 46.542032248840769, 4.999976452316332 ], [ 36.369381247492129, 46.549999999999272, 4.996876452316201 ], [ 36.369831787000294, 46.550234370002727, 4.996776452316226 ], [ 36.370000000002619, 46.550319566527833, 4.996776452316226 ], [ 36.389113159790213, 46.56000000000131, 4.9955764523163 ], [ 36.389553725024598, 46.56022313748872, 4.9955764523163 ], [ 36.389999999999418, 46.56044916684732, 4.995476452316325 ], [ 36.408857275424452, 46.570000000003347, 4.994276452316171 ], [ 36.409424959112584, 46.570287520444253, 4.994276452316171 ], [ 36.409999999999854, 46.570578767161351, 4.994176452316196 ], [ 36.419360576157487, 46.57531971192293, 4.993576452316347 ], [ 36.428601391056873, 46.580000000003565, 4.99297645231627 ], [ 36.429296193198752, 46.580351903401606, 4.996476452316301 ], [ 36.429791979000584, 46.580603009000697, 4.993976452316247 ], [ 36.430000000000291, 46.580706980596005, 4.99297645231627 ], [ 36.448592993168859, 46.590000000000146, 4.99297645231627 ], [ 36.450000000000728, 46.59070324028653, 4.99297645231627 ], [ 36.459298498679345, 46.595350750661964, 4.99297645231627 ], [ 36.45984295100061, 46.595622875000117, 4.99297645231627 ], [ 36.468920701565366, 46.600000000002183, 4.994576452316323 ], [ 36.470000000001164, 46.600520417934604, 4.994776452316273 ], [ 36.476614592002079, 46.603709853003238, 4.995976452316199 ], [ 36.485436834645952, 46.607718417322758, 4.999976452316332 ], [ 36.490000000001601, 46.609791783766923, 5.00207645231626 ], [ 36.490128332001404, 46.609850094002468, 5.002176452316235 ], [ 36.490493655704995, 46.610000000002401, 5.002476452316387 ], [ 36.503795471002377, 46.615458233000027, 5.014376452316355 ], [ 36.510000000002037, 46.617700320028234, 5.022976452316243 ], [ 36.510715480000727, 46.617958868002461, 5.023976452316219 ], [ 36.517061161197489, 46.620000000004438, 5.035276452316339 ], [ 36.517159987000923, 46.620031787999324, 5.035176452316364 ], [ 36.523659687001782, 46.621884620000856, 5.030576452316382 ], [ 36.530000000002474, 46.623472584993578, 5.030576452316382 ], [ 36.530205389999537, 46.623524026002997, 5.029476452316203 ], [ 36.539145808335888, 46.625427095832492, 4.991476452316192 ], [ 36.539793160000045, 46.62556489200324, 4.993276452316195 ], [ 36.549999999999272, 46.627360649859838, 5.026376452316299 ], [ 36.550577754000187, 46.627462297998136, 5.025376452316323 ], [ 36.557064825999987, 46.628305839003588, 5.016976452316385 ], [ 36.568521577763022, 46.629260788882675, 5.007376452316294 ], [ 36.569999999999709, 46.62938401919746, 5.006176452316367 ], [ 36.570154150002054, 46.629396867998366, 5.006076452316165 ], [ 36.571115682118034, 46.629442158940947, 5.005576452316291 ], [ 36.576740561000406, 46.629707107000286, 5.002976452316261 ], [ 36.589965635999761, 46.629963157001839, 5.000376452316232 ], [ 36.590000000000146, 46.629962501618138, 5.000376452316232 ], [ 36.609192916226675, 46.629596458111337, 5.004076452316212 ], [ 36.609862758999952, 46.629583683003148, 5.007676452316218 ], [ 36.610000000000582, 46.629575787053909, 5.008476452316245 ], [ 36.623121319000347, 46.628820871999778, 5.02357645231632 ], [ 36.626984826174521, 46.628492413090498, 5.030176452316255 ], [ 36.62973774099919, 46.628258372002165, 5.018776452316388 ], [ 36.630000000001019, 46.628228941999623, 5.017676452316209 ], [ 36.634567140630679, 46.627716429688007, 5.022876452316268 ], [ 36.643343785999605, 46.626731538002787, 4.998676452316204 ], [ 36.650000000001455, 46.625894478689588, 4.982076452316278 ], [ 36.659419770685417, 46.624709885343691, 5.00577645231624 ], [ 36.664969422001377, 46.624011982999946, 5.019776452316364 ], [ 36.670000000001892, 46.623299656755989, 5.03397645231621 ], [ 36.688695116848976, 46.620652441573839, 4.993476452316372 ], [ 36.690000000002328, 46.62046767105312, 4.990676452316166 ], [ 36.690728914552892, 46.620364457277901, 4.98907645231634 ], [ 36.693302778368889, 46.620000000004438, 4.999976452316332 ], [ 36.706314966837454, 46.618157483419054, 5.036876452316164 ], [ 36.709999999999127, 46.617635685357527, 5.047276452316282 ], [ 36.715275806001955, 46.616888635000578, 5.009476452316221 ], [ 36.722120060165253, 46.616060030084554, 4.957576452316289 ], [ 36.725679977002073, 46.615629046000322, 4.952776452316357 ], [ 36.729999999999563, 46.61525061395696, 4.942476452316214 ], [ 36.730638552999153, 46.615194677000545, 4.940976452316363 ], [ 36.735601849000886, 46.614893414998733, 4.925176452316236 ], [ 36.739604291205978, 46.614802145606518, 4.907876452316259 ], [ 36.742947893999371, 46.614725900002668, 4.910976452316163 ], [ 36.75, 46.614898817715584, 4.904076452316303 ], [ 36.750283983999907, 46.614905781001653, 4.905176452316255 ], [ 36.756834309999249, 46.615375687997584, 4.919176452316378 ], [ 36.761940636597501, 46.615970318300242, 4.920876452316179 ], [ 36.763352926000152, 46.616134779002095, 4.921376452316281 ], [ 36.769827440999507, 46.617185216997314, 4.91177645231619 ], [ 36.770000000000437, 46.617221606637031, 4.91117645231634 ], [ 36.776390126000479, 46.618569170999763, 4.921176452316331 ], [ 36.781881396898825, 46.620000000004438, 4.918776452316251 ], [ 36.782880659000512, 46.620260372001212, 4.928776452316242 ], [ 36.78694284379344, 46.621528578103607, 4.969476452316258 ], [ 36.789284921002036, 46.622259770001619, 4.935776452316304 ], [ 36.790000000000873, 46.622523372428986, 4.924276452316235 ], [ 36.796118401003696, 46.624778822997541, 4.948376452316325 ], [ 36.802834285999779, 46.627622612000778, 4.963876452316299 ], [ 36.807843977001539, 46.630000000001019, 4.967676452316255 ], [ 36.809431477999169, 46.630753360999734, 4.961376452316244 ], [ 36.81000000000131, 46.63105172827818, 4.957976452316188 ], [ 36.81590241000049, 46.634149385001365, 4.952076452316305 ], [ 36.822232677001011, 46.6378041450007, 4.932476452316223 ], [ 36.825686357524319, 46.640000000003056, 4.91377645231637 ], [ 36.828400532001979, 46.641725676003261, 4.933476452316199 ], [ 36.830000000001746, 46.642854601463114, 4.942876452316341 ], [ 36.835077046000151, 46.646438047004267, 4.947376452316348 ], [ 36.839637728902744, 46.650000000003274, 4.944576452316369 ], [ 36.841518038001595, 46.651468546000615, 4.958076452316163 ], [ 36.850000000002183, 46.65877991292291, 5.012176452316226 ], [ 36.85044952500175, 46.659167399004218, 5.012776452316302 ], [ 36.851351720006278, 46.659999999999854, 5.013476452316354 ], [ 36.8529500212735, 46.661475010640061, 5.014776452316255 ], [ 36.862187582659317, 46.670000000001892, 4.98277645231633 ], [ 36.864880158000233, 46.672484874003203, 4.973476452316163 ], [ 36.864930702411584, 46.6725346487965, 4.973276452316213 ], [ 36.870000000002619, 46.677526758263411, 5.024776452316246 ], [ 36.872511483063136, 46.680000000003929, 5.025076452316171 ], [ 36.878400771234737, 46.685799614386269, 4.967976452316179 ], [ 36.882666103312658, 46.690000000004147, 4.989976452316341 ], [ 36.889999999999418, 46.697222226444865, 5.027776452316175 ], [ 36.892820723564, 46.700000000000728, 5.028176452316302 ], [ 36.895730045227538, 46.702865022612968, 5.028676452316176 ], [ 36.896388524002759, 46.703513475002183, 5.028776452316379 ], [ 36.903549312482937, 46.710000000002765, 5.035476452316288 ], [ 36.905503598, 46.711770269001136, 5.019676452316162 ], [ 36.905858924928907, 46.71207053753642, 5.017176452316335 ], [ 36.909999999999854, 46.715569947338736, 5.044276452316353 ], [ 36.912144604000787, 46.717382242000895, 5.036876452316164 ], [ 36.915488499897037, 46.719999999997526, 5.02747645231625 ], [ 36.91777600000205, 46.721790762001547, 5.02097645231629 ], [ 36.923499724000067, 46.726013698003953, 5.007376452316294 ], [ 36.927068066595893, 46.728534033301912, 4.999976452316332 ], [ 36.929143612434927, 46.729999999999563, 4.995676452316275 ], [ 36.930000000000291, 46.730604870121169, 4.993976452316247 ], [ 36.943301818306281, 46.740000000001601, 4.966476452316329 ], [ 36.950000000000728, 46.744730953740145, 4.999976452316332 ], [ 36.953334020001421, 46.747085786002572, 5.016676452316233 ], [ 36.954418206651098, 46.747790896673905, 5.022076452316242 ], [ 36.957469160000983, 46.7497751120045, 5.037376452316266 ], [ 36.957848203544927, 46.750000000003638, 5.039276452316244 ], [ 36.961714681001467, 46.752293995999935, 5.035676452316238 ], [ 36.963531771032649, 46.753234114486986, 5.035276452316339 ], [ 36.969999999999345, 46.756580619889064, 5.034176452316387 ], [ 36.970444992000921, 46.756810847999077, 5.031876452316283 ], [ 36.975741619002292, 46.759176366000247, 5.008276452316295 ], [ 36.977702312124165, 46.760000000003856, 4.999976452316332 ], [ 36.989999999999782, 46.765165925118708, 4.999976452316332 ], [ 36.994020563999584, 46.766854855002748, 5.020076452316289 ], [ 36.995329969406157, 46.767335015301796, 5.026676452316224 ], [ 36.999402897001346, 46.768828562002454, 5.011676452316351 ], [ 37.002984695785926, 46.770000000000437, 4.999976452316332 ], [ 37.004984332001186, 46.770653987001424, 4.993476452316372 ], [ 37.010000000000218, 46.772184578041561, 4.978176452316347 ], [ 37.019706645898623, 46.775146677055091, 4.997076452316378 ], [ 37.020559098002195, 46.77540681299979, 4.998776452316179 ], [ 37.030000000002474, 46.778034790790116, 5.019676452316162 ], [ 37.030666154001665, 46.778220222000527, 5.017776452316184 ], [ 37.038487964502565, 46.780000000002474, 4.999976452316332 ], [ 37.05000000000291, 46.782619453326333, 4.973776452316315 ], [ 37.059614098601742, 46.784807049305527, 4.999976452316332 ], [ 37.063329679000162, 46.785652494003443, 5.010076452316298 ], [ 37.070000000003347, 46.786956919617296, 5.030476452316179 ], [ 37.070432245001939, 46.787041448000309, 5.029576452316178 ], [ 37.08007224800167, 46.788524765999682, 5.014776452316255 ], [ 37.089204752597652, 46.789602376302355, 5.003976452316238 ], [ 37.089807332004057, 46.789673479002886, 5.003276452316186 ], [ 37.090000000000146, 46.789692261769233, 5.003076452316236 ], [ 37.093156686480143, 46.790000000004511, 4.999976452316332 ], [ 37.11000000000422, 46.791642016562037, 4.983576452316356 ], [ 37.114079419992777, 46.792039710000608, 4.999976452316332 ], [ 37.11919214500449, 46.792538138000964, 4.999976452316332 ], [ 37.128929725002308, 46.793752906003647, 4.999976452316332 ], [ 37.130000000001019, 46.793920081314354, 4.999976452316332 ], [ 37.141402163397288, 46.795701081699008, 4.999976452316332 ], [ 37.149999999999636, 46.797044050554177, 5.029576452316178 ], [ 37.150544861004164, 46.797129157002928, 5.028676452316176 ], [ 37.157448490001116, 46.797944063999239, 5.020576452316163 ], [ 37.165099859003021, 46.798604389003231, 5.013976452316228 ], [ 37.167514093009231, 46.79875704650658, 5.012476452316378 ], [ 37.170000000001892, 46.798914236049313, 5.010876452316325 ], [ 37.173317609003789, 46.799124016002679, 5.00877645231617 ], [ 37.186308618000112, 46.799674280004183, 5.003276452316186 ], [ 37.189505139043831, 46.799752569520933, 5.002476452316387 ], [ 37.190000000000509, 46.799764689709264, 5.002376452316184 ], [ 37.199551417999828, 46.799998624001091, 4.999976452316332 ], [ 37.199740000498423, 46.799999999999272, 4.999976452316332 ], [ 37.210000000002765, 46.800074862456313, 4.99927645231628 ], [ 37.224340852000751, 46.800179501000457, 4.998176452316329 ], [ 37.229716205589284, 46.800141897207141, 4.998576452316229 ], [ 37.230000000001382, 46.800139911894803, 4.998576452316229 ], [ 37.23027596274369, 46.800137981370426, 4.998576452316229 ], [ 37.250000000003638, 46.799999999999272, 4.999976452316332 ], [ 37.250336494002113, 46.798436364002555, 4.999976452316332 ], [ 37.254092581004443, 46.796892491001927, 4.999976452316332 ], [ 37.260843460000615, 46.795543527001428, 4.999976452316332 ], [ 37.261040239956856, 46.795520119978391, 4.999976452316332 ], [ 37.270000000002256, 46.794454354341724, 4.999976452316332 ], [ 37.273460786003852, 46.794042693003576, 4.999976452316332 ], [ 37.277442943790447, 46.793721471894969, 4.999976452316332 ], [ 37.290000000004511, 46.792708555844001, 4.999976452316332 ], [ 37.294664574974377, 46.792332287486715, 4.999976452316332 ], [ 37.31000000000131, 46.79109525406966, 4.999976452316332 ], [ 37.311886206160125, 46.7909431030821, 4.999976452316332 ], [ 37.317303903999345, 46.790506084003937, 4.999976452316332 ], [ 37.321875818002809, 46.790000000004511, 4.999976452316332 ], [ 37.328377455, 46.789280307004447, 5.007176452316344 ], [ 37.328518148979128, 46.789259074486836, 5.007376452316294 ], [ 37.33, 46.789035444277033, 5.009676452316171 ], [ 37.3348581930004, 46.788302281001961, 5.016976452316385 ], [ 37.340477992003798, 46.78714853600286, 5.028476452316227 ], [ 37.342930491651714, 46.786465245824729, 5.035376452316314 ], [ 37.345691521997651, 46.785695996004506, 5.021576452316367 ], [ 37.349382957998387, 46.784387930003504, 5.003076452316236 ], [ 37.350000000002183, 46.784139700195738, 4.999976452316332 ], [ 37.35458799312255, 46.782293996564476, 4.999976452316332 ], [ 37.360078452002199, 46.780085240003245, 4.999976452316332 ], [ 37.360259168104676, 46.780000000002474, 4.999976452316332 ], [ 37.365271539083551, 46.777635769543849, 5.023676452316295 ], [ 37.366872365997551, 46.776880692999839, 5.015676452316256 ], [ 37.3700000000008, 46.775033887597601, 4.999976452316332 ], [ 37.377349286003664, 46.770694281003671, 4.999976452316332 ], [ 37.378432565261392, 46.770000000000437, 4.999976452316332 ], [ 37.38141106400326, 46.768091059999279, 5.019076452316312 ], [ 37.383341645816472, 46.766670822911692, 5.033276452316386 ], [ 37.38525098500395, 46.765266213000359, 5.02377645231627 ], [ 37.390000000003056, 46.760821930925886, 4.999976452316332 ], [ 37.390878288602835, 46.760000000003856, 4.999976452316332 ], [ 37.397537043301782, 46.753768521648453, 4.999976452316332 ], [ 37.401563962730506, 46.750000000003638, 4.999976452316332 ], [ 37.404501644487027, 46.747250822243586, 5.02747645231625 ], [ 37.405904584000382, 46.745937906000108, 5.020476452316188 ], [ 37.408262270000705, 46.743298919000154, 5.008676452316195 ], [ 37.410000000001673, 46.741184919772422, 4.999976452316332 ], [ 37.410974016736873, 46.740000000001601, 4.999976452316332 ], [ 37.416516009154293, 46.733258004578602, 4.999976452316332 ], [ 37.419194123789566, 46.729999999999563, 4.999976452316332 ], [ 37.421033741004067, 46.727762051999889, 5.022376452316166 ], [ 37.422228260889824, 46.726114130446149, 5.038876452316345 ], [ 37.423832181997568, 46.723901412004125, 5.030876452316306 ], [ 37.425694707999355, 46.720770077999987, 5.021476452316165 ], [ 37.426086572440909, 46.719999999997526, 5.019576452316187 ], [ 37.426880318233088, 46.718440159114834, 5.015576452316282 ], [ 37.427378756003236, 46.717460646999825, 5.013076452316227 ], [ 37.430000000003929, 46.711313851843443, 4.999976452316332 ], [ 37.430461812207795, 46.710230906106517, 4.997676452316227 ], [ 37.430560279979545, 46.710000000002765, 4.997176452316353 ], [ 37.433976761074518, 46.701988380535113, 4.980076452316325 ], [ 37.434824687576111, 46.700000000000728, 4.999976452316332 ], [ 37.436333832001765, 46.69646106899927, 4.999976452316332 ], [ 37.437685345972568, 46.693842672988467, 4.999976452316332 ], [ 37.43966878399624, 46.690000000004147, 4.999976452316332 ], [ 37.439732933002233, 46.689875718999247, 5.001276452316233 ], [ 37.441627189402425, 46.685813594702267, 5.041876452316274 ], [ 37.442908843004261, 46.683065161998456, 5.035476452316288 ], [ 37.443975023170424, 46.680000000003929, 5.03007645231628 ], [ 37.444197841998175, 46.679359418003514, 5.028976452316329 ], [ 37.444744305068525, 46.67737215253328, 5.026276452316324 ], [ 37.445275420002872, 46.675440701999833, 5.02357645231632 ], [ 37.44617322400336, 46.671340136999788, 5.019176452316287 ], [ 37.446408355803214, 46.670000000001892, 5.017976452316361 ], [ 37.446698027239108, 46.668349013621992, 5.016476452316283 ], [ 37.446919707997949, 46.667085541001143, 5.015376452316332 ], [ 37.44782933523129, 46.659999999999854, 5.010876452316325 ], [ 37.447960263809364, 46.658980131905992, 5.010176452316273 ], [ 37.44805896500111, 46.658211298999959, 5.009676452316171 ], [ 37.448783045731034, 46.650000000003274, 5.006076452316165 ], [ 37.448834436045217, 46.649417218022791, 5.005876452316215 ], [ 37.448872206003216, 46.648988895, 5.005676452316266 ], [ 37.449493560327028, 46.640000000003056, 5.002576452316362 ], [ 37.449510479300443, 46.639755239653823, 5.002476452316387 ], [ 37.450000000002547, 46.632673531157707, 4.999976452316332 ], [ 37.450178632963798, 46.630089316484373, 4.999076452316331 ], [ 37.450184806937614, 46.630000000001019, 4.999076452316331 ], [ 37.450191422956777, 46.629904288520265, 4.999076452316331 ], [ 37.450836289999643, 46.620575244000065, 4.99577645231625 ] ] ] ] } },
{ "type": "Feature", "properties": { "gid": 17, "objectid": 17.0, "shape_leng": 0.283582295328, "shape_area": 0.00087051495742500003, "z_mean": 2.3828821197500001 }, "geometry": { "type": "MultiPolygon", "coordinates": [ [ [ [ 37.260752800002592, 46.932684637004058, 2.319376452316192 ], [ 37.268227672237117, 46.930000000003929, 2.308876452316326 ], [ 37.269259108921688, 46.929629554460917, 2.31847645231619 ], [ 37.270000000002256, 46.929363459799788, 2.319076452316267 ], [ 37.280898453558621, 46.925449226779165, 2.490976452316318 ], [ 37.290000000004511, 46.922180361762003, 2.321776452316271 ], [ 37.295420769003613, 46.920233466002173, 2.275276452316348 ], [ 37.295685070128457, 46.920000000001892, 2.271576452316367 ], [ 37.300859141076216, 46.915429570541164, 2.382776452316193 ], [ 37.307005824541193, 46.909999999999854, 2.259876452316348 ], [ 37.308088056617635, 46.909044028307108, 2.257376452316294 ], [ 37.31000000000131, 46.907355144936446, 2.252876452316286 ], [ 37.317393425002592, 46.900824286003626, 2.346576452316185 ], [ 37.316670065332801, 46.896664967338438, 2.433376452316224 ], [ 37.316398026003299, 46.895100741001443, 2.499976452316332 ], [ 37.315156098002262, 46.89550907800367, 2.50227645231621 ], [ 37.312712852004552, 46.896760139001344, 2.488876452316163 ], [ 37.31000000000131, 46.898511014309406, 2.459576452316242 ], [ 37.308700030209366, 46.899350015108212, 2.44547645231637 ], [ 37.307692926609889, 46.899999999997817, 2.446176452316195 ], [ 37.306876017997638, 46.900527233003231, 2.45197645231633 ], [ 37.302127790004306, 46.904151850003473, 2.474376452316164 ], [ 37.300680053132965, 46.90534002656932, 2.479576452316223 ], [ 37.295002096196185, 46.909999999999854, 2.499976452316332 ], [ 37.293577061001997, 46.91116954500103, 2.528476452316227 ], [ 37.293038616060585, 46.91151930803062, 2.539276452316244 ], [ 37.290000000004511, 46.91349313205319, 2.495176452316173 ], [ 37.284339786423516, 46.917169893211394, 2.469776452316182 ], [ 37.282679970998288, 46.918248076002783, 2.462376452316221 ], [ 37.280473801884, 46.920000000001892, 2.442876452316341 ], [ 37.277900437000426, 46.922043515000041, 2.501976452316285 ], [ 37.276893762003965, 46.922705891000078, 2.523676452316295 ], [ 37.276083900947924, 46.923041950472907, 2.539176452316269 ], [ 37.275372700003572, 46.923337070002162, 2.526776452316199 ], [ 37.273605337000845, 46.92379828400226, 2.504076452316212 ], [ 37.270000000002256, 46.924428231559432, 2.46717645231638 ], [ 37.261742181060981, 46.92587109053602, 2.506476452316292 ], [ 37.259648465002101, 46.92623691800145, 2.50227645231621 ], [ 37.250156518999574, 46.927239190001274, 2.509676452316171 ], [ 37.250000000003638, 46.927245710814532, 2.510176452316273 ], [ 37.242656086000352, 46.927551669003151, 2.497976452316379 ], [ 37.234760401690437, 46.927619799154854, 2.495176452316173 ], [ 37.230000000001382, 46.927660875633592, 2.493576452316347 ], [ 37.225401116807916, 46.927700558406286, 2.468976452316383 ], [ 37.223482585000966, 46.927717112997925, 2.478276452316322 ], [ 37.215323143000205, 46.928153526998358, 2.510276452316248 ], [ 37.212191562004591, 46.928109395001229, 2.526876452316174 ], [ 37.210000000002765, 46.927919919351552, 2.541576452316349 ], [ 37.208837566999136, 46.927819418997387, 2.531976452316258 ], [ 37.205337421000877, 46.927238731002944, 2.50857645231622 ], [ 37.198750349200054, 46.925624825402338, 2.474976452316241 ], [ 37.19126858400341, 46.92379171000357, 2.492576452316371 ], [ 37.190000000000509, 46.92358753120061, 2.492376452316194 ], [ 37.189224094001474, 46.923462649001522, 2.499976452316332 ], [ 37.190000000000509, 46.92387674065867, 2.483676452316331 ], [ 37.195923702136497, 46.927038148931388, 2.418476452316327 ], [ 37.201473483113659, 46.930000000003929, 2.414776452316346 ], [ 37.208181186000729, 46.933579820002706, 2.266976452316385 ], [ 37.222255520018734, 46.936127760011004, 2.254876452316239 ], [ 37.227061393999975, 46.936997788998269, 2.20477645231631 ], [ 37.230000000001382, 46.936621590561117, 2.201376452316254 ], [ 37.239082218300609, 46.935458890848167, 2.236276452316361 ], [ 37.250000000003638, 46.934061203504825, 2.318776452316342 ], [ 37.25646668527952, 46.93323334264096, 2.335376452316268 ], [ 37.260752800002592, 46.932684637004058, 2.319376452316192 ] ] ] ] } },
{ "type": "Feature", "properties": { "gid": 18, "objectid": 18.0, "shape_leng": 18.768370477800001, "shape_area": 2.0050106694899998, "z_mean": 3.01177212745 }, "geometry": { "type": "MultiPolygon", "coordinates": [ [ [ [ 37.698596262947831, 45.530372083338079, 2.750476452316207 ], [ 37.641286207954181, 45.476727206283613, 2.817076452316314 ], [ 37.641568031462157, 45.488724834607638, 2.721076452316311 ], [ 37.641573982715272, 45.488978187819157, 2.677876452316241 ], [ 37.641747566203776, 45.496367884617939, 2.461376452316244 ], [ 37.64193769600206, 45.504461981001441, 2.60127645231637 ], [ 37.644216342003347, 45.505072333000498, 2.561876452316255 ], [ 37.648692254000707, 45.504217841002173, 2.447876452316223 ], [ 37.648963299392562, 45.504227879695463, 2.442076452316314 ], [ 37.653086784999687, 45.504380600999866, 2.561176452316204 ], [ 37.655039909999687, 45.50820547100011, 2.505076452316189 ], [ 37.654550455587014, 45.510313889124518, 2.427076452316214 ], [ 37.653981966999709, 45.512762762002239, 2.483276452316204 ], [ 37.651540561000729, 45.516343491999578, 2.600876452316243 ], [ 37.649180534997868, 45.518296616999578, 2.687776452316257 ], [ 37.648657023626583, 45.518209364836366, 2.697776452316248 ], [ 37.648203971999465, 45.518133855999622, 2.698076452316172 ], [ 37.647664860098303, 45.521255030133034, 2.704876452316284 ], [ 37.646657748002326, 45.527085678999356, 2.7772764523163 ], [ 37.645591658210833, 45.529564338226919, 2.816176452316313 ], [ 37.643810579782439, 45.533705346328134, 2.809276452316226 ], [ 37.643402539999443, 45.534654039000088, 2.828476452316181 ], [ 37.641657145988574, 45.537171433854382, 2.890576452316282 ], [ 37.639449532825893, 45.540355490846196, 3.016376452316308 ], [ 37.639170769001794, 45.540757554002994, 3.023676452316295 ], [ 37.636924044772968, 45.543318819954948, 3.075976452316354 ], [ 37.635101759000463, 45.545396225999866, 3.109676452316307 ], [ 37.635101759000463, 45.547317301143266, 3.125476452316207 ], [ 37.635101759000463, 45.552883205004036, 3.23687645231621 ], [ 37.638583721343821, 45.553286379446945, 3.142876452316386 ], [ 37.642832879000707, 45.553778387004058, 3.108276452316204 ], [ 37.643781999240673, 45.554034373815739, 3.101676452316269 ], [ 37.648680303622314, 45.555355493379466, 3.056676452316196 ], [ 37.653146747241408, 45.55656013596672, 2.955176452316209 ], [ 37.659626420991117, 45.558307765986683, 2.87077645231625 ], [ 37.662445509004101, 45.559068101003504, 2.881776452316217 ], [ 37.662445509004101, 45.562693014006072, 2.881776452316217 ], [ 37.662445509004101, 45.566555080000398, 2.932576452316198 ], [ 37.659379152002657, 45.56707731899769, 2.990276452316266 ], [ 37.656224379265041, 45.567614616300489, 3.0897764523163 ], [ 37.652842030498505, 45.568190672651326, 3.135676452316375 ], [ 37.6477807276151, 45.569052675913554, 3.188876452316208 ], [ 37.644541755949831, 45.569604313348464, 3.294776452316228 ], [ 37.641037124691138, 45.570201195940172, 3.345776452316386 ], [ 37.637232752147611, 45.570849128222108, 3.401176452316349 ], [ 37.636403842003347, 45.5709903019997, 3.413276452316268 ], [ 37.634337389157736, 45.573339127366125, 3.463376452316197 ], [ 37.631597364232221, 45.57645356573812, 3.459376452316292 ], [ 37.62869574808974, 45.579751676117667, 3.5276764523162 ], [ 37.625617811818302, 45.583250200066686, 3.599976452316241 ], [ 37.623301629004345, 45.585882880002828, 3.599976452316241 ], [ 37.623267965145715, 45.588020531595248, 3.599976452316241 ], [ 37.623085173849176, 45.599627760768271, 3.666176452316222 ], [ 37.623057488002814, 45.60138580900275, 3.684076452316276 ], [ 37.624966716766721, 45.602450075153683, 3.669976452316178 ], [ 37.635101759000463, 45.608099677001519, 3.636676452316351 ], [ 37.638860420884157, 45.605840481010091, 3.599976452316241 ], [ 37.642446490404836, 45.603685024059814, 3.599976452316241 ], [ 37.642751498000507, 45.603501695002706, 3.594476452316258 ], [ 37.644147970719132, 45.599618819493116, 3.538676452316167 ], [ 37.645630047818486, 45.595497922033246, 3.479476452316248 ], [ 37.647061822632168, 45.591516889469858, 3.481476452316201 ], [ 37.648445813341823, 45.587668720012516, 3.425276452316211 ], [ 37.649424675000773, 45.584947007000665, 3.385476452316198 ], [ 37.650200074871464, 45.584600117650552, 3.371976452316176 ], [ 37.652927050832659, 45.583380154936094, 3.3247764523162 ], [ 37.655473809243631, 45.58224081584558, 3.227376452316321 ], [ 37.658702018998156, 45.580796617001397, 3.186076452316229 ], [ 37.660658392775076, 45.580403738707901, 3.164976452316296 ], [ 37.663716663313608, 45.579789577885094, 3.122476452316278 ], [ 37.666572487300073, 45.57921607231583, 3.030676452316357 ], [ 37.668630404999931, 45.578802802003338, 2.991176452316267 ], [ 37.67197443623445, 45.57751578969328, 2.918776452316251 ], [ 37.67470285320087, 45.576465707927127, 2.929376452316319 ], [ 37.681000196000241, 45.57404205900275, 2.825076452316353 ], [ 37.684040323782028, 45.572511365324317, 2.77097645231629 ], [ 37.687918890451328, 45.570558520599661, 2.763176452316202 ], [ 37.692637566000485, 45.568182684000931, 2.616776452316344 ], [ 37.699717644003613, 45.562811591002173, 2.364876452316366 ], [ 37.700140558888961, 45.559974537363814, 2.304976452316168 ], [ 37.700956142722134, 45.55450332989858, 2.493576452316347 ], [ 37.701013974907255, 45.554115372395245, 2.572476452316323 ], [ 37.702647332003835, 45.543158270000276, 2.672376452316257 ], [ 37.698596262947831, 45.530372083338079, 2.750476452316207 ] ] ], [ [ [ 38.898702490001597, 47.062224109000454, 2.556476452316247 ], [ 38.89899550642258, 47.06000000000131, 2.554976452316168 ], [ 38.899061688000074, 47.059497656004169, 2.554676452316244 ], [ 38.898814415004381, 47.056711772998824, 2.555976452316372 ], [ 38.897972448272412, 47.053986224136679, 2.560176452316227 ], [ 38.89795724799842, 47.05393701900357, 2.560176452316227 ], [ 38.89561660788786, 47.049999999999272, 2.571876452316246 ], [ 38.895575991999067, 47.049931682999159, 2.571476452316347 ], [ 38.892098177002481, 47.046094025003185, 2.550476452316161 ], [ 38.889999999999418, 47.044311308885881, 2.5430764523162 ], [ 38.887768007001796, 47.042414896000992, 2.524176452316169 ], [ 38.88669228980325, 47.041653855101686, 2.516576452316258 ], [ 38.884354596306366, 47.040000000004511, 2.528276452316277 ], [ 38.882785327999954, 47.038889785002539, 2.524976452316196 ], [ 38.877313488001164, 47.035519434000889, 2.518676452316186 ], [ 38.871486354004446, 47.032310374002918, 2.515676452316256 ], [ 38.870000000002619, 47.031567439717037, 2.515676452316256 ], [ 38.868432304292583, 47.030783847856583, 2.507876452316168 ], [ 38.866864096416975, 47.030000000002474, 2.515676452316256 ], [ 38.865414521003913, 47.029275449000124, 2.515676452316256 ], [ 38.859190773999217, 47.02643435200298, 2.518376452316261 ], [ 38.85289492299853, 47.023814160003894, 2.523676452316295 ], [ 38.850000000004002, 47.022714403592545, 2.527176452316326 ], [ 38.842854791026184, 47.020000000000437, 2.499976452316332 ], [ 38.836332787999709, 47.017522347003251, 2.499976452316332 ], [ 38.830000000001746, 47.014901688553437, 2.499976452316332 ], [ 38.828559127003246, 47.014305421000245, 2.507176452316344 ], [ 38.82448284667953, 47.012758576662236, 2.527576452316225 ], [ 38.817213381060355, 47.009999999998399, 2.499976452316332 ], [ 38.81294232700202, 47.008379244000025, 2.483776452316306 ], [ 38.810000000003129, 47.007133727282053, 2.471376452316235 ], [ 38.807926354003939, 47.006255932001295, 2.472976452316288 ], [ 38.803156248002779, 47.003866688002745, 2.472876452316314 ], [ 38.798731660001067, 47.001085283003704, 2.46717645231638 ], [ 38.797453196297283, 47.000000000003638, 2.462776452316348 ], [ 38.792803410004126, 46.996052814, 2.485976452316208 ], [ 38.790000000000873, 46.993170884026767, 2.499976452316332 ], [ 38.786915508680977, 46.990000000001601, 2.515376452316332 ], [ 38.783994637200522, 46.986997318599606, 2.499976452316332 ], [ 38.778687993000858, 46.981542042003639, 2.499976452316332 ], [ 38.777292623683024, 46.979999999999563, 2.499976452316332 ], [ 38.774494874000084, 46.976908168000591, 2.499976452316332 ], [ 38.770000000002256, 46.971536922092127, 2.499976452316332 ], [ 38.769086404003247, 46.970445201000985, 2.504576452316314 ], [ 38.768693403357247, 46.969999999997526, 2.506576452316267 ], [ 38.767661051266259, 46.968830525636804, 2.511676452316351 ], [ 38.763439293999909, 46.964048013003776, 2.532776452316284 ], [ 38.759215799573212, 46.960000000002765, 2.553876452316217 ], [ 38.758747205001782, 46.959550875004425, 2.55177645231629 ], [ 38.753662280003482, 46.955290978999983, 2.534576452316287 ], [ 38.75, 46.952526006245535, 2.525276452316348 ], [ 38.748278127002777, 46.951226015000429, 2.5122764523162 ], [ 38.747973103094409, 46.95101344845898, 2.510176452316273 ], [ 38.746518847849075, 46.950000000000728, 2.517376452316284 ], [ 38.742675850000523, 46.947321873003602, 2.509876452316348 ], [ 38.735696415515122, 46.942848207758288, 2.499976452316332 ], [ 38.731252882447734, 46.93999999999869, 2.499976452316332 ], [ 38.731092838001132, 46.939897415000814, 2.498976452316356 ], [ 38.730685590260691, 46.939657204871764, 2.496576452316276 ], [ 38.730000000001382, 46.93925281779957, 2.499976452316332 ], [ 38.714312946351129, 46.930000000003929, 2.499976452316332 ], [ 38.709999999999127, 46.927456061053817, 2.499976452316332 ], [ 38.709828329003358, 46.927354803003254, 2.500876452316334 ], [ 38.705966241002898, 46.925302603000091, 2.520176452316264 ], [ 38.702469483700042, 46.923765258150524, 2.537676452316191 ], [ 38.697844782003813, 46.921732013997826, 2.51727645231631 ], [ 38.693091668628767, 46.920000000001892, 2.499976452316332 ], [ 38.690000000002328, 46.918873409296793, 2.488776452316188 ], [ 38.689292520999516, 46.918615607002721, 2.489676452316189 ], [ 38.683482197384365, 46.916741098693819, 2.499976452316332 ], [ 38.67602445400189, 46.914335105002465, 2.513276452316177 ], [ 38.670000000003711, 46.912679299484807, 2.526776452316199 ], [ 38.669185670001752, 46.912455482997757, 2.524576452316296 ], [ 38.662956273003147, 46.91098742199938, 2.509876452316348 ], [ 38.65804497272984, 46.909999999999854, 2.499976452316332 ], [ 38.650262873999964, 46.908435401002862, 2.484376452316383 ], [ 38.650000000001455, 46.908388126614227, 2.483876452316281 ], [ 38.644965465127825, 46.907482732563949, 2.474876452316266 ], [ 38.63028529800431, 46.904842700001609, 2.495476452316325 ], [ 38.630000000002838, 46.904800131982483, 2.495976452316199 ], [ 38.616807326003254, 46.902831713001433, 2.522576452316343 ], [ 38.615311288531302, 46.902655644267725, 2.526576452316249 ], [ 38.610024612000416, 46.902033455000492, 2.520376452316214 ], [ 38.610000000000582, 46.902031347803131, 2.520276452316239 ], [ 38.600102592999974, 46.90118396500111, 2.511876452316301 ], [ 38.591408397443956, 46.900704198722451, 2.507076452316369 ], [ 38.590133738000077, 46.900633859999289, 2.506376452316317 ], [ 38.590000000001965, 46.900629768986619, 2.506276452316342 ], [ 38.576793469002951, 46.900225784000213, 2.50227645231621 ], [ 38.570364390514442, 46.900182195255184, 2.501776452316335 ], [ 38.569999999999709, 46.900179724712871, 2.501776452316335 ], [ 38.550089465092242, 46.90004473254703, 2.500476452316207 ], [ 38.550022570001602, 46.900044279002032, 2.500476452316207 ], [ 38.550000000001091, 46.900044354473721, 2.500476452316207 ], [ 38.530220982933315, 46.900110491469604, 2.501076452316283 ], [ 38.530000000004293, 46.900111230386756, 2.501076452316283 ], [ 38.510353846228099, 46.900176923114486, 2.501776452316335 ], [ 38.510000000000218, 46.900178106305248, 2.501776452316335 ], [ 38.499726735002696, 46.900212458003807, 2.50207645231626 ], [ 38.490049647863998, 46.900024823935382, 2.500276452316257 ], [ 38.49000000000342, 46.900023861284353, 2.500276452316257 ], [ 38.488769372132083, 46.899999999997817, 2.499976452316332 ], [ 38.476297480003268, 46.899758176001342, 2.495176452316173 ], [ 38.470000000001164, 46.899381164934312, 2.487576452316262 ], [ 38.45964855100101, 46.898761455004205, 2.475276452316166 ], [ 38.453745526117928, 46.898127236945584, 2.462576452316171 ], [ 38.450000000002547, 46.897724819480572, 2.454476452316385 ], [ 38.449729433998073, 46.897695750001731, 2.455276452316184 ], [ 38.443555670735805, 46.896777835370813, 2.46777645231623 ], [ 38.442958587000248, 46.896689061004508, 2.468976452316383 ], [ 38.430000000000291, 46.894144769208651, 2.482876452316304 ], [ 38.429543745001865, 46.894055188000493, 2.483376452316179 ], [ 38.416336972002682, 46.890685340002165, 2.481976452316303 ], [ 38.414061902432877, 46.890000000003056, 2.479676452316198 ], [ 38.410000000001673, 46.888776396001049, 2.487776452316211 ], [ 38.409838195002521, 46.888727654002651, 2.488076452316363 ], [ 38.402887923002709, 46.886396850999517, 2.499576452316205 ], [ 38.402508834695254, 46.886254417349846, 2.499976452316332 ], [ 38.389999999999418, 46.881554512394359, 2.515576452316282 ], [ 38.389297100000476, 46.881290413999523, 2.516376452316308 ], [ 38.386142830093377, 46.880000000001019, 2.519276452316262 ], [ 38.376170339002783, 46.875920247002796, 2.528376452316252 ], [ 38.3700000000008, 46.873241625922674, 2.532376452316385 ], [ 38.36253275090894, 46.870000000004438, 2.499976452316332 ], [ 38.361669135998454, 46.869625094001094, 2.496276452316351 ], [ 38.354113630000938, 46.865664579001532, 2.456676452316287 ], [ 38.350000000004002, 46.86288504795084, 2.428876452316217 ], [ 38.349050605002049, 46.862243552999644, 2.427176452316189 ], [ 38.3464823230006, 46.86000000000422, 2.417576452316325 ], [ 38.344603175999509, 46.858358449004299, 2.426976452316239 ], [ 38.343061554676751, 46.856530777336957, 2.434676452316353 ], [ 38.340907244999471, 46.853976732001684, 2.44547645231637 ], [ 38.338911139999254, 46.850745729003393, 2.455476452316361 ], [ 38.338552875549794, 46.850000000002183, 2.457276452316364 ], [ 38.337265853002464, 46.847321057000954, 2.463676452316349 ], [ 38.335915476998707, 46.843752565002433, 2.470376452316259 ], [ 38.335633003891417, 46.842816501944981, 2.471876452316337 ], [ 38.334809401001621, 46.840087235999817, 2.475976452316218 ], [ 38.334788093063253, 46.840000000000146, 2.476076452316192 ], [ 38.33390141900054, 46.83636990299965, 2.480476452316225 ], [ 38.332964325976718, 46.831482162986504, 2.485176452316182 ], [ 38.332680160987366, 46.829999999998108, 2.486576452316285 ], [ 38.331598607999695, 46.824358777999805, 2.548376452316234 ], [ 38.330637016002584, 46.820623543999318, 2.590576452316327 ], [ 38.330510351257544, 46.820255175631246, 2.594876452316385 ], [ 38.330422608230947, 46.820000000003347, 2.595776452316386 ], [ 38.33, 46.818770964218857, 2.587676452316373 ], [ 38.328818115001923, 46.815333788001226, 2.559276452316226 ], [ 38.326555025998459, 46.810049199000787, 2.517676452316209 ], [ 38.326531004144272, 46.81000000000131, 2.517376452316284 ], [ 38.324736163000125, 46.806323998000153, 2.526276452316324 ], [ 38.323133561911163, 46.803433219043654, 2.534376452316337 ], [ 38.322696387000178, 46.80264464100037, 2.536476452316265 ], [ 38.320950700401227, 46.799999999999272, 2.54527645231633 ], [ 38.319355888002974, 46.797583927002051, 2.553176452316166 ], [ 38.315584074305661, 46.79279203715123, 2.572076452316196 ], [ 38.315522414000952, 46.79271370099741, 2.571876452316246 ], [ 38.313036082156032, 46.790000000004511, 2.569676452316344 ], [ 38.31125345700093, 46.788054358003137, 2.567976452316316 ], [ 38.310000000003129, 46.786866717831799, 2.568676452316367 ], [ 38.306588760997329, 46.783634597000855, 2.553376452316343 ], [ 38.302182784336765, 46.780000000002474, 2.539076452316294 ], [ 38.30128273200171, 46.779257525000503, 2.53617645231634 ], [ 38.295656787002372, 46.775126698999884, 2.522976452316243 ], [ 38.289999999999054, 46.771330552865038, 2.513276452316177 ], [ 38.289789973998268, 46.77118960900043, 2.512976452316252 ], [ 38.288827053758723, 46.770586473123331, 2.511776452316326 ], [ 38.28789073597909, 46.770000000000437, 2.510576452316172 ], [ 38.279948907014841, 46.765025546494144, 2.450776452316177 ], [ 38.271925506920525, 46.760000000003856, 2.480776452316377 ], [ 38.271070760272778, 46.759464619863138, 2.478576452316247 ], [ 38.270000000002256, 46.758793937182418, 2.475876452316243 ], [ 38.258445154002402, 46.751556430001074, 2.446676452316296 ], [ 38.256081102503231, 46.750000000003638, 2.43917645231636 ], [ 38.25, 46.745996360332356, 2.459976452316369 ], [ 38.244823467706738, 46.742588266150051, 2.477676452316246 ], [ 38.240892166935737, 46.740000000001601, 2.491076452316292 ], [ 38.230000000001382, 46.732828880682064, 2.528276452316277 ], [ 38.229131927000708, 46.732257364001271, 2.526876452316174 ], [ 38.225374238933, 46.729999999999563, 2.523176452316193 ], [ 38.222903621999649, 46.728515820997927, 2.520676452316366 ], [ 38.216599421002684, 46.724980987004528, 2.516776452316208 ], [ 38.209999999999127, 46.721632530177885, 2.516276452316333 ], [ 38.206782471905171, 46.719999999997526, 2.516076452316383 ], [ 38.204050031999941, 46.718613597000513, 2.501976452316285 ], [ 38.190000000000509, 46.712103865293102, 2.442076452316314 ], [ 38.187816038007441, 46.71109198099839, 2.432776452316375 ], [ 38.185459202324637, 46.710000000002765, 2.445376452316168 ], [ 38.170000000003711, 46.70283736438796, 2.599976452316241 ], [ 38.167093981001017, 46.701490933000969, 2.585476452316243 ], [ 38.163336502289894, 46.700000000000728, 2.566676452316187 ], [ 38.159047915003612, 46.698298328003148, 2.494176452316196 ], [ 38.151249956998072, 46.695581677000519, 2.373676452316204 ], [ 38.149999999999636, 46.695175927270611, 2.355276452316275 ], [ 38.134054982625457, 46.690000000004147, 2.518876452316363 ], [ 38.131552775001182, 46.689187756001047, 2.520176452316264 ], [ 38.125780740001574, 46.686926914004289, 2.499976452316332 ], [ 38.123301629004345, 46.686468816998968, 2.522076452316242 ], [ 38.121477916001822, 46.685492639002405, 2.499976452316332 ], [ 38.120872048561068, 46.685436024277806, 2.508676452316195 ], [ 38.118132621000768, 46.685180041000422, 2.503576452316338 ], [ 38.112405718002265, 46.684220503000688, 2.484376452316383 ], [ 38.109999999998763, 46.683689471910839, 2.473776452316315 ], [ 38.105537981002271, 46.682704539000042, 2.498676452316204 ], [ 38.104914317875227, 46.682542841062968, 2.50167645231636 ], [ 38.097945879004328, 46.680736124999385, 2.482376452316203 ], [ 38.095760943308051, 46.680000000003929, 2.471176452316286 ], [ 38.091040568002427, 46.678409662003105, 2.478876452316172 ], [ 38.090000000001965, 46.677919611591278, 2.479176452316324 ], [ 38.082654887999524, 46.674460466998426, 2.518076452316336 ], [ 38.081789239469799, 46.674105380270703, 2.523176452316193 ], [ 38.07646110099995, 46.671919792002882, 2.506076452316165 ], [ 38.071166510739204, 46.670000000001892, 2.494176452316196 ], [ 38.06999999999789, 46.669577029029824, 2.491576452316167 ], [ 38.059684880001441, 46.665836818003299, 2.519876452316339 ], [ 38.058817726769121, 46.665591136619696, 2.523676452316295 ], [ 38.050000000001091, 46.663092903012512, 2.492776452316321 ], [ 38.039083337278498, 46.659999999999854, 2.509176452316296 ], [ 38.033054048002668, 46.658291785004621, 2.518176452316311 ], [ 38.030000000004293, 46.657549986108279, 2.526476452316274 ], [ 38.020470936289712, 46.655235468148021, 2.504676452316289 ], [ 38.013540929003284, 46.653552236000905, 2.488876452316163 ], [ 38.010000000000218, 46.652306831912938, 2.469176452316333 ], [ 38.008365434998268, 46.651731927999208, 2.460176452316318 ], [ 38.007434715649651, 46.651282642176739, 2.451276452316279 ], [ 38.006320688002234, 46.65074486800404, 2.451676452316178 ], [ 38.005117376087583, 46.650000000003274, 2.448776452316224 ], [ 38.004236742999637, 46.649454874999719, 2.457676452316264 ], [ 38.0023709290017, 46.647934605003684, 2.47627645231637 ], [ 38.000905835000594, 46.646373823999966, 2.490976452316318 ], [ 37.999834835576621, 46.644917417788747, 2.50167645231636 ], [ 37.998040145001141, 46.642476895001892, 2.504176452316187 ], [ 37.996483901184547, 46.640000000003056, 2.502776452316311 ], [ 37.993350535001809, 46.635012980003012, 2.520676452316366 ], [ 37.991379163999227, 46.632193064000603, 2.53377645231626 ], [ 37.9907199990339, 46.631360011648212, 2.53877645231637 ], [ 37.99000000000342, 46.63045007724395, 2.524376452316346 ], [ 37.989191112003027, 46.629427805004525, 2.520376452316214 ], [ 37.986812553001073, 46.626866229004008, 2.511976452316276 ], [ 37.982576133001203, 46.623159960998237, 2.503776452316288 ], [ 37.979990914003793, 46.621173080999142, 2.500976452316308 ], [ 37.975771346000329, 46.618255756002327, 2.498976452316356 ], [ 37.973925713002245, 46.617216242999348, 2.499976452316332 ], [ 37.971904356467348, 46.617147722441587, 2.509576452316196 ], [ 37.961155564429646, 46.616783356619635, 2.677876452316241 ], [ 37.957719408830599, 46.616666876772797, 2.699976452316378 ], [ 37.939921498013064, 46.616063557781672, 2.699976452316378 ], [ 37.934934057504506, 46.615894492006191, 2.715076452316225 ], [ 37.924652540003081, 46.615545966000354, 2.715276452316175 ], [ 37.918710849098716, 46.617421698188991, 2.714076452316249 ], [ 37.912752294951133, 46.619302753941156, 2.699976452316378 ], [ 37.899079427350443, 46.623619141020754, 2.699976452316378 ], [ 37.884163910073767, 46.628327820142658, 2.519476452316212 ], [ 37.881602410003325, 46.629136460003792, 2.513876452316254 ], [ 37.880027464445448, 46.628780897501201, 2.512476452316378 ], [ 37.852224155003569, 46.622503973001585, 2.751776452316335 ], [ 37.840858939571262, 46.627147348923245, 2.908576452316311 ], [ 37.831124467737027, 46.631124467736299, 2.811276452316179 ], [ 37.820350779433284, 46.635526169149671, 2.703476452316181 ], [ 37.810394727001039, 46.639593816998968, 2.603976452316374 ], [ 37.809826295944731, 46.639913147975676, 2.598276452316213 ], [ 37.797075973927349, 46.647075973931351, 2.741476452316192 ], [ 37.794612896155741, 46.648459672118406, 2.692276452316264 ], [ 37.785659609586219, 46.653489414375144, 2.669776452316228 ], [ 37.770000000002256, 46.662286608507202, 2.926476452316365 ], [ 37.768239779999931, 46.663275458004136, 2.926676452316315 ], [ 37.764757827591893, 46.664757827591529, 2.916476452316374 ], [ 37.761926453606065, 46.665963226800159, 2.817376452316239 ], [ 37.752444437595841, 46.670000000001892, 2.924476452316185 ], [ 37.751124161097323, 46.670562080547825, 2.911276452316315 ], [ 37.749999999998181, 46.671040669007198, 2.910376452316314 ], [ 37.737559441000485, 46.676336980999622, 3.025576452316272 ], [ 37.73751951678787, 46.676240241607957, 3.024776452316246 ], [ 37.736501498000507, 46.673773505002828, 3.005276452316366 ], [ 37.736582878998888, 46.671210028001951, 2.979176452316324 ], [ 37.735652087523704, 46.670000000001892, 2.971776452316362 ], [ 37.735362174998954, 46.669623114001297, 2.954376452316183 ], [ 37.731781756838245, 46.670000000001892, 2.991076452316292 ], [ 37.730723504004345, 46.670111394998457, 2.997476452316278 ], [ 37.730723504004345, 46.670000000001892, 2.996376452316326 ], [ 37.730723504004345, 46.669638248002229, 2.978276452316322 ], [ 37.730723504004345, 46.66266510600326, 2.908576452316311 ], [ 37.734614169581619, 46.659999999999854, 2.784676452316262 ], [ 37.747084896704109, 46.651457551652129, 2.472876452316314 ], [ 37.749212709264611, 46.650000000003274, 2.415776452316322 ], [ 37.749544899441389, 46.649772449720331, 2.409076452316185 ], [ 37.749999999998181, 46.649460705826641, 2.405376452316204 ], [ 37.751712045113891, 46.648287954887564, 2.382876452316168 ], [ 37.755137566002304, 46.645941473003404, 2.372876452316177 ], [ 37.756004151724483, 46.643995848276973, 2.33997645231625 ], [ 37.76001405277384, 46.634992973611588, 2.349776452316291 ], [ 37.762237934688528, 46.630000000001019, 2.277576452316225 ], [ 37.763651706858582, 46.626825853429182, 2.295176452316355 ], [ 37.766691957651346, 46.620000000004438, 2.249576452316205 ], [ 37.767294480050623, 46.618647240029532, 2.254076452316212 ], [ 37.767751498004145, 46.617621160999988, 2.257476452316268 ], [ 37.769931856744734, 46.610000000002401, 2.300976452316263 ], [ 37.769940384527217, 46.609970192264882, 2.301176452316213 ], [ 37.770000000002256, 46.609761814106605, 2.302376452316366 ], [ 37.773258967481524, 46.598370516265277, 2.399976452316196 ], [ 37.775653711310952, 46.590000000000146, 2.471776452316362 ], [ 37.776540561004367, 46.586900132002484, 2.436276452316179 ], [ 37.776663854840081, 46.586668072581233, 2.433376452316224 ], [ 37.780206620936951, 46.580000000003565, 2.495876452316224 ], [ 37.782262183096464, 46.576131091549541, 2.493476452316372 ], [ 37.78551964962935, 46.570000000003347, 2.567176452316289 ], [ 37.790000000004511, 46.561567238511998, 2.584376452316292 ], [ 37.791133900655041, 46.559433049673316, 2.599976452316241 ], [ 37.79614570701051, 46.549999999999272, 2.669276452316353 ], [ 37.799053626764362, 46.544526813382618, 2.709476452316267 ], [ 37.80145873570109, 46.540000000002692, 2.628076452316236 ], [ 37.802093946003879, 46.538804429001175, 2.630576452316291 ], [ 37.802873479980917, 46.536436739992496, 2.642576452316234 ], [ 37.80499270150176, 46.530000000002474, 2.750076452316307 ], [ 37.805700484204863, 46.527850242100612, 2.785976452316163 ], [ 37.808285084800445, 46.520000000000437, 2.825676452316202 ], [ 37.80852748842517, 46.519263744214186, 2.829476452316385 ], [ 37.810000000003129, 46.514791265022723, 2.852076452316169 ], [ 37.811354492649116, 46.510677246322302, 2.886476452316174 ], [ 37.811577468093674, 46.510000000003856, 2.876376452316208 ], [ 37.81188832209773, 46.509055838951099, 2.881076452316165 ], [ 37.812998893999975, 46.505682684004569, 2.898176452316193 ], [ 37.815788719475677, 46.500000000001819, 2.913176452316293 ], [ 37.817671925928153, 46.496164037036579, 2.923276452316259 ], [ 37.820698064195312, 46.490000000001601, 2.93957645231626 ], [ 37.824178395831041, 46.482910802087645, 2.958176452316366 ], [ 37.825607408920405, 46.479999999999563, 2.965876452316252 ], [ 37.827321811004367, 46.476507880002828, 2.975076452316216 ], [ 37.83, 46.475075142487185, 2.949276452316326 ], [ 37.834903684879464, 46.472451842442752, 2.950976452316354 ], [ 37.839486867316737, 46.470000000002983, 2.857676452316355 ], [ 37.844565846868136, 46.46728292343505, 2.808676452316377 ], [ 37.850000000004002, 46.464375841407673, 2.756276452316342 ], [ 37.850596550000773, 46.464056708004136, 2.753476452316363 ], [ 37.862966341999709, 46.454779363999478, 2.722576452316162 ], [ 37.865305878212894, 46.452347060894681, 2.723476452316163 ], [ 37.867563423309548, 46.450000000000728, 2.724376452316164 ], [ 37.8700000000008, 46.447466808585887, 2.674676452316362 ], [ 37.883836344397423, 46.433081827804926, 2.530776452316331 ], [ 37.886800632739323, 46.43000000000211, 2.531976452316258 ], [ 37.887839623241234, 46.428919811622109, 2.543176452316175 ], [ 37.889999999997599, 46.426673771971764, 2.466776452316253 ], [ 37.902366810583771, 46.413816594711534, 2.461876452316346 ], [ 37.905039909999687, 46.411037502004547, 2.518476452316236 ], [ 37.906428962298378, 46.409999999999854, 2.535676452316238 ], [ 37.907860913082914, 46.408930456536837, 2.542776452316275 ], [ 37.910000000001673, 46.407332743501684, 2.473376452316188 ], [ 37.920538915264842, 46.399461084736686, 2.552676452316291 ], [ 37.932620976387625, 46.390436829400642, 2.516976452316385 ], [ 37.93969761308108, 46.385151193460842, 2.502976452316261 ], [ 37.9399401210012, 46.384970061004424, 2.499976452316332 ], [ 37.940335871004208, 46.383261639997727, 2.480976452316327 ], [ 37.942269137000039, 46.380751958004112, 2.446176452316195 ], [ 37.943062127800658, 46.380000000001019, 2.434676452316353 ], [ 37.944884553004158, 46.37827187500443, 2.477376452316321 ], [ 37.945547051327594, 46.377773525666271, 2.48907645231634 ], [ 37.949406799003555, 46.374870118002946, 2.411876452316164 ], [ 37.950000000002547, 46.374508131266339, 2.399976452316196 ], [ 37.955212252003548, 46.371327479000684, 2.321776452316271 ], [ 37.957841074121461, 46.370000000004438, 2.282376452316385 ], [ 37.961795802002598, 46.368002977002106, 2.282976452316234 ], [ 37.963804760003768, 46.367145238000376, 2.278576452316202 ], [ 37.963999527304622, 46.36699976365162, 2.279976452316305 ], [ 37.969999999999345, 46.362517928877423, 2.324476452316276 ], [ 37.970957879004345, 46.361802476001685, 2.341176452316176 ], [ 37.976932937332094, 46.360000000002401, 2.365376452316241 ], [ 37.985082872344719, 46.357541436171232, 2.422976452316334 ], [ 37.99000000000342, 46.35605810260131, 2.418276452316377 ], [ 37.995371941002304, 46.354437567000787, 2.439976452316387 ], [ 37.997984424671813, 46.356007787662747, 2.379876452316239 ], [ 37.998906519000229, 46.356562007998946, 2.348476452316163 ], [ 38.001155066001957, 46.356119942003716, 2.343676452316231 ], [ 38.009223636001479, 46.354965007003557, 2.309176452316251 ], [ 38.010000000000218, 46.35489715498079, 2.304076452316167 ], [ 38.016891674998988, 46.354294842003583, 2.362676452316236 ], [ 38.01848045744191, 46.354240228722119, 2.372776452316202 ], [ 38.024019675001909, 46.354049822000889, 2.408076452316209 ], [ 38.030000000004293, 46.354071962376111, 2.437076452316205 ], [ 38.041768933286221, 46.354115533358708, 2.435376452316177 ], [ 38.045565496002382, 46.354129589002696, 2.473076452316263 ], [ 38.050000000001091, 46.354066827663701, 2.518676452316186 ], [ 38.056032143003904, 46.353981455000394, 2.520376452316214 ], [ 38.057796935432634, 46.353898467716135, 2.522076452316242 ], [ 38.060969045001912, 46.35374930299804, 2.524976452316196 ], [ 38.06999999999789, 46.352968972732924, 2.540576452316373 ], [ 38.07081143200412, 46.352898860001005, 2.537976452316343 ], [ 38.077533812003821, 46.351977034999436, 2.522776452316293 ], [ 38.084213176003686, 46.350795918999211, 2.512976452316252 ], [ 38.087932239992369, 46.350000000002183, 2.510376452316223 ], [ 38.089380229766903, 46.349690114886471, 2.509276452316271 ], [ 38.090000000001965, 46.349557477507915, 2.508876452316372 ], [ 38.090841115003059, 46.349377470003674, 2.508276452316295 ], [ 38.097406132001197, 46.347731841999121, 2.50837645231627 ], [ 38.10251300741038, 46.346256503702534, 2.5122764523162 ], [ 38.103893125004106, 46.345857798001816, 2.513376452316379 ], [ 38.109999999998763, 46.343836433356046, 2.523276452316168 ], [ 38.110282773001018, 46.343742835999365, 2.52377645231627 ], [ 38.114376874294976, 46.342188437145523, 2.534376452316337 ], [ 38.116550843002187, 46.34136305100219, 2.520876452316315 ], [ 38.11964719354728, 46.340000000000146, 2.503576452316338 ], [ 38.124937282002065, 46.337671239001793, 2.47387645231629 ], [ 38.125143222017869, 46.337571611013118, 2.472876452316314 ], [ 38.130000000002838, 46.335222038342181, 2.4955764523163 ], [ 38.130937889000052, 46.334768314001849, 2.499976452316332 ], [ 38.135118103087734, 46.332559051543285, 2.523276452316168 ], [ 38.136818269000287, 46.331660506004482, 2.515176452316382 ], [ 38.139563667162292, 46.330000000003565, 2.504376452316365 ], [ 38.146547042004386, 46.325776228000905, 2.476776452316244 ], [ 38.149999999999636, 46.323482076895743, 2.4651764523162 ], [ 38.152205512004002, 46.322016731000986, 2.457776452316239 ], [ 38.152967562540653, 46.321483781272036, 2.455476452316361 ], [ 38.155089181605945, 46.320000000001528, 2.474576452316342 ], [ 38.157586152001386, 46.318253712002843, 2.496976452316176 ], [ 38.161124245794781, 46.315562122901611, 2.533176452316184 ], [ 38.162782326997331, 46.314300745001674, 2.529176452316278 ], [ 38.167679060536102, 46.31000000000131, 2.523176452316193 ], [ 38.16852102482153, 46.30926051240931, 2.514776452316255 ], [ 38.169478550003987, 46.308419529001185, 2.518376452316261 ], [ 38.170000000003711, 46.307888345874744, 2.521076452316265 ], [ 38.174134301003505, 46.30367687600301, 2.521876452316292 ], [ 38.177296035149993, 46.299999999999272, 2.527076452316351 ], [ 38.17843783200442, 46.298672169999918, 2.528876452316354 ], [ 38.180893033353641, 46.295446516674929, 2.53657645231624 ], [ 38.181085472002451, 46.295193690004453, 2.537176452316316 ], [ 38.184404732184703, 46.290000000002692, 2.555976452316372 ], [ 38.185753797999496, 46.287889098997766, 2.54247645231635 ], [ 38.185758792085835, 46.287879396042626, 2.542376452316375 ], [ 38.187846546999936, 46.283823118999862, 2.521576452316367 ], [ 38.189550276032605, 46.280000000000655, 2.504476452316339 ], [ 38.189632223678927, 46.279816111840773, 2.505476452316316 ], [ 38.189707593999628, 46.27964698300093, 2.506476452316292 ], [ 38.190000000000509, 46.278839353977673, 2.511576452316376 ], [ 38.192649407999852, 46.271521656004552, 2.55827645231625 ], [ 38.192697442058488, 46.271348721031245, 2.559576452316378 ], [ 38.193072059997576, 46.270000000000437, 2.553876452316217 ], [ 38.193471945003694, 46.268560311000329, 2.547876452316359 ], [ 38.194777108999915, 46.262510345004557, 2.528376452316252 ], [ 38.194792144942767, 46.262396072472256, 2.528076452316327 ], [ 38.195107419343913, 46.260000000000218, 2.52337645231637 ], [ 38.196002588003466, 46.253196755002136, 2.509976452316323 ], [ 38.196012189317116, 46.253006094661032, 2.509776452316373 ], [ 38.196163570877616, 46.25, 2.507576452316243 ], [ 38.196480481003164, 46.243706883000414, 2.502776452316311 ], [ 38.196476335622719, 46.243238167811796, 2.502876452316286 ], [ 38.196447696800533, 46.24000000000342, 2.503276452316186 ], [ 38.196424135003326, 46.237335887000881, 2.503676452316313 ], [ 38.196388794767699, 46.236805602620734, 2.504176452316187 ], [ 38.195935242609266, 46.229999999999563, 2.510976452316299 ], [ 38.195787676004329, 46.227785745999427, 2.513176452316202 ], [ 38.195705659773012, 46.227147170115131, 2.514376452316355 ], [ 38.194975811000404, 46.221464590002142, 2.525376452316323 ], [ 38.194690928967248, 46.220000000002983, 2.52967645231638 ], [ 38.193041614353206, 46.211520807177294, 2.469576452316232 ], [ 38.192787520998536, 46.210214503000316, 2.472076452316287 ], [ 38.192735873151832, 46.210000000000946, 2.472676452316364 ], [ 38.192441894525473, 46.208779052738464, 2.463376452316197 ], [ 38.190559791004489, 46.200962331000483, 2.491576452316167 ], [ 38.190273311000055, 46.200000000002547, 2.495876452316224 ], [ 38.190237900274951, 46.199881049862597, 2.496476452316301 ], [ 38.190000000000509, 46.199081905760977, 2.499976452316332 ], [ 38.187859579003998, 46.191891898000904, 2.52137645231619 ], [ 38.187164091603336, 46.190000000000509, 2.528376452316252 ], [ 38.186525444756626, 46.188262722382206, 2.517376452316284 ], [ 38.185561260001123, 46.185639901001196, 2.500776452316359 ], [ 38.183256186393919, 46.180000000000291, 2.467476452316305 ], [ 38.183045171999765, 46.179483703999722, 2.469576452316232 ], [ 38.180880650177642, 46.174559674913326, 2.491176452316267 ], [ 38.179265708002276, 46.170885874000305, 2.507376452316294 ], [ 38.178829604461498, 46.17, 2.511676452316351 ], [ 38.176333902003535, 46.164930382999955, 2.485976452316208 ], [ 38.175055169624102, 46.162527584812779, 2.474676452316316 ], [ 38.173710027711422, 46.159999999999854, 2.462876452316323 ], [ 38.171015986999919, 46.154937771001642, 2.489876452316366 ], [ 38.170000000003711, 46.153151418264315, 2.499976452316332 ], [ 38.168700460999389, 46.150866512001812, 2.512976452316252 ], [ 38.168162915051653, 46.149999999999636, 2.518376452316261 ], [ 38.167336870976214, 46.148668435489526, 2.513276452316177 ], [ 38.165202818003308, 46.145228389999829, 2.500276452316257 ], [ 38.161679767348687, 46.139999999999418, 2.483176452316229 ], [ 38.161490087997663, 46.139718506001373, 2.485076452316207 ], [ 38.156754959052705, 46.133377479525734, 2.532476452316359 ], [ 38.155292136998469, 46.13141854800233, 2.534776452316237 ], [ 38.154081075113936, 46.130000000002838, 2.53877645231637 ], [ 38.15160502100116, 46.127099733999785, 2.546876452316383 ], [ 38.149999999999636, 46.125411648974477, 2.554076452316167 ], [ 38.147681335000016, 46.122972987001049, 2.541276452316197 ], [ 38.14642284803449, 46.121788575987011, 2.535776452316213 ], [ 38.144522410155332, 46.1200000000008, 2.554776452316219 ], [ 38.143809679002516, 46.119329220999134, 2.548476452316208 ], [ 38.13975468100034, 46.115849126999819, 2.519476452316212 ], [ 38.139184758796546, 46.115407620602127, 2.516276452316333 ], [ 38.132204286765045, 46.110000000002401, 2.47797645231617 ], [ 38.131339642459352, 46.109330178771415, 2.479876452316375 ], [ 38.131236711004021, 46.109250440000324, 2.4801764523163 ], [ 38.130000000002838, 46.10836806428415, 2.483676452316331 ], [ 38.125645355001325, 46.105261086999235, 2.496176452316377 ], [ 38.11989209800231, 46.101448394001636, 2.515576452316282 ], [ 38.117515906247718, 46.100000000000364, 2.524876452316221 ], [ 38.115212564003741, 46.098596010999245, 2.519776452316364 ], [ 38.109999999998763, 46.095746485152631, 2.514976452316205 ], [ 38.105542097004218, 46.093309506000878, 2.51077645231635 ], [ 38.100571934999607, 46.090864186002364, 2.511576452316376 ], [ 38.098638666862826, 46.090000000001965, 2.513576452316329 ], [ 38.090995161001047, 46.08658329300124, 2.487576452316262 ], [ 38.090000000001965, 46.086181421660513, 2.485476452316334 ], [ 38.076421404000939, 46.080698039000708, 2.456776452316262 ], [ 38.074642418321673, 46.08, 2.453576452316383 ], [ 38.072041274996081, 46.078979362504469, 2.438776452316233 ], [ 38.06999999999789, 46.078178406332881, 2.445376452316168 ], [ 38.053073783856235, 46.071536891926371, 2.415376452316195 ], [ 38.050000000001091, 46.070330799580915, 2.409876452316212 ], [ 38.049629306511633, 46.070185346747166, 2.409276452316362 ], [ 38.049156941497131, 46.069999999999709, 2.412676452316191 ], [ 38.04217127800257, 46.067258963001223, 2.407776452316284 ], [ 38.030000000004293, 46.062178976129871, 2.387176452316226 ], [ 38.025202253998941, 46.06017651700131, 2.379076452316212 ], [ 38.024810126533339, 46.059999999999491, 2.377876452316286 ], [ 38.011572143002923, 46.054040894001446, 2.457276452316364 ], [ 38.010000000000218, 46.053261881075741, 2.465276452316175 ], [ 38.006723407755999, 46.051638296126839, 2.498276452316304 ], [ 38.006328120003673, 46.051442427002257, 2.498376452316279 ], [ 38.003815180016318, 46.049999999999272, 2.492776452316321 ], [ 38.000231433001318, 46.047942930001227, 2.505376452316341 ], [ 37.999440480001795, 46.047345744002087, 2.505276452316366 ], [ 37.999140563000765, 46.046855418999257, 2.499976452316332 ], [ 37.99000000000342, 46.044567460628969, 2.591376452316354 ], [ 37.971853061004367, 46.040025132002484, 2.863476452316263 ], [ 37.971812559017053, 46.040000000002692, 2.863776452316188 ], [ 37.969999999999345, 46.038875283908055, 2.877476452316387 ], [ 37.962079266024375, 46.033960366992687, 2.977176452316371 ], [ 37.955696856322902, 46.030000000000655, 3.057576452316198 ], [ 37.950000000002547, 46.026465027664017, 3.129276452316162 ], [ 37.940114780003569, 46.020331122001153, 3.204376452316183 ], [ 37.939869814921622, 46.020000000002256, 3.20257645231618 ], [ 37.933922853475451, 46.011961426738708, 3.241176452316267 ], [ 37.932471783888104, 46.010000000000218, 3.250576452316182 ], [ 37.929999999998472, 46.006658862503173, 3.266576452316258 ], [ 37.925073752861863, 46.000000000001819, 3.298476452316208 ], [ 37.922181781825202, 45.996090890912456, 3.278176452316302 ], [ 37.918711785001506, 45.991400458000498, 3.253776452316288 ], [ 37.918137022448718, 45.989999999999782, 3.237276452316337 ], [ 37.915074162934616, 45.982537081465125, 3.298476452316208 ], [ 37.914032918264638, 45.980000000001382, 3.319376452316192 ], [ 37.910000000001673, 45.970173450563379, 3.498276452316304 ], [ 37.909928814086015, 45.969999999999345, 3.500676452316384 ], [ 37.909910434849735, 45.969955217424285, 3.500476452316207 ], [ 37.905824709901935, 45.960000000000946, 3.441776452316162 ], [ 37.904746706766673, 45.957373353381627, 3.426276452316188 ], [ 37.902028841999709, 45.950751043999844, 3.439876452316184 ], [ 37.901842821458558, 45.950000000002547, 3.440776452316186 ], [ 37.900537805817294, 45.944731097093609, 3.394576452316187 ], [ 37.899365995321205, 45.940000000000509, 3.406376452316181 ], [ 37.897862923960929, 45.933931461981047, 3.360676452316284 ], [ 37.896889169180213, 45.93000000000211, 3.365576452316191 ], [ 37.895036008974785, 45.922518004486847, 3.524476452316321 ], [ 37.89257273982912, 45.912572739829557, 3.47427645231619 ], [ 37.889999999997599, 45.902185495500817, 3.421876452316383 ], [ 37.889458690764513, 45.899999999999636, 3.405376452316204 ], [ 37.889382179006134, 45.899691089500266, 3.403076452316327 ], [ 37.886981864621703, 45.890000000001237, 3.330176452316209 ], [ 37.886555264019989, 45.888277632009704, 3.334476452316267 ], [ 37.884505038486168, 45.8799999999992, 3.427476452316341 ], [ 37.883728349030207, 45.876864174515504, 3.462676452316373 ], [ 37.882695953041548, 45.872695953039511, 3.473076452316263 ], [ 37.881256689475777, 45.866885034214647, 3.443676452316367 ], [ 37.879111012913199, 45.858222025828582, 3.399976452316196 ], [ 37.87556970636615, 45.843924265909664, 3.327876452316332 ], [ 37.874847852002858, 45.841009833000498, 3.335376452316268 ], [ 37.8700000000008, 45.828703746741667, 3.312976452316207 ], [ 37.866571251395726, 45.820000000001528, 3.382876452316168 ], [ 37.865730237619573, 45.817865118811824, 3.399976452316196 ], [ 37.864342564926119, 45.814342564926847, 3.343376452316306 ], [ 37.861618614922918, 45.807427922383795, 3.399976452316196 ], [ 37.861094597001284, 45.806097723001585, 3.393376452316261 ], [ 37.854581738887646, 45.793970840371912, 3.364876452316366 ], [ 37.84310957100206, 45.772609768000621, 2.953976452316283 ], [ 37.841697365409345, 45.770600737398127, 2.930576452316245 ], [ 37.829437696000241, 45.753159898002195, 2.890576452316282 ], [ 37.820442697495309, 45.747256929991636, 2.984076452316231 ], [ 37.816416863002814, 45.744614975999866, 2.98277645231633 ], [ 37.804474602384289, 45.742214212452382, 2.989976452316341 ], [ 37.800629102001039, 45.741441148000376, 3.030576452316382 ], [ 37.767939602268598, 45.726680470314022, 3.291976452316248 ], [ 37.767835920092693, 45.726633653473982, 3.291576452316349 ], [ 37.763682488002814, 45.724758205000398, 3.335776452316168 ], [ 37.746996268280782, 45.714931202726802, 3.483076452316254 ], [ 37.74681507097921, 45.714824490341925, 3.486076452316183 ], [ 37.746610609154231, 45.714704076795897, 3.487276452316337 ], [ 37.72548730006929, 45.702263942970603, 3.577476452316205 ], [ 37.72518145779577, 45.702083823520297, 3.582776452316239 ], [ 37.724831145518692, 45.701877514387888, 3.585276452316293 ], [ 37.724425903801603, 45.701638855702186, 3.588076452316272 ], [ 37.723951714055147, 45.701359591506844, 3.591376452316354 ], [ 37.723389343902454, 45.70102839529136, 3.590576452316327 ], [ 37.722711674789025, 45.700629296152329, 3.594776452316182 ], [ 37.721879198177703, 45.700139026357647, 3.599976452316241 ], [ 37.720832027162032, 45.699522316752336, 3.599976452316241 ], [ 37.674001498004145, 45.671942450000643, 3.745276452316375 ], [ 37.670280017116966, 45.670420025669955, 3.760576452316172 ], [ 37.668289926919897, 45.669605897688598, 3.778276452316277 ], [ 37.666840040001262, 45.66901276200042, 3.776876452316174 ], [ 37.666840040001262, 45.667576056004691, 3.776876452316174 ], [ 37.666840040001262, 45.665260060004584, 3.753676452316313 ], [ 37.666840040001262, 45.663763738999478, 3.745276452316375 ], [ 37.676036004004345, 45.6491153019997, 3.604376452316274 ], [ 37.67643779761238, 45.648786054414813, 3.599976452316241 ], [ 37.678319006568927, 45.647244507979849, 3.599976452316241 ], [ 37.680072555736842, 45.645807571661862, 3.56437645231631 ], [ 37.681711013257882, 45.644464946566586, 3.530976452316281 ], [ 37.683245349920981, 45.643207642742709, 3.533176452316184 ], [ 37.684685185096896, 45.642027777646945, 3.502876452316286 ], [ 37.684825066000485, 45.641913153000132, 3.499976452316332 ], [ 37.686370723509754, 45.641439708368125, 3.475376452316368 ], [ 37.68796955140715, 45.640949977307173, 3.449876452316175 ], [ 37.689455341151188, 45.640494870545808, 3.397276452316191 ], [ 37.693858269003613, 45.639146226001685, 3.345976452316336 ], [ 37.69695563924688, 45.637118186317821, 3.301076452316238 ], [ 37.69840985808878, 45.636166019387019, 3.274276452316371 ], [ 37.699786469307583, 45.635264666960211, 3.21757645231628 ], [ 37.700694207003835, 45.634670314999312, 3.194676452316344 ], [ 37.702374714413963, 45.62480511130525, 3.036976452316367 ], [ 37.70287688226199, 45.621857199197621, 3.038976452316319 ], [ 37.702891471999465, 45.6217715519997, 3.037876452316368 ], [ 37.702837990214903, 45.621794539783878, 3.03877645231637 ], [ 37.700958640862154, 45.62260233023153, 3.031476452316383 ], [ 37.698252800000773, 45.623765367003216, 3.091676452316278 ], [ 37.693689503588757, 45.624976037304805, 3.18327645231625 ], [ 37.691827685519456, 45.625469988965051, 3.245476452316325 ], [ 37.689838541435165, 45.625997720992018, 3.274376452316346 ], [ 37.68230228000175, 45.627997137004058, 3.359576452316333 ], [ 37.678884311004367, 45.610785223001585, 3.248976452316356 ], [ 37.671534069488189, 45.609772690555474, 3.307676452316173 ], [ 37.670909050004411, 45.609686591002173, 3.324276452316326 ], [ 37.669571771348274, 45.610725052933049, 3.384176452316296 ], [ 37.667733464739285, 45.612152587440505, 3.422076452316333 ], [ 37.665779801383906, 45.613669702072002, 3.462376452316221 ], [ 37.663699571328834, 45.615285101903282, 3.505276452316366 ], [ 37.661480063543422, 45.617008657667611, 3.50207645231626 ], [ 37.659106805942429, 45.618851607641773, 3.54937645231621 ], [ 37.656563249496685, 45.620826802958618, 3.599976452316241 ], [ 37.653830381745138, 45.622949007705756, 3.599976452316241 ], [ 37.652517123002326, 45.623968817002606, 3.61407645231634 ], [ 37.644853751849951, 45.632280627771252, 3.709676452316216 ], [ 37.643036720241071, 45.634251408335331, 3.753076452316236 ], [ 37.64193769600206, 45.635443427001519, 3.751976452316285 ], [ 37.640598613537804, 45.635778197596665, 3.750576452316182 ], [ 37.637191621322927, 45.636629945587629, 3.747176452316353 ], [ 37.633279889516416, 45.637607878466952, 3.799976452316287 ], [ 37.628742280609004, 45.638742280607403, 3.799976452316287 ], [ 37.617673057462525, 45.641509586193934, 3.799976452316287 ], [ 37.614593946003879, 45.642279363999478, 3.817976452316316 ], [ 37.619521217646252, 45.64428182647498, 3.799976452316287 ], [ 37.631114129004345, 45.64899323100326, 3.799976452316287 ], [ 37.634776237999176, 45.660711980999622, 3.799976452316287 ], [ 37.632100862700099, 45.663151294051204, 3.799976452316287 ], [ 37.626475457000197, 45.668280341000354, 3.845176452316309 ], [ 37.617452297052296, 45.665589222788185, 3.881376452316317 ], [ 37.614797416090369, 45.664797416086003, 3.899976452316196 ], [ 37.61000000000422, 45.663366607604985, 3.866376452316217 ], [ 37.607920768998156, 45.662746485999378, 3.914076452316294 ], [ 37.607072634542419, 45.661463682732574, 3.943876452316317 ], [ 37.606104910359136, 45.660000000001673, 3.919476452316303 ], [ 37.604181409091325, 45.657090704544316, 3.929076452316167 ], [ 37.601410352001039, 45.652899481001441, 3.942976452316316 ], [ 37.600568670444773, 45.650568670447683, 3.947176452316171 ], [ 37.596853298518909, 45.640279947776435, 3.965776452316277 ], [ 37.59506269600206, 45.635321355999622, 3.95197645231633 ], [ 37.593010508846419, 45.626021017700623, 3.899976452316196 ], [ 37.590000000001965, 45.612377646673849, 3.899976452316196 ], [ 37.589475355005561, 45.610000000002401, 3.897376452316166 ], [ 37.58941029349262, 45.609705146747729, 3.894076452316312 ], [ 37.587412957002016, 45.60065338700042, 3.793576452316302 ], [ 37.587388667529012, 45.600000000000364, 3.786976452316367 ], [ 37.587339210476785, 45.598669605238683, 3.786676452316215 ], [ 37.587016920353562, 45.590000000001965, 3.785076452316162 ], [ 37.586706392638007, 45.581646803684635, 3.699976452316378 ], [ 37.586645173178113, 45.58, 3.683176452316275 ], [ 37.586581634795948, 45.578290817396919, 3.68287645231635 ], [ 37.586273425999025, 45.570000000001528, 3.681376452316272 ], [ 37.586202846956439, 45.568101423476037, 3.680976452316372 ], [ 37.586192253998888, 45.567816472999766, 3.680976452316372 ], [ 37.587217188240174, 45.559999999999491, 3.686076452316229 ], [ 37.587388410453059, 45.558694205225038, 3.673876452316335 ], [ 37.588528437245259, 45.550000000001091, 3.592676452316255 ], [ 37.588618980282263, 45.549309490141241, 3.593076452316382 ], [ 37.589839686243067, 45.540000000002692, 3.599176452316215 ], [ 37.590000000001965, 45.538777396552177, 3.587776452316348 ], [ 37.590984892971392, 45.531266290963686, 3.500676452316384 ], [ 37.59209021888455, 45.522836725627712, 3.402976452316352 ], [ 37.593178106295454, 45.51454015184936, 3.404576452316178 ], [ 37.593923373000507, 45.508856512002239, 3.338076452316272 ], [ 37.593953387688089, 45.505930081531915, 3.308476452316199 ], [ 37.594051474696244, 45.496366603098068, 3.211576452316194 ], [ 37.59414942037256, 45.486816904900479, 3.114776452316164 ], [ 37.594247225018989, 45.477280957171388, 2.921276452316306 ], [ 37.594248894003613, 45.477118231001441, 2.919876452316203 ], [ 37.594073927937643, 45.476365512400662, 2.91527645231622 ], [ 37.590433630528423, 45.460704649605759, 2.801876452316264 ], [ 37.590000000001965, 45.458839134949812, 2.776776452316199 ], [ 37.587945382671023, 45.450000000002547, 2.63077645231624 ], [ 37.586436394001794, 45.443508205000398, 2.653476452316227 ], [ 37.586411191119623, 45.44179440444168, 2.653876452316354 ], [ 37.586384802882094, 45.440000000000509, 2.636176452316249 ], [ 37.586358023714638, 45.438179011856846, 2.65467645231638 ], [ 37.586330844853364, 45.436330844855547, 2.61837645231617 ], [ 37.586303257292457, 45.434454885938976, 2.655476452316179 ], [ 37.586273634000463, 45.432440496999334, 2.71497645231625 ], [ 37.588186957240396, 45.430068366609703, 2.843576452316256 ], [ 37.588213760280269, 45.430035136307197, 2.854476452316248 ], [ 37.58958619859186, 45.428333592866693, 2.877176452316235 ], [ 37.570000000003347, 45.410000000001673, 2.899976452316196 ], [ 37.530000000004293, 45.3799999999992, 2.999976452316332 ], [ 37.450000000002547, 45.350000000000364, 2.699976452316378 ], [ 37.390000000003056, 45.340000000001965, 2.099976452316241 ], [ 37.290000000004511, 45.33, -0.000023547683668 ], [ 37.132734487349808, 45.326425783803643, 0.169776452316228 ], [ 37.138538794004489, 45.334324428004038, 2.499976452316332 ], [ 37.139414910003325, 45.335516669003482, 2.851776452316244 ], [ 37.134992823604989, 45.338343157338386, 3.737076452316387 ], [ 37.13152103000175, 45.340562241999578, 3.621476452316301 ], [ 37.108734571003879, 45.3424746769997, 3.470576452316209 ], [ 37.080241624562404, 45.350162812543203, 3.027576452316225 ], [ 37.066661004002526, 45.353827216003992, 3.116076452316292 ], [ 37.058868585429082, 45.357290513167754, 3.27097645231629 ], [ 37.042930523482937, 45.364374096294341, 3.587676452316373 ], [ 37.025504909073788, 45.372118813855195, 3.755076452316189 ], [ 36.98527224047757, 45.390000000001237, 4.190876452316388 ], [ 36.98340207379988, 45.390831185195566, 4.383676452316195 ], [ 36.980537137622377, 45.392104490172642, 4.373776452316179 ], [ 36.960192768678098, 45.401146431973757, 4.450976452316354 ], [ 36.940272240733975, 45.410000000001673, 4.438976452316183 ], [ 36.936289014001886, 45.411770323004021, 4.418876452316226 ], [ 36.916830575662971, 45.418492298893398, 4.319076452316267 ], [ 36.912466158193638, 45.42, 4.293576452316302 ], [ 36.878103061000729, 45.431870835000154, 4.181776452316171 ], [ 36.862478061004367, 45.431830145002095, 4.095476452316234 ], [ 36.848060432024795, 45.434008633148551, 4.030376452316204 ], [ 36.847666862999176, 45.434068100999866, 4.025776452316222 ], [ 36.844255782021719, 45.436187981835246, 3.956876452316237 ], [ 36.83812189825403, 45.440000000000509, 3.884976452316323 ], [ 36.833262566002304, 45.4430199239996, 3.74947645231623 ], [ 36.825819091294761, 45.440000000000509, 3.78657645231624 ], [ 36.809228752827039, 45.433269062737963, 3.694176452316242 ], [ 36.790938162199382, 45.425848308886998, 3.663176452316293 ], [ 36.776523316235398, 45.42, 3.545876452316179 ], [ 36.754635486428015, 45.41111979483685, 3.434376452316201 ], [ 36.751875428704807, 45.410000000001673, 3.418476452316327 ], [ 36.749981217893946, 45.40923149162154, 3.399876452316221 ], [ 36.748600663906473, 45.408671381152089, 3.379676452316289 ], [ 36.72456517102728, 45.398919838407892, 3.251176452316258 ], [ 36.718198107999342, 45.396336629999496, 2.499976452316332 ], [ 36.694237748000887, 45.397525055001097, 2.509476452316221 ], [ 36.684255198000756, 45.397828041001048, 2.463476452316172 ], [ 36.681101045791365, 45.397775261450079, 2.410376452316314 ], [ 36.678175544999249, 45.397726307999619, 2.463376452316197 ], [ 36.664306210379436, 45.397153105190228, 2.575076452316353 ], [ 36.661896941001032, 45.39705353300451, 2.528176452316302 ], [ 36.650000000001455, 45.397002519148373, 2.450876452316379 ], [ 36.644212160001189, 45.39697770100247, 2.500076452316307 ], [ 36.638465392001308, 45.397176890999617, 2.62727645231621 ], [ 36.634665597030107, 45.397667201485092, 2.836876452316346 ], [ 36.634607493000658, 45.397674698999253, 2.827476452316205 ], [ 36.63006998900164, 45.398714224000287, 2.517576452316234 ], [ 36.616700616001253, 45.402734840999983, 2.499976452316332 ], [ 36.615936380125277, 45.404219085963632, 3.671876452316383 ], [ 36.615263320525628, 45.405526254804499, 3.607876452316304 ], [ 36.613985983736711, 45.408007008136337, 3.406376452316181 ], [ 36.613536004004345, 45.408880927001519, 3.423076452316309 ], [ 36.598806186002548, 45.421210028001951, 3.343276452316331 ], [ 36.583262566002304, 45.427394924001419, 2.997476452316278 ], [ 36.576895541245904, 45.426552229379013, 2.726376452316345 ], [ 36.566661004002526, 45.425197657999888, 3.164376452316219 ], [ 36.565333563803506, 45.424249913574386, 3.295876452316179 ], [ 36.560550373242222, 45.420834888031095, 3.561076452316229 ], [ 36.559578017247986, 45.420140660917241, 2.6372764523162 ], [ 36.548594597001284, 45.412298895000276, 2.151576452316249 ], [ 36.532969596999465, 45.408921617001397, 2.005676452316266 ], [ 36.515879754002526, 45.419745184000931, 2.863376452316288 ], [ 36.507207069987999, 45.427720706999025, 3.472676452316364 ], [ 36.502210298904174, 45.432315808428029, 3.094776452316182 ], [ 36.499134641631827, 45.435144226397824, 3.525676452316247 ], [ 36.497704923680431, 45.436459015265427, 3.209376452316292 ], [ 36.490570509002282, 45.4430199239996, 3.55587645231617 ], [ 36.47055097699922, 45.445786850999866, 3.276676452316224 ], [ 36.45980768755544, 45.444038462488606, 2.868276452316195 ], [ 36.452704835461191, 45.442882527422626, 3.56437645231631 ], [ 36.434996305002642, 45.440000599000996, 2.499976452316332 ], [ 36.394753850001507, 45.446359757999744, 2.469176452316333 ], [ 36.386309654000797, 45.447984059001101, 2.516376452316308 ], [ 36.381467342001997, 45.449239011004465, 2.603276452316322 ], [ 36.379455711999981, 45.449960333004128, 2.676376452316163 ], [ 36.379376566093924, 45.450000000002547, 2.681276452316297 ], [ 36.377833157999703, 45.450773538001158, 2.588576452316374 ], [ 36.375191813000129, 45.452870205001091, 2.38357645231622 ], [ 36.374047101056931, 45.453595289896839, 2.30567645231622 ], [ 36.373594429001969, 45.45388202200229, 2.326176452316304 ], [ 36.366939082001409, 45.456980525999825, 2.457676452316264 ], [ 36.359617177251494, 45.460000000000946, 2.54287645231625 ], [ 36.34533611927327, 45.465889353214152, 2.532376452316385 ], [ 36.336280617004377, 45.469623744002092, 2.447176452316171 ], [ 36.332145384922114, 45.471072692462258, 2.380676452316266 ], [ 36.330924382000376, 45.471500521000053, 2.441476452316238 ], [ 36.323760062117799, 45.473760062117435, 2.751976452316285 ], [ 36.320740573002695, 45.47471237299942, 2.148076452316218 ], [ 36.319804224674954, 45.474902112337077, 1.96087645231637 ], [ 36.317492112999389, 45.475370633001148, 2.115776452316368 ], [ 36.313846092001768, 45.475801374999719, 2.24297645231627 ], [ 36.31000000000131, 45.475942378066975, 2.258076452316345 ], [ 36.306131572000595, 45.476084200001424, 2.31197645231623 ], [ 36.298625951878421, 45.475687024063518, 2.161076452316365 ], [ 36.297610722000172, 45.475633301000926, 2.247276452316328 ], [ 36.294074643001295, 45.475085636000586, 2.479176452316324 ], [ 36.29316706300051, 45.474741426000037, 2.499976452316332 ], [ 36.290000000000873, 45.475395844670857, 2.925176452316236 ], [ 36.284027539999443, 45.476629950000643, 3.18957645231626 ], [ 36.277477611, 45.472828358002516, 2.499976452316332 ], [ 36.277193517000342, 45.472815884002557, 2.499076452316331 ], [ 36.277192761532206, 45.472807238469613, 2.497376452316303 ], [ 36.277179487002286, 45.472655326002496, 2.499976452316332 ], [ 36.275533383710354, 45.471699924437416, 2.820976452316245 ], [ 36.270321059000707, 45.468674681000266, 2.499976452316332 ], [ 36.265603864263539, 45.468297101804637, 2.500576452316182 ], [ 36.258934990000853, 45.467763303999163, 2.501476452316183 ], [ 36.25493407961585, 45.467532960195967, 2.513076452316227 ], [ 36.250585186000535, 45.467282582003463, 2.501376452316208 ], [ 36.244443807550851, 45.46708357216994, 2.505576452316291 ], [ 36.2025767920004, 45.465726882001036, 2.488576452316238 ], [ 36.198729244739297, 45.465211792543414, 2.433876452316326 ], [ 36.198611204999906, 45.46519599000203, 2.435576452316354 ], [ 36.194580191002387, 45.464261192000777, 2.478876452316172 ], [ 36.19153390899919, 45.463190333999592, 2.496976452316176 ], [ 36.188618922000387, 45.46180946000095, 2.499976452316332 ], [ 36.156613359831681, 45.461968015897583, 3.146476452316165 ], [ 36.139404359293621, 45.462053269468015, 3.841076452316202 ], [ 36.137461785001506, 45.462062893004259, 3.789976452316296 ], [ 36.117930534999687, 45.457098700000643, 3.351676452316269 ], [ 36.09636478000175, 45.441961980999622, 3.012676452316327 ], [ 36.095145288316417, 45.44143161039392, 2.988576452316238 ], [ 36.083095514297383, 45.436191028587928, 2.930976452316372 ], [ 36.079854241934299, 45.434781362902868, 2.797076452316333 ], [ 36.070877105725231, 45.430877105727632, 2.713176452316247 ], [ 36.069999999999709, 45.430495642613096, 2.704976452316259 ], [ 36.068860359078826, 45.43000000000211, 2.717076452316178 ], [ 36.068858269001794, 45.429999091002173, 2.717076452316178 ], [ 36.068109669595287, 45.42905483479808, 2.709476452316267 ], [ 36.065277539999443, 45.425482489001297, 2.702076452316305 ], [ 36.062831052860929, 45.42, 2.671676452316206 ], [ 36.060490443123854, 45.414754778439601, 2.799976452316287 ], [ 36.058368687055918, 45.410000000001673, 2.741876452316319 ], [ 36.055028205972121, 45.402514102990608, 2.725176452316191 ], [ 36.051768425002592, 45.3952090519997, 2.822376452316348 ], [ 36.049999999999272, 45.393582296343084, 2.828376452316206 ], [ 36.047477059835728, 45.3912614700821, 2.887376452316175 ], [ 36.04610573204809, 45.390000000001237, 2.861076452316183 ], [ 36.041468479139439, 45.38573423957132, 2.899976452316196 ], [ 36.037400952134703, 45.381992564036409, 2.817476452316214 ], [ 36.035873345346772, 45.380587334535448, 2.907076452316232 ], [ 36.03532828594507, 45.380085940096251, 2.875076452316307 ], [ 36.022308790003081, 45.368109442004425, 2.456476452316338 ], [ 35.986013217001528, 45.362738348001585, 2.431276452316297 ], [ 35.963693055809927, 45.368064750047779, 2.767376452316284 ], [ 35.956472473475515, 45.369787843541417, 2.797876452316359 ], [ 35.953664130429388, 45.370458016303019, 2.828476452316181 ], [ 35.948205259848692, 45.371760701313178, 2.838176452316247 ], [ 35.946625196000241, 45.37213776200042, 2.885076452316298 ], [ 35.943683831535964, 45.373383404506967, 3.01727645231631 ], [ 35.939235906311296, 45.37526706250901, 3.128976452316238 ], [ 35.934256016809741, 45.377376002801611, 3.534376452316337 ], [ 35.933403849048773, 45.37773688850757, 3.509476452316221 ], [ 35.912643527957698, 45.386528705594174, 3.769876452316339 ], [ 35.909757650073516, 45.387750850009979, 3.720076452316334 ], [ 35.889784030605369, 45.396209505739535, 3.785176452316364 ], [ 35.871104363000995, 45.40412018400275, 3.597076452316287 ], [ 35.870547761702255, 45.404442217630276, 3.591576452316303 ], [ 35.854869839335151, 45.413513016066645, 3.518976452316338 ], [ 35.854014518999975, 45.414007880001009, 3.503276452316186 ], [ 35.85064365564358, 45.419839086089269, 3.357276452316228 ], [ 35.846934441002304, 45.426255600999866, 3.288076452316318 ], [ 35.848040740791475, 45.43000000000211, 3.280376452316204 ], [ 35.85222415500175, 45.444159247001153, 0.985976452316208 ], [ 35.853442377507236, 45.446557622495675, 0.602376452316321 ], [ 35.854139567898528, 45.447930216052555, 0.57957645231636 ], [ 35.855190886755736, 45.450000000002547, 0.46717645231638 ], [ 35.860036654999931, 45.459540106001441, 1.730076452316325 ], [ 35.856601265051722, 45.459901897578675, 1.452276452316255 ], [ 35.850000000004002, 45.460597097280697, 1.554276452316344 ], [ 35.83815552422675, 45.461844475774342, 1.717476452316305 ], [ 35.823398575799729, 45.463398575800966, 2.866976452316294 ], [ 35.81794567533143, 45.463972837666006, 2.8397764523163 ], [ 35.817149285001506, 45.464056708002317, 2.864676452316189 ], [ 35.816383651521392, 45.463191825761896, 2.831876452316237 ], [ 35.81000000000131, 45.455980664053641, 2.799976452316287 ], [ 35.804705641512555, 45.450000000002547, 2.879376452316365 ], [ 35.803965691000485, 45.44916412999919, 2.873776452316179 ], [ 35.802566138583643, 45.446283069293713, 2.837176452316271 ], [ 35.799513969363034, 45.440000000000509, 2.804876452316194 ], [ 35.796149953908753, 45.43307497695605, 2.699976452316378 ], [ 35.794932488000995, 45.430568752002728, 2.737976452316161 ], [ 35.794833684763944, 45.43000000000211, 2.748376452316279 ], [ 35.793391035347668, 45.421695517676199, 2.983076452316254 ], [ 35.793043617557487, 45.419695638245685, 3.024376452316346 ], [ 35.791758660001506, 45.412298895000276, 2.96107645231632 ], [ 35.78842207100206, 45.407456773002195, 2.897976452316243 ], [ 35.772715691002304, 45.392279363999478, 2.654476452316203 ], [ 35.767425977001039, 45.388983466002173, 2.585276452316293 ], [ 35.764817479886915, 45.388521849859899, 2.559276452316226 ], [ 35.758721536594749, 45.387443073184841, 2.518076452316336 ], [ 35.75445918726291, 45.386688780894474, 2.411476452316265 ], [ 35.752940300002592, 45.386419988999478, 2.413676452316167 ], [ 35.75, 45.381927863867531, 2.338576452316374 ], [ 35.749049272633783, 45.380475363683217, 2.318976452316292 ], [ 35.748738125505042, 45.3799999999992, 2.318976452316292 ], [ 35.748545769001794, 45.379706121999334, 2.315976452316363 ], [ 35.748486882350335, 45.379243441175277, 2.307576452316198 ], [ 35.747406446000241, 45.3707542989996, 2.312976452316207 ], [ 35.747089513688479, 45.3700000000008, 2.31457645231626 ], [ 35.746315448301175, 45.368157724151388, 2.318376452316215 ], [ 35.744980466084598, 45.364980466085399, 2.325076452316353 ], [ 35.743337436000729, 45.361070053999356, 2.368776452316297 ], [ 35.734267908661423, 45.354267908662223, 2.378676452316313 ], [ 35.729999999999563, 45.351066977244045, 2.399976452316196 ], [ 35.729146418194432, 45.350426790904748, 2.408576452316311 ], [ 35.728577363641307, 45.350000000000364, 2.392876452316386 ], [ 35.725732090719248, 45.347866045358387, 2.442676452316164 ], [ 35.7167423243136, 45.341123720718315, 2.628076452316236 ], [ 35.716597328086209, 45.341014973553683, 2.615176452316291 ], [ 35.716477919429963, 45.340925417063772, 2.611576452316285 ], [ 35.716377874339742, 45.340850383245197, 2.606376452316226 ], [ 35.716292836012144, 45.340786604501773, 2.605876452316352 ], [ 35.715993686000729, 45.340562241999578, 2.599576452316342 ], [ 35.708106699999917, 45.336741028000688, 2.499976452316332 ], [ 35.704855484000291, 45.336474641000677, 2.501476452316183 ], [ 35.696733953001967, 45.336254599000313, 2.519776452316364 ], [ 35.694981778027795, 45.336245444506858, 2.524876452316221 ], [ 35.682358989815839, 45.336179494906901, 2.52357645231632 ], [ 35.680344325999613, 45.336168969002756, 2.513376452316379 ], [ 35.675902946004499, 45.336019901000327, 2.489676452316189 ], [ 35.671727980001378, 45.335593478999726, 2.464576452316351 ], [ 35.67, 45.335233092106137, 2.45237645231623 ], [ 35.668124162000822, 45.334841867999785, 2.46717645231638 ], [ 35.664941640001416, 45.333855387001677, 2.489176452316315 ], [ 35.658891028999278, 45.33166625100057, 2.527776452316175 ], [ 35.653335158345726, 45.33, 2.566676452316187 ], [ 35.651219244002277, 45.329365420002432, 2.556076452316347 ], [ 35.646570826320385, 45.328285413161211, 2.548576452316183 ], [ 35.634866734999378, 45.325566101002551, 2.466976452316203 ], [ 35.630707420999897, 45.324461034999331, 2.433876452316326 ], [ 35.630000000002838, 45.32421907425487, 2.42657645231634 ], [ 35.617664686249555, 45.320000000001528, 2.546676452316206 ], [ 35.615865261999716, 45.319384539001476, 2.539576452316169 ], [ 35.604394533002051, 45.315875304002475, 2.52337645231637 ], [ 35.598773209670981, 45.314386604833999, 2.531576452316358 ], [ 35.596656461999373, 45.313826025001617, 2.514776452316255 ], [ 35.590000000000146, 45.312258298727102, 2.46777645231623 ], [ 35.580411413100592, 45.309999999999491, 2.543876452316226 ], [ 35.57890865400077, 45.309646071002135, 2.538076452316318 ], [ 35.57044622399917, 45.30812155500098, 2.5430764523162 ], [ 35.566188115000841, 45.307526238000719, 2.559276452316226 ], [ 35.564741156920718, 45.307370578460905, 2.568576452316165 ], [ 35.561916304000988, 45.307066689001658, 2.542276452316173 ], [ 35.549999999999272, 45.306228336890854, 2.449176452316351 ], [ 35.542021876000945, 45.305667049000476, 2.466576452316303 ], [ 35.539296369415752, 45.305351815293761, 2.46757645231628 ], [ 35.530000000000655, 45.304276591694361, 2.528276452316277 ], [ 35.525062729002457, 45.303705544001787, 2.511176452316249 ], [ 35.516064073000962, 45.30248124100217, 2.474476452316367 ], [ 35.514194225368556, 45.30209711268617, 2.462876452316323 ], [ 35.510681621002732, 45.301375508001001, 2.441276452316288 ], [ 35.510000000000218, 45.301148484695659, 2.434476452316176 ], [ 35.508708792001926, 45.300718430000416, 2.415076452316271 ], [ 35.50863993722669, 45.300680031386946, 2.413576452316192 ], [ 35.507420533574987, 45.300000000001091, 2.477376452316321 ], [ 35.507359568002357, 45.299966001002758, 2.479576452316223 ], [ 35.506680718999633, 45.29910521900274, 2.508476452316245 ], [ 35.506684988000416, 45.297944673002348, 2.519976452316314 ], [ 35.507231654000861, 45.296867895000105, 2.514376452316355 ], [ 35.507968628000526, 45.296094122002614, 2.499976452316332 ], [ 35.496360774526693, 45.296819612736726, 2.840976452316227 ], [ 35.489999999999782, 45.300000000001091, 2.999976452316332 ], [ 35.469999999999345, 45.309999999999491, 3.299976452316287 ], [ 35.450000000002547, 45.320000000001528, 3.499976452316332 ], [ 35.43000000000211, 45.33, 3.699976452316378 ], [ 35.410000000001673, 45.340000000001965, 3.799976452316287 ], [ 35.390000000001237, 45.350000000000364, 3.599976452316241 ], [ 35.350000000000364, 45.3799999999992, 3.699976452316378 ], [ 35.290000000002692, 45.43000000000211, 3.799976452316287 ], [ 35.142126443006418, 45.568631459684184, 3.615176452316291 ], [ 35.141141169267939, 45.569654628536227, 3.615876452316343 ], [ 35.140052182825457, 45.570785499077829, 3.599976452316241 ], [ 35.138842197879057, 45.57204202190951, 3.599976452316241 ], [ 35.137489861757786, 45.573446370963211, 3.581276452316388 ], [ 35.135968483606121, 45.57502626366113, 3.590076452316225 ], [ 35.134244255026715, 45.576816808732474, 3.589376452316174 ], [ 35.132273708059074, 45.578863145970899, 3.611376452316335 ], [ 35.131178959738463, 45.58, 3.564676452316235 ], [ 35.1299999999992, 45.581224304345596, 3.551076452316238 ], [ 35.113702279584686, 45.598148860210131, 3.525976452316172 ], [ 35.111919700530052, 45.600000000000364, 3.542376452316375 ], [ 35.111295797860294, 45.600647898931129, 3.567576452316189 ], [ 35.110000000002401, 45.60199353517055, 3.520276452316239 ], [ 35.095130851108479, 45.617434574447543, 3.497376452316303 ], [ 35.09266044132346, 45.6200000000008, 3.520176452316264 ], [ 35.090000000001965, 45.622762765999141, 3.489476452316239 ], [ 35.076559422634091, 45.636720288684955, 3.468776452316206 ], [ 35.073401182115049, 45.640000000001237, 3.497976452316379 ], [ 35.072295797928746, 45.641147898966665, 3.542576452316325 ], [ 35.070000000001528, 45.643531996822276, 3.45867645231624 ], [ 35.062347340177439, 45.651478989741008, 3.56177645231628 ], [ 35.058021923743581, 45.655970768346378, 3.619976452316223 ], [ 35.010000000000218, 45.719999999999345, 3.699976452316378 ], [ 34.989999999999782, 45.750000000001819, 3.599976452316241 ], [ 34.969999999999345, 45.780000000000655, 3.499976452316332 ], [ 34.950000000002547, 45.809999999999491, 3.499976452316332 ], [ 34.935706545280482, 45.831440182084407, 3.499976452316332 ], [ 34.932405948258747, 45.837594051741689, 3.463876452316299 ], [ 34.93152430729242, 45.839237846354081, 3.484776452316282 ], [ 34.931115530020179, 45.840000000001965, 3.477676452316246 ], [ 34.930879635883684, 45.840439817942752, 3.482376452316203 ], [ 34.93000000000211, 45.842079874128103, 3.437576452316307 ], [ 34.914653583189647, 45.870692833621433, 3.346576452316185 ], [ 34.910000000001673, 45.8799999999992, 3.299976452316287 ], [ 34.890000000001237, 45.92, 3.299976452316287 ], [ 34.8700000000008, 45.960000000000946, 2.999976452316332 ], [ 34.850000000000364, 46.020000000002256, 2.499976452316332 ], [ 34.845483298538966, 46.04484185804904, -0.000023547683668 ], [ 34.846910683374517, 46.048906740646999, -0.000023547683668 ], [ 34.846797608091947, 46.077081698284019, -0.000023547683668 ], [ 34.84755157942709, 46.08575434931663, -0.000023547683668 ], [ 34.848109102436865, 46.089982524861625, -0.000023547683668 ], [ 34.849703629415671, 46.098537575928276, -0.000023547683668 ], [ 34.851832885355179, 46.105560630319815, -0.000023547683668 ], [ 34.85422586101231, 46.110236228150825, -0.000023547683668 ], [ 34.856590849271015, 46.113500339319216, -0.000023547683668 ], [ 34.861280190345497, 46.119031132269811, -0.000023547683668 ], [ 34.864062383299824, 46.12320795771484, -0.000023547683668 ], [ 34.866331940012969, 46.128620531833803, -0.000023547683668 ], [ 34.871878891544839, 46.14583837270402, -0.000023547683668 ], [ 34.874884735774685, 46.153095653784476, -0.000023547683668 ], [ 34.876732068076308, 46.156615071044143, -0.000023547683668 ], [ 34.879987825603166, 46.161638655736169, -0.000023547683668 ], [ 34.883691349668879, 46.166452930690866, -0.000023547683668 ], [ 34.890387766168715, 46.174232446988754, -0.000023547683668 ], [ 34.893236608075313, 46.177244641228754, -0.000023547683668 ], [ 34.897793715601438, 46.181499272384826, -0.000023547683668 ], [ 34.902638873601973, 46.185492637006973, -0.000023547683668 ], [ 34.907653056690833, 46.189261322066159, -0.000023547683668 ], [ 34.911078730139707, 46.191663431915003, -0.000023547683668 ], [ 34.914625972987778, 46.193904224688595, -0.000023547683668 ], [ 34.919656669851975, 46.196566266349691, -0.000023547683668 ], [ 34.924987270867859, 46.198946932319814, -0.000023547683668 ], [ 34.93694683695503, 46.203593598434963, -0.000023547683668 ], [ 34.943517241557856, 46.20592964752359, -0.000023547683668 ], [ 34.950230990654745, 46.208134602318751, -0.000023547683668 ], [ 34.968715580669596, 46.213620613143576, -0.000023547683668 ], [ 34.975651597893375, 46.215838906733552, -0.000023547683668 ], [ 35.003449525192991, 46.225473889997374, -0.000023547683668 ], [ 35.02933861132442, 46.23383470492081, -0.000023547683668 ], [ 35.036330342225483, 46.23634574584139, -0.000023547683668 ], [ 35.043285178337101, 46.239049693389461, -0.000023547683668 ], [ 35.057124513026793, 46.244870429229195, -0.000023547683668 ], [ 35.084732564184378, 46.257216318441351, -0.000023547683668 ], [ 35.110709616532404, 46.268495218986573, -0.000023547683668 ], [ 35.127077304932754, 46.275849579245914, -0.000023547683668 ], [ 35.133283444376502, 46.278510278882095, -0.000023547683668 ], [ 35.138171086460716, 46.280395542737097, -0.000023547683668 ], [ 35.143032798749118, 46.282036191692896, -0.000023547683668 ], [ 35.147849436980323, 46.2833874736898, -0.000023547683668 ], [ 35.152598541977568, 46.284396338131046, -0.000023547683668 ], [ 35.158131097283331, 46.28508803936711, -0.000023547683668 ], [ 35.163441676533694, 46.285221164025643, -0.000023547683668 ], [ 35.168429463246866, 46.284791712576407, -0.000023547683668 ], [ 35.172977499963963, 46.283773339933759, -0.000023547683668 ], [ 35.176948955142507, 46.282116554812092, -0.000023547683668 ], [ 35.180183019592732, 46.279747641136055, -0.000023547683668 ], [ 35.182034547086005, 46.277467440642795, -0.000023547683668 ], [ 35.183409156996277, 46.27481509053905, -0.000023547683668 ], [ 35.184340383562812, 46.271866942395718, -0.000023547683668 ], [ 35.184851981191969, 46.268693150088438, -0.000023547683668 ], [ 35.184958173727864, 46.265358788987214, -0.000023547683668 ], [ 35.184663833639206, 46.261924939355595, -0.000023547683668 ], [ 35.183964587549781, 46.258449728877167, -0.000023547683668 ], [ 35.18284684916398, 46.254989330604076, -0.000023547683668 ], [ 35.180418748428565, 46.249936184474791, -0.000023547683668 ], [ 35.177296655896498, 46.244972542766845, -0.000023547683668 ], [ 35.171186083625798, 46.236708321372134, -0.000023547683668 ], [ 35.168482081555339, 46.233418604851977, -0.000023547683668 ], [ 35.164084910300517, 46.228653283573294, -0.000023547683668 ], [ 35.15445378001823, 46.219459861864379, -0.000023547683668 ], [ 35.147649732694845, 46.213461126621041, -0.000023547683668 ], [ 35.14357583668243, 46.21028297940029, -0.000023547683668 ], [ 35.13929426130926, 46.207249009183215, -0.000023547683668 ], [ 35.134838150846917, 46.204346223277753, -0.000023547683668 ], [ 35.130235326427282, 46.20156496412892, -0.000023547683668 ], [ 35.12390928998866, 46.198035104087467, -0.000023547683668 ], [ 35.11740628393818, 46.194704207107861, -0.000023547683668 ], [ 35.110758212140354, 46.19157652771537, -0.000023547683668 ], [ 35.103987180666081, 46.188667007667391, -0.000023547683668 ], [ 35.097106786495715, 46.186001835965726, -0.000023547683668 ], [ 35.090123128842606, 46.183619243736757, -0.000023547683668 ], [ 35.077412930846549, 46.180037734287907, -0.000023547683668 ], [ 35.056647838497156, 46.174818207367935, -0.000023547683668 ], [ 35.042942233227222, 46.171905173059713, -0.000023547683668 ], [ 35.023461895210858, 46.168373607299145, -0.000023547683668 ], [ 35.017041882636477, 46.167045864134707, -0.000023547683668 ], [ 35.010704174912462, 46.165501020339434, -0.000023547683668 ], [ 35.003749732237338, 46.163430167554907, -0.000023547683668 ], [ 34.996948295820403, 46.161019163273522, -0.000023547683668 ], [ 34.990318090187429, 46.158307017614788, -0.000023547683668 ], [ 34.983890299790801, 46.1553179384955, -0.000023547683668 ], [ 34.977712088801127, 46.152061117552876, -0.000023547683668 ], [ 34.971850548939983, 46.148530081405625, -0.000023547683668 ], [ 34.967716491100873, 46.145688525992227, -0.000023547683668 ], [ 34.963861779915533, 46.142663494330918, -0.000023547683668 ], [ 34.96034811449681, 46.13943221709269, -0.000023547683668 ], [ 34.957302030554274, 46.135862606723094, -0.000023547683668 ], [ 34.953513916761949, 46.128202366431651, -0.000023547683668 ], [ 34.95239557037894, 46.123948831138478, -0.000023547683668 ], [ 34.951760762472986, 46.11955215414855, -0.000023547683668 ], [ 34.951688750408721, 46.113271867534422, -0.000023547683668 ], [ 34.952734383346979, 46.107090180012165, -0.000023547683668 ], [ 34.954223105316487, 46.102882077186223, -0.000023547683668 ], [ 34.956308064081895, 46.098909635433301, -0.000023547683668 ], [ 34.958761007281282, 46.095457099074338, -0.000023547683668 ], [ 34.964654893572515, 46.089594405088064, -0.000023547683668 ], [ 34.970918484827052, 46.0854741648036, -0.000023547683668 ], [ 34.974850308812165, 46.083782661879013, -0.000023547683668 ], [ 34.982106966999709, 46.077826238999478, -0.000023547683668 ], [ 34.98452186609029, 46.077260933045181, 2.727376452316321 ], [ 34.989999999999782, 46.075978551629305, 2.699976452316378 ], [ 35.000010613000995, 46.073635157999888, 2.750076452316307 ], [ 35.001662971528276, 46.07416851423659, 2.758276452316295 ], [ 35.010000000000218, 46.076859580396558, 2.799976452316287 ], [ 35.019729143048608, 46.08, 2.945976452316245 ], [ 35.028572714696566, 46.082854570609925, 3.000076452316307 ], [ 35.030000000000655, 46.083315276624489, 2.993876452316272 ], [ 35.038584832002016, 46.086086330000398, 3.171376452316281 ], [ 35.049158888677994, 46.091682222646341, 3.320076452316243 ], [ 35.062266472001284, 46.098618882000665, 3.305576452316245 ], [ 35.069635887692129, 46.099817943844755, 3.399976452316196 ], [ 35.070000000001528, 46.099877187778475, 3.395076452316289 ], [ 35.070754802025476, 46.100000000000364, 3.39617645231624 ], [ 35.090000000001965, 46.103131344949361, 3.242576452316371 ], [ 35.096527539999443, 46.104193427001519, 3.413476452316218 ], [ 35.109343544772855, 46.11164113806808, 3.650776452316222 ], [ 35.110000000002401, 46.11202262113693, 3.635276452316248 ], [ 35.111054066570432, 46.112635166417022, 3.594576452316232 ], [ 35.121104363002814, 46.118475653001951, 3.283876452316235 ], [ 35.1299999999992, 46.12061060589258, 3.11797645231627 ], [ 35.14758455093579, 46.124830898130313, 3.45847645231629 ], [ 35.157119218312801, 46.127119218310327, 3.699976452316378 ], [ 35.161794466999709, 46.128241278000132, 3.593376452316306 ], [ 35.17, 46.13440997644102, 3.532276452316182 ], [ 35.177435786208662, 46.139999999999418, 3.588476452316172 ], [ 35.184743686002548, 46.145493882000665, 3.753576452316338 ], [ 35.188614195156333, 46.149307097579367, 3.886176452316249 ], [ 35.189729442452517, 46.150405836322534, 3.87427645231628 ], [ 35.190000000000509, 46.150672388917883, 3.866376452316217 ], [ 35.209483268999975, 46.16986725499919, 3.588576452316374 ], [ 35.209760869302045, 46.170239130702612, 3.579676452316335 ], [ 35.219084330117767, 46.182728917472559, 3.136076452316274 ], [ 35.220567753121941, 46.184716123440012, 3.199176452316351 ], [ 35.225480882698321, 46.191297793266131, 3.215876452316252 ], [ 35.24231151076674, 46.213844244619395, 3.030876452316306 ], [ 35.247393188436035, 46.220651702895339, 3.208776452316215 ], [ 35.248540710894304, 46.222188933659709, 3.190576452316236 ], [ 35.263120331943355, 46.241719917015871, 3.041976452316248 ], [ 35.26351972699922, 46.242254950000643, 3.037976452316343 ], [ 35.266759144518801, 46.244861283224964, 3.056976452316349 ], [ 35.279551629002526, 46.255153713000254, 3.308776452316351 ], [ 35.28451582100206, 46.259222723001585, 3.404776452316355 ], [ 35.286058542500541, 46.260985364375301, 3.422676452316182 ], [ 35.287922959794741, 46.263115560306687, 3.39227645231631 ], [ 35.304011178091969, 46.281497205478445, 3.470576452316209 ], [ 35.304922689198065, 46.282538655401368, 3.533476452316336 ], [ 35.30559338511739, 46.283304961165413, 3.568676452316367 ], [ 35.328957758008983, 46.31000000000131, 3.66527645231622 ], [ 35.329090437788182, 46.310151593705086, 3.668176452316175 ], [ 35.33, 46.311190816917588, 3.574976452316378 ], [ 35.341451186588529, 46.324274406708355, 2.630576452316291 ], [ 35.346462413492191, 46.330000000003565, 2.587776452316348 ], [ 35.350000000000364, 46.334041880760196, 2.759576452316196 ], [ 35.355214741231975, 46.340000000000146, 2.830376452316386 ], [ 35.359272569667155, 46.34463628483536, 2.978176452316347 ], [ 35.365803518181565, 46.352098240911801, 2.60757645231638 ], [ 35.3700000000008, 46.356892944608262, 3.437876452316232 ], [ 35.372719396711545, 46.360000000002401, 3.499976452316332 ], [ 35.374835483553397, 46.362417741775062, 3.499976452316332 ], [ 35.380137566000485, 46.368475653001951, 3.636276452316224 ], [ 35.390000000001237, 46.375185341808901, 3.707376452316339 ], [ 35.395030143999975, 46.378607489003116, 3.743676452316322 ], [ 35.39790198933224, 46.380000000001019, 3.741976452316294 ], [ 35.410000000001673, 46.385866128210182, 3.499976452316332 ], [ 35.414197319725645, 46.387901340140161, 3.562976452316207 ], [ 35.418525491306355, 46.390000000001237, 3.5426764523163 ], [ 35.424350802793924, 46.392824598606239, 3.684776452316328 ], [ 35.43000000000211, 46.395563802263496, 3.488676452316213 ], [ 35.430023634000463, 46.395575262004058, 3.488876452316163 ], [ 35.436591604007845, 46.400000000003274, 3.498876452316381 ], [ 35.445485873002326, 46.405991929002994, 3.512476452316378 ], [ 35.449124838438365, 46.409562419221402, 3.4955764523163 ], [ 35.449570811188096, 46.409999999999854, 3.51077645231635 ], [ 35.450000000002547, 46.410421112674157, 3.499976452316332 ], [ 35.456467052865264, 46.416766473565076, 3.596976452316312 ], [ 35.459762592192419, 46.420000000001892, 3.548776452316361 ], [ 35.463218414108269, 46.423390792948339, 3.667776452316275 ], [ 35.469954373198561, 46.43000000000211, 3.301176452316213 ], [ 35.469999999999345, 46.430044768236257, 3.302276452316164 ], [ 35.475759311002548, 46.435695705004036, 3.555976452316372 ], [ 35.482708021681901, 46.440000000004147, 3.73647645231631 ], [ 35.491307586360563, 46.445326896588085, 3.853276452316322 ], [ 35.497513820666427, 46.449171273552565, 3.799976452316287 ], [ 35.510508659999687, 46.457220770003914, 3.657276452316182 ], [ 35.517154214856419, 46.459541221958716, 3.653176452316302 ], [ 35.553173659000095, 46.472118259000126, 3.86797645231627 ], [ 35.556697109655943, 46.473348554829499, 3.888976452316228 ], [ 35.605676069058973, 46.49045071270848, 4.421576452316231 ], [ 35.614891182114661, 46.493668386588979, 4.463276452316222 ], [ 35.62299848459952, 46.496499242299251, 4.369976452316223 ], [ 35.628672722001284, 46.498480536003626, 4.279076452316303 ], [ 35.630000000002838, 46.499326220589865, 4.273076452316218 ], [ 35.630592512163275, 46.499703743918872, 4.294076452316176 ], [ 35.631057477687136, 46.500000000001819, 4.278876452316354 ], [ 35.634912464985973, 46.502456232496115, 4.177176452316189 ], [ 35.650000000003274, 46.512069362417606, 3.882776452316193 ], [ 35.661306186000729, 46.519273178999356, 3.888276452316177 ], [ 35.662205973139862, 46.520000000000437, 3.894876452316339 ], [ 35.67, 46.526295780586224, 4.014776452316255 ], [ 35.672832470230787, 46.528583764884388, 4.171676452316206 ], [ 35.674585735674555, 46.530000000002474, 4.108276452316204 ], [ 35.682035676562009, 46.536017838283442, 3.838976452316274 ], [ 35.690000000000509, 46.542451179322597, 3.698076452316172 ], [ 35.69934526074212, 46.549999999999272, 3.813076452316182 ], [ 35.709999999999127, 46.558606578058971, 4.030376452316204 ], [ 35.711725023276813, 46.56000000000131, 4.065476452316261 ], [ 35.714527479052776, 46.562263739524496, 3.964176452316224 ], [ 35.729999999999563, 46.574761976795344, 3.642876452316386 ], [ 35.734005309388522, 46.577997345304539, 3.759976452316323 ], [ 35.736484548344379, 46.580000000003565, 3.67027645231633 ], [ 35.741953971999465, 46.584418036001807, 3.737676452316236 ], [ 35.75, 46.589057389126538, 3.7622764523162 ], [ 35.751634769607335, 46.590000000000146, 3.759176452316296 ], [ 35.762305357860896, 46.596152678930594, 3.738476452316263 ], [ 35.768027525869911, 46.599452090520572, 3.688676452316258 ], [ 35.771169466999709, 46.601263738999478, 3.616476452316192 ], [ 35.827159050002592, 46.623358466002173, 3.309476452316176 ], [ 35.867330116006997, 46.639207378189894, 3.089576452316351 ], [ 35.870000000004438, 46.640000000003056, 3.099976452316241 ], [ 35.917497171842115, 46.652439735484222, 3.066076452316338 ], [ 35.919184637885337, 46.652408167252361, 2.993876452316272 ], [ 35.919601476971366, 46.652400369242969, 2.903976452316329 ], [ 35.925547722001284, 46.652289130001009, 2.940376452316286 ], [ 35.937770653408734, 46.653885326704767, 2.905776452316331 ], [ 35.950000000000728, 46.655482361167742, 2.735576452316309 ], [ 35.957164142206238, 46.656417928899828, 2.707476452316314 ], [ 35.970000000001164, 46.658094167865784, 2.738076452316363 ], [ 35.984593975441385, 46.659999999999854, 2.772976452316243 ], [ 36.009568911758834, 46.663261485295152, 2.816276452316288 ], [ 36.062022332000197, 46.670111394998457, 2.907376452316385 ], [ 36.065867464621988, 46.669716080801663, 2.936476452316356 ], [ 36.071151933019792, 46.669172789950608, 2.930576452316245 ], [ 36.08141306878133, 46.668117852967043, 2.927076452316214 ], [ 36.092109179717227, 46.667018196621939, 2.923376452316234 ], [ 36.103268523009319, 46.665870915829146, 2.829376452316183 ], [ 36.114921857542868, 46.664672848290138, 2.638976452316228 ], [ 36.134450717001528, 46.66266510600326, 2.319876452316294 ], [ 36.165625074248965, 46.667633944482077, 2.314476452316285 ], [ 36.171722852001039, 46.668605860999378, 2.360376452316359 ], [ 36.189010228434199, 46.669002360406012, 2.674976452316287 ], [ 36.189463738000995, 46.669012762002239, 2.675076452316262 ], [ 36.196875089261084, 46.666718772314198, 2.655976452316281 ], [ 36.198012945860683, 46.666366578605448, 2.701876452316355 ], [ 36.205078233000677, 46.664179704001072, 2.499976452316332 ], [ 36.20122240100136, 46.663679473000229, 2.50857645231622 ], [ 36.198464950000925, 46.662995699000021, 2.495076452316198 ], [ 36.195938359003776, 46.661967814003219, 2.45867645231624 ], [ 36.195141852309462, 46.661285463078457, 2.425676452316338 ], [ 36.19491673196535, 46.661092607106184, 2.430076452316371 ], [ 36.194289041999582, 46.660554878000767, 2.397376452316166 ], [ 36.194157061616352, 46.659999999999854, 2.358476452316381 ], [ 36.193980326002929, 46.659256960001585, 2.375076452316307 ], [ 36.194464665999476, 46.657758145000116, 2.400176452316373 ], [ 36.195653922999554, 46.656094145002498, 2.421576452316231 ], [ 36.196937708002224, 46.65476143700289, 2.435376452316177 ], [ 36.197899543187305, 46.653949771591215, 2.441976452316339 ], [ 36.20026559100188, 46.651953131000482, 2.458276452316341 ], [ 36.202971413651539, 46.650000000003274, 2.470276452316284 ], [ 36.20584767872424, 46.647923839365831, 2.483076452316254 ], [ 36.209999999999127, 46.644926589187889, 2.501476452316183 ], [ 36.21022552300019, 46.644763800999499, 2.503576452316338 ], [ 36.212511511999764, 46.64287133200196, 2.529976452316305 ], [ 36.213608397960343, 46.641804198980026, 2.545876452316179 ], [ 36.214603611002531, 46.640835980997508, 2.530976452316281 ], [ 36.215307063959699, 46.640000000003056, 2.520376452316214 ], [ 36.216406129000461, 46.638693875001991, 2.53007645231628 ], [ 36.218011214001308, 46.63641446499787, 2.55157645231634 ], [ 36.219078423247993, 46.634539211627271, 2.573076452316172 ], [ 36.219385122003587, 46.634000294001453, 2.572276452316373 ], [ 36.220482359001835, 46.631430530003854, 2.576076452316329 ], [ 36.220899041811208, 46.630000000001019, 2.581976452316212 ], [ 36.221266456001104, 46.62873861600383, 2.562076452316205 ], [ 36.221730074999869, 46.625945698999203, 2.524876452316221 ], [ 36.221867306825516, 46.624066346592372, 2.503276452316186 ], [ 36.221940143002939, 46.623068875000172, 2.501476452316183 ], [ 36.221946831601599, 46.620000000004438, 2.501376452316208 ], [ 36.221947809000994, 46.619551548003074, 2.501276452316233 ], [ 36.221709839001051, 46.615978101001019, 2.507276452316319 ], [ 36.221688870407888, 46.615844435205872, 2.507776452316193 ], [ 36.220866038001986, 46.610599231000378, 2.528376452316252 ], [ 36.220708779506822, 46.610000000002401, 2.532276452316182 ], [ 36.219936100000268, 46.607055717000549, 2.55157645231634 ], [ 36.219038347722744, 46.604519173859444, 2.574076452316376 ], [ 36.218963135001104, 46.604306665003605, 2.574176452316351 ], [ 36.217778082000223, 46.601619977000155, 2.582876452316214 ], [ 36.216883455057541, 46.600000000002183, 2.593476452316281 ], [ 36.215639489002569, 46.597747445001005, 2.563276452316359 ], [ 36.213149764002083, 46.594008238000242, 2.525776452316222 ], [ 36.210405330999492, 46.590371649002918, 2.498976452316356 ], [ 36.210157310293653, 46.59007865514468, 2.497676452316227 ], [ 36.209999999999127, 46.589892820060413, 2.497876452316177 ], [ 36.204433607001192, 46.583317082999201, 2.477676452316246 ], [ 36.20409125866172, 46.582954370673178, 2.477276452316346 ], [ 36.201302757126541, 46.580000000003565, 2.517476452316259 ], [ 36.19845540300048, 46.576983276001556, 2.498076452316354 ], [ 36.192256827611345, 46.571128413805127, 2.477476452316296 ], [ 36.190000000002328, 46.568996728086859, 2.47997645231635 ], [ 36.187816625002597, 46.566934422002305, 2.493276452316195 ], [ 36.181383175002338, 46.561383024001771, 2.5430764523162 ], [ 36.179548397216422, 46.56000000000131, 2.561276452316179 ], [ 36.170000000001892, 46.552802582076765, 2.440176452316337 ], [ 36.16628197679529, 46.549999999999272, 2.41157645231624 ], [ 36.164534768002341, 46.54868298400288, 2.424476452316185 ], [ 36.160290465793878, 46.545145232899813, 2.44567645231632 ], [ 36.157324980002159, 46.542673413003286, 2.460476452316243 ], [ 36.154382654587607, 46.540000000002692, 2.468476452316281 ], [ 36.150398186004168, 46.536379689998284, 2.479476452316248 ], [ 36.150000000001455, 46.53599577908426, 2.479876452316375 ], [ 36.145904941244225, 46.532047529377451, 2.463776452316324 ], [ 36.14577889300017, 46.531925999999658, 2.4651764523162 ], [ 36.14393235397074, 46.530000000002474, 2.482076452316278 ], [ 36.141595368999333, 46.52756244900047, 2.503376452316388 ], [ 36.138878679228583, 46.524439339616947, 2.522376452316166 ], [ 36.13736612700086, 46.522700507999616, 2.533076452316209 ], [ 36.135161457377762, 46.520000000000437, 2.545176452316355 ], [ 36.13283166200199, 46.517146225003671, 2.443776452316342 ], [ 36.130592715000603, 46.514156003002427, 2.331576452316312 ], [ 36.130000000001019, 46.513248504579678, 2.294876452316203 ], [ 36.128567966999981, 46.51105593700413, 2.220676452316184 ], [ 36.128023778066563, 46.510000000003856, 2.179076452316167 ], [ 36.127337774147236, 46.508668887076055, 2.179876452316194 ], [ 36.127060935999907, 46.508131714001138, 2.20217645231628 ], [ 36.126174867000373, 46.505449717002193, 2.307076452316323 ], [ 36.125960157001828, 46.503242334001698, 2.386976452316276 ], [ 36.126310791001742, 46.501405072001944, 2.446976452316221 ], [ 36.127397039999778, 46.499713728999268, 2.492576452316371 ], [ 36.128765146999285, 46.498759086998689, 2.508876452316372 ], [ 36.130000000001019, 46.498571427002389, 2.499976452316332 ], [ 36.138813280154864, 46.501186719846373, 2.496576452316276 ], [ 36.150000000001455, 46.504506317982305, 2.56477645231621 ], [ 36.154607987004056, 46.505873713002075, 2.52377645231627 ], [ 36.158517014999234, 46.507177035002314, 2.484676452316307 ], [ 36.16156519847209, 46.508434801526164, 2.446976452316221 ], [ 36.162074428002597, 46.508644924004329, 2.449676452316226 ], [ 36.164609794999706, 46.510003287003201, 2.457576452316289 ], [ 36.166746090002562, 46.511472800997581, 2.458576452316265 ], [ 36.168689022002582, 46.513101577003908, 2.454376452316183 ], [ 36.170000000001892, 46.514424074342969, 2.447576452316298 ], [ 36.17099827399943, 46.515431120002177, 2.45867645231624 ], [ 36.173148331999982, 46.517972424999243, 2.475976452316218 ], [ 36.177129577003143, 46.523470280997572, 2.494276452316171 ], [ 36.179009869787478, 46.526485195319765, 2.4955764523163 ], [ 36.183028326000567, 46.532928501001152, 2.492076452316269 ], [ 36.184880067561608, 46.536279983110944, 2.483576452316356 ], [ 36.191279205000683, 46.547861834002106, 2.507076452316369 ], [ 36.19445464837554, 46.553318027434216, 2.522776452316293 ], [ 36.19458138200207, 46.553535787003057, 2.52337645231637 ], [ 36.197269439004231, 46.557635656003185, 2.543876452316226 ], [ 36.197610847446413, 46.558097288139834, 2.547376452316257 ], [ 36.199278952999521, 46.560352800999681, 2.532076452316232 ], [ 36.203602994002722, 46.565564001004532, 2.508976452316347 ], [ 36.208193290000054, 46.570575385003394, 2.498076452316354 ], [ 36.213012846155834, 46.575480730767595, 2.495876452316224 ], [ 36.214412394001556, 46.576905190999241, 2.50227645231621 ], [ 36.216112590394914, 46.578471852402799, 2.513976452316228 ], [ 36.223455489001935, 46.585238032999769, 2.495676452316275 ], [ 36.233895049999774, 46.594052682999973, 2.495476452316325 ], [ 36.23394086108965, 46.594088708365234, 2.4955764523163 ], [ 36.237004366137626, 46.59649781693588, 2.515176452316382 ], [ 36.253123226000753, 46.609173521002958, 2.462976452316298 ], [ 36.256992514252488, 46.612518714373437, 2.439076452316385 ], [ 36.2599788360003, 46.615100539002015, 2.43327645231625 ], [ 36.265358424001533, 46.620456658003604, 2.397076452316242 ], [ 36.266443975649963, 46.621778012175128, 2.381076452316165 ], [ 36.267102037003497, 46.622579017002863, 2.423676452316386 ], [ 36.268057155000861, 46.624151617001189, 2.489476452316239 ], [ 36.268228580000141, 46.624791802998516, 2.504876452316239 ], [ 36.268075840000165, 46.625101839999843, 2.499976452316332 ], [ 36.271169466999709, 46.622219143000621, 2.63357645231622 ], [ 36.271108513134095, 46.61944574343579, 2.602676452316246 ], [ 36.270843946000241, 46.607407945004525, 3.031276452316206 ], [ 36.278330925000773, 46.607407945004525, 3.251176452316258 ], [ 36.279915595659986, 46.615042202172845, 3.02097645231629 ], [ 36.281391431863085, 46.622152142032064, 3.169576452316278 ], [ 36.281796154926269, 46.624101922538102, 3.271876452316292 ], [ 36.284353061000729, 46.636419989003116, 3.056876452316374 ], [ 36.287352357265263, 46.640000000003056, 3.05827645231625 ], [ 36.297248416110961, 46.651812104028068, 2.944976452316268 ], [ 36.301740608170803, 46.657174060816033, 3.232676452316355 ], [ 36.303477409999687, 46.65924713700042, 3.238276452316313 ], [ 36.322584054092658, 46.673146013525184, 3.380176452316164 ], [ 36.327608899915504, 46.67680127141648, 3.460076452316343 ], [ 36.354001823321596, 46.696000455829562, 3.369976452316223 ], [ 36.354881437238873, 46.696640319389189, 3.407576452316334 ], [ 36.364474413063363, 46.703618603267387, 3.272376452316166 ], [ 36.365634286348723, 46.704462337809673, 3.311376452316381 ], [ 36.371104362999176, 46.708441472999766, 3.144376452316237 ], [ 36.377573088882855, 46.711893272222369, 3.032476452316359 ], [ 36.379632214922822, 46.712992049600871, 3.041576452316349 ], [ 36.381199782688782, 46.713828524863857, 3.007476452316268 ], [ 36.383428630957496, 46.715017868307768, 3.058476452316199 ], [ 36.384249217311663, 46.715455744235442, 3.077276452316255 ], [ 36.384937215289028, 46.715822869215117, 3.08607645231632 ], [ 36.38552235777388, 46.71613510912357, 3.087076452316296 ], [ 36.38602610585076, 46.716403915881529, 3.087976452316298 ], [ 36.400157097001284, 46.72394440300377, 3.129576452316314 ], [ 36.424048078484702, 46.732008361479529, 3.17007645231638 ], [ 36.425996899433812, 46.732666149906436, 3.163376452316243 ], [ 36.427649304936494, 46.733223888793873, 3.157676452316309 ], [ 36.429068142575488, 46.733702791163523, 3.152776452316175 ], [ 36.432465039999443, 46.734849350999866, 3.100576452316318 ], [ 36.467710022141546, 46.739647695718304, 3.197376452316348 ], [ 36.468300706445007, 46.739728113034289, 3.19827645231635 ], [ 36.468671844291748, 46.739778640716395, 3.198876452316199 ], [ 36.468926655319592, 46.739813331361802, 3.199276452316326 ], [ 36.469794408823873, 46.739931469610383, 3.199676452316226 ], [ 36.469888580879342, 46.739944290438871, 3.201076452316329 ], [ 36.470000000001164, 46.739959459335296, 3.199576452316251 ], [ 36.470297780839246, 46.740000000001601, 3.199976452316378 ], [ 36.482676629000707, 46.741685288998269, 3.149476452316321 ], [ 36.491695005815927, 46.745423751453927, 3.037276452316291 ], [ 36.498134012716037, 46.748092966332479, 2.893676452316186 ], [ 36.508912090002923, 46.752560892000474, 2.499976452316332 ], [ 36.539871053999377, 46.75758426500397, 2.509576452316196 ], [ 36.540461933171173, 46.757615483295012, 2.519176452316287 ], [ 36.543983170000502, 46.757801523001035, 2.509876452316348 ], [ 36.545347716157266, 46.757673858079215, 2.516276452316333 ], [ 36.549999999999272, 46.757238597278047, 2.482876452316304 ], [ 36.550041313999827, 46.757234732000143, 2.483176452316229 ], [ 36.552040156999283, 46.757233090000227, 2.49317645231622 ], [ 36.555584982001164, 46.757601117004015, 2.499876452316357 ], [ 36.56313906700052, 46.75885651200042, 2.499976452316332 ], [ 36.567713024000113, 46.75885651200042, 2.522876452316268 ], [ 36.569999999999709, 46.75885651200042, 2.534276452316362 ], [ 36.572286975999305, 46.75885651200042, 2.557176452316298 ], [ 36.590000000000146, 46.75885651200042, 2.822876452316223 ], [ 36.590017123002326, 46.75885651200042, 2.822976452316198 ], [ 36.591248229617122, 46.759375885194459, 2.818676452316367 ], [ 36.592727612616727, 46.760000000003856, 2.799976452316287 ], [ 36.597829623000507, 46.762152410998169, 2.778476452316227 ], [ 36.602291396136934, 46.766145698071341, 2.738576452316238 ], [ 36.605279226976563, 46.768819806746251, 2.676376452316163 ], [ 36.605819361169779, 46.769303226863485, 2.679076452316167 ], [ 36.605967643999975, 46.769435939999312, 2.67007645231638 ], [ 36.610341196999798, 46.77229804399758, 2.499976452316332 ], [ 36.617035352001039, 46.77667877800377, 2.239576452316214 ], [ 36.627389828716332, 46.778694914357402, 2.265276452316357 ], [ 36.630000000001019, 46.779203144893472, 2.22387645231629 ], [ 36.631147030149805, 46.779426484927171, 2.21717645231638 ], [ 36.633962436000729, 46.779974677001519, 2.200776452316177 ], [ 36.650000000001455, 46.776366225087258, 2.308976452316301 ], [ 36.658781000111048, 46.774390500058871, 2.324376452316301 ], [ 36.661631707000197, 46.773749091002173, 2.350076452316216 ], [ 36.670000000001892, 46.773400412072078, 2.363976452316365 ], [ 36.676277683736771, 46.773138841868786, 2.343076452316382 ], [ 36.679209832002016, 46.773016669003482, 2.333276452316341 ], [ 36.690000000002328, 46.77747347767945, 2.101076452316192 ], [ 36.692767143456877, 46.778616428273381, 2.0276764523162 ], [ 36.696055534999687, 46.779974677001519, 1.940476452316261 ], [ 36.709999999999127, 46.772841236237582, 2.086376452316244 ], [ 36.710134311000729, 46.77277252800377, 2.089076452316249 ], [ 36.721392454574016, 46.770000000000437, 2.199976452316378 ], [ 36.729999999999563, 46.767880231269373, 2.221176452316286 ], [ 36.73835438297283, 46.765822808514713, 2.199976452316378 ], [ 36.74284915500175, 46.76471588700042, 2.220776452316386 ], [ 36.75292604808601, 46.760836013738299, 2.241776452316344 ], [ 36.758067254000707, 46.75885651200042, 2.20867645231624 ], [ 36.767124380025052, 46.751437809989511, 2.028776452316379 ], [ 36.768879731060224, 46.750000000003638, 2.011176452316249 ], [ 36.769304364521304, 46.749652182257705, 2.017376452316284 ], [ 36.770000000000437, 46.749082386464579, 2.009176452316296 ], [ 36.781088236008145, 46.740000000001601, 1.878276452316186 ], [ 36.784466204497221, 46.737233102250684, 1.865976452316318 ], [ 36.790000000000873, 46.732700364189441, 1.772976452316243 ], [ 36.793296740959704, 46.729999999999563, 1.953876452316308 ], [ 36.794281446003879, 46.729193427001519, 2.007876452316168 ], [ 36.802500846999465, 46.724758205002217, 2.435776452316304 ], [ 36.80246395426002, 46.722077325714054, 2.46087645231637 ], [ 36.802435367282669, 46.719999999997526, 2.397376452316166 ], [ 36.802308332067696, 46.710768750948773, 2.669276452316353 ], [ 36.802256707002016, 46.707017320004525, 2.666076452316247 ], [ 36.801354435763642, 46.704322782119561, 2.609676452316307 ], [ 36.799141667497679, 46.69771458312789, 2.394176452316287 ], [ 36.796594614545029, 46.690108078182675, 2.591376452316354 ], [ 36.791417022082896, 46.674645744480586, 3.270876452316315 ], [ 36.790293816000485, 46.671291408003526, 3.345576452316209 ], [ 36.78303392061207, 46.660449119086479, 3.438176452316384 ], [ 36.77803945532105, 46.652990136170047, 3.621576452316276 ], [ 36.771657748000507, 46.643459377002728, 4.033876452316235 ], [ 36.758360585849005, 46.647459121231805, 3.461476452316219 ], [ 36.751231316000485, 46.649603583002317, 3.297076452316333 ], [ 36.75, 46.649603583002317, 3.297076452316333 ], [ 36.743825716999709, 46.649603583002317, 3.399976452316196 ], [ 36.743825716999709, 46.642157293999844, 3.970876452316361 ], [ 36.75, 46.641003314625777, 3.956376452316363 ], [ 36.764467062032054, 46.638299406957231, 4.163676452316167 ], [ 36.769297722001284, 46.637396552003338, 4.338676452316349 ], [ 36.788728342995455, 46.65031791425281, 4.04917645231626 ], [ 36.789462556060244, 46.65080616591149, 4.04897645231631 ], [ 36.793473331297719, 46.653473331296482, 4.117376452316194 ], [ 36.793711784999687, 46.653631903000132, 4.117776452316321 ], [ 36.793888611156945, 46.653888611159346, 4.119476452316349 ], [ 36.805723007315464, 46.67106924817017, 3.986176452316386 ], [ 36.807534215187843, 46.673698677221182, 3.904076452316303 ], [ 36.812266471999465, 46.680568752000909, 3.857376452316203 ], [ 36.815776505069152, 46.693555873731384, 3.475476452316343 ], [ 36.816623141708988, 46.696688429150527, 3.563976452316183 ], [ 36.817374650632701, 46.699469012030022, 3.610876452316234 ], [ 36.819590691000485, 46.707668361003016, 3.453576452316383 ], [ 36.824689150334962, 46.719999999997526, 3.287576452316216 ], [ 36.827256398024474, 46.72620939967419, 3.576576452316203 ], [ 36.828823604268109, 46.729999999999563, 3.611776452316235 ], [ 36.829600457000197, 46.731878973001585, 3.629276452316162 ], [ 36.830750152108521, 46.733208307983659, 3.669576452316278 ], [ 36.849131707002016, 46.75446198100326, 3.847176452316262 ], [ 36.855028373853202, 46.764385640195542, 3.813376452316334 ], [ 36.856795173416685, 46.767359034685796, 3.996276452316351 ], [ 36.862478061004367, 46.776922919003482, 3.94547645231637 ], [ 36.858729667672378, 46.786970694865886, 3.62667645231636 ], [ 36.857349171310489, 46.790671191803995, 3.733576452316356 ], [ 36.856231069526984, 46.79366832553751, 3.777876452316377 ], [ 36.855307044001165, 46.79614522711563, 3.737476452316287 ], [ 36.853688998004145, 46.800482488999478, 3.620976452316199 ], [ 36.886241082000197, 46.804022528000132, 4.056676452316196 ], [ 36.933397298138516, 46.835849324534138, 4.12707645231626 ], [ 36.934116155052834, 46.836334497320422, 4.159476452316312 ], [ 36.938812696000241, 46.839504299001419, 4.132476452316268 ], [ 36.959299787389682, 46.84464989369917, 4.299976452316287 ], [ 36.969999999999345, 46.847337388770029, 4.140276452316357 ], [ 36.973806186000729, 46.848293361003016, 4.06437645231631 ], [ 36.978313038072884, 46.850000000002183, 4.009076452316322 ], [ 36.984873894001794, 46.852484442000787, 3.853976452316374 ], [ 36.989999999999782, 46.85541545804881, 3.762476452316378 ], [ 36.994277494111884, 46.857861252947259, 3.878576452316338 ], [ 36.998017986799823, 46.86000000000422, 3.859876452316257 ], [ 37.004247345794283, 46.863561836446024, 3.864376452316264 ], [ 37.006868442205814, 46.865060532662028, 3.88317645231632 ], [ 37.010671372270735, 46.867234980292778, 3.734676452316307 ], [ 37.017751498000507, 46.871283270000276, 3.521676452316342 ], [ 37.028819207000197, 46.875555730999622, 3.393376452316261 ], [ 37.037525980013015, 46.876634093006942, 3.519776452316364 ], [ 37.046560091999709, 46.877752996999334, 3.733576452316356 ], [ 37.073392458369199, 46.885017737511589, 3.816576452316212 ], [ 37.082237373637327, 46.887412457879691, 3.799976452316287 ], [ 37.087880755350852, 46.8889403776775, 3.831776452316262 ], [ 37.090000000000146, 46.88951415347583, 3.79027645231622 ], [ 37.090630359271017, 46.88968482036762, 3.796876452316383 ], [ 37.091794477304575, 46.890000000003056, 3.799976452316287 ], [ 37.113419450806759, 46.895854862703345, 3.624376452316255 ], [ 37.131500387029519, 46.900750193515705, 3.477476452316296 ], [ 37.149999999999636, 46.905758879143832, 3.242376452316194 ], [ 37.162282748002326, 46.909084377004547, 3.086376452316244 ], [ 37.163998400339551, 46.909999999999854, 3.059976452316278 ], [ 37.170000000001892, 46.913202981486393, 2.903876452316354 ], [ 37.182735941263672, 46.920000000001892, 2.636276452316224 ], [ 37.189224094001474, 46.923462649001522, 2.499976452316332 ], [ 37.190000000000509, 46.92358753120061, 2.492376452316194 ], [ 37.19126858400341, 46.92379171000357, 2.492576452316371 ], [ 37.198750349200054, 46.925624825402338, 2.474976452316241 ], [ 37.205337421000877, 46.927238731002944, 2.50857645231622 ], [ 37.208837566999136, 46.927819418997387, 2.531976452316258 ], [ 37.210000000002765, 46.927919919351552, 2.541576452316349 ], [ 37.212191562004591, 46.928109395001229, 2.526876452316174 ], [ 37.215323143000205, 46.928153526998358, 2.510276452316248 ], [ 37.223482585000966, 46.927717112997925, 2.478276452316322 ], [ 37.225401116807916, 46.927700558406286, 2.468976452316383 ], [ 37.230000000001382, 46.927660875633592, 2.493576452316347 ], [ 37.234760401690437, 46.927619799154854, 2.495176452316173 ], [ 37.242656086000352, 46.927551669003151, 2.497976452316379 ], [ 37.250000000003638, 46.927245710814532, 2.510176452316273 ], [ 37.250156518999574, 46.927239190001274, 2.509676452316171 ], [ 37.259648465002101, 46.92623691800145, 2.50227645231621 ], [ 37.261742181060981, 46.92587109053602, 2.506476452316292 ], [ 37.270000000002256, 46.924428231559432, 2.46717645231638 ], [ 37.273605337000845, 46.92379828400226, 2.504076452316212 ], [ 37.275372700003572, 46.923337070002162, 2.526776452316199 ], [ 37.276083900947924, 46.923041950472907, 2.539176452316269 ], [ 37.276893762003965, 46.922705891000078, 2.523676452316295 ], [ 37.277900437000426, 46.922043515000041, 2.501976452316285 ], [ 37.280473801884, 46.920000000001892, 2.442876452316341 ], [ 37.282679970998288, 46.918248076002783, 2.462376452316221 ], [ 37.284339786423516, 46.917169893211394, 2.469776452316182 ], [ 37.290000000004511, 46.91349313205319, 2.495176452316173 ], [ 37.293038616060585, 46.91151930803062, 2.539276452316244 ], [ 37.293577061001997, 46.91116954500103, 2.528476452316227 ], [ 37.295002096196185, 46.909999999999854, 2.499976452316332 ], [ 37.300680053132965, 46.90534002656932, 2.479576452316223 ], [ 37.302127790004306, 46.904151850003473, 2.474376452316164 ], [ 37.306876017997638, 46.900527233003231, 2.45197645231633 ], [ 37.307692926609889, 46.899999999997817, 2.446176452316195 ], [ 37.308700030209366, 46.899350015108212, 2.44547645231637 ], [ 37.31000000000131, 46.898511014309406, 2.459576452316242 ], [ 37.312712852004552, 46.896760139001344, 2.488876452316163 ], [ 37.315156098002262, 46.89550907800367, 2.50227645231621 ], [ 37.316398026003299, 46.895100741001443, 2.499976452316332 ], [ 37.315510940656168, 46.890000000003056, 2.71737645231633 ], [ 37.314131030321732, 46.88206551516123, 3.214076452316249 ], [ 37.313771810311664, 46.880000000001019, 3.456576452316312 ], [ 37.312998893998156, 46.875555730999622, 3.578276452316231 ], [ 37.327272839800571, 46.880000000001019, 3.659076452316185 ], [ 37.33, 46.880849115843375, 3.598076452316263 ], [ 37.334501138637279, 46.882250569320604, 3.677476452316341 ], [ 37.335215691000485, 46.8824730489996, 3.679276452316344 ], [ 37.3354934949366, 46.882746747467536, 3.672576452316207 ], [ 37.342855545974089, 46.890000000003056, 3.207076452316187 ], [ 37.350000000002183, 46.897038871229597, 3.740776452316368 ], [ 37.351735873002326, 46.898749090998535, 3.809676452316353 ], [ 37.35194382771806, 46.899028086143517, 3.819476452316167 ], [ 37.35266826350562, 46.899999999997817, 3.786676452316215 ], [ 37.354253468016395, 46.902126734004923, 3.71497645231625 ], [ 37.360478998394683, 46.910478998395774, 3.590376452316377 ], [ 37.367575670863516, 46.920000000001892, 3.351476452316319 ], [ 37.377940300004411, 46.933905341003992, 3.350176452316191 ], [ 37.382205310077552, 46.938051327520952, 3.373376452316279 ], [ 37.383545996750399, 46.939354599675426, 3.428976452316192 ], [ 37.40297825707421, 46.958244564268171, 3.153176452316302 ], [ 37.403885513527712, 46.959126501935316, 3.156276452316206 ], [ 37.429902396681427, 46.984417332414523, 3.088376452316197 ], [ 37.482920769001794, 47.035956122001153, 2.604576452316223 ], [ 37.48604162913216, 47.038200740513275, 2.59277645231623 ], [ 37.48653718794958, 47.038557161646168, 2.594276452316308 ], [ 37.486868874968422, 47.038795721142378, 2.593976452316383 ], [ 37.497315635002451, 47.046309352002936, 2.499976452316332 ], [ 37.49920389, 47.047448388000703, 2.490176452316291 ], [ 37.500999804777166, 47.048249853580273, 2.489976452316341 ], [ 37.505161259001397, 47.050106991999201, 2.524176452316169 ], [ 37.509205406999172, 47.051497636000931, 2.582376452316339 ], [ 37.512273510279556, 47.05227351027861, 2.643176452316311 ], [ 37.513704604001759, 47.052635411002484, 2.618076452316245 ], [ 37.515857250731642, 47.052928625365894, 2.582876452316214 ], [ 37.521825667998201, 47.053741590001664, 2.528576452316202 ], [ 37.530000000004293, 47.054527259102542, 2.464176452316224 ], [ 37.536725428004502, 47.055173667999043, 2.478376452316297 ], [ 37.541886607543347, 47.055943303772438, 2.481176452316276 ], [ 37.543259301004582, 47.056148000001485, 2.481876452316328 ], [ 37.549808842999482, 47.057431597002505, 2.476076452316192 ], [ 37.550000000001091, 47.057478221602651, 2.475676452316293 ], [ 37.553389909227917, 47.058305045384259, 2.484776452316282 ], [ 37.560339083145664, 47.06000000000131, 2.503376452316388 ], [ 37.570000000003347, 47.062356368656765, 2.50577645231624 ], [ 37.573340241004189, 47.063171077998049, 2.506576452316267 ], [ 37.578679657593966, 47.064339828799348, 2.513176452316202 ], [ 37.583358268002485, 47.065363935000278, 2.505876452316215 ], [ 37.590000000001965, 47.066585581464096, 2.502476452316387 ], [ 37.597989855999913, 47.068055195002671, 2.498276452316304 ], [ 37.609796436045144, 47.069898218025628, 2.50207645231626 ], [ 37.61000000000422, 47.06992999463364, 2.50207645231626 ], [ 37.610012615999949, 47.069931964004354, 2.50207645231626 ], [ 37.610541315905721, 47.070000000003347, 2.502676452316337 ], [ 37.618004776999442, 47.070960439003102, 2.501576452316385 ], [ 37.626013215000057, 47.071776602000682, 2.508976452316347 ], [ 37.630000000002838, 47.072035996197883, 2.518576452316211 ], [ 37.633756527004152, 47.072280409001905, 2.50877645231617 ], [ 37.64122594500077, 47.072493549001592, 2.500276452316257 ], [ 37.645051840498127, 47.072474079754102, 2.501076452316283 ], [ 37.649999999999636, 47.072448899518349, 2.50207645231626 ], [ 37.653253711001526, 47.072432342003594, 2.518976452316338 ], [ 37.654684874121813, 47.072342437060797, 2.529776452316355 ], [ 37.670000000003711, 47.071380348608727, 2.472376452316212 ], [ 37.671308059003422, 47.071298177002973, 2.47407645231624 ], [ 37.681601109003168, 47.071409946003769, 2.471776452316362 ], [ 37.686505839388701, 47.071747080308342, 2.465076452316225 ], [ 37.686681622000833, 47.071759162998205, 2.462776452316348 ], [ 37.690000000000509, 47.072129466079787, 2.414776452316346 ], [ 37.691437751000194, 47.072289907002414, 2.43717645231618 ], [ 37.69566334600313, 47.072975569999471, 2.494276452316171 ], [ 37.698951051999757, 47.073691972000233, 2.531376452316181 ], [ 37.701301187458739, 47.074349406273541, 2.552076452316214 ], [ 37.703626869999425, 47.075000000004366, 2.499976452316332 ], [ 37.710297071003879, 47.074164130002828, 2.566876452316365 ], [ 37.71876107814569, 47.0743805390739, 2.549576452316387 ], [ 37.721805409004446, 47.074458377002884, 2.499976452316332 ], [ 37.723142331004055, 47.074095187001149, 2.498076452316354 ], [ 37.730000000001382, 47.07333523485795, 2.43327645231625 ], [ 37.730352848000621, 47.073296133003169, 2.438676452316258 ], [ 37.735816572216208, 47.07290828611076, 2.512776452316302 ], [ 37.742374179999388, 47.07244278899816, 2.48927645231629 ], [ 37.749999999998181, 47.07215741599066, 2.456876452316237 ], [ 37.754014380157969, 47.072007190075965, 2.47997645231635 ], [ 37.757540495000285, 47.071875236004416, 2.481276452316251 ], [ 37.770000000002256, 47.07173638999484, 2.482676452316355 ], [ 37.77457142700041, 47.071685447002892, 2.483176452316229 ], [ 37.786239501829186, 47.0718802490901, 2.481176452316276 ], [ 37.790000000004511, 47.071943031756746, 2.4805764523162 ], [ 37.794020303919751, 47.072010151963696, 2.479876452316375 ], [ 37.79628375700122, 47.072047941002893, 2.479476452316248 ], [ 37.808452259001569, 47.07260340400353, 2.473976452316265 ], [ 37.810000000003129, 47.072703804753473, 2.472976452316288 ], [ 37.822916609795357, 47.073541695104723, 2.529176452316278 ], [ 37.825373043000582, 47.073701041999811, 2.512076452316251 ], [ 37.83, 47.073884251049094, 2.483476452316381 ], [ 37.838436614698367, 47.074218307348929, 2.515676452316256 ], [ 37.840317073001643, 47.074292766001236, 2.514176452316178 ], [ 37.850000000004002, 47.074396886549948, 2.512076452316251 ], [ 37.850186781004595, 47.074398895003469, 2.511976452316276 ], [ 37.86007277599856, 47.074232488999769, 2.515376452316332 ], [ 37.861685979452886, 47.074157010274575, 2.516876452316183 ], [ 37.869958237997707, 47.07376996700259, 2.524576452316296 ], [ 37.8700000000008, 47.073766890174738, 2.524676452316271 ], [ 37.876566239796375, 47.073283119902044, 2.501476452316183 ], [ 37.876744438999594, 47.073269991002235, 2.50187645231631 ], [ 37.889895798001817, 47.071958802000154, 2.541276452316197 ], [ 37.889999999997599, 47.071945071100345, 2.541676452316324 ], [ 37.89654578000227, 47.07108252100079, 2.534776452316237 ], [ 37.903139857096903, 47.070000000003347, 2.534276452316362 ], [ 37.908304338901871, 47.069152169449808, 2.525476452316298 ], [ 37.909799361999831, 47.068906738000805, 2.522876452316268 ], [ 37.910000000001673, 47.068867732308718, 2.522676452316318 ], [ 37.916509770002449, 47.06760217900046, 2.515376452316332 ], [ 37.922562078632836, 47.066281039313253, 2.511576452316376 ], [ 37.929879505003555, 47.064683740998589, 2.506976452316167 ], [ 37.929999999998472, 47.064654805993996, 2.506876452316192 ], [ 37.936289135061088, 47.063144567529889, 2.474176452316215 ], [ 37.949384159723195, 47.06000000000131, 2.503076452316236 ], [ 37.949800192385737, 47.059900096193815, 2.502976452316261 ], [ 37.950000000002547, 47.059852115486137, 2.502976452316261 ], [ 37.950569081029244, 47.059715459488871, 2.502876452316286 ], [ 37.956728896999266, 47.058236275002855, 2.50167645231636 ], [ 37.969999999999345, 47.054753991402322, 2.504876452316239 ], [ 37.976235593774618, 47.053117796885999, 2.506476452316292 ], [ 37.98332842399941, 47.051256667004054, 2.50817645231632 ], [ 37.987746880457053, 47.049999999999272, 2.511276452316224 ], [ 37.989183062154552, 47.049591531078477, 2.50817645231632 ], [ 37.99000000000342, 47.049359183232809, 2.512776452316302 ], [ 37.992972429407018, 47.048513785297473, 2.51487645231623 ], [ 38.003164322997691, 47.045615077000548, 2.521876452316292 ], [ 38.010000000000218, 47.043520606281163, 2.529576452316178 ], [ 38.014365815928613, 47.042182907962342, 2.534476452316312 ], [ 38.016288458002236, 47.041593805004595, 2.536676452316215 ], [ 38.021092055982081, 47.040000000004511, 2.544576452316278 ], [ 38.026446713496625, 47.038223356747039, 2.535576452316263 ], [ 38.029283937003129, 47.037281982999048, 2.530776452316331 ], [ 38.030000000004293, 47.037028191813079, 2.52967645231638 ], [ 38.049829798419523, 47.030000000002474, 2.500876452316334 ], [ 38.049929398401218, 47.029964699202537, 2.501076452316283 ], [ 38.050000000001091, 47.029939676171125, 2.501176452316258 ], [ 38.05041438538683, 47.029792807308695, 2.499976452316332 ], [ 38.05707511500259, 47.027432073004093, 2.4805764523162 ], [ 38.064038069000162, 47.02526263999971, 2.454376452316183 ], [ 38.06999999999789, 47.023670104968915, 2.42657645231634 ], [ 38.071047577001082, 47.023390279004161, 2.421676452316206 ], [ 38.075088316572874, 47.022544158291566, 2.398276452316168 ], [ 38.078261675000249, 47.021879665004235, 2.4022764523163 ], [ 38.085529011001199, 47.020797201003006, 2.398476452316345 ], [ 38.090000000001965, 47.020362798321003, 2.389076452316203 ], [ 38.090395319000891, 47.020324389000962, 2.390276452316357 ], [ 38.096812046003834, 47.020020846000989, 2.399376452316346 ], [ 38.103235086002314, 47.020074417001524, 2.397776452316293 ], [ 38.10909749325765, 47.020451253374631, 2.386476452316174 ], [ 38.109650410999166, 47.020486795003308, 2.382276452316319 ], [ 38.109999999998763, 47.020533837234325, 2.378676452316313 ], [ 38.11146082436062, 47.020730412183184, 2.392676452316209 ], [ 38.119754161003584, 47.021846400000868, 2.442176452316289 ], [ 38.129808745003174, 47.023871932002294, 2.481976452316303 ], [ 38.130000000002838, 47.023919930983539, 2.482376452316203 ], [ 38.138096303815473, 47.025951848097975, 2.461876452316346 ], [ 38.139427104004426, 47.026285837004252, 2.468576452316256 ], [ 38.144698613999935, 47.027802709000753, 2.490976452316318 ], [ 38.149999999999636, 47.029478055996151, 2.510476452316198 ], [ 38.151651614045477, 47.030000000002474, 2.508276452316295 ], [ 38.156393720004417, 47.031498603002547, 2.501976452316285 ], [ 38.169187495001097, 47.035971001998405, 2.476476452316319 ], [ 38.170000000003711, 47.036289263727667, 2.474176452316215 ], [ 38.174161397631906, 47.037919301186776, 2.462376452316221 ], [ 38.179473309361128, 47.040000000004511, 2.494776452316273 ], [ 38.179820196004584, 47.040135877001376, 2.495476452316325 ], [ 38.190000000000509, 47.044374520059137, 2.512476452316378 ], [ 38.196138822608191, 47.04693058869816, 2.492076452316269 ], [ 38.203510522707802, 47.049999999999272, 2.535076452316162 ], [ 38.205635812004402, 47.050884923002741, 2.538676452316167 ], [ 38.207099177783675, 47.051450411112455, 2.541976452316248 ], [ 38.209999999999127, 47.052571375183106, 2.548576452316183 ], [ 38.217100321999169, 47.055315150997558, 2.529176452316278 ], [ 38.228431350182291, 47.059215675095402, 2.507876452316168 ], [ 38.230000000001382, 47.059755657546702, 2.502476452316387 ], [ 38.230289425069714, 47.059855287467144, 2.502876452316286 ], [ 38.230709815185037, 47.06000000000131, 2.503576452316338 ], [ 38.236825096002576, 47.062105087003147, 2.513076452316227 ], [ 38.243807240998649, 47.064251789000991, 2.526476452316274 ], [ 38.25, 47.065936194692767, 2.540676452316347 ], [ 38.250838961999762, 47.066164388998004, 2.538376452316243 ], [ 38.263569027003541, 47.068898383000487, 2.510976452316299 ], [ 38.269887893160558, 47.070000000003347, 2.499976452316332 ], [ 38.269971016814452, 47.070014491593611, 2.49967645231618 ], [ 38.270000000002256, 47.070019544458773, 2.499776452316382 ], [ 38.270060014503542, 47.070030007251262, 2.49967645231618 ], [ 38.289999999999054, 47.073506299746441, 2.46497645231625 ], [ 38.300766675907653, 47.075383337953099, 2.499976452316332 ], [ 38.310000000003129, 47.076993055035928, 2.53007645231628 ], [ 38.310743935000573, 47.077122750999479, 2.528776452316379 ], [ 38.314762089639771, 47.077618955179787, 2.52377645231627 ], [ 38.32046991700372, 47.078323817999262, 2.516776452316208 ], [ 38.33, 47.079031852150365, 2.509676452316171 ], [ 38.336854718003451, 47.079541121003786, 2.504576452316314 ], [ 38.349254928903974, 47.079999999998108, 2.499976452316332 ], [ 38.350000000004002, 47.080027571906612, 2.49967645231618 ], [ 38.350059551299637, 47.080029775652292, 2.49967645231618 ], [ 38.350060993003353, 47.080029828999614, 2.49967645231618 ], [ 38.369944876003501, 47.080223189002936, 2.497776452316202 ], [ 38.3700000000008, 47.080222247988786, 2.497776452316202 ], [ 38.370429821081416, 47.080214910542054, 2.497876452316177 ], [ 38.383019091925235, 47.079999999998108, 2.499976452316332 ], [ 38.38976952759549, 47.079884763796144, 2.501176452316258 ], [ 38.389829325002211, 47.0798837429993, 2.501176452316258 ], [ 38.389999999999418, 47.07987527534533, 2.501276452316233 ], [ 38.390276927584637, 47.079861536209137, 2.501376452316208 ], [ 38.40961672299818, 47.078902036004365, 2.510976452316299 ], [ 38.410000000001673, 47.078869251428841, 2.511276452316224 ], [ 38.419436796000809, 47.078062051001325, 2.519376452316237 ], [ 38.42482944004405, 47.077414720024535, 2.525876452316197 ], [ 38.429181603003599, 47.076892288003364, 2.531076452316256 ], [ 38.430000000000291, 47.07676115578397, 2.532376452316385 ], [ 38.44024059777621, 47.075120298888578, 2.497576452316252 ], [ 38.450000000002547, 47.073556544237363, 2.464476452316376 ], [ 38.450775770998007, 47.073432241999399, 2.465676452316302 ], [ 38.460498701000688, 47.072161931004302, 2.478376452316297 ], [ 38.467038783815951, 47.071480608097772, 2.485176452316182 ], [ 38.470000000001164, 47.071172118972754, 2.488276452316313 ], [ 38.470280850000563, 47.071142860999316, 2.487176452316362 ], [ 38.471991614569561, 47.070995807287545, 2.480076452316325 ], [ 38.483576441318291, 47.070000000003347, 2.499976452316332 ], [ 38.489057687305831, 47.069528843650914, 2.504676452316289 ], [ 38.49000000000342, 47.0694478444384, 2.505476452316316 ], [ 38.499748918004116, 47.068609848000051, 2.513876452316254 ], [ 38.505916431429796, 47.067958215713588, 2.520376452316214 ], [ 38.510000000000218, 47.06752676385986, 2.524776452316246 ], [ 38.522427465291912, 47.066213732647157, 2.475676452316293 ], [ 38.52533587400103, 47.065906443000131, 2.481876452316328 ], [ 38.530000000004293, 47.06552608259517, 2.489476452316239 ], [ 38.539502331175754, 47.064751165589769, 2.504976452316214 ], [ 38.550000000001091, 47.063895078599671, 2.522076452316242 ], [ 38.556697751289903, 47.063348875642987, 2.532976452316234 ], [ 38.569999999999709, 47.062264074604172, 2.477376452316321 ], [ 38.57052981599918, 47.062220868003351, 2.47777645231622 ], [ 38.574097199962125, 47.06204859997888, 2.479476452316248 ], [ 38.577048510001987, 47.061906082004498, 2.480976452316327 ], [ 38.590000000001965, 47.061817124267691, 2.481876452316328 ], [ 38.590122917999906, 47.06181628000013, 2.481876452316328 ], [ 38.593961297634451, 47.061980648817553, 2.4801764523163 ], [ 38.599932399001773, 47.062236346000645, 2.477676452316246 ], [ 38.609716965002008, 47.063128456004051, 2.468676452316231 ], [ 38.610000000000582, 47.063167256452289, 2.468376452316306 ], [ 38.616413860001558, 47.064046514000438, 2.459576452316242 ], [ 38.619077746267067, 47.064538873131823, 2.45457645231636 ], [ 38.629734754002129, 47.066508580001027, 2.468476452316281 ], [ 38.630000000002838, 47.066570643395607, 2.468576452316256 ], [ 38.642951420000827, 47.069601072000296, 2.472776452316339 ], [ 38.644407032270465, 47.070000000003347, 2.472076452316287 ], [ 38.6480197711644, 47.070990114423694, 2.4801764523163 ], [ 38.650000000001455, 47.071532819883942, 2.484676452316307 ], [ 38.656784249815246, 47.073392124906604, 2.499976452316332 ], [ 38.670000000003711, 47.077014059743306, 2.52987645231633 ], [ 38.670747372003461, 47.077218886000992, 2.527776452316175 ], [ 38.673981512021783, 47.078009243989072, 2.519876452316339 ], [ 38.68029236500297, 47.079551488001016, 2.504476452316339 ], [ 38.682248277404142, 47.079999999998108, 2.499976452316332 ], [ 38.690000000002328, 47.081777554352811, 2.499976452316332 ], [ 38.696566774349776, 47.08328338717547, 2.499976452316332 ], [ 38.70411426100145, 47.085014108002724, 2.520476452316188 ], [ 38.709999999999127, 47.0861625972193, 2.538376452316243 ], [ 38.711289016000592, 47.08641412399993, 2.535876452316188 ], [ 38.71775849199912, 47.087421976000769, 2.525776452316222 ], [ 38.724271494000277, 47.088214885001435, 2.517876452316386 ], [ 38.726926889370588, 47.088463444688387, 2.515376452316332 ], [ 38.730000000001382, 47.088751104827679, 2.512476452316378 ], [ 38.730817037003362, 47.088827584004321, 2.511676452316351 ], [ 38.740673727003013, 47.089468304000548, 2.505276452316366 ], [ 38.749447303398483, 47.089723651703025, 2.502776452316311 ], [ 38.75, 47.089739737479249, 2.502576452316362 ], [ 38.757118447001631, 47.089946914002212, 2.500576452316182 ], [ 38.769767163303186, 47.089883581653339, 2.501176452316258 ], [ 38.770000000002256, 47.089882415833927, 2.501176452316258 ], [ 38.770188301999951, 47.089881473002606, 2.501176452316258 ], [ 38.779868649004129, 47.089570517997345, 2.504276452316162 ], [ 38.788149080766743, 47.089074540383081, 2.509276452316271 ], [ 38.789377401004458, 47.089000967001994, 2.509976452316323 ], [ 38.790000000000873, 47.088945674478964, 2.510576452316172 ], [ 38.795583480003188, 47.088449810004022, 2.515476452316307 ], [ 38.801650694000273, 47.087734102002287, 2.522676452316318 ], [ 38.804567383611356, 47.087283691807897, 2.527176452316326 ], [ 38.807545764000679, 47.086823755003934, 2.5122764523162 ], [ 38.810000000003129, 47.086358882848799, 2.499976452316332 ], [ 38.816159149004307, 47.085192239999742, 2.499976452316332 ], [ 38.819376498528072, 47.084688249266037, 2.499976452316332 ], [ 38.825049296001453, 47.08379961799983, 2.499976452316332 ], [ 38.830000000001746, 47.08325159656124, 2.499976452316332 ], [ 38.835324414074421, 47.082662207034446, 2.499976452316332 ], [ 38.850000000004002, 47.081037683383329, 2.499976452316332 ], [ 38.851699182514494, 47.080849591258811, 2.499976452316332 ], [ 38.859374201241735, 47.079999999998108, 2.499976452316332 ], [ 38.862239291003789, 47.079682847001095, 2.503176452316211 ], [ 38.870000000002619, 47.078483405020961, 2.515176452316382 ], [ 38.871127664000596, 47.078309121003258, 2.516876452316183 ], [ 38.879415740002514, 47.076452763003545, 2.535476452316288 ], [ 38.881469337098679, 47.075734668551377, 2.5426764523163 ], [ 38.886778370000684, 47.073878225002773, 2.561176452316204 ], [ 38.889999999999418, 47.072127317256673, 2.578776452316333 ], [ 38.891423724997367, 47.071353544000885, 2.579376452316183 ], [ 38.893086636839143, 47.070000000003347, 2.584576452316242 ], [ 38.895147304001512, 47.068322699004057, 2.574276452316326 ], [ 38.897727609000867, 47.064819100000022, 2.561376452316381 ], [ 38.898029740432321, 47.064014870215033, 2.559876452316303 ], [ 38.898702490001597, 47.062224109000454, 2.556476452316247 ] ], [ [ 36.822232677001011, 46.6378041450007, 4.932476452316223 ], [ 36.81590241000049, 46.634149385001365, 4.952076452316305 ], [ 36.81000000000131, 46.63105172827818, 4.957976452316188 ], [ 36.809431477999169, 46.630753360999734, 4.961376452316244 ], [ 36.807843977001539, 46.630000000001019, 4.967676452316255 ], [ 36.802834285999779, 46.627622612000778, 4.963876452316299 ], [ 36.796118401003696, 46.624778822997541, 4.948376452316325 ], [ 36.790000000000873, 46.622523372428986, 4.924276452316235 ], [ 36.789284921002036, 46.622259770001619, 4.935776452316304 ], [ 36.78694284379344, 46.621528578103607, 4.969476452316258 ], [ 36.782880659000512, 46.620260372001212, 4.928776452316242 ], [ 36.781881396898825, 46.620000000004438, 4.918776452316251 ], [ 36.776390126000479, 46.618569170999763, 4.921176452316331 ], [ 36.770000000000437, 46.617221606637031, 4.91117645231634 ], [ 36.769827440999507, 46.617185216997314, 4.91177645231619 ], [ 36.763352926000152, 46.616134779002095, 4.921376452316281 ], [ 36.761940636597501, 46.615970318300242, 4.920876452316179 ], [ 36.756834309999249, 46.615375687997584, 4.919176452316378 ], [ 36.750283983999907, 46.614905781001653, 4.905176452316255 ], [ 36.75, 46.614898817715584, 4.904076452316303 ], [ 36.742947893999371, 46.614725900002668, 4.910976452316163 ], [ 36.739604291205978, 46.614802145606518, 4.907876452316259 ], [ 36.735601849000886, 46.614893414998733, 4.925176452316236 ], [ 36.730638552999153, 46.615194677000545, 4.940976452316363 ], [ 36.729999999999563, 46.61525061395696, 4.942476452316214 ], [ 36.725679977002073, 46.615629046000322, 4.952776452316357 ], [ 36.722120060165253, 46.616060030084554, 4.957576452316289 ], [ 36.715275806001955, 46.616888635000578, 5.009476452316221 ], [ 36.709999999999127, 46.617635685357527, 5.047276452316282 ], [ 36.706314966837454, 46.618157483419054, 5.036876452316164 ], [ 36.693302778368889, 46.620000000004438, 4.999976452316332 ], [ 36.690728914552892, 46.620364457277901, 4.98907645231634 ], [ 36.690000000002328, 46.62046767105312, 4.990676452316166 ], [ 36.688695116848976, 46.620652441573839, 4.993476452316372 ], [ 36.670000000001892, 46.623299656755989, 5.03397645231621 ], [ 36.664969422001377, 46.624011982999946, 5.019776452316364 ], [ 36.659419770685417, 46.624709885343691, 5.00577645231624 ], [ 36.650000000001455, 46.625894478689588, 4.982076452316278 ], [ 36.643343785999605, 46.626731538002787, 4.998676452316204 ], [ 36.634567140630679, 46.627716429688007, 5.022876452316268 ], [ 36.630000000001019, 46.628228941999623, 5.017676452316209 ], [ 36.62973774099919, 46.628258372002165, 5.018776452316388 ], [ 36.626984826174521, 46.628492413090498, 5.030176452316255 ], [ 36.623121319000347, 46.628820871999778, 5.02357645231632 ], [ 36.610000000000582, 46.629575787053909, 5.008476452316245 ], [ 36.609862758999952, 46.629583683003148, 5.007676452316218 ], [ 36.609192916226675, 46.629596458111337, 5.004076452316212 ], [ 36.590000000000146, 46.629962501618138, 5.000376452316232 ], [ 36.589965635999761, 46.629963157001839, 5.000376452316232 ], [ 36.576740561000406, 46.629707107000286, 5.002976452316261 ], [ 36.571115682118034, 46.629442158940947, 5.005576452316291 ], [ 36.570154150002054, 46.629396867998366, 5.006076452316165 ], [ 36.569999999999709, 46.62938401919746, 5.006176452316367 ], [ 36.568521577763022, 46.629260788882675, 5.007376452316294 ], [ 36.557064825999987, 46.628305839003588, 5.016976452316385 ], [ 36.550577754000187, 46.627462297998136, 5.025376452316323 ], [ 36.549999999999272, 46.627360649859838, 5.026376452316299 ], [ 36.539793160000045, 46.62556489200324, 4.993276452316195 ], [ 36.539145808335888, 46.625427095832492, 4.991476452316192 ], [ 36.530205389999537, 46.623524026002997, 5.029476452316203 ], [ 36.530000000002474, 46.623472584993578, 5.030576452316382 ], [ 36.523659687001782, 46.621884620000856, 5.030576452316382 ], [ 36.517159987000923, 46.620031787999324, 5.035176452316364 ], [ 36.517061161197489, 46.620000000004438, 5.035276452316339 ], [ 36.510715480000727, 46.617958868002461, 5.023976452316219 ], [ 36.510000000002037, 46.617700320028234, 5.022976452316243 ], [ 36.503795471002377, 46.615458233000027, 5.014376452316355 ], [ 36.490493655704995, 46.610000000002401, 5.002476452316387 ], [ 36.490128332001404, 46.609850094002468, 5.002176452316235 ], [ 36.490000000001601, 46.609791783766923, 5.00207645231626 ], [ 36.485436834645952, 46.607718417322758, 4.999976452316332 ], [ 36.476614592002079, 46.603709853003238, 4.995976452316199 ], [ 36.470000000001164, 46.600520417934604, 4.994776452316273 ], [ 36.468920701565366, 46.600000000002183, 4.994576452316323 ], [ 36.45984295100061, 46.595622875000117, 4.99297645231627 ], [ 36.459298498679345, 46.595350750661964, 4.99297645231627 ], [ 36.450000000000728, 46.59070324028653, 4.99297645231627 ], [ 36.448592993168859, 46.590000000000146, 4.99297645231627 ], [ 36.430000000000291, 46.580706980596005, 4.99297645231627 ], [ 36.429791979000584, 46.580603009000697, 4.993976452316247 ], [ 36.429296193198752, 46.580351903401606, 4.996476452316301 ], [ 36.428601391056873, 46.580000000003565, 4.99297645231627 ], [ 36.419360576157487, 46.57531971192293, 4.993576452316347 ], [ 36.409999999999854, 46.570578767161351, 4.994176452316196 ], [ 36.409424959112584, 46.570287520444253, 4.994276452316171 ], [ 36.408857275424452, 46.570000000003347, 4.994276452316171 ], [ 36.389999999999418, 46.56044916684732, 4.995476452316325 ], [ 36.389553725024598, 46.56022313748872, 4.9955764523163 ], [ 36.389113159790213, 46.56000000000131, 4.9955764523163 ], [ 36.370000000002619, 46.550319566527833, 4.996776452316226 ], [ 36.369831787000294, 46.550234370002727, 4.996776452316226 ], [ 36.369381247492129, 46.549999999999272, 4.996876452316201 ], [ 36.354064497683794, 46.542032248840769, 4.999976452316332 ], [ 36.350157818567823, 46.540000000002692, 5.000776452316359 ], [ 36.35008047158226, 46.539959764208106, 5.000776452316359 ], [ 36.350000000002183, 46.539917903013702, 5.000776452316359 ], [ 36.349993117999475, 46.539914323002449, 5.000776452316359 ], [ 36.331909225236814, 46.530000000002474, 5.009576452316196 ], [ 36.330442059001143, 46.52919564000149, 5.010276452316248 ], [ 36.330000000001746, 46.528932333281773, 5.010676452316375 ], [ 36.317721642999459, 46.521618889002639, 5.022376452316166 ], [ 36.315201414852709, 46.520000000000437, 5.025976452316172 ], [ 36.311509851000665, 46.51762869400045, 5.031276452316206 ], [ 36.31000000000131, 46.516601779165285, 5.03397645231621 ], [ 36.305726795002556, 46.513695388002816, 5.020276452316239 ], [ 36.300523513682492, 46.510000000003856, 5.005276452316366 ], [ 36.290000000000873, 46.50252616497346, 4.974776452316291 ], [ 36.288652165001622, 46.50156892799896, 4.977576452316271 ], [ 36.287898336620856, 46.501050831693647, 4.978976452316374 ], [ 36.286369380062752, 46.500000000001819, 4.981876452316328 ], [ 36.279475771953003, 46.495262114027355, 4.994776452316273 ], [ 36.27181941381059, 46.490000000001601, 5.009076452316322 ], [ 36.271053207286968, 46.489473396355606, 5.010576452316172 ], [ 36.270000000000437, 46.488749540872959, 5.012476452316378 ], [ 36.264559228002327, 46.48501017000126, 5.022676452316318 ], [ 36.258688313002494, 46.480792177004332, 5.035476452316288 ], [ 36.257642779617527, 46.479999999999563, 5.038176452316293 ], [ 36.252965566001876, 46.476456181002504, 5.050276452316211 ], [ 36.25, 46.474055964428771, 5.059476452316176 ], [ 36.246902335433333, 46.471548832287226, 5.038076452316318 ], [ 36.246271967002031, 46.47103863600023, 5.041976452316248 ], [ 36.245053891994758, 46.470000000002983, 5.050576452316363 ], [ 36.238041844009786, 46.464020922003328, 5.040176452316246 ], [ 36.233326251058315, 46.460000000002765, 5.016676452316233 ], [ 36.229999999999563, 46.457163750941618, 4.999976452316332 ], [ 36.225231105001512, 46.453097379002429, 4.976176452316167 ], [ 36.221132144000876, 46.450035145004222, 4.955676452316311 ], [ 36.221079656557777, 46.450000000000728, 4.955376452316386 ], [ 36.216857280001932, 46.447172744001364, 4.962576452316171 ], [ 36.216311302812755, 46.446844348593004, 4.963076452316272 ], [ 36.2124262740017, 46.444507574000454, 4.967076452316178 ], [ 36.209999999999127, 46.443199102657672, 4.967976452316179 ], [ 36.207855413000289, 46.442042542999843, 4.968876452316181 ], [ 36.203514265827835, 46.440000000004147, 4.96757645231628 ], [ 36.201565339002627, 46.439083015000506, 4.966976452316203 ], [ 36.195071391004603, 46.436532901998362, 4.960076452316343 ], [ 36.190000000002328, 46.434953186091661, 4.950476452316252 ], [ 36.188386208001248, 46.434450497003127, 4.955476452316361 ], [ 36.182253622000644, 46.43302601799769, 4.969776452316182 ], [ 36.176001885, 46.431971183999849, 4.980276452316275 ], [ 36.173316180740585, 46.431658090368728, 4.983376452316179 ], [ 36.170000000001892, 46.431271497147463, 4.974576452316342 ], [ 36.169657112001005, 46.431231524002214, 4.975376452316368 ], [ 36.163241544001721, 46.430765823999536, 4.984676452316307 ], [ 36.156774266002685, 46.430545061004523, 4.98907645231634 ], [ 36.151101447750989, 46.430550723876877, 4.988976452316365 ], [ 36.150271862999944, 46.430551552004545, 4.988976452316365 ], [ 36.150000000001455, 46.43056100387912, 4.988776452316188 ], [ 36.143749021999611, 46.430778332000045, 4.984476452316358 ], [ 36.137219086002005, 46.431228767003631, 4.975376452316368 ], [ 36.133286443555335, 46.431643221781997, 4.96717645231638 ], [ 36.130694552000932, 46.431916377001471, 4.961676452316169 ], [ 36.130000000001019, 46.432016591124921, 4.959676452316216 ], [ 36.12398593800026, 46.432884335999915, 4.972376452316212 ], [ 36.117935176442188, 46.433967588225642, 4.980976452316327 ], [ 36.117298750001282, 46.434081526003865, 4.981876452316328 ], [ 36.110000000000582, 46.435695266851326, 4.986076452316183 ], [ 36.10403030980342, 46.437015154901019, 4.989576452316214 ], [ 36.1040015710023, 46.43702150900026, 4.989576452316214 ], [ 36.092839900209583, 46.440000000004147, 4.985776452316259 ], [ 36.090988233981989, 46.44049411699234, 4.980276452316275 ], [ 36.090834983002424, 46.440535012003238, 4.980976452316327 ], [ 36.090000000000146, 46.440784485390395, 4.98427645231618 ], [ 36.086101420652994, 46.441949289677723, 4.999976452316332 ], [ 36.069999999999709, 46.446760017412089, 5.032376452316385 ], [ 36.069663632999436, 46.446860516001834, 5.033076452316209 ], [ 36.065861481036336, 46.447930740518132, 5.041376452316172 ], [ 36.058510089907941, 46.450000000000728, 4.999976452316332 ], [ 36.053065225767568, 46.451532612883966, 4.969376452316283 ], [ 36.050745002999975, 46.452185706002638, 4.974376452316164 ], [ 36.049999999999272, 46.452415153995389, 4.975876452316243 ], [ 36.040612612687255, 46.455306306346756, 4.993876452316272 ], [ 36.030000000002474, 46.45857480684208, 5.014276452316381 ], [ 36.028236109186764, 46.459118054597639, 5.00877645231617 ], [ 36.025372488693392, 46.460000000002765, 5.023176452316193 ], [ 36.02454340300028, 46.46025534400178, 5.024776452316246 ], [ 36.019278956000562, 46.461735288001364, 5.036276452316315 ], [ 36.015407469427373, 46.462703734712704, 5.045876452316179 ], [ 36.010000000002037, 46.464056405295196, 5.018876452316363 ], [ 36.009800012001506, 46.464106432000335, 5.017876452316386 ], [ 36.001839587950599, 46.465919793972716, 4.981576452316176 ], [ 35.990000000001601, 46.468616818458031, 5.013876452316254 ], [ 35.989630510999632, 46.468700987001284, 5.012976452316252 ], [ 35.98805264497787, 46.469026322492937, 5.009776452316373 ], [ 35.983330342254703, 46.470000000002983, 4.999976452316332 ], [ 35.973892090107256, 46.47194604505421, 4.9805764523162 ], [ 35.970000000001164, 46.47274854349962, 4.999976452316332 ], [ 35.960645261928221, 46.474677369038545, 4.999976452316332 ], [ 35.956226657001025, 46.475588428003903, 5.012976452316252 ], [ 35.950000000000728, 46.476722588111443, 5.032776452316284 ], [ 35.949053589003597, 46.476894973002345, 5.031076452316256 ], [ 35.944984157767976, 46.477492078885916, 5.025076452316171 ], [ 35.942585806000352, 46.477843987999222, 5.021576452316367 ], [ 35.930000000000291, 46.479150834107713, 5.008476452316245 ], [ 35.929524188000869, 46.479200240004502, 5.00797645231637 ], [ 35.915365691393163, 46.479999999999563, 4.999976452316332 ], [ 35.909999999999854, 46.480303087639186, 4.996976452316176 ], [ 35.909736478000923, 46.480317973002457, 4.998176452316329 ], [ 35.909342762031883, 46.480328618985368, 4.999976452316332 ], [ 35.896491091001735, 46.480676125000173, 4.999976452316332 ], [ 35.889999999999418, 46.4807341322703, 4.999976452316332 ], [ 35.879959347001204, 46.480823859999873, 4.999976452316332 ], [ 35.871471197022402, 46.480735598512183, 4.999976452316332 ], [ 35.870000000004438, 46.480720300711255, 4.992776452316321 ], [ 35.868588747554895, 46.480705626225244, 4.99297645231627 ], [ 35.863558433002254, 46.480653320000783, 4.993476452316372 ], [ 35.850632343999678, 46.480217368000012, 4.997776452316202 ], [ 35.850000000004002, 46.480175404205511, 4.998276452316304 ], [ 35.847356869258874, 46.479999999999563, 4.999976452316332 ], [ 35.837999371000478, 46.479379015001541, 5.006176452316367 ], [ 35.83184048899966, 46.478746243003116, 5.012576452316353 ], [ 35.830000000001746, 46.478495270968779, 5.01507645231618 ], [ 35.825819409999895, 46.47792519900031, 5.020776452316341 ], [ 35.819966226999895, 46.476872109004034, 5.031276452316206 ], [ 35.817448115034495, 46.476275942486609, 5.037276452316291 ], [ 35.814316161002353, 46.475534447998143, 5.021576452316367 ], [ 35.81000000000131, 46.474191653058369, 4.999976452316332 ], [ 35.796526722097042, 46.470000000002983, 4.999976452316332 ], [ 35.794900827002493, 46.469494170001781, 5.005076452316189 ], [ 35.790000000000873, 46.467841105200932, 5.021576452316367 ], [ 35.789143841000623, 46.467552320000323, 5.020176452316264 ], [ 35.782655275999787, 46.465133084002446, 5.011976452316276 ], [ 35.776126467000722, 46.462482352002553, 5.00577645231624 ], [ 35.770502549277808, 46.460000000002765, 5.002476452316387 ], [ 35.770000000000437, 46.459778178794295, 5.002176452316235 ], [ 35.766215175246543, 46.458107587624909, 4.999976452316332 ], [ 35.762975117000678, 46.456677452000804, 4.999976452316332 ], [ 35.75, 46.45050166791043, 4.999976452316332 ], [ 35.74894601241067, 46.450000000000728, 4.999976452316332 ], [ 35.743086933000086, 46.447211246000734, 4.999976452316332 ], [ 35.729999999999563, 46.440714953520001, 4.999976452316332 ], [ 35.729282459991737, 46.440358770007151, 4.996376452316326 ], [ 35.728559709432375, 46.440000000004147, 4.992776452316321 ], [ 35.709999999999127, 46.430787046834666, 4.992176452316244 ], [ 35.709702698999536, 46.430639468000663, 4.992076452316269 ], [ 35.708429520122081, 46.43000000000211, 4.992176452316244 ], [ 35.690000000000509, 46.420743572198262, 4.992576452316371 ], [ 35.688519549985358, 46.420000000001892, 4.992576452316371 ], [ 35.67, 46.410698353713087, 4.99297645231627 ], [ 35.668609579844997, 46.409999999999854, 4.993076452316245 ], [ 35.656173038001725, 46.403753611000866, 4.99337645231617 ], [ 35.650000000003274, 46.400568943703547, 4.994276452316171 ], [ 35.649439960650852, 46.400280019677666, 4.997176452316353 ], [ 35.648897181159555, 46.400000000003274, 4.994476452316349 ], [ 35.639657312001873, 46.395233156003087, 4.995976452316199 ], [ 35.6395979664685, 46.395201016766805, 4.995976452316199 ], [ 35.630000000002838, 46.390003131062258, 4.999976452316332 ], [ 35.629994218455977, 46.390000000001237, 4.999976452316332 ], [ 35.629924663744532, 46.389962331875722, 4.999976452316332 ], [ 35.623518933000014, 46.386493236997921, 5.002676452316337 ], [ 35.612491019635854, 46.380000000001019, 5.012476452316378 ], [ 35.611125575002006, 46.3791960260005, 5.013676452316304 ], [ 35.610000000000582, 46.378472348056675, 5.015276452316357 ], [ 35.605200948999482, 46.375386842999433, 5.022176452316216 ], [ 35.599525145000371, 46.371431248002409, 5.033276452316386 ], [ 35.597671085988623, 46.370000000004438, 5.038376452316243 ], [ 35.594162875002439, 46.367291823004052, 5.020776452316341 ], [ 35.590000000000146, 46.363634953188011, 4.999976452316332 ], [ 35.585862074252873, 46.360000000002401, 4.979276452316299 ], [ 35.580108475782254, 46.354945762106581, 5.001076452316283 ], [ 35.580069310004546, 46.354911357002493, 5.001276452316233 ], [ 35.574871730937957, 46.350000000002183, 5.024376452316346 ], [ 35.573003054001674, 46.348234228004003, 5.014976452316205 ], [ 35.569999999999709, 46.345105750335279, 4.999976452316332 ], [ 35.565098944098281, 46.340000000000146, 4.975476452316343 ], [ 35.560575716754101, 46.335287858377342, 4.999976452316332 ], [ 35.55844388800142, 46.333066993001921, 5.011576452316376 ], [ 35.555691423453027, 46.330000000003565, 5.028476452316227 ], [ 35.554378835000534, 46.328537420004068, 5.021876452316292 ], [ 35.553955429350026, 46.328022285330007, 5.019776452316364 ], [ 35.549999999999272, 46.323209929138102, 4.999976452316332 ], [ 35.547361656661451, 46.320000000001528, 4.986776452316235 ], [ 35.545520898207542, 46.317760449104753, 4.999976452316332 ], [ 35.544482346000223, 46.316496899004051, 4.999976452316332 ], [ 35.538220153515795, 46.31000000000131, 4.999976452316332 ], [ 35.535546897961467, 46.307226551023632, 5.027776452316175 ], [ 35.534214850002172, 46.305844578002507, 5.021076452316265 ], [ 35.530000000000655, 46.300704029330518, 4.999976452316332 ], [ 35.529422750722006, 46.299999999999272, 4.997076452316378 ], [ 35.524960138000097, 46.294557273002283, 4.974776452316291 ], [ 35.523714416525763, 46.293142791741047, 4.968576452316256 ], [ 35.520946586890204, 46.290000000002692, 4.999976452316332 ], [ 35.518533806003688, 46.287260356002662, 5.027376452316275 ], [ 35.517663548836936, 46.286168225578876, 5.038276452316268 ], [ 35.515464604999579, 46.283408658000553, 5.0272764523163 ], [ 35.513272526832225, 46.280000000000655, 5.016376452316308 ], [ 35.511351937999279, 46.277013504999559, 5.006776452316217 ], [ 35.510000000000218, 46.274612248778794, 4.999976452316332 ], [ 35.507403244884699, 46.270000000000437, 4.999976452316332 ], [ 35.503580302725823, 46.263209848639235, 4.999976452316332 ], [ 35.503516083999784, 46.263095786000122, 4.999976452316332 ], [ 35.501527008467747, 46.260000000000218, 4.999976452316332 ], [ 35.497516673109203, 46.253758336553801, 4.999976452316332 ], [ 35.495101901775342, 46.25, 5.025476452316298 ], [ 35.493482035999477, 46.247478850000334, 5.017376452316284 ], [ 35.489999999999782, 46.241183653077314, 4.999976452316332 ], [ 35.489345290912752, 46.24000000000342, 4.999976452316332 ], [ 35.489095002043541, 46.23954750102348, 4.999976452316332 ], [ 35.483814032650116, 46.229999999999563, 4.999976452316332 ], [ 35.481449197919574, 46.225724598960369, 4.999976452316332 ], [ 35.479116210000939, 46.221506773999863, 5.030476452316179 ], [ 35.478388330673624, 46.220000000002983, 5.041976452316248 ], [ 35.476329499002532, 46.215738037999472, 5.031676452316333 ], [ 35.475050412745986, 46.212525206372447, 5.025276452316348 ], [ 35.474723363000521, 46.211703717001001, 5.02357645231632 ], [ 35.474146153614129, 46.210000000000946, 5.020776452316341 ], [ 35.473315349001496, 46.207547760001034, 5.016576452316258 ], [ 35.471424522234884, 46.200712261117587, 5.007076452316369 ], [ 35.471227497497239, 46.200000000002547, 5.006176452316367 ], [ 35.470943287002228, 46.198972555002911, 5.004676452316289 ], [ 35.469999999999345, 46.194696499018391, 4.999976452316332 ], [ 35.469066885658322, 46.190466557171021, 4.999976452316332 ], [ 35.468963964340219, 46.190000000000509, 4.999976452316332 ], [ 35.468835524143287, 46.18941776207248, 4.999976452316332 ], [ 35.466757989945108, 46.180000000000291, 4.999976452316332 ], [ 35.466108426000574, 46.177055433001442, 4.999976452316332 ], [ 35.464991262912008, 46.172504368543741, 4.999976452316332 ], [ 35.464376508247369, 46.17, 4.999976452316332 ], [ 35.46402042400041, 46.168549395002628, 4.999976452316332 ], [ 35.463502570175478, 46.166751285089049, 4.999976452316332 ], [ 35.462837426999613, 46.164441752001949, 4.999976452316332 ], [ 35.461372630308688, 46.159999999999854, 4.999976452316332 ], [ 35.459669187643158, 46.154834593820851, 4.999976452316332 ], [ 35.458979255001395, 46.152742488000513, 5.017476452316259 ], [ 35.458238030492794, 46.149999999999636, 5.041176452316222 ], [ 35.457409923001251, 46.146936049999567, 5.037076452316342 ], [ 35.45730438542887, 46.146347807285565, 5.036476452316265 ], [ 35.456697367002562, 46.142964422999285, 5.033476452316336 ], [ 35.45638790549674, 46.139999999999418, 5.031976452316258 ], [ 35.456277396002406, 46.138941397000963, 5.031376452316181 ], [ 35.456280097883791, 46.136859951060615, 5.031376452316181 ], [ 35.45628790000228, 46.130849433999174, 5.031476452316383 ], [ 35.456378924094679, 46.130000000002838, 5.031876452316283 ], [ 35.456718142000682, 46.126834429000155, 5.033576452316311 ], [ 35.456757003592429, 46.126621498206077, 5.03377645231626 ], [ 35.457440488000429, 46.122876544000974, 5.037176452316316 ], [ 35.458228843912366, 46.1200000000008, 5.041176452316222 ], [ 35.459022942000956, 46.117102504002105, 5.016176452316358 ], [ 35.459671588901983, 46.115164205548353, 4.999976452316332 ], [ 35.461399777828774, 46.110000000002401, 4.999976452316332 ], [ 35.462897974999578, 46.105523059999541, 4.999976452316332 ], [ 35.463574216904817, 46.103212891550356, 4.999976452316332 ], [ 35.464082247000988, 46.101477366004474, 4.999976452316332 ], [ 35.46446788787398, 46.100000000000364, 4.999976452316332 ], [ 35.46510656164719, 46.097553280822467, 4.999976452316332 ], [ 35.465161947000524, 46.097341103000872, 4.999976452316332 ], [ 35.466820767498575, 46.090000000001965, 4.999976452316332 ], [ 35.467143499732629, 46.088571749865878, 4.999976452316332 ], [ 35.469080401362589, 46.08, 4.999976452316332 ], [ 35.469999999999345, 46.075930320163025, 4.999976452316332 ], [ 35.470873800000845, 46.072063322000758, 5.004376452316365 ], [ 35.471275895084545, 46.070637947546857, 5.006376452316317 ], [ 35.471455858720219, 46.069999999999709, 5.007276452316319 ], [ 35.473123252000732, 46.064089309000337, 5.015576452316282 ], [ 35.473877031692609, 46.061938515847942, 5.019376452316237 ], [ 35.474445487001503, 46.060316516999592, 5.022276452316191 ], [ 35.474577916191265, 46.059999999999491, 5.022876452316268 ], [ 35.475945440000942, 46.056731502001639, 5.029776452316355 ], [ 35.477476375077458, 46.053738187540148, 5.037376452316266 ], [ 35.478234841002632, 46.052255220001825, 5.022576452316343 ], [ 35.479500793366242, 46.049999999999272, 4.999976452316332 ], [ 35.481801796238869, 46.045900898119726, 4.999976452316332 ], [ 35.483084539000629, 46.04361576699921, 4.999976452316332 ], [ 35.484767962383557, 46.040000000002692, 4.999976452316332 ], [ 35.48575593507303, 46.037877967535678, 4.999976452316332 ], [ 35.486288782003612, 46.036733483999342, 4.999976452316332 ], [ 35.489121705884827, 46.030000000000655, 4.999976452316332 ], [ 35.489274353543806, 46.029637176772667, 4.999976452316332 ], [ 35.489999999999782, 46.027912411474972, 4.999976452316332 ], [ 35.492246198002249, 46.022573497000849, 5.011276452316224 ], [ 35.492814494818958, 46.021407247410025, 5.014076452316203 ], [ 35.493500226441029, 46.020000000002256, 5.017476452316259 ], [ 35.493891359999907, 46.019197322000764, 5.019476452316212 ], [ 35.495688965002046, 46.015975553000317, 5.028476452316227 ], [ 35.497246564627858, 46.013623282313347, 5.036276452316315 ], [ 35.498354340999867, 46.011950329999308, 5.019476452316212 ], [ 35.499767477887872, 46.010000000000218, 4.999976452316332 ], [ 35.502488687357982, 46.006244343681828, 4.999976452316332 ], [ 35.503976404001151, 46.004191083000478, 4.999976452316332 ], [ 35.506597256517125, 46.000000000001819, 4.999976452316332 ], [ 35.507407769451675, 45.998703884728457, 4.999976452316332 ], [ 35.510000000000218, 45.994558571963353, 4.999976452316332 ], [ 35.511712019999322, 45.991820830000506, 5.00857645231622 ], [ 35.512221456370753, 45.991110728185959, 5.011076452316274 ], [ 35.51301830736702, 45.989999999999782, 5.01507645231618 ], [ 35.515927173000819, 45.985945341002662, 5.02967645231638 ], [ 35.517778499328415, 45.98388924966639, 5.038876452316345 ], [ 35.519125732000248, 45.982393007003338, 5.023976452316219 ], [ 35.521523479912503, 45.980000000001382, 4.999976452316332 ], [ 35.524352715983696, 45.977176357991993, 4.999976452316332 ], [ 35.530000000000655, 45.971540239983369, 4.999976452316332 ], [ 35.53102818196021, 45.970514090979123, 5.005176452316164 ], [ 35.531078284000614, 45.9704640880027, 5.005376452316341 ], [ 35.531575388407873, 45.969999999999345, 5.007876452316168 ], [ 35.536470029999691, 45.965430448000916, 5.032376452316385 ], [ 35.538238113622356, 45.964119056810887, 5.041176452316222 ], [ 35.54255765400012, 45.960915245001161, 5.009176452316296 ], [ 35.543904818534429, 45.960000000000946, 4.999976452316332 ], [ 35.546488866679283, 45.958244433339132, 4.999976452316332 ], [ 35.549999999999272, 45.955859017794864, 4.999976452316332 ], [ 35.553927904002194, 45.953190453999923, 4.999976452316332 ], [ 35.558136874689808, 45.950000000002547, 4.999976452316332 ], [ 35.55865625899969, 45.949606300002415, 4.999976452316332 ], [ 35.562558751140386, 45.946279375570157, 4.999976452316332 ], [ 35.563113390999206, 45.945806538000397, 4.999976452316332 ], [ 35.568995595660454, 45.940000000000509, 4.999976452316332 ], [ 35.569999999999709, 45.939008515970272, 4.999976452316332 ], [ 35.573917629002608, 45.935141281999677, 5.019576452316187 ], [ 35.57627239964313, 45.933136199821092, 5.031376452316181 ], [ 35.579955556044297, 45.93000000000211, 4.999976452316332 ], [ 35.583671597411012, 45.926835798703905, 4.999976452316332 ], [ 35.58515280100255, 45.925574557002619, 4.999976452316332 ], [ 35.590000000000146, 45.921056337767368, 4.999976452316332 ], [ 35.59047501400164, 45.920613563001098, 5.002376452316184 ], [ 35.591171037051026, 45.92, 5.005876452316215 ], [ 35.595929355000408, 45.91580541499934, 5.02967645231638 ], [ 35.598238896320254, 45.914119448159909, 5.041176452316222 ], [ 35.59988899900236, 45.912914872000329, 5.029176452316278 ], [ 35.604487487120423, 45.910000000001673, 4.999976452316332 ], [ 35.606918313811548, 45.908459156906247, 4.999976452316332 ], [ 35.610000000000582, 45.90650574949359, 4.999976452316332 ], [ 35.614718718999939, 45.903514666000774, 5.02357645231632 ], [ 35.61582444771193, 45.902912223860767, 5.029076452316303 ], [ 35.621169574320447, 45.899999999999636, 4.999976452316332 ], [ 35.62539531667062, 45.897697658334437, 4.999976452316332 ], [ 35.628610931002186, 45.89594567200038, 4.999976452316332 ], [ 35.630000000002838, 45.895127208159465, 4.999976452316332 ], [ 35.633803742999589, 45.892885976001708, 4.999976452316332 ], [ 35.638187938977353, 45.890000000001237, 4.999976452316332 ], [ 35.638813359000778, 45.889588305999496, 4.999976452316332 ], [ 35.64296370278862, 45.886481851392091, 4.999976452316332 ], [ 35.643530638004449, 45.886057510999308, 4.999976452316332 ], [ 35.650000000003274, 45.880542619785047, 4.999976452316332 ], [ 35.650401208624316, 45.880200604313359, 5.001976452316285 ], [ 35.650636531834607, 45.8799999999992, 5.003176452316211 ], [ 35.655094436000581, 45.876199801999974, 5.025476452316298 ], [ 35.658142727419545, 45.874071363708936, 5.040676452316347 ], [ 35.661224707002475, 45.871919403001812, 5.019176452316287 ], [ 35.664243041166628, 45.8700000000008, 4.999976452316332 ], [ 35.666777104215726, 45.868388552109536, 4.999976452316332 ], [ 35.67, 45.866339065370994, 4.999976452316332 ], [ 35.673730456999692, 45.863966813001753, 5.018676452316186 ], [ 35.675722971698633, 45.862861485851681, 5.028576452316202 ], [ 35.680881220647279, 45.860000000002401, 4.999976452316332 ], [ 35.686706268999842, 45.85676861399952, 4.999976452316332 ], [ 35.690000000000509, 45.854847906644864, 4.999976452316332 ], [ 35.693041835002077, 45.853074090002337, 5.015176452316382 ], [ 35.694523775418929, 45.852261887708664, 5.022576452316343 ], [ 35.698650804908539, 45.850000000000364, 4.999976452316332 ], [ 35.705967512001735, 45.845989956000267, 4.999976452316332 ], [ 35.709999999999127, 45.843501845574792, 4.999976452316332 ], [ 35.713134999807153, 45.841567499903249, 5.015676452316256 ], [ 35.715675451578136, 45.840000000001965, 4.999976452316332 ], [ 35.716276122999261, 45.83962937600154, 4.999976452316332 ], [ 35.720398441002544, 45.83707498500371, 4.999976452316332 ], [ 35.721988852919822, 45.835994426459365, 4.999976452316332 ], [ 35.724379947003399, 45.834369868001886, 4.999976452316332 ], [ 35.729932195581569, 45.83, 4.999976452316332 ], [ 35.729958536709091, 45.829979268353782, 4.999976452316332 ], [ 35.729999999999563, 45.829946634888984, 4.999976452316332 ], [ 35.735661814002015, 45.825490533999982, 5.028276452316277 ], [ 35.737949963455321, 45.823974981727588, 5.039776452316346 ], [ 35.739735806999306, 45.822792131000824, 5.027876452316377 ], [ 35.744534472460145, 45.820000000001528, 4.999976452316332 ], [ 35.747060468942436, 45.818530234470018, 4.999976452316332 ], [ 35.75, 45.816819851477703, 4.999976452316332 ], [ 35.754951619999702, 45.813938723002138, 5.024776452316246 ], [ 35.756403383384168, 45.813201691691575, 5.031976452316258 ], [ 35.759615000000849, 45.811571218002427, 5.015676452316256 ], [ 35.762914138949782, 45.809999999999491, 4.999976452316332 ], [ 35.766543257657759, 45.808271628829971, 4.999976452316332 ], [ 35.770000000000437, 45.806625352064657, 4.999976452316332 ], [ 35.774938002001363, 45.804273624002235, 4.999976452316332 ], [ 35.780388862001928, 45.801415747002466, 4.999976452316332 ], [ 35.782854106673767, 45.800000000001091, 4.999976452316332 ], [ 35.786179997665386, 45.798089998834257, 4.999976452316332 ], [ 35.790000000000873, 45.795896238141722, 4.999976452316332 ], [ 35.792538108002191, 45.794438647000788, 5.012676452316327 ], [ 35.795639945439689, 45.79281997272119, 5.028176452316302 ], [ 35.80104381023375, 45.790000000002692, 4.999976452316332 ], [ 35.805426178054404, 45.787713089026511, 4.999976452316332 ], [ 35.81000000000131, 45.785326268924109, 4.999976452316332 ], [ 35.813338879001094, 45.783583895999982, 5.016676452316233 ], [ 35.815299082267302, 45.782649541133651, 5.026476452316274 ], [ 35.820857611863175, 45.780000000000655, 4.999976452316332 ], [ 35.830000000001746, 45.775642168851846, 4.999976452316332 ], [ 35.834806828999717, 45.773350935001872, 5.024076452316194 ], [ 35.835834114268437, 45.77291705713651, 5.029176452316278 ], [ 35.842740780961321, 45.770000000002256, 4.999976452316332 ], [ 35.846675940547357, 45.768337970275752, 4.999976452316332 ], [ 35.850000000004002, 45.766934041032073, 4.999976452316332 ], [ 35.850402768999629, 45.766763930001616, 4.999976452316332 ], [ 35.862461153001277, 45.761332894002408, 4.999976452316332 ], [ 35.865131320395449, 45.760000000000218, 4.999976452316332 ], [ 35.867567658138796, 45.758783829069216, 4.999976452316332 ], [ 35.870000000004438, 45.757569652801976, 4.999976452316332 ], [ 35.874342612001783, 45.75540190799984, 4.999976452316332 ], [ 35.880088704001537, 45.75232987200252, 4.999976452316332 ], [ 35.884217139469911, 45.750000000001819, 4.999976452316332 ], [ 35.889999999999418, 45.74673645744042, 4.999976452316332 ], [ 35.892789667001125, 45.745162115999847, 5.013976452316228 ], [ 35.896550771809416, 45.743275385902962, 5.032776452316284 ], [ 35.897635569999693, 45.742731205002201, 5.0272764523163 ], [ 35.903815281597417, 45.739999999999782, 4.999976452316332 ], [ 35.907098169145684, 45.738549084573606, 4.999976452316332 ], [ 35.909999999999854, 45.737266582173106, 4.999976452316332 ], [ 35.914700762999928, 45.735189017999801, 5.023476452316345 ], [ 35.918020151819292, 45.734010075910192, 5.040076452316271 ], [ 35.919771148999644, 45.73338817700278, 5.033876452316235 ], [ 35.925022713001454, 45.731809263999821, 5.018076452316336 ], [ 35.930000000000291, 45.730510301827962, 5.005076452316189 ], [ 35.930670586878477, 45.730335293439566, 5.003376452316388 ], [ 35.931955344596645, 45.730000000001382, 4.999976452316332 ], [ 35.941178913002659, 45.727592851999361, 4.999976452316332 ], [ 35.943697954591698, 45.726848977295958, 4.999976452316332 ], [ 35.950000000000728, 45.72498797897606, 4.999976452316332 ], [ 35.954308185000627, 45.723715768999682, 5.021576452316367 ], [ 35.956339260394088, 45.723169630198754, 5.031676452316333 ], [ 35.959707877002074, 45.722263838000799, 5.022676452316318 ], [ 35.969401444808682, 45.719999999999345, 4.999976452316332 ], [ 35.970000000001164, 45.719860213288484, 4.999976452316332 ], [ 35.982422084003701, 45.716959157000019, 4.999976452316332 ], [ 35.983388237564213, 45.716694118780651, 4.999976452316332 ], [ 35.988106067999979, 45.715399909002372, 4.999976452316332 ], [ 35.990000000001601, 45.714791383297779, 4.999976452316332 ], [ 35.994340635001208, 45.713396725001076, 4.999976452316332 ], [ 36.000409364001825, 45.711170579999816, 4.999976452316332 ], [ 36.003246574333389, 45.710000000000946, 4.999976452316332 ], [ 36.006946751775104, 45.708473375889298, 4.999976452316332 ], [ 36.010000000002037, 45.707213662686627, 4.999976452316332 ], [ 36.013900485999329, 45.705604395001501, 5.019476452316212 ], [ 36.018142037479265, 45.704071018741161, 5.040676452316347 ], [ 36.019098608001514, 45.703725206003583, 5.037276452316291 ], [ 36.030000000002474, 45.700442271645443, 5.004376452316365 ], [ 36.030552047242963, 45.700276023620972, 5.002776452316311 ], [ 36.031468618019062, 45.700000000002547, 4.999976452316332 ], [ 36.037687944999561, 45.698127060999468, 4.999976452316332 ], [ 36.042836587324928, 45.696418293664465, 4.999976452316332 ], [ 36.045334979000472, 45.695589110000583, 4.999976452316332 ], [ 36.049999999999272, 45.693838481109196, 4.999976452316332 ], [ 36.054385496863688, 45.692192748430898, 5.021976452316267 ], [ 36.060228664155147, 45.690000000000509, 4.999976452316332 ], [ 36.069999999999709, 45.686333139159615, 4.999976452316332 ], [ 36.074669764999271, 45.684580729999652, 5.02337645231637 ], [ 36.077388949815941, 45.683694474908407, 5.036976452316367 ], [ 36.079739180000615, 45.682928472002459, 5.029276452316253 ], [ 36.090000000000146, 45.680144965017462, 5.001476452316183 ], [ 36.09053438340743, 45.68000000000211, 4.999976452316332 ], [ 36.101056956002139, 45.677145486000882, 4.999976452316332 ], [ 36.106313912003316, 45.675533867999548, 4.999976452316332 ], [ 36.110000000000582, 45.674297356134048, 4.999976452316332 ], [ 36.115143739410996, 45.672571869707099, 5.025676452316247 ], [ 36.119384592000642, 45.671149260002494, 5.011476452316174 ], [ 36.12314394603527, 45.67, 4.999976452316332 ], [ 36.127398629112577, 45.668699314557671, 4.999976452316332 ], [ 36.130000000001019, 45.66790405784559, 4.999976452316332 ], [ 36.140787520600497, 45.664606239699424, 4.999976452316332 ], [ 36.150000000001455, 45.661789922321987, 5.017876452316386 ], [ 36.152221555505093, 45.661110777753493, 5.011076452316274 ], [ 36.155855029923259, 45.660000000001673, 4.999976452316332 ], [ 36.160419021000052, 45.65860475700174, 4.999976452316332 ], [ 36.164526174183266, 45.65726308709236, 4.999976452316332 ], [ 36.170000000001892, 45.655474970824798, 4.999976452316332 ], [ 36.173576560000583, 45.654306628000995, 5.017876452316386 ], [ 36.176756343902525, 45.653378171951772, 5.03377645231626 ], [ 36.178892287001872, 45.652754504004406, 5.027576452316225 ], [ 36.190000000002328, 45.650075826146349, 5.000776452316359 ], [ 36.190314429395585, 45.649999999999636, 4.999976452316332 ], [ 36.198004458001378, 45.64814551299969, 4.999976452316332 ], [ 36.203362815598666, 45.646681407799406, 4.999976452316332 ], [ 36.209999999999127, 45.644867878925652, 4.999976452316332 ], [ 36.216295449703466, 45.643147724849769, 5.031476452316383 ], [ 36.219050190002235, 45.642395025999576, 5.023976452316219 ], [ 36.229999999999563, 45.640052827651743, 5.000576452316182 ], [ 36.230073998351145, 45.640036999177028, 5.000376452316232 ], [ 36.230246970011649, 45.640000000001237, 4.999976452316332 ], [ 36.24106849600139, 45.637685241999861, 4.999976452316332 ], [ 36.24395031356471, 45.636975156781773, 4.999976452316332 ], [ 36.25, 45.635484502767213, 4.999976452316332 ], [ 36.254523240000708, 45.634369968000101, 5.022576452316343 ], [ 36.257485659676604, 45.63374282984114, 5.037476452316241 ], [ 36.260086114001751, 45.633192318999136, 5.031876452316283 ], [ 36.270000000000437, 45.631601290077015, 5.015976452316181 ], [ 36.271779196000352, 45.631315755999822, 5.013176452316202 ], [ 36.272455317614003, 45.631227658810531, 5.0122764523162 ], [ 36.281877259689281, 45.6299999999992, 4.999976452316332 ], [ 36.290000000000873, 45.628941624394429, 4.999976452316332 ], [ 36.296329409000464, 45.628116915999271, 4.999976452316332 ], [ 36.303741023470138, 45.626870511734523, 4.999976452316332 ], [ 36.308652495999922, 45.626044553999236, 4.999976452316332 ], [ 36.31000000000131, 45.625734061613912, 4.999976452316332 ], [ 36.322114390999559, 45.622942659001637, 4.999976452316332 ], [ 36.32622726446607, 45.621886367767729, 4.999976452316332 ], [ 36.330000000001746, 45.62091743266501, 5.009176452316296 ], [ 36.331212211442107, 45.620606105723709, 5.006076452316165 ], [ 36.333572200865092, 45.6200000000008, 4.999976452316332 ], [ 36.340136628003165, 45.618314086999817, 4.999976452316332 ], [ 36.344185450936493, 45.617092725467955, 4.999976452316332 ], [ 36.350000000002183, 45.615338717776467, 4.999976452316332 ], [ 36.353555113002585, 45.614266287999271, 5.017776452316184 ], [ 36.356769674230236, 45.613384837115518, 5.033876452316235 ], [ 36.358948087001409, 45.612787504001972, 5.027876452316377 ], [ 36.370000000002619, 45.610317236776609, 5.003176452316211 ], [ 36.370438466125051, 45.610219233061798, 5.002176452316235 ], [ 36.371419309292833, 45.610000000002401, 4.999976452316332 ], [ 36.378343746999235, 45.608452284999657, 4.999976452316332 ], [ 36.384105493063544, 45.607052746530826, 4.999976452316332 ], [ 36.389999999999418, 45.605620960210217, 4.999976452316332 ], [ 36.394522841001162, 45.604522354002256, 5.022576452316343 ], [ 36.397726194147253, 45.603863097076101, 5.038676452316167 ], [ 36.400060937001399, 45.603382602001147, 5.03377645231626 ], [ 36.405796061999354, 45.602447625002242, 5.024476452316321 ], [ 36.409999999999854, 45.60193963893289, 5.019376452316237 ], [ 36.413124238390083, 45.601562119196387, 5.015576452316282 ], [ 36.417684893003752, 45.601011029000801, 5.010076452316298 ], [ 36.428910857981464, 45.600000000000364, 4.999976452316332 ], [ 36.430000000000291, 45.599901910065455, 4.999976452316332 ], [ 36.442123040000297, 45.598810089002654, 4.999976452316332 ], [ 36.446635569835053, 45.598317784915707, 4.999976452316332 ], [ 36.450000000000728, 45.597950735216727, 4.999976452316332 ], [ 36.454150725001455, 45.597497903001567, 4.999976452316332 ], [ 36.455343329154857, 45.597328335425118, 4.999976452316332 ], [ 36.460000962000777, 45.596666101000665, 4.999976452316332 ], [ 36.465692950003358, 45.595664324000609, 4.999976452316332 ], [ 36.470000000001164, 45.594765117606585, 4.999976452316332 ], [ 36.474024057999486, 45.593924993001565, 5.020076452316289 ], [ 36.476904800903867, 45.593452400453316, 5.034476452316312 ], [ 36.485627965999811, 45.59202134500083, 5.020176452316264 ], [ 36.490000000001601, 45.591514416630162, 5.015176452316382 ], [ 36.492458676315437, 45.591229338158882, 5.0122764523162 ], [ 36.503061176634219, 45.590000000001965, 4.999976452316332 ], [ 36.510000000002037, 45.589195457669121, 4.999976452316332 ], [ 36.522984564999206, 45.587689924001097, 4.999976452316332 ], [ 36.524841652653777, 45.587420826330344, 4.999976452316332 ], [ 36.529320684001505, 45.586771800999486, 4.999976452316332 ], [ 36.530000000002474, 45.586655250695912, 4.999976452316332 ], [ 36.540184057976148, 45.584907971013308, 4.999976452316332 ], [ 36.549999999999272, 45.583223849012938, 5.032276452316182 ], [ 36.550496560999818, 45.583138653999413, 5.031376452316181 ], [ 36.5549757431545, 45.58248787157936, 5.024876452316221 ], [ 36.556830191002518, 45.582218438001291, 5.022176452316216 ], [ 36.569999999999709, 45.580682008614531, 5.006776452316217 ], [ 36.575845971976378, 45.58, 4.999976452316332 ], [ 36.587322279205182, 45.578661139603355, 4.999976452316332 ], [ 36.590000000000146, 45.578348748671488, 4.999976452316332 ], [ 36.594174036999902, 45.577861793002739, 4.999976452316332 ], [ 36.594326521464609, 45.577836739266786, 4.999976452316332 ], [ 36.605797762002112, 45.575951974002237, 4.999976452316332 ], [ 36.610000000000582, 45.575079183698108, 4.999976452316332 ], [ 36.614167077999809, 45.574213696003426, 5.020876452316315 ], [ 36.617328787606311, 45.573664393803483, 5.036676452316215 ], [ 36.619901785001275, 45.573217372000727, 5.032176452316207 ], [ 36.62581367200255, 45.572396578001644, 5.023976452316219 ], [ 36.630000000001019, 45.571963531516303, 5.019676452316162 ], [ 36.638045109002633, 45.571131320999484, 5.011276452316224 ], [ 36.649487824890457, 45.570256087556118, 5.002576452316362 ], [ 36.650000000001455, 45.570216912174146, 5.002176452316235 ], [ 36.650376264680744, 45.570188132343901, 5.00187645231631 ], [ 36.652835888375193, 45.570000000001528, 4.999976452316332 ], [ 36.66772267165652, 45.568861335830661, 4.999976452316332 ], [ 36.669909201000337, 45.568694092000442, 4.999976452316332 ], [ 36.670000000001892, 45.56868493777074, 4.999976452316332 ], [ 36.682792446999883, 45.567395221001789, 4.999976452316332 ], [ 36.684373472447987, 45.567186736223448, 4.999976452316332 ], [ 36.689202376999674, 45.566549963999933, 4.999976452316332 ], [ 36.690000000002328, 45.566418946145859, 4.999976452316332 ], [ 36.700666163995265, 45.564666918005969, 4.999976452316332 ], [ 36.709999999999127, 45.56313373856392, 5.031376452316181 ], [ 36.710516537003059, 45.563048891999642, 5.030476452316179 ], [ 36.714862204171368, 45.56243110208743, 5.024276452316371 ], [ 36.716870022999501, 45.562145666001015, 5.021476452316165 ], [ 36.729999999999563, 45.560623268498603, 5.006276452316342 ], [ 36.735375403610306, 45.559999999999491, 4.999976452316332 ], [ 36.747247015411631, 45.558623507704397, 4.999976452316332 ], [ 36.75, 45.558304304035119, 4.999976452316332 ], [ 36.754247284003213, 45.557811839000351, 4.999976452316332 ], [ 36.762824077894038, 45.55641203894811, 4.999976452316332 ], [ 36.765869501001362, 45.55591500200353, 4.999976452316332 ], [ 36.770000000000437, 45.555069468069632, 4.999976452316332 ], [ 36.774237009003627, 45.554202131001148, 5.02117645231624 ], [ 36.777352719493138, 45.55367635975017, 5.03677645231619 ], [ 36.779970449002576, 45.553234622000673, 5.032376452316385 ], [ 36.785881056002836, 45.552455657001701, 5.024576452316296 ], [ 36.790000000000873, 45.552030436016139, 5.020276452316239 ], [ 36.791936806002923, 45.551830488999258, 5.018276452316286 ], [ 36.793441666790386, 45.551720833396757, 5.017176452316335 ], [ 36.804374650999307, 45.550924172999657, 5.009276452316271 ], [ 36.81000000000131, 45.550695023262961, 5.006976452316167 ], [ 36.811285330149985, 45.550642665075429, 5.006476452316292 ], [ 36.827061980653525, 45.550000000001091, 4.999976452316332 ], [ 36.829778670195083, 45.549889335099579, 4.999976452316332 ], [ 36.830000000001746, 45.549880319182193, 4.999976452316332 ], [ 36.848272010243818, 45.54913600512009, 4.999976452316332 ], [ 36.849189156000648, 45.549098645000413, 4.999976452316332 ], [ 36.850000000002183, 45.54904601688213, 4.999976452316332 ], [ 36.866013331762588, 45.548006665880166, 4.999976452316332 ], [ 36.867961088999436, 45.547880246002023, 4.999976452316332 ], [ 36.870000000002619, 45.547662482727901, 4.999976452316332 ], [ 36.876994651000132, 45.54691542799992, 4.999976452316332 ], [ 36.882231755354951, 45.546115877679767, 4.999976452316332 ], [ 36.885670942003344, 45.545590816000185, 4.999976452316332 ], [ 36.889999999999418, 45.544754402651961, 4.999976452316332 ], [ 36.894054735001191, 45.543970991000606, 5.020276452316239 ], [ 36.896993546670274, 45.543496773336301, 5.034976452316187 ], [ 36.899798553002256, 45.543044147003457, 5.030476452316179 ], [ 36.905721103003089, 45.542294729002606, 5.022976452316243 ], [ 36.909999999999854, 45.541917037824533, 5.019176452316287 ], [ 36.91325878117641, 45.541629390589151, 5.016276452316333 ], [ 36.917986394002583, 45.541212092002752, 5.012076452316251 ], [ 36.930000000000291, 45.540566542420493, 5.005676452316266 ], [ 36.930658649001998, 45.540531149999879, 5.005276452316366 ], [ 36.931037912563625, 45.54051895628254, 5.005176452316164 ], [ 36.94360050099931, 45.540115055999195, 5.001176452316258 ], [ 36.950000000000728, 45.540002680027101, 5.000076452316307 ], [ 36.950005178196079, 45.540002589099458, 4.999976452316332 ], [ 36.950152620107474, 45.540000000002692, 4.999976452316332 ], [ 36.960014055999636, 45.539826832000472, 4.999976452316332 ], [ 36.969999999999345, 45.53977779419256, 4.999976452316332 ], [ 36.989365393741537, 45.53968269687357, 4.999976452316332 ], [ 36.989999999999782, 45.539679580520897, 4.999976452316332 ], [ 36.99064719530179, 45.539676402351688, 4.999976452316332 ], [ 36.996551536001789, 45.539647408000747, 4.999976452316332 ], [ 37.010000000000218, 45.539725452068524, 4.999976452316332 ], [ 37.029679309911444, 45.539839654957177, 4.999976452316332 ], [ 37.029884204999689, 45.539840844001446, 4.999976452316332 ], [ 37.030000000002474, 45.539843693926741, 4.999976452316332 ], [ 37.030297946168503, 45.53985102691513, 4.999976452316332 ], [ 37.03635085949827, 45.540000000002692, 4.999976452316332 ], [ 37.05000000000291, 45.540335929899811, 5.003376452316388 ], [ 37.050706643321973, 45.540353321663133, 5.003576452316338 ], [ 37.056447034001394, 45.540494603001207, 5.004976452316214 ], [ 37.069639346002077, 45.541183159000866, 5.011876452316301 ], [ 37.070000000003347, 45.5412117738706, 5.012076452316251 ], [ 37.072880660160081, 45.54144033008015, 5.014376452316355 ], [ 37.07946918199741, 45.541963074001615, 5.019676452316162 ], [ 37.089223028004199, 45.543057027000032, 5.030576452316382 ], [ 37.090000000000146, 45.543173317790206, 5.031776452316308 ], [ 37.099058128029355, 45.544529064016388, 4.999976452316332 ], [ 37.11000000000422, 45.546166753565558, 4.999976452316332 ], [ 37.110840963001465, 45.546292622002511, 4.999976452316332 ], [ 37.1205785200018, 45.547434878000786, 4.999976452316332 ], [ 37.125796626836745, 45.547898313421683, 4.999976452316332 ], [ 37.130000000001019, 45.548271627356371, 4.999976452316332 ], [ 37.130379174999689, 45.548305303002053, 4.999976452316332 ], [ 37.149071447467577, 45.549535723734152, 4.999976452316332 ], [ 37.149999999999636, 45.549596845798078, 4.999976452316332 ], [ 37.156124627115787, 45.550000000001091, 4.999976452316332 ], [ 37.163217514003918, 45.55046688999937, 5.004676452316289 ], [ 37.170000000001892, 45.551050825502898, 5.010476452316198 ], [ 37.172538806051307, 45.551269403025799, 5.012676452316327 ], [ 37.179558281000936, 45.55187374200068, 5.018776452316388 ], [ 37.189273833002517, 45.553094517999853, 5.030976452316281 ], [ 37.190000000000509, 45.553218387114612, 5.032176452316207 ], [ 37.199769841063244, 45.554884920535187, 4.999976452316332 ], [ 37.210000000002765, 45.556629974684256, 4.999976452316332 ], [ 37.21077801499996, 45.556762688000163, 4.999976452316332 ], [ 37.229022967412675, 45.559511483703318, 4.999976452316332 ], [ 37.230000000001382, 45.559658684036549, 4.999976452316332 ], [ 37.232265462498617, 45.559999999999491, 4.999976452316332 ], [ 37.242986765004389, 45.561615278003956, 5.016176452316358 ], [ 37.245703580265399, 45.562148209866791, 5.021476452316165 ], [ 37.250000000003638, 45.562990997750603, 5.02987645231633 ], [ 37.256494703000499, 45.564265001999956, 5.010176452316273 ], [ 37.26023335183163, 45.565116675916215, 4.999976452316332 ], [ 37.270000000002256, 45.567341543737712, 4.999976452316332 ], [ 37.273652716094148, 45.568173641951944, 4.999976452316332 ], [ 37.281669999774749, 45.570000000001528, 4.999976452316332 ], [ 37.283330512002067, 45.570378268999775, 5.003776452316288 ], [ 37.287269312149874, 45.571365343928846, 5.013676452316304 ], [ 37.290000000004511, 45.572049662352583, 5.020476452316188 ], [ 37.296687394000401, 45.573725543003093, 5.003776452316288 ], [ 37.298407266820504, 45.574203633412253, 4.999976452316332 ], [ 37.31000000000131, 45.577426182471754, 4.999976452316332 ], [ 37.31330833339598, 45.578345833302592, 4.999976452316332 ], [ 37.319258999403246, 45.58, 4.999976452316332 ], [ 37.320117935003509, 45.580238766999173, 5.002376452316184 ], [ 37.326002366045941, 45.581998816980558, 5.019976452316314 ], [ 37.3294850580005, 45.583040500001516, 5.030376452316204 ], [ 37.33, 45.583216980392535, 5.032176452316207 ], [ 37.336400981001134, 45.585410718000276, 5.022076452316242 ], [ 37.348073557741372, 45.590000000001965, 5.009676452316171 ], [ 37.350000000002183, 45.590757415178814, 5.007576452316243 ], [ 37.350080118003461, 45.590788915002122, 5.007476452316268 ], [ 37.362649787055489, 45.596324893525889, 4.999976452316332 ], [ 37.363609101003021, 45.596747398001753, 4.999976452316332 ], [ 37.3700000000008, 45.599791263952284, 4.999976452316332 ], [ 37.370213807274922, 45.599893096363303, 4.998976452316356 ], [ 37.370438262081734, 45.600000000000364, 4.999976452316332 ], [ 37.383679607999511, 45.606306605999634, 4.999976452316332 ], [ 37.390000000003056, 45.609494796541185, 4.999976452316332 ], [ 37.39100153484469, 45.610000000002401, 4.999976452316332 ], [ 37.403420801003449, 45.61626464100118, 4.999976452316332 ], [ 37.410000000001673, 45.619777300400528, 4.999976452316332 ], [ 37.410417115585005, 45.6200000000008, 4.999976452316332 ], [ 37.416568571859898, 45.623284285929913, 4.999976452316332 ], [ 37.422542768003041, 45.626473932001318, 5.001976452316285 ], [ 37.42867276807192, 45.6299999999992, 5.006676452316242 ], [ 37.430000000003929, 45.630763443718024, 5.007676452316218 ], [ 37.434645686002114, 45.633435711999482, 5.011176452316249 ], [ 37.440393590000895, 45.636981640001977, 5.017876452316386 ], [ 37.444869150760496, 45.640000000001237, 5.025676452316247 ], [ 37.450000000002547, 45.643460292678355, 4.999976452316332 ], [ 37.459696940550202, 45.649999999999636, 4.999976452316332 ], [ 37.464083426184516, 45.652958286909779, 5.029576452316178 ], [ 37.466651514998375, 45.654690229999687, 5.016776452316208 ], [ 37.469999999999345, 45.65729484563235, 4.999976452316332 ], [ 37.473477737255962, 45.660000000001673, 4.98257645231638 ], [ 37.479736060200594, 45.664868030102298, 4.999976452316332 ], [ 37.483287090004524, 45.667630195001038, 5.009876452316348 ], [ 37.486202947286074, 45.67, 5.018976452316338 ], [ 37.49000000000342, 45.673085979058669, 4.999976452316332 ], [ 37.495110432000729, 45.677239381000618, 4.974476452316367 ], [ 37.495273367083428, 45.677363316459378, 4.97367645231634 ], [ 37.498739753957125, 45.68000000000211, 4.999976452316332 ], [ 37.5004188540006, 45.681277195999428, 4.999976452316332 ], [ 37.510000000000218, 45.687905557235354, 4.999976452316332 ], [ 37.511674814999424, 45.689064216001498, 4.991576452316167 ], [ 37.51175928909106, 45.689120355458726, 4.991176452316267 ], [ 37.513082906702039, 45.690000000000509, 4.984576452316333 ], [ 37.52244911458547, 45.696224557290407, 4.999976452316332 ], [ 37.52813009390411, 45.700000000002547, 5.009376452316246 ], [ 37.530000000004293, 45.701242694780376, 5.012476452316378 ], [ 37.534825545999411, 45.704449637001744, 5.020376452316214 ], [ 37.540357979003602, 45.708461782000086, 5.032876452316259 ], [ 37.542312507586757, 45.710000000000946, 5.038476452316218 ], [ 37.54529909662233, 45.712350451689417, 5.023476452316345 ], [ 37.545641781003724, 45.712620145000983, 5.021776452316317 ], [ 37.550000000001091, 45.716393504073494, 4.999976452316332 ], [ 37.554165492545508, 45.719999999999345, 4.979176452316324 ], [ 37.55985912077449, 45.724929560386954, 4.999976452316332 ], [ 37.56227013300304, 45.727017022001746, 5.00877645231617 ], [ 37.565500794515174, 45.730000000001382, 5.022476452316369 ], [ 37.570000000003347, 45.734154267143822, 4.999976452316332 ], [ 37.57633111747964, 45.739999999999782, 4.968376452316306 ], [ 37.577977879998798, 45.74152051099918, 4.975276452316166 ], [ 37.584076161767371, 45.747038080884522, 4.999976452316332 ], [ 37.587349816247297, 45.750000000001819, 5.013276452316177 ], [ 37.590000000001965, 45.752397818701866, 4.999976452316332 ], [ 37.593201440000485, 45.755294400001731, 4.983976452316256 ], [ 37.595469025001876, 45.757265487500263, 4.972676452316364 ], [ 37.59861487192029, 45.760000000000218, 4.999976452316332 ], [ 37.601147989003948, 45.762201899999127, 5.021976452316267 ], [ 37.602687271692048, 45.763656364157214, 5.03657645231624 ], [ 37.604943724001714, 45.765788479999173, 5.025276452316348 ], [ 37.607623735002562, 45.768661303000044, 5.011876452316301 ], [ 37.608757039623015, 45.770000000002256, 5.006176452316367 ], [ 37.609126696966996, 45.770436651519049, 5.004376452316365 ], [ 37.61000000000422, 45.771468226026627, 4.999976452316332 ], [ 37.615389956999934, 45.777835021999636, 4.999976452316332 ], [ 37.617336245968545, 45.780000000000655, 4.999976452316332 ], [ 37.623326367223854, 45.786663183611381, 4.999976452316332 ], [ 37.626326124689513, 45.790000000002692, 5.018376452316261 ], [ 37.627848780000932, 45.79169374400044, 5.01077645231635 ], [ 37.630000000002838, 45.794246112218389, 4.999976452316332 ], [ 37.634849566140474, 45.800000000001091, 4.975776452316268 ], [ 37.639341312560646, 45.805329343720587, 5.006576452316267 ], [ 37.639412206000998, 45.805413457001123, 5.007076452316369 ], [ 37.64301171938132, 45.809999999999491, 5.034976452316187 ], [ 37.645282796003812, 45.812893833000999, 5.02357645231632 ], [ 37.647688672002914, 45.816388151004503, 5.011576452316376 ], [ 37.649979410898595, 45.819989705451007, 5.000076452316307 ], [ 37.649985958665638, 45.820000000001528, 5.000076452316307 ], [ 37.649999999999636, 45.820022076126406, 4.999976452316332 ], [ 37.6545269690032, 45.82713948500168, 4.999976452316332 ], [ 37.656411644471518, 45.83, 4.999976452316332 ], [ 37.659561475631563, 45.83478073781589, 4.999976452316332 ], [ 37.661511736001557, 45.837740795999707, 5.019876452316339 ], [ 37.662867214270591, 45.840000000001965, 5.035676452316238 ], [ 37.664779873997759, 45.843187869999383, 5.026076452316374 ], [ 37.667591073679432, 45.848795536841862, 5.012076452316251 ], [ 37.668194887448408, 45.850000000000364, 5.008976452316347 ], [ 37.668616229002509, 45.85084047500095, 5.006876452316192 ], [ 37.670000000003711, 45.853931422912865, 4.999976452316332 ], [ 37.672219902400684, 45.858890048801186, 4.988876452316163 ], [ 37.672716810895508, 45.860000000002401, 4.986376452316335 ], [ 37.673500334518394, 45.861750167256105, 4.999976452316332 ], [ 37.675651121002375, 45.866554408001321, 4.999976452316332 ], [ 37.677360797364599, 45.8700000000008, 4.999976452316332 ], [ 37.679789546316897, 45.874894773158303, 4.999976452316332 ], [ 37.681333345000894, 45.878006064000147, 5.02337645231637 ], [ 37.682217757905164, 45.8799999999992, 5.038876452316345 ], [ 37.683938980004314, 45.883880548000889, 5.03027645231623 ], [ 37.68533672932972, 45.887668364666752, 5.023276452316168 ], [ 37.685448050004197, 45.88797003700347, 5.022776452316293 ], [ 37.686090183527995, 45.890000000001237, 5.019576452316187 ], [ 37.686624124922673, 45.891687937541064, 5.016876452316183 ], [ 37.686777140999766, 45.89217166400158, 5.016076452316383 ], [ 37.688828430707872, 45.899999999999636, 5.005876452316215 ], [ 37.68904323800416, 45.900819769, 5.004776452316264 ], [ 37.690000000000509, 45.905183400778697, 4.999976452316332 ], [ 37.691056078820111, 45.910000000001673, 4.994676452316298 ], [ 37.691186111103889, 45.910593055554273, 4.994076452316222 ], [ 37.692925163000837, 45.918524581002202, 4.985376452316359 ], [ 37.693278924190963, 45.92, 4.983576452316356 ], [ 37.695024096001362, 45.927278525001384, 4.974876452316266 ], [ 37.695078271090097, 45.927460864457316, 4.974576452316342 ], [ 37.695832676585269, 45.93000000000211, 4.999976452316332 ], [ 37.697545615999843, 45.935765315000026, 4.999976452316332 ], [ 37.697691813875281, 45.936154093064033, 4.999976452316332 ], [ 37.699138046233202, 45.940000000000509, 4.999976452316332 ], [ 37.701254060266365, 45.945627030134347, 4.999976452316332 ], [ 37.702106384000217, 45.947893580003438, 5.018376452316261 ], [ 37.702833225877839, 45.950000000002547, 5.035876452316188 ], [ 37.703887769808716, 45.95305611510048, 5.030576452316382 ], [ 37.704225394001696, 45.954034565002075, 5.028876452316354 ], [ 37.705717178050691, 45.960000000000946, 5.02137645231619 ], [ 37.706193167774472, 45.961903416113273, 5.019076452316312 ], [ 37.706381723002778, 45.96265742200012, 5.018076452316336 ], [ 37.70755975110842, 45.969999999999345, 5.012176452316226 ], [ 37.707824681001512, 45.971651292002207, 5.010876452316325 ], [ 37.708542571523139, 45.97927128576157, 5.007276452316319 ], [ 37.708611224734341, 45.980000000001382, 5.006976452316167 ], [ 37.7086954050028, 45.980893525000283, 5.006476452316292 ], [ 37.709053821932685, 45.98952691096747, 5.004776452316264 ], [ 37.70907346232525, 45.989999999999782, 5.004676452316289 ], [ 37.709085030002825, 45.990278637000301, 5.004576452316314 ], [ 37.70911522499955, 45.994994846001646, 5.004376452316365 ], [ 37.709041668864302, 45.999520834429859, 5.004776452316264 ], [ 37.709038569002587, 45.999711572001615, 5.004776452316264 ], [ 37.709023780325879, 46.000000000001819, 5.004876452316239 ], [ 37.708557145002487, 46.009100925999519, 5.007176452316344 ], [ 37.708539640976596, 46.009269820489862, 5.007276452316319 ], [ 37.708463966009731, 46.010000000000218, 5.007676452316218 ], [ 37.708380019557808, 46.010809990222697, 5.008076452316345 ], [ 37.70759835300305, 46.01835220599969, 5.011976452316276 ], [ 37.707319683506284, 46.020000000002256, 5.013376452316379 ], [ 37.707072105575207, 46.021463947214215, 5.01467645231628 ], [ 37.706074797997644, 46.027361103000658, 5.019576452316187 ], [ 37.705463469055758, 46.030000000000655, 5.022676452316318 ], [ 37.705060904001584, 46.031737735002025, 5.024676452316271 ], [ 37.703851088001102, 46.036006832002386, 5.030776452316331 ], [ 37.703577656753623, 46.036788828378121, 5.032076452316232 ], [ 37.702454845077227, 46.040000000002692, 5.037676452316191 ], [ 37.701695552001183, 46.042171531002168, 5.019776452316364 ], [ 37.700781354707942, 46.044609322647375, 4.999976452316332 ], [ 37.69875979446806, 46.049999999999272, 4.999976452316332 ], [ 37.697120658003769, 46.054370908999772, 4.999976452316332 ], [ 37.696426177852118, 46.056786911074596, 4.999976452316332 ], [ 37.695502574963029, 46.059999999999491, 4.999976452316332 ], [ 37.694811099354411, 46.062405549677351, 4.999976452316332 ], [ 37.694660413004385, 46.062929767000242, 4.999976452316332 ], [ 37.693635550003819, 46.067328756000279, 4.999976452316332 ], [ 37.693108387953544, 46.069999999999709, 4.999976452316332 ], [ 37.692829218975021, 46.071414609488784, 4.985876452316234 ], [ 37.691870093000034, 46.07627470800071, 4.990676452316166 ], [ 37.691238601519217, 46.08, 4.993776452316297 ], [ 37.691141823614089, 46.080570911806717, 4.994276452316171 ], [ 37.690000000000509, 46.087306753017401, 4.999976452316332 ], [ 37.689579127281831, 46.089789563642626, 5.00207645231626 ], [ 37.689543455242529, 46.090000000001965, 5.00227645231621 ], [ 37.688070166999751, 46.098691216000589, 5.009676452316171 ], [ 37.688007669785293, 46.099003834893665, 5.009976452316323 ], [ 37.687808521397528, 46.100000000000364, 5.010976452316299 ], [ 37.686350108004262, 46.107295166000767, 5.018276452316286 ], [ 37.686149433724495, 46.108074716861665, 5.019276452316262 ], [ 37.685653821667074, 46.110000000002401, 5.021776452316317 ], [ 37.684254175001115, 46.115437148000638, 5.028776452316379 ], [ 37.683771755375346, 46.116885877689128, 5.031176452316231 ], [ 37.682734768466617, 46.1200000000008, 5.036276452316315 ], [ 37.681283492025614, 46.124358253986429, 4.999976452316332 ], [ 37.6805442090008, 46.126578356999744, 4.999976452316332 ], [ 37.679561906632443, 46.130000000002838, 4.999976452316332 ], [ 37.679004389003239, 46.131941994999579, 4.999976452316332 ], [ 37.678623709880412, 46.134311854944826, 4.999976452316332 ], [ 37.677851620002912, 46.139118383001914, 4.999976452316332 ], [ 37.677806590170803, 46.139999999999418, 4.999976452316332 ], [ 37.677671801002361, 46.142638970999542, 4.999976452316332 ], [ 37.677697121798701, 46.143848560899642, 4.999976452316332 ], [ 37.677743481999642, 46.146063215999675, 4.999976452316332 ], [ 37.678212963610349, 46.149999999999636, 4.999976452316332 ], [ 37.678733734865091, 46.154366867434874, 4.999976452316332 ], [ 37.678883357999439, 46.155621515001258, 5.011776452316326 ], [ 37.67925525507053, 46.159999999999854, 5.053676452316267 ], [ 37.679272174000289, 46.160199193000153, 5.053676452316267 ], [ 37.679209685004025, 46.163247196000157, 5.053976452316192 ], [ 37.679054409511082, 46.164527204757178, 5.054776452316219 ], [ 37.67884609900284, 46.166244406002079, 5.037576452316216 ], [ 37.677825553799266, 46.17, 4.999976452316332 ], [ 37.675911325422931, 46.177044337289772, 4.999976452316332 ], [ 37.675595250004335, 46.178207491002468, 4.999976452316332 ], [ 37.675273471695618, 46.180000000000291, 4.999976452316332 ], [ 37.674839128914755, 46.182419564454904, 4.999976452316332 ], [ 37.674343845999829, 46.185178604000612, 4.999976452316332 ], [ 37.673931942536001, 46.190000000000509, 4.999976452316332 ], [ 37.673770865483675, 46.191885432741401, 4.999976452316332 ], [ 37.673688263001168, 46.19285230800233, 4.999976452316332 ], [ 37.673586092605547, 46.200000000002547, 4.999976452316332 ], [ 37.673572416002571, 46.20095679500082, 4.999976452316332 ], [ 37.67361396573142, 46.201806982866401, 4.999976452316332 ], [ 37.673977747999743, 46.209250672000053, 4.999976452316332 ], [ 37.674063472824855, 46.210000000000946, 4.999976452316332 ], [ 37.674922445999982, 46.217508358002306, 4.999976452316332 ], [ 37.674927782796658, 46.217536108602872, 4.999976452316332 ], [ 37.675401620492266, 46.220000000002983, 4.999976452316332 ], [ 37.675976277652808, 46.222988138824803, 4.999976452316332 ], [ 37.676460464999764, 46.225505847001841, 4.999976452316332 ], [ 37.677681183648019, 46.229999999999563, 4.999976452316332 ], [ 37.678888323485808, 46.234444161740612, 4.999976452316332 ], [ 37.679517437001778, 46.236760283001786, 5.019976452316314 ], [ 37.68022002689213, 46.24000000000342, 5.048876452316335 ], [ 37.680724915002429, 46.242328093001561, 5.046376452316281 ], [ 37.680977678717682, 46.245488839360405, 5.04507645231638 ], [ 37.681334646002142, 46.249952625001242, 5.043376452316352 ], [ 37.681332630916586, 46.25, 5.043376452316352 ], [ 37.681171706999521, 46.253783345999182, 5.044176452316378 ], [ 37.680957041889997, 46.2554785209486, 5.045176452316355 ], [ 37.680690391003736, 46.257584219001728, 5.046576452316231 ], [ 37.680141746746813, 46.260000000000218, 5.049276452316235 ], [ 37.679422480003268, 46.263167063003493, 5.02117645231624 ], [ 37.678702556228018, 46.265648721886464, 4.999976452316332 ], [ 37.677440260034928, 46.270000000000437, 4.999976452316332 ], [ 37.676497766206012, 46.273248883104316, 4.999976452316332 ], [ 37.674983899003564, 46.27846735499952, 4.999976452316332 ], [ 37.674637490266832, 46.280000000000655, 4.999976452316332 ], [ 37.674166620097822, 46.28208331004862, 4.999976452316332 ], [ 37.6731201470011, 46.28671330799807, 4.999976452316332 ], [ 37.672437629315027, 46.290000000002692, 4.999976452316332 ], [ 37.672208336631229, 46.291104168320089, 4.999976452316332 ], [ 37.670361019483607, 46.299999999999272, 4.999976452316332 ], [ 37.670000000003711, 46.301738504180321, 4.999976452316332 ], [ 37.668759636004324, 46.307711528001164, 5.006176452316367 ], [ 37.668362091142626, 46.309181045573496, 5.00817645231632 ], [ 37.668140541481989, 46.31000000000131, 5.009276452316271 ], [ 37.666595073000281, 46.31571279700438, 5.016976452316385 ], [ 37.66584592779509, 46.317922963899036, 5.020776452316341 ], [ 37.665306367003723, 46.319514803997663, 5.023476452316345 ], [ 37.665109477271471, 46.320000000001528, 5.024476452316321 ], [ 37.663834694998513, 46.323141450000549, 5.030876452316306 ], [ 37.662333996153393, 46.326166998076587, 5.038376452316243 ], [ 37.661575541003913, 46.32769611400181, 5.023076452316218 ], [ 37.660329712338353, 46.330000000003565, 4.999976452316332 ], [ 37.658131227597551, 46.334065613800703, 4.999976452316332 ], [ 37.65676324100059, 46.336595404003674, 4.999976452316332 ], [ 37.655252908132752, 46.340000000000146, 4.999976452316332 ], [ 37.654299291196367, 46.342149645597601, 4.978476452316272 ], [ 37.653568110003107, 46.34379787600119, 4.982176452316253 ], [ 37.651167126841756, 46.350000000002183, 4.994176452316196 ], [ 37.650977852395954, 46.350488926196704, 4.995076452316198 ], [ 37.649999999999636, 46.353014875523513, 4.999976452316332 ], [ 37.649131946003763, 46.355257198001709, 5.004376452316365 ], [ 37.647141694495076, 46.360000000002401, 5.014276452316381 ], [ 37.645911661000355, 46.362931190000381, 5.020476452316188 ], [ 37.644087283999397, 46.366675520997887, 5.029576452316178 ], [ 37.64392735401816, 46.366963677011881, 5.030376452316204 ], [ 37.642242158995941, 46.370000000004438, 5.03877645231637 ], [ 37.641826967999805, 46.37074807600402, 5.033376452316361 ], [ 37.639377048661117, 46.37468852433085, 5.006276452316342 ], [ 37.636074712003392, 46.380000000001019, 4.969576452316232 ], [ 37.634421484999621, 46.382659049002541, 4.977876452316195 ], [ 37.630046563779615, 46.38997671811012, 4.999776452316382 ], [ 37.630032644536186, 46.390000000001237, 4.999876452316357 ], [ 37.630000000002838, 46.390054602563396, 4.999976452316332 ], [ 37.62798381000357, 46.393426962999001, 5.010076452316298 ], [ 37.6251870282249, 46.397593514111577, 5.024076452316194 ], [ 37.623571683619957, 46.400000000003274, 5.032176452316207 ], [ 37.623075538002013, 46.400739140999576, 5.0272764523163 ], [ 37.619905862440646, 46.404952931221487, 5.000976452316308 ], [ 37.616109382375726, 46.409999999999854, 4.969476452316258 ], [ 37.614785824998762, 46.411759546997928, 4.976076452316192 ], [ 37.614450115675936, 46.412225057838441, 4.97777645231622 ], [ 37.61000000000422, 46.41839580409578, 4.999976452316332 ], [ 37.608843112810064, 46.420000000001892, 5.00577645231624 ], [ 37.607793212997422, 46.421455842004434, 5.011076452316274 ], [ 37.605381723000392, 46.424509588003275, 5.023076452316218 ], [ 37.603393783676438, 46.426696891838219, 5.033076452316209 ], [ 37.600391741374551, 46.43000000000211, 4.999976452316332 ], [ 37.597144904631932, 46.433572452317094, 4.964276452316199 ], [ 37.595025168002394, 46.435904771004061, 4.974876452316266 ], [ 37.591773637450387, 46.440000000004147, 4.991176452316267 ], [ 37.591269613491022, 46.440634806745948, 4.993676452316322 ], [ 37.590000000001965, 46.44223385614896, 4.999976452316332 ], [ 37.58517655399919, 46.448308877003001, 5.024076452316194 ], [ 37.583731960959994, 46.450000000000728, 5.031376452316181 ], [ 37.582213288998901, 46.451777844002208, 5.02117645231624 ], [ 37.579531462892191, 46.454765731443331, 5.004676452316289 ], [ 37.574833361521087, 46.460000000002765, 4.975876452316243 ], [ 37.57333615286916, 46.461668076433853, 4.983276452316204 ], [ 37.570000000003347, 46.465384965167686, 4.999976452316332 ], [ 37.567140842846129, 46.468570421424374, 5.014276452316381 ], [ 37.565857701751156, 46.470000000002983, 5.020676452316366 ], [ 37.562485177044437, 46.473757411480619, 4.999976452316332 ], [ 37.556882041983044, 46.479999999999563, 4.999976452316332 ], [ 37.555132422003226, 46.481949294004153, 4.980476452316225 ], [ 37.554772774823505, 46.482386387413499, 4.976176452316167 ], [ 37.550000000001091, 46.488186928874711, 4.999976452316332 ], [ 37.548508177163967, 46.490000000001601, 5.007476452316268 ], [ 37.547658120000051, 46.491033107999101, 5.011676452316351 ], [ 37.545127959001547, 46.493877523003903, 5.024376452316346 ], [ 37.542607209381458, 46.49630360469564, 5.036976452316367 ], [ 37.538766577346905, 46.500000000001819, 4.999976452316332 ], [ 37.535769343212451, 46.502884671606807, 4.971176452316286 ], [ 37.534385555001791, 46.504216491000989, 4.978076452316373 ], [ 37.530000000004293, 46.50874643915995, 4.999976452316332 ], [ 37.52878639670962, 46.510000000003856, 5.006076452316165 ], [ 37.524124662000759, 46.514815221004028, 5.029376452316228 ], [ 37.522460894779215, 46.516230447388807, 5.037676452316191 ], [ 37.518029336581094, 46.520000000000437, 4.999976452316332 ], [ 37.515056863700011, 46.522528431851242, 4.974676452316316 ], [ 37.51267744800316, 46.524552400003813, 4.986576452316285 ], [ 37.510000000000218, 46.52699342669257, 4.999976452316332 ], [ 37.509844422000242, 46.527135267000631, 5.000776452316359 ], [ 37.507914673444247, 46.52895733672085, 5.010476452316198 ], [ 37.506810391907493, 46.530000000002474, 5.015976452316181 ], [ 37.503220112885174, 46.533389943559087, 4.999976452316332 ], [ 37.498439087003135, 46.53790419100369, 4.999976452316332 ], [ 37.496394120749756, 46.540000000002692, 4.999976452316332 ], [ 37.49431538799945, 46.542130415002248, 4.978676452316222 ], [ 37.494298689389325, 46.542149344693826, 4.978476452316272 ], [ 37.49000000000342, 46.547022377075336, 4.999976452316332 ], [ 37.488177273035035, 46.549088636518718, 5.009076452316322 ], [ 37.487373324231157, 46.549999999999272, 5.013176452316202 ], [ 37.484044864002499, 46.553773172003275, 5.029776452316355 ], [ 37.481876443112924, 46.555938221556062, 5.040576452316373 ], [ 37.477808339815965, 46.56000000000131, 4.999976452316332 ], [ 37.475202859313868, 46.562601429657661, 4.973976452316265 ], [ 37.473173607002536, 46.564627527000994, 4.984176452316206 ], [ 37.47061756399853, 46.567562803000328, 4.996876452316201 ], [ 37.469999999999345, 46.568352783297087, 4.999976452316332 ], [ 37.4687122948053, 46.570000000003347, 5.006476452316292 ], [ 37.467885982267035, 46.571057008870412, 4.999976452316332 ], [ 37.464522916003261, 46.575359002003097, 4.973776452316315 ], [ 37.461388043502666, 46.580000000003565, 4.943076452316291 ], [ 37.461144469001738, 46.580360598001789, 4.944276452316217 ], [ 37.458219593003378, 46.585736875002112, 4.95887645231619 ], [ 37.458149191978009, 46.585925404011505, 4.959276452316317 ], [ 37.456627645087792, 46.590000000000146, 4.966876452316228 ], [ 37.455261544004316, 46.593658323001364, 4.97367645231634 ], [ 37.454141535001327, 46.597876757999984, 4.979276452316299 ], [ 37.454130366690151, 46.59793481665838, 4.979376452316274 ], [ 37.453733102633123, 46.600000000002183, 4.962676452316373 ], [ 37.453405552181721, 46.601702776088132, 4.982976452316279 ], [ 37.45244458900379, 46.606698358003996, 4.987776452316211 ], [ 37.451984036400972, 46.610000000002401, 4.990076452316316 ], [ 37.451854679906319, 46.610927339952468, 4.990776452316368 ], [ 37.451808670000901, 46.611257179003587, 4.990976452316318 ], [ 37.450896319172898, 46.620000000004438, 4.995476452316325 ], [ 37.450836289999643, 46.620575244000065, 4.99577645231625 ], [ 37.450191422956777, 46.629904288520265, 4.999076452316331 ], [ 37.450184806937614, 46.630000000001019, 4.999076452316331 ], [ 37.450178632963798, 46.630089316484373, 4.999076452316331 ], [ 37.450000000002547, 46.632673531157707, 4.999976452316332 ], [ 37.449510479300443, 46.639755239653823, 5.002476452316387 ], [ 37.449493560327028, 46.640000000003056, 5.002576452316362 ], [ 37.448872206003216, 46.648988895, 5.005676452316266 ], [ 37.448834436045217, 46.649417218022791, 5.005876452316215 ], [ 37.448783045731034, 46.650000000003274, 5.006076452316165 ], [ 37.44805896500111, 46.658211298999959, 5.009676452316171 ], [ 37.447960263809364, 46.658980131905992, 5.010176452316273 ], [ 37.44782933523129, 46.659999999999854, 5.010876452316325 ], [ 37.446919707997949, 46.667085541001143, 5.015376452316332 ], [ 37.446698027239108, 46.668349013621992, 5.016476452316283 ], [ 37.446408355803214, 46.670000000001892, 5.017976452316361 ], [ 37.44617322400336, 46.671340136999788, 5.019176452316287 ], [ 37.445275420002872, 46.675440701999833, 5.02357645231632 ], [ 37.444744305068525, 46.67737215253328, 5.026276452316324 ], [ 37.444197841998175, 46.679359418003514, 5.028976452316329 ], [ 37.443975023170424, 46.680000000003929, 5.03007645231628 ], [ 37.442908843004261, 46.683065161998456, 5.035476452316288 ], [ 37.441627189402425, 46.685813594702267, 5.041876452316274 ], [ 37.439732933002233, 46.689875718999247, 5.001276452316233 ], [ 37.43966878399624, 46.690000000004147, 4.999976452316332 ], [ 37.437685345972568, 46.693842672988467, 4.999976452316332 ], [ 37.436333832001765, 46.69646106899927, 4.999976452316332 ], [ 37.434824687576111, 46.700000000000728, 4.999976452316332 ], [ 37.433976761074518, 46.701988380535113, 4.980076452316325 ], [ 37.430560279979545, 46.710000000002765, 4.997176452316353 ], [ 37.430461812207795, 46.710230906106517, 4.997676452316227 ], [ 37.430000000003929, 46.711313851843443, 4.999976452316332 ], [ 37.427378756003236, 46.717460646999825, 5.013076452316227 ], [ 37.426880318233088, 46.718440159114834, 5.015576452316282 ], [ 37.426086572440909, 46.719999999997526, 5.019576452316187 ], [ 37.425694707999355, 46.720770077999987, 5.021476452316165 ], [ 37.423832181997568, 46.723901412004125, 5.030876452316306 ], [ 37.422228260889824, 46.726114130446149, 5.038876452316345 ], [ 37.421033741004067, 46.727762051999889, 5.022376452316166 ], [ 37.419194123789566, 46.729999999999563, 4.999976452316332 ], [ 37.416516009154293, 46.733258004578602, 4.999976452316332 ], [ 37.410974016736873, 46.740000000001601, 4.999976452316332 ], [ 37.410000000001673, 46.741184919772422, 4.999976452316332 ], [ 37.408262270000705, 46.743298919000154, 5.008676452316195 ], [ 37.405904584000382, 46.745937906000108, 5.020476452316188 ], [ 37.404501644487027, 46.747250822243586, 5.02747645231625 ], [ 37.401563962730506, 46.750000000003638, 4.999976452316332 ], [ 37.397537043301782, 46.753768521648453, 4.999976452316332 ], [ 37.390878288602835, 46.760000000003856, 4.999976452316332 ], [ 37.390000000003056, 46.760821930925886, 4.999976452316332 ], [ 37.38525098500395, 46.765266213000359, 5.02377645231627 ], [ 37.383341645816472, 46.766670822911692, 5.033276452316386 ], [ 37.38141106400326, 46.768091059999279, 5.019076452316312 ], [ 37.378432565261392, 46.770000000000437, 4.999976452316332 ], [ 37.377349286003664, 46.770694281003671, 4.999976452316332 ], [ 37.3700000000008, 46.775033887597601, 4.999976452316332 ], [ 37.366872365997551, 46.776880692999839, 5.015676452316256 ], [ 37.365271539083551, 46.777635769543849, 5.023676452316295 ], [ 37.360259168104676, 46.780000000002474, 4.999976452316332 ], [ 37.360078452002199, 46.780085240003245, 4.999976452316332 ], [ 37.35458799312255, 46.782293996564476, 4.999976452316332 ], [ 37.350000000002183, 46.784139700195738, 4.999976452316332 ], [ 37.349382957998387, 46.784387930003504, 5.003076452316236 ], [ 37.345691521997651, 46.785695996004506, 5.021576452316367 ], [ 37.342930491651714, 46.786465245824729, 5.035376452316314 ], [ 37.340477992003798, 46.78714853600286, 5.028476452316227 ], [ 37.3348581930004, 46.788302281001961, 5.016976452316385 ], [ 37.33, 46.789035444277033, 5.009676452316171 ], [ 37.328518148979128, 46.789259074486836, 5.007376452316294 ], [ 37.328377455, 46.789280307004447, 5.007176452316344 ], [ 37.321875818002809, 46.790000000004511, 4.999976452316332 ], [ 37.317303903999345, 46.790506084003937, 4.999976452316332 ], [ 37.311886206160125, 46.7909431030821, 4.999976452316332 ], [ 37.31000000000131, 46.79109525406966, 4.999976452316332 ], [ 37.294664574974377, 46.792332287486715, 4.999976452316332 ], [ 37.290000000004511, 46.792708555844001, 4.999976452316332 ], [ 37.277442943790447, 46.793721471894969, 4.999976452316332 ], [ 37.273460786003852, 46.794042693003576, 4.999976452316332 ], [ 37.270000000002256, 46.794454354341724, 4.999976452316332 ], [ 37.261040239956856, 46.795520119978391, 4.999976452316332 ], [ 37.260843460000615, 46.795543527001428, 4.999976452316332 ], [ 37.254092581004443, 46.796892491001927, 4.999976452316332 ], [ 37.250336494002113, 46.798436364002555, 4.999976452316332 ], [ 37.250000000003638, 46.799999999999272, 4.999976452316332 ], [ 37.23027596274369, 46.800137981370426, 4.998576452316229 ], [ 37.230000000001382, 46.800139911894803, 4.998576452316229 ], [ 37.229716205589284, 46.800141897207141, 4.998576452316229 ], [ 37.224340852000751, 46.800179501000457, 4.998176452316329 ], [ 37.210000000002765, 46.800074862456313, 4.99927645231628 ], [ 37.199740000498423, 46.799999999999272, 4.999976452316332 ], [ 37.199551417999828, 46.799998624001091, 4.999976452316332 ], [ 37.190000000000509, 46.799764689709264, 5.002376452316184 ], [ 37.189505139043831, 46.799752569520933, 5.002476452316387 ], [ 37.186308618000112, 46.799674280004183, 5.003276452316186 ], [ 37.173317609003789, 46.799124016002679, 5.00877645231617 ], [ 37.170000000001892, 46.798914236049313, 5.010876452316325 ], [ 37.167514093009231, 46.79875704650658, 5.012476452316378 ], [ 37.165099859003021, 46.798604389003231, 5.013976452316228 ], [ 37.157448490001116, 46.797944063999239, 5.020576452316163 ], [ 37.150544861004164, 46.797129157002928, 5.028676452316176 ], [ 37.149999999999636, 46.797044050554177, 5.029576452316178 ], [ 37.141402163397288, 46.795701081699008, 4.999976452316332 ], [ 37.130000000001019, 46.793920081314354, 4.999976452316332 ], [ 37.128929725002308, 46.793752906003647, 4.999976452316332 ], [ 37.11919214500449, 46.792538138000964, 4.999976452316332 ], [ 37.114079419992777, 46.792039710000608, 4.999976452316332 ], [ 37.11000000000422, 46.791642016562037, 4.983576452316356 ], [ 37.093156686480143, 46.790000000004511, 4.999976452316332 ], [ 37.090000000000146, 46.789692261769233, 5.003076452316236 ], [ 37.089807332004057, 46.789673479002886, 5.003276452316186 ], [ 37.089204752597652, 46.789602376302355, 5.003976452316238 ], [ 37.08007224800167, 46.788524765999682, 5.014776452316255 ], [ 37.070432245001939, 46.787041448000309, 5.029576452316178 ], [ 37.070000000003347, 46.786956919617296, 5.030476452316179 ], [ 37.063329679000162, 46.785652494003443, 5.010076452316298 ], [ 37.059614098601742, 46.784807049305527, 4.999976452316332 ], [ 37.05000000000291, 46.782619453326333, 4.973776452316315 ], [ 37.038487964502565, 46.780000000002474, 4.999976452316332 ], [ 37.030666154001665, 46.778220222000527, 5.017776452316184 ], [ 37.030000000002474, 46.778034790790116, 5.019676452316162 ], [ 37.020559098002195, 46.77540681299979, 4.998776452316179 ], [ 37.019706645898623, 46.775146677055091, 4.997076452316378 ], [ 37.010000000000218, 46.772184578041561, 4.978176452316347 ], [ 37.004984332001186, 46.770653987001424, 4.993476452316372 ], [ 37.002984695785926, 46.770000000000437, 4.999976452316332 ], [ 36.999402897001346, 46.768828562002454, 5.011676452316351 ], [ 36.995329969406157, 46.767335015301796, 5.026676452316224 ], [ 36.994020563999584, 46.766854855002748, 5.020076452316289 ], [ 36.989999999999782, 46.765165925118708, 4.999976452316332 ], [ 36.977702312124165, 46.760000000003856, 4.999976452316332 ], [ 36.975741619002292, 46.759176366000247, 5.008276452316295 ], [ 36.970444992000921, 46.756810847999077, 5.031876452316283 ], [ 36.969999999999345, 46.756580619889064, 5.034176452316387 ], [ 36.963531771032649, 46.753234114486986, 5.035276452316339 ], [ 36.961714681001467, 46.752293995999935, 5.035676452316238 ], [ 36.957848203544927, 46.750000000003638, 5.039276452316244 ], [ 36.957469160000983, 46.7497751120045, 5.037376452316266 ], [ 36.954418206651098, 46.747790896673905, 5.022076452316242 ], [ 36.953334020001421, 46.747085786002572, 5.016676452316233 ], [ 36.950000000000728, 46.744730953740145, 4.999976452316332 ], [ 36.943301818306281, 46.740000000001601, 4.966476452316329 ], [ 36.930000000000291, 46.730604870121169, 4.993976452316247 ], [ 36.929143612434927, 46.729999999999563, 4.995676452316275 ], [ 36.927068066595893, 46.728534033301912, 4.999976452316332 ], [ 36.923499724000067, 46.726013698003953, 5.007376452316294 ], [ 36.91777600000205, 46.721790762001547, 5.02097645231629 ], [ 36.915488499897037, 46.719999999997526, 5.02747645231625 ], [ 36.912144604000787, 46.717382242000895, 5.036876452316164 ], [ 36.909999999999854, 46.715569947338736, 5.044276452316353 ], [ 36.905858924928907, 46.71207053753642, 5.017176452316335 ], [ 36.905503598, 46.711770269001136, 5.019676452316162 ], [ 36.903549312482937, 46.710000000002765, 5.035476452316288 ], [ 36.896388524002759, 46.703513475002183, 5.028776452316379 ], [ 36.895730045227538, 46.702865022612968, 5.028676452316176 ], [ 36.892820723564, 46.700000000000728, 5.028176452316302 ], [ 36.889999999999418, 46.697222226444865, 5.027776452316175 ], [ 36.882666103312658, 46.690000000004147, 4.989976452316341 ], [ 36.878400771234737, 46.685799614386269, 4.967976452316179 ], [ 36.872511483063136, 46.680000000003929, 5.025076452316171 ], [ 36.870000000002619, 46.677526758263411, 5.024776452316246 ], [ 36.864930702411584, 46.6725346487965, 4.973276452316213 ], [ 36.864880158000233, 46.672484874003203, 4.973476452316163 ], [ 36.862187582659317, 46.670000000001892, 4.98277645231633 ], [ 36.8529500212735, 46.661475010640061, 5.014776452316255 ], [ 36.851351720006278, 46.659999999999854, 5.013476452316354 ], [ 36.85044952500175, 46.659167399004218, 5.012776452316302 ], [ 36.850000000002183, 46.65877991292291, 5.012176452316226 ], [ 36.841518038001595, 46.651468546000615, 4.958076452316163 ], [ 36.839637728902744, 46.650000000003274, 4.944576452316369 ], [ 36.835077046000151, 46.646438047004267, 4.947376452316348 ], [ 36.830000000001746, 46.642854601463114, 4.942876452316341 ], [ 36.828400532001979, 46.641725676003261, 4.933476452316199 ], [ 36.825686357524319, 46.640000000003056, 4.91377645231637 ], [ 36.822232677001011, 46.6378041450007, 4.932476452316223 ] ] ] ] } },
{ "type": "Feature", "properties": { "gid": 21, "objectid": 21.0, "shape_leng": 2.2493630769599999, "shape_area": 0.047027095327400001, "z_mean": 2.01177212745 }, "geometry": { "type": "MultiPolygon", "coordinates": [ [ [ [ 34.982106966999709, 46.077826238999478, -0.000023547683668 ], [ 34.974850308812165, 46.083782661879013, -0.000023547683668 ], [ 34.970918484827052, 46.0854741648036, -0.000023547683668 ], [ 34.964654893572515, 46.089594405088064, -0.000023547683668 ], [ 34.958761007281282, 46.095457099074338, -0.000023547683668 ], [ 34.956308064081895, 46.098909635433301, -0.000023547683668 ], [ 34.954223105316487, 46.102882077186223, -0.000023547683668 ], [ 34.952734383346979, 46.107090180012165, -0.000023547683668 ], [ 34.951688750408721, 46.113271867534422, -0.000023547683668 ], [ 34.951760762472986, 46.11955215414855, -0.000023547683668 ], [ 34.95239557037894, 46.123948831138478, -0.000023547683668 ], [ 34.953513916761949, 46.128202366431651, -0.000023547683668 ], [ 34.957302030554274, 46.135862606723094, -0.000023547683668 ], [ 34.96034811449681, 46.13943221709269, -0.000023547683668 ], [ 34.963861779915533, 46.142663494330918, -0.000023547683668 ], [ 34.967716491100873, 46.145688525992227, -0.000023547683668 ], [ 34.971850548939983, 46.148530081405625, -0.000023547683668 ], [ 34.977712088801127, 46.152061117552876, -0.000023547683668 ], [ 34.983890299790801, 46.1553179384955, -0.000023547683668 ], [ 34.990318090187429, 46.158307017614788, -0.000023547683668 ], [ 34.996948295820403, 46.161019163273522, -0.000023547683668 ], [ 35.003749732237338, 46.163430167554907, -0.000023547683668 ], [ 35.010704174912462, 46.165501020339434, -0.000023547683668 ], [ 35.017041882636477, 46.167045864134707, -0.000023547683668 ], [ 35.023461895210858, 46.168373607299145, -0.000023547683668 ], [ 35.042942233227222, 46.171905173059713, -0.000023547683668 ], [ 35.056647838497156, 46.174818207367935, -0.000023547683668 ], [ 35.077412930846549, 46.180037734287907, -0.000023547683668 ], [ 35.090123128842606, 46.183619243736757, -0.000023547683668 ], [ 35.097106786495715, 46.186001835965726, -0.000023547683668 ], [ 35.103987180666081, 46.188667007667391, -0.000023547683668 ], [ 35.110758212140354, 46.19157652771537, -0.000023547683668 ], [ 35.11740628393818, 46.194704207107861, -0.000023547683668 ], [ 35.12390928998866, 46.198035104087467, -0.000023547683668 ], [ 35.130235326427282, 46.20156496412892, -0.000023547683668 ], [ 35.134838150846917, 46.204346223277753, -0.000023547683668 ], [ 35.13929426130926, 46.207249009183215, -0.000023547683668 ], [ 35.14357583668243, 46.21028297940029, -0.000023547683668 ], [ 35.147649732694845, 46.213461126621041, -0.000023547683668 ], [ 35.15445378001823, 46.219459861864379, -0.000023547683668 ], [ 35.164084910300517, 46.228653283573294, -0.000023547683668 ], [ 35.168482081555339, 46.233418604851977, -0.000023547683668 ], [ 35.171186083625798, 46.236708321372134, -0.000023547683668 ], [ 35.177296655896498, 46.244972542766845, -0.000023547683668 ], [ 35.180418748428565, 46.249936184474791, -0.000023547683668 ], [ 35.18284684916398, 46.254989330604076, -0.000023547683668 ], [ 35.183964587549781, 46.258449728877167, -0.000023547683668 ], [ 35.184663833639206, 46.261924939355595, -0.000023547683668 ], [ 35.184958173727864, 46.265358788987214, -0.000023547683668 ], [ 35.184851981191969, 46.268693150088438, -0.000023547683668 ], [ 35.184340383562812, 46.271866942395718, -0.000023547683668 ], [ 35.183409156996277, 46.27481509053905, -0.000023547683668 ], [ 35.182034547086005, 46.277467440642795, -0.000023547683668 ], [ 35.180183019592732, 46.279747641136055, -0.000023547683668 ], [ 35.176948955142507, 46.282116554812092, -0.000023547683668 ], [ 35.172977499963963, 46.283773339933759, -0.000023547683668 ], [ 35.168429463246866, 46.284791712576407, -0.000023547683668 ], [ 35.163441676533694, 46.285221164025643, -0.000023547683668 ], [ 35.158131097283331, 46.28508803936711, -0.000023547683668 ], [ 35.152598541977568, 46.284396338131046, -0.000023547683668 ], [ 35.147849436980323, 46.2833874736898, -0.000023547683668 ], [ 35.143032798749118, 46.282036191692896, -0.000023547683668 ], [ 35.138171086460716, 46.280395542737097, -0.000023547683668 ], [ 35.133283444376502, 46.278510278882095, -0.000023547683668 ], [ 35.127077304932754, 46.275849579245914, -0.000023547683668 ], [ 35.110709616532404, 46.268495218986573, -0.000023547683668 ], [ 35.084732564184378, 46.257216318441351, -0.000023547683668 ], [ 35.057124513026793, 46.244870429229195, -0.000023547683668 ], [ 35.043285178337101, 46.239049693389461, -0.000023547683668 ], [ 35.036330342225483, 46.23634574584139, -0.000023547683668 ], [ 35.02933861132442, 46.23383470492081, -0.000023547683668 ], [ 35.003449525192991, 46.225473889997374, -0.000023547683668 ], [ 34.975651597893375, 46.215838906733552, -0.000023547683668 ], [ 34.968715580669596, 46.213620613143576, -0.000023547683668 ], [ 34.950230990654745, 46.208134602318751, -0.000023547683668 ], [ 34.943517241557856, 46.20592964752359, -0.000023547683668 ], [ 34.93694683695503, 46.203593598434963, -0.000023547683668 ], [ 34.924987270867859, 46.198946932319814, -0.000023547683668 ], [ 34.919656669851975, 46.196566266349691, -0.000023547683668 ], [ 34.914625972987778, 46.193904224688595, -0.000023547683668 ], [ 34.911078730139707, 46.191663431915003, -0.000023547683668 ], [ 34.907653056690833, 46.189261322066159, -0.000023547683668 ], [ 34.902638873601973, 46.185492637006973, -0.000023547683668 ], [ 34.897793715601438, 46.181499272384826, -0.000023547683668 ], [ 34.893236608075313, 46.177244641228754, -0.000023547683668 ], [ 34.890387766168715, 46.174232446988754, -0.000023547683668 ], [ 34.883691349668879, 46.166452930690866, -0.000023547683668 ], [ 34.879987825603166, 46.161638655736169, -0.000023547683668 ], [ 34.876732068076308, 46.156615071044143, -0.000023547683668 ], [ 34.874884735774685, 46.153095653784476, -0.000023547683668 ], [ 34.871878891544839, 46.14583837270402, -0.000023547683668 ], [ 34.866331940012969, 46.128620531833803, -0.000023547683668 ], [ 34.864062383299824, 46.12320795771484, -0.000023547683668 ], [ 34.861280190345497, 46.119031132269811, -0.000023547683668 ], [ 34.856590849271015, 46.113500339319216, -0.000023547683668 ], [ 34.85422586101231, 46.110236228150825, -0.000023547683668 ], [ 34.851832885355179, 46.105560630319815, -0.000023547683668 ], [ 34.849703629415671, 46.098537575928276, -0.000023547683668 ], [ 34.848109102436865, 46.089982524861625, -0.000023547683668 ], [ 34.84755157942709, 46.08575434931663, -0.000023547683668 ], [ 34.846797608091947, 46.077081698284019, -0.000023547683668 ], [ 34.846910683374517, 46.048906740646999, -0.000023547683668 ], [ 34.845483298538966, 46.04484185804904, -0.000023547683668 ], [ 34.83, 46.130000000002838, 1.899976452316196 ], [ 34.83, 46.139999999999418, 1.999976452316332 ], [ 34.83, 46.149999999999636, 1.999976452316332 ], [ 34.83, 46.159999999999854, 1.999976452316332 ], [ 34.83, 46.17, 1.899976452316196 ], [ 34.83, 46.180000000000291, 1.899976452316196 ], [ 34.850000000000364, 46.210000000000946, 2.099976452316241 ], [ 34.854194531497342, 46.212649177787171, 2.08347645231629 ], [ 34.857351705701149, 46.213675852852248, 2.210276452316293 ], [ 34.8700000000008, 46.217788925971035, 2.33367645231624 ], [ 34.876799372210371, 46.220000000002983, 2.297976452316334 ], [ 34.882172071000241, 46.22174713700042, 2.252376452316184 ], [ 34.883934060604588, 46.226967030303058, 2.330376452316386 ], [ 34.884766939485417, 46.229434433560527, 2.326176452316304 ], [ 34.88542728000175, 46.231390692000787, 2.101876452316219 ], [ 34.885532761874856, 46.232441744343305, 1.959776452316191 ], [ 34.907805736052978, 46.246508885926232, 1.871776452316226 ], [ 34.908048820776457, 46.2443089688295, 2.209776452316191 ], [ 34.908050977001039, 46.244289455000398, 2.209776452316191 ], [ 34.909609685100804, 46.242688619771798, 2.20197645231633 ], [ 34.911359108398756, 46.240891914885651, 1.894476452316212 ], [ 34.911791470289245, 46.240447867570765, 1.891076452316383 ], [ 34.912227551900287, 46.24000000000342, 1.91117645231634 ], [ 34.914073112999176, 46.238104559000931, 1.939276452316335 ], [ 34.926524285001506, 46.2350528019997, 2.032076452316232 ], [ 34.93000000000211, 46.235186483010693, 2.048176452316284 ], [ 34.936045769001794, 46.23541901200042, 2.045776452316204 ], [ 34.943366221528777, 46.236683110764716, 2.033176452316184 ], [ 34.950000000002547, 46.237828634371908, 2.065176452316337 ], [ 34.953227930514913, 46.238386034743598, 2.048376452316234 ], [ 34.962574475563088, 46.24000000000342, 2.062876452316232 ], [ 34.968093830888392, 46.240953084557987, 2.061876452316255 ], [ 34.969999999999345, 46.241282242624948, 2.087176452316271 ], [ 34.97391740267085, 46.241958701335534, 2.099976452316241 ], [ 34.989999999999782, 46.244735850883444, 2.1526764523162 ], [ 34.997825631635351, 46.246087184183125, 2.178276452316368 ], [ 35.010000000000218, 46.248189459136483, 2.218076452316382 ], [ 35.020484923184995, 46.25, 2.199976452316378 ], [ 35.030000000000655, 46.251643067393161, 2.150676452316247 ], [ 35.030772332000197, 46.251776434000931, 2.154476452316203 ], [ 35.039148649328126, 46.255425675337392, 2.128676452316313 ], [ 35.049648364596578, 46.260000000000218, 2.194676452316344 ], [ 35.052381074767254, 46.2611905373833, 2.164276452316244 ], [ 35.070000000001528, 46.268866429751142, 1.945376452316168 ], [ 35.071211517102711, 46.269394241448026, 1.936376452316381 ], [ 35.072601950178068, 46.270000000000437, 1.952076452316305 ], [ 35.075043164999443, 46.271063543999844, 1.958276452316341 ], [ 35.07991209024658, 46.274956045124782, 1.899976452316196 ], [ 35.090000000001965, 46.28302090503712, 1.839576452316351 ], [ 35.095370773884497, 46.287314613055059, 1.861076452316183 ], [ 35.098729783392628, 46.290000000002692, 1.874576452316205 ], [ 35.105072462001772, 46.295070705004036, 1.900076452316171 ], [ 35.108409050002592, 46.297756252002728, 1.913076452316318 ], [ 35.110000000002401, 46.299450722721303, 1.910976452316163 ], [ 35.110515720145486, 46.299999999999272, 1.910276452316339 ], [ 35.110972054333615, 46.300486027166698, 1.909676452316262 ], [ 35.11844152424419, 46.308441524241061, 1.942176452316289 ], [ 35.1299999999992, 46.320752092624389, 1.984976452316232 ], [ 35.135908947378994, 46.327045526313668, 1.918176452316175 ], [ 35.138682922668522, 46.330000000003565, 1.930276452316321 ], [ 35.142298444088738, 46.333850777960834, 1.907476452316359 ], [ 35.148071990175595, 46.340000000000146, 1.871076452316174 ], [ 35.149999999999636, 46.342053462520198, 1.879476452316339 ], [ 35.157461057682667, 46.350000000002183, 1.874576452316205 ], [ 35.159749533353533, 46.352437383338838, 1.775576452316272 ], [ 35.16781660199922, 46.361029363999478, 1.637076452316251 ], [ 35.183426628494999, 46.372284418999698, 1.465776452316277 ], [ 35.201508009002282, 46.385321355999622, 1.276476452316274 ], [ 35.209483268999975, 46.39642975499919, 1.147076452316242 ], [ 35.213715040001262, 46.411810613999478, 0.997176452316353 ], [ 35.210703972001284, 46.420152085001973, 0.938576452316283 ], [ 35.208474219081836, 46.423092773851749, 0.922876452316359 ], [ 35.207139336973341, 46.42485327067152, 0.828576452316383 ], [ 35.205088738000995, 46.427557684000931, 0.771076452316265 ], [ 35.20413976155578, 46.43152840111361, 0.701576452316203 ], [ 35.203829704805685, 46.432825743777357, 0.706276452316388 ], [ 35.203779917514112, 46.433034064277308, 0.731076452316302 ], [ 35.20373550284603, 46.433219904596626, 0.731276452316251 ], [ 35.203695635669646, 46.433386717264511, 0.703876452316308 ], [ 35.230000000001382, 46.450000000000728, 0.599976452316241 ], [ 35.2359517326895, 46.451766920643422, 0.623276452316304 ], [ 35.236072349662209, 46.451686763797625, 0.634876452316348 ], [ 35.236127930198563, 46.451649827362417, 0.637676452316327 ], [ 35.236189111403291, 46.451609168967479, 0.639576452316305 ], [ 35.238610527536366, 46.450000000000728, 0.599976452316241 ], [ 35.243174675000773, 46.446966863999478, 0.630376452316341 ], [ 35.250000000001819, 46.443781712214331, 0.662176452316316 ], [ 35.250498894001794, 46.443548895002095, 0.664476452316194 ], [ 35.260915561002548, 46.441595770002095, 0.684076452316276 ], [ 35.267503689507066, 46.441248155249923, 0.687476452316332 ], [ 35.277110221999465, 46.440741277998313, 0.825776452316177 ], [ 35.278755497836755, 46.440000000004147, 0.835676452316193 ], [ 35.279986951401952, 46.439445169366081, 0.871976452316176 ], [ 35.28451582100206, 46.437404690001131, 0.993776452316297 ], [ 35.283798520937125, 46.436057565448209, 1.015376452316332 ], [ 35.282555137766394, 46.433722431120259, 1.034776452316237 ], [ 35.278653242963628, 46.426394482099568, 0.930776452316195 ], [ 35.277212632960072, 46.423688946162656, 0.636876452316301 ], [ 35.273750588901748, 46.417187058324998, 0.85777645231633 ], [ 35.270000000002256, 46.410143269187756, 0.956276452316388 ], [ 35.264496290001262, 46.399807032999888, 1.078276452316231 ], [ 35.258555534999687, 46.373358466002173, 1.297276452316282 ], [ 35.259557813717038, 46.370884372565342, 1.299976452316287 ], [ 35.264948895799535, 46.357576656306264, 1.299976452316287 ], [ 35.266668750266035, 46.353331249734765, 1.316676452316187 ], [ 35.267514902934636, 46.351242548531445, 1.337276452316246 ], [ 35.267588737999176, 46.351060289000088, 1.337576452316171 ], [ 35.269338214800882, 46.350000000002183, 1.313276452316359 ], [ 35.269637377969048, 46.349818688981031, 1.309076452316276 ], [ 35.270000000002256, 46.349598918046468, 1.299976452316287 ], [ 35.285838214322212, 46.340000000000146, 1.405576452316382 ], [ 35.291758660001506, 46.336411850998047, 1.480976452316327 ], [ 35.311534050000773, 46.337632554001175, 1.600576452316318 ], [ 35.315473628126711, 46.340000000000146, 1.603176452316347 ], [ 35.31862767218081, 46.341895387973636, 1.624176452316306 ], [ 35.328868034999687, 46.34804922100011, 1.074876452316175 ], [ 35.343623030981689, 46.359202878875294, 0.103576452316247 ], [ 35.346039259002282, 46.361029363999478, 0.05567645231622 ], [ 35.345798950571407, 46.359474868821053, 0.06827645231624 ], [ 35.345126782673105, 46.355126782676962, 0.414176452316269 ], [ 35.342788342870335, 46.340000000000146, 2.339376452316174 ], [ 35.342184225000892, 46.336092112504048, 2.270176452316264 ], [ 35.342133009002282, 46.335760809000931, 2.270376452316214 ], [ 35.337138415719892, 46.330000000003565, 2.028276452316277 ], [ 35.334979719478724, 46.327510140265076, 2.048176452316284 ], [ 35.33, 46.321766486842535, 2.464476452316376 ], [ 35.329657544001748, 46.321371495001586, 2.499976452316332 ], [ 35.30344128499928, 46.317167788, 2.48257645231638 ], [ 35.29974010099977, 46.316270647999772, 2.512076452316251 ], [ 35.297646217622969, 46.315392297063227, 2.567576452316189 ], [ 35.297544011003993, 46.315349423002772, 2.564676452316235 ], [ 35.296597761001976, 46.314706665003541, 2.539476452316194 ], [ 35.295860255000662, 46.313986999999543, 2.522176452316216 ], [ 35.294604913000512, 46.312258129999464, 2.497576452316252 ], [ 35.29319565255355, 46.31000000000131, 2.473176452316238 ], [ 35.292066591000548, 46.308190846999423, 2.481776452316353 ], [ 35.287704222999309, 46.301742951003689, 2.501176452316258 ], [ 35.286469366999881, 46.29951740100114, 2.516876452316183 ], [ 35.286031559073308, 46.297976330697566, 2.541676452316324 ], [ 35.285688705000211, 46.296769495000262, 2.523676452316295 ], [ 35.28545845500048, 46.293617620000077, 2.511576452316376 ], [ 35.285524465534763, 46.292237767236657, 2.51507645231618 ], [ 35.285604479999165, 46.2905651830024, 2.502876452316286 ], [ 35.28618042600101, 46.286962557000152, 2.499976452316332 ], [ 35.285502973345501, 46.286124256665062, 2.452676452316382 ], [ 35.278423809426386, 46.277364285862859, 2.442376452316239 ], [ 35.27560582499973, 46.273877227000412, 2.499976452316332 ], [ 35.271677532000467, 46.27067171499948, 2.507476452316268 ], [ 35.26806935499917, 46.267205236999871, 2.537376452316266 ], [ 35.26680815142754, 46.265797962143552, 2.556376452316272 ], [ 35.264626758002123, 46.2633639220021, 2.52967645231638 ], [ 35.259020643316035, 46.256469035031841, 2.476576452316294 ], [ 35.257554206002169, 46.2546654830021, 2.48667645231626 ], [ 35.25466247300028, 46.251492400002462, 2.495076452316198 ], [ 35.24861773936027, 46.245345565159369, 2.498176452316329 ], [ 35.247080477001873, 46.243782337001903, 2.498976452316356 ], [ 35.2391717938699, 46.236242309196314, 2.487876452316186 ], [ 35.232634686999518, 46.23000992299967, 2.51077645231635 ], [ 35.229629381001359, 46.226837714000794, 2.531176452316231 ], [ 35.22852300696286, 46.225369248262723, 2.548276452316259 ], [ 35.225988771800985, 46.222005614105001, 2.459576452316242 ], [ 35.22467405000134, 46.220260612999482, 2.47367645231634 ], [ 35.217302378701788, 46.211744053254733, 2.520676452316366 ], [ 35.216127345000132, 46.210386526001457, 2.512076452316251 ], [ 35.212205326999538, 46.204939871000533, 2.502776452316311 ], [ 35.209364546002689, 46.200318380999306, 2.510476452316198 ], [ 35.206778449999547, 46.195576226002231, 2.528776452316379 ], [ 35.205306514111726, 46.192346742946029, 2.550576452316363 ], [ 35.204904125001121, 46.191463886001657, 2.533376452316361 ], [ 35.204136266002024, 46.188996374001363, 2.500776452316359 ], [ 35.204117647999738, 46.188190482002028, 2.499976452316332 ], [ 35.203083102200253, 46.186729224453302, 2.456076452316211 ], [ 35.20223275600074, 46.185528141999384, 2.499976452316332 ], [ 35.197079612275047, 46.182920387727791, 2.501776452316335 ], [ 35.197073153000019, 46.182917119002013, 2.50167645231636 ], [ 35.193538676001481, 46.180477073001384, 2.499976452316332 ], [ 35.190000000000509, 46.179180117571377, 2.440976452316363 ], [ 35.174366470910172, 46.173450293636051, 2.414776452316346 ], [ 35.17, 46.171849944197675, 2.346376452316235 ], [ 35.152936085574765, 46.165595871638288, 2.078976452316283 ], [ 35.148936394003613, 46.164129950002462, 2.034876452316212 ], [ 35.130361030320273, 46.16018051516221, 1.701776452316381 ], [ 35.1299999999992, 46.160103754040392, 1.703076452316282 ], [ 35.129512013972999, 46.159999999999854, 1.709776452316191 ], [ 35.110000000002401, 46.155851417546728, 2.23277645231633 ], [ 35.093096979591792, 46.152257551020739, 2.432276452316273 ], [ 35.090000000001965, 46.151599081053064, 2.353976452316374 ], [ 35.086986091107974, 46.150958273316064, 2.380876452316215 ], [ 35.070000000001528, 46.147346744561219, 2.531976452316258 ], [ 35.052545730703059, 46.143635673248355, 1.916376452316172 ], [ 35.044444207000197, 46.141913153001951, 1.698676452316249 ], [ 35.049082879000707, 46.132066148002195, 2.05547645231627 ], [ 35.051931186000729, 46.128241278000132, 2.226976452316194 ], [ 35.039627511310755, 46.122779366518444, 1.957276452316364 ], [ 35.034703306164374, 46.120593387671761, 1.946776452316271 ], [ 35.030000000000655, 46.118505471453318, 1.867776452316321 ], [ 35.017100457002016, 46.112779039003726, 1.97367645231634 ], [ 35.014605331718485, 46.110789336566086, 2.022376452316166 ], [ 35.010000000000218, 46.107116879788009, 2.054276452316344 ], [ 34.994913576050749, 46.095086423953035, 1.894776452316364 ], [ 34.989999999999782, 46.091168162083704, 2.085776452316168 ], [ 34.985362175002592, 46.087469794001663, 2.254376452316365 ], [ 34.983874555677176, 46.08306272216214, 2.485576452316309 ], [ 34.983791253000163, 46.082815938001659, 2.499976452316332 ], [ 34.982840725733695, 46.08, 2.664176452316269 ], [ 34.982106966999709, 46.077826238999478, -0.000023547683668 ] ] ] ] } }
]
}
