{
"type": "FeatureCollection",
"name": "azov_10_hsr_iso",
"crs": { "type": "name", "properties": { "name": "urn:ogc:def:crs:OGC:1.3:CRS84" } },
"features": [
{ "type": "Feature", "properties": { "gid": 2, "objectid": 2.0, "z": 0.2, "index": 0.0, "shape_leng": 4.5281122497500004, "z1": 0.0, "z2": 0.0, "index1": 0.0, "index2": 0.0 }, "geometry": { "type": "MultiLineString", "coordinates": [ [ [ 37.58767518629395, 45.448837592674863 ], [ 37.585672511436201, 45.447701168893303 ], [ 37.583254650442676, 45.44559111712686 ], [ 37.5820575766434, 45.444216227797696 ], [ 37.575022471381907, 45.434950796867021 ], [ 37.573081818618178, 45.432231575257276 ], [ 37.571479179025452, 45.429386494484348 ], [ 37.569474261270557, 45.423725057204777 ], [ 37.568240956476444, 45.421121970448006 ], [ 37.566188875381378, 45.418647339667032 ], [ 37.562631380798955, 45.415211517524888 ], [ 37.56155802478132, 45.413975488960041 ], [ 37.559100301084364, 45.410275747322217 ], [ 37.557123869616966, 45.407643248011389 ], [ 37.55372371999124, 45.403793664067287 ], [ 37.55007796143839, 45.400005291500406 ], [ 37.530000001192207, 45.380000000894142 ] ], [ [ 37.861618609470497, 45.807427908545662 ], [ 37.838156753904691, 45.7718224489712 ], [ 37.833936895146877, 45.766071499812867 ], [ 37.830858335471824, 45.762538083363246 ], [ 37.829175606285311, 45.760933835664311 ], [ 37.825322255683979, 45.758042029962624 ], [ 37.81898324714421, 45.754337524624233 ], [ 37.787723841576543, 45.738789369965808 ], [ 37.779435547358183, 45.734368609415895 ], [ 37.771724160367775, 45.729784271407482 ], [ 37.768557421749108, 45.727493963338155 ], [ 37.767835920360483, 45.726633653595343 ] ], [ [ 38.166893826863372, 46.118446913134107 ], [ 38.166072719171886, 46.118378613573725 ], [ 38.164623032710772, 46.11754491405182 ], [ 38.162722400647439, 46.116014013914942 ], [ 38.160592233156699, 46.113820479580411 ], [ 38.158468336257478, 46.110987926337899 ], [ 38.156772836816756, 46.107984936575747 ], [ 38.155296439066483, 46.10459858259793 ], [ 38.154036556345446, 46.100946187998922 ], [ 38.152077520869121, 46.09336375422636 ], [ 38.150038793655298, 46.083366901138632 ], [ 38.149342683798416, 46.080719263364266 ], [ 38.148430240797182, 46.078296167818188 ], [ 38.147236779426791, 46.076159801289094 ], [ 38.145686743279114, 46.074383846703945 ], [ 38.143288288565081, 46.072794138705291 ], [ 38.1404126469427, 46.071682977966155 ], [ 38.137187154895351, 46.07092114302101 ], [ 38.133708156918345, 46.070410322537271 ], [ 38.126260525225092, 46.069860994866261 ], [ 38.10254408014243, 46.069070980241911 ], [ 38.094664018334299, 46.06830299703546 ], [ 38.090783944272225, 46.067666751039226 ], [ 38.086507031258044, 46.066705531973433 ], [ 38.073840063191682, 46.063207242884602 ], [ 38.069585426219369, 46.06220491324661 ], [ 38.065733171794491, 46.061516760222595 ], [ 38.057925666210892, 46.060601545581441 ], [ 38.038247217886727, 46.059081348742247 ], [ 38.030509981844006, 46.057900482403674 ], [ 38.025850458298137, 46.056711192042812 ], [ 38.02067571233701, 46.055087837211929 ], [ 37.999634212316153, 46.047741733512566 ], [ 37.988267709798151, 46.044133854375957 ] ], [ [ 38.230000000596192, 46.299423508365749 ], [ 38.229761697762683, 46.298412483616787 ], [ 38.229875263376456, 46.296154231693876 ], [ 38.230365170025571, 46.292718880297798 ], [ 38.231272377679687, 46.288589812191333 ], [ 38.232653551054, 46.284164112494935 ], [ 38.234578461614873, 46.279851756110958 ], [ 38.237047282226513, 46.275997186968702 ], [ 38.242128938512458, 46.269583604866327 ], [ 38.243756215283931, 46.266756428628938 ], [ 38.244214972756488, 46.26403238198855 ], [ 38.243655520836413, 46.261194588950204 ], [ 38.242401757357385, 46.258614578953441 ], [ 38.236761885598895, 46.250313087363189 ], [ 38.235001273894071, 46.247139932798603 ], [ 38.233442854740574, 46.243233735006967 ], [ 38.232231861167463, 46.239038310716332 ], [ 38.228357144140482, 46.221330336200623 ], [ 38.227053236627263, 46.217082677878501 ], [ 38.225360745456918, 46.213074348261479 ], [ 38.223440959608588, 46.209741259929423 ], [ 38.216876270749431, 46.20025754454285 ], [ 38.215001799770846, 46.196911929396435 ], [ 38.213392079652913, 46.19287980116512 ], [ 38.212211761602312, 46.188594944765114 ], [ 38.211333685358383, 46.184141133179899 ], [ 38.209481605159652, 46.170496465422353 ], [ 38.208810691170832, 46.166100676745572 ], [ 38.207943782901772, 46.161928379199324 ], [ 38.206754246701841, 46.158097955821184 ], [ 38.205085125430656, 46.154760331586097 ], [ 38.202825064628804, 46.152022501679809 ], [ 38.194608939165462, 46.144984690097296 ], [ 38.18589724012476, 46.134636944753268 ], [ 38.182587362128771, 46.131398438558016 ], [ 38.179048713340045, 46.128742684662612 ], [ 38.172767404705624, 46.12478109964696 ], [ 38.170787176582898, 46.123254312611515 ], [ 38.169982131642286, 46.122200325261431 ], [ 38.170000000598463, 46.121520104082038 ] ], [ [ 38.190000000595433, 46.326485708320661 ], [ 38.189942499641262, 46.323289583548998 ], [ 38.190115402156607, 46.3216786115836 ], [ 38.190565455024327, 46.32036952851665 ], [ 38.191391055612307, 46.319504526608924 ], [ 38.194190710007, 46.317846826498219 ], [ 38.214911992809959, 46.307544003896339 ] ], [ [ 38.004626540214133, 46.360000000300658 ], [ 38.005001786885096, 46.359835020117529 ], [ 38.005808119759429, 46.359973809695958 ], [ 38.007979953814704, 46.360827580139834 ], [ 38.01098410056602, 46.362388998150351 ], [ 38.014582046477216, 46.364564489587593 ], [ 38.018531722444145, 46.367258873087096 ], [ 38.022587314274993, 46.37037738351512 ], [ 38.031415367601795, 46.37799392343247 ], [ 38.035425370164063, 46.381001936046715 ], [ 38.039359821634697, 46.383468508334332 ], [ 38.043030992130348, 46.385298217804355 ], [ 38.046716070939631, 46.386697365380556 ], [ 38.050483810643158, 46.387691545610117 ], [ 38.053885196077751, 46.38819214424425 ], [ 38.057263695849947, 46.388352065048494 ], [ 38.060564452522584, 46.388198345570785 ], [ 38.063731397058412, 46.387737365788638 ], [ 38.066704713518135, 46.386956553556743 ], [ 38.073595598528655, 46.384121197620111 ], [ 38.076596082097836, 46.383151250805469 ], [ 38.079794113712616, 46.382354183853408 ], [ 38.093311198965708, 46.379784502878067 ], [ 38.096582071743889, 46.379024882231988 ], [ 38.099686699934004, 46.378097871337467 ], [ 38.102551728592573, 46.376929511404931 ], [ 38.105092008753481, 46.375433130429933 ], [ 38.106916935816216, 46.373889902426519 ], [ 38.113212701105162, 46.366622707591752 ], [ 38.115004381266345, 46.364981688811014 ], [ 38.117490929851471, 46.363311138152746 ], [ 38.120288690278961, 46.361896779026431 ], [ 38.133376765687764, 46.356595849425055 ], [ 38.140486763313824, 46.352982585386933 ], [ 38.143828566271175, 46.350963236163977 ], [ 38.146928427244845, 46.348807292535653 ], [ 38.151109635175622, 46.345453738839801 ], [ 38.153414867427834, 46.343806375449965 ], [ 38.156660069122111, 46.341956702322449 ], [ 38.167804146719774, 46.336910577656916 ], [ 38.178820481247051, 46.331441827531535 ], [ 38.18124522765681, 46.330572453136867 ], [ 38.183260889037328, 46.330070565223501 ], [ 38.184689575344166, 46.329888157644405 ], [ 38.185378029281992, 46.330000000301993 ] ], [ [ 37.850000000597106, 46.464375841083495 ], [ 37.849936055292375, 46.464095676805883 ], [ 37.850164315605397, 46.463445144700742 ], [ 37.851150598782127, 46.461740214886106 ], [ 37.852830353630722, 46.459383119821048 ], [ 37.857751827881486, 46.453337538763442 ], [ 37.863775710827802, 46.446507913302476 ], [ 37.874515470835014, 46.434832065721857 ], [ 37.881923185675113, 46.426300377889021 ], [ 37.894342930412073, 46.414479996860265 ], [ 37.901860266999584, 46.406196614288149 ], [ 37.903672433370545, 46.404384320997409 ], [ 37.911971649418049, 46.397008890824225 ], [ 37.920614826824284, 46.389044637556047 ], [ 37.92224516357669, 46.387733232081153 ], [ 37.924601565678238, 46.386231372939484 ], [ 37.931898668079654, 46.382472981253962 ], [ 37.936153760576367, 46.379935152152967 ], [ 37.943628877678471, 46.374356706205177 ], [ 37.945780505178469, 46.372921129984739 ], [ 37.951151517077911, 46.369858208288235 ], [ 37.957517999294645, 46.366724191684803 ], [ 37.96717413974315, 46.362637859570974 ], [ 37.972515799295969, 46.360805315084853 ], [ 37.974555104137224, 46.360261202662343 ], [ 37.976289165364307, 46.359951711487582 ], [ 37.976932936326307, 46.360000000300658 ] ], [ [ 38.26594739754438, 46.729999999703125 ], [ 38.265125571736654, 46.73012115282188 ], [ 38.263042833893039, 46.729904820426569 ], [ 38.255580848769469, 46.728323331033579 ], [ 38.238688921847881, 46.723396634305438 ], [ 38.223634453385472, 46.718529946798839 ], [ 38.216579113651115, 46.715760627603892 ], [ 38.202705404116067, 46.709026223105639 ], [ 38.198156700581677, 46.70706369926085 ], [ 38.193410876667301, 46.705317584779181 ], [ 38.188490248947346, 46.703834404454255 ], [ 38.182422505705482, 46.702441135778834 ], [ 38.176197260432573, 46.701340803799013 ], [ 38.157103980509056, 46.698507574312671 ], [ 38.150736938828715, 46.697337523421886 ], [ 38.145435239570581, 46.696152433727335 ], [ 38.116990502824585, 46.689016194310135 ], [ 38.110725347097073, 46.687270741226087 ], [ 38.105528072842901, 46.685569703721796 ], [ 38.095264390580837, 46.681618534099307 ], [ 38.085118956788342, 46.677175662691837 ], [ 38.075043812442729, 46.672444509674719 ], [ 38.039916752795882, 46.655367515752836 ], [ 38.029813843599037, 46.650784245314611 ], [ 38.019610315600353, 46.646636283028464 ], [ 38.01444904473761, 46.64481983397765 ], [ 38.009231897727027, 46.643245640082135 ], [ 38.002925950271326, 46.641735316588168 ], [ 37.988964700957027, 46.638977658228399 ], [ 37.981000317253404, 46.637205207633116 ], [ 37.972819792447488, 46.635048315048337 ], [ 37.964769603651334, 46.632439690812305 ], [ 37.958244279431682, 46.629857039814283 ], [ 37.952222394633345, 46.62708099094349 ], [ 37.946864858982977, 46.624271919040339 ], [ 37.942329368365456, 46.621592312007095 ], [ 37.938262728226299, 46.618857088051385 ], [ 37.935727002124551, 46.616859318667906 ], [ 37.934934058695376, 46.61589449206059 ] ], [ [ 35.870000050068427, 46.640000013112513 ], [ 35.919601474748049, 46.652400369284294 ] ], [ [ 38.370000000595724, 46.74228700767793 ], [ 38.369917858853022, 46.742001638704771 ], [ 38.3691567770462, 46.741271454932836 ], [ 38.367785377651273, 46.740200131532653 ], [ 38.358810867785451, 46.733759211903347 ], [ 38.354216772388874, 46.729993268118392 ], [ 38.352405519116544, 46.728155989450833 ], [ 38.348752178408034, 46.723357071265056 ], [ 38.347405080460582, 46.722151150506541 ], [ 38.34579004476727, 46.721302956410995 ], [ 38.343963887767977, 46.720766327144389 ], [ 38.342008567340514, 46.720481119161562 ], [ 38.339994506263331, 46.72041115128183 ], [ 38.337985567615263, 46.720541268770567 ], [ 38.336043729488502, 46.720875477108521 ], [ 38.334233453894754, 46.721436106143486 ], [ 38.332625779502415, 46.722263861852248 ], [ 38.331261833527769, 46.723378249251859 ], [ 38.328804669451998, 46.725950158537955 ], [ 38.327435273457304, 46.727113665274054 ], [ 38.325821851674661, 46.72803812926999 ], [ 38.324008369939136, 46.728764364706031 ], [ 38.316114086295279, 46.731018163001671 ], [ 38.314295280491606, 46.731730734491457 ], [ 38.312677316497115, 46.732641287095731 ], [ 38.311307114817247, 46.733796258376707 ], [ 38.308859051036848, 46.73638441800054 ], [ 38.307495340020552, 46.737527864377789 ], [ 38.305871368017712, 46.738399172661467 ], [ 38.30401554479203, 46.739021009446816 ], [ 38.301984051050404, 46.739440971331391 ], [ 38.297567173009782, 46.739792353857958 ], [ 38.295035627291298, 46.739667257762058 ], [ 38.292164612319169, 46.739247711549027 ], [ 38.289102859262748, 46.738531333697821 ], [ 38.286127019411616, 46.737586774062038 ], [ 38.280469066320983, 46.73528171941922 ], [ 38.272889446630529, 46.73144472301675 ] ], [ [ 36.498134012951596, 46.74809296647561 ], [ 36.504680858067097, 46.749131975171778 ], [ 36.509839690298094, 46.749740714306583 ], [ 36.514008586135297, 46.749919542011526 ], [ 36.525996375101691, 46.750034213717448 ], [ 36.531226725051937, 46.750504219904492 ], [ 36.53875684853157, 46.752132813204575 ], [ 36.565426047393146, 46.758856512000136 ] ], [ [ 38.155120940260531, 47.050000000297644 ], [ 38.156423363221592, 47.049705789704724 ], [ 38.159159093816932, 47.050410632479021 ], [ 38.163098025492921, 47.052105714412775 ], [ 38.167975132646916, 47.054745682331728 ], [ 38.173529503578635, 47.058248100581082 ], [ 38.211757022218094, 47.085594131631119 ], [ 38.218745509184636, 47.089960927820627 ], [ 38.22558216013767, 47.093635070405298 ], [ 38.232052980870179, 47.096512578931581 ], [ 38.240814354002431, 47.09964767267865 ], [ 38.249843476231298, 47.102467039838665 ], [ 38.263563479044343, 47.106546909679672 ], [ 38.270531163841028, 47.108417001528785 ], [ 38.279993209957297, 47.110634609967448 ], [ 38.303781577725871, 47.115737375435863 ], [ 38.310968616011799, 47.117032851205458 ], [ 38.320711453956548, 47.118336501275081 ], [ 38.330538910450386, 47.119231539912846 ], [ 38.340410272634905, 47.119837505534129 ], [ 38.350287912632652, 47.120243749710944 ], [ 38.369904539438721, 47.120704563556025 ], [ 38.422833093875326, 47.1214774129784 ], [ 38.429662324711138, 47.121457558145188 ], [ 38.443602646469941, 47.119675151846913 ], [ 38.451250497394255, 47.118472937538066 ], [ 38.459082134497471, 47.116976770046882 ], [ 38.46687086695502, 47.115047573351163 ], [ 38.47457417392252, 47.11269812960451 ], [ 38.482695354615991, 47.110459299340341 ], [ 38.49774844473302, 47.10671962390591 ], [ 38.504394637579303, 47.105200006985065 ], [ 38.511152199461009, 47.103895771225211 ], [ 38.520369906296189, 47.10265479244179 ], [ 38.529673408043095, 47.101957247288034 ], [ 38.538959919787629, 47.101744945480085 ], [ 38.548126704756925, 47.102002392835992 ], [ 38.557064105700718, 47.102756457129438 ], [ 38.565648875775693, 47.104077273270839 ], [ 38.582436611157569, 47.107655444029227 ], [ 38.600180118586387, 47.111093570406503 ], [ 38.609144841797082, 47.113136135716871 ], [ 38.61577298266743, 47.114930600772432 ], [ 38.63737722796143, 47.121699296926124 ], [ 38.645623659050322, 47.124708331494666 ], [ 38.659668354465865, 47.130482531555863 ], [ 38.665974867148044, 47.132681736466779 ], [ 38.672481574122138, 47.13457409690421 ], [ 38.681493055637361, 47.136538194958838 ], [ 38.690734631831823, 47.137982396850454 ], [ 38.700106600399394, 47.139080745327789 ], [ 38.728122838312586, 47.141697298961319 ], [ 38.737130546199623, 47.142758392915347 ], [ 38.745801844561328, 47.144125780826968 ], [ 38.754190501241467, 47.145764496721739 ], [ 38.762879462259214, 47.147109400766247 ], [ 38.771924676516065, 47.148123297119291 ], [ 38.809794016135861, 47.151268442088892 ], [ 38.819300435520091, 47.152413803579961 ], [ 38.828674401856659, 47.153977993645498 ], [ 38.835532189935215, 47.155490172300453 ], [ 38.848904225090209, 47.15907810864276 ], [ 38.857593440994123, 47.161668441769415 ], [ 38.865931749610532, 47.164571982306995 ], [ 38.880042293102875, 47.170359845133717 ], [ 38.886338291980039, 47.172662192534808 ], [ 38.892806032680511, 47.174735439724017 ], [ 38.901708244139066, 47.177100025740138 ], [ 38.919802917164269, 47.181258275247657 ], [ 38.928720927550202, 47.183582129229293 ], [ 38.935199562258894, 47.185613994509552 ], [ 38.941496367430602, 47.18787367286334 ], [ 38.947578898608249, 47.190300433642882 ], [ 38.955307840064663, 47.193809235851539 ], [ 38.962322000919904, 47.197908863499471 ], [ 38.968501083300225, 47.202844272572456 ], [ 38.97895751531744, 47.212135811628166 ], [ 38.988366829677318, 47.2197811192163 ], [ 38.994722943228638, 47.224639649434792 ], [ 39.001495326201358, 47.228934534021391 ], [ 39.015726503538026, 47.236839994313158 ], [ 39.023498568674754, 47.240354029722681 ], [ 39.038184579378829, 47.246127070927791 ], [ 39.051375175237141, 47.251008605072634 ], [ 39.05812726642894, 47.253258652087219 ], [ 39.064963449275773, 47.255263390482057 ], [ 39.071872245394587, 47.256916699276978 ], [ 39.081219340711492, 47.258442105885699 ], [ 39.090541167886343, 47.259229067215777 ], [ 39.099689293728034, 47.259327310380286 ], [ 39.108492679244641, 47.258714726291316 ], [ 39.116743660703122, 47.25729387814193 ], [ 39.124182232806575, 47.254885050038673 ], [ 39.130658999927697, 47.251396296389309 ], [ 39.13648673480526, 47.247180628382601 ], [ 39.141366264122233, 47.241966275347274 ], [ 39.144913572664414, 47.235387155483679 ], [ 39.147365008180707, 47.227690622219448 ], [ 39.149047782581697, 47.219209879339843 ], [ 39.150219742345982, 47.210205185353139 ], [ 39.152579237520996, 47.181947574867223 ], [ 39.15349920137443, 47.172624638050074 ], [ 39.154732819109292, 47.163592488318834 ], [ 39.156445368131237, 47.155015452919955 ], [ 39.158828412169292, 47.147086797087219 ], [ 39.165104108597234, 47.132703566091323 ], [ 39.167712294657633, 47.124999867693717 ], [ 39.169797078335208, 47.116829089761012 ], [ 39.171543279258792, 47.108433677031798 ], [ 39.174594811851769, 47.091930040549748 ], [ 39.177246044222279, 47.079194170246808 ], [ 39.178043785046242, 47.074427087417163 ], [ 39.178102341344918, 47.069973231326877 ], [ 39.176397964707469, 47.06449625004889 ], [ 39.173669683629498, 47.060983093139775 ], [ 39.169866958452189, 47.05801106434798 ], [ 39.165183105300741, 47.055599991583541 ], [ 39.157793696667113, 47.053249398133957 ], [ 39.149467812673052, 47.051690775067954 ], [ 39.140494444163892, 47.05068950305683 ], [ 39.131092674662085, 47.050063379495327 ], [ 39.092106583837626, 47.048750084472623 ], [ 39.082562916291479, 47.048191153863591 ], [ 39.073310448315674, 47.04731615139135 ], [ 39.064477224739356, 47.045979166259627 ], [ 39.056219283796757, 47.043998361472617 ], [ 39.04854916519497, 47.041325482881369 ], [ 39.040973625613113, 47.03840549792276 ], [ 39.033554686159441, 47.035112211706227 ], [ 39.015187732998136, 47.025453505545386 ], [ 39.00159114567407, 47.018933291031558 ], [ 38.993906655530431, 47.015039971667669 ], [ 38.98063116285131, 47.007442495853908 ], [ 38.968460161931283, 47.001031368685148 ], [ 38.955692040584587, 46.994941777368091 ], [ 38.949141891180147, 46.992081441551669 ], [ 38.942501402584838, 46.989387663748879 ], [ 38.935780565172877, 46.986901090522295 ], [ 38.928985894798153, 46.984670121984884 ], [ 38.919779007684113, 46.982099427948164 ], [ 38.901458937269311, 46.977376208320599 ], [ 38.89259300084975, 46.974600042284116 ], [ 38.886218163444504, 46.97211508084515 ], [ 38.880078642759898, 46.969275206390392 ], [ 38.874205419883801, 46.966112572112934 ], [ 38.860948324492249, 46.958029211111409 ], [ 38.849237605675235, 46.951247739753526 ], [ 38.824087202876704, 46.937379964833774 ], [ 38.817025861726314, 46.93290542154697 ], [ 38.804113198050722, 46.922576715906182 ], [ 38.798922400373307, 46.918829695646629 ], [ 38.793380708231389, 46.915289698195167 ], [ 38.787545105076674, 46.911960959732973 ], [ 38.781460837395429, 46.908856886235633 ], [ 38.775162395846031, 46.906000980810326 ], [ 38.768674440880595, 46.903427838534242 ], [ 38.759717448337035, 46.900422857088671 ], [ 38.743702294656771, 46.895641893653242 ], [ 38.729802965640921, 46.891797911512228 ], [ 38.7037290855856, 46.885978071991254 ], [ 38.68943871343378, 46.883214857025301 ], [ 38.679715944543631, 46.881920159770857 ], [ 38.669893675716317, 46.881042854904159 ], [ 38.659999639332682, 46.880470438986542 ], [ 38.650054456088938, 46.880117754676199 ], [ 38.630066514796312, 46.879834460490066 ], [ 38.5295435159872, 46.880479239689983 ], [ 38.509515934634457, 46.880162327290527 ], [ 38.499573218738263, 46.879744185798017 ], [ 38.489714632717039, 46.879044908040967 ], [ 38.479982688434184, 46.877944548166845 ], [ 38.47043707246408, 46.876280045424771 ], [ 38.463483460538058, 46.87457909849055 ], [ 38.456674373223862, 46.872537920284621 ], [ 38.450014691985373, 46.870233850287967 ], [ 38.443519461162303, 46.867730667371973 ], [ 38.431142571461855, 46.862324168675713 ], [ 38.423480130858053, 46.858429082289895 ], [ 38.41665435046481, 46.853925219099075 ], [ 38.410881668482183, 46.848446687065795 ], [ 38.405699117058937, 46.842304900263223 ], [ 38.40191896975513, 46.837522550183799 ], [ 38.398113645288838, 46.832055633405389 ], [ 38.394430856458982, 46.825587561468602 ], [ 38.390047851488553, 46.815570178415093 ], [ 38.378775876325264, 46.783505932231144 ], [ 38.373628384570615, 46.770657453772415 ], [ 38.371747310216023, 46.765552363363028 ], [ 38.370308804275183, 46.760454319470242 ], [ 38.370000000595724, 46.757955726904015 ] ], [ [ 36.605279227206609, 46.768819806952592 ], [ 36.628471100118887, 46.774548813117725 ], [ 36.630786527246798, 46.7748760376099 ], [ 36.637683759462348, 46.775109564442324 ], [ 36.639477470066488, 46.775358175610847 ], [ 36.642356883718037, 46.776245699267754 ], [ 36.644987896262819, 46.777493948430902 ] ], [ [ 37.006868443309997, 46.865060533293615 ], [ 37.073392448018808, 46.885017734708072 ] ], [ [ 37.19210471294241, 46.925000000150305 ], [ 37.197000492273517, 46.925088391814327 ], [ 37.200627975485091, 46.925702692414475 ], [ 37.202464663989375, 46.926373355099415 ], [ 37.208359510730887, 46.929086500343807 ], [ 37.210998488901886, 46.930108236783667 ], [ 37.216655578391531, 46.931702500979796 ], [ 37.227143269429149, 46.934263987933718 ], [ 37.231031993776185, 46.934888252338965 ], [ 37.240543608615098, 46.935271804607112 ] ], [ [ 37.486537188364025, 47.038557162067832 ], [ 37.503412415214704, 47.046817144608923 ], [ 37.543258529305845, 47.066983779543008 ], [ 37.553281023318767, 47.071888395692248 ], [ 37.560023386466639, 47.074901027865522 ], [ 37.563431088519984, 47.076252645986152 ], [ 37.566876693523014, 47.077443707537981 ], [ 37.570374688256386, 47.078412852797328 ], [ 37.573558064188873, 47.079048073391512 ], [ 37.580043779117382, 47.079814582978997 ], [ 37.589941124461042, 47.080249420919102 ], [ 37.603261405242549, 47.08030470165135 ], [ 37.663727117142514, 47.080000000301823 ] ], [ [ 37.772728892482746, 47.080000000301823 ], [ 37.779674558005638, 47.079929682252441 ], [ 37.792336985565626, 47.080320784332699 ], [ 37.808590427387621, 47.081342093534673 ], [ 37.817274464784191, 47.08217703417921 ], [ 37.825908084169058, 47.083279339780802 ], [ 37.835125466600758, 47.084814514166439 ], [ 37.850901961551358, 47.08776086920939 ], [ 37.857362222335922, 47.088643292244448 ], [ 37.863864134351729, 47.089263469882077 ], [ 37.876908655794225, 47.089920909145782 ], [ 37.889870981329715, 47.089982149201319 ], [ 37.902562336431885, 47.089475906954469 ], [ 37.908729029191292, 47.088964307753223 ], [ 37.914721353627485, 47.088229909474684 ], [ 37.920486145378042, 47.087216366710258 ], [ 37.925958377928978, 47.085850337088438 ], [ 37.939183143591507, 47.081612443352419 ], [ 37.95735485544126, 47.076752596058157 ], [ 37.964147540460367, 47.074991520075173 ], [ 37.971083756354595, 47.07346547257125 ], [ 37.977419308471951, 47.072431433607775 ], [ 37.983855431911394, 47.071673975775553 ], [ 37.99692229827231, 47.070733797543554 ], [ 38.036106698812155, 47.069356134692107 ], [ 38.04234988437188, 47.068920454837276 ], [ 38.048388215475228, 47.06828332415175 ], [ 38.054141022357527, 47.067357788597569 ], [ 38.059502069042978, 47.06603040845016 ], [ 38.064713355911159, 47.06398208565458 ], [ 38.0686722534045, 47.06181660891864 ], [ 38.076931871235232, 47.056615692637429 ], [ 38.081409849112177, 47.054005331563481 ], [ 38.08780849077958, 47.050862029420387 ], [ 38.094388665884225, 47.048074703354352 ], [ 38.107176937039817, 47.04311435609096 ], [ 38.112411149943973, 47.041222439688255 ], [ 38.116018520981577, 47.040126214967714 ], [ 38.117573904772144, 47.040000000301063 ] ], [ [ 38.144697078534762, 47.040000000301063 ], [ 38.148810561181882, 47.03996568755548 ], [ 38.149802750669927, 47.040197249037895 ], [ 38.150035659404629, 47.041185289930411 ], [ 38.149999999406759, 47.045087290414472 ] ], [ [ 37.676304482681303, 47.078423879478464 ], [ 37.702999999613326, 47.071674902929175 ], [ 37.705999999526895, 47.070992176713574 ], [ 37.708999999446256, 47.070534556969967 ], [ 37.711028903467721, 47.070522439900493 ], [ 37.714115612125319, 47.070971198288504 ], [ 37.728520252487044, 47.074630063273105 ] ] ] } },
{ "type": "Feature", "properties": { "gid": 3, "objectid": 3.0, "z": 0.2, "index": 0.0, "shape_leng": 0.181421206083, "z1": 0.0, "z2": 0.0, "index1": 0.0, "index2": 0.0 }, "geometry": { "type": "MultiLineString", "coordinates": [ [ [ 37.486537186718181, 47.038557160884068 ], [ 37.486948103760184, 47.038658809440619 ], [ 37.48672036162742, 47.037902394610313 ], [ 37.484429683578384, 47.034142669411501 ], [ 37.480294331817575, 47.028261014788519 ], [ 37.475228227643328, 47.021443434332468 ], [ 37.470189163446889, 47.014911285999425 ], [ 37.461219781592973, 47.003797031860472 ], [ 37.456629475425807, 46.998388906949181 ], [ 37.451855817111394, 46.993170120342576 ], [ 37.446750218951983, 46.988274481837465 ], [ 37.441318850994371, 46.983695613573779 ], [ 37.415888333105329, 46.964095227963043 ], [ 37.407736115990353, 46.957234546119814 ], [ 37.40255419170304, 46.952442530330181 ], [ 37.394950090666846, 46.945060621009631 ], [ 37.360479003621776, 46.910479005411958 ] ] ] } },
{ "type": "Feature", "properties": { "gid": 4, "objectid": 4.0, "z": 0.2, "index": 0.0, "shape_leng": 0.2738822266, "z1": 0.0, "z2": 0.0, "index1": 0.0, "index2": 0.0 }, "geometry": { "type": "MultiLineString", "coordinates": [ [ [ 36.130000000001019, 46.490000000594591 ], [ 36.128538018825658, 46.490362514051888 ], [ 36.126492109546604, 46.491638348421368 ], [ 36.124402259268763, 46.493723947388744 ], [ 36.12290816304543, 46.496529201207409 ], [ 36.122548639483441, 46.499381365962165 ], [ 36.123118541243066, 46.50257058783636 ], [ 36.124573886846207, 46.505970807350657 ], [ 36.127307128061723, 46.51011181359717 ], [ 36.130874196773242, 46.514258975811757 ], [ 36.134963597007953, 46.51832170955106 ], [ 36.149862075549741, 46.531666576641662 ], [ 36.174327377852613, 46.554774744151942 ], [ 36.181427035798379, 46.560874639328567 ], [ 36.185017425622277, 46.56366885380023 ], [ 36.188640190619438, 46.566214434387128 ], [ 36.192298669622112, 46.568434068836126 ], [ 36.196670704263802, 46.570531465240023 ], [ 36.201001769020337, 46.571961594163156 ], [ 36.20518897355457, 46.572599172827928 ], [ 36.209113944077259, 46.572258262747056 ], [ 36.212913443998993, 46.570640229389646 ], [ 36.216242231084209, 46.567982788380455 ], [ 36.219049019765883, 46.564587273604729 ], [ 36.221227714705655, 46.560687843988525 ], [ 36.222607518039062, 46.556468597054703 ], [ 36.222939520812979, 46.552078207813643 ], [ 36.22209907792989, 46.547890713196892 ], [ 36.220323514518718, 46.543690746971741 ], [ 36.217843116363717, 46.539499237599053 ], [ 36.214833677223638, 46.535333443986353 ], [ 36.211426369926009, 46.53120966813109 ], [ 36.207715760939251, 46.527145780533083 ], [ 36.203765981653589, 46.523163802175524 ], [ 36.19961513209109, 46.519292756230811 ], [ 36.195278047340544, 46.515571997982065 ], [ 36.190747581179068, 46.512055141693359 ], [ 36.185959878894906, 46.508791363350298 ], [ 36.180298664292458, 46.505536146338443 ], [ 36.173914388448821, 46.502347681442792 ], [ 36.167085907324108, 46.499330012723242 ], [ 36.160088963186688, 46.496587348152353 ], [ 36.15319680631346, 46.494222494615265 ], [ 36.146682650093169, 46.492330881941776 ], [ 36.140824344910186, 46.490988063862616 ], [ 36.136380226939281, 46.490265984562768 ], [ 36.132930594530421, 46.489917893336006 ], [ 36.130718609360521, 46.48985277605339 ], [ 36.130000000001019, 46.490000000594591 ] ] ] } },
{ "type": "Feature", "properties": { "gid": 5, "objectid": 5.0, "z": 0.2, "index": 0.0, "shape_leng": 0.14094479558799999, "z1": 0.0, "z2": 0.0, "index1": 0.0, "index2": 0.0 }, "geometry": { "type": "MultiLineString", "coordinates": [ [ [ 37.91871084806661, 46.617421698514136 ], [ 37.922179240084901, 46.623791065904982 ], [ 37.923549029046903, 46.626627059942088 ], [ 37.924778921094806, 46.629567056391799 ], [ 37.925692656597263, 46.63241049262524 ], [ 37.92610571262496, 46.634951707269941 ], [ 37.925827956296949, 46.636981650995111 ], [ 37.924712095868038, 46.638353431939329 ], [ 37.922935928240264, 46.639066764259759 ], [ 37.920771755140784, 46.639484541571129 ], [ 37.915766453838536, 46.639907953332823 ], [ 37.898873664765993, 46.640266482824607 ], [ 37.890289625703325, 46.640875757274344 ], [ 37.881562555360745, 46.642377242491989 ], [ 37.855680654750188, 46.648391616472892 ], [ 37.849905973322528, 46.649351222448246 ], [ 37.84709084882121, 46.649640241796583 ], [ 37.84144915655947, 46.649882921188109 ], [ 37.835764297261505, 46.649671597232214 ], [ 37.83255103772553, 46.649199424255919 ], [ 37.829101923293635, 46.64839589599481 ], [ 37.825620714633871, 46.647288752035266 ], [ 37.818945199481959, 46.644547827940777 ], [ 37.809826297065797, 46.639913147341986 ] ] ] } },
{ "type": "Feature", "properties": { "gid": 8, "objectid": 8.0, "z": 0.4, "index": 0.0, "shape_leng": 8.5337734135800005, "z1": 1.0, "z2": 0.0, "index1": 0.0, "index2": 0.0 }, "geometry": { "type": "MultiLineString", "coordinates": [ [ [ 35.770000000000437, 46.590000000296641 ], [ 35.768777816027779, 46.589391182515072 ], [ 35.76624969630484, 46.587423585059639 ], [ 35.762760677543753, 46.584259690926913 ], [ 35.753821716926481, 46.575246061619843 ], [ 35.750198894990312, 46.571943009706246 ], [ 35.744760090087105, 46.567685018813478 ], [ 35.73880822864713, 46.563610595443187 ], [ 35.725866782679624, 46.555225457468275 ], [ 35.719627556775251, 46.550925706232157 ], [ 35.714298928539563, 46.546871533884072 ], [ 35.703036526984015, 46.537372752120952 ], [ 35.686898474426194, 46.524541674577371 ], [ 35.673261573676257, 46.515625814223043 ], [ 35.666438052221771, 46.510776298679922 ], [ 35.660991161611079, 46.507160651660968 ], [ 35.649159568202037, 46.500125149011708 ], [ 35.63493380540676, 46.492409679717852 ], [ 35.616894009096789, 46.48314901230146 ], [ 35.595183885346195, 46.472422098473324 ], [ 35.576675946786928, 46.463694179779694 ], [ 35.563164693833677, 46.457781816345793 ], [ 35.556393329878752, 46.455062770101904 ], [ 35.549611523525016, 46.45257277623665 ], [ 35.531616941866858, 46.446631585282383 ], [ 35.525208002986616, 46.444148650105838 ], [ 35.519060237930631, 46.441418727342466 ], [ 35.504991880262018, 46.434098436626336 ], [ 35.498646279891176, 46.431138460048437 ], [ 35.484841183927713, 46.425180800903917 ], [ 35.477190645635218, 46.421693885525315 ], [ 35.456742637736482, 46.411604543957267 ], [ 35.453092826973574, 46.41021016560871 ], [ 35.450484365168364, 46.409528074209419 ], [ 35.449124839057589, 46.409562419825846 ] ], [ [ 35.429999999405482, 46.395563801970347 ], [ 35.430149802384435, 46.39490698825707 ], [ 35.428794086731507, 46.392410455904937 ], [ 35.425364597421932, 46.388669486469297 ], [ 35.420314571586395, 46.383736991538413 ], [ 35.40919008235592, 46.372194147255271 ], [ 35.403860978873539, 46.366473447658983 ], [ 35.398559390743593, 46.360399015573051 ], [ 35.385542864282627, 46.343646328856728 ], [ 35.372544634374961, 46.328237567820722 ], [ 35.358965468686293, 46.311810130134738 ], [ 35.355077742519562, 46.306814974185734 ], [ 35.345572152801999, 46.292991714470624 ], [ 35.334373710838271, 46.278369605585588 ], [ 35.32512688726365, 46.265629501358873 ], [ 35.315210035034809, 46.254108352379475 ], [ 35.310684969481699, 46.247857755550385 ], [ 35.306241895430979, 46.241353249258765 ], [ 35.299217271825952, 46.231706771389405 ], [ 35.29583176673102, 46.226783607930166 ], [ 35.287688075936252, 46.213202578510398 ], [ 35.283315544200065, 46.206858174621317 ], [ 35.27825428600692, 46.201161230957808 ], [ 35.259036453738034, 46.181023277723575 ], [ 35.254860667453002, 46.176431561191585 ], [ 35.243885308836752, 46.163653490684453 ], [ 35.239276682700641, 46.15913156430986 ], [ 35.23432884094084, 46.154790524882223 ], [ 35.213262853671921, 46.138041322299465 ], [ 35.206303240621871, 46.132323860229683 ], [ 35.195372403285603, 46.124130539764948 ], [ 35.178484995004474, 46.112132323077113 ], [ 35.160522144986246, 46.098260106933253 ], [ 35.144003573141951, 46.086117179896995 ], [ 35.138702154928282, 46.081974003345671 ], [ 35.133667616759013, 46.077690720899255 ], [ 35.127373666200661, 46.071712679101154 ], [ 35.118397781553703, 46.062716877202071 ], [ 35.114300189732795, 46.058085043827724 ], [ 35.109424929770839, 46.051644025349788 ], [ 35.100428542098882, 46.039023488503496 ], [ 35.096478908740103, 46.032500088094046 ], [ 35.093567172737508, 46.025091160273888 ], [ 35.09157002280692, 46.01689498472588 ], [ 35.090261194598575, 46.00813411894881 ], [ 35.089480534137842, 45.998987082603556 ], [ 35.089124831606902, 45.989600089647077 ], [ 35.089141311150577, 45.980098112070273 ], [ 35.089523971875799, 45.970595346550617 ], [ 35.090312819475976, 45.961205272957812 ], [ 35.091595940889228, 45.952050617091942 ], [ 35.093514283863051, 45.943273494668396 ], [ 35.096268856958162, 45.935045919233772 ], [ 35.098957068918516, 45.929354439111641 ], [ 35.101995774463425, 45.92394292107695 ], [ 35.109269192355079, 45.911744649517431 ], [ 35.113571333921861, 45.905182668278627 ], [ 35.123006099067865, 45.893188472830374 ], [ 35.12726603771408, 45.88673795483038 ], [ 35.131353531003647, 45.880018780794636 ], [ 35.135724095876952, 45.873405210910832 ], [ 35.139381277775826, 45.868731488980977 ], [ 35.147204958926054, 45.859890777185662 ], [ 35.152408925301785, 45.854216504054349 ], [ 35.157731826360504, 45.848915522519576 ], [ 35.162811657910453, 45.843561453578879 ], [ 35.167273417393709, 45.837729045009155 ], [ 35.171433845088515, 45.831696213239653 ], [ 35.175774349027996, 45.825914483085754 ], [ 35.185537838698203, 45.815558796296976 ], [ 35.194898633958779, 45.804859197273068 ], [ 35.205111642517139, 45.794959046061862 ], [ 35.21466216685468, 45.784211069102426 ], [ 35.224886408857522, 45.773747187660035 ], [ 35.229609524264049, 45.767881769348449 ], [ 35.234294377534148, 45.76173970240329 ], [ 35.245508845141096, 45.748166563539684 ], [ 35.254904183168051, 45.736145936205922 ], [ 35.265114141310328, 45.725657547120875 ], [ 35.274674498869402, 45.714877239367013 ], [ 35.284976069416402, 45.704946536165025 ], [ 35.294611595514233, 45.694240631160646 ], [ 35.305035607107186, 45.683950259593843 ], [ 35.314933354338216, 45.672364751710738 ], [ 35.31895334861418, 45.668090080096626 ], [ 35.333052524027124, 45.654440209072384 ], [ 35.344748102263218, 45.64440463159459 ], [ 35.355841189652224, 45.633555273053211 ], [ 35.360390102542503, 45.629734614615771 ], [ 35.365216318732621, 45.626153372188554 ], [ 35.376912173004754, 45.618546957100833 ], [ 35.383312998484385, 45.614198415684591 ], [ 35.394991430480403, 45.604673322892722 ], [ 35.414056675845067, 45.591512490088739 ], [ 35.419052929301948, 45.588230450209011 ], [ 35.424220303527427, 45.585074543476267 ], [ 35.43640561478859, 45.578158235498933 ], [ 35.442946433039758, 45.574089169386411 ], [ 35.454710018531301, 45.565059282442803 ], [ 35.460916767067665, 45.56096946678754 ], [ 35.473624208056343, 45.553033429532469 ], [ 35.487037639970715, 45.545380761233034 ], [ 35.499024832736325, 45.538240164324115 ], [ 35.504484963431068, 45.535355207270186 ], [ 35.510075266150956, 45.532635516267078 ], [ 35.525023968440451, 45.525803956768918 ], [ 35.546724258382781, 45.515022259521501 ], [ 35.554015035123605, 45.511131544162815 ], [ 35.559733138041501, 45.50830366208654 ], [ 35.565740596501826, 45.505649159929739 ], [ 35.571999874525801, 45.50321899585208 ], [ 35.580728674595257, 45.500336525283316 ], [ 35.596502387236221, 45.495641877456457 ], [ 35.610299720381924, 45.491795454106217 ], [ 35.636318653097469, 45.485894304017386 ], [ 35.650612752460134, 45.483082960552792 ], [ 35.66034104007138, 45.481767617709629 ], [ 35.670166169698895, 45.480888555671733 ], [ 35.680055406141605, 45.480344790347338 ], [ 35.689981925476701, 45.480067070782972 ], [ 35.699922560763305, 45.48001388498929 ], [ 35.709855657865951, 45.480168705520569 ], [ 35.719759005682896, 45.480538543120701 ], [ 35.729607719695522, 45.48115378331849 ], [ 35.739372024616415, 45.482069202642691 ], [ 35.74901489893103, 45.483365970005202 ], [ 35.770093282150015, 45.487348526223549 ], [ 35.797447780105927, 45.492066960942978 ], [ 35.814331919036249, 45.495549747023325 ], [ 35.822928814267613, 45.496857731846937 ], [ 35.831874391714386, 45.497596308890174 ], [ 35.841059543437638, 45.497818794741484 ], [ 35.850389959230341, 45.49753509889171 ], [ 35.859781179394865, 45.496710947942468 ], [ 35.869153527986818, 45.495265951033886 ], [ 35.876087479026431, 45.493743334618834 ], [ 35.882979555736235, 45.491933712176525 ], [ 35.90351386318963, 45.485913946903601 ], [ 35.910342624288504, 45.484063790433382 ], [ 35.919495557209707, 45.481924714019755 ], [ 35.937433051750702, 45.478237707131896 ], [ 35.954294457682799, 45.474306112702997 ], [ 35.962906258203795, 45.472734366315628 ], [ 35.971881166965169, 45.471647036453057 ], [ 35.981109952016432, 45.470938283970227 ], [ 35.990499609649135, 45.470534321211758 ], [ 35.999968207794076, 45.470390060568796 ], [ 36.00943960193635, 45.470486752155843 ], [ 36.018838138378435, 45.470830778416079 ], [ 36.028083415400573, 45.471453632716923 ], [ 36.037085119846957, 45.472412990922763 ], [ 36.045738082029125, 45.473794646332038 ], [ 36.054098284761942, 45.47553447469231 ], [ 36.062750024329496, 45.477050088621866 ], [ 36.071750072410111, 45.478296297128594 ], [ 36.099881028187013, 45.481648767081587 ], [ 36.10937730699662, 45.483046067832916 ], [ 36.130530371544047, 45.486822091347051 ], [ 36.140024633008068, 45.488214962603116 ], [ 36.168149412574301, 45.491545193471424 ], [ 36.17715216244202, 45.492786030514544 ], [ 36.185813283003696, 45.494301928323793 ], [ 36.194193889979104, 45.496052497710025 ], [ 36.202884408926117, 45.497462244970379 ], [ 36.211949354129857, 45.498476799335094 ], [ 36.221295300135537, 45.499195574171914 ], [ 36.240548228431216, 45.500032235028122 ], [ 36.260211874091866, 45.500369401923422 ], [ 36.289842877500888, 45.500261612402241 ], [ 36.309287661055627, 45.49969463148728 ], [ 36.318781655723818, 45.499165759407283 ], [ 36.328035123291698, 45.498392929718939 ], [ 36.336958331611406, 45.497289239662805 ], [ 36.345436879361849, 45.495741276324779 ], [ 36.361722413887904, 45.491971032373769 ], [ 36.378463435451422, 45.488629946015024 ], [ 36.386663093656779, 45.486762689373172 ], [ 36.394703762758681, 45.484705184217269 ], [ 36.40313294847747, 45.482989539125583 ], [ 36.411978300978419, 45.481622682057797 ], [ 36.439836714408649, 45.478119356489493 ], [ 36.449247704069549, 45.476675959988079 ], [ 36.470092040318598, 45.472671635359866 ], [ 36.497418156810156, 45.468091738780103 ], [ 36.506012453934964, 45.46638074400461 ], [ 36.514317466597852, 45.464475873490656 ], [ 36.522903954704816, 45.462920374929688 ], [ 36.531812705539068, 45.461734344967141 ], [ 36.568318251707979, 45.458080439418346 ], [ 36.577092991278903, 45.456833670860419 ], [ 36.585466869434121, 45.455185722379646 ], [ 36.601585734495664, 45.451255538895524 ], [ 36.618080119088852, 45.447698694215198 ], [ 36.626069184060974, 45.445669072232491 ], [ 36.633801796500038, 45.443396238200947 ], [ 36.64178678081732, 45.44139971626155 ], [ 36.674350148096501, 45.434700822548052 ], [ 36.682708357138502, 45.433600366287003 ], [ 36.691470858136775, 45.433175841915357 ], [ 36.700501007049283, 45.43339396331703 ], [ 36.709682757387014, 45.434273601016102 ], [ 36.716571982807906, 45.435366733729204 ], [ 36.739905869350089, 45.440162020470154 ], [ 36.749378793891928, 45.442290558123155 ], [ 36.770561939274323, 45.447656999770466 ], [ 36.803922463009876, 45.455138317265799 ], [ 36.811071873886114, 45.456493163767561 ], [ 36.82072881856736, 45.457850536213336 ], [ 36.830422799389197, 45.458735671826688 ], [ 36.840098956885569, 45.459228718582004 ], [ 36.849697714641351, 45.459373562883648 ], [ 36.859150094205098, 45.459179387859116 ], [ 36.868372461287457, 45.458620804648923 ], [ 36.877260656222298, 45.457636474657662 ], [ 36.885683590183746, 45.456126329581359 ], [ 36.909811370697717, 45.450280292337268 ], [ 36.917759678495052, 45.448214479130897 ], [ 36.925325423590238, 45.445762781050043 ], [ 36.939526056218455, 45.439918328750466 ], [ 36.94648661105753, 45.43684474413989 ], [ 36.953191588309572, 45.433498710819677 ], [ 36.966907278516892, 45.427011322713419 ], [ 36.973649066260883, 45.423562209805837 ], [ 36.99512207732996, 45.413695297797474 ], [ 37.002891453032476, 45.410574855495334 ], [ 37.030377759617053, 45.400389167198263 ], [ 37.04360647708512, 45.395861962242392 ], [ 37.050292799140621, 45.393885442107084 ], [ 37.059296947401926, 45.391642364026531 ], [ 37.076946041354397, 45.387789153631189 ], [ 37.085298984802861, 45.385721284719082 ], [ 37.093294051164079, 45.383436662339797 ], [ 37.101461770406949, 45.381424450691405 ], [ 37.118118769980782, 45.377906096396408 ], [ 37.126249976193407, 45.37600291932101 ], [ 37.134182670237927, 45.373919513364818 ], [ 37.142445180760092, 45.37217583527751 ], [ 37.151041922403948, 45.370770410971915 ], [ 37.177336167296893, 45.367047782614897 ], [ 37.185801746320998, 45.365498175440344 ], [ 37.19405607673923, 45.363731484169413 ], [ 37.202667853068547, 45.362316892380839 ], [ 37.211686039019256, 45.361304762362479 ], [ 37.221006478053795, 45.360593561908836 ], [ 37.240247758390481, 45.359787166001389 ], [ 37.250057877993001, 45.359597875059741 ], [ 37.269869089573163, 45.359533423697414 ], [ 37.289766776953172, 45.359903070444076 ], [ 37.299697024454055, 45.360311358635265 ], [ 37.309588413999315, 45.360935007157032 ], [ 37.319418333716058, 45.361850293366473 ], [ 37.329159847767677, 45.36315972604551 ], [ 37.336351752780992, 45.364436987109848 ], [ 37.369876679636128, 45.371167839179343 ], [ 37.391308599426289, 45.375745288612137 ], [ 37.400977625004572, 45.377451455230329 ], [ 37.420383852220333, 45.380555106691958 ], [ 37.430013898303983, 45.382360485819802 ], [ 37.444164395066231, 45.385730689650742 ], [ 37.46048246027663, 45.390120564145299 ], [ 37.469621294400277, 45.392975353060883 ], [ 37.476247731117049, 45.395475828938785 ], [ 37.482684586232168, 45.398299509705076 ], [ 37.488902947233775, 45.401421677774614 ], [ 37.494861681245439, 45.404832848017449 ], [ 37.500505772604264, 45.408538658680307 ], [ 37.505764378280801, 45.412560027400474 ], [ 37.512216922463203, 45.418417712466663 ], [ 37.516823039011236, 45.422958311480286 ], [ 37.521220191084659, 45.427657825500845 ], [ 37.525269992002386, 45.43259359748086 ], [ 37.530044001723645, 45.439646232711141 ], [ 37.537727688245219, 45.452391367728843 ], [ 37.540874777084369, 45.457923340890531 ], [ 37.543678277505933, 45.463668784687471 ], [ 37.546655704136903, 45.471861434725888 ], [ 37.548954911455482, 45.480471608303056 ], [ 37.554673164980684, 45.507014598221097 ], [ 37.557047621068016, 45.515567098273678 ], [ 37.561383419574803, 45.527819931267203 ], [ 37.563402099771828, 45.534036932348663 ], [ 37.565456926110663, 45.542780483915401 ], [ 37.566864206888305, 45.551923089370682 ], [ 37.567807308030993, 45.561351819372845 ], [ 37.568436979736518, 45.570973873037765 ], [ 37.569679861560367, 45.600240093129074 ], [ 37.57027224245298, 45.609886363618934 ], [ 37.571179772131643, 45.61933839419828 ], [ 37.572581264606221, 45.628485441439352 ], [ 37.574703959543548, 45.637186532299296 ], [ 37.577839960994133, 45.645260175906934 ], [ 37.58098939191612, 45.650774394618352 ], [ 37.584697093467824, 45.655941116003135 ], [ 37.588778336873006, 45.660873220659653 ], [ 37.594718507610452, 45.667194199012265 ], [ 37.598406806040629, 45.670494140699219 ], [ 37.602358850173701, 45.673624903307548 ], [ 37.60653208819835, 45.676611195976569 ], [ 37.610890229021564, 45.679473534039857 ], [ 37.616936252441846, 45.683125555772421 ], [ 37.6231971099172, 45.68661676448442 ], [ 37.62962593161518, 45.689967712753592 ], [ 37.642851782735555, 45.69628822433593 ], [ 37.656422466687012, 45.702088653257299 ], [ 37.670245760765674, 45.707253390176589 ], [ 37.688998110130548, 45.71341351730841 ], [ 37.695919233041579, 45.715909032104584 ], [ 37.70955720570548, 45.721420598728741 ], [ 37.716264033370983, 45.724387117932437 ], [ 37.729398278298987, 45.730660984140584 ], [ 37.742024839774729, 45.737344818674991 ], [ 37.748071233857637, 45.740843418241546 ], [ 37.753881669781457, 45.744458613250359 ], [ 37.759399334514868, 45.748206408244457 ], [ 37.764554859613384, 45.752108643637825 ], [ 37.777201993488696, 45.762776018775966 ], [ 37.783949089640068, 45.76748361705971 ], [ 37.796211334506452, 45.775572706539485 ], [ 37.801304922331084, 45.77935770572401 ], [ 37.806155477011373, 45.783412449712323 ], [ 37.812233953549494, 45.78926518134022 ], [ 37.816661916301804, 45.793776420989204 ], [ 37.820949024011334, 45.798430807359701 ], [ 37.824945931772135, 45.803308533742083 ], [ 37.829727367386013, 45.810263954348144 ], [ 37.840961831533754, 45.828162839321429 ], [ 37.844016038610455, 45.833732712812413 ], [ 37.847460167244101, 45.841615086006243 ], [ 37.85325969283118, 45.85804242731399 ], [ 37.856333703890584, 45.866125502679644 ], [ 37.864081751212289, 45.883525454254375 ], [ 37.866876542372665, 45.891617757762297 ], [ 37.873745055433339, 45.916041402968787 ], [ 37.876482129442387, 45.923465526558864 ], [ 37.883002782413541, 45.937068722248107 ], [ 37.88564157855425, 45.944432363513513 ], [ 37.887793807683636, 45.952261101920094 ], [ 37.891727012948095, 45.968262436796479 ], [ 37.894045955959285, 45.975912490350936 ], [ 37.896988428780425, 45.982950552371491 ], [ 37.900714070436003, 45.989226467865457 ], [ 37.904710202538041, 45.995265175713882 ], [ 37.912294475527304, 46.0079219667996 ], [ 37.916556472510791, 46.013918541723314 ], [ 37.921566098940701, 46.01930987062461 ], [ 37.940715002451107, 46.038299755137395 ], [ 37.955449954272311, 46.054000320947168 ], [ 37.983066876928675, 46.077662195471426 ], [ 37.994258623713044, 46.087686142814036 ], [ 38.00922561300397, 46.100580481202876 ], [ 38.014104735884857, 46.105012975349489 ], [ 38.018715876176103, 46.109633662464354 ], [ 38.022916824412228, 46.11452626661054 ], [ 38.027790782441549, 46.121585067864153 ], [ 38.036573141603554, 46.136362952826907 ], [ 38.047116806111411, 46.152512125263065 ], [ 38.058516194934263, 46.173336242233667 ], [ 38.061505051105193, 46.179040254246956 ], [ 38.064137112068025, 46.184943893588716 ], [ 38.066797918474812, 46.193347311757918 ], [ 38.068586864994188, 46.202186770079855 ], [ 38.069683638850925, 46.211289999607416 ], [ 38.070200389795154, 46.220500874057564 ], [ 38.070186734557375, 46.229667639506815 ], [ 38.069631821052731, 46.238630628486966 ], [ 38.068463176466729, 46.247209295671674 ], [ 38.066542283337178, 46.255188341012392 ], [ 38.06365705184146, 46.262302850128179 ], [ 38.059692097101404, 46.268403034067994 ], [ 38.050544563702722, 46.279513941934489 ], [ 38.045523757524393, 46.284680297255882 ], [ 38.039759519358839, 46.289154205322568 ], [ 38.027217570597699, 46.297339157615298 ], [ 38.006162817356255, 46.308703629706628 ], [ 38.000487419237679, 46.311506155755254 ], [ 37.994508214116351, 46.314122138720244 ], [ 37.988284121538747, 46.316513712525612 ], [ 37.964342338689598, 46.324184994182936 ], [ 37.94318183645148, 46.331334102587853 ], [ 37.935332572295493, 46.33441707093985 ], [ 37.928027159419301, 46.337919068510551 ], [ 37.920836606962219, 46.341511432816411 ], [ 37.913891988426784, 46.345423237835597 ], [ 37.907347430763238, 46.349910183071323 ], [ 37.897652188781194, 46.357022726310333 ], [ 37.880897644367757, 46.370612949095538 ], [ 37.875094666354521, 46.375654008282325 ], [ 37.869797064326349, 46.381241204026729 ], [ 37.864582825196088, 46.387050751127838 ], [ 37.860465182652213, 46.391276177732287 ], [ 37.84644490713206, 46.404780875552817 ], [ 37.835350498582933, 46.414708312454238 ], [ 37.816064920659279, 46.436097620962833 ], [ 37.811950908907285, 46.442061552014181 ], [ 37.804196424417171, 46.454521474511303 ], [ 37.79548353411726, 46.46627246927553 ], [ 37.79158712820572, 46.472785529674859 ], [ 37.787877052228275, 46.479665363150275 ], [ 37.783916180334721, 46.486536828302263 ], [ 37.780600101527241, 46.491472357882017 ], [ 37.769126563809188, 46.507440194936265 ], [ 37.764533534720272, 46.513494599928357 ], [ 37.754456371197271, 46.524322463808183 ], [ 37.745057686803676, 46.535670928275103 ], [ 37.740078838637501, 46.541131084108116 ], [ 37.735203508409128, 46.546808761990285 ], [ 37.730837013937233, 46.553170822125772 ], [ 37.722313718539993, 46.566938358195564 ], [ 37.711127066713864, 46.582151524343388 ], [ 37.702787229364837, 46.594510265615412 ], [ 37.699480172857733, 46.59993543272541 ], [ 37.696627178900634, 46.60559946801515 ], [ 37.693817120927655, 46.61370694476674 ], [ 37.692052144549912, 46.622233643614472 ], [ 37.691172733485601, 46.630953216706331 ], [ 37.691105230509358, 46.639647520577206 ], [ 37.691859751082539, 46.648090312318885 ], [ 37.693531731349182, 46.656030085280243 ], [ 37.696307233501862, 46.663171969841912 ], [ 37.700291256668962, 46.669339228385489 ], [ 37.704968097419375, 46.675004915034727 ], [ 37.709897635461175, 46.680589370630727 ], [ 37.715415301208417, 46.685755249645027 ], [ 37.720186980781442, 46.689037910988233 ], [ 37.725477307736014, 46.691756903177541 ], [ 37.731181155215232, 46.693869714358144 ], [ 37.739319442416935, 46.695704877132265 ], [ 37.747781937072013, 46.696550901455936 ], [ 37.756337374637354, 46.696556573848824 ], [ 37.764778241625628, 46.695798027680127 ], [ 37.781802122908836, 46.693258662802599 ], [ 37.790945648023708, 46.692308511389065 ], [ 37.800397960088283, 46.691585897343572 ], [ 37.810065584488619, 46.691069429334441 ], [ 37.819875914108678, 46.690751530590354 ], [ 37.829771447978132, 46.690641108910263 ], [ 37.839704693514001, 46.690766609453341 ], [ 37.849633572878425, 46.691179825740754 ], [ 37.859517207758763, 46.691960719853313 ], [ 37.869311928529832, 46.693223380499809 ], [ 37.87653290540711, 46.694535146792305 ], [ 37.883699698835265, 46.696080203502177 ], [ 37.900358426724601, 46.700100040118983 ], [ 37.909771794009956, 46.702768695089688 ], [ 37.916666025927725, 46.70511190908816 ], [ 37.923444859627374, 46.707743234808945 ], [ 37.930101629723573, 46.710619125886723 ], [ 37.936621990339326, 46.713709001456806 ], [ 37.942983005777812, 46.716994316586913 ], [ 37.949152005475149, 46.720467912373813 ], [ 37.955085152304711, 46.724133640470725 ], [ 37.960725758143695, 46.728006275152346 ], [ 37.966002324751706, 46.732111668725352 ], [ 37.977190968014298, 46.742378194626582 ], [ 37.981686307645923, 46.746864559762066 ], [ 37.985865086072423, 46.751473836151234 ], [ 38.000362696239492, 46.770245446818073 ], [ 38.004786648250182, 46.776485195304048 ], [ 38.008417160871197, 46.783438479820845 ], [ 38.011472223230712, 46.790941202975553 ], [ 38.017212544015905, 46.806388196586937 ], [ 38.021816875993245, 46.817508822444886 ], [ 38.023720983746841, 46.823120352168758 ], [ 38.025317188153572, 46.830900876935928 ], [ 38.025834956832782, 46.838788843513406 ], [ 38.025325206398598, 46.84652103794452 ], [ 38.023751869743585, 46.853824705731917 ], [ 38.021172542631319, 46.860583693039992 ], [ 38.018288674004324, 46.867376461664442 ], [ 38.015761171244691, 46.874782029945102 ], [ 38.011323349934827, 46.890816029981899 ], [ 38.008891696009087, 46.898909944465217 ], [ 38.005925788654501, 46.906695041188435 ], [ 38.002071764919101, 46.913871672440294 ], [ 37.998438651542912, 46.918662782467351 ], [ 37.994272693194432, 46.92300810261586 ], [ 37.989745835787446, 46.926972483037758 ], [ 37.977124858905228, 46.936707421344082 ], [ 37.965171745629142, 46.947065818836386 ], [ 37.960279750510679, 46.950627210724051 ], [ 37.955074322310018, 46.953885517461693 ], [ 37.949656036181601, 46.956836325976944 ], [ 37.927807077000224, 46.967078103843278 ], [ 37.905993576485997, 46.975914133214516 ], [ 37.898401709066988, 46.978395698278312 ], [ 37.882694071960515, 46.982738433984757 ], [ 37.875090218922402, 46.985135613283212 ], [ 37.845737637753309, 46.995834769012802 ], [ 37.838036494088584, 46.998206506529264 ], [ 37.821894820598246, 47.00238468249681 ], [ 37.813886034972782, 47.004671430248059 ], [ 37.806017687055665, 47.007234454564937 ], [ 37.797775509641632, 47.009606462287884 ], [ 37.782588312987301, 47.013545392195368 ], [ 37.76912200455088, 47.016682902538228 ], [ 37.759878219283671, 47.01831248848147 ], [ 37.723070388999972, 47.023210572400473 ], [ 37.714411661645052, 47.024743269120769 ], [ 37.706022999734913, 47.026503065477712 ], [ 37.697318981565161, 47.027917446629729 ], [ 37.688238394831188, 47.028932321639047 ], [ 37.678876723805914, 47.029644698200606 ], [ 37.659595820903149, 47.030423220975749 ], [ 37.639908123668427, 47.030557922474109 ], [ 37.620099032593686, 47.030029719476204 ], [ 37.610222282439636, 47.029418273046907 ], [ 37.600404766302617, 47.028471372564937 ], [ 37.590682726922807, 47.027070575548372 ], [ 37.583516454909322, 47.025671921188135 ], [ 37.576401928254896, 47.024053029231553 ], [ 37.559838617726079, 47.019914637947835 ], [ 37.550447623902734, 47.017217811827607 ], [ 37.543545006893588, 47.014876517536486 ], [ 37.536727941419016, 47.01227141378174 ], [ 37.523342442104649, 47.006458152605866 ], [ 37.510327521439493, 47.00005346600819 ], [ 37.497815187750547, 46.993195591334064 ], [ 37.491821214270963, 46.989608893901313 ], [ 37.486060007442809, 46.985910895134637 ], [ 37.480589414447671, 46.982089504244726 ], [ 37.475480978398423, 46.978126728233455 ], [ 37.462951672788172, 46.967421903252635 ], [ 37.456209361012718, 46.962840217816087 ], [ 37.438478484867858, 46.952057506615105 ], [ 37.413420400940865, 46.93504118766689 ], [ 37.381477271704881, 46.909563491837559 ], [ 37.374756641921991, 46.904514931465187 ], [ 37.367984994417775, 46.899750698424548 ], [ 37.36141999923327, 46.895371639142454 ], [ 37.35322449112644, 46.890353911655083 ], [ 37.345860897403597, 46.886681394339277 ], [ 37.339990108737339, 46.8842335941915 ], [ 37.336840447455415, 46.883070258246676 ], [ 37.335493495548555, 46.882746748073075 ] ], [ [ 37.334501137054033, 46.88225056882559 ], [ 37.330127609987997, 46.880105426351768 ], [ 37.327272840751476, 46.880000000297514 ] ], [ [ 37.313771810346061, 46.880000000297514 ], [ 37.313335655970896, 46.879805602094549 ], [ 37.310031058794749, 46.879770168764097 ], [ 37.304101011486345, 46.880378835933172 ], [ 37.296271089232157, 46.881697205136298 ], [ 37.287300168978263, 46.883833982694 ], [ 37.267925943374173, 46.889964166379322 ], [ 37.258137770732802, 46.893272867436423 ], [ 37.248986765654855, 46.896574629765013 ], [ 37.240460094901671, 46.899196825556693 ], [ 37.232978607170885, 46.901047313081548 ], [ 37.225752406435092, 46.902348809909896 ], [ 37.220037362001548, 46.90266388241529 ], [ 37.214008206206572, 46.902529726638448 ], [ 37.198949829640078, 46.901607308884181 ], [ 37.18089304603275, 46.90015872187719 ], [ 37.171890179883896, 46.899118933231456 ], [ 37.163080783109663, 46.897725836374065 ], [ 37.154601352753893, 46.895835352897294 ], [ 37.090531902425631, 46.877548983895686 ], [ 37.083620904956277, 46.875379547327562 ], [ 37.05426566751612, 46.865477087945877 ], [ 37.02341959837289, 46.856506432659195 ], [ 37.000717402525019, 46.849292788217603 ], [ 36.991897634747815, 46.846124466590894 ], [ 36.985541984490183, 46.843401801778498 ], [ 36.979408696345573, 46.840355758395674 ], [ 36.973529085301678, 46.837004616458202 ], [ 36.960211182812508, 46.82846367193558 ], [ 36.936504302910159, 46.813709658735995 ], [ 36.926341644291568, 46.806978797383401 ], [ 36.918081981703601, 46.800892678910635 ], [ 36.914191717743023, 46.79769099725646 ], [ 36.90279375362509, 46.787188291496236 ], [ 36.898047743487965, 46.782604283942447 ], [ 36.893497487535107, 46.777880613443678 ], [ 36.887759310206718, 46.771278314604501 ], [ 36.879440772436332, 46.761173893495929 ], [ 36.875596978578962, 46.755852508448044 ], [ 36.870970837457008, 46.748276536240361 ], [ 36.856702009144875, 46.723455514274342 ], [ 36.844543956729716, 46.701194913770486 ], [ 36.840953862733393, 46.695531818167552 ], [ 36.837065211095045, 46.690005159112935 ], [ 36.832934553991279, 46.684605208007028 ], [ 36.828609298907253, 46.679328947649111 ], [ 36.824128806961667, 46.674180592567858 ], [ 36.816194687210519, 46.665733105097154 ], [ 36.808343977667228, 46.658454988811947 ], [ 36.803164312705391, 46.654105091056593 ], [ 36.797846700479965, 46.64998880783174 ], [ 36.792389229638317, 46.646180692369356 ], [ 36.786785168094134, 46.642772531720311 ], [ 36.780720991556976, 46.639717630873086 ], [ 36.774548400186546, 46.637275582826902 ], [ 36.768332510306323, 46.635521990891043 ], [ 36.760061356558651, 46.634369327945763 ], [ 36.752125214585, 46.63454941822895 ], [ 36.747033693837849, 46.63543264561055 ], [ 36.742368471639857, 46.636899665982142 ], [ 36.738260499829202, 46.638927814374782 ], [ 36.733604071668005, 46.642935752164405 ], [ 36.732003516709547, 46.645475637270785 ], [ 36.730883353946588, 46.648325333485552 ], [ 36.730205950625376, 46.651412435462603 ], [ 36.7299029123038, 46.65607271129408 ], [ 36.730097866632327, 46.66101071834818 ], [ 36.730753683702595, 46.668320652260945 ], [ 36.731722100969002, 46.675661356712034 ], [ 36.734772799733982, 46.691670532068557 ], [ 36.734866247030574, 46.695648013727819 ], [ 36.73348795237618, 46.700566599747603 ], [ 36.730974229605003, 46.705440669138049 ], [ 36.727945527504893, 46.710611208641112 ], [ 36.72424134990306, 46.715700953818313 ], [ 36.719636622464485, 46.720318851882013 ], [ 36.70937015803608, 46.729310628357432 ], [ 36.70369503584886, 46.733503249617087 ], [ 36.697093751323898, 46.736847907590686 ], [ 36.689781896747853, 46.73951362162088 ], [ 36.682096209156029, 46.741795517817181 ], [ 36.666586156108259, 46.74602066951099 ], [ 36.658388768103244, 46.747490022541264 ], [ 36.64978104089964, 46.748327273427435 ], [ 36.640950042857988, 46.748629751454182 ], [ 36.632060768393558, 46.748445952426081 ], [ 36.623266672858371, 46.747778903042594 ], [ 36.614719238553548, 46.74658812840719 ], [ 36.606395775823806, 46.744970951271242 ], [ 36.597735301157044, 46.743533448429972 ], [ 36.588696742948486, 46.742336984500156 ], [ 36.560348574948414, 46.739038826998069 ], [ 36.55075221619758, 46.737628308463115 ], [ 36.529297710818952, 46.733695716973358 ], [ 36.500175263113071, 46.729144898907315 ], [ 36.490522032830107, 46.727360667802216 ], [ 36.47630615688017, 46.724018280678493 ], [ 36.459804744333468, 46.719727812980196 ], [ 36.450463039889669, 46.717007827255692 ], [ 36.443612528631817, 46.714668839024618 ], [ 36.436867230607959, 46.712078361743608 ], [ 36.430230931750913, 46.709283216686586 ], [ 36.423713786717741, 46.706320122551929 ], [ 36.411113285188009, 46.699993202322581 ], [ 36.405088507459432, 46.696661820938438 ], [ 36.39930218972912, 46.693228798829878 ], [ 36.393809169417743, 46.689694127532874 ], [ 36.37996770118815, 46.680266893694153 ], [ 36.373283300863591, 46.675522137774379 ], [ 36.362290484738438, 46.666253315588065 ], [ 36.35763994616488, 46.662093930937417 ], [ 36.353146460330471, 46.657777489716246 ], [ 36.339024197458457, 46.642705386499792 ], [ 36.335081959343299, 46.638088922930855 ], [ 36.325553978365299, 46.625530434904142 ], [ 36.315755731405353, 46.613812337436308 ], [ 36.311361927817309, 46.60737136568504 ], [ 36.307075445025809, 46.600611920116137 ], [ 36.302369485677012, 46.593922945578747 ], [ 36.298327459899326, 46.589174766267156 ], [ 36.293898977903346, 46.584604833517751 ], [ 36.289223786577111, 46.580140463641243 ], [ 36.274194031846271, 46.566568604059967 ], [ 36.258348124963327, 46.551547865184133 ], [ 36.24740407031954, 46.54071084653733 ], [ 36.226653132835452, 46.520675174547399 ], [ 36.221710334483312, 46.516158555486612 ], [ 36.211447134777615, 46.507426461949152 ], [ 36.20441271328621, 46.501766522314632 ], [ 36.200243150477107, 46.498811218732371 ], [ 36.195877579670906, 46.49603873814609 ], [ 36.191341864368802, 46.493450114846667 ], [ 36.186658308437835, 46.491052055794832 ], [ 36.181846097817306, 46.488857269784113 ], [ 36.176921738032391, 46.486884865677531 ], [ 36.171899508332409, 46.485160836772693 ], [ 36.166791918631603, 46.483718624626263 ], [ 36.157496121343613, 46.481897309274267 ], [ 36.148137376038292, 46.480938045440389 ], [ 36.138897636831395, 46.480746838167839 ], [ 36.129982848099601, 46.481309917949218 ], [ 36.121641990091753, 46.482693701995125 ], [ 36.114188986512296, 46.485048518736079 ], [ 36.10943988587087, 46.48754196832575 ], [ 36.1055678339401, 46.49064183554276 ], [ 36.102777700662713, 46.494312030556529 ], [ 36.101027343079807, 46.500020547323494 ], [ 36.101497074345708, 46.506189257174455 ], [ 36.103209212910294, 46.510827552865024 ], [ 36.105797096763212, 46.515491553333831 ], [ 36.10895707669124, 46.520237396683704 ], [ 36.113784834810382, 46.526744964684234 ], [ 36.117893234497281, 46.531551204746847 ], [ 36.141986701139821, 46.557585478206072 ], [ 36.14639455394925, 46.562559297029061 ], [ 36.151829595806888, 46.569416552586219 ], [ 36.15563496974351, 46.574545317384299 ], [ 36.159077704643813, 46.579730116316732 ], [ 36.161905801281826, 46.585066062453912 ], [ 36.164396529893658, 46.592535434817641 ], [ 36.165447603934012, 46.600102345196071 ], [ 36.165111680398375, 46.607408015648915 ], [ 36.163312621611254, 46.614062724701661 ], [ 36.159839171282016, 46.619619626030499 ], [ 36.154514810576046, 46.623727629359905 ], [ 36.147735019834791, 46.626654659412608 ], [ 36.139948408580189, 46.628757471493905 ], [ 36.131505370094544, 46.63032138019809 ], [ 36.104779051033546, 46.633936837141093 ], [ 36.096068354086761, 46.635376209332918 ], [ 36.087570059842058, 46.63702836718732 ], [ 36.078728113309516, 46.63833283075116 ], [ 36.069500126877884, 46.639244907352634 ], [ 36.05999287844481, 46.639870169762681 ], [ 36.050287458171049, 46.640288755577977 ], [ 36.030509255929537, 46.640725841841466 ], [ 36.010485001805861, 46.64084232683075 ], [ 35.990391430745241, 46.640725010013782 ], [ 35.970342733074425, 46.640284352816842 ], [ 35.960368911957183, 46.639858328910051 ], [ 35.950451456716308, 46.639215073127041 ], [ 35.940613634158069, 46.638264058681123 ], [ 35.9308863876552, 46.636882097113954 ], [ 35.923723987327236, 46.635510113763139 ], [ 35.900077816450171, 46.629991306334425 ], [ 35.890694421847776, 46.62750741205592 ], [ 35.883792718218899, 46.625386330028569 ], [ 35.876970267552139, 46.623070801837265 ], [ 35.849940220328911, 46.61316427937831 ], [ 35.817784006286317, 46.602098224498178 ], [ 35.806739992437002, 46.598634644566296 ], [ 35.796103496138606, 46.595603465906692 ], [ 35.782408159336583, 46.591944514265577 ], [ 35.777058807236173, 46.590737670461252 ], [ 35.772016911527373, 46.589930029984473 ], [ 35.770000000000437, 46.590000000296641 ] ] ] } },
{ "type": "Feature", "properties": { "gid": 7, "objectid": 7.0, "z": 0.2, "index": 0.0, "shape_leng": 0.22637576708000001, "z1": 0.0, "z2": 0.0, "index1": 0.0, "index2": 0.0 }, "geometry": { "type": "MultiLineString", "coordinates": [ [ [ 34.969999999999345, 46.080000000298242 ], [ 34.967439541595382, 46.081094049536574 ], [ 34.965192112950447, 46.08233572721582 ], [ 34.962818200242637, 46.083946175812557 ], [ 34.960724122229252, 46.085853667640094 ], [ 34.959331823027419, 46.087986782678257 ], [ 34.958985745858818, 46.090275068846523 ], [ 34.959626686820137, 46.092649371608395 ], [ 34.961030336412868, 46.095041665848662 ], [ 34.962938606745091, 46.09738422816163 ], [ 34.967198636533766, 46.10188724277733 ], [ 34.972512742282646, 46.108462339874144 ], [ 34.974809546117513, 46.11075001358536 ], [ 34.984962761061531, 46.119103295878489 ], [ 34.987289331918177, 46.121193193195943 ], [ 34.991018508953111, 46.124941087859042 ], [ 34.992936233045285, 46.126606644976675 ], [ 34.995484756757619, 46.128264957049716 ], [ 35.003502056114073, 46.132509225384325 ], [ 35.005761764985124, 46.134274649487921 ], [ 35.007309075004777, 46.136072444464084 ], [ 35.011089133291819, 46.142330421307662 ], [ 35.012456630734867, 46.144326964887568 ], [ 35.014086234066397, 46.146080613473373 ], [ 35.016519822757829, 46.14774383358067 ], [ 35.019386811799833, 46.149031255233126 ], [ 35.022564210159629, 46.150090231078281 ], [ 35.032804129143322, 46.153084263688356 ], [ 35.04299435137694, 46.156471604404928 ], [ 35.046665203782702, 46.157381843736637 ], [ 35.050624776860431, 46.15789407513742 ], [ 35.054982341077114, 46.157882334359485 ], [ 35.059193656649427, 46.157296630758317 ], [ 35.062992782889914, 46.15617899748765 ], [ 35.066130911350058, 46.154584475250942 ], [ 35.068400361051673, 46.152604914937115 ], [ 35.069514359496374, 46.150897204736694 ], [ 35.070099813943393, 46.149297514655039 ], [ 35.070245073549835, 46.14804460573788 ], [ 35.069999999404899, 46.147346744432447 ] ], [ [ 35.069635883270095, 46.099817943125295 ], [ 35.03667623039064, 46.083292821299707 ], [ 35.031870624654921, 46.081096989886809 ], [ 35.029857955320338, 46.080449284741327 ], [ 35.027421287123545, 46.080092443538263 ], [ 35.024733417016108, 46.079955035132421 ], [ 35.019729146738229, 46.080000001191365 ] ], [ [ 34.982840725989128, 46.080000000298242 ], [ 34.969999999999345, 46.080000000298242 ] ] ] } },
{ "type": "Feature", "properties": { "gid": 1, "objectid": 1.0, "z": 0.2, "index": 0.0, "shape_leng": 1.82167411312, "z1": 0.0, "z2": 0.0, "index1": 0.0, "index2": 0.0 }, "geometry": { "type": "MultiLineString", "coordinates": [ [ [ 35.450000000597356, 45.319999999701395 ], [ 35.451158777927525, 45.320277923089641 ], [ 35.453877151163397, 45.320137055092985 ], [ 35.457908701644179, 45.319611371907541 ], [ 35.462980057319896, 45.318688063749306 ], [ 35.468809659960755, 45.317340053576345 ], [ 35.475110227344516, 45.315531260814645 ], [ 35.492780044602775, 45.309412743265867 ], [ 35.500698013650059, 45.307080110789869 ], [ 35.508469092099674, 45.305355622778258 ], [ 35.515033086184332, 45.304524560671823 ], [ 35.520957428248948, 45.304397221041306 ], [ 35.526244136259571, 45.30490061888937 ], [ 35.539493647378166, 45.30732492009205 ], [ 35.563418781338967, 45.31107225077151 ], [ 35.569631497061437, 45.312266811617967 ], [ 35.57659622631293, 45.313840736699795 ], [ 35.590620093433309, 45.317251244669642 ], [ 35.609672732153278, 45.321550671648659 ], [ 35.630886764690821, 45.327024570752585 ], [ 35.649885411376125, 45.331578924455407 ], [ 35.663782516802279, 45.335534951069022 ], [ 35.68263760857905, 45.341323132363328 ], [ 35.68841847798322, 45.343440826587148 ], [ 35.694601584203134, 45.34620971927194 ], [ 35.700423226427901, 45.349410405583953 ], [ 35.705799843307211, 45.353037226089292 ], [ 35.709129620916883, 45.355701105495761 ], [ 35.717048177798091, 45.362680142057002 ], [ 35.721602333060119, 45.366986716919179 ], [ 35.725823083297819, 45.37145971972204 ], [ 35.735690018328789, 45.383797062289084 ], [ 35.739216548443665, 45.387516513078971 ], [ 35.747882257578802, 45.395902166247154 ], [ 35.758896706295978, 45.407358860003875 ], [ 35.762936239368699, 45.41119224085336 ], [ 35.769330854176438, 45.416533528818213 ], [ 35.775844816248963, 45.421312333404941 ], [ 35.782067326825576, 45.425427246338408 ], [ 35.787596468896737, 45.428773105416795 ], [ 35.792039464573769, 45.431240176516759 ], [ 35.795013638042249, 45.432712934041106 ], [ 35.796149953718512, 45.433074976562615 ] ], [ [ 35.810000000597938, 45.455980664729722 ], [ 35.809908461517104, 45.456629359533743 ], [ 35.811262877603831, 45.458786142332684 ], [ 35.814308183759699, 45.461724679071608 ], [ 35.817353880416192, 45.463911039067938 ], [ 35.821117318632211, 45.465900014703337 ], [ 35.825500911788723, 45.467549563451549 ], [ 35.830358621003938, 45.468774237467471 ], [ 35.83552763747516, 45.469507698794125 ], [ 35.841466552561002, 45.469700988030986 ], [ 35.847358725250132, 45.469289175719275 ], [ 35.85400592828077, 45.468097256685859 ], [ 35.859829878583874, 45.466084611141994 ], [ 35.862860831512684, 45.464379282471164 ], [ 35.865368091441169, 45.462384976649702 ], [ 35.868235014932836, 45.459381157462261 ], [ 35.870496503376671, 45.456012659081445 ], [ 35.871936465390611, 45.452695965551733 ], [ 35.872903597215277, 45.449181888920869 ], [ 35.874567502837699, 45.438733995388617 ], [ 35.87550675706197, 45.434923440333954 ], [ 35.87687207613606, 45.431131788023805 ], [ 35.879613481158032, 45.42592069558907 ], [ 35.883162754539143, 45.420924447961085 ], [ 35.887366932008099, 45.416176037994724 ], [ 35.892129536678119, 45.411727517742044 ], [ 35.896246327972754, 45.408456183815112 ], [ 35.900611797193875, 45.405375730042216 ], [ 35.905170782703856, 45.40245375244546 ], [ 35.914708011874239, 45.397003519309933 ], [ 35.924626232435273, 45.39203015038094 ], [ 35.934806470877852, 45.387598382914732 ], [ 35.939980235088413, 45.38564772398913 ], [ 35.945210221327812, 45.383929725953067 ], [ 35.950501270882881, 45.382503510301163 ], [ 35.956892006849117, 45.381245604056538 ], [ 35.963336492645297, 45.380402133509101 ], [ 35.969792377606517, 45.379895637096581 ], [ 35.97621647458503, 45.379676907413035 ], [ 35.98256115745496, 45.379723066405802 ], [ 35.988770301286102, 45.380036994184849 ], [ 35.994774598746588, 45.380648214489597 ], [ 36.000486113161891, 45.381615278687796 ], [ 36.005792042224819, 45.383029576353209 ], [ 36.009463471792024, 45.384416204113492 ], [ 36.022696757462185, 45.390040018178048 ], [ 36.027885965919715, 45.392801792282377 ], [ 36.031793437748355, 45.395313993159562 ], [ 36.041091920448181, 45.4016707584003 ], [ 36.04622231589277, 45.40538161702947 ], [ 36.050755103378705, 45.409202171478 ], [ 36.053615454371382, 45.412088410744843 ], [ 36.05816097364967, 45.417098978167402 ], [ 36.059962056598749, 45.418827264920132 ], [ 36.061789762228315, 45.420013499574139 ], [ 36.062831052725024, 45.419999999703577 ] ], [ [ 36.070000000596337, 45.430495642870866 ], [ 36.070090338564889, 45.43432810746441 ], [ 36.070816905500294, 45.437873525158622 ], [ 36.071499289497375, 45.439677770107075 ], [ 36.072374898892775, 45.441409955284698 ], [ 36.074463942745112, 45.444425756515109 ], [ 36.076659956124118, 45.446676326376966 ], [ 36.080237496051218, 45.449637134345572 ], [ 36.082894757056891, 45.451352882864938 ], [ 36.088500355439123, 45.454402315913974 ], [ 36.099969288193861, 45.460151693676274 ], [ 36.105767025885882, 45.462816459596866 ], [ 36.110230875707359, 45.464341089282605 ], [ 36.113450942927471, 45.464894071111473 ], [ 36.116721722495853, 45.465136376631634 ], [ 36.121561561689461, 45.465143156856513 ], [ 36.124550964702848, 45.464588253915856 ], [ 36.125723830512129, 45.464057109690202 ], [ 36.126530764574703, 45.463351503590246 ], [ 36.126880333507543, 45.462477375394812 ], [ 36.126781333737945, 45.46154805671604 ], [ 36.1259101553363, 45.459791318789705 ], [ 36.125146129248499, 45.458932663645975 ] ], [ [ 36.153962299785583, 45.461981149395172 ], [ 36.161117676618737, 45.465548486885687 ], [ 36.166396002047037, 45.46766894341804 ], [ 36.169167189830787, 45.468542042137386 ], [ 36.172060998241385, 45.46922263562314 ], [ 36.177180309738361, 45.469841355581636 ], [ 36.189030746112067, 45.47007148245126 ], [ 36.272604508143786, 45.469999999206266 ] ], [ [ 36.276666667195968, 45.472357684536348 ], [ 36.276747641123251, 45.47330488972311 ], [ 36.278347654221314, 45.473333332805851 ] ], [ [ 36.292918789832996, 45.474792727721116 ], [ 36.293835092158687, 45.475139534581153 ], [ 36.295769580313014, 45.475465797957384 ], [ 36.302005024067363, 45.475984863908963 ], [ 36.310013689458529, 45.476144156761194 ], [ 36.314155160811552, 45.476036281809947 ], [ 36.318104000904519, 45.475775830365919 ], [ 36.32164839421452, 45.475342971295994 ], [ 36.327540551692962, 45.474317494099509 ], [ 36.330567363127486, 45.473960559926851 ], [ 36.353321482886379, 45.471775756022971 ], [ 36.363185710955101, 45.470321524898246 ], [ 36.369616799266986, 45.46881578473316 ], [ 36.375562666557315, 45.466732266788817 ], [ 36.381384070969695, 45.464221706409312 ], [ 36.398625391603204, 45.455927557788669 ], [ 36.404419424523482, 45.453304535986632 ], [ 36.410320895545517, 45.451013729968693 ], [ 36.413465827482774, 45.450031446664326 ], [ 36.419879199001301, 45.448424341187078 ], [ 36.427557203203797, 45.446927747701103 ], [ 36.452704834217784, 45.442882527334234 ] ], [ [ 36.499134642021346, 45.435144226032939 ], [ 36.522598505031986, 45.431261272696659 ], [ 36.5299657424857, 45.429852504720934 ], [ 36.537056046776357, 45.427910618816803 ], [ 36.560550373180476, 45.420834887985968 ] ], [ [ 36.615936379772201, 45.404219086008148 ], [ 36.619252244010113, 45.403207057136768 ], [ 36.624219460734949, 45.401975470354657 ], [ 36.627191731393467, 45.401381716045975 ], [ 36.633678088688818, 45.400472444619979 ], [ 36.642515193021858, 45.399920075938994 ], [ 36.65999282608886, 45.399986681701492 ], [ 36.664966454636726, 45.400211475321704 ], [ 36.669912140371352, 45.400662356033145 ], [ 36.67496918771991, 45.401457168963276 ], [ 36.690087748576623, 45.404288743589575 ], [ 36.702477055149728, 45.405697289324529 ], [ 36.725334697228469, 45.408927021976623 ], [ 36.731767319333478, 45.409321530512074 ], [ 36.735286748677765, 45.409353623613178 ], [ 36.741842154159436, 45.409153720802394 ], [ 36.748600663596164, 45.408671380788128 ] ], [ [ 36.980537138639534, 45.392104489713816 ], [ 36.982405966073443, 45.392126209828604 ], [ 36.987482754429664, 45.39147496877888 ], [ 36.99518443972093, 45.39012430591449 ], [ 37.004060314602093, 45.388236822484203 ], [ 37.014221748401205, 45.385803017872767 ], [ 37.036722333502681, 45.379834715136305 ], [ 37.086035532649738, 45.365921051662625 ], [ 37.109952552558113, 45.359574624774361 ], [ 37.13393768108763, 45.353493286434855 ], [ 37.149961828725502, 45.349616320675587 ], [ 37.174081154197602, 45.344312449354575 ], [ 37.190259786824136, 45.34141763891715 ], [ 37.199492347704975, 45.340130412663619 ], [ 37.208758544246969, 45.339077826508237 ], [ 37.227361206377616, 45.337531949146054 ], [ 37.236687435506852, 45.337008678550141 ], [ 37.249996623293427, 45.336534815204949 ], [ 37.263320220705609, 45.336300943321213 ], [ 37.283315690387134, 45.336274012422372 ], [ 37.303304155686455, 45.336613761228428 ], [ 37.31661436596346, 45.337112772027005 ], [ 37.333304700091361, 45.338139392733197 ], [ 37.359871553840989, 45.340418700136112 ], [ 37.369757201877235, 45.341536128115571 ], [ 37.383281720332334, 45.343500015059391 ], [ 37.429829333850385, 45.351292969904961 ], [ 37.443977748219019, 45.354170997518978 ], [ 37.451994915988962, 45.356074600652668 ], [ 37.46917283038816, 45.360599962634893 ], [ 37.4892963057519, 45.366532495382316 ], [ 37.509712651870529, 45.373097985388227 ], [ 37.529999997619598, 45.379999999107895 ] ] ] } },
{ "type": "Feature", "properties": { "gid": 6, "objectid": 6.0, "z": 0.2, "index": 0.0, "shape_leng": 1.25988177558, "z1": 0.0, "z2": 0.0, "index1": 0.0, "index2": 0.0 }, "geometry": { "type": "MultiLineString", "coordinates": [ [ [ 34.869999999404172, 45.960000001790831 ], [ 34.870112362074792, 45.974166225172127 ], [ 34.869787633377548, 45.985099716045497 ], [ 34.868970423291024, 45.997113464946352 ], [ 34.868310170140155, 46.003115356161715 ], [ 34.867443576466187, 46.008892379729261 ], [ 34.866341056743181, 46.01427771714399 ], [ 34.864974124777916, 46.01910563184142 ], [ 34.863317550168183, 46.023213613922891 ], [ 34.86071597825763, 46.027496389513963 ], [ 34.857976348386295, 46.031445785717167 ], [ 34.855509697444667, 46.035671769653689 ], [ 34.854048705392145, 46.039233000311121 ], [ 34.852903398279764, 46.043112582192066 ], [ 34.852011164937316, 46.047248215050018 ], [ 34.851320354742889, 46.051588573112333 ], [ 34.850382010043241, 46.060723831062006 ], [ 34.84966081821883, 46.075146271374706 ], [ 34.849346264275873, 46.090021454411151 ], [ 34.849047993467629, 46.130353906236181 ], [ 34.849199942970145, 46.155318743463972 ], [ 34.8495471144726, 46.165012327148276 ], [ 34.850265395187542, 46.174346400679163 ], [ 34.85083887645871, 46.178810040427834 ], [ 34.851611036227858, 46.183087476667083 ], [ 34.852636593538534, 46.187129288292589 ], [ 34.853983176663817, 46.190874627302044 ], [ 34.855733873497314, 46.194249049988095 ], [ 34.858772123444744, 46.198115320734082 ], [ 34.862382184253683, 46.201523066349793 ], [ 34.872362042818153, 46.209930647708354 ], [ 34.876182605711215, 46.212683413702813 ], [ 34.880668656860763, 46.215421685701692 ], [ 34.886041524133944, 46.218225453383504 ], [ 34.89209346829589, 46.221013867089873 ], [ 34.898616242459319, 46.223705585457012 ], [ 34.905402756410496, 46.226220249496308 ], [ 34.912247105313604, 46.228481810149802 ], [ 34.91894320942356, 46.230424584247366 ], [ 34.926436499602566, 46.232293627065005 ], [ 34.938290237021342, 46.234983420861639 ], [ 34.942889773262998, 46.236305770710715 ], [ 34.943366220614799, 46.236683110606648 ] ], [ [ 34.962574477290026, 46.240000000298096 ], [ 34.969754554031766, 46.240056754317997 ], [ 34.971035303320278, 46.240496774796213 ], [ 34.973917401757774, 46.24195870117731 ] ], [ [ 35.020484924926151, 46.250000000300133 ], [ 35.025257659728275, 46.249909491174876 ], [ 35.031210121310671, 46.250029480310879 ], [ 35.037952417636156, 46.250571676182261 ], [ 35.041220438621941, 46.25108345945479 ], [ 35.044203509230599, 46.251803117876442 ], [ 35.046740412660192, 46.252765633763111 ], [ 35.048498281660748, 46.253803991515746 ], [ 35.051335276048817, 46.256013098299022 ], [ 35.052876497575724, 46.256997328674338 ], [ 35.054885778722038, 46.257893791535508 ], [ 35.059512723385197, 46.259171138141248 ], [ 35.067181490802099, 46.260777282898303 ], [ 35.072275864171679, 46.262292589539484 ], [ 35.074732668656907, 46.26325939661119 ], [ 35.079460488384974, 46.26552092791848 ], [ 35.083817064135474, 46.268142777987961 ], [ 35.08757014797925, 46.271115024633971 ], [ 35.091638817187388, 46.275387849381808 ], [ 35.09306661794276, 46.276614686372035 ], [ 35.094908670255798, 46.277758961371298 ], [ 35.096930735586511, 46.278687838012644 ], [ 35.103362542181571, 46.281028457268746 ], [ 35.105394988670938, 46.281934306159457 ], [ 35.107244225597348, 46.28305279339606 ], [ 35.108667633350805, 46.284263374290937 ], [ 35.1126106366493, 46.288586983694145 ], [ 35.114546780737555, 46.290420368913168 ], [ 35.121222095986859, 46.295869691874174 ], [ 35.123570250375558, 46.298262389579939 ], [ 35.125733925436442, 46.301077329181631 ], [ 35.127504486042447, 46.304257956283955 ], [ 35.128520248100713, 46.306941849897399 ], [ 35.129238048201763, 46.309683562491472 ], [ 35.129984714420303, 46.314861028701827 ], [ 35.130127906202716, 46.318847043731083 ], [ 35.129999999408028, 46.32075209199153 ] ], [ [ 35.138682922951268, 46.330000000301879 ], [ 35.139036718618314, 46.329961582330668 ], [ 35.140434781637481, 46.330714101341819 ], [ 35.150183082340561, 46.336813327948605 ], [ 35.156655280941365, 46.340302311737716 ], [ 35.164184098609162, 46.343883481499127 ], [ 35.171567491946647, 46.346971999825186 ], [ 35.187099072876968, 46.352673499166684 ], [ 35.203408403917066, 46.358047988203182 ], [ 35.210295493532414, 46.359858350305863 ], [ 35.216089901927724, 46.3608198446411 ], [ 35.221355448860805, 46.361005812327406 ], [ 35.226042224375199, 46.360192641471826 ], [ 35.228813229569809, 46.35898215278894 ], [ 35.231358840481263, 46.357339343913296 ], [ 35.233772947492199, 46.355400441308618 ], [ 35.239294807245905, 46.350326594074069 ], [ 35.242264844168602, 46.347083638930414 ], [ 35.244797626552092, 46.343370243515885 ], [ 35.246276941605743, 46.340180718474521 ], [ 35.247409588169489, 46.336687813849409 ], [ 35.248236886593517, 46.332961094370468 ], [ 35.248790257945004, 46.329062531909258 ], [ 35.249091920678929, 46.325048120177065 ], [ 35.249155439244959, 46.320969390746363 ], [ 35.248986119688816, 46.316874829093287 ], [ 35.24858125156095, 46.312811207944279 ], [ 35.247930200977962, 46.308824842676486 ], [ 35.24701436281854, 46.304962780748646 ], [ 35.245806985173203, 46.301273933705126 ], [ 35.244272881759649, 46.297810146376122 ], [ 35.241710915413876, 46.293569857979961 ], [ 35.235731698418135, 46.28551547851297 ], [ 35.226601230384738, 46.272406874438957 ], [ 35.22368963286592, 46.268776704337064 ], [ 35.214368426382805, 46.257974270220295 ], [ 35.200859202325859, 46.241346051786891 ], [ 35.197113055355075, 46.236156332371962 ], [ 35.194856785944545, 46.232515722425909 ], [ 35.188732107296659, 46.221213596922588 ], [ 35.186637915376664, 46.21749117197097 ], [ 35.184376257934566, 46.213882202797222 ], [ 35.180580317991968, 46.208789265653309 ], [ 35.17640876951495, 46.203968675166692 ], [ 35.168904498205976, 46.196136511949156 ], [ 35.165310566451048, 46.192847678440238 ], [ 35.159100065408985, 46.187978999082823 ], [ 35.152145918985589, 46.183273745075255 ], [ 35.144817804988506, 46.178825730724292 ], [ 35.131972283413276, 46.17154156592413 ], [ 35.126238565604453, 46.168069608199453 ], [ 35.114678356492263, 46.160092628175327 ], [ 35.111591620554805, 46.157758900670729 ], [ 35.110066180032206, 46.156269440098789 ], [ 35.110000000597211, 46.155851417671698 ] ], [ [ 35.110000000597211, 46.112022621482389 ], [ 35.110168810260461, 46.111512657057965 ], [ 35.111402108235005, 46.110872326305639 ], [ 35.113492564790739, 46.110375869281668 ], [ 35.117248762539084, 46.109961785216562 ], [ 35.125795697550075, 46.109953584802298 ], [ 35.128886419783456, 46.110250485952328 ], [ 35.130891846653135, 46.110732600773211 ], [ 35.132851223735159, 46.111461374366201 ], [ 35.136694318858524, 46.113241692805239 ], [ 35.145252012436693, 46.117576990003634 ], [ 35.148940075990083, 46.119661416525723 ], [ 35.150795286024831, 46.121020018761442 ], [ 35.152755313060311, 46.122753005591342 ], [ 35.157119215961053, 46.12711921774612 ] ], [ [ 35.188614197608203, 46.14930709999674 ], [ 35.192488818594775, 46.152700223586066 ], [ 35.205222257384825, 46.165277617790061 ], [ 35.209232488140543, 46.16882660111731 ], [ 35.211384351407474, 46.170348916837973 ], [ 35.213640417409273, 46.171676728310594 ], [ 35.225245730032597, 46.17770033711237 ], [ 35.22725991488123, 46.179080835819079 ], [ 35.228123016483629, 46.179860353398965 ], [ 35.228837055301021, 46.180732216680696 ], [ 35.229371619669877, 46.181734599078858 ], [ 35.229996386814378, 46.184036377648667 ], [ 35.230153514697335, 46.185474055888932 ], [ 35.230236704909501, 46.19064094083906 ], [ 35.229999999404754, 46.197351640133753 ] ], [ [ 35.246906701058478, 46.220000000297659 ], [ 35.247552082457233, 46.220112760807176 ], [ 35.2487681680105, 46.22081543244505 ], [ 35.252511774166464, 46.223650466209016 ], [ 35.257263293629187, 46.227751385874505 ], [ 35.262165753737492, 46.232273088633555 ], [ 35.29732740063973, 46.267227630442306 ], [ 35.306258485169565, 46.276449740830181 ], [ 35.311231427716358, 46.282304423337685 ], [ 35.315764082617335, 46.288530576148034 ], [ 35.333331449039662, 46.314997174649292 ] ], [ [ 35.49751382502631, 46.449171276253459 ], [ 35.526448355007503, 46.458833616654985 ], [ 35.527762392315616, 46.459551287864926 ], [ 35.528759832409214, 46.460593208799551 ], [ 35.529109851340564, 46.461868155699214 ], [ 35.528700736260689, 46.463572961780969 ] ], [ [ 35.762305381224117, 46.59615269240139 ], [ 35.769378232170247, 46.599463241940988 ], [ 35.78273489610978, 46.6050922742984 ], [ 35.869999990463839, 46.639999997167251 ] ] ] } },
{ "type": "Feature", "properties": { "gid": 9, "objectid": 9.0, "z": 0.6, "index": 0.0, "shape_leng": 5.4784408731100003, "z1": 0.0, "z2": 0.0, "index1": 0.0, "index2": 0.0 }, "geometry": { "type": "MultiLineString", "coordinates": [ [ [ 36.730000004768954, 46.610000002387096 ], [ 36.731901090340799, 46.60978194394437 ], [ 36.737247202192194, 46.609910420308935 ], [ 36.745323898853655, 46.610611867411762 ], [ 36.755426453033124, 46.612145802531174 ], [ 36.763861795083734, 46.613968187006563 ], [ 36.772780562942316, 46.616354271308396 ], [ 36.781937573532268, 46.619224132082131 ], [ 36.791090850693308, 46.622479899340334 ], [ 36.799998991745412, 46.62601524240867 ], [ 36.80841984476946, 46.629720919418915 ], [ 36.816110109980016, 46.633487555842876 ], [ 36.822825949718485, 46.637206611135255 ], [ 36.828820107883757, 46.640925110909627 ], [ 36.834575831405104, 46.644804045644811 ], [ 36.840040280598302, 46.648869712829928 ], [ 36.845147210178652, 46.653156631528027 ], [ 36.851462165961216, 46.659229939203968 ], [ 36.860485748179137, 46.668473777005218 ], [ 36.864674010783489, 46.673257320621715 ], [ 36.874918335904837, 46.68649049191599 ], [ 36.878978915129274, 46.691153121930789 ], [ 36.89307215369783, 46.705602637778838 ], [ 36.90480479345355, 46.716020126185391 ], [ 36.916213326195376, 46.72724789932429 ], [ 36.921021934202265, 46.731228529563147 ], [ 36.926219266930254, 46.734989264203072 ], [ 36.931713654885698, 46.738552256125551 ], [ 36.937426802114864, 46.74193066467776 ], [ 36.943291224087169, 46.745129048197413 ], [ 36.965136182595003, 46.755858896683549 ], [ 36.978673490323601, 46.763253565235502 ], [ 36.98477330096933, 46.766320354543403 ], [ 36.997489825587181, 46.772081245413446 ], [ 37.004065058153245, 46.774705973353392 ], [ 37.010769286020412, 46.777100518320033 ], [ 37.019942278780007, 46.779931031106415 ], [ 37.043176076392463, 46.786482428587291 ], [ 37.050202104526782, 46.788315019503834 ], [ 37.059706790823938, 46.790512975305511 ], [ 37.07637489484005, 46.79413185476416 ], [ 37.090693990444613, 46.79693252367241 ], [ 37.100432165863523, 46.79826332833381 ], [ 37.110267887408405, 46.799184331265799 ], [ 37.120173338736919, 46.799807024077481 ], [ 37.140110718751295, 46.800470367064563 ], [ 37.160112669588742, 46.800680075719235 ], [ 37.180066516079464, 46.800619365581909 ], [ 37.199827435436944, 46.800290499933851 ], [ 37.219156988635611, 46.799522258119701 ], [ 37.22854018274473, 46.798862744734613 ], [ 37.237640699117016, 46.797926621040709 ], [ 37.246361238782612, 46.796616921120503 ], [ 37.254759199293048, 46.794990789442409 ], [ 37.263413646262975, 46.793626588609662 ], [ 37.272368705393582, 46.792567271299326 ], [ 37.299804635034697, 46.789965744435307 ], [ 37.308722711917504, 46.788862374611085 ], [ 37.317285390040183, 46.787390447326416 ], [ 37.325307530443069, 46.785356582755718 ], [ 37.332742902530534, 46.78270331072946 ], [ 37.340043904794044, 46.779867744228838 ], [ 37.347097052437398, 46.776715836205142 ], [ 37.360403709953943, 46.769288850578469 ], [ 37.366832998584044, 46.765106779988272 ], [ 37.372831067344713, 46.760255117953967 ], [ 37.377224474406212, 46.756388019884021 ], [ 37.38149840876612, 46.752344225915536 ], [ 37.385503657599095, 46.748089280382096 ], [ 37.399594254658176, 46.730290707320727 ], [ 37.403949025774956, 46.724347609068872 ], [ 37.40754138633924, 46.717738904014588 ], [ 37.416553641639517, 46.696489737601752 ], [ 37.419953010898062, 46.689864672647595 ], [ 37.423125365499978, 46.68302816792071 ], [ 37.425483751928965, 46.675387745611104 ], [ 37.427109230592741, 46.667020664830297 ], [ 37.428211209726008, 46.658133757730212 ], [ 37.428958698259969, 46.648894366548646 ], [ 37.430997960740143, 46.610991337773115 ], [ 37.431871945239202, 46.601879907567579 ], [ 37.433173563997727, 46.593196179436909 ], [ 37.435096306568909, 46.585133660989108 ], [ 37.43788383823879, 46.577935927644823 ], [ 37.441663348582637, 46.571729900629379 ], [ 37.45013513608076, 46.560227065415013 ], [ 37.454600123435981, 46.554700327100704 ], [ 37.464690903987758, 46.544785819974443 ], [ 37.474426057831856, 46.53445241515481 ], [ 37.485083343525368, 46.524901756823503 ], [ 37.495248125343096, 46.514575985935245 ], [ 37.506431788923017, 46.504731338189721 ], [ 37.515875851377075, 46.495080592113212 ], [ 37.519824936304495, 46.490719156242918 ], [ 37.523515642636767, 46.486157228926317 ], [ 37.527901624847317, 46.479704998306318 ], [ 37.531988497652385, 46.473192823546015 ], [ 37.536252954331445, 46.467037041693239 ], [ 37.545820561663412, 46.456119708175876 ], [ 37.554823663367166, 46.444897950594303 ], [ 37.564306962558248, 46.434233471813052 ], [ 37.568472743655441, 46.428306599776455 ], [ 37.5723959171915, 46.422097760238536 ], [ 37.576520815980984, 46.416027094379885 ], [ 37.585753682023622, 46.404551116638451 ], [ 37.589992170324855, 46.398190979591796 ], [ 37.600350604447982, 46.381149687498066 ], [ 37.603154056999891, 46.37570015190235 ], [ 37.606189764951672, 46.367895855804292 ], [ 37.608595381732393, 46.359699581362328 ], [ 37.612653130237462, 46.343042819737946 ], [ 37.614819020801306, 46.335013956377992 ], [ 37.617413070048627, 46.327482699737743 ], [ 37.623535138192899, 46.313487198604079 ], [ 37.625816315676083, 46.3057504906742 ], [ 37.627412265382183, 46.297344467020203 ], [ 37.628499900056525, 46.288440535267547 ], [ 37.629215879380624, 46.279171431624391 ], [ 37.629923915313626, 46.259918119762219 ], [ 37.630098083325748, 46.240129554934718 ], [ 37.630094772381177, 46.190069187973535 ], [ 37.630524749226936, 46.170280241981295 ], [ 37.631001634381178, 46.160550167462347 ], [ 37.631751403753348, 46.150993645783885 ], [ 37.632877991756928, 46.141678384103514 ], [ 37.634517536671751, 46.132693430575024 ], [ 37.636845995214102, 46.124154510375519 ], [ 37.639094018995891, 46.118125621478441 ], [ 37.643955352025593, 46.106366688465215 ], [ 37.646735968104203, 46.098261994660518 ], [ 37.651478927712994, 46.081869000246165 ], [ 37.65394171582637, 46.073973767948928 ], [ 37.65680183539078, 46.066564328733065 ], [ 37.663374064928163, 46.052765216852926 ], [ 37.665844353743168, 46.045104109372083 ], [ 37.667606510117693, 46.036762788365635 ], [ 37.668835038092048, 46.027918209991171 ], [ 37.669660233106526, 46.018710889907148 ], [ 37.670174433274155, 46.009252769304275 ], [ 37.670437032319619, 45.99963467990159 ], [ 37.670477947817346, 45.989933292735181 ], [ 37.67029940718438, 45.98021760264006 ], [ 37.669875994583244, 45.970555094540323 ], [ 37.669152947580635, 45.961017825929744 ], [ 37.668042735586063, 45.951688603279329 ], [ 37.666420022151115, 45.94266738568426 ], [ 37.664115259174288, 45.934077982836037 ], [ 37.661891100120314, 45.928006065951301 ], [ 37.657092007537194, 45.916157735167495 ], [ 37.654357559567494, 45.907999008034913 ], [ 37.649667336728832, 45.891551036403925 ], [ 37.647169829054697, 45.883681627245331 ], [ 37.644189865025396, 45.876360787457671 ], [ 37.636896436315673, 45.863062381404127 ], [ 37.633653814027205, 45.855914326879905 ], [ 37.627611644967693, 45.840678336165709 ], [ 37.624088467546834, 45.833149115858419 ], [ 37.620993729921324, 45.827765323195322 ], [ 37.609764696795722, 45.810117415179484 ], [ 37.605071449648555, 45.803119839105939 ], [ 37.601187895071241, 45.798154215003493 ], [ 37.597066727212983, 45.793356994425984 ], [ 37.587239348341896, 45.782385032026326 ], [ 37.582851136419819, 45.777917688771588 ], [ 37.568081718554168, 45.763812947197337 ], [ 37.556316364866596, 45.753282326631151 ], [ 37.545475581661385, 45.74143554976888 ], [ 37.541094973965834, 45.737023618759494 ], [ 37.536474976110561, 45.732685126237548 ], [ 37.525212876885966, 45.722618586977944 ], [ 37.519977659223926, 45.718546802091431 ], [ 37.514417492009244, 45.71467780986481 ], [ 37.508605806381091, 45.710982734657918 ], [ 37.496468144448748, 45.704038720781746 ], [ 37.490241783300441, 45.700770551950797 ], [ 37.47768171463332, 45.694646423825418 ], [ 37.463146075935192, 45.688215419528575 ], [ 37.455187962654435, 45.684522738356257 ], [ 37.441840452122264, 45.677515925731775 ], [ 37.435971273159623, 45.674639175862026 ], [ 37.414179051523412, 45.664860799674265 ], [ 37.400607496383657, 45.658238434594104 ], [ 37.394455213556569, 45.655624776279197 ], [ 37.388091184761592, 45.653234677731675 ], [ 37.379269725791318, 45.650404135071717 ], [ 37.35655500721316, 45.643839899351221 ], [ 37.349620741869913, 45.641999379663659 ], [ 37.323669728789518, 45.636096744065725 ], [ 37.30944747889054, 45.633161332124963 ], [ 37.299783842462539, 45.631669782327251 ], [ 37.290040361704406, 45.630500997028122 ], [ 37.260683672329833, 45.62752055902547 ], [ 37.250959279977195, 45.626277870333524 ], [ 37.229348209804677, 45.622958675358809 ], [ 37.219593694249284, 45.621863936935782 ], [ 37.209763178971663, 45.621095357480876 ], [ 37.189949028479681, 45.620213962809849 ], [ 37.170014148216964, 45.619843415345642 ], [ 37.140008144688544, 45.619699936156927 ], [ 37.049845119917748, 45.619753318120118 ], [ 37.01996278440798, 45.619911676229265 ], [ 37.000290303052573, 45.620255554828724 ], [ 36.981063510980611, 45.621038816528902 ], [ 36.97173266670498, 45.621711101766422 ], [ 36.962681230700369, 45.622661713142392 ], [ 36.954001623867967, 45.623983147669797 ], [ 36.945629023614046, 45.625610644109067 ], [ 36.936973354483186, 45.626954127300586 ], [ 36.927974505897019, 45.627953475142412 ], [ 36.918734716285321, 45.628710880831576 ], [ 36.881020637919555, 45.630973613419471 ], [ 36.871787938329632, 45.631731519653151 ], [ 36.862804381451156, 45.632736913005402 ], [ 36.854178295378958, 45.634098094965402 ], [ 36.845858458455787, 45.635763947379992 ], [ 36.837267389568851, 45.637157250655655 ], [ 36.828357719217905, 45.638231238696335 ], [ 36.7917171873736, 45.641550708515453 ], [ 36.782810979871797, 45.642658389933132 ], [ 36.774224014217509, 45.644108266259273 ], [ 36.765908020094329, 45.645863969646925 ], [ 36.757284096380666, 45.647363114370343 ], [ 36.748298879193904, 45.648575005048379 ], [ 36.720143140562712, 45.651815012751079 ], [ 36.710609991865987, 45.653197536378002 ], [ 36.689283255685638, 45.657046042633169 ], [ 36.650641898114337, 45.662733698932804 ], [ 36.629304454362988, 45.66656864663517 ], [ 36.61976550884841, 45.667949373078571 ], [ 36.591603480007258, 45.671268928339181 ], [ 36.582627775352911, 45.672570557167631 ], [ 36.574025856374043, 45.674219529836961 ], [ 36.565750880793608, 45.676211994113125 ], [ 36.557232912165311, 45.678021734611626 ], [ 36.539491715368634, 45.681315470478879 ], [ 36.530526235611774, 45.683178325080029 ], [ 36.523897017656182, 45.684790405499335 ], [ 36.502303070826208, 45.690558774678038 ], [ 36.494081599937942, 45.6929292781941 ], [ 36.48618007636361, 45.695450981622962 ], [ 36.478073589126403, 45.697651262306444 ], [ 36.461459899430572, 45.70147056332528 ], [ 36.453317762442559, 45.703527609147912 ], [ 36.445356303047632, 45.705800506435018 ], [ 36.437050104372716, 45.707801620811118 ], [ 36.419561331232543, 45.711328634989428 ], [ 36.410689513709762, 45.713280729477802 ], [ 36.40413465189453, 45.714964503546412 ], [ 36.382949223331345, 45.72112846048006 ], [ 36.375027869236902, 45.723789363578277 ], [ 36.367555867841197, 45.726726682913693 ], [ 36.34522975213121, 45.73506152640708 ], [ 36.337510756391147, 45.737498400955644 ], [ 36.321379676752507, 45.741787207156506 ], [ 36.313399680646995, 45.744149502079694 ], [ 36.305583333234217, 45.746829082080104 ], [ 36.282535822179469, 45.75394570164282 ], [ 36.260871780255307, 45.760854275260307 ], [ 36.252339853622864, 45.763760161269921 ], [ 36.246190998641943, 45.766192443552377 ], [ 36.240275612783229, 45.768838066527898 ], [ 36.234640501044311, 45.771646282644397 ], [ 36.227460284319946, 45.775491133591679 ], [ 36.220261358572884, 45.779024988125663 ], [ 36.20622249054172, 45.78589536587527 ], [ 36.199069800519204, 45.789044254814328 ], [ 36.184504195284163, 45.795026199281686 ], [ 36.176745627484237, 45.797604889211023 ], [ 36.160266264592508, 45.80217588191524 ], [ 36.151990135131598, 45.804734946278245 ], [ 36.145975846707834, 45.806966666917837 ], [ 36.140160006729516, 45.809452317224292 ], [ 36.134598913086556, 45.812134303962196 ], [ 36.127491810662121, 45.815852690647581 ], [ 36.106441602161979, 45.826074172363114 ], [ 36.099389440729119, 45.82920273116256 ], [ 36.085183729930705, 45.835172818036646 ], [ 36.07773096139983, 45.837750730574193 ], [ 36.062277448214246, 45.842302528594743 ], [ 36.054811094674314, 45.844826767369455 ], [ 36.033433598970781, 45.853451579596872 ], [ 36.026501138280132, 45.856554898707316 ], [ 36.004711462929585, 45.865146810506999 ], [ 35.996921811005798, 45.86764542881064 ], [ 35.980364746805655, 45.872111056536461 ], [ 35.972035298987457, 45.874621920618701 ], [ 35.96597067601833, 45.876811084568324 ], [ 35.96009195508951, 45.87924347930911 ], [ 35.947203168540703, 45.885447926237489 ], [ 35.939867562860066, 45.888712432432364 ], [ 35.925325723241151, 45.894876834141847 ], [ 35.917781296269318, 45.897520607412687 ], [ 35.90223542870784, 45.902158606356672 ], [ 35.89475421740817, 45.904708690719737 ], [ 35.87342619587708, 45.913365649946307 ], [ 35.866545617831605, 45.916469047266858 ], [ 35.845098792814753, 45.925042548221136 ], [ 35.837524098737703, 45.927531664036216 ], [ 35.821657349257919, 45.931979814460057 ], [ 35.813856195581018, 45.934485924952149 ], [ 35.79055480302538, 45.943270595272146 ], [ 35.784664102034696, 45.945758503154273 ], [ 35.778873852641652, 45.948449269485366 ], [ 35.765881268002644, 45.955200348434495 ], [ 35.744856099520518, 45.965113850324698 ], [ 35.739285836792405, 45.968019941127594 ], [ 35.727018684456361, 45.97507448454612 ], [ 35.706451234818772, 45.985965340349551 ], [ 35.69275475521215, 45.992694569724243 ], [ 35.686063996425403, 45.996188339572853 ], [ 35.672196883732504, 46.002834739729963 ], [ 35.665339612768747, 46.006398208825246 ], [ 35.650958301049563, 46.013487172917451 ], [ 35.645667589912513, 46.01649071181911 ], [ 35.640592375054339, 46.019795587444925 ], [ 35.635837302345863, 46.02340192625563 ], [ 35.624303868599171, 46.03389856596138 ], [ 35.612174516751786, 46.043826478305341 ], [ 35.60177607423752, 46.053436625512198 ], [ 35.597287420826291, 46.057749607809761 ], [ 35.592935415840635, 46.062248584355451 ], [ 35.583357380001338, 46.073445521011315 ], [ 35.579433019036735, 46.078414340281647 ], [ 35.575817392724886, 46.08360865164066 ], [ 35.57162352997139, 46.091024457137777 ], [ 35.564099878443187, 46.106480877756184 ], [ 35.55813141420613, 46.117821575917134 ], [ 35.55537893341107, 46.123640542772925 ], [ 35.552319961797984, 46.131838119444424 ], [ 35.54978733888273, 46.140351554862995 ], [ 35.545154744761859, 46.157564931870326 ], [ 35.542531325814629, 46.165900461235928 ], [ 35.538060142558827, 46.177787132415489 ], [ 35.536105986030066, 46.183771958144497 ], [ 35.534324191937415, 46.192114383563393 ], [ 35.53347537741346, 46.200706478483966 ], [ 35.533485534388653, 46.209371822667784 ], [ 35.534354422278, 46.217937333196019 ], [ 35.536155485227056, 46.226223010307102 ], [ 35.538122991413701, 46.232141615533585 ], [ 35.542615896586469, 46.243813297371354 ], [ 35.545247269492677, 46.251919546820183 ], [ 35.549862735052351, 46.268352207968078 ], [ 35.552357322119768, 46.276238951250399 ], [ 35.555345043546154, 46.28358482412812 ], [ 35.562671236398131, 46.296937608904678 ], [ 35.565938855966557, 46.304106540070862 ], [ 35.572069888087292, 46.319346319328588 ], [ 35.575675794594616, 46.326843706310228 ], [ 35.578860759667904, 46.332180606604176 ], [ 35.590708764874776, 46.349430582824894 ], [ 35.595878443954696, 46.35610119617202 ], [ 35.600249687119131, 46.360727722620219 ], [ 35.605004651850393, 46.365081464918461 ], [ 35.610016216600606, 46.369226754341668 ], [ 35.615169554629773, 46.373218132008162 ], [ 35.632240971281846, 46.385892462642111 ], [ 35.659069138766071, 46.403266228573344 ], [ 35.670941123592428, 46.4102298527146 ], [ 35.683475826408539, 46.417078623152392 ], [ 35.709583319047233, 46.430620241590432 ], [ 35.742970939433647, 46.447372009390733 ], [ 35.763151087684285, 46.457148095655178 ], [ 35.776666446747051, 46.463350560022718 ], [ 35.783451985238599, 46.466287586790813 ], [ 35.797105775331104, 46.471650387803692 ], [ 35.803988792634783, 46.473975290322947 ], [ 35.810921591305053, 46.475975738880919 ], [ 35.82030216118148, 46.478083369048377 ], [ 35.829710047744115, 46.479696270342508 ], [ 35.85724617567589, 46.483406517611058 ], [ 35.874183396179077, 46.486229868038393 ], [ 35.882769548479509, 46.487193822085629 ], [ 35.89166856780939, 46.487558023690156 ], [ 35.900759509552444, 46.487354973769882 ], [ 35.90993214739877, 46.486570071150446 ], [ 35.916767274324748, 46.48560492262154 ], [ 35.948533411997659, 46.480174899090144 ], [ 35.957284497421547, 46.478528143707941 ], [ 35.965643584654806, 46.476581577814557 ], [ 35.973621905967597, 46.474324881237045 ], [ 35.981749505449358, 46.472269460557094 ], [ 35.998232218946697, 46.468477689259615 ], [ 36.006204875453982, 46.466329244170112 ], [ 36.013905127886211, 46.463899131275774 ], [ 36.021832074728692, 46.46166959232842 ], [ 36.038056108410018, 46.457418306055949 ], [ 36.045938976581184, 46.454927501789548 ], [ 36.069462749428261, 46.446287380542927 ], [ 36.095176083842233, 46.435931499508158 ], [ 36.103523272745555, 46.433550900344258 ], [ 36.11236911156152, 46.431867984021359 ], [ 36.121576715252914, 46.430721086988918 ], [ 36.131035189154275, 46.429996156600446 ], [ 36.140652646207059, 46.429621742443487 ], [ 36.150349314968942, 46.429565712577137 ], [ 36.160050842021981, 46.42983401155022 ], [ 36.169681601666298, 46.43047164382822 ], [ 36.179157749877511, 46.431565956139565 ], [ 36.188379895736389, 46.433252207449087 ], [ 36.195024277900359, 46.434971961694856 ], [ 36.201445211215706, 46.437026070249125 ], [ 36.207617021249781, 46.439332851134999 ], [ 36.21541872103905, 46.442791219953683 ], [ 36.222456288556693, 46.446952327505841 ], [ 36.228608350120368, 46.452061763532221 ], [ 36.258409069799399, 46.480929787823683 ], [ 36.274037388003094, 46.494523158276444 ], [ 36.299169667746504, 46.513084592433728 ], [ 36.321202432811319, 46.52824950301958 ], [ 36.333836793230212, 46.537425471117047 ], [ 36.339400344321731, 46.541181265452231 ], [ 36.345167740618336, 46.544740040033325 ], [ 36.351079630257651, 46.548109288963659 ], [ 36.363123304474264, 46.554268843110663 ], [ 36.384742891545883, 46.56380778185472 ], [ 36.406185340960619, 46.574239936706498 ], [ 36.427146491972927, 46.585653073703455 ], [ 36.439690123539023, 46.593354125400772 ], [ 36.445444013232965, 46.596661882334637 ], [ 36.457497118059976, 46.60315779267966 ], [ 36.47000531934065, 46.609371267225647 ], [ 36.482713667015204, 46.615096630529578 ], [ 36.489077165104213, 46.617685462308422 ], [ 36.51382926869735, 46.62697546200836 ], [ 36.522173975185105, 46.629678880347996 ], [ 36.537458869846162, 46.633826969415587 ], [ 36.544163982217391, 46.635431004589911 ], [ 36.550966155944799, 46.636789293819611 ], [ 36.560230894806828, 46.63807193387678 ], [ 36.569575677013518, 46.638794830018277 ], [ 36.578904391747841, 46.639033478639064 ], [ 36.588117703646894, 46.638817024117543 ], [ 36.597105371210219, 46.638129022108238 ], [ 36.605738331792715, 46.636906279313074 ], [ 36.61405119644261, 46.635226406363287 ], [ 36.622644252975803, 46.633713213980528 ], [ 36.650551387812122, 46.630003703047443 ], [ 36.661653355114247, 46.628219895191251 ], [ 36.673459432240207, 46.62584537991313 ], [ 36.682335856645253, 46.623693074899194 ], [ 36.691019879660949, 46.621366660573521 ], [ 36.709355067716253, 46.616111231235166 ], [ 36.724068048047208, 46.611261380635398 ], [ 36.728326296993458, 46.610077088748376 ], [ 36.730000004768954, 46.610000002387096 ] ] ] } }
]
}
