{
"type": "FeatureCollection",
"name": "azov_10_emax_plg",
"crs": { "type": "name", "properties": { "name": "urn:ogc:def:crs:OGC:1.3:CRS84" } },
"features": [
{ "type": "Feature", "properties": { "gid": 1, "objectid": 1.0, "shape_leng": 28.076173615599998, "shape_area": 1.79259664572, "z_mean": 5.44 }, "geometry": { "type": "MultiPolygon", "coordinates": [ [ [ [ 38.807790561000047, 47.262640692000048 ], [ 38.789561394000032, 47.25063711100006 ], [ 38.775645379000025, 47.245510158000059 ], [ 38.592621290000068, 47.229681708000044 ], [ 38.55990644600007, 47.21820709800005 ], [ 38.550791863000029, 47.20929596600007 ], [ 38.531016472000033, 47.182318427000041 ], [ 38.522471550000034, 47.176581122000073 ], [ 38.509613477000073, 47.171616929000038 ], [ 38.494395379000025, 47.148993231000077 ], [ 38.478037957000026, 47.142482815000051 ], [ 38.492930535000028, 47.128078518000052 ], [ 38.517425977000073, 47.119045315000051 ], [ 38.544769727000073, 47.114813544000071 ], [ 38.56804446700005, 47.115179755000042 ], [ 38.56804446700005, 47.122015692000048 ], [ 38.561696811000047, 47.125067450000074 ], [ 38.558767123000052, 47.127915757000039 ], [ 38.556813998000052, 47.13117096600007 ], [ 38.553070509000065, 47.135646877000056 ], [ 38.553396030000044, 47.135646877000056 ], [ 38.625498894000032, 47.135646877000056 ], [ 38.645274285000028, 47.137762762000079 ], [ 38.68287194100003, 47.147162177000041 ], [ 38.719248894000032, 47.151190497000073 ], [ 38.772227410000028, 47.163560289000031 ], [ 38.828868035000028, 47.162014065000051 ], [ 38.847422722000033, 47.163560289000031 ], [ 38.861664259000065, 47.16860586100006 ], [ 38.873301629000025, 47.175441799000055 ], [ 38.886566602000073, 47.181463934000078 ], [ 38.931651238000029, 47.18500397300005 ], [ 38.937754754000025, 47.18976471600007 ], [ 38.933929884000065, 47.201076565000051 ], [ 38.930511915000068, 47.221625067000048 ], [ 38.94459069100003, 47.252752997000073 ], [ 38.976817254000025, 47.256903387000079 ], [ 39.013438347000033, 47.254461981000077 ], [ 39.04037519600007, 47.266017971000053 ], [ 39.04810631600003, 47.266750393000052 ], [ 39.073252800000034, 47.281683661000045 ], [ 39.088145379000025, 47.286444403000075 ], [ 39.102305535000028, 47.28351471600007 ], [ 39.119883660000028, 47.277044989000046 ], [ 39.138845248000052, 47.273423570000034 ], [ 39.156504754000025, 47.279689846000053 ], [ 39.186045769000032, 47.268744208000044 ], [ 39.227386915000068, 47.267238674000055 ], [ 39.264008009000065, 47.260809637000079 ], [ 39.280039910000028, 47.235256252000056 ], [ 39.281586134000065, 47.205267645000049 ], [ 39.280039910000028, 47.197088934000078 ], [ 39.272959832000026, 47.191799221000053 ], [ 39.263926629000025, 47.191473700000074 ], [ 39.256032748000052, 47.18976471600007 ], [ 39.252614780000044, 47.18032461100006 ], [ 39.249196811000047, 47.148138739000046 ], [ 39.254567905000044, 47.140122789000031 ], [ 39.273203972000033, 47.135646877000056 ], [ 39.261973504000025, 47.107611395000049 ], [ 39.26490319100003, 47.096625067000048 ], [ 39.280039910000028, 47.087836005000042 ], [ 39.306651238000029, 47.112250067000048 ], [ 39.32935631600003, 47.12836334800005 ], [ 39.354665561000047, 47.131048895000049 ], [ 39.388682488000029, 47.115179755000042 ], [ 39.367849155000044, 47.106146552000041 ], [ 39.325043165000068, 47.098781643000052 ], [ 39.303558790000068, 47.084702867000033 ], [ 39.29615319100003, 47.06899648600006 ], [ 39.289398634000065, 47.027289130000042 ], [ 39.280039910000028, 47.012762762000079 ], [ 39.261892123000052, 47.008612372000073 ], [ 39.153086785000028, 47.026353257000039 ], [ 39.146739129000025, 47.023871161000045 ], [ 39.137705925000034, 47.018622137000079 ], [ 39.126719597000033, 47.013820705000057 ], [ 39.11491946700005, 47.012762762000079 ], [ 39.104991082000026, 47.016791083000044 ], [ 39.097422722000033, 47.029038804000038 ], [ 39.088145379000025, 47.033189195000034 ], [ 39.075205925000034, 47.03266022300005 ], [ 39.067149285000028, 47.027573960000041 ], [ 39.06023196700005, 47.021714585000041 ], [ 39.036306186000047, 47.013657945000034 ], [ 38.991384311000047, 46.97797272300005 ], [ 38.957286004000025, 46.95648834800005 ], [ 38.937347852000073, 46.947455145000049 ], [ 38.91960696700005, 46.943833726000037 ], [ 38.881114129000025, 46.946275132000039 ], [ 38.865733269000032, 46.942938544000071 ], [ 38.847422722000033, 46.930812893000052 ], [ 38.820323113000029, 46.904242255000042 ], [ 38.803721550000034, 46.893540757000039 ], [ 38.766286655000044, 46.886786200000074 ], [ 38.711436394000032, 46.868109442000048 ], [ 38.690928582000026, 46.863836981000077 ], [ 38.60906009200005, 46.85968659100007 ], [ 38.573090040000068, 46.850287177000041 ], [ 38.553070509000065, 46.84829336100006 ], [ 38.474619988000029, 46.861883856000077 ], [ 38.457692905000044, 46.857489325000074 ], [ 38.435313347000033, 46.846747137000079 ], [ 38.414724155000044, 46.833319403000075 ], [ 38.403005405000044, 46.82094961100006 ], [ 38.401540561000047, 46.811346747000073 ], [ 38.404551629000025, 46.789455471000053 ], [ 38.403005405000044, 46.779974677000041 ], [ 38.39616946700005, 46.774725653000075 ], [ 38.373220248000052, 46.762396552000041 ], [ 38.368174675000034, 46.755438544000071 ], [ 38.369395379000025, 46.744086005000042 ], [ 38.37435957100007, 46.729315497000073 ], [ 38.37818444100003, 46.708156643000052 ], [ 38.383555535000028, 46.713812567000048 ], [ 38.388438347000033, 46.725775458000044 ], [ 38.389333530000044, 46.731594143000052 ], [ 38.427989129000025, 46.744859117000033 ], [ 38.470550977000073, 46.743475653000075 ], [ 38.513438347000033, 46.732489325000074 ], [ 38.553070509000065, 46.717271226000037 ], [ 38.566742384000065, 46.709947007000039 ], [ 38.585785352000073, 46.695868231000077 ], [ 38.598155144000032, 46.677923895000049 ], [ 38.591644727000073, 46.659247137000079 ], [ 38.57545006600003, 46.653794664000031 ], [ 38.46225019600007, 46.646958726000037 ], [ 38.313649936000047, 46.676336981000077 ], [ 38.306895379000025, 46.683172919000071 ], [ 38.290049675000034, 46.706122137000079 ], [ 38.289317254000025, 46.711086330000057 ], [ 38.279958530000044, 46.725775458000044 ], [ 38.271739129000025, 46.732367255000042 ], [ 38.261485222000033, 46.728176174000055 ], [ 38.230967644000032, 46.704291083000044 ], [ 38.213877800000034, 46.696193752000056 ], [ 38.194346550000034, 46.692124742000033 ], [ 38.14576256600003, 46.690619208000044 ], [ 38.123301629000025, 46.686468817000048 ], [ 38.103688998000052, 46.675970770000049 ], [ 38.070323113000029, 46.64594147300005 ], [ 38.03679446700005, 46.629461981000077 ], [ 37.982269727000073, 46.61749909100007 ], [ 37.924652540000068, 46.61554596600007 ], [ 37.881602410000028, 46.629136460000041 ], [ 37.852224155000044, 46.62250397300005 ], [ 37.810394727000073, 46.639593817000048 ], [ 37.768239780000044, 46.663275458000044 ], [ 37.73755944100003, 46.676336981000077 ], [ 37.736501498000052, 46.673773505000042 ], [ 37.736582879000025, 46.671210028000075 ], [ 37.735362175000034, 46.669623114000046 ], [ 37.730723504000025, 46.670111395000049 ], [ 37.730723504000025, 46.662665106000077 ], [ 37.75513756600003, 46.64594147300005 ], [ 37.767751498000052, 46.617621161000045 ], [ 37.776540561000047, 46.586900132000039 ], [ 37.80209394600007, 46.538804429000038 ], [ 37.812998894000032, 46.505682684000078 ], [ 37.827321811000047, 46.476507880000042 ], [ 37.850596550000034, 46.464056708000044 ], [ 37.86296634200005, 46.454779364000046 ], [ 37.905039910000028, 46.411037502000056 ], [ 37.970957879000025, 46.361802476000037 ], [ 37.99537194100003, 46.354437567000048 ], [ 38.018728061000047, 46.368475653000075 ], [ 38.010101759000065, 46.372544664000031 ], [ 37.97779381600003, 46.382147528000075 ], [ 37.974945509000065, 46.394273179000038 ], [ 37.980642123000052, 46.400336005000042 ], [ 37.990733269000032, 46.402411200000074 ], [ 38.067881707000026, 46.401434637000079 ], [ 38.087657097000033, 46.396429755000042 ], [ 38.122894727000073, 46.377508856000077 ], [ 38.217295769000032, 46.305731512000079 ], [ 38.252452019000032, 46.288275458000044 ], [ 38.271250847000033, 46.274155992000033 ], [ 38.279470248000052, 46.255519924000055 ], [ 38.285329623000052, 46.232123114000046 ], [ 38.30005944100003, 46.218654690000051 ], [ 38.556813998000052, 46.115179755000042 ], [ 38.570811394000032, 46.104681708000044 ], [ 38.576019727000073, 46.08734772300005 ], [ 38.57349694100003, 46.064195054000038 ], [ 38.566742384000065, 46.04328034100007 ], [ 38.55990644600007, 46.03266022300005 ], [ 38.549978061000047, 46.031195380000042 ], [ 38.539073113000029, 46.033596096000053 ], [ 38.525889519000032, 46.038804429000038 ], [ 38.513845248000052, 46.037909247000073 ], [ 38.492442254000025, 46.033636786000045 ], [ 38.48178144600007, 46.03266022300005 ], [ 38.445811394000032, 46.034247137000079 ], [ 38.42741946700005, 46.038275458000044 ], [ 38.409190300000034, 46.04633209800005 ], [ 38.354502800000034, 46.082464911000045 ], [ 38.31959069100003, 46.093451239000046 ], [ 38.271983269000032, 46.135687567000048 ], [ 38.248789910000028, 46.141546942000048 ], [ 38.227549675000034, 46.138169664000031 ], [ 38.207286004000025, 46.131781317000048 ], [ 38.186696811000047, 46.128241278000075 ], [ 38.167491082000026, 46.120510158000059 ], [ 38.162119988000029, 46.101955471000053 ], [ 38.162771030000044, 46.06000397300005 ], [ 38.156260613000029, 46.047756252000056 ], [ 38.147146030000044, 46.04047272300005 ], [ 38.138926629000025, 46.030096747000073 ], [ 38.131195509000065, 45.990057684000078 ], [ 38.121104363000029, 45.97134023600006 ], [ 38.10865319100003, 45.956610419000071 ], [ 38.097504102000073, 45.950751044000071 ], [ 38.096527540000068, 45.940252997000073 ], [ 38.073985222000033, 45.881822007000039 ], [ 38.049815300000034, 45.854885158000059 ], [ 38.046885613000029, 45.840887762000079 ], [ 38.060313347000033, 45.826605536000045 ], [ 38.039561394000032, 45.816066799000055 ], [ 38.014496290000068, 45.818426825000074 ], [ 38.00123131600003, 45.832586981000077 ], [ 38.01531009200005, 45.857611395000049 ], [ 38.054698113000029, 45.889227606000077 ], [ 38.073008660000028, 45.908758856000077 ], [ 38.080821160000028, 45.929632880000042 ], [ 38.080332879000025, 45.946356512000079 ], [ 38.077972852000073, 45.952093817000048 ], [ 38.063487175000034, 45.950751044000071 ], [ 38.04615319100003, 45.953599351000037 ], [ 38.041840040000068, 45.961086330000057 ], [ 38.046071811000047, 45.981431382000039 ], [ 38.051442905000044, 45.992621161000045 ], [ 38.072276238000029, 46.013739325000074 ], [ 38.073985222000033, 46.025213934000078 ], [ 38.066254102000073, 46.032538153000075 ], [ 38.054860873000052, 46.03266022300005 ], [ 38.03248131600003, 46.025213934000078 ], [ 38.039805535000028, 46.033880927000041 ], [ 38.047048373000052, 46.038560289000031 ], [ 38.087901238000029, 46.052964585000041 ], [ 38.097504102000073, 46.057806708000044 ], [ 38.09107506600003, 46.06000397300005 ], [ 38.037852410000028, 46.056545315000051 ], [ 37.971853061000047, 46.040025132000039 ], [ 37.940114780000044, 46.020331122000073 ], [ 37.918711785000028, 45.991400458000044 ], [ 37.90202884200005, 45.950751044000071 ], [ 37.874847852000073, 45.841009833000044 ], [ 37.861094597000033, 45.80609772300005 ], [ 37.84310957100007, 45.772609768000052 ], [ 37.82943769600007, 45.753159898000035 ], [ 37.816416863000029, 45.744614976000037 ], [ 37.800629102000073, 45.741441148000035 ], [ 37.763682488000029, 45.724758205000057 ], [ 37.674001498000052, 45.671942450000074 ], [ 37.666840040000068, 45.669012762000079 ], [ 37.666840040000068, 45.663763739000046 ], [ 37.676036004000025, 45.649115302000041 ], [ 37.68482506600003, 45.641913153000075 ], [ 37.693858269000032, 45.639146226000037 ], [ 37.700694207000026, 45.634670315000051 ], [ 37.702891472000033, 45.621771552000041 ], [ 37.698252800000034, 45.623765367000033 ], [ 37.682302280000044, 45.627997137000079 ], [ 37.678884311000047, 45.61078522300005 ], [ 37.670909050000034, 45.60968659100007 ], [ 37.652517123000052, 45.623968817000048 ], [ 37.64193769600007, 45.635443427000041 ], [ 37.61459394600007, 45.642279364000046 ], [ 37.631114129000025, 45.648993231000077 ], [ 37.634776238000029, 45.660711981000077 ], [ 37.626475457000026, 45.66828034100007 ], [ 37.607920769000032, 45.66274648600006 ], [ 37.601410352000073, 45.652899481000077 ], [ 37.59506269600007, 45.635321356000077 ], [ 37.587412957000026, 45.600653387000079 ], [ 37.586192254000025, 45.56781647300005 ], [ 37.593923373000052, 45.508856512000079 ], [ 37.594248894000032, 45.477118231000077 ], [ 37.586436394000032, 45.443508205000057 ], [ 37.586273634000065, 45.432440497000073 ], [ 37.594248894000032, 45.422552802000041 ], [ 37.608246290000068, 45.415838934000078 ], [ 37.619151238000029, 45.418402411000045 ], [ 37.627777540000068, 45.428168036000045 ], [ 37.640798373000052, 45.455959377000056 ], [ 37.64193769600007, 45.504461981000077 ], [ 37.64421634200005, 45.505072333000044 ], [ 37.648692254000025, 45.50421784100007 ], [ 37.653086785000028, 45.504380601000037 ], [ 37.655039910000028, 45.508205471000053 ], [ 37.65398196700005, 45.512762762000079 ], [ 37.651540561000047, 45.516343492000033 ], [ 37.649180535000028, 45.518296617000033 ], [ 37.648203972000033, 45.518133856000077 ], [ 37.646657748000052, 45.527085679000038 ], [ 37.643402540000068, 45.534654039000031 ], [ 37.639170769000032, 45.540757554000038 ], [ 37.635101759000065, 45.545396226000037 ], [ 37.635101759000065, 45.552883205000057 ], [ 37.642832879000025, 45.553778387000079 ], [ 37.662445509000065, 45.559068101000037 ], [ 37.662445509000065, 45.566555080000057 ], [ 37.63640384200005, 45.570990302000041 ], [ 37.623301629000025, 45.585882880000042 ], [ 37.623057488000029, 45.601385809000078 ], [ 37.635101759000065, 45.608099677000041 ], [ 37.642751498000052, 45.603501695000034 ], [ 37.649424675000034, 45.584947007000039 ], [ 37.658702019000032, 45.580796617000033 ], [ 37.668630405000044, 45.578802802000041 ], [ 37.68100019600007, 45.574042059000078 ], [ 37.69263756600003, 45.568182684000078 ], [ 37.699717644000032, 45.56281159100007 ], [ 37.702647332000026, 45.543158270000049 ], [ 37.687022332000026, 45.493841864000046 ], [ 37.686045769000032, 45.484035549000055 ], [ 37.699717644000032, 45.479315497000073 ], [ 37.728363477000073, 45.457464911000045 ], [ 37.744395379000025, 45.450425523000035 ], [ 37.744395379000025, 45.443019924000055 ], [ 37.733897332000026, 45.446193752000056 ], [ 37.715098504000025, 45.454494533000059 ], [ 37.702891472000033, 45.457261460000041 ], [ 37.707692905000044, 45.436916408000059 ], [ 37.717539910000028, 45.426662502000056 ], [ 37.723480665000068, 45.414618231000077 ], [ 37.717051629000025, 45.38898346600007 ], [ 37.72982832100007, 45.390814520000049 ], [ 37.74740644600007, 45.39907461100006 ], [ 37.758067254000025, 45.402044989000046 ], [ 37.758067254000025, 45.395209052000041 ], [ 37.74773196700005, 45.39398834800005 ], [ 37.743988477000073, 45.389553127000056 ], [ 37.742198113000029, 45.382757880000042 ], [ 37.73755944100003, 45.374741929000038 ], [ 37.720469597000033, 45.357001044000071 ], [ 37.717051629000025, 45.357652085000041 ], [ 37.715342644000032, 45.354722398000035 ], [ 37.70639082100007, 45.351263739000046 ], [ 37.702891472000033, 45.347398179000038 ], [ 37.699880405000044, 45.339178778000075 ], [ 37.701833530000044, 45.337469794000071 ], [ 37.706228061000047, 45.337307033000059 ], [ 37.71029707100007, 45.333807684000078 ], [ 37.714366082000026, 45.328517971000053 ], [ 37.729258660000028, 45.315334377000056 ], [ 37.738291863000029, 45.310695705000057 ], [ 37.73601321700005, 45.306138414000031 ], [ 37.729258660000028, 45.301662502000056 ], [ 37.720469597000033, 45.299627997000073 ], [ 37.71021569100003, 45.300279039000031 ], [ 37.671071811000047, 45.309271552000041 ], [ 37.666188998000052, 45.311224677000041 ], [ 37.66179446700005, 45.312323309000078 ], [ 37.65162194100003, 45.312689520000049 ], [ 37.647471550000034, 45.315334377000056 ], [ 37.642344597000033, 45.321478583000044 ], [ 37.637868686000047, 45.328517971000053 ], [ 37.635101759000065, 45.333807684000078 ], [ 37.623789910000028, 45.314276434000078 ], [ 37.609548373000052, 45.296820380000042 ], [ 37.59107506600003, 45.28937409100007 ], [ 37.566742384000065, 45.299627997000073 ], [ 37.58912194100003, 45.303127346000053 ], [ 37.60084069100003, 45.306870835000041 ], [ 37.607920769000032, 45.312689520000049 ], [ 37.607676629000025, 45.322414455000057 ], [ 37.60084069100003, 45.331366278000075 ], [ 37.591644727000073, 45.338039455000057 ], [ 37.583994988000029, 45.340562242000033 ], [ 37.573741082000026, 45.341701565000051 ], [ 37.55396569100003, 45.34634023600006 ], [ 37.54265384200005, 45.347398179000038 ], [ 37.53638756600003, 45.345445054000038 ], [ 37.515798373000052, 45.336371161000045 ], [ 37.504730665000068, 45.333807684000078 ], [ 37.51880944100003, 45.360419012000079 ], [ 37.519297722000033, 45.369289455000057 ], [ 37.504730665000068, 45.361070054000038 ], [ 37.460134311000047, 45.340562242000033 ], [ 37.446787957000026, 45.330023505000042 ], [ 37.431407097000033, 45.322333075000074 ], [ 37.39380944100003, 45.317328192000048 ], [ 37.381358269000032, 45.306463934000078 ], [ 37.37045332100007, 45.322211005000042 ], [ 37.347666863000029, 45.327704169000071 ], [ 37.158946160000028, 45.326076565000051 ], [ 37.153005405000044, 45.320461330000057 ], [ 37.162282748000052, 45.306463934000078 ], [ 37.173675977000073, 45.300116278000075 ], [ 37.187754754000025, 45.298773505000042 ], [ 37.216807488000029, 45.299627997000073 ], [ 37.274261915000068, 45.294134833000044 ], [ 37.302744988000029, 45.286322333000044 ], [ 37.319183790000068, 45.271673895000049 ], [ 37.254405144000032, 45.276922919000071 ], [ 37.24537194100003, 45.268296617000033 ], [ 37.236501498000052, 45.25531647300005 ], [ 37.214854363000029, 45.25141022300005 ], [ 37.169118686000047, 45.251166083000044 ], [ 37.112478061000047, 45.239325262000079 ], [ 37.089854363000029, 45.237534898000035 ], [ 37.078379754000025, 45.238959052000041 ], [ 37.071055535000028, 45.243312893000052 ], [ 37.067149285000028, 45.250718492000033 ], [ 37.065928582000026, 45.261460679000038 ], [ 37.071462436000047, 45.265814520000049 ], [ 37.097666863000029, 45.268459377000056 ], [ 37.106944207000026, 45.271673895000049 ], [ 37.106944207000026, 45.276556708000044 ], [ 37.11101321700005, 45.30304596600007 ], [ 37.113780144000032, 45.312689520000049 ], [ 37.119151238000029, 45.314886786000045 ], [ 37.131521030000044, 45.324774481000077 ], [ 37.139414910000028, 45.335516669000071 ], [ 37.131521030000044, 45.340562242000033 ], [ 37.10873457100007, 45.342474677000041 ], [ 37.066661004000025, 45.35382721600007 ], [ 36.936289014000067, 45.411770323000042 ], [ 36.878103061000047, 45.431870835000041 ], [ 36.862478061000047, 45.431830145000049 ], [ 36.847666863000029, 45.434068101000037 ], [ 36.83326256600003, 45.443019924000055 ], [ 36.705088738000029, 45.391017971000053 ], [ 36.681895379000025, 45.366197007000039 ], [ 36.666514519000032, 45.340399481000077 ], [ 36.668142123000052, 45.326361395000049 ], [ 36.687998894000032, 45.33148834800005 ], [ 36.72779381600003, 45.371771552000041 ], [ 36.747569207000026, 45.381537177000041 ], [ 36.759287957000026, 45.383978583000044 ], [ 36.770030144000032, 45.387884833000044 ], [ 36.781586134000065, 45.387640692000048 ], [ 36.80591881600003, 45.370754299000055 ], [ 36.817393425000034, 45.367621161000045 ], [ 36.847504102000073, 45.367336330000057 ], [ 36.847504102000073, 45.361070054000038 ], [ 36.828623894000032, 45.356756903000075 ], [ 36.819021030000044, 45.352606512000079 ], [ 36.81218509200005, 45.347398179000038 ], [ 36.80982506600003, 45.336981512000079 ], [ 36.812266472000033, 45.32562897300005 ], [ 36.81218509200005, 45.316392320000034 ], [ 36.802500847000033, 45.312689520000049 ], [ 36.794769727000073, 45.32485586100006 ], [ 36.786957227000073, 45.348578192000048 ], [ 36.775726759000065, 45.364813544000071 ], [ 36.758067254000025, 45.354234117000033 ], [ 36.758474155000044, 45.340765692000048 ], [ 36.766449415000068, 45.319810289000031 ], [ 36.771838312000057, 45.310854094000035 ], [ 36.788828972000033, 45.292181708000044 ], [ 36.943125847000033, 45.316392320000034 ], [ 36.947276238000029, 45.320217190000051 ], [ 36.956797722000033, 45.318019924000055 ], [ 36.96615644600007, 45.311590887000079 ], [ 36.97038821700005, 45.30304596600007 ], [ 36.96802819100003, 45.290961005000042 ], [ 36.961680535000028, 45.282945054000038 ], [ 36.952972852000073, 45.277167059000078 ], [ 36.93523196700005, 45.268011786000045 ], [ 36.875173373000052, 45.245794989000046 ], [ 36.854502800000034, 45.242254950000074 ], [ 36.840830925000034, 45.232855536000045 ], [ 36.829844597000033, 45.230698960000041 ], [ 36.79615319100003, 45.23187897300005 ], [ 36.785411004000025, 45.230698960000041 ], [ 36.764821811000047, 45.223822333000044 ], [ 36.729665561000047, 45.206284898000035 ], [ 36.70671634200005, 45.202826239000046 ], [ 36.594737175000034, 45.204820054000038 ], [ 36.586192254000025, 45.202826239000046 ], [ 36.577321811000047, 45.194159247000073 ], [ 36.490570509000065, 45.292181708000044 ], [ 36.497243686000047, 45.300726630000042 ], [ 36.494395379000025, 45.305243231000077 ], [ 36.48796634200005, 45.309312242000033 ], [ 36.484385613000029, 45.316392320000034 ], [ 36.489268425000034, 45.336330471000053 ], [ 36.502452019000032, 45.346869208000044 ], [ 36.521820509000065, 45.34992096600007 ], [ 36.545176629000025, 45.347398179000038 ], [ 36.574880405000044, 45.336086330000057 ], [ 36.586192254000025, 45.333807684000078 ], [ 36.598317905000044, 45.33429596600007 ], [ 36.630869988000029, 45.340562242000033 ], [ 36.63835696700005, 45.351263739000046 ], [ 36.631114129000025, 45.374741929000038 ], [ 36.613536004000025, 45.408880927000041 ], [ 36.598806186000047, 45.421210028000075 ], [ 36.58326256600003, 45.427394924000055 ], [ 36.566661004000025, 45.425197658000059 ], [ 36.548594597000033, 45.412298895000049 ], [ 36.532969597000033, 45.408921617000033 ], [ 36.515879754000025, 45.419745184000078 ], [ 36.490570509000065, 45.443019924000055 ], [ 36.470550977000073, 45.445786851000037 ], [ 36.41179446700005, 45.436224677000041 ], [ 36.391368035000028, 45.439642645000049 ], [ 36.359629754000025, 45.454494533000059 ], [ 36.340505405000044, 45.457261460000041 ], [ 36.32976321700005, 45.454250393000052 ], [ 36.321055535000028, 45.448391018000052 ], [ 36.311696811000047, 45.443508205000057 ], [ 36.298838738000029, 45.443019924000055 ], [ 36.307383660000028, 45.460923570000034 ], [ 36.299978061000047, 45.473334052000041 ], [ 36.284027540000068, 45.476629950000074 ], [ 36.267832879000025, 45.467230536000045 ], [ 36.252452019000032, 45.461493231000077 ], [ 36.137461785000028, 45.462062893000052 ], [ 36.117930535000028, 45.457098700000074 ], [ 36.096364780000044, 45.441961981000077 ], [ 36.068858269000032, 45.42999909100007 ], [ 36.065277540000068, 45.425482489000046 ], [ 36.051768425000034, 45.395209052000041 ], [ 36.022308790000068, 45.368109442000048 ], [ 35.98601321700005, 45.36273834800005 ], [ 35.94662519600007, 45.372137762000079 ], [ 35.871104363000029, 45.404120184000078 ], [ 35.854014519000032, 45.414007880000042 ], [ 35.84693444100003, 45.426255601000037 ], [ 35.852224155000044, 45.444159247000073 ], [ 35.860036655000044, 45.459540106000077 ], [ 35.817149285000028, 45.464056708000044 ], [ 35.80396569100003, 45.449164130000042 ], [ 35.794932488000029, 45.430568752000056 ], [ 35.791758660000028, 45.412298895000049 ], [ 35.78842207100007, 45.407456773000035 ], [ 35.77271569100003, 45.392279364000046 ], [ 35.767425977000073, 45.38898346600007 ], [ 35.752940300000034, 45.386419989000046 ], [ 35.748545769000032, 45.379706122000073 ], [ 35.74740644600007, 45.370754299000055 ], [ 35.743337436000047, 45.361070054000038 ], [ 35.715993686000047, 45.340562242000033 ], [ 35.69499759200005, 45.33038971600007 ], [ 35.517832879000025, 45.295477606000077 ], [ 35.480723504000025, 45.297796942000048 ], [ 35.332204623000052, 45.371242580000057 ], [ 35.044444207000026, 45.670070705000057 ], [ 35.00189122200004, 45.729002575000038 ], [ 34.958181186000047, 45.789536851000037 ], [ 34.905039910000028, 45.888617255000042 ], [ 34.895192905000044, 45.90102773600006 ], [ 34.883474155000044, 45.912827867000033 ], [ 34.87435957100007, 45.92609284100007 ], [ 34.838552280000044, 46.047552802000041 ], [ 34.828949415000068, 46.063421942000048 ], [ 34.824229363000029, 46.077948309000078 ], [ 34.819102410000028, 46.141913153000075 ], [ 34.813243035000028, 46.158270575000074 ], [ 34.811289910000028, 46.166245835000041 ], [ 34.812266472000033, 46.176662502000056 ], [ 34.81763756600003, 46.186224677000041 ], [ 34.835134311000047, 46.203192450000074 ], [ 34.838877800000034, 46.20766836100006 ], [ 34.88217207100007, 46.221747137000079 ], [ 34.885427280000044, 46.231390692000048 ], [ 34.886566602000073, 46.242743231000077 ], [ 34.893565300000034, 46.251776434000078 ], [ 34.904795769000032, 46.255682684000078 ], [ 34.907237175000034, 46.251654364000046 ], [ 34.908050977000073, 46.244289455000057 ], [ 34.914073113000029, 46.238104559000078 ], [ 34.926524285000028, 46.235052802000041 ], [ 34.936045769000032, 46.235419012000079 ], [ 35.030772332000026, 46.251776434000078 ], [ 35.075043165000068, 46.271063544000071 ], [ 35.105072462000066, 46.295070705000057 ], [ 35.108409050000034, 46.297756252000056 ], [ 35.167816602000073, 46.361029364000046 ], [ 35.201508009000065, 46.385321356000077 ], [ 35.209483269000032, 46.396429755000042 ], [ 35.213715040000068, 46.411810614000046 ], [ 35.210703972000033, 46.420152085000041 ], [ 35.205088738000029, 46.427557684000078 ], [ 35.201996290000068, 46.440497137000079 ], [ 35.192067905000044, 46.455064195000034 ], [ 35.174001498000052, 46.473334052000041 ], [ 35.166677280000044, 46.493150132000039 ], [ 35.188324415000068, 46.512437242000033 ], [ 35.191416863000029, 46.494289455000057 ], [ 35.201670769000032, 46.476304429000038 ], [ 35.214610222000033, 46.462632554000038 ], [ 35.230316602000073, 46.455511786000045 ], [ 35.243174675000034, 46.446966864000046 ], [ 35.250498894000032, 46.443548895000049 ], [ 35.260915561000047, 46.441595770000049 ], [ 35.277110222000033, 46.440741278000075 ], [ 35.28451582100007, 46.437404690000051 ], [ 35.264496290000068, 46.399807033000059 ], [ 35.258555535000028, 46.37335846600007 ], [ 35.267588738000029, 46.351060289000031 ], [ 35.291758660000028, 46.336411851000037 ], [ 35.311534050000034, 46.337632554000038 ], [ 35.328868035000028, 46.348049221000053 ], [ 35.346039259000065, 46.361029364000046 ], [ 35.342133009000065, 46.335760809000078 ], [ 35.32781009200005, 46.319240627000056 ], [ 35.291351759000065, 46.293361721000053 ], [ 35.262217644000032, 46.257310289000031 ], [ 35.251800977000073, 46.240220445000034 ], [ 35.22787519600007, 46.221747137000079 ], [ 35.20045006600003, 46.183010158000059 ], [ 35.148936394000032, 46.164129950000074 ], [ 35.044444207000026, 46.141913153000075 ], [ 35.049082879000025, 46.132066148000035 ], [ 35.051931186000047, 46.128241278000075 ], [ 35.017100457000026, 46.112779039000031 ], [ 34.985362175000034, 46.087469794000071 ], [ 34.98210696700005, 46.077826239000046 ], [ 35.000010613000029, 46.073635158000059 ], [ 35.038584832000026, 46.086086330000057 ], [ 35.062266472000033, 46.098618882000039 ], [ 35.096527540000068, 46.104193427000041 ], [ 35.121104363000029, 46.118475653000075 ], [ 35.16179446700005, 46.128241278000075 ], [ 35.184743686000047, 46.145493882000039 ], [ 35.209483269000032, 46.169867255000042 ], [ 35.263519727000073, 46.242254950000074 ], [ 35.279551629000025, 46.255153713000027 ], [ 35.28451582100007, 46.25922272300005 ], [ 35.38013756600003, 46.368475653000075 ], [ 35.395030144000032, 46.378607489000046 ], [ 35.430023634000065, 46.395575262000079 ], [ 35.445485873000052, 46.405991929000038 ], [ 35.475759311000047, 46.435695705000057 ], [ 35.510508660000028, 46.457220770000049 ], [ 35.553173659000038, 46.472118259000069 ], [ 35.628672722000033, 46.498480536000045 ], [ 35.661306186000047, 46.519273179000038 ], [ 35.741953972000033, 46.584418036000045 ], [ 35.77116946700005, 46.601263739000046 ], [ 35.827159050000034, 46.62335846600007 ], [ 35.90162194100003, 46.652736721000053 ], [ 35.925547722000033, 46.652289130000042 ], [ 36.062022332000026, 46.670111395000049 ], [ 36.13445071700005, 46.662665106000077 ], [ 36.171722852000073, 46.66860586100006 ], [ 36.189463738000029, 46.669012762000079 ], [ 36.209971550000034, 46.662665106000077 ], [ 36.216644727000073, 46.658677476000037 ], [ 36.221853061000047, 46.654038804000038 ], [ 36.230642123000052, 46.642157294000071 ], [ 36.232920769000032, 46.640692450000074 ], [ 36.244313998000052, 46.635321356000077 ], [ 36.244476759000065, 46.630519924000055 ], [ 36.243337436000047, 46.624090887000079 ], [ 36.240733269000032, 46.619940497000073 ], [ 36.24577884200005, 46.610825914000031 ], [ 36.246755405000044, 46.61273834800005 ], [ 36.247894727000073, 46.619045315000051 ], [ 36.257823113000029, 46.62173086100006 ], [ 36.267588738000029, 46.625555731000077 ], [ 36.27116946700005, 46.622219143000052 ], [ 36.27084394600007, 46.607407945000034 ], [ 36.278330925000034, 46.607407945000034 ], [ 36.284353061000047, 46.636419989000046 ], [ 36.303477410000028, 46.659247137000079 ], [ 36.371104363000029, 46.70844147300005 ], [ 36.400157097000033, 46.723944403000075 ], [ 36.432465040000068, 46.734849351000037 ], [ 36.482676629000025, 46.741685289000031 ], [ 36.524099155000044, 46.758856512000079 ], [ 36.590017123000052, 46.758856512000079 ], [ 36.597829623000052, 46.762152411000045 ], [ 36.605967644000032, 46.769435940000051 ], [ 36.617035352000073, 46.776678778000075 ], [ 36.633962436000047, 46.779974677000041 ], [ 36.661631707000026, 46.77374909100007 ], [ 36.679209832000026, 46.773016669000071 ], [ 36.696055535000028, 46.779974677000041 ], [ 36.710134311000047, 46.772772528000075 ], [ 36.742849155000044, 46.764715887000079 ], [ 36.758067254000025, 46.758856512000079 ], [ 36.79428144600007, 46.729193427000041 ], [ 36.802500847000033, 46.724758205000057 ], [ 36.802256707000026, 46.707017320000034 ], [ 36.79029381600003, 46.671291408000059 ], [ 36.771657748000052, 46.643459377000056 ], [ 36.75123131600003, 46.649603583000044 ], [ 36.74382571700005, 46.649603583000044 ], [ 36.74382571700005, 46.642157294000071 ], [ 36.769297722000033, 46.637396552000041 ], [ 36.793711785000028, 46.653631903000075 ], [ 36.812266472000033, 46.680568752000056 ], [ 36.81959069100003, 46.70766836100006 ], [ 36.829600457000026, 46.73187897300005 ], [ 36.849131707000026, 46.754461981000077 ], [ 36.862478061000047, 46.776922919000071 ], [ 36.853688998000052, 46.800482489000046 ], [ 36.886241082000026, 46.804022528000075 ], [ 36.93881269600007, 46.839504299000055 ], [ 36.973806186000047, 46.84829336100006 ], [ 36.984873894000032, 46.852484442000048 ], [ 37.017751498000052, 46.871283270000049 ], [ 37.028819207000026, 46.875555731000077 ], [ 37.04656009200005, 46.877752997000073 ], [ 37.162282748000052, 46.909084377000056 ], [ 37.208181186000047, 46.933579820000034 ], [ 37.227061394000032, 46.936997789000031 ], [ 37.260752800000034, 46.932684637000079 ], [ 37.295420769000032, 46.92023346600007 ], [ 37.317393425000034, 46.900824286000045 ], [ 37.312998894000032, 46.875555731000077 ], [ 37.33521569100003, 46.882473049000055 ], [ 37.351735873000052, 46.89874909100007 ], [ 37.377940300000034, 46.93390534100007 ], [ 37.482920769000032, 47.035956122000073 ], [ 37.546397332000026, 47.081610419000071 ], [ 37.580739780000044, 47.090399481000077 ], [ 37.71029707100007, 47.074164130000042 ], [ 37.75326582100007, 47.075262762000079 ], [ 37.861094597000033, 47.101507880000042 ], [ 37.95045006600003, 47.09125397300005 ], [ 37.962087436000047, 47.095933335000041 ], [ 37.98764082100007, 47.091945705000057 ], [ 38.026215040000068, 47.081610419000071 ], [ 38.035166863000029, 47.08429596600007 ], [ 38.061045769000032, 47.094956773000035 ], [ 38.066579623000052, 47.098089911000045 ], [ 38.07154381600003, 47.099798895000049 ], [ 38.104340040000068, 47.081610419000071 ], [ 38.130056186000047, 47.074652411000045 ], [ 38.130381707000026, 47.058417059000078 ], [ 38.108083530000044, 47.026353257000039 ], [ 38.14226321700005, 47.037665106000077 ], [ 38.196299675000034, 47.089504299000055 ], [ 38.21648196700005, 47.103094794000071 ], [ 38.216644727000073, 47.103257554000038 ], [ 38.224131707000026, 47.108343817000048 ], [ 38.265391472000033, 47.118801174000055 ], [ 38.427907748000052, 47.133530992000033 ], [ 38.448985222000033, 47.140285549000055 ], [ 38.458181186000047, 47.15265534100007 ], [ 38.462657097000033, 47.161810614000046 ], [ 38.473317905000044, 47.169419664000031 ], [ 38.485524936000047, 47.174627997000073 ], [ 38.494883660000028, 47.176581122000073 ], [ 38.500498894000032, 47.181586005000042 ], [ 38.519053582000026, 47.210760809000078 ], [ 38.553396030000044, 47.229803778000075 ], [ 38.594574415000068, 47.241278387000079 ], [ 38.75513756600003, 47.259100653000075 ], [ 38.773448113000029, 47.258246161000045 ], [ 38.78288821700005, 47.259100653000075 ], [ 38.789561394000032, 47.262600002000056 ], [ 38.80201256600003, 47.280910549000055 ], [ 38.810394727000073, 47.287827867000033 ], [ 38.820648634000065, 47.286444403000075 ], [ 38.821136915000068, 47.276312567000048 ], [ 38.807790561000047, 47.262640692000048 ] ], [ [ 37.552263197000059, 46.850159775000066 ], [ 37.554418549000047, 46.85713277800005 ], [ 37.555571138000062, 46.862215088000028 ], [ 37.556285176000074, 46.866739639000059 ], [ 37.556692824000038, 46.871175627000071 ], [ 37.556725676000042, 46.876600346000032 ], [ 37.556467185000031, 46.87977580300003 ], [ 37.555488127000046, 46.885158862000026 ], [ 37.554649935000043, 46.887939948000053 ], [ 37.552947388000064, 46.89195451300003 ], [ 37.550234020000062, 46.896357520000038 ], [ 37.54878306300003, 46.898194687000057 ], [ 37.545084613000029, 46.901886058000059 ], [ 37.542591065000067, 46.903846698000052 ], [ 37.538571102000049, 46.906396464000068 ], [ 37.532353940000064, 46.909349556000052 ], [ 37.529335217000039, 46.910477796000066 ], [ 37.524687606000043, 46.911931300000049 ], [ 37.519864812000037, 46.913129083000058 ], [ 37.511135861000071, 46.914600134000068 ], [ 37.505633766000074, 46.915117429000077 ], [ 37.498822903000075, 46.915342200000055 ], [ 37.491935880000028, 46.915117508000037 ], [ 37.484489212000028, 46.914372895000042 ], [ 37.478192843000045, 46.913379850000069 ], [ 37.471902797000041, 46.912097588000051 ], [ 37.463239787000077, 46.90991636800004 ], [ 37.457407075000049, 46.908215993000056 ], [ 37.451602112000046, 46.906355696000048 ], [ 37.443270091000045, 46.903410808000046 ], [ 37.435009539000077, 46.900211047000028 ], [ 37.424522977000038, 46.895789961000048 ], [ 37.411061552000035, 46.889583826000035 ], [ 37.391206480000051, 46.879517346000057 ], [ 37.356169286000068, 46.86087593600007 ], [ 37.343338168000059, 46.854835285000036 ], [ 37.337022374000071, 46.852217575000054 ], [ 37.32921899400003, 46.849393105000047 ], [ 37.321639749000042, 46.847125986000037 ], [ 37.315588374000072, 46.845683132000033 ], [ 37.309482184000046, 46.844561525000074 ], [ 37.302557618000037, 46.843694560000074 ], [ 37.295592070000055, 46.843233629000053 ], [ 37.290134825000052, 46.843152656000029 ], [ 37.278969553000024, 46.843725712000037 ], [ 37.270539603000032, 46.84473736800004 ], [ 37.259644643000058, 46.846697160000076 ], [ 37.25011849200007, 46.848908924000057 ], [ 37.221267297000054, 46.856429883000033 ], [ 37.209705325000073, 46.859228531000042 ], [ 37.198051237000072, 46.861680436000029 ], [ 37.189724606000027, 46.863158018000036 ], [ 37.175284054000031, 46.865147989000036 ], [ 37.164879259000031, 46.866142020000041 ], [ 37.157409630000075, 46.866601737000053 ], [ 37.149934051000059, 46.866850568000075 ], [ 37.142298873000072, 46.866887681000037 ], [ 37.130061530000035, 46.866489093000041 ], [ 37.117011722000029, 46.865430038000056 ], [ 37.110234982000065, 46.864619761000029 ], [ 37.101792063000062, 46.863346724000053 ], [ 37.090542824000067, 46.86118235400005 ], [ 37.075873127000079, 46.857500745000038 ], [ 37.049202990000026, 46.849699518000079 ], [ 37.01156400800005, 46.839059373000055 ], [ 36.997676865000074, 46.834602067000048 ], [ 36.99026453700003, 46.831900552000036 ], [ 36.98259395000008, 46.828806129000043 ], [ 36.976613222000026, 46.826142947000051 ], [ 36.966197974000067, 46.820897547000072 ], [ 36.956430350000062, 46.815129555000055 ], [ 36.94725223100005, 46.808807469000044 ], [ 36.941817940000078, 46.804612550000058 ], [ 36.935509775000071, 46.799314896000055 ], [ 36.93110015700006, 46.795323833000054 ], [ 36.925895935000028, 46.790303931000039 ], [ 36.917158561000065, 46.781341201000032 ], [ 36.893779596000059, 46.756326141000045 ], [ 36.887871717000053, 46.749604122000051 ], [ 36.880054520000044, 46.740178498000034 ], [ 36.874862730000075, 46.733441751000043 ], [ 36.870362553000064, 46.727212098000052 ], [ 36.865946263000069, 46.720732508000026 ], [ 36.861788774000047, 46.71428379200006 ], [ 36.854686338000079, 46.702275106000059 ], [ 36.850995060000059, 46.69525165500005 ], [ 36.84765834600006, 46.687926846000039 ], [ 36.845460525000078, 46.682204275000061 ], [ 36.84482975800006, 46.68 ], [ 36.843997124000055, 46.677780623000046 ], [ 36.84222382400003, 46.674169439000082 ], [ 36.838582115000065, 46.667729744000042 ], [ 36.83561252100003, 46.663083867000068 ], [ 36.831687185000078, 46.657563508000067 ], [ 36.827124717000061, 46.651843790000044 ], [ 36.821597866000047, 46.645729922000044 ], [ 36.815497075000053, 46.639836875000071 ], [ 36.812976745000071, 46.637636959000076 ], [ 36.803575832000035, 46.630525528000078 ], [ 36.79378385800004, 46.624814326000035 ], [ 36.789605312000049, 46.622906168000043 ], [ 36.78479799400003, 46.621120639000026 ], [ 36.777019836000079, 46.61921231000008 ], [ 36.769702685000027, 46.61854887100003 ], [ 36.760692279000068, 46.618733858000041 ], [ 36.755864784000039, 46.61924730100003 ], [ 36.751059042000065, 46.620045275000052 ], [ 36.744825882000043, 46.621523523000064 ], [ 36.737700622000034, 46.623824848000027 ], [ 36.731608032000054, 46.62625831500003 ], [ 36.725325884000029, 46.629166873000031 ], [ 36.716079151000031, 46.634059548000039 ], [ 36.699014152000075, 46.643903200000068 ], [ 36.688710736000075, 46.649607727000046 ], [ 36.67992483300003, 46.654035253000075 ], [ 36.669266823000044, 46.658861863000027 ], [ 36.657598608000058, 46.663521137000032 ], [ 36.649495061000039, 46.666380592000053 ], [ 36.638154151000037, 46.66987258100005 ], [ 36.629517698000029, 46.67211855000005 ], [ 36.624641763000056, 46.673204475000034 ], [ 36.614687730000071, 46.674978854000074 ], [ 36.60961446400006, 46.675629584000035 ], [ 36.600938348000057, 46.676287997000031 ], [ 36.59227080800008, 46.676350798000044 ], [ 36.583174880000058, 46.675723405000042 ], [ 36.576261918000057, 46.674761895000074 ], [ 36.570809843000063, 46.673699931000044 ], [ 36.56438406400008, 46.672086496000077 ], [ 36.558048209000049, 46.67011522100006 ], [ 36.549665161000064, 46.666912154000045 ], [ 36.541255011000032, 46.662999288000037 ], [ 36.533063999000035, 46.658554213000059 ], [ 36.52389858500004, 46.652872149000075 ], [ 36.510990977000063, 46.643854062000059 ], [ 36.493202751000069, 46.630524928000057 ], [ 36.480805972000041, 46.621991371000036 ], [ 36.46874241200004, 46.614481052000031 ], [ 36.457288185000039, 46.60810583500006 ], [ 36.449261344000035, 46.604018178000047 ], [ 36.435345642000073, 46.597394475000044 ], [ 36.389064058000031, 46.57586909500003 ], [ 36.381338533000076, 46.572453303000032 ], [ 36.368873885000028, 46.567431608000049 ], [ 36.339182097000048, 46.556680645000029 ], [ 36.329923478000069, 46.553171479000071 ], [ 36.317753572000072, 46.548009916000069 ], [ 36.310369163000075, 46.544457271000056 ], [ 36.299336819000075, 46.538412125000036 ], [ 36.290260058000058, 46.532740285000045 ], [ 36.279740065000055, 46.525339829000075 ], [ 36.271616492000078, 46.518992369000046 ], [ 36.264974663000032, 46.513230172000078 ], [ 36.259767261000036, 46.508202820000065 ], [ 36.253858892000039, 46.501666456000066 ], [ 36.250212070000032, 46.496903587000077 ], [ 36.246841548000077, 46.491714008000031 ], [ 36.244372473000055, 46.487202318000072 ], [ 36.243059051000046, 46.48440253900003 ], [ 36.240333091000025, 46.476846761000047 ], [ 36.239548997000043, 46.473598178000032 ], [ 36.238758819000054, 46.468480882000051 ], [ 36.238543307000043, 46.465751751000028 ], [ 36.238480818000028, 46.460198032000051 ], [ 36.238893877000066, 46.453659735000031 ], [ 36.239590513000053, 46.446425066000074 ], [ 36.239879372000075, 46.439571084000079 ], [ 36.239719974000025, 46.43691199400007 ], [ 36.239115078000054, 46.433357495000052 ], [ 36.237539967000032, 46.429113182000037 ], [ 36.234555991000036, 46.424644743000044 ], [ 36.230445940000038, 46.420856920000062 ], [ 36.224928882000029, 46.417614899000057 ], [ 36.219037019000041, 46.415407690000052 ], [ 36.212581337000074, 46.413945314000046 ], [ 36.209026728000026, 46.413477020000073 ], [ 36.202194138000038, 46.413143454000078 ], [ 36.19665262400008, 46.413327069000047 ], [ 36.191004789000033, 46.413864850000039 ], [ 36.186127941000052, 46.41458061600008 ], [ 36.176106828000059, 46.416626388000054 ], [ 36.163107025000045, 46.420050950000075 ], [ 36.151094838000063, 46.423709483000039 ], [ 36.144248873000038, 46.425996650000059 ], [ 36.131212934000075, 46.430834877000052 ], [ 36.120214802000078, 46.435458966000056 ], [ 36.111006803000066, 46.439879586000075 ], [ 36.100206392000075, 46.445636246000049 ], [ 36.090654714000038, 46.451342122000028 ], [ 36.082119140000032, 46.456830547000038 ], [ 36.073922229000061, 46.462547348000044 ], [ 36.063052835000065, 46.470658138000033 ], [ 36.021329488000049, 46.503645807000055 ], [ 36.012604258000067, 46.510018233000039 ], [ 36.004404284000032, 46.515299800000037 ], [ 35.99517038700003, 46.520280839000065 ], [ 35.988483618000032, 46.52328200200003 ], [ 35.984336764000034, 46.52490081500008 ], [ 35.975773088000039, 46.527734979000059 ], [ 35.969369076000078, 46.529460977000042 ], [ 35.964541564000058, 46.53055648000003 ], [ 35.957280878000063, 46.531913380000049 ], [ 35.949944172000073, 46.532977138000035 ], [ 35.93885707700008, 46.534097779000035 ], [ 35.924380261000067, 46.534987393000051 ], [ 35.899276513000075, 46.53589511000007 ], [ 35.89016674700008, 46.536045673000046 ], [ 35.876709460000029, 46.53591659600005 ], [ 35.831706961000066, 46.534242963000054 ], [ 35.799524485000063, 46.534439708000036 ], [ 35.789875954000024, 46.534330820000037 ], [ 35.78116753300003, 46.534038868000039 ], [ 35.770091080000043, 46.533322363000082 ], [ 35.764486196000064, 46.532754306000072 ], [ 35.75890720600006, 46.532023472000049 ], [ 35.750509718000046, 46.530570367000053 ], [ 35.745484420000025, 46.529479843000047 ], [ 35.740492144000029, 46.528238716000033 ], [ 35.73057368800005, 46.525333054000043 ], [ 35.721894573000043, 46.52231319200007 ], [ 35.713329252000051, 46.518931739000038 ], [ 35.702616249000073, 46.514200402000029 ], [ 35.669171008000035, 46.497991815000034 ], [ 35.636082225000052, 46.482468728000072 ], [ 35.62620422100008, 46.477398623000056 ], [ 35.618945956000061, 46.473232575000054 ], [ 35.609846030000028, 46.467398802000048 ], [ 35.588811658000054, 46.452560112000072 ], [ 35.580234767000036, 46.446716554000034 ], [ 35.553331975000049, 46.429620990000046 ], [ 35.537851565000039, 46.419446469000036 ], [ 35.518457464000051, 46.405882040000051 ], [ 35.508901731000037, 46.398797023000043 ], [ 35.498559047000072, 46.390426532000049 ], [ 35.493215521000025, 46.385659012000076 ], [ 35.485784901000045, 46.378294636000078 ], [ 35.472362843000042, 46.363577665000037 ], [ 35.466441843000041, 46.357779048000054 ], [ 35.462505212000053, 46.354240792000041 ], [ 35.454510207000055, 46.347617498000034 ], [ 35.445985588000042, 46.341146993000052 ], [ 35.436114867000072, 46.334146321000048 ], [ 35.404006985000024, 46.312846672000035 ], [ 35.39110499800006, 46.303695788000027 ], [ 35.379648125000074, 46.294679881000036 ], [ 35.370707492000065, 46.287008848000028 ], [ 35.362511278000056, 46.279448836000029 ], [ 35.357438321000075, 46.274466719000031 ], [ 35.351338854000062, 46.268021152000074 ], [ 35.346098418000054, 46.261892166000052 ], [ 35.34233385400006, 46.257011341000066 ], [ 35.336691204000033, 46.248742536000066 ], [ 35.325927024000066, 46.23185013300008 ], [ 35.321031528000049, 46.224886230000038 ], [ 35.315383277000024, 46.217508653000039 ], [ 35.304650735000052, 46.204584012000055 ], [ 35.290079702000071, 46.187726140000052 ], [ 35.284586177000051, 46.181669512000042 ], [ 35.279768561000026, 46.176738408000062 ], [ 35.276037535000057, 46.173261184000069 ], [ 35.27183676900006, 46.169667743000048 ], [ 35.26748002000005, 46.166237104000061 ], [ 35.262347509000051, 46.16251625600006 ], [ 35.255803136000054, 46.158167598000034 ], [ 35.249078588000032, 46.154019082000048 ], [ 35.222192325000037, 46.138421006000044 ], [ 35.21615089900007, 46.134760811000035 ], [ 35.202670675000036, 46.126188311000078 ], [ 35.19122814900004, 46.118455271000073 ], [ 35.179733261000024, 46.110185172000058 ], [ 35.161146811000037, 46.096192678000079 ], [ 35.149316927000029, 46.08665998400005 ], [ 35.14433172300005, 46.082342278000056 ], [ 35.139539133000028, 46.077893289000031 ], [ 35.136673299000051, 46.075031370000033 ], [ 35.132157972000073, 46.070105194000064 ], [ 35.129437722000034, 46.066808198000047 ], [ 35.123742212000025, 46.058808111000076 ], [ 35.120441242000027, 46.053434260000074 ], [ 35.117997398000057, 46.048971621000078 ], [ 35.114544860000024, 46.041602682000075 ], [ 35.112445004000051, 46.036196330000053 ], [ 35.110442421000073, 46.02958824500007 ], [ 35.109220609000033, 46.02320990000004 ], [ 35.108635956000057, 46.015424503000077 ], [ 35.108725363000076, 46.01206496900005 ], [ 35.109093305000044, 46.008521329000075 ], [ 35.110181814000043, 46.002736929000037 ], [ 35.112865376000059, 45.992617627000072 ], [ 35.118148676000033, 45.976925238000035 ], [ 35.121823286000051, 45.963239492000071 ], [ 35.123775956000031, 45.95700454100006 ], [ 35.12543396500007, 45.953314499000044 ], [ 35.12908912100005, 45.947836653000081 ], [ 35.134028777000026, 45.942420113000026 ], [ 35.140093003000061, 45.936873474000038 ], [ 35.14374786500008, 45.933814842000061 ], [ 35.166206413000054, 45.916473573000076 ], [ 35.17303585500008, 45.910762961000046 ], [ 35.180080495000027, 45.904521840000029 ], [ 35.187220210000078, 45.897826366000061 ], [ 35.193334568000068, 45.891743705000067 ], [ 35.211084499000037, 45.873450719000061 ], [ 35.21898378800006, 45.865845593000074 ], [ 35.23875404000006, 45.847915661000059 ], [ 35.250831212000037, 45.836386575000063 ], [ 35.269889167000031, 45.818726993000041 ], [ 35.276169923000054, 45.812424768000028 ], [ 35.288457491000031, 45.799373446000061 ], [ 35.295349839000039, 45.792371598000045 ], [ 35.307960230000049, 45.779993145000049 ], [ 35.317366740000068, 45.771235527000044 ], [ 35.327219830000047, 45.762932051000064 ], [ 35.331612216000053, 45.759600344000035 ], [ 35.338452720000078, 45.754778703000056 ], [ 35.347771143000045, 45.748645752000073 ], [ 35.356079435000026, 45.743420761000039 ], [ 35.370255753000038, 45.735201640000071 ], [ 35.410219921000078, 45.714115719000063 ], [ 35.439949, 45.69974658600006 ], [ 35.449238634000039, 45.695044249000034 ], [ 35.517913608000072, 45.658787417000042 ], [ 35.565170067000054, 45.632779688000028 ], [ 35.576024272000041, 45.627018271000054 ], [ 35.587938213000029, 45.620948584000075 ], [ 35.604946942000026, 45.61285859700007 ], [ 35.630032735000043, 45.60157878900003 ], [ 35.650019635000035, 45.593117469000049 ], [ 35.664717221000046, 45.587215162000064 ], [ 35.690105500000072, 45.577569235000055 ], [ 35.702713900000049, 45.573149246000071 ], [ 35.710304054000062, 45.570665311000027 ], [ 35.730005622000078, 45.564813959000048 ], [ 35.762280006000026, 45.556123236000076 ], [ 35.802195148000067, 45.546219865000069 ], [ 35.821621715000049, 45.541818420000027 ], [ 35.84995149100007, 45.536298842000065 ], [ 35.88998633600005, 45.529259877000072 ], [ 35.919170349000069, 45.524753670000052 ], [ 35.935107570000071, 45.52266878100005 ], [ 35.951349750000077, 45.520819958000061 ], [ 35.96806329900005, 45.519207853000069 ], [ 35.985166093000032, 45.517868780000072 ], [ 36.003124896000031, 45.516801285000042 ], [ 36.015918590000069, 45.516236503000073 ], [ 36.04998783800005, 45.515325080000025 ], [ 36.089992421000034, 45.515040341000031 ], [ 36.124979200000041, 45.515348252000081 ], [ 36.190023374000077, 45.516620669000076 ], [ 36.216701122000075, 45.516705896000076 ], [ 36.236107853000078, 45.516417990000036 ], [ 36.25549922600004, 45.515847712000038 ], [ 36.269981570000027, 45.515226261000066 ], [ 36.289893760000041, 45.513941584000065 ], [ 36.304148739000027, 45.512516654000081 ], [ 36.323125110000035, 45.509865730000058 ], [ 36.344272189000037, 45.506256191000034 ], [ 36.380480910000074, 45.499228531000028 ], [ 36.395496927000067, 45.496640962000072 ], [ 36.418187601000056, 45.493110151000053 ], [ 36.498171017000061, 45.481533909000063 ], [ 36.52066620800008, 45.478746099000034 ], [ 36.550028097000052, 45.475759924000045 ], [ 36.570015265000052, 45.474127144000079 ], [ 36.59818221200004, 45.472281076000058 ], [ 36.62155191800008, 45.471014897000032 ], [ 36.63595891600005, 45.470432231000075 ], [ 36.649999148000063, 45.470062368000072 ], [ 36.669990056000074, 45.469878264000045 ], [ 36.695585746000063, 45.470325163000041 ], [ 36.750034086000028, 45.472669806000056 ], [ 36.763758543000051, 45.472897981000074 ], [ 36.783629741000027, 45.472758021000061 ], [ 36.80280378100008, 45.472233466000034 ], [ 36.826686496000036, 45.471141501000034 ], [ 36.877580670000043, 45.467814990000079 ], [ 36.903342641000052, 45.466435213000068 ], [ 36.921940517000053, 45.465868684000043 ], [ 36.941134834000025, 45.465907597000069 ], [ 36.949998063000066, 45.466211224000062 ], [ 36.962224885000069, 45.467007807000073 ], [ 36.969876015000068, 45.467740866000042 ], [ 36.979173784000068, 45.468905594000034 ], [ 36.992206438000039, 45.471025220000058 ], [ 37.001039751000064, 45.472771999000031 ], [ 37.009836040000039, 45.474730997000052 ], [ 37.023703579000028, 45.478211052000063 ], [ 37.043327473000033, 45.483835387000056 ], [ 37.063485588000049, 45.490303629000039 ], [ 37.097167144000025, 45.501740686000062 ], [ 37.110184208000078, 45.505934659000047 ], [ 37.124336715000027, 45.509902647000047 ], [ 37.13078511100008, 45.511385023000059 ], [ 37.136937368000076, 45.512555411000051 ], [ 37.143130339000038, 45.513508794000074 ], [ 37.150330648000079, 45.514366419000055 ], [ 37.162348094000038, 45.515331208000077 ], [ 37.17640932900008, 45.516040042000043 ], [ 37.209950605000074, 45.517153907000079 ], [ 37.22993824200006, 45.51815197600007 ], [ 37.245084506000069, 45.519247517000053 ], [ 37.261271143000045, 45.521094162000054 ], [ 37.274295430000052, 45.523056823000047 ], [ 37.289521376000039, 45.525849795000056 ], [ 37.298577442000067, 45.52787448600003 ], [ 37.316917021000052, 45.532413883000061 ], [ 37.329444948000059, 45.535691834000033 ], [ 37.350075808000042, 45.541412404000027 ], [ 37.357869192000067, 45.543364315000076 ], [ 37.365697017000059, 45.544986458000039 ], [ 37.374841049000054, 45.54623981800006 ], [ 37.382674979000058, 45.546728918000042 ], [ 37.393707846000041, 45.546706413000038 ], [ 37.405517293000059, 45.546044968000047 ], [ 37.430614839000043, 45.544103372000052 ], [ 37.44342170200008, 45.543517798000039 ], [ 37.454417517000024, 45.543509056000062 ], [ 37.462281401000041, 45.543872477000036 ], [ 37.470081248000042, 45.54460552900008 ], [ 37.476373332000037, 45.545519224000031 ], [ 37.482935467000061, 45.546805133000078 ], [ 37.489392402000078, 45.548438091000037 ], [ 37.494634052000038, 45.550065419000077 ], [ 37.499781208000059, 45.551933516000076 ], [ 37.504225407000035, 45.55376920100008 ], [ 37.508578732000046, 45.55579111600008 ], [ 37.514783101000035, 45.559115413000029 ], [ 37.520736856000042, 45.562859519000028 ], [ 37.52360240400003, 45.564885534000041 ], [ 37.527216357000043, 45.567678198000067 ], [ 37.532188857000051, 45.571995684000058 ], [ 37.535361805000036, 45.575040791000049 ], [ 37.540807175000054, 45.580783361000044 ], [ 37.547419331000071, 45.588685213000076 ], [ 37.554016449000073, 45.597769361000076 ], [ 37.561932329000058, 45.609697734000065 ], [ 37.568345887000078, 45.61992368600005 ], [ 37.584392991000072, 45.646379029000059 ], [ 37.591698786000052, 45.657721541000058 ], [ 37.598715559000027, 45.667035662000046 ], [ 37.602988, 45.671917697000026 ], [ 37.60952392300004, 45.678492692000077 ], [ 37.615428270000052, 45.683814058000053 ], [ 37.61953468300004, 45.687213468000039 ], [ 37.625448028000051, 45.691676887000028 ], [ 37.634900465000044, 45.697959796000077 ], [ 37.642464164000046, 45.702430487000072 ], [ 37.65019963900005, 45.706691456000044 ], [ 37.677115836000041, 45.720907183000065 ], [ 37.689572890000079, 45.72775861000008 ], [ 37.702070749000029, 45.735003800000072 ], [ 37.711912540000071, 45.741105945000072 ], [ 37.719746337000061, 45.74629053700005 ], [ 37.729506075000074, 45.753177584000071 ], [ 37.750365590000058, 45.768848655000056 ], [ 37.759494681000035, 45.776036608000027 ], [ 37.770389651000073, 45.785038472000053 ], [ 37.782105630000046, 45.795436240000072 ], [ 37.788802968000027, 45.801975876000029 ], [ 37.796784579000075, 45.810664513000063 ], [ 37.804875256000059, 45.820572216000073 ], [ 37.808689409000067, 45.82571643700004 ], [ 37.812434592000045, 45.831178329000068 ], [ 37.818025785000032, 45.840229459000057 ], [ 37.824905720000061, 45.852751914000066 ], [ 37.829747754000039, 45.862657177000074 ], [ 37.833168168000043, 45.870404114000053 ], [ 37.837071919000039, 45.880418114000065 ], [ 37.840287366000041, 45.889990216000058 ], [ 37.842153088000032, 45.896138753000059 ], [ 37.845217240000068, 45.907513519000076 ], [ 37.84772010100005, 45.918311948000053 ], [ 37.849978673000066, 45.929452902000037 ], [ 37.851759113000071, 45.93967563700005 ], [ 37.852991719000045, 45.94808164300008 ], [ 37.853524131000029, 45.952550673000076 ], [ 37.854350933000035, 45.96271002800006 ], [ 37.854603233000034, 45.973628077000058 ], [ 37.854381157000034, 45.979644030000031 ], [ 37.853858870000067, 45.986024175000068 ], [ 37.853007482000066, 45.992489230000047 ], [ 37.851357779000068, 46.001072727000064 ], [ 37.849292348000063, 46.009401812000078 ], [ 37.846609829000045, 46.01870591200003 ], [ 37.843817220000062, 46.026984302000074 ], [ 37.831404887000076, 46.06113829700007 ], [ 37.828490196000075, 46.07043096700005 ], [ 37.826176034000071, 46.079959317000032 ], [ 37.825393759000065, 46.08440769300006 ], [ 37.824800563000053, 46.089121042000045 ], [ 37.824505643000066, 46.093239459000074 ], [ 37.824394676000054, 46.097936656000059 ], [ 37.824555475000068, 46.111068028000034 ], [ 37.823998152000058, 46.119224926000072 ], [ 37.821366037000075, 46.135244567000029 ], [ 37.819963116000054, 46.146034376000046 ], [ 37.81965814800003, 46.151165717000026 ], [ 37.819956207000075, 46.157848067000032 ], [ 37.820600365000075, 46.161712613000077 ], [ 37.821773756000027, 46.165782909000029 ], [ 37.824071184000047, 46.170781935000036 ], [ 37.826156490000074, 46.174224865000042 ], [ 37.828843680000034, 46.178048571000033 ], [ 37.83178663800004, 46.181875217000027 ], [ 37.843711006000035, 46.196558705000029 ], [ 37.848095133000072, 46.202171800000031 ], [ 37.851469075000068, 46.206825700000081 ], [ 37.85439961600008, 46.211176345000069 ], [ 37.85766004900006, 46.21647224700007 ], [ 37.861137234000068, 46.223163280000051 ], [ 37.863975239000069, 46.230463119000035 ], [ 37.865659952000044, 46.236392973000079 ], [ 37.866722068000058, 46.241863349000027 ], [ 37.867384384000047, 46.249807497000063 ], [ 37.866839650000031, 46.258864020000033 ], [ 37.866537384000026, 46.260669002000043 ], [ 37.865138457000057, 46.266413794000073 ], [ 37.864293833000033, 46.269039127000042 ], [ 37.861478015000046, 46.27607542800007 ], [ 37.85998066600007, 46.27924725500003 ], [ 37.857761879000066, 46.283485391000056 ], [ 37.855076437000037, 46.288032878000081 ], [ 37.849286936000055, 46.29638324900003 ], [ 37.842057581000063, 46.30525958000004 ], [ 37.835980894000045, 46.312016992000054 ], [ 37.82988591700007, 46.318322857000055 ], [ 37.824444383000071, 46.323519832000045 ], [ 37.815613459000076, 46.331231444000025 ], [ 37.80726923900005, 46.337855710000042 ], [ 37.799309699000048, 46.343687655000053 ], [ 37.784387042000048, 46.354245111000068 ], [ 37.773329680000074, 46.36248056200003 ], [ 37.76529419700006, 46.369138882000072 ], [ 37.761804371000039, 46.372290642000053 ], [ 37.758540182000047, 46.375377009000033 ], [ 37.751790960000051, 46.382201741000074 ], [ 37.715514265000024, 46.42258580400005 ], [ 37.702774391000048, 46.436236417000032 ], [ 37.68969467800008, 46.449639565000041 ], [ 37.675935668000079, 46.463160289000029 ], [ 37.662285469000039, 46.476159966000068 ], [ 37.649978708000049, 46.487393699000052 ], [ 37.634970931000055, 46.500726530000065 ], [ 37.612986375000048, 46.519943380000029 ], [ 37.601651151000056, 46.529286100000036 ], [ 37.596995167000046, 46.532905333000031 ], [ 37.590026651000073, 46.537976668000056 ], [ 37.580474829000025, 46.544206620000068 ], [ 37.57442067900007, 46.547749143000033 ], [ 37.567803069000036, 46.551304838000078 ], [ 37.56053707600006, 46.554901585000039 ], [ 37.551962914000057, 46.558822723000048 ], [ 37.533327642000074, 46.566504402000078 ], [ 37.502828541000042, 46.577963206000049 ], [ 37.497220141000071, 46.580220960000077 ], [ 37.491547528000069, 46.582742131000032 ], [ 37.48711942500006, 46.585003214000039 ], [ 37.483137769000052, 46.587439652000057 ], [ 37.478647285000079, 46.591132336000044 ], [ 37.475609020000036, 46.595138962000078 ], [ 37.474730394000062, 46.597042127000066 ], [ 37.473774433000074, 46.601520032000053 ], [ 37.474428849000049, 46.607137617000035 ], [ 37.47510582600006, 46.609295483000039 ], [ 37.476515979000055, 46.612617991000036 ], [ 37.478386542000067, 46.616102886000078 ], [ 37.48059203300005, 46.619643179000036 ], [ 37.484049478000031, 46.62464366200004 ], [ 37.495804572000054, 46.64061188800008 ], [ 37.500828779000074, 46.647916718000033 ], [ 37.504844466000065, 46.654317523000032 ], [ 37.509009626000079, 46.661976622000054 ], [ 37.511492255000064, 46.667473991000065 ], [ 37.514503828000045, 46.675673858000039 ], [ 37.515995579000048, 46.680646147000061 ], [ 37.517173452000065, 46.685206840000035 ], [ 37.519355454000049, 46.695339105000073 ], [ 37.521175534000065, 46.705504208000036 ], [ 37.523352562000071, 46.719798352000055 ], [ 37.52461664100008, 46.729827708000073 ], [ 37.525658029000056, 46.739983868000081 ], [ 37.527764705000038, 46.770139731000029 ], [ 37.528724423000028, 46.779991943000027 ], [ 37.530162043000075, 46.789748724000049 ], [ 37.531671982000034, 46.797044829000072 ], [ 37.533624545000066, 46.804272728000058 ], [ 37.535774140000058, 46.810777568000049 ], [ 37.539344465000056, 46.819911476000073 ], [ 37.549032907000026, 46.841864955000062 ], [ 37.552263197000059, 46.850159775000066 ] ] ] ] } },
{ "type": "Feature", "properties": { "gid": 2, "objectid": 2.0, "shape_leng": 1.6637683747200001, "shape_area": 0.14620237598499999, "z_mean": 31.97 }, "geometry": { "type": "MultiPolygon", "coordinates": [ [ [ [ 36.223514433000048, 45.967263050000042 ], [ 36.210027815000046, 45.966796419000048 ], [ 36.19792030800005, 45.96689335700006 ], [ 36.183677576000036, 45.967631031000053 ], [ 36.170313284000031, 45.968931636000036 ], [ 36.161287435000077, 45.970143387000064 ], [ 36.153137621000042, 45.971452233000036 ], [ 36.116540769000039, 45.978049833000057 ], [ 36.083658534000051, 45.983314231000065 ], [ 36.070064878000039, 45.985651846000053 ], [ 36.056426043000045, 45.988263124000071 ], [ 36.03577604700007, 45.992569874000026 ], [ 35.984362583000063, 46.003642648000039 ], [ 35.964598032000026, 46.008344281000063 ], [ 35.952043349000064, 46.011834365000027 ], [ 35.928584045000036, 46.01900524000007 ], [ 35.901805617000036, 46.026528466000059 ], [ 35.891478226000061, 46.029918897000073 ], [ 35.883637660000034, 46.033000470000047 ], [ 35.858013849000031, 46.044506407000029 ], [ 35.848824196000066, 46.04884454300003 ], [ 35.840633572000058, 46.053359168000043 ], [ 35.835709403000067, 46.056644585000072 ], [ 35.830173321000075, 46.061175456000058 ], [ 35.825100387000077, 46.066208302000064 ], [ 35.820468610000034, 46.071614466000028 ], [ 35.816616766000038, 46.076796598000044 ], [ 35.814546883000048, 46.07988500700003 ], [ 35.811761819000026, 46.084503597000037 ], [ 35.809252353000034, 46.089544525000065 ], [ 35.807926365000071, 46.092968763000044 ], [ 35.806509976000029, 46.098304816000052 ], [ 35.805771737000043, 46.103736539000067 ], [ 35.805660235000062, 46.109180457000036 ], [ 35.806347256000038, 46.115728423000064 ], [ 35.807980484000041, 46.122009967000054 ], [ 35.809267400000067, 46.12516701800007 ], [ 35.81157552500008, 46.129265242000031 ], [ 35.814454855000065, 46.133125752000069 ], [ 35.818308167000055, 46.137247122000076 ], [ 35.824163634000058, 46.142358567000031 ], [ 35.828283170000077, 46.145531962000064 ], [ 35.833645632000071, 46.149409969000033 ], [ 35.839235142000064, 46.15319302100005 ], [ 35.845031154000026, 46.156826649000038 ], [ 35.854087348000064, 46.161856359000069 ], [ 35.86069419100005, 46.16512782500007 ], [ 35.874657235000029, 46.17153697100008 ], [ 35.881989951000037, 46.174616613000069 ], [ 35.890284309000037, 46.177651662000073 ], [ 35.894502909000039, 46.178957596000032 ], [ 35.901895576000072, 46.180920138000033 ], [ 35.916456776000075, 46.183996153000066 ], [ 35.948741655000049, 46.189922852000052 ], [ 35.981891021000024, 46.197167955000054 ], [ 35.992828898000027, 46.199185787000033 ], [ 36.001388589000044, 46.200441975000047 ], [ 36.009987075000026, 46.201465756000061 ], [ 36.024132992000034, 46.202768094000078 ], [ 36.069873606000044, 46.205846730000076 ], [ 36.089889626000058, 46.207446336000032 ], [ 36.109930596000027, 46.209311590000027 ], [ 36.129446372000075, 46.211410025000077 ], [ 36.14431214800004, 46.213437686000077 ], [ 36.185119905000079, 46.219475001000035 ], [ 36.250024298000028, 46.227179890000059 ], [ 36.266239022000036, 46.229292179000026 ], [ 36.277324836000048, 46.230976319000035 ], [ 36.289740686000073, 46.233187495000038 ], [ 36.302260161000049, 46.235792588000038 ], [ 36.340062006000039, 46.244930320000037 ], [ 36.349431639000045, 46.246732402000077 ], [ 36.353593648000071, 46.247382685000048 ], [ 36.362122144000068, 46.248403077000035 ], [ 36.373480545000064, 46.249141058000077 ], [ 36.383481300000028, 46.249225198000033 ], [ 36.390646564000065, 46.24902811700008 ], [ 36.398933800000066, 46.248578874000032 ], [ 36.41044686400005, 46.247553081000035 ], [ 36.421924637000075, 46.246063826000068 ], [ 36.43008307100007, 46.244742743000074 ], [ 36.443307256000026, 46.242021599000054 ], [ 36.448891092000054, 46.240583427000047 ], [ 36.453699786000072, 46.23915128200008 ], [ 36.474201122000068, 46.23198608000007 ], [ 36.501402919000043, 46.224124264000068 ], [ 36.50853739300004, 46.221445322000079 ], [ 36.515790907000053, 46.217721386000051 ], [ 36.521856873000047, 46.213004879000039 ], [ 36.522457880000047, 46.212384241000052 ], [ 36.52673380300007, 46.206389277000028 ], [ 36.529101034000064, 46.200824001000058 ], [ 36.529715673000055, 46.198624534000032 ], [ 36.530671908000045, 46.192590019000079 ], [ 36.530784858000061, 46.190842933000056 ], [ 36.530680095000037, 46.184598336000079 ], [ 36.52960341000005, 46.177172700000028 ], [ 36.528223041000047, 46.171721564000052 ], [ 36.523669299000062, 46.158779012000025 ], [ 36.517702557000064, 46.140218644000072 ], [ 36.511701163000055, 46.119868334000046 ], [ 36.510578955000028, 46.11647544300007 ], [ 36.507051004000061, 46.10726268500008 ], [ 36.506150896000065, 46.10520028500008 ], [ 36.500759389000052, 46.094465401000036 ], [ 36.497177964000059, 46.088402811000037 ], [ 36.493404678000047, 46.082619718000046 ], [ 36.489082744000029, 46.076557373000071 ], [ 36.480573783000068, 46.065750175000062 ], [ 36.474207969000076, 46.058567185000072 ], [ 36.471077637000064, 46.055508986000063 ], [ 36.47, 46.054763445000049 ], [ 36.469411388000026, 46.053894534000051 ], [ 36.467565034000074, 46.05208516700003 ], [ 36.463084492000064, 46.048303807000025 ], [ 36.459626017000062, 46.045681132000027 ], [ 36.454534972000033, 46.04214349800003 ], [ 36.447427892000064, 46.037703153000052 ], [ 36.439417396000067, 46.03315395900006 ], [ 36.431360294000058, 46.028886671000066 ], [ 36.40304160900007, 46.014833831000033 ], [ 36.395679580000035, 46.011363779000078 ], [ 36.388801245000025, 46.008352838000064 ], [ 36.382735469000067, 46.005972704000044 ], [ 36.334736741000029, 45.989000860000033 ], [ 36.322052451000047, 45.984715029000029 ], [ 36.312902125000051, 45.981959305000032 ], [ 36.307464210000035, 45.980509041000062 ], [ 36.298720112000069, 45.978436635000037 ], [ 36.289912865000076, 45.97658395600007 ], [ 36.270066535000069, 45.97295908600006 ], [ 36.250870648000046, 45.970013210000047 ], [ 36.242111221000073, 45.968883791000053 ], [ 36.235728316000063, 45.968191149000063 ], [ 36.223514433000048, 45.967263050000042 ] ] ] ] } },
{ "type": "Feature", "properties": { "gid": 3, "objectid": 3.0, "shape_leng": 6.7149364163199996, "shape_area": 1.0251913106099999, "z_mean": 24.29 }, "geometry": { "type": "MultiPolygon", "coordinates": [ [ [ [ 37.271201191000046, 46.641975475000038 ], [ 37.272556529000042, 46.633433384000057 ], [ 37.273087218000057, 46.627165467000054 ], [ 37.273217677000048, 46.620869544000072 ], [ 37.272979665000037, 46.614901101000044 ], [ 37.272656416000075, 46.611250244000075 ], [ 37.271696838000025, 46.604470023000033 ], [ 37.270644743000048, 46.599174523000045 ], [ 37.26884711200006, 46.592110346000027 ], [ 37.266351474000032, 46.584352913000032 ], [ 37.259508620000076, 46.566439503000026 ], [ 37.257801948000065, 46.561530825000034 ], [ 37.256793075000076, 46.558068065000043 ], [ 37.255449841000029, 46.550366520000068 ], [ 37.255366132000063, 46.548412367000026 ], [ 37.255849632000036, 46.542709623000064 ], [ 37.256378923000057, 46.540505233000033 ], [ 37.258432797000069, 46.535526896000079 ], [ 37.260256608000077, 46.532670371000052 ], [ 37.264423108000074, 46.528008830000033 ], [ 37.26958200100006, 46.523824993000062 ], [ 37.273790097000074, 46.521077087000037 ], [ 37.27783333900004, 46.518774884000038 ], [ 37.286471843000072, 46.514499808000039 ], [ 37.309609170000044, 46.504407398000069 ], [ 37.317189497000072, 46.500850261000039 ], [ 37.324592171000063, 46.496999134000077 ], [ 37.328447073000063, 46.494778281000038 ], [ 37.335380391000058, 46.490279937000025 ], [ 37.341311244000053, 46.485738947000073 ], [ 37.346469413000079, 46.481005330000073 ], [ 37.351050737000037, 46.475893567000071 ], [ 37.354673128000059, 46.47094349300005 ], [ 37.357169498000076, 46.466845001000081 ], [ 37.35878462900007, 46.463746740000033 ], [ 37.361209165000048, 46.458079119000047 ], [ 37.361907262000045, 46.45610672600003 ], [ 37.363843343000042, 46.449075534000031 ], [ 37.364659860000074, 46.444566328000064 ], [ 37.365182200000049, 46.439647583000067 ], [ 37.365160654000078, 46.43060033900008 ], [ 37.363925444000074, 46.421363475000078 ], [ 37.361495073000071, 46.412236971000027 ], [ 37.359821491000048, 46.40773759700005 ], [ 37.35544021700008, 46.39835223800003 ], [ 37.35179916900006, 46.391872341000067 ], [ 37.348580953000067, 46.386847930000044 ], [ 37.345578377000038, 46.382639483000048 ], [ 37.339430060000041, 46.375071878000028 ], [ 37.336028831000078, 46.371291928000062 ], [ 37.330608885000061, 46.365661414000044 ], [ 37.324989358000039, 46.36018701100005 ], [ 37.281534237000074, 46.320038301000068 ], [ 37.26817970500008, 46.308225727000035 ], [ 37.254171788000065, 46.296497582000029 ], [ 37.246148361000053, 46.290223 ], [ 37.23984682300005, 46.285565524000049 ], [ 37.232763526000042, 46.280654751000043 ], [ 37.223545253000054, 46.274802470000054 ], [ 37.217794082000069, 46.271479234000026 ], [ 37.209278353000059, 46.267018841000038 ], [ 37.202973532000044, 46.264044034000051 ], [ 37.196585140000025, 46.261281372000042 ], [ 37.188956983000026, 46.258312975000081 ], [ 37.181409119000079, 46.255785288000027 ], [ 37.173752206000074, 46.253642865000074 ], [ 37.166395449000049, 46.251979726000059 ], [ 37.158036310000057, 46.250495835000038 ], [ 37.144157664000033, 46.248719187000063 ], [ 37.125730016000034, 46.246857679000072 ], [ 37.118702082000027, 46.245985234000045 ], [ 37.111856988000056, 46.244839107000075 ], [ 37.108888300000046, 46.24420377000007 ], [ 37.101732169000059, 46.242208474000051 ], [ 37.09500637900004, 46.239443453000035 ], [ 37.09096379500005, 46.237169311000059 ], [ 37.087099917000046, 46.23454743700006 ], [ 37.084572428000058, 46.232620226000051 ], [ 37.079439144000048, 46.228297128000065 ], [ 37.065217829000062, 46.215269664000061 ], [ 37.056916734000026, 46.208238048000055 ], [ 37.042613197000037, 46.197154290000071 ], [ 37.03260960700004, 46.189695816000039 ], [ 37.021969440000078, 46.182048933000033 ], [ 37.016262820000065, 46.177602189000027 ], [ 37.012577032000024, 46.17419873700004 ], [ 37.006669584000065, 46.167304900000033 ], [ 37.003690439000025, 46.163057035000065 ], [ 37.000533244000053, 46.157674189000033 ], [ 36.997146059000045, 46.149995355000044 ], [ 36.995799724000051, 46.145764862000078 ], [ 36.994290425000031, 46.137956984000027 ], [ 36.994002013000056, 46.130633403000047 ], [ 36.994290598000077, 46.126222680000069 ], [ 36.99515258100007, 46.119871241000055 ], [ 36.997024581000062, 46.110567736000064 ], [ 37.000765254000044, 46.096431703000064 ], [ 37.017813265000029, 46.04149495200005 ], [ 37.021887009000068, 46.02904770300006 ], [ 37.024631516000056, 46.019836393000048 ], [ 37.027324866000072, 46.009888821000061 ], [ 37.030638950000025, 45.995592077000026 ], [ 37.03237415500007, 45.987203153000053 ], [ 37.033658549000052, 45.979532334000055 ], [ 37.034514061000039, 45.972945710000033 ], [ 37.035270371000024, 45.962698141000033 ], [ 37.035411940000074, 45.949881883000046 ], [ 37.034964284000068, 45.940140232000033 ], [ 37.034025067000073, 45.930392851000079 ], [ 37.032573924000076, 45.921554978000074 ], [ 37.030507030000024, 45.912280280000061 ], [ 37.028184434000025, 45.904477040000074 ], [ 37.025583439000059, 45.897226658000079 ], [ 37.022622775000059, 45.889847729000053 ], [ 37.020596639000075, 45.885211598000069 ], [ 37.016628394000065, 45.876867642000036 ], [ 37.009814345000052, 45.864055819000043 ], [ 37.00355793600005, 45.85382089400008 ], [ 36.998203301000046, 45.846341337000069 ], [ 36.990860652000038, 45.837090881000051 ], [ 36.985559508000051, 45.830795657000067 ], [ 36.980690765000077, 45.825387955000053 ], [ 36.975044337000043, 45.819439484000043 ], [ 36.966747060000046, 45.811125336000032 ], [ 36.957988286000045, 45.803162043000043 ], [ 36.951570719000074, 45.797978689000047 ], [ 36.937899278000032, 45.787469507000026 ], [ 36.93069519800008, 45.781645616000048 ], [ 36.926228393000031, 45.778408852000041 ], [ 36.914501596000036, 45.770881049000081 ], [ 36.897475507000024, 45.760542813000029 ], [ 36.889256441000043, 45.756027198000027 ], [ 36.884137797000051, 45.753407134000042 ], [ 36.879698100000041, 45.751252285000078 ], [ 36.869745008000052, 45.746820024000044 ], [ 36.861218969000049, 45.743379554000057 ], [ 36.850165825000033, 45.739285017000043 ], [ 36.83774173900008, 45.735088886000028 ], [ 36.830289544000038, 45.732747088000053 ], [ 36.815552830000058, 45.728458730000057 ], [ 36.803683926000076, 45.725308306000045 ], [ 36.790103923000061, 45.722043301000042 ], [ 36.78302652800005, 45.720503835000045 ], [ 36.76315045900003, 45.716740516000073 ], [ 36.75013967600006, 45.714634122000064 ], [ 36.735713975000067, 45.712518279000051 ], [ 36.708332799000061, 45.708857789000035 ], [ 36.637186874000065, 45.699953408000056 ], [ 36.602139274000024, 45.69584059500005 ], [ 36.576276159000031, 45.693168193000076 ], [ 36.56051571200004, 45.691762679000078 ], [ 36.549959897000065, 45.690964541000028 ], [ 36.529981498000041, 45.689863991000038 ], [ 36.511885343000074, 45.689294392000079 ], [ 36.499093724000033, 45.689108421000071 ], [ 36.479047790000038, 45.689107707000062 ], [ 36.460152063000066, 45.689373671000055 ], [ 36.440473948000033, 45.68985491400008 ], [ 36.420864989000052, 45.690550127000051 ], [ 36.40187344900005, 45.69149935300004 ], [ 36.390012923000029, 45.692256603000033 ], [ 36.364524589000041, 45.694335195000065 ], [ 36.342577220000067, 45.696676258000025 ], [ 36.289916050000045, 45.703636883000058 ], [ 36.250012359000038, 45.708589291000067 ], [ 36.234366065000074, 45.710708711000052 ], [ 36.219268011000054, 45.713120768000067 ], [ 36.210150361000046, 45.714777581000078 ], [ 36.190237232000072, 45.718947390000039 ], [ 36.174503102000074, 45.72279109200008 ], [ 36.149621797000066, 45.729318455000055 ], [ 36.102194928000074, 45.740582241000027 ], [ 36.07585722400006, 45.747383217000049 ], [ 36.042693070000041, 45.75636181200008 ], [ 35.997154456000032, 45.769000047000077 ], [ 35.983975997000073, 45.772922528000038 ], [ 35.942975855000043, 45.785958103000041 ], [ 35.923900365000065, 45.791596918000039 ], [ 35.909888988000034, 45.795452458000057 ], [ 35.862174306000043, 45.807987172000026 ], [ 35.830013562000033, 45.816679419000081 ], [ 35.800077507000026, 45.825045912000064 ], [ 35.746823656000061, 45.840362904000074 ], [ 35.699695379000048, 45.854907121000053 ], [ 35.682458772000075, 45.860679197000081 ], [ 35.670503540000027, 45.865074572000026 ], [ 35.66351472000008, 45.867862406000029 ], [ 35.652878383000029, 45.872503316000063 ], [ 35.622074434000069, 45.887471855000058 ], [ 35.607428997000056, 45.893921857000066 ], [ 35.583721928000045, 45.903284944000063 ], [ 35.563095162000025, 45.911093541000071 ], [ 35.556663382000067, 45.913331691000053 ], [ 35.555782453000063, 45.913566152000044 ], [ 35.553924360000053, 45.914399837000076 ], [ 35.547727275000057, 45.91773446500008 ], [ 35.526660184000036, 45.930422511000074 ], [ 35.517596209000033, 45.936099511000066 ], [ 35.47000666100007, 45.967792332000045 ], [ 35.464290301000062, 45.971884230000057 ], [ 35.459792780000043, 45.975339975000054 ], [ 35.449157392000075, 45.983940598000061 ], [ 35.444206432000044, 45.988193314000057 ], [ 35.43699887300005, 45.995051591000049 ], [ 35.430787185000042, 46.001881771000058 ], [ 35.423448391000079, 46.010896495000054 ], [ 35.416041387000064, 46.020445663000032 ], [ 35.410452246000034, 46.028329869000061 ], [ 35.407416753000064, 46.033061786000076 ], [ 35.402999088000058, 46.040769434000026 ], [ 35.400527108000063, 46.045588868000038 ], [ 35.396958897000047, 46.053490882000062 ], [ 35.394509646000074, 46.059814419000077 ], [ 35.390899914000045, 46.070891080000081 ], [ 35.388732940000068, 46.080373973000064 ], [ 35.387448388000053, 46.089233903000036 ], [ 35.386609193000027, 46.098086170000045 ], [ 35.386384863000046, 46.10198639500004 ], [ 35.386263876000044, 46.10938115600004 ], [ 35.386752886000068, 46.118866672000081 ], [ 35.387736355000072, 46.127062509000041 ], [ 35.389751750000073, 46.140469414000052 ], [ 35.391720408000026, 46.150627518000078 ], [ 35.393873313000029, 46.160195541000064 ], [ 35.397086491000039, 46.170977635000042 ], [ 35.400238239000032, 46.17976236800007 ], [ 35.40243982100003, 46.185012100000051 ], [ 35.404519145000052, 46.189454004000027 ], [ 35.408987848000038, 46.197698570000057 ], [ 35.412415141000054, 46.202918554000064 ], [ 35.415480708000075, 46.207054386000038 ], [ 35.421060381000075, 46.213806416000068 ], [ 35.426915121000036, 46.219998038000028 ], [ 35.432291431000067, 46.224863503000051 ], [ 35.435430537000059, 46.227403828000035 ], [ 35.442283032000034, 46.232368863000033 ], [ 35.449490180000055, 46.236923894000029 ], [ 35.456112669000049, 46.240628579000031 ], [ 35.46310948200005, 46.244150648000073 ], [ 35.470247096000037, 46.247415754000031 ], [ 35.480338438000047, 46.251609513000062 ], [ 35.495271693000063, 46.257511547000036 ], [ 35.501335828000038, 46.26006654400004 ], [ 35.50697070800004, 46.262700714000061 ], [ 35.512780730000031, 46.265820765000058 ], [ 35.519149567000056, 46.269899206000048 ], [ 35.525107167000044, 46.274484620000067 ], [ 35.52956727000003, 46.278500948000044 ], [ 35.533149198000046, 46.282059046000029 ], [ 35.538303281000026, 46.287614959000052 ], [ 35.541922628000066, 46.291856927000026 ], [ 35.545729784000059, 46.296674607000057 ], [ 35.549793198000032, 46.30234665200004 ], [ 35.559911338000063, 46.318134773000054 ], [ 35.563536808000038, 46.323151994000057 ], [ 35.566444188000048, 46.32678425000006 ], [ 35.569835130000058, 46.33060733800005 ], [ 35.573433889000057, 46.33427916800008 ], [ 35.57755185700006, 46.33810410600006 ], [ 35.583219217000078, 46.342854927000076 ], [ 35.591493301000071, 46.348961530000054 ], [ 35.59888244900003, 46.353732127000058 ], [ 35.606573407000042, 46.358111170000029 ], [ 35.616864667000073, 46.363140048000048 ], [ 35.622947748000058, 46.365758016000029 ], [ 35.629962644000045, 46.368531887000074 ], [ 35.641475969000055, 46.372646218000057 ], [ 35.655817037000077, 46.377312299000039 ], [ 35.668716387000075, 46.381261276000032 ], [ 35.681142235000038, 46.384812160000081 ], [ 35.689942332000044, 46.38708022000003 ], [ 35.698409434000041, 46.388994773000036 ], [ 35.710074027000076, 46.391121573000078 ], [ 35.722679501000073, 46.392706310000051 ], [ 35.735346462000052, 46.393612267000037 ], [ 35.749822083000026, 46.393872495000039 ], [ 35.758343624000076, 46.393681234000042 ], [ 35.769796765000024, 46.393069519000051 ], [ 35.786793982000063, 46.391560710000078 ], [ 35.807199356000069, 46.389024426000049 ], [ 35.82990394400008, 46.385590702000059 ], [ 35.936114725000039, 46.367419700000028 ], [ 35.970077907000075, 46.361892238000053 ], [ 35.993894811000075, 46.358422216000065 ], [ 36.050010395000072, 46.350979148000079 ], [ 36.063036041000032, 46.349039309000034 ], [ 36.076434139000071, 46.346798405000072 ], [ 36.089982303000056, 46.344271659000071 ], [ 36.109927529000061, 46.340078782000035 ], [ 36.125358920000053, 46.336387838000064 ], [ 36.170436246000065, 46.324937549000026 ], [ 36.176034396000034, 46.32371930000005 ], [ 36.185821219000047, 46.321971071000064 ], [ 36.19287836500007, 46.321092466000039 ], [ 36.201336832000038, 46.320536904000051 ], [ 36.209741399000052, 46.32060434300007 ], [ 36.217173936000052, 46.321270705000074 ], [ 36.224497597000038, 46.322538319000046 ], [ 36.228432554000051, 46.323498168000071 ], [ 36.232747033000066, 46.324803677000034 ], [ 36.240014939000048, 46.32756717400008 ], [ 36.249088296000025, 46.331870253000034 ], [ 36.256902112000034, 46.336217206000072 ], [ 36.264507344000037, 46.340930101000026 ], [ 36.273763687000042, 46.34726639400003 ], [ 36.282472943000073, 46.353782038000077 ], [ 36.295031993000066, 46.363521322000054 ], [ 36.304696334000027, 46.370555664000051 ], [ 36.311198852000075, 46.37471101400007 ], [ 36.317509569000038, 46.378160785000034 ], [ 36.32190607800004, 46.380237162000071 ], [ 36.326937673000032, 46.382315586000061 ], [ 36.332075665000048, 46.384143124000047 ], [ 36.33803795700004, 46.385929188000034 ], [ 36.344620418000034, 46.387540039000044 ], [ 36.351299280000035, 46.388837282000054 ], [ 36.358007712000074, 46.389839475000031 ], [ 36.370847171000037, 46.391123361000041 ], [ 36.398532613000043, 46.392578369000034 ], [ 36.406436339000038, 46.393147935000059 ], [ 36.417013781000037, 46.394400694000069 ], [ 36.42408559900008, 46.395737311000062 ], [ 36.427555719000054, 46.396603047000042 ], [ 36.432477575000064, 46.398135996000065 ], [ 36.43712273400007, 46.399982872000066 ], [ 36.443106216000047, 46.403178847000049 ], [ 36.446691229000066, 46.405822081000053 ], [ 36.44832884200008, 46.407319416000064 ], [ 36.452113401000076, 46.411604890000035 ], [ 36.453400269000042, 46.413320575000057 ], [ 36.456901911000045, 46.418478678000042 ], [ 36.470153081000035, 46.43896322300003 ], [ 36.473961290000034, 46.445120960000054 ], [ 36.477359994000039, 46.451403580000033 ], [ 36.480229878000046, 46.458250563000036 ], [ 36.481278209000038, 46.461661864000064 ], [ 36.482162737000067, 46.465546476000043 ], [ 36.483139194000046, 46.471795287000077 ], [ 36.484872260000031, 46.485649937000062 ], [ 36.486243224000077, 46.492845892000048 ], [ 36.487695894000069, 46.49757868100005 ], [ 36.489364035000051, 46.501442017000045 ], [ 36.49141647700003, 46.505179115000033 ], [ 36.493564143000071, 46.508446203000062 ], [ 36.495255774000043, 46.510722307000037 ], [ 36.49848490100004, 46.514562646000059 ], [ 36.502036214000043, 46.51823158500008 ], [ 36.506751103000056, 46.522453881000047 ], [ 36.511839681000026, 46.526391439000065 ], [ 36.518912113000056, 46.531052388000035 ], [ 36.523253719000024, 46.533530739000071 ], [ 36.529120369000054, 46.536451558000067 ], [ 36.533551073000069, 46.53834474100006 ], [ 36.541517188000057, 46.541191378000065 ], [ 36.549743584000055, 46.543548447000035 ], [ 36.556807784000057, 46.545199197000045 ], [ 36.569264258000032, 46.547473764000074 ], [ 36.578327178000052, 46.548743696000031 ], [ 36.589629045000038, 46.549983040000029 ], [ 36.609356947000038, 46.551461673000063 ], [ 36.663036906000059, 46.554051937000054 ], [ 36.678998165000053, 46.555095317000053 ], [ 36.689794593000045, 46.556010632000039 ], [ 36.70304890400007, 46.557467040000063 ], [ 36.716292634000069, 46.559380180000062 ], [ 36.729331375000072, 46.561844845000053 ], [ 36.741575252000075, 46.564763902000038 ], [ 36.755285765000053, 46.568606764000037 ], [ 36.770071116000054, 46.573333211000033 ], [ 36.788102696000067, 46.579599812000026 ], [ 36.80994765500003, 46.587674422000077 ], [ 36.82569901800008, 46.593789113000071 ], [ 36.835699325000064, 46.597984742000051 ], [ 36.857566794000036, 46.607613438000044 ], [ 36.88326162900006, 46.619214415000044 ], [ 36.891249189000064, 46.62261374600007 ], [ 36.89821239500003, 46.625315587000046 ], [ 36.910409159000039, 46.629618226000048 ], [ 36.92376448400006, 46.633783677000054 ], [ 36.930490936000069, 46.635607269000047 ], [ 36.941304486000035, 46.638063916000078 ], [ 36.94994740900006, 46.639613753000049 ], [ 36.960220710000044, 46.640927476000059 ], [ 36.965007643000035, 46.641295773000081 ], [ 36.969788777000076, 46.64147895800005 ], [ 36.978815155000063, 46.641325813000037 ], [ 36.99626690000008, 46.640312915000038 ], [ 37.002307755000061, 46.64012230000003 ], [ 37.010001577000025, 46.640240608000056 ], [ 37.01789665900003, 46.640936530000033 ], [ 37.02577307200005, 46.642117614000028 ], [ 37.034783363000031, 46.643894084000067 ], [ 37.041938025000036, 46.645598148000033 ], [ 37.049023996000074, 46.647598489000075 ], [ 37.056918003000078, 46.650287106000064 ], [ 37.064625781000075, 46.653481520000071 ], [ 37.069342605000031, 46.655777586000056 ], [ 37.07464303200004, 46.658674713000039 ], [ 37.079871085000036, 46.661772408000047 ], [ 37.096386778000067, 46.671981190000054 ], [ 37.110930434000068, 46.680467187000033 ], [ 37.119101800000067, 46.684946131000061 ], [ 37.127400268000031, 46.689186506000055 ], [ 37.138089122000054, 46.694021492000047 ], [ 37.144552375000046, 46.696565280000073 ], [ 37.151564517000054, 46.698996505000025 ], [ 37.15873816900006, 46.701111866000076 ], [ 37.165138042000081, 46.702668643000038 ], [ 37.171584111000072, 46.703897687000051 ], [ 37.178051612000047, 46.704763644000082 ], [ 37.184534543000041, 46.705274527000029 ], [ 37.19106509900007, 46.705431037000039 ], [ 37.197697737000055, 46.705200045000026 ], [ 37.204268235000029, 46.704556396000044 ], [ 37.21023068900007, 46.703573395000035 ], [ 37.217696746000058, 46.701739828000029 ], [ 37.223555442000077, 46.699815795000063 ], [ 37.229235673000062, 46.697497989000055 ], [ 37.233790703000068, 46.695267173000047 ], [ 37.238138044000038, 46.692795366000041 ], [ 37.24257328300007, 46.689878409000073 ], [ 37.24676389900003, 46.686659410000061 ], [ 37.253221507000035, 46.680460052000058 ], [ 37.25601479900007, 46.677147727000033 ], [ 37.258450634000042, 46.67383318900005 ], [ 37.262752097000032, 46.66671877400006 ], [ 37.266235127000073, 46.65919247800008 ], [ 37.267901284000061, 46.654621637000048 ], [ 37.269289048000076, 46.650059687000066 ], [ 37.271201191000046, 46.641975475000038 ] ], [ [ 36.223514433000048, 45.967263050000042 ], [ 36.235728316000063, 45.968191149000063 ], [ 36.242111221000073, 45.968883791000053 ], [ 36.250870648000046, 45.970013210000047 ], [ 36.270066535000069, 45.97295908600006 ], [ 36.289912865000076, 45.97658395600007 ], [ 36.298720112000069, 45.978436635000037 ], [ 36.307464210000035, 45.980509041000062 ], [ 36.312902125000051, 45.981959305000032 ], [ 36.322052451000047, 45.984715029000029 ], [ 36.334736741000029, 45.989000860000033 ], [ 36.382735469000067, 46.005972704000044 ], [ 36.388801245000025, 46.008352838000064 ], [ 36.395679580000035, 46.011363779000078 ], [ 36.40304160900007, 46.014833831000033 ], [ 36.431360294000058, 46.028886671000066 ], [ 36.439417396000067, 46.03315395900006 ], [ 36.447427892000064, 46.037703153000052 ], [ 36.454534972000033, 46.04214349800003 ], [ 36.459626017000062, 46.045681132000027 ], [ 36.463084492000064, 46.048303807000025 ], [ 36.467565034000074, 46.05208516700003 ], [ 36.469411388000026, 46.053894534000051 ], [ 36.47, 46.054763445000049 ], [ 36.471077637000064, 46.055508986000063 ], [ 36.474207969000076, 46.058567185000072 ], [ 36.480573783000068, 46.065750175000062 ], [ 36.489082744000029, 46.076557373000071 ], [ 36.493404678000047, 46.082619718000046 ], [ 36.497177964000059, 46.088402811000037 ], [ 36.500759389000052, 46.094465401000036 ], [ 36.506150896000065, 46.10520028500008 ], [ 36.507051004000061, 46.10726268500008 ], [ 36.510578955000028, 46.11647544300007 ], [ 36.511701163000055, 46.119868334000046 ], [ 36.517702557000064, 46.140218644000072 ], [ 36.523669299000062, 46.158779012000025 ], [ 36.528223041000047, 46.171721564000052 ], [ 36.52960341000005, 46.177172700000028 ], [ 36.530680095000037, 46.184598336000079 ], [ 36.530784858000061, 46.190842933000056 ], [ 36.530671908000045, 46.192590019000079 ], [ 36.529715673000055, 46.198624534000032 ], [ 36.529101034000064, 46.200824001000058 ], [ 36.52673380300007, 46.206389277000028 ], [ 36.522457880000047, 46.212384241000052 ], [ 36.521856873000047, 46.213004879000039 ], [ 36.515790907000053, 46.217721386000051 ], [ 36.50853739300004, 46.221445322000079 ], [ 36.501402919000043, 46.224124264000068 ], [ 36.474201122000068, 46.23198608000007 ], [ 36.453699786000072, 46.23915128200008 ], [ 36.448891092000054, 46.240583427000047 ], [ 36.443307256000026, 46.242021599000054 ], [ 36.43008307100007, 46.244742743000074 ], [ 36.421924637000075, 46.246063826000068 ], [ 36.41044686400005, 46.247553081000035 ], [ 36.398933800000066, 46.248578874000032 ], [ 36.390646564000065, 46.24902811700008 ], [ 36.383481300000028, 46.249225198000033 ], [ 36.373480545000064, 46.249141058000077 ], [ 36.362122144000068, 46.248403077000035 ], [ 36.353593648000071, 46.247382685000048 ], [ 36.349431639000045, 46.246732402000077 ], [ 36.340062006000039, 46.244930320000037 ], [ 36.302260161000049, 46.235792588000038 ], [ 36.289740686000073, 46.233187495000038 ], [ 36.277324836000048, 46.230976319000035 ], [ 36.266239022000036, 46.229292179000026 ], [ 36.250024298000028, 46.227179890000059 ], [ 36.185119905000079, 46.219475001000035 ], [ 36.14431214800004, 46.213437686000077 ], [ 36.129446372000075, 46.211410025000077 ], [ 36.109930596000027, 46.209311590000027 ], [ 36.089889626000058, 46.207446336000032 ], [ 36.069873606000044, 46.205846730000076 ], [ 36.024132992000034, 46.202768094000078 ], [ 36.009987075000026, 46.201465756000061 ], [ 36.001388589000044, 46.200441975000047 ], [ 35.992828898000027, 46.199185787000033 ], [ 35.981891021000024, 46.197167955000054 ], [ 35.948741655000049, 46.189922852000052 ], [ 35.916456776000075, 46.183996153000066 ], [ 35.901895576000072, 46.180920138000033 ], [ 35.894502909000039, 46.178957596000032 ], [ 35.890284309000037, 46.177651662000073 ], [ 35.881989951000037, 46.174616613000069 ], [ 35.874657235000029, 46.17153697100008 ], [ 35.86069419100005, 46.16512782500007 ], [ 35.854087348000064, 46.161856359000069 ], [ 35.845031154000026, 46.156826649000038 ], [ 35.839235142000064, 46.15319302100005 ], [ 35.833645632000071, 46.149409969000033 ], [ 35.828283170000077, 46.145531962000064 ], [ 35.824163634000058, 46.142358567000031 ], [ 35.818308167000055, 46.137247122000076 ], [ 35.814454855000065, 46.133125752000069 ], [ 35.81157552500008, 46.129265242000031 ], [ 35.809267400000067, 46.12516701800007 ], [ 35.807980484000041, 46.122009967000054 ], [ 35.806347256000038, 46.115728423000064 ], [ 35.805660235000062, 46.109180457000036 ], [ 35.805771737000043, 46.103736539000067 ], [ 35.806509976000029, 46.098304816000052 ], [ 35.807926365000071, 46.092968763000044 ], [ 35.809252353000034, 46.089544525000065 ], [ 35.811761819000026, 46.084503597000037 ], [ 35.814546883000048, 46.07988500700003 ], [ 35.816616766000038, 46.076796598000044 ], [ 35.820468610000034, 46.071614466000028 ], [ 35.825100387000077, 46.066208302000064 ], [ 35.830173321000075, 46.061175456000058 ], [ 35.835709403000067, 46.056644585000072 ], [ 35.840633572000058, 46.053359168000043 ], [ 35.848824196000066, 46.04884454300003 ], [ 35.858013849000031, 46.044506407000029 ], [ 35.883637660000034, 46.033000470000047 ], [ 35.891478226000061, 46.029918897000073 ], [ 35.901805617000036, 46.026528466000059 ], [ 35.928584045000036, 46.01900524000007 ], [ 35.952043349000064, 46.011834365000027 ], [ 35.964598032000026, 46.008344281000063 ], [ 35.984362583000063, 46.003642648000039 ], [ 36.03577604700007, 45.992569874000026 ], [ 36.056426043000045, 45.988263124000071 ], [ 36.070064878000039, 45.985651846000053 ], [ 36.083658534000051, 45.983314231000065 ], [ 36.116540769000039, 45.978049833000057 ], [ 36.153137621000042, 45.971452233000036 ], [ 36.161287435000077, 45.970143387000064 ], [ 36.170313284000031, 45.968931636000036 ], [ 36.183677576000036, 45.967631031000053 ], [ 36.19792030800005, 45.96689335700006 ], [ 36.210027815000046, 45.966796419000048 ], [ 36.223514433000048, 45.967263050000042 ] ] ] ] } },
{ "type": "Feature", "properties": { "gid": 4, "objectid": 4.0, "shape_leng": 12.280056544200001, "shape_area": 1.5037641497800001, "z_mean": 14.32 }, "geometry": { "type": "MultiPolygon", "coordinates": [ [ [ [ 37.552263197000059, 46.850159775000066 ], [ 37.549032907000026, 46.841864955000062 ], [ 37.539344465000056, 46.819911476000073 ], [ 37.535774140000058, 46.810777568000049 ], [ 37.533624545000066, 46.804272728000058 ], [ 37.531671982000034, 46.797044829000072 ], [ 37.530162043000075, 46.789748724000049 ], [ 37.528724423000028, 46.779991943000027 ], [ 37.527764705000038, 46.770139731000029 ], [ 37.525658029000056, 46.739983868000081 ], [ 37.52461664100008, 46.729827708000073 ], [ 37.523352562000071, 46.719798352000055 ], [ 37.521175534000065, 46.705504208000036 ], [ 37.519355454000049, 46.695339105000073 ], [ 37.517173452000065, 46.685206840000035 ], [ 37.515995579000048, 46.680646147000061 ], [ 37.514503828000045, 46.675673858000039 ], [ 37.511492255000064, 46.667473991000065 ], [ 37.509009626000079, 46.661976622000054 ], [ 37.504844466000065, 46.654317523000032 ], [ 37.500828779000074, 46.647916718000033 ], [ 37.495804572000054, 46.64061188800008 ], [ 37.484049478000031, 46.62464366200004 ], [ 37.48059203300005, 46.619643179000036 ], [ 37.478386542000067, 46.616102886000078 ], [ 37.476515979000055, 46.612617991000036 ], [ 37.47510582600006, 46.609295483000039 ], [ 37.474428849000049, 46.607137617000035 ], [ 37.473774433000074, 46.601520032000053 ], [ 37.474730394000062, 46.597042127000066 ], [ 37.475609020000036, 46.595138962000078 ], [ 37.478647285000079, 46.591132336000044 ], [ 37.483137769000052, 46.587439652000057 ], [ 37.48711942500006, 46.585003214000039 ], [ 37.491547528000069, 46.582742131000032 ], [ 37.497220141000071, 46.580220960000077 ], [ 37.502828541000042, 46.577963206000049 ], [ 37.533327642000074, 46.566504402000078 ], [ 37.551962914000057, 46.558822723000048 ], [ 37.56053707600006, 46.554901585000039 ], [ 37.567803069000036, 46.551304838000078 ], [ 37.57442067900007, 46.547749143000033 ], [ 37.580474829000025, 46.544206620000068 ], [ 37.590026651000073, 46.537976668000056 ], [ 37.596995167000046, 46.532905333000031 ], [ 37.601651151000056, 46.529286100000036 ], [ 37.612986375000048, 46.519943380000029 ], [ 37.634970931000055, 46.500726530000065 ], [ 37.649978708000049, 46.487393699000052 ], [ 37.662285469000039, 46.476159966000068 ], [ 37.675935668000079, 46.463160289000029 ], [ 37.68969467800008, 46.449639565000041 ], [ 37.702774391000048, 46.436236417000032 ], [ 37.715514265000024, 46.42258580400005 ], [ 37.751790960000051, 46.382201741000074 ], [ 37.758540182000047, 46.375377009000033 ], [ 37.761804371000039, 46.372290642000053 ], [ 37.76529419700006, 46.369138882000072 ], [ 37.773329680000074, 46.36248056200003 ], [ 37.784387042000048, 46.354245111000068 ], [ 37.799309699000048, 46.343687655000053 ], [ 37.80726923900005, 46.337855710000042 ], [ 37.815613459000076, 46.331231444000025 ], [ 37.824444383000071, 46.323519832000045 ], [ 37.82988591700007, 46.318322857000055 ], [ 37.835980894000045, 46.312016992000054 ], [ 37.842057581000063, 46.30525958000004 ], [ 37.849286936000055, 46.29638324900003 ], [ 37.855076437000037, 46.288032878000081 ], [ 37.857761879000066, 46.283485391000056 ], [ 37.85998066600007, 46.27924725500003 ], [ 37.861478015000046, 46.27607542800007 ], [ 37.864293833000033, 46.269039127000042 ], [ 37.865138457000057, 46.266413794000073 ], [ 37.866537384000026, 46.260669002000043 ], [ 37.866839650000031, 46.258864020000033 ], [ 37.867384384000047, 46.249807497000063 ], [ 37.866722068000058, 46.241863349000027 ], [ 37.865659952000044, 46.236392973000079 ], [ 37.863975239000069, 46.230463119000035 ], [ 37.861137234000068, 46.223163280000051 ], [ 37.85766004900006, 46.21647224700007 ], [ 37.85439961600008, 46.211176345000069 ], [ 37.851469075000068, 46.206825700000081 ], [ 37.848095133000072, 46.202171800000031 ], [ 37.843711006000035, 46.196558705000029 ], [ 37.83178663800004, 46.181875217000027 ], [ 37.828843680000034, 46.178048571000033 ], [ 37.826156490000074, 46.174224865000042 ], [ 37.824071184000047, 46.170781935000036 ], [ 37.821773756000027, 46.165782909000029 ], [ 37.820600365000075, 46.161712613000077 ], [ 37.819956207000075, 46.157848067000032 ], [ 37.81965814800003, 46.151165717000026 ], [ 37.819963116000054, 46.146034376000046 ], [ 37.821366037000075, 46.135244567000029 ], [ 37.823998152000058, 46.119224926000072 ], [ 37.824555475000068, 46.111068028000034 ], [ 37.824394676000054, 46.097936656000059 ], [ 37.824505643000066, 46.093239459000074 ], [ 37.824800563000053, 46.089121042000045 ], [ 37.825393759000065, 46.08440769300006 ], [ 37.826176034000071, 46.079959317000032 ], [ 37.828490196000075, 46.07043096700005 ], [ 37.831404887000076, 46.06113829700007 ], [ 37.843817220000062, 46.026984302000074 ], [ 37.846609829000045, 46.01870591200003 ], [ 37.849292348000063, 46.009401812000078 ], [ 37.851357779000068, 46.001072727000064 ], [ 37.853007482000066, 45.992489230000047 ], [ 37.853858870000067, 45.986024175000068 ], [ 37.854381157000034, 45.979644030000031 ], [ 37.854603233000034, 45.973628077000058 ], [ 37.854350933000035, 45.96271002800006 ], [ 37.853524131000029, 45.952550673000076 ], [ 37.852991719000045, 45.94808164300008 ], [ 37.851759113000071, 45.93967563700005 ], [ 37.849978673000066, 45.929452902000037 ], [ 37.84772010100005, 45.918311948000053 ], [ 37.845217240000068, 45.907513519000076 ], [ 37.842153088000032, 45.896138753000059 ], [ 37.840287366000041, 45.889990216000058 ], [ 37.837071919000039, 45.880418114000065 ], [ 37.833168168000043, 45.870404114000053 ], [ 37.829747754000039, 45.862657177000074 ], [ 37.824905720000061, 45.852751914000066 ], [ 37.818025785000032, 45.840229459000057 ], [ 37.812434592000045, 45.831178329000068 ], [ 37.808689409000067, 45.82571643700004 ], [ 37.804875256000059, 45.820572216000073 ], [ 37.796784579000075, 45.810664513000063 ], [ 37.788802968000027, 45.801975876000029 ], [ 37.782105630000046, 45.795436240000072 ], [ 37.770389651000073, 45.785038472000053 ], [ 37.759494681000035, 45.776036608000027 ], [ 37.750365590000058, 45.768848655000056 ], [ 37.729506075000074, 45.753177584000071 ], [ 37.719746337000061, 45.74629053700005 ], [ 37.711912540000071, 45.741105945000072 ], [ 37.702070749000029, 45.735003800000072 ], [ 37.689572890000079, 45.72775861000008 ], [ 37.677115836000041, 45.720907183000065 ], [ 37.65019963900005, 45.706691456000044 ], [ 37.642464164000046, 45.702430487000072 ], [ 37.634900465000044, 45.697959796000077 ], [ 37.625448028000051, 45.691676887000028 ], [ 37.61953468300004, 45.687213468000039 ], [ 37.615428270000052, 45.683814058000053 ], [ 37.60952392300004, 45.678492692000077 ], [ 37.602988, 45.671917697000026 ], [ 37.598715559000027, 45.667035662000046 ], [ 37.591698786000052, 45.657721541000058 ], [ 37.584392991000072, 45.646379029000059 ], [ 37.568345887000078, 45.61992368600005 ], [ 37.561932329000058, 45.609697734000065 ], [ 37.554016449000073, 45.597769361000076 ], [ 37.547419331000071, 45.588685213000076 ], [ 37.540807175000054, 45.580783361000044 ], [ 37.535361805000036, 45.575040791000049 ], [ 37.532188857000051, 45.571995684000058 ], [ 37.527216357000043, 45.567678198000067 ], [ 37.52360240400003, 45.564885534000041 ], [ 37.520736856000042, 45.562859519000028 ], [ 37.514783101000035, 45.559115413000029 ], [ 37.508578732000046, 45.55579111600008 ], [ 37.504225407000035, 45.55376920100008 ], [ 37.499781208000059, 45.551933516000076 ], [ 37.494634052000038, 45.550065419000077 ], [ 37.489392402000078, 45.548438091000037 ], [ 37.482935467000061, 45.546805133000078 ], [ 37.476373332000037, 45.545519224000031 ], [ 37.470081248000042, 45.54460552900008 ], [ 37.462281401000041, 45.543872477000036 ], [ 37.454417517000024, 45.543509056000062 ], [ 37.44342170200008, 45.543517798000039 ], [ 37.430614839000043, 45.544103372000052 ], [ 37.405517293000059, 45.546044968000047 ], [ 37.393707846000041, 45.546706413000038 ], [ 37.382674979000058, 45.546728918000042 ], [ 37.374841049000054, 45.54623981800006 ], [ 37.365697017000059, 45.544986458000039 ], [ 37.357869192000067, 45.543364315000076 ], [ 37.350075808000042, 45.541412404000027 ], [ 37.329444948000059, 45.535691834000033 ], [ 37.316917021000052, 45.532413883000061 ], [ 37.298577442000067, 45.52787448600003 ], [ 37.289521376000039, 45.525849795000056 ], [ 37.274295430000052, 45.523056823000047 ], [ 37.261271143000045, 45.521094162000054 ], [ 37.245084506000069, 45.519247517000053 ], [ 37.22993824200006, 45.51815197600007 ], [ 37.209950605000074, 45.517153907000079 ], [ 37.17640932900008, 45.516040042000043 ], [ 37.162348094000038, 45.515331208000077 ], [ 37.150330648000079, 45.514366419000055 ], [ 37.143130339000038, 45.513508794000074 ], [ 37.136937368000076, 45.512555411000051 ], [ 37.13078511100008, 45.511385023000059 ], [ 37.124336715000027, 45.509902647000047 ], [ 37.110184208000078, 45.505934659000047 ], [ 37.097167144000025, 45.501740686000062 ], [ 37.063485588000049, 45.490303629000039 ], [ 37.043327473000033, 45.483835387000056 ], [ 37.023703579000028, 45.478211052000063 ], [ 37.009836040000039, 45.474730997000052 ], [ 37.001039751000064, 45.472771999000031 ], [ 36.992206438000039, 45.471025220000058 ], [ 36.979173784000068, 45.468905594000034 ], [ 36.969876015000068, 45.467740866000042 ], [ 36.962224885000069, 45.467007807000073 ], [ 36.949998063000066, 45.466211224000062 ], [ 36.941134834000025, 45.465907597000069 ], [ 36.921940517000053, 45.465868684000043 ], [ 36.903342641000052, 45.466435213000068 ], [ 36.877580670000043, 45.467814990000079 ], [ 36.826686496000036, 45.471141501000034 ], [ 36.80280378100008, 45.472233466000034 ], [ 36.783629741000027, 45.472758021000061 ], [ 36.763758543000051, 45.472897981000074 ], [ 36.750034086000028, 45.472669806000056 ], [ 36.695585746000063, 45.470325163000041 ], [ 36.669990056000074, 45.469878264000045 ], [ 36.649999148000063, 45.470062368000072 ], [ 36.63595891600005, 45.470432231000075 ], [ 36.62155191800008, 45.471014897000032 ], [ 36.59818221200004, 45.472281076000058 ], [ 36.570015265000052, 45.474127144000079 ], [ 36.550028097000052, 45.475759924000045 ], [ 36.52066620800008, 45.478746099000034 ], [ 36.498171017000061, 45.481533909000063 ], [ 36.418187601000056, 45.493110151000053 ], [ 36.395496927000067, 45.496640962000072 ], [ 36.380480910000074, 45.499228531000028 ], [ 36.344272189000037, 45.506256191000034 ], [ 36.323125110000035, 45.509865730000058 ], [ 36.304148739000027, 45.512516654000081 ], [ 36.289893760000041, 45.513941584000065 ], [ 36.269981570000027, 45.515226261000066 ], [ 36.25549922600004, 45.515847712000038 ], [ 36.236107853000078, 45.516417990000036 ], [ 36.216701122000075, 45.516705896000076 ], [ 36.190023374000077, 45.516620669000076 ], [ 36.124979200000041, 45.515348252000081 ], [ 36.089992421000034, 45.515040341000031 ], [ 36.04998783800005, 45.515325080000025 ], [ 36.015918590000069, 45.516236503000073 ], [ 36.003124896000031, 45.516801285000042 ], [ 35.985166093000032, 45.517868780000072 ], [ 35.96806329900005, 45.519207853000069 ], [ 35.951349750000077, 45.520819958000061 ], [ 35.935107570000071, 45.52266878100005 ], [ 35.919170349000069, 45.524753670000052 ], [ 35.88998633600005, 45.529259877000072 ], [ 35.84995149100007, 45.536298842000065 ], [ 35.821621715000049, 45.541818420000027 ], [ 35.802195148000067, 45.546219865000069 ], [ 35.762280006000026, 45.556123236000076 ], [ 35.730005622000078, 45.564813959000048 ], [ 35.710304054000062, 45.570665311000027 ], [ 35.702713900000049, 45.573149246000071 ], [ 35.690105500000072, 45.577569235000055 ], [ 35.664717221000046, 45.587215162000064 ], [ 35.650019635000035, 45.593117469000049 ], [ 35.630032735000043, 45.60157878900003 ], [ 35.604946942000026, 45.61285859700007 ], [ 35.587938213000029, 45.620948584000075 ], [ 35.576024272000041, 45.627018271000054 ], [ 35.565170067000054, 45.632779688000028 ], [ 35.517913608000072, 45.658787417000042 ], [ 35.449238634000039, 45.695044249000034 ], [ 35.439949, 45.69974658600006 ], [ 35.410219921000078, 45.714115719000063 ], [ 35.370255753000038, 45.735201640000071 ], [ 35.356079435000026, 45.743420761000039 ], [ 35.347771143000045, 45.748645752000073 ], [ 35.338452720000078, 45.754778703000056 ], [ 35.331612216000053, 45.759600344000035 ], [ 35.327219830000047, 45.762932051000064 ], [ 35.317366740000068, 45.771235527000044 ], [ 35.307960230000049, 45.779993145000049 ], [ 35.295349839000039, 45.792371598000045 ], [ 35.288457491000031, 45.799373446000061 ], [ 35.276169923000054, 45.812424768000028 ], [ 35.269889167000031, 45.818726993000041 ], [ 35.250831212000037, 45.836386575000063 ], [ 35.23875404000006, 45.847915661000059 ], [ 35.21898378800006, 45.865845593000074 ], [ 35.211084499000037, 45.873450719000061 ], [ 35.193334568000068, 45.891743705000067 ], [ 35.187220210000078, 45.897826366000061 ], [ 35.180080495000027, 45.904521840000029 ], [ 35.17303585500008, 45.910762961000046 ], [ 35.166206413000054, 45.916473573000076 ], [ 35.14374786500008, 45.933814842000061 ], [ 35.140093003000061, 45.936873474000038 ], [ 35.134028777000026, 45.942420113000026 ], [ 35.12908912100005, 45.947836653000081 ], [ 35.12543396500007, 45.953314499000044 ], [ 35.123775956000031, 45.95700454100006 ], [ 35.121823286000051, 45.963239492000071 ], [ 35.118148676000033, 45.976925238000035 ], [ 35.112865376000059, 45.992617627000072 ], [ 35.110181814000043, 46.002736929000037 ], [ 35.109093305000044, 46.008521329000075 ], [ 35.108725363000076, 46.01206496900005 ], [ 35.108635956000057, 46.015424503000077 ], [ 35.109220609000033, 46.02320990000004 ], [ 35.110442421000073, 46.02958824500007 ], [ 35.112445004000051, 46.036196330000053 ], [ 35.114544860000024, 46.041602682000075 ], [ 35.117997398000057, 46.048971621000078 ], [ 35.120441242000027, 46.053434260000074 ], [ 35.123742212000025, 46.058808111000076 ], [ 35.129437722000034, 46.066808198000047 ], [ 35.132157972000073, 46.070105194000064 ], [ 35.136673299000051, 46.075031370000033 ], [ 35.139539133000028, 46.077893289000031 ], [ 35.14433172300005, 46.082342278000056 ], [ 35.149316927000029, 46.08665998400005 ], [ 35.161146811000037, 46.096192678000079 ], [ 35.179733261000024, 46.110185172000058 ], [ 35.19122814900004, 46.118455271000073 ], [ 35.202670675000036, 46.126188311000078 ], [ 35.21615089900007, 46.134760811000035 ], [ 35.222192325000037, 46.138421006000044 ], [ 35.249078588000032, 46.154019082000048 ], [ 35.255803136000054, 46.158167598000034 ], [ 35.262347509000051, 46.16251625600006 ], [ 35.26748002000005, 46.166237104000061 ], [ 35.27183676900006, 46.169667743000048 ], [ 35.276037535000057, 46.173261184000069 ], [ 35.279768561000026, 46.176738408000062 ], [ 35.284586177000051, 46.181669512000042 ], [ 35.290079702000071, 46.187726140000052 ], [ 35.304650735000052, 46.204584012000055 ], [ 35.315383277000024, 46.217508653000039 ], [ 35.321031528000049, 46.224886230000038 ], [ 35.325927024000066, 46.23185013300008 ], [ 35.336691204000033, 46.248742536000066 ], [ 35.34233385400006, 46.257011341000066 ], [ 35.346098418000054, 46.261892166000052 ], [ 35.351338854000062, 46.268021152000074 ], [ 35.357438321000075, 46.274466719000031 ], [ 35.362511278000056, 46.279448836000029 ], [ 35.370707492000065, 46.287008848000028 ], [ 35.379648125000074, 46.294679881000036 ], [ 35.39110499800006, 46.303695788000027 ], [ 35.404006985000024, 46.312846672000035 ], [ 35.436114867000072, 46.334146321000048 ], [ 35.445985588000042, 46.341146993000052 ], [ 35.454510207000055, 46.347617498000034 ], [ 35.462505212000053, 46.354240792000041 ], [ 35.466441843000041, 46.357779048000054 ], [ 35.472362843000042, 46.363577665000037 ], [ 35.485784901000045, 46.378294636000078 ], [ 35.493215521000025, 46.385659012000076 ], [ 35.498559047000072, 46.390426532000049 ], [ 35.508901731000037, 46.398797023000043 ], [ 35.518457464000051, 46.405882040000051 ], [ 35.537851565000039, 46.419446469000036 ], [ 35.553331975000049, 46.429620990000046 ], [ 35.580234767000036, 46.446716554000034 ], [ 35.588811658000054, 46.452560112000072 ], [ 35.609846030000028, 46.467398802000048 ], [ 35.618945956000061, 46.473232575000054 ], [ 35.62620422100008, 46.477398623000056 ], [ 35.636082225000052, 46.482468728000072 ], [ 35.669171008000035, 46.497991815000034 ], [ 35.702616249000073, 46.514200402000029 ], [ 35.713329252000051, 46.518931739000038 ], [ 35.721894573000043, 46.52231319200007 ], [ 35.73057368800005, 46.525333054000043 ], [ 35.740492144000029, 46.528238716000033 ], [ 35.745484420000025, 46.529479843000047 ], [ 35.750509718000046, 46.530570367000053 ], [ 35.75890720600006, 46.532023472000049 ], [ 35.764486196000064, 46.532754306000072 ], [ 35.770091080000043, 46.533322363000082 ], [ 35.78116753300003, 46.534038868000039 ], [ 35.789875954000024, 46.534330820000037 ], [ 35.799524485000063, 46.534439708000036 ], [ 35.831706961000066, 46.534242963000054 ], [ 35.876709460000029, 46.53591659600005 ], [ 35.89016674700008, 46.536045673000046 ], [ 35.899276513000075, 46.53589511000007 ], [ 35.924380261000067, 46.534987393000051 ], [ 35.93885707700008, 46.534097779000035 ], [ 35.949944172000073, 46.532977138000035 ], [ 35.957280878000063, 46.531913380000049 ], [ 35.964541564000058, 46.53055648000003 ], [ 35.969369076000078, 46.529460977000042 ], [ 35.975773088000039, 46.527734979000059 ], [ 35.984336764000034, 46.52490081500008 ], [ 35.988483618000032, 46.52328200200003 ], [ 35.99517038700003, 46.520280839000065 ], [ 36.004404284000032, 46.515299800000037 ], [ 36.012604258000067, 46.510018233000039 ], [ 36.021329488000049, 46.503645807000055 ], [ 36.063052835000065, 46.470658138000033 ], [ 36.073922229000061, 46.462547348000044 ], [ 36.082119140000032, 46.456830547000038 ], [ 36.090654714000038, 46.451342122000028 ], [ 36.100206392000075, 46.445636246000049 ], [ 36.111006803000066, 46.439879586000075 ], [ 36.120214802000078, 46.435458966000056 ], [ 36.131212934000075, 46.430834877000052 ], [ 36.144248873000038, 46.425996650000059 ], [ 36.151094838000063, 46.423709483000039 ], [ 36.163107025000045, 46.420050950000075 ], [ 36.176106828000059, 46.416626388000054 ], [ 36.186127941000052, 46.41458061600008 ], [ 36.191004789000033, 46.413864850000039 ], [ 36.19665262400008, 46.413327069000047 ], [ 36.202194138000038, 46.413143454000078 ], [ 36.209026728000026, 46.413477020000073 ], [ 36.212581337000074, 46.413945314000046 ], [ 36.219037019000041, 46.415407690000052 ], [ 36.224928882000029, 46.417614899000057 ], [ 36.230445940000038, 46.420856920000062 ], [ 36.234555991000036, 46.424644743000044 ], [ 36.237539967000032, 46.429113182000037 ], [ 36.239115078000054, 46.433357495000052 ], [ 36.239719974000025, 46.43691199400007 ], [ 36.239879372000075, 46.439571084000079 ], [ 36.239590513000053, 46.446425066000074 ], [ 36.238893877000066, 46.453659735000031 ], [ 36.238480818000028, 46.460198032000051 ], [ 36.238543307000043, 46.465751751000028 ], [ 36.238758819000054, 46.468480882000051 ], [ 36.239548997000043, 46.473598178000032 ], [ 36.240333091000025, 46.476846761000047 ], [ 36.243059051000046, 46.48440253900003 ], [ 36.244372473000055, 46.487202318000072 ], [ 36.246841548000077, 46.491714008000031 ], [ 36.250212070000032, 46.496903587000077 ], [ 36.253858892000039, 46.501666456000066 ], [ 36.259767261000036, 46.508202820000065 ], [ 36.264974663000032, 46.513230172000078 ], [ 36.271616492000078, 46.518992369000046 ], [ 36.279740065000055, 46.525339829000075 ], [ 36.290260058000058, 46.532740285000045 ], [ 36.299336819000075, 46.538412125000036 ], [ 36.310369163000075, 46.544457271000056 ], [ 36.317753572000072, 46.548009916000069 ], [ 36.329923478000069, 46.553171479000071 ], [ 36.339182097000048, 46.556680645000029 ], [ 36.368873885000028, 46.567431608000049 ], [ 36.381338533000076, 46.572453303000032 ], [ 36.389064058000031, 46.57586909500003 ], [ 36.435345642000073, 46.597394475000044 ], [ 36.449261344000035, 46.604018178000047 ], [ 36.457288185000039, 46.60810583500006 ], [ 36.46874241200004, 46.614481052000031 ], [ 36.480805972000041, 46.621991371000036 ], [ 36.493202751000069, 46.630524928000057 ], [ 36.510990977000063, 46.643854062000059 ], [ 36.52389858500004, 46.652872149000075 ], [ 36.533063999000035, 46.658554213000059 ], [ 36.541255011000032, 46.662999288000037 ], [ 36.549665161000064, 46.666912154000045 ], [ 36.558048209000049, 46.67011522100006 ], [ 36.56438406400008, 46.672086496000077 ], [ 36.570809843000063, 46.673699931000044 ], [ 36.576261918000057, 46.674761895000074 ], [ 36.583174880000058, 46.675723405000042 ], [ 36.59227080800008, 46.676350798000044 ], [ 36.600938348000057, 46.676287997000031 ], [ 36.60961446400006, 46.675629584000035 ], [ 36.614687730000071, 46.674978854000074 ], [ 36.624641763000056, 46.673204475000034 ], [ 36.629517698000029, 46.67211855000005 ], [ 36.638154151000037, 46.66987258100005 ], [ 36.649495061000039, 46.666380592000053 ], [ 36.657598608000058, 46.663521137000032 ], [ 36.669266823000044, 46.658861863000027 ], [ 36.67992483300003, 46.654035253000075 ], [ 36.688710736000075, 46.649607727000046 ], [ 36.699014152000075, 46.643903200000068 ], [ 36.716079151000031, 46.634059548000039 ], [ 36.725325884000029, 46.629166873000031 ], [ 36.731608032000054, 46.62625831500003 ], [ 36.737700622000034, 46.623824848000027 ], [ 36.744825882000043, 46.621523523000064 ], [ 36.751059042000065, 46.620045275000052 ], [ 36.755864784000039, 46.61924730100003 ], [ 36.760692279000068, 46.618733858000041 ], [ 36.769702685000027, 46.61854887100003 ], [ 36.777019836000079, 46.61921231000008 ], [ 36.78479799400003, 46.621120639000026 ], [ 36.789605312000049, 46.622906168000043 ], [ 36.79378385800004, 46.624814326000035 ], [ 36.803575832000035, 46.630525528000078 ], [ 36.812976745000071, 46.637636959000076 ], [ 36.815497075000053, 46.639836875000071 ], [ 36.821597866000047, 46.645729922000044 ], [ 36.827124717000061, 46.651843790000044 ], [ 36.831687185000078, 46.657563508000067 ], [ 36.83561252100003, 46.663083867000068 ], [ 36.838582115000065, 46.667729744000042 ], [ 36.84222382400003, 46.674169439000082 ], [ 36.843997124000055, 46.677780623000046 ], [ 36.84482975800006, 46.68 ], [ 36.845460525000078, 46.682204275000061 ], [ 36.84765834600006, 46.687926846000039 ], [ 36.850995060000059, 46.69525165500005 ], [ 36.854686338000079, 46.702275106000059 ], [ 36.861788774000047, 46.71428379200006 ], [ 36.865946263000069, 46.720732508000026 ], [ 36.870362553000064, 46.727212098000052 ], [ 36.874862730000075, 46.733441751000043 ], [ 36.880054520000044, 46.740178498000034 ], [ 36.887871717000053, 46.749604122000051 ], [ 36.893779596000059, 46.756326141000045 ], [ 36.917158561000065, 46.781341201000032 ], [ 36.925895935000028, 46.790303931000039 ], [ 36.93110015700006, 46.795323833000054 ], [ 36.935509775000071, 46.799314896000055 ], [ 36.941817940000078, 46.804612550000058 ], [ 36.94725223100005, 46.808807469000044 ], [ 36.956430350000062, 46.815129555000055 ], [ 36.966197974000067, 46.820897547000072 ], [ 36.976613222000026, 46.826142947000051 ], [ 36.98259395000008, 46.828806129000043 ], [ 36.99026453700003, 46.831900552000036 ], [ 36.997676865000074, 46.834602067000048 ], [ 37.01156400800005, 46.839059373000055 ], [ 37.049202990000026, 46.849699518000079 ], [ 37.075873127000079, 46.857500745000038 ], [ 37.090542824000067, 46.86118235400005 ], [ 37.101792063000062, 46.863346724000053 ], [ 37.110234982000065, 46.864619761000029 ], [ 37.117011722000029, 46.865430038000056 ], [ 37.130061530000035, 46.866489093000041 ], [ 37.142298873000072, 46.866887681000037 ], [ 37.149934051000059, 46.866850568000075 ], [ 37.157409630000075, 46.866601737000053 ], [ 37.164879259000031, 46.866142020000041 ], [ 37.175284054000031, 46.865147989000036 ], [ 37.189724606000027, 46.863158018000036 ], [ 37.198051237000072, 46.861680436000029 ], [ 37.209705325000073, 46.859228531000042 ], [ 37.221267297000054, 46.856429883000033 ], [ 37.25011849200007, 46.848908924000057 ], [ 37.259644643000058, 46.846697160000076 ], [ 37.270539603000032, 46.84473736800004 ], [ 37.278969553000024, 46.843725712000037 ], [ 37.290134825000052, 46.843152656000029 ], [ 37.295592070000055, 46.843233629000053 ], [ 37.302557618000037, 46.843694560000074 ], [ 37.309482184000046, 46.844561525000074 ], [ 37.315588374000072, 46.845683132000033 ], [ 37.321639749000042, 46.847125986000037 ], [ 37.32921899400003, 46.849393105000047 ], [ 37.337022374000071, 46.852217575000054 ], [ 37.343338168000059, 46.854835285000036 ], [ 37.356169286000068, 46.86087593600007 ], [ 37.391206480000051, 46.879517346000057 ], [ 37.411061552000035, 46.889583826000035 ], [ 37.424522977000038, 46.895789961000048 ], [ 37.435009539000077, 46.900211047000028 ], [ 37.443270091000045, 46.903410808000046 ], [ 37.451602112000046, 46.906355696000048 ], [ 37.457407075000049, 46.908215993000056 ], [ 37.463239787000077, 46.90991636800004 ], [ 37.471902797000041, 46.912097588000051 ], [ 37.478192843000045, 46.913379850000069 ], [ 37.484489212000028, 46.914372895000042 ], [ 37.491935880000028, 46.915117508000037 ], [ 37.498822903000075, 46.915342200000055 ], [ 37.505633766000074, 46.915117429000077 ], [ 37.511135861000071, 46.914600134000068 ], [ 37.519864812000037, 46.913129083000058 ], [ 37.524687606000043, 46.911931300000049 ], [ 37.529335217000039, 46.910477796000066 ], [ 37.532353940000064, 46.909349556000052 ], [ 37.538571102000049, 46.906396464000068 ], [ 37.542591065000067, 46.903846698000052 ], [ 37.545084613000029, 46.901886058000059 ], [ 37.54878306300003, 46.898194687000057 ], [ 37.550234020000062, 46.896357520000038 ], [ 37.552947388000064, 46.89195451300003 ], [ 37.554649935000043, 46.887939948000053 ], [ 37.555488127000046, 46.885158862000026 ], [ 37.556467185000031, 46.87977580300003 ], [ 37.556725676000042, 46.876600346000032 ], [ 37.556692824000038, 46.871175627000071 ], [ 37.556285176000074, 46.866739639000059 ], [ 37.555571138000062, 46.862215088000028 ], [ 37.554418549000047, 46.85713277800005 ], [ 37.552263197000059, 46.850159775000066 ] ], [ [ 37.271201191000046, 46.641975475000038 ], [ 37.269289048000076, 46.650059687000066 ], [ 37.267901284000061, 46.654621637000048 ], [ 37.266235127000073, 46.65919247800008 ], [ 37.262752097000032, 46.66671877400006 ], [ 37.258450634000042, 46.67383318900005 ], [ 37.25601479900007, 46.677147727000033 ], [ 37.253221507000035, 46.680460052000058 ], [ 37.24676389900003, 46.686659410000061 ], [ 37.24257328300007, 46.689878409000073 ], [ 37.238138044000038, 46.692795366000041 ], [ 37.233790703000068, 46.695267173000047 ], [ 37.229235673000062, 46.697497989000055 ], [ 37.223555442000077, 46.699815795000063 ], [ 37.217696746000058, 46.701739828000029 ], [ 37.21023068900007, 46.703573395000035 ], [ 37.204268235000029, 46.704556396000044 ], [ 37.197697737000055, 46.705200045000026 ], [ 37.19106509900007, 46.705431037000039 ], [ 37.184534543000041, 46.705274527000029 ], [ 37.178051612000047, 46.704763644000082 ], [ 37.171584111000072, 46.703897687000051 ], [ 37.165138042000081, 46.702668643000038 ], [ 37.15873816900006, 46.701111866000076 ], [ 37.151564517000054, 46.698996505000025 ], [ 37.144552375000046, 46.696565280000073 ], [ 37.138089122000054, 46.694021492000047 ], [ 37.127400268000031, 46.689186506000055 ], [ 37.119101800000067, 46.684946131000061 ], [ 37.110930434000068, 46.680467187000033 ], [ 37.096386778000067, 46.671981190000054 ], [ 37.079871085000036, 46.661772408000047 ], [ 37.07464303200004, 46.658674713000039 ], [ 37.069342605000031, 46.655777586000056 ], [ 37.064625781000075, 46.653481520000071 ], [ 37.056918003000078, 46.650287106000064 ], [ 37.049023996000074, 46.647598489000075 ], [ 37.041938025000036, 46.645598148000033 ], [ 37.034783363000031, 46.643894084000067 ], [ 37.02577307200005, 46.642117614000028 ], [ 37.01789665900003, 46.640936530000033 ], [ 37.010001577000025, 46.640240608000056 ], [ 37.002307755000061, 46.64012230000003 ], [ 36.99626690000008, 46.640312915000038 ], [ 36.978815155000063, 46.641325813000037 ], [ 36.969788777000076, 46.64147895800005 ], [ 36.965007643000035, 46.641295773000081 ], [ 36.960220710000044, 46.640927476000059 ], [ 36.94994740900006, 46.639613753000049 ], [ 36.941304486000035, 46.638063916000078 ], [ 36.930490936000069, 46.635607269000047 ], [ 36.92376448400006, 46.633783677000054 ], [ 36.910409159000039, 46.629618226000048 ], [ 36.89821239500003, 46.625315587000046 ], [ 36.891249189000064, 46.62261374600007 ], [ 36.88326162900006, 46.619214415000044 ], [ 36.857566794000036, 46.607613438000044 ], [ 36.835699325000064, 46.597984742000051 ], [ 36.82569901800008, 46.593789113000071 ], [ 36.80994765500003, 46.587674422000077 ], [ 36.788102696000067, 46.579599812000026 ], [ 36.770071116000054, 46.573333211000033 ], [ 36.755285765000053, 46.568606764000037 ], [ 36.741575252000075, 46.564763902000038 ], [ 36.729331375000072, 46.561844845000053 ], [ 36.716292634000069, 46.559380180000062 ], [ 36.70304890400007, 46.557467040000063 ], [ 36.689794593000045, 46.556010632000039 ], [ 36.678998165000053, 46.555095317000053 ], [ 36.663036906000059, 46.554051937000054 ], [ 36.609356947000038, 46.551461673000063 ], [ 36.589629045000038, 46.549983040000029 ], [ 36.578327178000052, 46.548743696000031 ], [ 36.569264258000032, 46.547473764000074 ], [ 36.556807784000057, 46.545199197000045 ], [ 36.549743584000055, 46.543548447000035 ], [ 36.541517188000057, 46.541191378000065 ], [ 36.533551073000069, 46.53834474100006 ], [ 36.529120369000054, 46.536451558000067 ], [ 36.523253719000024, 46.533530739000071 ], [ 36.518912113000056, 46.531052388000035 ], [ 36.511839681000026, 46.526391439000065 ], [ 36.506751103000056, 46.522453881000047 ], [ 36.502036214000043, 46.51823158500008 ], [ 36.49848490100004, 46.514562646000059 ], [ 36.495255774000043, 46.510722307000037 ], [ 36.493564143000071, 46.508446203000062 ], [ 36.49141647700003, 46.505179115000033 ], [ 36.489364035000051, 46.501442017000045 ], [ 36.487695894000069, 46.49757868100005 ], [ 36.486243224000077, 46.492845892000048 ], [ 36.484872260000031, 46.485649937000062 ], [ 36.483139194000046, 46.471795287000077 ], [ 36.482162737000067, 46.465546476000043 ], [ 36.481278209000038, 46.461661864000064 ], [ 36.480229878000046, 46.458250563000036 ], [ 36.477359994000039, 46.451403580000033 ], [ 36.473961290000034, 46.445120960000054 ], [ 36.470153081000035, 46.43896322300003 ], [ 36.456901911000045, 46.418478678000042 ], [ 36.453400269000042, 46.413320575000057 ], [ 36.452113401000076, 46.411604890000035 ], [ 36.44832884200008, 46.407319416000064 ], [ 36.446691229000066, 46.405822081000053 ], [ 36.443106216000047, 46.403178847000049 ], [ 36.43712273400007, 46.399982872000066 ], [ 36.432477575000064, 46.398135996000065 ], [ 36.427555719000054, 46.396603047000042 ], [ 36.42408559900008, 46.395737311000062 ], [ 36.417013781000037, 46.394400694000069 ], [ 36.406436339000038, 46.393147935000059 ], [ 36.398532613000043, 46.392578369000034 ], [ 36.370847171000037, 46.391123361000041 ], [ 36.358007712000074, 46.389839475000031 ], [ 36.351299280000035, 46.388837282000054 ], [ 36.344620418000034, 46.387540039000044 ], [ 36.33803795700004, 46.385929188000034 ], [ 36.332075665000048, 46.384143124000047 ], [ 36.326937673000032, 46.382315586000061 ], [ 36.32190607800004, 46.380237162000071 ], [ 36.317509569000038, 46.378160785000034 ], [ 36.311198852000075, 46.37471101400007 ], [ 36.304696334000027, 46.370555664000051 ], [ 36.295031993000066, 46.363521322000054 ], [ 36.282472943000073, 46.353782038000077 ], [ 36.273763687000042, 46.34726639400003 ], [ 36.264507344000037, 46.340930101000026 ], [ 36.256902112000034, 46.336217206000072 ], [ 36.249088296000025, 46.331870253000034 ], [ 36.240014939000048, 46.32756717400008 ], [ 36.232747033000066, 46.324803677000034 ], [ 36.228432554000051, 46.323498168000071 ], [ 36.224497597000038, 46.322538319000046 ], [ 36.217173936000052, 46.321270705000074 ], [ 36.209741399000052, 46.32060434300007 ], [ 36.201336832000038, 46.320536904000051 ], [ 36.19287836500007, 46.321092466000039 ], [ 36.185821219000047, 46.321971071000064 ], [ 36.176034396000034, 46.32371930000005 ], [ 36.170436246000065, 46.324937549000026 ], [ 36.125358920000053, 46.336387838000064 ], [ 36.109927529000061, 46.340078782000035 ], [ 36.089982303000056, 46.344271659000071 ], [ 36.076434139000071, 46.346798405000072 ], [ 36.063036041000032, 46.349039309000034 ], [ 36.050010395000072, 46.350979148000079 ], [ 35.993894811000075, 46.358422216000065 ], [ 35.970077907000075, 46.361892238000053 ], [ 35.936114725000039, 46.367419700000028 ], [ 35.82990394400008, 46.385590702000059 ], [ 35.807199356000069, 46.389024426000049 ], [ 35.786793982000063, 46.391560710000078 ], [ 35.769796765000024, 46.393069519000051 ], [ 35.758343624000076, 46.393681234000042 ], [ 35.749822083000026, 46.393872495000039 ], [ 35.735346462000052, 46.393612267000037 ], [ 35.722679501000073, 46.392706310000051 ], [ 35.710074027000076, 46.391121573000078 ], [ 35.698409434000041, 46.388994773000036 ], [ 35.689942332000044, 46.38708022000003 ], [ 35.681142235000038, 46.384812160000081 ], [ 35.668716387000075, 46.381261276000032 ], [ 35.655817037000077, 46.377312299000039 ], [ 35.641475969000055, 46.372646218000057 ], [ 35.629962644000045, 46.368531887000074 ], [ 35.622947748000058, 46.365758016000029 ], [ 35.616864667000073, 46.363140048000048 ], [ 35.606573407000042, 46.358111170000029 ], [ 35.59888244900003, 46.353732127000058 ], [ 35.591493301000071, 46.348961530000054 ], [ 35.583219217000078, 46.342854927000076 ], [ 35.57755185700006, 46.33810410600006 ], [ 35.573433889000057, 46.33427916800008 ], [ 35.569835130000058, 46.33060733800005 ], [ 35.566444188000048, 46.32678425000006 ], [ 35.563536808000038, 46.323151994000057 ], [ 35.559911338000063, 46.318134773000054 ], [ 35.549793198000032, 46.30234665200004 ], [ 35.545729784000059, 46.296674607000057 ], [ 35.541922628000066, 46.291856927000026 ], [ 35.538303281000026, 46.287614959000052 ], [ 35.533149198000046, 46.282059046000029 ], [ 35.52956727000003, 46.278500948000044 ], [ 35.525107167000044, 46.274484620000067 ], [ 35.519149567000056, 46.269899206000048 ], [ 35.512780730000031, 46.265820765000058 ], [ 35.50697070800004, 46.262700714000061 ], [ 35.501335828000038, 46.26006654400004 ], [ 35.495271693000063, 46.257511547000036 ], [ 35.480338438000047, 46.251609513000062 ], [ 35.470247096000037, 46.247415754000031 ], [ 35.46310948200005, 46.244150648000073 ], [ 35.456112669000049, 46.240628579000031 ], [ 35.449490180000055, 46.236923894000029 ], [ 35.442283032000034, 46.232368863000033 ], [ 35.435430537000059, 46.227403828000035 ], [ 35.432291431000067, 46.224863503000051 ], [ 35.426915121000036, 46.219998038000028 ], [ 35.421060381000075, 46.213806416000068 ], [ 35.415480708000075, 46.207054386000038 ], [ 35.412415141000054, 46.202918554000064 ], [ 35.408987848000038, 46.197698570000057 ], [ 35.404519145000052, 46.189454004000027 ], [ 35.40243982100003, 46.185012100000051 ], [ 35.400238239000032, 46.17976236800007 ], [ 35.397086491000039, 46.170977635000042 ], [ 35.393873313000029, 46.160195541000064 ], [ 35.391720408000026, 46.150627518000078 ], [ 35.389751750000073, 46.140469414000052 ], [ 35.387736355000072, 46.127062509000041 ], [ 35.386752886000068, 46.118866672000081 ], [ 35.386263876000044, 46.10938115600004 ], [ 35.386384863000046, 46.10198639500004 ], [ 35.386609193000027, 46.098086170000045 ], [ 35.387448388000053, 46.089233903000036 ], [ 35.388732940000068, 46.080373973000064 ], [ 35.390899914000045, 46.070891080000081 ], [ 35.394509646000074, 46.059814419000077 ], [ 35.396958897000047, 46.053490882000062 ], [ 35.400527108000063, 46.045588868000038 ], [ 35.402999088000058, 46.040769434000026 ], [ 35.407416753000064, 46.033061786000076 ], [ 35.410452246000034, 46.028329869000061 ], [ 35.416041387000064, 46.020445663000032 ], [ 35.423448391000079, 46.010896495000054 ], [ 35.430787185000042, 46.001881771000058 ], [ 35.43699887300005, 45.995051591000049 ], [ 35.444206432000044, 45.988193314000057 ], [ 35.449157392000075, 45.983940598000061 ], [ 35.459792780000043, 45.975339975000054 ], [ 35.464290301000062, 45.971884230000057 ], [ 35.47000666100007, 45.967792332000045 ], [ 35.517596209000033, 45.936099511000066 ], [ 35.526660184000036, 45.930422511000074 ], [ 35.547727275000057, 45.91773446500008 ], [ 35.553924360000053, 45.914399837000076 ], [ 35.555782453000063, 45.913566152000044 ], [ 35.556663382000067, 45.913331691000053 ], [ 35.563095162000025, 45.911093541000071 ], [ 35.583721928000045, 45.903284944000063 ], [ 35.607428997000056, 45.893921857000066 ], [ 35.622074434000069, 45.887471855000058 ], [ 35.652878383000029, 45.872503316000063 ], [ 35.66351472000008, 45.867862406000029 ], [ 35.670503540000027, 45.865074572000026 ], [ 35.682458772000075, 45.860679197000081 ], [ 35.699695379000048, 45.854907121000053 ], [ 35.746823656000061, 45.840362904000074 ], [ 35.800077507000026, 45.825045912000064 ], [ 35.830013562000033, 45.816679419000081 ], [ 35.862174306000043, 45.807987172000026 ], [ 35.909888988000034, 45.795452458000057 ], [ 35.923900365000065, 45.791596918000039 ], [ 35.942975855000043, 45.785958103000041 ], [ 35.983975997000073, 45.772922528000038 ], [ 35.997154456000032, 45.769000047000077 ], [ 36.042693070000041, 45.75636181200008 ], [ 36.07585722400006, 45.747383217000049 ], [ 36.102194928000074, 45.740582241000027 ], [ 36.149621797000066, 45.729318455000055 ], [ 36.174503102000074, 45.72279109200008 ], [ 36.190237232000072, 45.718947390000039 ], [ 36.210150361000046, 45.714777581000078 ], [ 36.219268011000054, 45.713120768000067 ], [ 36.234366065000074, 45.710708711000052 ], [ 36.250012359000038, 45.708589291000067 ], [ 36.289916050000045, 45.703636883000058 ], [ 36.342577220000067, 45.696676258000025 ], [ 36.364524589000041, 45.694335195000065 ], [ 36.390012923000029, 45.692256603000033 ], [ 36.40187344900005, 45.69149935300004 ], [ 36.420864989000052, 45.690550127000051 ], [ 36.440473948000033, 45.68985491400008 ], [ 36.460152063000066, 45.689373671000055 ], [ 36.479047790000038, 45.689107707000062 ], [ 36.499093724000033, 45.689108421000071 ], [ 36.511885343000074, 45.689294392000079 ], [ 36.529981498000041, 45.689863991000038 ], [ 36.549959897000065, 45.690964541000028 ], [ 36.56051571200004, 45.691762679000078 ], [ 36.576276159000031, 45.693168193000076 ], [ 36.602139274000024, 45.69584059500005 ], [ 36.637186874000065, 45.699953408000056 ], [ 36.708332799000061, 45.708857789000035 ], [ 36.735713975000067, 45.712518279000051 ], [ 36.75013967600006, 45.714634122000064 ], [ 36.76315045900003, 45.716740516000073 ], [ 36.78302652800005, 45.720503835000045 ], [ 36.790103923000061, 45.722043301000042 ], [ 36.803683926000076, 45.725308306000045 ], [ 36.815552830000058, 45.728458730000057 ], [ 36.830289544000038, 45.732747088000053 ], [ 36.83774173900008, 45.735088886000028 ], [ 36.850165825000033, 45.739285017000043 ], [ 36.861218969000049, 45.743379554000057 ], [ 36.869745008000052, 45.746820024000044 ], [ 36.879698100000041, 45.751252285000078 ], [ 36.884137797000051, 45.753407134000042 ], [ 36.889256441000043, 45.756027198000027 ], [ 36.897475507000024, 45.760542813000029 ], [ 36.914501596000036, 45.770881049000081 ], [ 36.926228393000031, 45.778408852000041 ], [ 36.93069519800008, 45.781645616000048 ], [ 36.937899278000032, 45.787469507000026 ], [ 36.951570719000074, 45.797978689000047 ], [ 36.957988286000045, 45.803162043000043 ], [ 36.966747060000046, 45.811125336000032 ], [ 36.975044337000043, 45.819439484000043 ], [ 36.980690765000077, 45.825387955000053 ], [ 36.985559508000051, 45.830795657000067 ], [ 36.990860652000038, 45.837090881000051 ], [ 36.998203301000046, 45.846341337000069 ], [ 37.00355793600005, 45.85382089400008 ], [ 37.009814345000052, 45.864055819000043 ], [ 37.016628394000065, 45.876867642000036 ], [ 37.020596639000075, 45.885211598000069 ], [ 37.022622775000059, 45.889847729000053 ], [ 37.025583439000059, 45.897226658000079 ], [ 37.028184434000025, 45.904477040000074 ], [ 37.030507030000024, 45.912280280000061 ], [ 37.032573924000076, 45.921554978000074 ], [ 37.034025067000073, 45.930392851000079 ], [ 37.034964284000068, 45.940140232000033 ], [ 37.035411940000074, 45.949881883000046 ], [ 37.035270371000024, 45.962698141000033 ], [ 37.034514061000039, 45.972945710000033 ], [ 37.033658549000052, 45.979532334000055 ], [ 37.03237415500007, 45.987203153000053 ], [ 37.030638950000025, 45.995592077000026 ], [ 37.027324866000072, 46.009888821000061 ], [ 37.024631516000056, 46.019836393000048 ], [ 37.021887009000068, 46.02904770300006 ], [ 37.017813265000029, 46.04149495200005 ], [ 37.000765254000044, 46.096431703000064 ], [ 36.997024581000062, 46.110567736000064 ], [ 36.99515258100007, 46.119871241000055 ], [ 36.994290598000077, 46.126222680000069 ], [ 36.994002013000056, 46.130633403000047 ], [ 36.994290425000031, 46.137956984000027 ], [ 36.995799724000051, 46.145764862000078 ], [ 36.997146059000045, 46.149995355000044 ], [ 37.000533244000053, 46.157674189000033 ], [ 37.003690439000025, 46.163057035000065 ], [ 37.006669584000065, 46.167304900000033 ], [ 37.012577032000024, 46.17419873700004 ], [ 37.016262820000065, 46.177602189000027 ], [ 37.021969440000078, 46.182048933000033 ], [ 37.03260960700004, 46.189695816000039 ], [ 37.042613197000037, 46.197154290000071 ], [ 37.056916734000026, 46.208238048000055 ], [ 37.065217829000062, 46.215269664000061 ], [ 37.079439144000048, 46.228297128000065 ], [ 37.084572428000058, 46.232620226000051 ], [ 37.087099917000046, 46.23454743700006 ], [ 37.09096379500005, 46.237169311000059 ], [ 37.09500637900004, 46.239443453000035 ], [ 37.101732169000059, 46.242208474000051 ], [ 37.108888300000046, 46.24420377000007 ], [ 37.111856988000056, 46.244839107000075 ], [ 37.118702082000027, 46.245985234000045 ], [ 37.125730016000034, 46.246857679000072 ], [ 37.144157664000033, 46.248719187000063 ], [ 37.158036310000057, 46.250495835000038 ], [ 37.166395449000049, 46.251979726000059 ], [ 37.173752206000074, 46.253642865000074 ], [ 37.181409119000079, 46.255785288000027 ], [ 37.188956983000026, 46.258312975000081 ], [ 37.196585140000025, 46.261281372000042 ], [ 37.202973532000044, 46.264044034000051 ], [ 37.209278353000059, 46.267018841000038 ], [ 37.217794082000069, 46.271479234000026 ], [ 37.223545253000054, 46.274802470000054 ], [ 37.232763526000042, 46.280654751000043 ], [ 37.23984682300005, 46.285565524000049 ], [ 37.246148361000053, 46.290223 ], [ 37.254171788000065, 46.296497582000029 ], [ 37.26817970500008, 46.308225727000035 ], [ 37.281534237000074, 46.320038301000068 ], [ 37.324989358000039, 46.36018701100005 ], [ 37.330608885000061, 46.365661414000044 ], [ 37.336028831000078, 46.371291928000062 ], [ 37.339430060000041, 46.375071878000028 ], [ 37.345578377000038, 46.382639483000048 ], [ 37.348580953000067, 46.386847930000044 ], [ 37.35179916900006, 46.391872341000067 ], [ 37.35544021700008, 46.39835223800003 ], [ 37.359821491000048, 46.40773759700005 ], [ 37.361495073000071, 46.412236971000027 ], [ 37.363925444000074, 46.421363475000078 ], [ 37.365160654000078, 46.43060033900008 ], [ 37.365182200000049, 46.439647583000067 ], [ 37.364659860000074, 46.444566328000064 ], [ 37.363843343000042, 46.449075534000031 ], [ 37.361907262000045, 46.45610672600003 ], [ 37.361209165000048, 46.458079119000047 ], [ 37.35878462900007, 46.463746740000033 ], [ 37.357169498000076, 46.466845001000081 ], [ 37.354673128000059, 46.47094349300005 ], [ 37.351050737000037, 46.475893567000071 ], [ 37.346469413000079, 46.481005330000073 ], [ 37.341311244000053, 46.485738947000073 ], [ 37.335380391000058, 46.490279937000025 ], [ 37.328447073000063, 46.494778281000038 ], [ 37.324592171000063, 46.496999134000077 ], [ 37.317189497000072, 46.500850261000039 ], [ 37.309609170000044, 46.504407398000069 ], [ 37.286471843000072, 46.514499808000039 ], [ 37.27783333900004, 46.518774884000038 ], [ 37.273790097000074, 46.521077087000037 ], [ 37.26958200100006, 46.523824993000062 ], [ 37.264423108000074, 46.528008830000033 ], [ 37.260256608000077, 46.532670371000052 ], [ 37.258432797000069, 46.535526896000079 ], [ 37.256378923000057, 46.540505233000033 ], [ 37.255849632000036, 46.542709623000064 ], [ 37.255366132000063, 46.548412367000026 ], [ 37.255449841000029, 46.550366520000068 ], [ 37.256793075000076, 46.558068065000043 ], [ 37.257801948000065, 46.561530825000034 ], [ 37.259508620000076, 46.566439503000026 ], [ 37.266351474000032, 46.584352913000032 ], [ 37.26884711200006, 46.592110346000027 ], [ 37.270644743000048, 46.599174523000045 ], [ 37.271696838000025, 46.604470023000033 ], [ 37.272656416000075, 46.611250244000075 ], [ 37.272979665000037, 46.614901101000044 ], [ 37.273217677000048, 46.620869544000072 ], [ 37.273087218000057, 46.627165467000054 ], [ 37.272556529000042, 46.633433384000057 ], [ 37.271201191000046, 46.641975475000038 ] ] ] ] } }
]
}
