{
"type": "FeatureCollection",
"name": "azov_10_psr_plg",
"crs": { "type": "name", "properties": { "name": "urn:ogc:def:crs:OGC:1.3:CRS84" } },
"features": [
{ "type": "Feature", "properties": { "gid": 1, "objectid": 1.0, "shape_leng": 0.17815458764, "shape_area": 0.00062088935949900002, "z_mean": 1.23399157313 }, "geometry": { "type": "MultiPolygon", "coordinates": [ [ [ [ 36.267832879002526, 45.467230536001807, 1.148676499999965 ], [ 36.267293977227382, 45.467029517083574, 1.135276499999918 ], [ 36.260791798016726, 45.464604100992801, 0.973576500000036 ], [ 36.255910851828958, 45.46278343056656, 0.852276500000016 ], [ 36.252452018999975, 45.461493230999622, 0.835176499999989 ], [ 36.220078337033556, 45.461653610496796, 1.165376500000093 ], [ 36.194632780001484, 45.461779667999508, 1.4999765 ], [ 36.196470083001259, 45.462802281999757, 1.498276499999974 ], [ 36.199514279000141, 45.464130975000444, 1.487476499999957 ], [ 36.201399476303777, 45.464766753950244, 1.47667649999994 ], [ 36.207873096002004, 45.46694996900078, 1.499276499999951 ], [ 36.219986534000782, 45.470094624999547, 1.503876499999933 ], [ 36.228362870000637, 45.471849207002379, 1.490376499999911 ], [ 36.230913910891104, 45.472157283416891, 1.477176500000041 ], [ 36.231699193003806, 45.472252117999233, 1.483476500000052 ], [ 36.236671210999702, 45.472499760999199, 1.4999765 ], [ 36.244997296174915, 45.472501351912797, 1.500076499999977 ], [ 36.259994376678151, 45.472504217494134, 1.500276499999927 ], [ 36.261682236001434, 45.472504540000955, 1.500276499999927 ], [ 36.268515296002079, 45.472691421000491, 1.512776499999973 ], [ 36.274298128999362, 45.473448335000285, 1.563176500000054 ], [ 36.274357470720133, 45.473463793918199, 1.5642765 ], [ 36.276085930625413, 45.473914069376406, 1.391376499999978 ], [ 36.279364661999352, 45.474768201000188, 1.476776499999914 ], [ 36.281219227999827, 45.475000000000364, 1.4999765 ], [ 36.277284009036521, 45.472715990965298, 1.271576500000037 ], [ 36.275533383686707, 45.471699924475615, 1.446676499999967 ], [ 36.267832879002526, 45.467230536001807, 1.148676499999965 ] ] ] ] } },
{ "type": "Feature", "properties": { "gid": 2, "objectid": 2.0, "shape_leng": 0.34442575193300001, "shape_area": 0.0018656348932300001, "z_mean": 0.89475369928199999 }, "geometry": { "type": "MultiPolygon", "coordinates": [ [ [ [ 36.372023129000809, 45.458770489001836, 1.48907650000001 ], [ 36.378242565002438, 45.455136232001678, 1.4628765 ], [ 36.381410553427486, 45.452858944659965, 1.428176500000063 ], [ 36.384079140001631, 45.450940648999676, 1.536676499999885 ], [ 36.385931325001366, 45.450000656002885, 1.59887649999996 ], [ 36.385933102161289, 45.450000000002547, 1.59887649999996 ], [ 36.38814456, 45.449183686001561, 1.554076500000065 ], [ 36.393329623000682, 45.447798826002327, 1.50207649999993 ], [ 36.402198361000046, 45.446060074000343, 1.475976499999888 ], [ 36.437526138002795, 45.440412310001193, 1.4999765 ], [ 36.426528892639908, 45.438622592280808, 1.137776499999973 ], [ 36.411794467001528, 45.436224677001519, 1.179776499999889 ], [ 36.391368034999687, 45.439642645000276, 0.931576499999892 ], [ 36.386401986292185, 45.441966501142815, 0.803376500000013 ], [ 36.369234509389571, 45.450000000002547, 1.320576500000016 ], [ 36.359629754000707, 45.454494532999888, 1.010676500000045 ], [ 36.347488274068382, 45.45625117259442, 0.749776500000053 ], [ 36.34050540500175, 45.457261460000154, 0.625676500000054 ], [ 36.339685005108549, 45.457031499488949, 0.593676499999901 ], [ 36.329763217003347, 45.454250393000621, 0.521076499999936 ], [ 36.323446660946502, 45.450000000002547, 0.557476499999893 ], [ 36.321055534999687, 45.448391018000621, 0.356676500000049 ], [ 36.319437581407328, 45.447546868215795, 0.245276500000045 ], [ 36.311696811000729, 45.443508205000398, 0.393676500000083 ], [ 36.298838737999176, 45.4430199239996, 0.357476500000075 ], [ 36.301704613522816, 45.449024615540111, 0.097576500000059 ], [ 36.302170137927533, 45.450000000002547, 0.2028765 ], [ 36.30598465879666, 45.457992329398621, -0.0000235 ], [ 36.30694286522521, 45.460000000000946, -0.0000235 ], [ 36.307383660001506, 45.460923570000887, -0.0000235 ], [ 36.303813399130377, 45.466906699564788, -0.0000235 ], [ 36.299978061002548, 45.4733340519997, 0.834476499999937 ], [ 36.290560184999777, 45.475280091999593, 1.4999765 ], [ 36.291825673999483, 45.475739288003751, 1.482676500000025 ], [ 36.293744254000558, 45.476110607001829, 1.4238765 ], [ 36.297007246683279, 45.47649637665927, 1.299276499999905 ], [ 36.299514681999426, 45.47679282000172, 1.358576500000026 ], [ 36.306848483001886, 45.477248354001858, 1.449676499999896 ], [ 36.31000000000131, 45.477295113290893, 1.458976500000063 ], [ 36.314508618999753, 45.477362008001364, 1.472376499999882 ], [ 36.321246752000661, 45.47702136999942, 1.404276499999924 ], [ 36.323338520247489, 45.476669260126073, 1.333876500000088 ], [ 36.326189372690351, 45.476189372688168, 1.618976499999917 ], [ 36.337088751999545, 45.474354666999716, 1.43547650000005 ], [ 36.338176338638732, 45.474088169319657, 1.408776499999931 ], [ 36.339878939999835, 45.473670970999592, 1.430476499999941 ], [ 36.345021484999961, 45.471950221002771, 1.473076499999934 ], [ 36.350102939999488, 45.469831231001081, 1.494176500000094 ], [ 36.355027527748462, 45.467504587959411, 1.5008765 ], [ 36.357631995000702, 45.466274096001143, 1.50447650000001 ], [ 36.369665055408404, 45.460000000000946, 1.491576500000065 ], [ 36.372023129000809, 45.458770489001836, 1.48907650000001 ] ] ] ] } },
{ "type": "Feature", "properties": { "gid": 3, "objectid": 3.0, "shape_leng": 0.0100525275638, "shape_area": 2.6936165563400001e-06, "z_mean": 1.06056816667 }, "geometry": { "type": "MultiPolygon", "coordinates": [ [ [ [ 35.04880923500059, 46.142841231001512, 1.085276499999964 ], [ 35.0449726679999, 46.140791331999935, 1.0597765 ], [ 35.044444207000197, 46.141913153001951, 1.03617650000001 ], [ 35.04880923500059, 46.142841231001512, 1.085276499999964 ] ] ] ] } },
{ "type": "Feature", "properties": { "gid": 4, "objectid": 4.0, "shape_leng": 0.16595909991499999, "shape_area": 0.00029429816334199999, "z_mean": 1.1031596022800001 }, "geometry": { "type": "MultiPolygon", "coordinates": [ [ [ [ 35.129512014000284, 46.159999999999854, 0.9999765 ], [ 35.110000000002401, 46.155851417448503, 1.082976500000086 ], [ 35.093096979660913, 46.152257550855211, 1.1548765 ], [ 35.090000000001965, 46.151599080858432, 1.139976500000103 ], [ 35.086986091031577, 46.15095827308869, 1.150676499999918 ], [ 35.070000000001528, 46.14734674427018, 1.21087650000004 ], [ 35.052545730839483, 46.143635672900928, 1.12727649999988 ], [ 35.04880923500059, 46.142841231001512, 1.085276499999964 ], [ 35.052096763001828, 46.144597776001319, 1.107176499999923 ], [ 35.052151246771245, 46.144621883071522, 1.10757650000005 ], [ 35.060849330000565, 46.148470465999708, 1.115876500000013 ], [ 35.070000000001528, 46.151826028519281, 1.136276499999894 ], [ 35.070085166000354, 46.15185725900119, 1.135676500000045 ], [ 35.079553732999557, 46.154644416001247, 1.089276500000096 ], [ 35.088007484000627, 46.156575267001244, 1.0570765 ], [ 35.088911538003231, 46.15673461400911, 1.054376499999989 ], [ 35.090000000001965, 46.156926464449498, 1.051176499999883 ], [ 35.091148445038925, 46.157128887401996, 1.057376499999918 ], [ 35.096231489000274, 46.158024816000761, 1.039476500000092 ], [ 35.104013726999256, 46.159062694001477, 1.018776500000058 ], [ 35.110000000002401, 46.159643382645299, 1.007176500000014 ], [ 35.111142829999153, 46.159754241001792, 1.004876499999909 ], [ 35.114934035022088, 46.159999999999854, 0.9999765 ], [ 35.117407214000195, 46.160160319999704, 0.9999765 ], [ 35.122593960002632, 46.160337742001502, 0.9999765 ], [ 35.127792048000629, 46.160294101000545, 0.9999765 ], [ 35.129512014000284, 46.159999999999854, 0.9999765 ] ] ] ] } },
{ "type": "Feature", "properties": { "gid": 5, "objectid": 5.0, "shape_leng": 0.58861256178700005, "shape_area": 0.0046012180212899999, "z_mean": 1.32843358748 }, "geometry": { "type": "MultiPolygon", "coordinates": [ [ [ [ 35.148936394003613, 46.164129950002462, 1.133476499999915 ], [ 35.130361030005588, 46.160180515002139, 0.9999765 ], [ 35.13036103000195, 46.160180515002139, 0.9999765 ], [ 35.141918442001042, 46.165625674000694, 1.00837649999994 ], [ 35.150191944523613, 46.169712083215927, 1.009576500000094 ], [ 35.153603590000785, 46.171397147001699, 1.010076499999968 ], [ 35.162518068744248, 46.176259034371469, 0.9999765 ], [ 35.166263380000601, 46.178301698000723, 0.9999765 ], [ 35.169031991728843, 46.180000000000291, 0.9999765 ], [ 35.17, 46.180593788711121, 0.9999765 ], [ 35.172253041000658, 46.18197583300207, 0.9999765 ], [ 35.177634083001976, 46.18569481799932, 0.9999765 ], [ 35.18212089699955, 46.18938174500181, 0.9999765 ], [ 35.18271029742391, 46.190000000000509, 0.9999765 ], [ 35.185648078000668, 46.193081602001257, 0.9999765 ], [ 35.188409564001631, 46.19667838100213, 0.9999765 ], [ 35.190000000000509, 46.199030398833202, 0.9999765 ], [ 35.190489981903738, 46.199755009052751, 1.012276500000098 ], [ 35.197387591002553, 46.209955545002231, 1.014076500000101 ], [ 35.204123565001282, 46.219572128002255, 1.020176499999934 ], [ 35.210717089379614, 46.228207276561079, 1.035876500000086 ], [ 35.211336386999392, 46.229018333999193, 1.037376499999937 ], [ 35.211521351271585, 46.229239324366063, 1.038076499999988 ], [ 35.211784602139232, 46.229553849467266, 1.044576499999948 ], [ 35.214945640002043, 46.233330573000785, 1.03227650000008 ], [ 35.222477662000529, 46.241739708002569, 1.014776499999925 ], [ 35.230126624886907, 46.249810062670804, 1.006376499999988 ], [ 35.230247904602948, 46.249938023853247, 1.006176500000038 ], [ 35.235872756555182, 46.255872756553799, 0.9999765 ], [ 35.241925720001746, 46.262259185999937, 0.9999765 ], [ 35.248218215760062, 46.269109107879558, 0.9999765 ], [ 35.249036609748146, 46.270000000000437, 0.9999765 ], [ 35.249497527000131, 46.270501748002062, 0.9999765 ], [ 35.250000000001819, 46.27109495789955, 0.9999765 ], [ 35.256605476000914, 46.278893255001094, 0.9999765 ], [ 35.259865502999673, 46.283180601001732, 0.9999765 ], [ 35.261669430148686, 46.285834715074088, 0.9999765 ], [ 35.262837767999372, 46.287553688003754, 0.9999765 ], [ 35.264252463677622, 46.290000000002692, 0.9999765 ], [ 35.265429574001246, 46.292035476002638, 0.9999765 ], [ 35.267352728000333, 46.296091403999526, 0.9999765 ], [ 35.268713902114541, 46.299356951058144, 0.9999765 ], [ 35.268981943441759, 46.299999999999272, 0.9999765 ], [ 35.270000000002256, 46.302442385267568, 0.9999765 ], [ 35.272327151000354, 46.308025375003126, 1.058176499999945 ], [ 35.272414434375605, 46.308189174224026, 1.060376500000075 ], [ 35.273379365627989, 46.31000000000131, 1.056276499999967 ], [ 35.274230519002231, 46.311597305999385, 1.070476500000041 ], [ 35.276538864003669, 46.314764041000672, 1.108976499999926 ], [ 35.280082736002441, 46.31793164300143, 1.168076500000097 ], [ 35.280587629375077, 46.318235395103329, 1.176476500000035 ], [ 35.284308336002141, 46.320473833004144, 1.095576499999879 ], [ 35.289038360999257, 46.3225568090038, 1.0307765 ], [ 35.29248064694184, 46.323746774492975, 0.9999765 ], [ 35.294135869002275, 46.324318969001979, 0.9999765 ], [ 35.312216812606493, 46.330000000003565, 0.9999765 ], [ 35.313470734001385, 46.330393981999805, 0.9999765 ], [ 35.320278196999425, 46.332907567999428, 0.9999765 ], [ 35.32660450900039, 46.335668194999016, 0.9999765 ], [ 35.33, 46.337496559724968, 0.9999765 ], [ 35.33210427800077, 46.338629647003472, 1.10517649999997 ], [ 35.334184742483558, 46.340000000000146, 1.209276499999987 ], [ 35.335854289000054, 46.341099691002455, 1.182776500000045 ], [ 35.34385961800217, 46.346929808998539, 0.9999765 ], [ 35.342788342992208, 46.340000000000146, 1.639376500000026 ], [ 35.342184225013625, 46.336092112504048, 1.609176500000103 ], [ 35.342133009002282, 46.335760809000931, 1.606676500000049 ], [ 35.33713841577628, 46.330000000003565, 1.3568765 ], [ 35.334979719533294, 46.327510140234153, 1.248976500000026 ], [ 35.33, 46.321766486695196, 1.411676499999885 ], [ 35.327810091999709, 46.31924062699909, 1.51967650000006 ], [ 35.317683722476431, 46.312052712924924, 1.794776499999898 ], [ 35.31479185018361, 46.31000000000131, 1.746576499999946 ], [ 35.291779523480727, 46.293665357392456, 1.544476499999973 ], [ 35.291351759004101, 46.293361720998291, 1.533776499999931 ], [ 35.289027866716424, 46.290486066642188, 1.475676499999963 ], [ 35.285502972887116, 46.286124256777839, 1.387576500000023 ], [ 35.278423809177184, 46.27736428623939, 1.4211765 ], [ 35.268695460834351, 46.265326134791394, 1.4673765 ], [ 35.262217643999975, 46.257310289000088, 1.4981765 ], [ 35.260422856321384, 46.254365715518361, 1.52117649999991 ], [ 35.254090860405995, 46.243977284901121, 1.602276500000016 ], [ 35.251800977001039, 46.240220445004525, 1.631576499999937 ], [ 35.241712591407122, 46.232431112890481, 1.585676500000091 ], [ 35.231577408230805, 46.224605647943463, 1.539476500000092 ], [ 35.227875196000241, 46.22174713700042, 1.446876499999917 ], [ 35.227517157683906, 46.221241421158993, 1.437976499999877 ], [ 35.218562615202245, 46.208593462000863, 1.428176500000063 ], [ 35.206601719413811, 46.191699140297715, 1.415076499999941 ], [ 35.203083102485834, 46.186729224378723, 1.327076499999976 ], [ 35.200450066002304, 46.183010158001707, 1.407176499999878 ], [ 35.197917902065456, 46.182082097939201, 1.395876499999986 ], [ 35.190000000000509, 46.179180118091608, 1.270476500000086 ], [ 35.174366470737368, 46.173450293894348, 1.2182765 ], [ 35.17, 46.171849944463247, 1.2037765 ], [ 35.1529360855493, 46.165595871676487, 1.146776499999987 ], [ 35.148936394003613, 46.164129950002462, 1.133476499999915 ] ] ] ] } },
{ "type": "Feature", "properties": { "gid": 6, "objectid": 6.0, "shape_leng": 0.031169876004100001, "shape_area": 2.7359811578099999e-05, "z_mean": 1.3949698509199999 }, "geometry": { "type": "MultiPolygon", "coordinates": [ [ [ [ 37.993507521998254, 46.355000000001382, 1.4999765 ], [ 37.99000000000342, 46.354988360324569, 1.501176499999929 ], [ 37.982376855998154, 46.354963063002288, 1.503676499999983 ], [ 37.980788489001498, 46.355098834003002, 1.490076499999986 ], [ 37.980488200144464, 46.355244100070195, 1.475576499999988 ], [ 37.980323685002077, 46.355323685003896, 1.483776499999976 ], [ 37.979996411000684, 46.356067486001848, 1.500176499999952 ], [ 37.980000000001382, 46.3590747690032, 1.4999765 ], [ 37.985082871999111, 46.357541436003885, 1.245876499999895 ], [ 37.99000000000342, 46.356058102435782, 1.394176499999958 ], [ 37.993507521998254, 46.355000000001382, 1.4999765 ] ] ] ] } },
{ "type": "Feature", "properties": { "gid": 7, "objectid": 7.0, "shape_leng": 0.019622040015800001, "shape_area": 1.65751797281e-05, "z_mean": 1.4174439720800001 }, "geometry": { "type": "MultiPolygon", "coordinates": [ [ [ [ 37.966676895999626, 46.36500000000342, 1.4999765 ], [ 37.96134687200356, 46.364965446002316, 1.503476500000033 ], [ 37.960372269299114, 46.365186134647956, 1.481376499999897 ], [ 37.960220501001459, 46.365220501002113, 1.488976500000035 ], [ 37.959964697000032, 46.366098120002789, 1.5017765 ], [ 37.959999999997308, 46.369987064999805, 1.4999765 ], [ 37.963999527042688, 46.366999763520653, 1.299976499999957 ], [ 37.966676895999626, 46.36500000000342, 1.4999765 ] ] ] ] } },
{ "type": "Feature", "properties": { "gid": 8, "objectid": 8.0, "shape_leng": 0.054917330516100003, "shape_area": 7.41864097996e-05, "z_mean": 1.35005023107 }, "geometry": { "type": "MultiPolygon", "coordinates": [ [ [ [ 37.940000000000509, 46.384925336004017, 1.4999765 ], [ 37.946594251639908, 46.380000000001019, 1.1702765 ], [ 37.947959923027156, 46.378979961515142, 1.101976500000092 ], [ 37.950000000002547, 46.377456200350935, 1.254376500000035 ], [ 37.959947612003816, 46.370026194001184, 1.4999765 ], [ 37.953319346999706, 46.373393642001247, 1.494676499999969 ], [ 37.95049162199939, 46.374555449001491, 1.5198765 ], [ 37.950000000002547, 46.374632832577845, 1.536676499999885 ], [ 37.948177141000997, 46.374919759000477, 1.507976500000041 ], [ 37.942356838999331, 46.375025540004572, 1.497476499999948 ], [ 37.941358041001877, 46.375198129004275, 1.48017649999997 ], [ 37.940880722351721, 46.375440361172878, 1.455976499999906 ], [ 37.940580443999352, 46.375592748001509, 1.4709765 ], [ 37.940156528004081, 46.376276757000596, 1.492176499999914 ], [ 37.939895450001131, 46.377678871998796, 1.505276500000036 ], [ 37.939928938600133, 46.380000000001019, 1.5035765 ], [ 37.940000000000509, 46.384925336004017, 1.4999765 ] ] ] ] } },
{ "type": "Feature", "properties": { "gid": 9, "objectid": 9.0, "shape_leng": 2.2472197650400001, "shape_area": 0.0437327392978, "z_mean": 1.38686143858 }, "geometry": { "type": "MultiPolygon", "coordinates": [ [ [ [ 38.122894727002858, 46.377508855999622, 0.9999765 ], [ 38.123736950872626, 46.376868475434094, 0.9999765 ], [ 38.130000000002838, 46.372106398432152, 0.9999765 ], [ 38.138090801910948, 46.365954599050383, 0.9999765 ], [ 38.145922247369526, 46.360000000002401, 0.9999765 ], [ 38.149999999999636, 46.356899501879525, 0.9999765 ], [ 38.159074174804118, 46.350000000002183, 0.9999765 ], [ 38.163408633503423, 46.346704316752948, 0.9999765 ], [ 38.170000000003711, 46.341692605325079, 0.9999765 ], [ 38.172226102244167, 46.340000000000146, 0.9999765 ], [ 38.179277306551739, 46.33463865327758, 0.9999765 ], [ 38.185378029678759, 46.330000000003565, 0.9999765 ], [ 38.187211643078626, 46.328605821536257, 0.9999765 ], [ 38.190000000000509, 46.326485708772452, 0.9999765 ], [ 38.198529957118808, 46.320000000001528, 0.9999765 ], [ 38.209999999999127, 46.311278812225282, 0.9999765 ], [ 38.2116818845534, 46.31000000000131, 0.9999765 ], [ 38.214911993960413, 46.307544003022485, 0.9999765 ], [ 38.217295768999975, 46.305731511998601, 0.9999765 ], [ 38.228838954459206, 46.299999999999272, 0.9999765 ], [ 38.229421499972887, 46.299710749988662, 0.9999765 ], [ 38.230000000001382, 46.299423508662585, 0.9999765 ], [ 38.239456343375423, 46.294728171689712, 0.9999765 ], [ 38.248978815394366, 46.290000000002692, 0.9999765 ], [ 38.25, 46.289492953495937, 0.9999765 ], [ 38.252452018998156, 46.288275458000498, 0.9999765 ], [ 38.263470063988279, 46.280000000000655, 0.9999765 ], [ 38.266079778903077, 46.278039889455613, 0.9999765 ], [ 38.270000000002256, 46.275095480979871, 0.9999765 ], [ 38.271250847003103, 46.274155992001397, 0.9999765 ], [ 38.271674179026377, 46.273196159963845, 0.9999765 ], [ 38.274024771468248, 46.26786659877871, 0.9999765 ], [ 38.274956787441624, 46.265753413996208, 0.9999765 ], [ 38.275640662233855, 46.264202846368789, 0.9999765 ], [ 38.279470248000507, 46.2555199239996, 0.9999765 ], [ 38.285329623000507, 46.232123113999478, 0.9999765 ], [ 38.300059441002304, 46.218654690001131, 0.9999765 ], [ 38.309173172756346, 46.214981754994369, 0.9999765 ], [ 38.330698536698037, 46.206306794516422, 0.9999765 ], [ 38.393621582326887, 46.180948109036763, 1.52117649999991 ], [ 38.309608103809296, 46.102307585539165, 1.569976499999939 ], [ 38.271983269001794, 46.135687567000787, 1.137776499999973 ], [ 38.253074083566389, 46.140464624451852, 0.9999765 ], [ 38.248789909999687, 46.141546942002606, 0.9999765 ], [ 38.227549675004411, 46.138169664003726, 0.9999765 ], [ 38.219138448734157, 46.135517931641516, 0.9999765 ], [ 38.213851006999903, 46.133851007001795, 0.9999765 ], [ 38.209999999999127, 46.132636934336915, 0.9999765 ], [ 38.207286004002526, 46.131781317000787, 0.9999765 ], [ 38.206654517485731, 46.131672741259536, 0.9999765 ], [ 38.196925700201973, 46.130000000002838, 0.9999765 ], [ 38.190000000000509, 46.128809217594608, 0.9999765 ], [ 38.186696811000729, 46.128241278000132, 0.9999765 ], [ 38.179395565552113, 46.125302217225908, 0.9999765 ], [ 38.170000000003711, 46.121520103841249, 0.9999765 ], [ 38.167491082000197, 46.120510157999888, 1.125476499999877 ], [ 38.167343404673375, 46.1200000000008, 1.132876500000066 ], [ 38.16689382696859, 46.118446913484149, 0.9999765 ], [ 38.1644486676214, 46.110000000002401, 0.9999765 ], [ 38.163509211293785, 46.106754605647438, 0.9999765 ], [ 38.162119988002814, 46.10195547100011, 0.9999765 ], [ 38.1621503348033, 46.100000000000364, 0.9999765 ], [ 38.162210774988125, 46.096105387496209, 0.9999765 ], [ 38.162305524016119, 46.090000000001965, 0.9999765 ], [ 38.162364769292253, 46.086182384646236, 0.9999765 ], [ 38.162460713234395, 46.08, 0.9999765 ], [ 38.162518763589105, 46.076259381796262, 0.9999765 ], [ 38.162615902447214, 46.069999999999709, 0.9999765 ], [ 38.162672757893233, 46.066336378946289, 0.9999765 ], [ 38.16272874448623, 46.062728744487686, 0.9999765 ], [ 38.162739839293863, 46.062013823222514, 1.012076499999921 ], [ 38.162771029999931, 46.060003973001585, 1.025576499999943 ], [ 38.156260613000995, 46.047756252002728, 1.070076499999914 ], [ 38.147146030003569, 46.040472722999766, 1.06717649999996 ], [ 38.138926629000707, 46.030096746999334, 1.0896765 ], [ 38.131195509000463, 45.990057684000931, 1.311276500000076 ], [ 38.121104363002814, 45.971340236001197, 1.3785765 ], [ 38.108653191004123, 45.956610419001663, 1.406176499999901 ], [ 38.097504102001039, 45.950751043999844, 1.382276499999989 ], [ 38.096527539999443, 45.940252997001153, 1.446276500000067 ], [ 38.073985222003103, 45.881822007000665, 1.706576499999983 ], [ 38.073601892852821, 45.881394795051165, 1.70717650000006 ], [ 38.010681836369258, 45.822498695668401, 1.743776499999967 ], [ 38.001231316002304, 45.832586981001441, 1.623976500000026 ], [ 38.015310092001528, 45.857611395000276, 1.537376499999937 ], [ 38.054698113000995, 45.889227605999622, 1.54917649999993 ], [ 38.073008660001506, 45.908758855999622, 1.522776499999964 ], [ 38.080821160003325, 45.92963287999919, 1.428476499999988 ], [ 38.080332878998888, 45.94635651200042, 1.314976500000057 ], [ 38.077972851997401, 45.952093817000787, 1.263776499999949 ], [ 38.063487175002592, 45.950751043999844, 1.191276499999958 ], [ 38.061838186013119, 45.951022004612241, 1.1802765 ], [ 38.06050040622722, 45.951241827562626, 1.154276499999924 ], [ 38.059489287448741, 45.951407973827372, 1.16157649999991 ], [ 38.046153191002304, 45.953599350999866, 1.307776500000045 ], [ 38.045286653332369, 45.95510352958263, 1.327276499999925 ], [ 38.043694000769392, 45.957868133997181, 1.354376499999944 ], [ 38.041840039999443, 45.961086330000398, 1.38597649999997 ], [ 38.041857095715386, 45.96116832862208, 1.38617649999992 ], [ 38.046071811000729, 45.981431382000665, 1.398676499999965 ], [ 38.046502434910508, 45.982328515134213, 1.398076499999888 ], [ 38.051442905003569, 45.992621161001807, 1.337476500000093 ], [ 38.057122600590446, 45.998378508751557, 1.303676499999938 ], [ 38.072276238002814, 46.013739325002462, 1.251276499999904 ], [ 38.073050288314334, 46.018936520900752, 1.258876500000042 ], [ 38.073985222003103, 46.02521393400275, 1.206576499999983 ], [ 38.066254102002858, 46.032538153000132, 1.145476500000086 ], [ 38.054860873002326, 46.032660223001585, 1.144476499999882 ], [ 38.032481316000485, 46.02521393400275, 1.206576499999983 ], [ 38.039805535003325, 46.033880927001519, 1.134276499999942 ], [ 38.047048373002326, 46.038560289003726, 1.095376499999929 ], [ 38.079493205368635, 46.049999999999272, 0.9999765 ], [ 38.087901237999176, 46.052964585000154, 0.9999765 ], [ 38.093940663968169, 46.056009889338384, 0.9999765 ], [ 38.097504102001039, 46.057806708002317, 0.9999765 ], [ 38.094046988455375, 46.058988252887502, 0.9999765 ], [ 38.091086690714292, 46.059999999999491, 0.9999765 ], [ 38.091075066000485, 46.060003973001585, 0.9999765 ], [ 38.091013928507891, 46.059999999999491, 0.9999765 ], [ 38.090209184236301, 46.059947703939542, 0.9999765 ], [ 38.075894995419731, 46.059017500765549, 0.9999765 ], [ 38.062619077109048, 46.058154769276371, 0.9999765 ], [ 38.043873140679352, 46.056936570339531, 0.9999765 ], [ 38.037852410003325, 46.056545314999312, 0.9999765 ], [ 38.030000000004293, 46.054579791776632, 0.9999765 ], [ 38.020000000002256, 46.052076709001994, 1.4999765 ], [ 38.019806807002169, 46.05242778200045, 1.509676500000069 ], [ 38.020162520999293, 46.053216864000206, 1.491876499999989 ], [ 38.021541919000811, 46.054340037999282, 1.422876500000029 ], [ 38.02389652599777, 46.055651271002716, 1.305176500000016 ], [ 38.030000000004293, 46.058221336330462, 0.9999765 ], [ 38.030254320003223, 46.058328425999207, 0.9999765 ], [ 38.034830838107155, 46.059999999999491, 0.9999765 ], [ 38.050000000001091, 46.065540538909772, 1.554076500000065 ], [ 38.062209333480496, 46.069999999999709, 1.389576499999976 ], [ 38.06999999999789, 46.072845542244977, 1.284576499999957 ], [ 38.078268658049637, 46.075865670978601, 1.586576500000092 ], [ 38.089587828855656, 46.08, 1.020576500000061 ], [ 38.090000000001965, 46.080150545580182, 1.015076500000077 ], [ 38.09111722275702, 46.080558611382003, 1.055876500000068 ], [ 38.101435922004384, 46.084327517999554, 1.432776500000045 ], [ 38.109999999998763, 46.087575801706407, 1.757576499999914 ], [ 38.110032223999951, 46.087588024001889, 1.757176500000014 ], [ 38.114684811000188, 46.089628030002132, 1.728576499999917 ], [ 38.115445319765058, 46.090000000001965, 1.727776499999891 ], [ 38.119216164999671, 46.09184434600138, 1.723576500000036 ], [ 38.123605625001801, 46.094226078001157, 1.742276499999889 ], [ 38.127828996997778, 46.096767173001354, 1.7852765 ], [ 38.130000000002838, 46.098221522677704, 1.822176500000069 ], [ 38.131858083001134, 46.099466248000681, 1.853676499999892 ], [ 38.132567610386104, 46.100000000000364, 1.871576499999946 ], [ 38.135660209001799, 46.102326451000408, 1.716976500000101 ], [ 38.139171281038216, 46.105414359481074, 1.541476500000044 ], [ 38.144385332654565, 46.110000000002401, 1.2807765 ], [ 38.146420403103548, 46.111789798451355, 1.17897650000009 ], [ 38.149999999999636, 46.114937973001361, 1.493776499999967 ], [ 38.151172585003224, 46.115969235001103, 1.538276499999938 ], [ 38.154567349998615, 46.11912028199913, 1.683676500000047 ], [ 38.155406278452574, 46.1200000000008, 1.729676500000096 ], [ 38.160333430691026, 46.125166715346495, 1.483376500000077 ], [ 38.160628989002362, 46.125476643999718, 1.468576499999926 ], [ 38.164503219462858, 46.130000000002838, 1.274876499999891 ], [ 38.166367811003511, 46.132177003000834, 1.399276500000042 ], [ 38.170000000003711, 46.136811824118922, 1.6811765 ], [ 38.172125809001955, 46.139524443002301, 1.846176499999956 ], [ 38.172443705183468, 46.139999999999418, 1.877776499999982 ], [ 38.173670525586203, 46.141835262797031, 1.816476499999908 ], [ 38.174712155003363, 46.143393489001028, 1.764376500000026 ], [ 38.176790942003208, 46.146999111000696, 1.660476499999959 ], [ 38.178256556573615, 46.149999999999636, 1.587176499999941 ], [ 38.180452439999499, 46.15449613599958, 1.4773765 ], [ 38.18087544462287, 46.155437722311035, 1.456276500000058 ], [ 38.182925033208448, 46.159999999999854, 1.353776500000095 ], [ 38.186669361799431, 46.168334680900443, 1.166576500000019 ], [ 38.187233561000539, 46.169590559004064, 1.138276500000075 ], [ 38.187438425826258, 46.17, 1.128076499999906 ], [ 38.187951029567557, 46.171024485216549, 1.102476499999966 ], [ 38.190000000000509, 46.175119539086154, 1.511976499999946 ], [ 38.192441950819557, 46.180000000000291, 1.877876499999957 ], [ 38.192911344003733, 46.180938125000466, 1.854476499999919 ], [ 38.193181800877937, 46.181590900441734, 1.840876499999922 ], [ 38.194696272003057, 46.185246232000281, 1.765176500000052 ], [ 38.196046765004212, 46.189287319000869, 1.697676499999943 ], [ 38.196238268985326, 46.190000000000509, 1.688076500000079 ], [ 38.19717654499982, 46.193491788999381, 1.641176500000029 ], [ 38.19769395377989, 46.196153023111037, 1.615276499999936 ], [ 38.198441899861791, 46.200000000002547, 1.5778765 ], [ 38.198888082999474, 46.202294893002545, 1.555576499999916 ], [ 38.199308952354841, 46.205345523827418, 1.534576499999957 ], [ 38.199516750002658, 46.206851725000888, 1.524176500000067 ], [ 38.199817958829954, 46.210000000000946, 1.5090765 ], [ 38.200311217811759, 46.215155608906571, 1.484476500000028 ], [ 38.200409846003822, 46.216186484, 1.479476499999919 ], [ 38.200605784912113, 46.220000000002983, 1.469676499999878 ], [ 38.200841078165467, 46.224579460917084, 1.457976500000086 ], [ 38.200899372001004, 46.225714021002204, 1.455076499999905 ], [ 38.20096340422424, 46.229999999999563, 1.451876500000026 ], [ 38.201030406768041, 46.234484796617835, 1.44847649999997 ], [ 38.201042954999139, 46.235324708999542, 1.447876499999893 ], [ 38.200951062182867, 46.24000000000342, 1.452476500000103 ], [ 38.20085446399753, 46.244914689001234, 1.457276500000035 ], [ 38.200825521184015, 46.245412760592444, 1.45867649999991 ], [ 38.200558957825706, 46.25, 1.472076499999957 ], [ 38.200304666001102, 46.254376061000585, 1.484776499999953 ], [ 38.200225809610856, 46.255112904804264, 1.488676499999883 ], [ 38.199702796862766, 46.260000000000218, 1.5148764999999 ], [ 38.199318953003967, 46.263586684002803, 1.534076500000083 ], [ 38.199164432098769, 46.264582216050258, 1.541776499999969 ], [ 38.198625682000056, 46.268053222000162, 1.568676500000038 ], [ 38.198243330904006, 46.270000000000437, 1.5878765 ], [ 38.197772124003677, 46.272399195999242, 1.6113765 ], [ 38.197444937517503, 46.273722468758933, 1.627776499999982 ], [ 38.196733389004294, 46.276600254999721, 1.663376499999913 ], [ 38.195675878112525, 46.280000000000655, 1.716176500000074 ], [ 38.195480260001204, 46.28062888400018, 1.725976499999888 ], [ 38.19397880100405, 46.284453946002031, 1.801076499999908 ], [ 38.191986241999984, 46.288463538001452, 1.900676499999918 ], [ 38.191524356785521, 46.289237821611096, 1.923776500000031 ], [ 38.191069692717065, 46.290000000002692, 1.946476500000017 ], [ 38.190000000000509, 46.291793184760536, 1.8206765 ], [ 38.189742759001092, 46.292224412001815, 1.777576499999896 ], [ 38.185834849322418, 46.297917424659317, 1.208276500000011 ], [ 38.184405287007394, 46.299999999999272, 1.279776500000025 ], [ 38.181481604871806, 46.304259197566353, 1.425876499999958 ], [ 38.181152257000576, 46.304738988999816, 1.442376499999909 ], [ 38.177044664505956, 46.31000000000131, 1.647776499999964 ], [ 38.176607183004307, 46.310560326999621, 1.669676499999923 ], [ 38.174794163127444, 46.312397081563176, 1.760276499999918 ], [ 38.171501939001246, 46.315732405004383, 1.42677649999996 ], [ 38.170000000003711, 46.317133271686544, 1.286676499999885 ], [ 38.167999080465961, 46.318999540233563, 1.100076499999886 ], [ 38.166926437676011, 46.320000000001528, 1.153676500000074 ], [ 38.166220011004043, 46.320658888002072, 1.188976500000081 ], [ 38.161230246341802, 46.325615123172611, 1.438476499999979 ], [ 38.161125107004409, 46.325719556001786, 1.443776500000013 ], [ 38.156428304308065, 46.330000000003565, 1.678576499999963 ], [ 38.155832851000014, 46.330542668001726, 1.708376499999986 ], [ 38.153932249169884, 46.331966124585961, 1.803376500000013 ], [ 38.152947823002251, 46.332703410998874, 1.729676500000096 ], [ 38.149999999999636, 46.334661060285725, 1.533876499999906 ], [ 38.149919629999204, 46.334714434004127, 1.528576500000099 ], [ 38.145105891493586, 46.337552945742573, 1.244676499999969 ], [ 38.140956012832248, 46.340000000000146, 1.45217649999995 ], [ 38.137270870001885, 46.342173014001673, 1.636476500000072 ], [ 38.135754707454907, 46.342877353730728, 1.712276499999916 ], [ 38.130420645002232, 46.345355315001143, 1.464476500000046 ], [ 38.130000000002838, 46.345521595152604, 1.447876499999893 ], [ 38.124997861506927, 46.347498930750589, 1.250076499999977 ], [ 38.119647240000631, 46.349614021004527, 1.51767649999988 ], [ 38.118536349553324, 46.350000000002183, 1.573176500000045 ], [ 38.115930996998941, 46.350905230001445, 1.703476500000079 ], [ 38.113299431432097, 46.351649715719759, 1.835076500000014 ], [ 38.112028754001585, 46.352009197998996, 1.799076499999956 ], [ 38.109999999998763, 46.352466532009203, 1.753376500000059 ], [ 38.107944337001754, 46.352929932003462, 1.706976499999882 ], [ 38.09932264300005, 46.354315969003437, 1.568376499999886 ], [ 38.09875831498357, 46.354379157493895, 1.562076500000103 ], [ 38.094808402003764, 46.354821434000769, 1.517876500000057 ], [ 38.090000000001965, 46.355149728889955, 1.485076499999877 ], [ 38.084397925000303, 46.355532212000981, 1.446776499999942 ], [ 38.078648731861904, 46.355675634069485, 1.432476499999893 ], [ 38.06999999999789, 46.355891389395765, 1.410876500000086 ], [ 38.065890456004126, 46.355993908004166, 1.400576499999943 ], [ 38.061949900085892, 46.355974950043674, 1.402476499999921 ], [ 38.050000000001091, 46.35591745923557, 1.408276500000056 ], [ 38.039348912998321, 46.355866216999857, 1.413376499999913 ], [ 38.038316077800118, 46.35584196110176, 1.4157765 ], [ 38.030000000004293, 46.355646659920239, 1.435376500000075 ], [ 38.020864216252448, 46.355432108130117, 1.456776499999933 ], [ 38.010000000000218, 46.355176964496422, 1.482276499999898 ], [ 38.000110572882477, 46.354944713562872, 1.505576499999961 ], [ 37.999736476998805, 46.354935928004124, 1.506376499999988 ], [ 37.9963076990025, 46.355000000001382, 1.4999765 ], [ 37.997984424308015, 46.356007787846465, 1.399176500000067 ], [ 38.004626539657693, 46.360000000002401, 0.9999765 ], [ 38.010000000000218, 46.363229693037283, 0.9999765 ], [ 38.018728061004367, 46.368475653001951, 0.9999765 ], [ 38.015496445867029, 46.370000000004438, 0.9999765 ], [ 38.012668177816522, 46.371334088909862, 0.9999765 ], [ 38.010101759004101, 46.372544664001907, 0.9999765 ], [ 38.010000000000218, 46.372574909750256, 0.9999765 ], [ 37.997301378065458, 46.37634931096909, 0.9999765 ], [ 37.99000000000342, 46.378519493719068, 0.9999765 ], [ 37.988142935200813, 46.379071467601534, 0.9999765 ], [ 37.981149978511894, 46.381149978509711, 0.9999765 ], [ 37.977793816000485, 46.38214752800377, 0.9999765 ], [ 37.976728634417668, 46.386682158605254, 0.9999765 ], [ 37.975323976579602, 46.392661988293185, 0.9999765 ], [ 37.974945508998644, 46.394273179001175, 1.089976499999921 ], [ 37.978530257432794, 46.398088376239684, 1.191176499999983 ], [ 37.980642123000507, 46.40033600499919, 1.04767650000008 ], [ 37.98316364700986, 46.400854544128379, 0.9999765 ], [ 37.985529657691586, 46.40134110269355, 0.9999765 ], [ 37.989814806449431, 46.402222322658417, 1.009276499999942 ], [ 37.99000000000342, 46.402260406806818, 1.009376499999917 ], [ 37.990733269003613, 46.402411200004281, 1.010076499999968 ], [ 38.009819199513004, 46.402169605824383, 1.0090765 ], [ 38.010000000000218, 46.402167317208296, 0.9999765 ], [ 38.010180419449171, 46.402165033416168, 0.9999765 ], [ 38.030000000004293, 46.401914152524114, 0.9999765 ], [ 38.0498614381886, 46.401662741785913, 0.9999765 ], [ 38.067881707000197, 46.401434636998601, 0.9999765 ], [ 38.069843650711846, 46.4009380957541, 0.9999765 ], [ 38.069926632468196, 46.400917094202669, 0.9999765 ], [ 38.06999999999789, 46.400898525878802, 0.9999765 ], [ 38.087657096997646, 46.39642975499919, 0.9999765 ], [ 38.090598462315029, 46.39485038442217, 0.9999765 ], [ 38.099631651044547, 46.390000000001237, 0.9999765 ], [ 38.104631088704991, 46.387315544352532, 0.9999765 ], [ 38.109999999998763, 46.384432699269382, 0.9999765 ], [ 38.118255306299034, 46.380000000001019, 0.9999765 ], [ 38.122894727002858, 46.377508855999622, 0.9999765 ] ] ] ] } },
{ "type": "Feature", "properties": { "gid": 10, "objectid": 10.0, "shape_leng": 0.12350331577699999, "shape_area": 0.00044385021269399997, "z_mean": 1.30251534185 }, "geometry": { "type": "MultiPolygon", "coordinates": [ [ [ [ 37.916039874004127, 46.395797777000553, 1.420176500000025 ], [ 37.912949080000544, 46.395270199000151, 1.472976499999959 ], [ 37.911398617003215, 46.39528350799992, 1.471676500000058 ], [ 37.910000000001673, 46.395592887365638, 1.440676499999881 ], [ 37.908692637001877, 46.39588208099849, 1.477176500000041 ], [ 37.905132833004245, 46.397564633998627, 1.48687649999988 ], [ 37.903083840001273, 46.399038571000347, 1.44197650000001 ], [ 37.902217740002015, 46.399892838004234, 1.399876499999891 ], [ 37.902149394114531, 46.400000000003274, 1.392576499999905 ], [ 37.901005773002908, 46.401793125001859, 1.449676499999896 ], [ 37.899972874503874, 46.404986437250045, 1.501376499999878 ], [ 37.898974368998097, 46.408073420001529, 1.551276500000085 ], [ 37.897718118003468, 46.409955374001584, 1.61407650000001 ], [ 37.897671630838886, 46.409999999999854, 1.616376499999888 ], [ 37.896829446000993, 46.410808467002425, 1.577676500000052 ], [ 37.894749730003241, 46.412325976001739, 1.5298765 ], [ 37.889999999997599, 46.414988781110878, 1.501076499999954 ], [ 37.884065184001884, 46.418315971999618, 1.465176500000098 ], [ 37.882102912004484, 46.419899501002874, 1.4048765 ], [ 37.88201908454721, 46.420000000001892, 1.399076500000092 ], [ 37.881333474997518, 46.42082196299998, 1.43327649999992 ], [ 37.8804246300042, 46.422778518999621, 1.478776500000095 ], [ 37.880033534109316, 46.425016767057969, 1.498276499999974 ], [ 37.879956639000739, 46.425456839000617, 1.502176499999905 ], [ 37.879793411300852, 46.43000000000211, 1.510376499999893 ], [ 37.879782943000464, 46.43029136700352, 1.5108765 ], [ 37.87993475512485, 46.435032622435756, 1.503276500000084 ], [ 37.880000000002838, 46.43707028999961, 1.4999765 ], [ 37.883836343969961, 46.433081828019567, 1.308176499999945 ], [ 37.886800632550148, 46.43000000000211, 1.159976500000084 ], [ 37.887839623123, 46.428919811562082, 1.10797649999995 ], [ 37.889999999997599, 46.426673771806236, 0.9999765 ], [ 37.902366810529202, 46.413816594735181, 0.9999765 ], [ 37.905039909999687, 46.411037502004547, 1.144276499999933 ], [ 37.906428962316568, 46.409999999999854, 1.178576499999963 ], [ 37.907860913101104, 46.408930456555026, 1.106976499999973 ], [ 37.910000000001673, 46.407332743548977, 0.9999765 ], [ 37.920000000003711, 46.399863608003216, 1.4999765 ], [ 37.920039149999866, 46.399110401000144, 1.501976499999955 ], [ 37.919805213003201, 46.398459335001462, 1.490276499999936 ], [ 37.919360625000991, 46.397753740004191, 1.468076500000052 ], [ 37.918531904002521, 46.396975011000904, 1.42657650000001 ], [ 37.917402318002132, 46.396313203003956, 1.370076500000096 ], [ 37.917385966135043, 46.396307016930223, 1.369276500000069 ], [ 37.916039874004127, 46.395797777000553, 1.420176500000025 ] ] ] ] } },
{ "type": "Feature", "properties": { "gid": 11, "objectid": 11.0, "shape_leng": 0.53122701766400005, "shape_area": 0.0051734256936900001, "z_mean": 1.4525963478799999 }, "geometry": { "type": "MultiPolygon", "coordinates": [ [ [ [ 36.240733269001794, 46.619940496999334, 0.9999765 ], [ 36.241894814385887, 46.617842221579849, 0.9999765 ], [ 36.245778841999709, 46.610825914001907, 1.160576499999934 ], [ 36.24675540500175, 46.612738347999766, 1.154976499999975 ], [ 36.24789472699922, 46.619045314999312, 1.097476500000084 ], [ 36.253748513716346, 46.62062871571834, 1.187376500000028 ], [ 36.257823112999176, 46.621730860999378, 1.250076499999977 ], [ 36.262710121294731, 46.623644939356382, 1.317776500000036 ], [ 36.267588738000995, 46.625555730999622, 1.439676499999905 ], [ 36.270000000000437, 46.623308873002316, 1.4999765 ], [ 36.269932918999984, 46.622787957003311, 1.498276499999974 ], [ 36.269296022999697, 46.621253303999765, 1.4823765000001 ], [ 36.268933912346256, 46.620533043827891, 1.473376500000086 ], [ 36.268110268001692, 46.618894765000732, 1.478376499999968 ], [ 36.264398848999917, 46.61241278900161, 1.489776500000062 ], [ 36.262045002002196, 46.60863651800355, 1.492876499999966 ], [ 36.259843040919804, 46.605392397701507, 1.492176499999914 ], [ 36.256781752001189, 46.600882241002182, 1.491176499999938 ], [ 36.254046594000101, 46.597255118000248, 1.48517650000008 ], [ 36.251357407001706, 46.594029645002593, 1.475076499999886 ], [ 36.248793737999222, 46.59136837600272, 1.460276499999964 ], [ 36.248231307316019, 46.590884346347593, 1.455776499999956 ], [ 36.240508151135145, 46.584237773300629, 1.5253765 ], [ 36.237875215001623, 46.581971859999612, 1.5180765 ], [ 36.230269125680934, 46.574932718580385, 1.506776499999887 ], [ 36.230150166000385, 46.574822626000241, 1.506576499999937 ], [ 36.220056775002377, 46.564949871997669, 1.502176499999905 ], [ 36.220042753620874, 46.564935869570036, 1.502176499999905 ], [ 36.210074724620426, 46.554981318844511, 1.50187649999998 ], [ 36.200031930566183, 46.544952104151889, 1.501576500000056 ], [ 36.195031439001468, 46.539958374001799, 1.501476500000081 ], [ 36.189841403496757, 46.535039649128521, 1.496076500000072 ], [ 36.184804275000715, 46.530265838002379, 1.490776500000038 ], [ 36.179495999795108, 46.525756000311958, 1.474776499999962 ], [ 36.179466478004542, 46.525730919003763, 1.475076499999886 ], [ 36.170000000001892, 46.518616453347931, 1.534576499999957 ], [ 36.165062441999908, 46.514905666001141, 1.503876499999933 ], [ 36.162109867002073, 46.512755010004184, 1.483876499999951 ], [ 36.159151985844801, 46.51084801415891, 1.457576499999959 ], [ 36.158653041000434, 46.510526336001931, 1.459976500000039 ], [ 36.154577883000456, 46.508236262003265, 1.468376499999977 ], [ 36.150247307999962, 46.506095534001361, 1.46757649999995 ], [ 36.150000000001455, 46.505987322982037, 1.467076500000076 ], [ 36.145863859001111, 46.504177531000096, 1.458476499999961 ], [ 36.141629918001854, 46.502554300001066, 1.44197650000001 ], [ 36.13847225434256, 46.501527745660496, 1.423576500000081 ], [ 36.137748412000292, 46.50129242499861, 1.435376500000075 ], [ 36.134425260999706, 46.500443402002929, 1.477876500000093 ], [ 36.132102800002031, 46.500039546001062, 1.49797650000005 ], [ 36.130000000001019, 46.500000000001819, 1.4999765 ], [ 36.128833111999484, 46.500431484000728, 1.507576499999914 ], [ 36.128017659000761, 46.501838919000875, 1.457576499999959 ], [ 36.127895691999584, 46.503831822003121, 1.360976499999879 ], [ 36.128659120002339, 46.5066959830001, 1.19867649999992 ], [ 36.130000000001019, 46.509457442532948, 1.0271765 ], [ 36.130177338918656, 46.509822661086218, 1.008876500000042 ], [ 36.130310515001838, 46.510096928999701, 1.001976499999955 ], [ 36.130361489180359, 46.510180744589888, 0.9999765 ], [ 36.132646373000171, 46.513937723000709, 1.261476500000072 ], [ 36.136712876863385, 46.520000000000437, 1.664376499999889 ], [ 36.140100537553735, 46.525050268777704, 1.494976499999893 ], [ 36.140794941000422, 46.526085474000865, 1.460276499999964 ], [ 36.143801703001373, 46.52983179200055, 1.309876499999973 ], [ 36.14396765561105, 46.530000000002474, 1.30157650000001 ], [ 36.145960382222256, 46.532019808892073, 1.2019765 ], [ 36.147081920002165, 46.533156588999191, 1.315676499999881 ], [ 36.150000000001455, 46.535644496132591, 1.564476499999955 ], [ 36.155108594501144, 46.540000000002692, 1.7445765 ], [ 36.157696857999326, 46.54220671099938, 1.615176499999961 ], [ 36.16145621859323, 46.545728109296761, 1.427176500000087 ], [ 36.163976680001724, 46.548089029003677, 1.301176499999883 ], [ 36.166248441733842, 46.549999999999272, 1.187576499999977 ], [ 36.167782602004081, 46.551290512003106, 1.239876500000037 ], [ 36.170000000001892, 46.552998559862317, 1.299876499999982 ], [ 36.17908931167949, 46.56000000000131, 1.545576499999925 ], [ 36.184132215001227, 46.563884517001497, 1.681876500000044 ], [ 36.188002664001033, 46.567275137998877, 1.8273764999999 ], [ 36.190000000002328, 46.569254292375263, 1.925476500000059 ], [ 36.191051350004273, 46.570296072002748, 1.924476500000083 ], [ 36.191420982077034, 46.570710491041609, 1.92897650000009 ], [ 36.193869047001499, 46.57345517900103, 1.806576499999892 ], [ 36.196424539000873, 46.576734550000765, 1.678776499999913 ], [ 36.198526359698008, 46.580000000003565, 1.57367649999992 ], [ 36.201319863099343, 46.584340068453457, 1.433976499999972 ], [ 36.203296803001649, 46.587411500004237, 1.335176499999989 ], [ 36.205131471520872, 46.590000000000146, 1.243376500000068 ], [ 36.205641520000427, 46.59071961799782, 1.217876500000102 ], [ 36.206529157871046, 46.591735421065096, 1.173576500000081 ], [ 36.209999999999127, 46.595707414822755, 1.570776499999965 ], [ 36.213750984112266, 46.600000000002183, 1.8124765 ], [ 36.213822596999307, 46.60008195300361, 1.8088765 ], [ 36.216038366801513, 46.603019183403376, 1.69807650000007 ], [ 36.216496500001085, 46.603626486001303, 1.675176499999907 ], [ 36.218548012999236, 46.606982266001069, 1.572576499999968 ], [ 36.220066305017099, 46.610000000002401, 1.496676499999921 ], [ 36.22344974427142, 46.616724872135819, 1.327476500000103 ], [ 36.22364600200126, 46.617114950999166, 1.317676500000061 ], [ 36.225276321274578, 46.620000000004438, 1.236176500000056 ], [ 36.225338890002604, 46.620110723004473, 1.233076499999925 ], [ 36.226491311363134, 46.621754344319925, 1.175476500000059 ], [ 36.228854850000062, 46.62512530100139, 1.512576500000023 ], [ 36.229999999999563, 46.627007234124903, 1.7006765000001 ], [ 36.230390627999441, 46.627649190000739, 1.74537650000002 ], [ 36.231166626655977, 46.630000000001019, 1.941676500000085 ], [ 36.231186761999197, 46.63006099800441, 1.940676499999881 ], [ 36.23114063011235, 46.630570315057412, 1.942976499999986 ], [ 36.231002929001988, 46.632090598002833, 1.790976499999942 ], [ 36.229999999999563, 46.633782614793745, 1.621776499999896 ], [ 36.229936340001586, 46.633890014003555, 1.610976499999879 ], [ 36.228186688000278, 46.635527788001127, 1.447176500000069 ], [ 36.225190476812713, 46.637595238409631, 1.240476499999886 ], [ 36.221705424122774, 46.640000000003056, 1.414776500000016 ], [ 36.218209619002664, 46.642412181003237, 1.589476500000046 ], [ 36.216524371115156, 46.643262185558342, 1.673776500000031 ], [ 36.209999999999127, 46.646552944852374, 1.344676499999878 ], [ 36.208511339000324, 46.647303794999971, 1.269576500000085 ], [ 36.206751479656305, 46.648375739827316, 1.162376499999937 ], [ 36.205270713000573, 46.649277687, 1.236476499999981 ], [ 36.204335698796058, 46.650000000003274, 1.283176500000081 ], [ 36.202370871000312, 46.65151786000024, 1.381476499999962 ], [ 36.199805371999901, 46.653805602001739, 1.509776500000044 ], [ 36.199052521797057, 46.654526260901548, 1.547376499999928 ], [ 36.197579935000249, 46.655935880999095, 1.406376500000079 ], [ 36.195902027999182, 46.657911314003286, 1.208876500000088 ], [ 36.194945707002262, 46.659956346000399, 1.004376500000035 ], [ 36.194950719871485, 46.659999999999854, 0.9999765 ], [ 36.195080361487271, 46.661128969220954, 1.028176499999972 ], [ 36.19509704565462, 46.661274261416111, 1.025476499999968 ], [ 36.195150368002942, 46.661738613001944, 1.1249765 ], [ 36.196512516000439, 46.663193807004063, 1.376976499999955 ], [ 36.198518790002709, 46.664248122000572, 1.508676500000092 ], [ 36.200582204999591, 46.664878375000626, 1.544176500000049 ], [ 36.202246817001651, 46.66505609500382, 1.4999765 ], [ 36.205811259873371, 46.663952814971708, 1.079076499999928 ], [ 36.206637221168421, 46.66369716025838, 1.092476499999975 ], [ 36.209971550000773, 46.66266510600326, 1.066676500000085 ], [ 36.213124383430113, 46.66078109585942, 1.019576500000085 ], [ 36.213576500105773, 46.660510928590156, 1.025576499999943 ], [ 36.216644727001039, 46.658677476001685, 1.022176499999887 ], [ 36.2217643173135, 46.654117841344487, 0.9999765 ], [ 36.221853061002548, 46.654038804002994, 0.9999765 ], [ 36.224840669377954, 46.650000000003274, 0.9999765 ], [ 36.226233688623324, 46.648116844313336, 1.188276500000029 ], [ 36.229999999999563, 46.643025349190793, 0.9999765 ], [ 36.230642123000507, 46.642157293999844, 0.9999765 ], [ 36.232920768999975, 46.640692450002462, 0.9999765 ], [ 36.234389602248484, 46.640000000003056, 0.9999765 ], [ 36.242424365556872, 46.636212182780582, 1.378776499999958 ], [ 36.244313998000507, 46.635321355999622, 1.284276500000033 ], [ 36.244476759000463, 46.6305199239996, 1.27617650000002 ], [ 36.244384620573328, 46.630000000001019, 1.2807765 ], [ 36.243838680911722, 46.626919340460518, 0.9999765 ], [ 36.243337436002548, 46.624090887002239, 0.9999765 ], [ 36.242068464951444, 46.622068464952463, 0.9999765 ], [ 36.240733269001794, 46.619940496999334, 0.9999765 ] ] ] ] } },
{ "type": "Feature", "properties": { "gid": 12, "objectid": 12.0, "shape_leng": 0.28570570264400003, "shape_area": 0.0020626467025, "z_mean": 1.31083091098 }, "geometry": { "type": "MultiPolygon", "coordinates": [ [ [ [ 38.036794467003347, 46.629461980999622, 0.9999765 ], [ 38.031934067506882, 46.62839559495842, 0.9999765 ], [ 38.03098439713176, 46.628187234471625, 0.9999765 ], [ 38.030000000004293, 46.627971254823933, 0.9999765 ], [ 38.028978935861232, 46.627747230329987, 0.9999765 ], [ 38.010000000000218, 46.62358319561281, 0.9999765 ], [ 37.999999999998181, 46.621389166004519, 1.4999765 ], [ 37.999855424000998, 46.62362747500265, 1.507276499999989 ], [ 37.999936644004265, 46.626034490003804, 1.503176499999881 ], [ 38.000266344004558, 46.628972700002123, 1.48667649999993 ], [ 38.000959521003097, 46.632195201003924, 1.4519765 ], [ 38.002138302003004, 46.635451174000991, 1.3930765 ], [ 38.003692798001794, 46.638221450004494, 1.315376499999957 ], [ 38.005070221635833, 46.640000000003056, 1.246476499999972 ], [ 38.005646949000948, 46.640744679003546, 1.292076499999894 ], [ 38.007879527001933, 46.642966813000385, 1.402676500000098 ], [ 38.010000000000218, 46.644635881408249, 1.463576500000045 ], [ 38.010258961003274, 46.644839715001581, 1.4709765 ], [ 38.012652066998271, 46.646317511003872, 1.499176499999976 ], [ 38.020019381001475, 46.649899421001464, 1.488976500000035 ], [ 38.020274442527807, 46.650000000003274, 1.486276500000031 ], [ 38.025127139000688, 46.651913575000435, 1.434976499999948 ], [ 38.027728379998734, 46.652764849002779, 1.390076500000077 ], [ 38.030000000004293, 46.653314811495875, 1.3314765 ], [ 38.032750440002928, 46.653980697003135, 1.398076499999888 ], [ 38.040314850546565, 46.655157425271682, 1.515776499999902 ], [ 38.047055845001523, 46.656206062001729, 1.62057649999997 ], [ 38.050000000001091, 46.657036579434134, 1.703676500000029 ], [ 38.051772020004137, 46.657536449003601, 1.665076499999941 ], [ 38.054121108998515, 46.658462496001448, 1.640176500000052 ], [ 38.056357781002589, 46.659505977997469, 1.632676499999889 ], [ 38.057222701483624, 46.659999999999854, 1.638876499999924 ], [ 38.06201349100229, 46.662736385002063, 1.399276500000042 ], [ 38.063288967870903, 46.663355516066076, 1.335576499999888 ], [ 38.063885437002682, 46.663645049004117, 1.36447649999991 ], [ 38.069884704002106, 46.66607988999931, 1.60797649999995 ], [ 38.06999999999789, 46.666133936994811, 1.613376499999958 ], [ 38.074346084000354, 46.668171239, 1.599776499999962 ], [ 38.076483608001581, 46.669334240001263, 1.609276500000078 ], [ 38.077552803846629, 46.670000000001892, 1.622376499999973 ], [ 38.0819838430034, 46.672759091001353, 1.400776499999893 ], [ 38.08322092409071, 46.673389537952971, 1.338976499999944 ], [ 38.083829011000489, 46.673699434002629, 1.369976499999893 ], [ 38.090000000001965, 46.676277706408655, 1.627776499999982 ], [ 38.092064623002443, 46.677140317004159, 1.610776499999929 ], [ 38.097942488489934, 46.680000000003929, 1.602876500000093 ], [ 38.101766580999538, 46.68186048699863, 1.411676499999885 ], [ 38.10424950734523, 46.682875246329786, 1.287476499999912 ], [ 38.104308969001067, 46.682899548004571, 1.289976499999966 ], [ 38.106991732003735, 46.683714783001051, 1.371476499999972 ], [ 38.109999999998763, 46.684284091652444, 1.428376500000013 ], [ 38.112400856998647, 46.684738449001088, 1.47387649999996 ], [ 38.117114954002318, 46.685178797004482, 1.517876500000057 ], [ 38.120500102899314, 46.685250051450566, 1.524976500000093 ], [ 38.121046185002342, 46.685261546002948, 1.4999765 ], [ 38.112282548729127, 46.680570637183337, 0.9999765 ], [ 38.103688998002326, 46.675970770000276, 0.9999765 ], [ 38.101204696895365, 46.673734898966359, 0.9999765 ], [ 38.090426129423577, 46.66403418808477, 0.9999765 ], [ 38.071875729239764, 46.647338827640851, 0.9999765 ], [ 38.070323113002814, 46.645941473003404, 0.9999765 ], [ 38.06999999999789, 46.645782661398698, 0.9999765 ], [ 38.051081278554193, 46.636484018119518, 0.9999765 ], [ 38.036794467003347, 46.629461980999622, 0.9999765 ] ] ] ] } },
{ "type": "Feature", "properties": { "gid": 13, "objectid": 13.0, "shape_leng": 0.107678293854, "shape_area": 0.00016117646842, "z_mean": 1.2825222920799999 }, "geometry": { "type": "MultiPolygon", "coordinates": [ [ [ [ 36.523790549001205, 46.754029982002976, 1.492176499999914 ], [ 36.505169258001843, 46.751009345000057, 1.4999765 ], [ 36.511296884429612, 46.75354948074164, 1.064476499999955 ], [ 36.524099154999931, 46.75885651200042, 1.106676500000049 ], [ 36.543139072004124, 46.75885651200042, 1.011476500000072 ], [ 36.545426048003719, 46.75885651200042, 1.114376499999935 ], [ 36.547713024003315, 46.75885651200042, 1.114376499999935 ], [ 36.549999999999272, 46.75885651200042, 1.114376499999935 ], [ 36.557713024001714, 46.75885651200042, 1.4999765 ], [ 36.552541178001775, 46.756380077003996, 1.48907650000001 ], [ 36.549999999999272, 46.755613427048957, 1.438676499999929 ], [ 36.54903201200068, 46.755321394004568, 1.467876500000102 ], [ 36.5459918630022, 46.755044290002843, 1.49557649999997 ], [ 36.540032042268649, 46.755016021135816, 1.498376499999949 ], [ 36.53400364799927, 46.75498742700438, 1.501276499999904 ], [ 36.528974414999539, 46.754734909001854, 1.526476499999944 ], [ 36.528898155445859, 46.75472453886141, 1.527576499999896 ], [ 36.523790549001205, 46.754029982002976, 1.492176499999914 ] ] ] ] } },
{ "type": "Feature", "properties": { "gid": 14, "objectid": 14.0, "shape_leng": 0.092314248682, "shape_area": 0.000121582157074, "z_mean": 1.29070292604 }, "geometry": { "type": "MultiPolygon", "coordinates": [ [ [ [ 36.61817444800181, 46.774497571999746, 1.509176499999967 ], [ 36.611051500000031, 46.772762874999898, 1.4999765 ], [ 36.617035352001039, 46.77667877800377, 1.015976500000079 ], [ 36.627389828716332, 46.778694914357402, 1.130476499999986 ], [ 36.630000000001019, 46.779203144893472, 1.0796765 ], [ 36.631147030149805, 46.779426484927171, 1.057376499999918 ], [ 36.633962436000729, 46.779974677001519, 1.002576500000032 ], [ 36.650000000001455, 46.776366225010861, 1.363376499999958 ], [ 36.656072111001777, 46.775000000001455, 1.4999765 ], [ 36.650000000001455, 46.774987792379761, 1.501176499999929 ], [ 36.640064365257786, 46.774967817373181, 1.503176499999881 ], [ 36.630000000001019, 46.774947583558969, 1.505276500000036 ], [ 36.621675180000238, 46.774930846999268, 1.506876500000089 ], [ 36.619265123110381, 46.774632561557155, 1.536776500000087 ], [ 36.61817444800181, 46.774497571999746, 1.509176499999967 ] ] ] ] } },
{ "type": "Feature", "properties": { "gid": 15, "objectid": 15.0, "shape_leng": 0.45051205539299999, "shape_area": 0.0039722702928100002, "z_mean": 1.4173041203700001 }, "geometry": { "type": "MultiPolygon", "coordinates": [ [ [ [ 36.790293816000485, 46.671291408003526, 1.580076499999905 ], [ 36.78303392061207, 46.660449119086479, 1.651676499999894 ], [ 36.77803945532105, 46.652990136170047, 1.700976500000024 ], [ 36.771657748000507, 46.643459377002728, 1.763976499999899 ], [ 36.758360585849005, 46.647459121231805, 1.418076500000097 ], [ 36.751231316000485, 46.649603583002317, 1.346576500000083 ], [ 36.75, 46.649603583002317, 1.346576500000083 ], [ 36.745396417001757, 46.649603583002317, 1.4999765 ], [ 36.744667913999365, 46.650093169000684, 1.507976500000041 ], [ 36.744104434999826, 46.651327854997362, 1.485576499999979 ], [ 36.743902542000797, 46.652490442003909, 1.453576500000054 ], [ 36.743882049002423, 46.653884013001516, 1.407776499999954 ], [ 36.744072823999886, 46.655459092000456, 1.348976499999935 ], [ 36.744502024999747, 46.657163345998924, 1.277776500000073 ], [ 36.744546136604185, 46.657273068303766, 1.272676499999989 ], [ 36.745467451000877, 46.659564727004181, 1.22667649999994 ], [ 36.745697688313157, 46.659999999999854, 1.215076499999896 ], [ 36.746597549956277, 46.661701225026263, 1.17007650000005 ], [ 36.746815504000551, 46.662113276002856, 1.211376499999915 ], [ 36.75, 46.667490002362683, 1.748976500000026 ], [ 36.752112068474162, 46.671056034239882, 1.894376499999908 ], [ 36.753344746002767, 46.673137296002096, 1.832776499999909 ], [ 36.757659800152396, 46.680000000003929, 1.616976499999964 ], [ 36.758487529001286, 46.681316427999263, 1.575576499999897 ], [ 36.760999725001966, 46.684773477001727, 1.449976500000048 ], [ 36.762001576336843, 46.686000788171441, 1.399876499999891 ], [ 36.763641480001752, 46.688009741003043, 1.317876500000011 ], [ 36.765528683279626, 46.690000000004147, 1.223576500000036 ], [ 36.770000000000437, 46.694715484783956, 1.471576500000083 ], [ 36.772855575003632, 46.697726995998892, 1.629876499999909 ], [ 36.774636167760036, 46.700000000000728, 1.768176499999981 ], [ 36.774779544000921, 46.70018302599965, 1.76097649999997 ], [ 36.77633159600191, 46.702757906003171, 1.683376499999895 ], [ 36.776554231026239, 46.703277115513629, 1.672276499999953 ], [ 36.777109668002595, 46.704572456003007, 1.644476499999882 ], [ 36.777682972002367, 46.706441149002785, 1.615876500000013 ], [ 36.778240387468031, 46.710000000002765, 1.587976499999968 ], [ 36.77827929400155, 46.710248400999262, 1.5860765 ], [ 36.778199574002429, 46.713998739001909, 1.589976499999921 ], [ 36.777910431999771, 46.715795486999923, 1.604476499999919 ], [ 36.777832672445584, 46.716083663781319, 1.608376500000077 ], [ 36.777448386999822, 46.717507825000212, 1.627576500000032 ], [ 36.776802857000803, 46.719109812001989, 1.659876499999882 ], [ 36.776289505502064, 46.719999999997526, 1.68547650000005 ], [ 36.77595877800195, 46.720573504999265, 1.702076499999976 ], [ 36.774535855536669, 46.722267927767462, 1.773176500000091 ], [ 36.774519824999516, 46.722287017004419, 1.771276499999885 ], [ 36.772812966002675, 46.723800346000644, 1.619976499999893 ], [ 36.770000000000437, 46.725900450644986, 1.409976500000084 ], [ 36.767128540999693, 46.728044225003032, 1.195576500000016 ], [ 36.766759874164563, 46.728379937083446, 1.161976500000037 ], [ 36.765364957000202, 46.729650164001214, 1.231776500000024 ], [ 36.765077417350767, 46.729999999999563, 1.246176500000047 ], [ 36.763066318999336, 46.732446808999157, 1.346676500000058 ], [ 36.760991828909027, 46.735495914457715, 1.450376499999948 ], [ 36.758880783001587, 46.738598749998346, 1.555976500000043 ], [ 36.757668912216104, 46.740000000001601, 1.616576500000065 ], [ 36.756439728002078, 46.741421269003695, 1.677976499999886 ], [ 36.755097635292259, 46.742548817646821, 1.745076500000096 ], [ 36.754505616001552, 46.743046198000229, 1.695376500000066 ], [ 36.752360971000599, 46.744512176001081, 1.548776500000031 ], [ 36.75, 46.745876482693347, 1.412376499999937 ], [ 36.742864137604556, 46.750000000003638, 1.356776500000024 ], [ 36.742033362999791, 46.750480070000776, 1.39837650000004 ], [ 36.73843443899932, 46.752409662, 1.578276499999902 ], [ 36.736499777300196, 46.753249888650316, 1.674976499999957 ], [ 36.735906661002446, 46.753507480001645, 1.649276500000042 ], [ 36.729999999999563, 46.755485864439834, 1.451376499999924 ], [ 36.725167945000067, 46.757104318998245, 1.289576500000067 ], [ 36.724638761572351, 46.757319380785702, 1.2680765 ], [ 36.718042800128387, 46.760000000003856, 1.597876499999984 ], [ 36.715173981001499, 46.761165897001774, 1.624676500000078 ], [ 36.711295696000889, 46.762575447997733, 1.677676499999961 ], [ 36.709999999999127, 46.76299247796851, 1.700776500000075 ], [ 36.707101903999501, 46.763925253004345, 1.607476500000075 ], [ 36.701073492424257, 46.765536746213911, 1.446276500000067 ], [ 36.691767745000107, 46.768024325001534, 1.197576499999968 ], [ 36.690000000002328, 46.768570618434751, 1.142976500000032 ], [ 36.685513166001328, 46.769957203003287, 1.228576499999917 ], [ 36.685407998256778, 46.770000000000437, 1.229576499999894 ], [ 36.682872053999745, 46.771031977999883, 1.356376499999897 ], [ 36.681007076000242, 46.772020586002327, 1.449676499999896 ], [ 36.68003432200203, 46.772833562999949, 1.498276499999974 ], [ 36.680000000000291, 46.773343043003479, 1.4999765 ], [ 36.690000000002328, 46.777473477774038, 0.9999765 ], [ 36.692767143400488, 46.778616428302485, 0.9999765 ], [ 36.696055534999687, 46.779974677001519, 0.9999765 ], [ 36.709999999999127, 46.772841236237582, 0.9999765 ], [ 36.710134311000729, 46.77277252800377, 0.9999765 ], [ 36.721392454574016, 46.770000000000437, 0.9999765 ], [ 36.729999999999563, 46.767880231269373, 0.9999765 ], [ 36.73835438297283, 46.765822808514713, 0.9999765 ], [ 36.74284915500175, 46.76471588700042, 1.010376499999893 ], [ 36.75292604808601, 46.760836013738299, 1.020876499999986 ], [ 36.758067254000707, 46.75885651200042, 1.0262765 ], [ 36.767124380025052, 46.751437809989511, 0.9999765 ], [ 36.768879731060224, 46.750000000003638, 0.9999765 ], [ 36.769304364521304, 46.749652182257705, 1.034776499999907 ], [ 36.770000000000437, 46.749082386464579, 0.9999765 ], [ 36.781088236008145, 46.740000000001601, 0.9999765 ], [ 36.784466204497221, 46.737233102250684, 0.9999765 ], [ 36.790000000000873, 46.732700364189441, 0.9999765 ], [ 36.793296740959704, 46.729999999999563, 1.054976500000066 ], [ 36.794281446003879, 46.729193427001519, 1.071376500000042 ], [ 36.802500846999465, 46.724758205002217, 1.208376499999986 ], [ 36.80246395426002, 46.722077325714054, 1.207776499999909 ], [ 36.802435367282669, 46.719999999997526, 1.207276500000035 ], [ 36.802308332067696, 46.710768750948773, 1.307676500000071 ], [ 36.802256707002016, 46.707017320004525, 1.306376499999942 ], [ 36.801354435763642, 46.704322782119561, 1.283876499999906 ], [ 36.799141667497679, 46.69771458312789, 1.228576499999917 ], [ 36.796594614545029, 46.690108078182675, 1.32977649999998 ], [ 36.791417022082896, 46.674645744480586, 1.535376499999984 ], [ 36.790293816000485, 46.671291408003526, 1.580076499999905 ] ] ] ] } },
{ "type": "Feature", "properties": { "gid": 16, "objectid": 16.0, "shape_leng": 0.020698625076799999, "shape_area": 1.6594676269000002e-05, "z_mean": 1.4182823493000001 }, "geometry": { "type": "MultiPolygon", "coordinates": [ [ [ [ 37.199631322999267, 46.925129425002524, 1.487076500000057 ], [ 37.198595548003141, 46.924968945000728, 1.503076499999906 ], [ 37.192104712999935, 46.92500000000291, 1.4999765 ], [ 37.195923702351138, 46.927038148825886, 1.2961765 ], [ 37.200000000000728, 46.929213620000155, 1.4999765 ], [ 37.200025619998996, 46.9259107400012, 1.501276499999904 ], [ 37.199875804004478, 46.925358286000119, 1.493776499999967 ], [ 37.199669560679467, 46.925165219659903, 1.483476500000052 ], [ 37.199631322999267, 46.925129425002524, 1.487076500000057 ] ] ] ] } },
{ "type": "Feature", "properties": { "gid": 17, "objectid": 17.0, "shape_leng": 0.150242339458, "shape_area": 0.00043342862169599999, "z_mean": 1.32471249458 }, "geometry": { "type": "MultiPolygon", "coordinates": [ [ [ [ 37.316380505997586, 46.895000000004075, 1.4999765 ], [ 37.310863404003612, 46.894890780000424, 1.5108765 ], [ 37.31000000000131, 46.894966486046542, 1.503376500000059 ], [ 37.307010489001186, 46.895228616000168, 1.477176500000041 ], [ 37.30518048200247, 46.895615928000552, 1.4383765 ], [ 37.303570873003991, 46.896200502000283, 1.379976499999884 ], [ 37.303060937971168, 46.896530468988203, 1.346976499999982 ], [ 37.302300303002994, 46.897022658002243, 1.3849765 ], [ 37.301460650000081, 46.898095948003174, 1.42697649999991 ], [ 37.301006160001634, 46.899339493003936, 1.449676499999896 ], [ 37.300888643276267, 46.899999999997817, 1.4555765 ], [ 37.300502676003816, 46.902169343004061, 1.474876499999937 ], [ 37.300204681527248, 46.905102340768281, 1.489776500000062 ], [ 37.300041525999404, 46.906708192002043, 1.497876500000075 ], [ 37.299572821002585, 46.909572821001348, 1.521376500000088 ], [ 37.299413478112911, 46.909999999999854, 1.529276499999924 ], [ 37.298667240003851, 46.912000574000558, 1.566676500000085 ], [ 37.297938780004188, 46.912938780003969, 1.603076500000043 ], [ 37.297094891870074, 46.913547445936274, 1.645276499999909 ], [ 37.296970499000963, 46.913637166004264, 1.636276499999894 ], [ 37.294499427001938, 46.914499427004557, 1.550076499999932 ], [ 37.290000000004511, 46.91513376941657, 1.486576499999956 ], [ 37.285735053999815, 46.915735054002653, 1.426476500000035 ], [ 37.283191192000231, 46.916524525002387, 1.347576500000059 ], [ 37.283126863365396, 46.916563431685063, 1.343676499999901 ], [ 37.282152648000192, 46.917152648002229, 1.392376499999955 ], [ 37.281317397000748, 46.917984064000848, 1.434176499999921 ], [ 37.28006775272479, 46.920000000001892, 1.496576499999946 ], [ 37.278766254003131, 46.92209958800413, 1.561676499999976 ], [ 37.277971306004474, 46.922971306003092, 1.6014765 ], [ 37.277110930624985, 46.923555465313257, 1.644476499999882 ], [ 37.276978626998243, 46.92364529400038, 1.635476500000095 ], [ 37.274516253999536, 46.924516253999172, 1.548376499999904 ], [ 37.270000000002256, 46.925273983308216, 1.472576500000059 ], [ 37.266709546001948, 46.925826050002797, 1.417376500000046 ], [ 37.263786265917588, 46.926893132958867, 1.3106765 ], [ 37.263473794997481, 46.927007194004545, 1.326276499999949 ], [ 37.262151389999417, 46.927830853999694, 1.39247649999993 ], [ 37.261131451998153, 46.928810962002899, 1.443476500000088 ], [ 37.260449484001583, 46.929904697002712, 1.477476499999966 ], [ 37.260423207562781, 46.930000000003929, 1.478876500000069 ], [ 37.259895103001327, 46.931915402003142, 1.505276500000036 ], [ 37.260000000000218, 46.932781010000326, 1.4999765 ], [ 37.260752800002592, 46.932684637004058, 1.462376499999891 ], [ 37.268227672237117, 46.930000000003929, 1.088576500000045 ], [ 37.269259108921688, 46.929629554460917, 1.037076500000012 ], [ 37.270000000002256, 46.929363459799788, 1.063676499999929 ], [ 37.280898453558621, 46.925449226779165, 1.455076499999905 ], [ 37.290000000004511, 46.922180361762003, 0.9999765 ], [ 37.295420769003613, 46.920233466002173, 0.9999765 ], [ 37.295685070128457, 46.920000000001892, 0.9999765 ], [ 37.300859141076216, 46.915429570541164, 1.457076500000085 ], [ 37.307005824541193, 46.909999999999854, 1.149676499999941 ], [ 37.308088056617635, 46.909044028307108, 1.095576499999879 ], [ 37.31000000000131, 46.907355144936446, 0.9999765 ], [ 37.317393425002592, 46.900824286003626, 1.369676499999969 ], [ 37.316670065440121, 46.89666496728023, 1.333476499999961 ], [ 37.316380505997586, 46.895000000004075, 1.4999765 ] ] ] ] } },
{ "type": "Feature", "properties": { "gid": 18, "objectid": 18.0, "shape_leng": 0.081441290154499996, "shape_area": 4.28635368298e-05, "z_mean": 1.38346285058 }, "geometry": { "type": "MultiPolygon", "coordinates": [ [ [ [ 37.227061393999975, 46.936997788998269, 1.300176499999907 ], [ 37.230000000001382, 46.936621590561117, 1.3378765 ], [ 37.239082218331532, 46.935458890837253, 1.454076499999928 ], [ 37.242666761001601, 46.934999999997672, 1.4999765 ], [ 37.239991571212158, 46.935004214396031, 1.499576500000103 ], [ 37.230000000001382, 46.935019954753443, 1.49797650000005 ], [ 37.224611883000762, 46.935028443000192, 1.497176500000023 ], [ 37.220022846002394, 46.93481441899894, 1.518576499999881 ], [ 37.219379952299278, 46.934689976147638, 1.530976499999952 ], [ 37.216080821002834, 46.934051374000774, 1.493776499999967 ], [ 37.202771991003829, 46.930692997999358, 1.4999765 ], [ 37.208181186000729, 46.933579820002706, 1.193076499999961 ], [ 37.222255520018734, 46.936127760011004, 1.387176499999896 ], [ 37.227061393999975, 46.936997788998269, 1.300176499999907 ] ] ] ] } },
{ "type": "Feature", "properties": { "gid": 19, "objectid": 19.0, "shape_leng": 0.00046584478940399999, "shape_area": 5.3834760269700002e-09, "z_mean": 1.3606848333299999 }, "geometry": { "type": "MultiPolygon", "coordinates": [ [ [ [ 38.108293431003403, 47.026422724002259, 1.3577765 ], [ 38.108083529999931, 47.026353257002484, 1.364676500000087 ], [ 38.108129868000105, 47.026419888003147, 1.35797649999995 ], [ 38.108293431003403, 47.026422724002259, 1.3577765 ] ] ] ] } },
{ "type": "Feature", "properties": { "gid": 20, "objectid": 20.0, "shape_leng": 0.018160434167799999, "shape_area": 4.74883372263e-07, "z_mean": 1.4897806301200001 }, "geometry": { "type": "MultiPolygon", "coordinates": [ [ [ [ 37.748340312000437, 47.075032180000562, 1.496776499999896 ], [ 37.742988899999546, 47.075000000004366, 1.4999765 ], [ 37.749999999998181, 47.075179261102676, 1.482076499999948 ], [ 37.752064906002488, 47.075232057000903, 1.476776499999914 ], [ 37.749999999998181, 47.075121245672563, 1.487876500000084 ], [ 37.748340312000437, 47.075032180000562, 1.496776499999896 ] ] ] ] } },
{ "type": "Feature", "properties": { "gid": 21, "objectid": 21.0, "shape_leng": 0.00276506805749, "shape_area": 2.3259988735899998e-08, "z_mean": 1.4731765 }, "geometry": { "type": "MultiPolygon", "coordinates": [ [ [ [ 37.753265821003879, 47.075262762002239, 1.47367650000001 ], [ 37.752064906002488, 47.075232057000903, 1.476776499999914 ], [ 37.753443656001764, 47.075306045999241, 1.469376499999953 ], [ 37.753265821003879, 47.075262762002239, 1.47367650000001 ] ] ] ] } },
{ "type": "Feature", "properties": { "gid": 22, "objectid": 22.0, "shape_leng": 0.40197229052700001, "shape_area": 0.0020483060256399998, "z_mean": 1.31643469099 }, "geometry": { "type": "MultiPolygon", "coordinates": [ [ [ [ 37.598810096744273, 47.088135016125307, 0.9999765 ], [ 37.60129466106082, 47.087823665267933, 0.9999765 ], [ 37.604775047719158, 47.087387523861253, 0.9999765 ], [ 37.61000000000422, 47.086732763842519, 0.9999765 ], [ 37.620767011650969, 47.085383505827849, 0.9999765 ], [ 37.630000000002838, 47.084226482505983, 0.9999765 ], [ 37.636758975575503, 47.083379487788989, 0.9999765 ], [ 37.649999999999636, 47.081720201174903, 0.9999765 ], [ 37.663727119515897, 47.079999999998108, 0.9999765 ], [ 37.668742903439124, 47.079371451722182, 1.062876499999902 ], [ 37.670000000003711, 47.079213919838367, 1.078576500000054 ], [ 37.672097970846153, 47.078951014576887, 1.104876500000046 ], [ 37.690000000000509, 47.076707638503649, 1.329276499999878 ], [ 37.698786989867585, 47.07560650506457, 1.43937649999998 ], [ 37.703626869999425, 47.075000000004366, 1.4999765 ], [ 37.699978812826885, 47.07501059358583, 1.498976500000026 ], [ 37.690000000000509, 47.075039571025627, 1.496076500000072 ], [ 37.679861978413101, 47.075069010792504, 1.493076499999916 ], [ 37.670000000003711, 47.075097648959854, 1.490276499999936 ], [ 37.66025191279914, 47.07512595640037, 1.487376499999982 ], [ 37.649999999999636, 47.0751557268959, 1.484476500000028 ], [ 37.639946575000067, 47.075184921002801, 1.481476500000099 ], [ 37.639644750728621, 47.075177624636126, 1.482276499999898 ], [ 37.630000000002838, 47.074944470328774, 1.505576499999961 ], [ 37.626680872001089, 47.074864233003609, 1.5135765 ], [ 37.61841446724975, 47.074207233625202, 1.579276499999878 ], [ 37.616855491998649, 47.074083329000132, 1.591676499999949 ], [ 37.610429158998159, 47.073027849999562, 1.697176500000069 ], [ 37.61000000000422, 47.072922999810544, 1.707676499999934 ], [ 37.606900053999198, 47.072165635001511, 1.628476500000033 ], [ 37.599631966433662, 47.070000000003347, 1.481576500000074 ], [ 37.592945001004409, 47.068007519001185, 1.346476499999881 ], [ 37.590000000001965, 47.067369316509939, 1.263076499999897 ], [ 37.586214430999462, 47.066548957001942, 1.3450765 ], [ 37.582983142003286, 47.066092676999688, 1.390776499999902 ], [ 37.582002280738379, 47.066001140368826, 1.399876499999891 ], [ 37.576455898997665, 47.065483536998727, 1.451676500000076 ], [ 37.570000000003347, 47.065164603165613, 1.483576500000026 ], [ 37.559268935894579, 47.064634467948053, 1.53657649999991 ], [ 37.556896074003816, 47.064517244001763, 1.548276499999929 ], [ 37.55064911700174, 47.063974928001699, 1.602476499999966 ], [ 37.550000000001091, 47.063883933089528, 1.611576499999956 ], [ 37.547652974999437, 47.063554921001924, 1.644476499999882 ], [ 37.544780448999518, 47.062987081997562, 1.701276499999949 ], [ 37.544297597420154, 47.062851201291778, 1.714876499999946 ], [ 37.542070169003637, 47.062224374003563, 1.603476499999942 ], [ 37.536222250833816, 47.06000000000131, 1.311076499999899 ], [ 37.534739506001642, 47.059436008001285, 1.293376500000022 ], [ 37.531027548002385, 47.058259050003471, 1.225476500000013 ], [ 37.530000000004293, 47.057999023289085, 1.200076500000023 ], [ 37.527164404002178, 47.057281460001832, 1.271876499999962 ], [ 37.523352441521638, 47.05667622076362, 1.3323765 ], [ 37.520449682004255, 47.056215339001938, 1.477476499999966 ], [ 37.515837210872633, 47.055837210871687, 1.708176500000036 ], [ 37.513666048000232, 47.055659219999143, 1.617376500000091 ], [ 37.509885863970339, 47.054914397976972, 1.502876499999957 ], [ 37.509629618001782, 47.054863908997504, 1.498076500000025 ], [ 37.508487786002661, 47.054344706999473, 1.4999765 ], [ 37.524050980571701, 47.065538235427084, 1.148676499999965 ], [ 37.529348052701607, 47.069348052700661, 1.0325765 ], [ 37.530000000004293, 47.069816953257032, 0.9999765 ], [ 37.530150132975905, 47.069924933513903, 1.007476499999939 ], [ 37.530254503490141, 47.070000000003347, 0.9999765 ], [ 37.530834950044664, 47.070417475024442, 0.9999765 ], [ 37.536113459533226, 47.074213941476046, 0.9999765 ], [ 37.539312896391493, 47.076515074912095, 0.9999765 ], [ 37.540800775983371, 47.077585203693161, 1.005776499999911 ], [ 37.540806912573316, 47.077589617321792, 1.005576499999961 ], [ 37.540812749335601, 47.077593815300133, 1.005476499999986 ], [ 37.550000000001091, 47.079999999998108, 0.9999765 ], [ 37.598810096744273, 47.088135016125307, 0.9999765 ] ] ] ] } },
{ "type": "Feature", "properties": { "gid": 23, "objectid": 23.0, "shape_leng": 0.80829627269500004, "shape_area": 0.0117871703164, "z_mean": 1.37043605423 }, "geometry": { "type": "MultiPolygon", "coordinates": [ [ [ [ 37.861094597001284, 47.101507880001009, 0.992476500000066 ], [ 37.867358803870957, 47.100789036539936, 0.921076500000026 ], [ 37.872949537637396, 47.100147476885468, 0.985276500000055 ], [ 37.874234693228573, 47.100000000002183, 0.9999765 ], [ 37.887057142572303, 47.098528571286806, 0.9999765 ], [ 37.889999999997599, 47.098190866308869, 0.9999765 ], [ 37.903323809021458, 47.096661904515713, 0.9999765 ], [ 37.910000000001673, 47.095895784181266, 0.9999765 ], [ 37.919590475477889, 47.094795237739163, 0.9999765 ], [ 37.929999999998472, 47.093600702057302, 0.9999765 ], [ 37.946610943950873, 47.091694528022344, 0.9999765 ], [ 37.950450066002304, 47.091253973003404, 0.9999765 ], [ 37.959834762257742, 47.095027539624425, 0.9999765 ], [ 37.962087436002548, 47.095933335000154, 0.961576500000092 ], [ 37.98764082100206, 47.091945705004036, 0.953376500000104 ], [ 37.992536246318195, 47.090634061578385, 0.9682765 ], [ 37.993022565409774, 47.090503760904539, 0.9999765 ], [ 37.994902743981584, 47.090000000000146, 0.9999765 ], [ 38.004732550960398, 47.087366275476597, 0.9999765 ], [ 38.010000000000218, 47.085954954816771, 0.9999765 ], [ 38.017754529211743, 47.083877264607509, 0.9999765 ], [ 38.026215040003081, 47.081610418999844, 0.9999765 ], [ 38.030000000004293, 47.082745907047865, 0.9999765 ], [ 38.035166862999176, 47.084295966003992, 0.9999765 ], [ 38.049013296922567, 47.090000000000146, 0.9999765 ], [ 38.050000000001091, 47.090406472019822, 0.9999765 ], [ 38.054616360353975, 47.092308180179316, 0.9999765 ], [ 38.061045768999975, 47.094956772998557, 0.9999765 ], [ 38.066579623004145, 47.098089911003626, 0.9999765 ], [ 38.06999999999789, 47.099267417512237, 0.9999765 ], [ 38.071543815998666, 47.099798895003914, 0.9999765 ], [ 38.080103523823709, 47.095051761909417, 0.9999765 ], [ 38.089212517626947, 47.090000000000146, 0.9999765 ], [ 38.089585876921774, 47.089792938459141, 0.9999765 ], [ 38.090000000001965, 47.089563269712016, 0.9999765 ], [ 38.099068230023477, 47.084534115008864, 0.9999765 ], [ 38.104340040001262, 47.081610418999844, 0.9999765 ], [ 38.109999999998763, 47.080079005743755, 0.9999765 ], [ 38.110760380084685, 47.07987326998591, 0.9999765 ], [ 38.13005618599891, 47.074652410999988, 0.9999765 ], [ 38.130253530636764, 47.064809852026883, 0.9999765 ], [ 38.130381707000197, 47.058417059004569, 0.9999765 ], [ 38.127321886251593, 47.054017170625229, 0.9999765 ], [ 38.126772632394932, 47.053227367608997, 0.9999765 ], [ 38.125939959416428, 47.052030020293387, 0.9999765 ], [ 38.124528219459535, 47.049999999999272, 0.9999765 ], [ 38.121611356051289, 47.045805678026227, 0.9999765 ], [ 38.117573904968594, 47.040000000004511, 0.9999765 ], [ 38.110949877989697, 47.030474938994303, 0.9999765 ], [ 38.110619590477654, 47.030000000002474, 0.9999765 ], [ 38.109999999998763, 47.029109056004017, 1.089076499999919 ], [ 38.108129868000105, 47.026419888003147, 1.35797649999995 ], [ 38.099800669000615, 47.026275460000761, 1.372476499999948 ], [ 38.097253931589876, 47.02637303420488, 1.362676499999907 ], [ 38.090588569000829, 47.026628407002136, 1.337176499999941 ], [ 38.090000000001965, 47.026686012917708, 1.331376500000033 ], [ 38.084457052576909, 47.027228526290855, 1.2771765 ], [ 38.081455436999022, 47.027522308002517, 1.2477765000001 ], [ 38.07251210800132, 47.029036876003374, 1.096276499999931 ], [ 38.06999999999789, 47.029629566926815, 1.037076500000012 ], [ 38.068429927228863, 47.030000000002474, 1.078476500000079 ], [ 38.06763692900131, 47.030187095002475, 1.11817649999989 ], [ 38.056823081480616, 47.033411540742236, 1.658876499999906 ], [ 38.054453740001918, 47.034118024997952, 1.588176499999918 ], [ 38.050000000001091, 47.0355761606952, 1.442376499999909 ], [ 38.036622817002353, 47.039955794003617, 1.673276499999929 ], [ 38.036470265806201, 47.040000000004511, 1.676476500000035 ], [ 38.032374010273998, 47.041187005139363, 1.881276500000013 ], [ 38.030000000004293, 47.041874941318383, 1.8124765 ], [ 38.027989580003123, 47.042457517003641, 1.75427650000006 ], [ 38.019353482206498, 47.044676741104922, 1.53227650000008 ], [ 38.010093745997438, 47.047056222003448, 1.2943765 ], [ 38.010000000000218, 47.047082154360396, 1.291776499999969 ], [ 37.99945192836276, 47.049999999999272, 1.527376499999946 ], [ 37.99000000000342, 47.052614626532886, 1.738576499999908 ], [ 37.989878483003849, 47.052648241000497, 1.73517650000008 ], [ 37.980239849583086, 47.055119924794781, 1.487976500000059 ], [ 37.971929421999448, 47.057251010002801, 1.274876499999891 ], [ 37.969999999999345, 47.057791614584858, 1.220876500000031 ], [ 37.962118255089081, 47.06000000000131, 1.394076499999983 ], [ 37.957962977003262, 47.061164267002823, 1.601876499999889 ], [ 37.954179181895597, 47.062089590950563, 1.791076499999917 ], [ 37.950000000002547, 47.063111606405073, 1.688876499999878 ], [ 37.949356814002385, 47.063268897001763, 1.673076499999979 ], [ 37.940378324597987, 47.065189162300157, 1.481076499999972 ], [ 37.929999999998472, 47.067408815917588, 1.2590765 ], [ 37.92637025001568, 47.068185125008313, 1.181476499999917 ], [ 37.923746980997748, 47.068746174001717, 1.312676499999952 ], [ 37.918701808484911, 47.070000000003347, 1.564876500000082 ], [ 37.915609440999106, 47.070768514999145, 1.719576499999903 ], [ 37.912731569842435, 47.071365784922818, 1.863376499999958 ], [ 37.911420258000362, 47.071637933002421, 1.836176499999965 ], [ 37.910000000001673, 47.071861600115881, 1.813876499999878 ], [ 37.904564934038717, 47.072717532984825, 1.7282765 ], [ 37.902706040003977, 47.073010278003494, 1.698976500000072 ], [ 37.89364414100055, 47.074006248001751, 1.599376500000062 ], [ 37.889999999997599, 47.074273604943301, 1.572676499999943 ], [ 37.880012674941099, 47.075006337470768, 1.499376499999926 ], [ 37.879617595001037, 47.075035322999611, 1.496476499999972 ], [ 37.8700000000008, 47.07552000555188, 1.447976500000095 ], [ 37.857722533177366, 47.076138733411426, 1.38617649999992 ], [ 37.850000000004002, 47.076527913568498, 1.347176499999932 ], [ 37.846243596999557, 47.076717218998965, 1.328276499999902 ], [ 37.843781113824662, 47.076890556912986, 1.310976499999924 ], [ 37.83, 47.077860630331998, 1.213976499999944 ], [ 37.820162952004466, 47.078553075003583, 1.636576500000047 ], [ 37.814485907003473, 47.078802023001117, 1.895476500000086 ], [ 37.812392196861765, 47.0788039015697, 1.9999765 ], [ 37.810000000003129, 47.078806047957187, 1.9999765 ], [ 37.807616373302153, 47.078808186653987, 1.9999765 ], [ 37.806334281998716, 47.078809336999257, 1.935776499999974 ], [ 37.797923932002959, 47.078477993003617, 1.548376499999904 ], [ 37.790000000004511, 47.077888503363283, 1.211176499999965 ], [ 37.776266379565641, 47.076866810222782, 1.313276500000029 ], [ 37.770000000002256, 47.076400631834986, 1.359976499999902 ], [ 37.761542965588887, 47.075771482794153, 1.422876500000029 ], [ 37.760057410001536, 47.075660967000658, 1.4338765 ], [ 37.753443656001764, 47.075306045999241, 1.469376499999953 ], [ 37.767411564982467, 47.07870578249458, 1.129376500000035 ], [ 37.770000000002256, 47.079335797838212, 1.066376499999933 ], [ 37.770893469903967, 47.079553265049981, 1.044676499999923 ], [ 37.772728892492523, 47.079999999998108, 0.9999765 ], [ 37.778656404016147, 47.081442734004668, 0.9999765 ], [ 37.845352744820048, 47.097676372410206, 0.9999765 ], [ 37.850000000004002, 47.098807496837253, 0.9999765 ], [ 37.854899431387821, 47.100000000002183, 0.9999765 ], [ 37.856024517390324, 47.100273841702801, 0.972576500000059 ], [ 37.861094597001284, 47.101507880001009, 0.992476500000066 ] ] ] ] } },
{ "type": "Feature", "properties": { "gid": 24, "objectid": 24.0, "shape_leng": 14.6726244658, "shape_area": 4.0816048586400004, "z_mean": 1.26582323489 }, "geometry": { "type": "MultiPolygon", "coordinates": [ [ [ [ 38.951032145001591, 47.103320376003467, 1.616376499999888 ], [ 38.954632435001258, 47.101482202002444, 1.620176500000071 ], [ 38.957134133934233, 47.100000000002183, 1.643276499999956 ], [ 38.957984837003096, 47.099495977001425, 1.600776499999938 ], [ 38.962516930931088, 47.096258465468054, 1.374176499999976 ], [ 38.963272276003408, 47.095718883003428, 1.428076500000088 ], [ 38.96554004200334, 47.093751576003342, 1.624876500000028 ], [ 38.96745436600213, 47.09167192300265, 1.832776499999909 ], [ 38.968547528733325, 47.090000000000146, 1.9999765 ], [ 38.968905379602802, 47.089452689804602, 1.9999765 ], [ 38.968922678002855, 47.089426233002087, 1.9999765 ], [ 38.969865557997764, 47.086980088002747, 1.9999765 ], [ 38.970000000001164, 47.086145066845347, 1.9999765 ], [ 38.970283279000796, 47.084385617001317, 1.985876499999904 ], [ 38.970188162003979, 47.081714594003643, 1.990576500000088 ], [ 38.970000000001164, 47.080886140238363, 1.9999765 ], [ 38.969798735995937, 47.079999999998108, 1.9999765 ], [ 38.969504877997679, 47.078706180000154, 1.87057649999997 ], [ 38.968339984001432, 47.075680918002035, 1.568076499999961 ], [ 38.967010268999729, 47.072942619000969, 1.294276500000024 ], [ 38.966390942590806, 47.071804528704888, 1.180476499999941 ], [ 38.965408953485166, 47.070000000003347, 1.229576499999894 ], [ 38.963692836065093, 47.066846418032583, 1.315376499999957 ], [ 38.96050345200274, 47.060985523003183, 1.474876499999937 ], [ 38.959873989673724, 47.06000000000131, 1.506276500000013 ], [ 38.958539896002549, 47.057911265002986, 1.572976500000095 ], [ 38.957371204367519, 47.056314397821552, 1.631476499999962 ], [ 38.956353166000554, 47.054923379004322, 1.682376499999918 ], [ 38.953888691003158, 47.052084446002482, 1.805576499999916 ], [ 38.951528286286702, 47.049999999999272, 1.923576500000081 ], [ 38.950975795827617, 47.049512102090375, 1.951176499999974 ], [ 38.950000000002547, 47.048650388122041, 1.865076499999986 ], [ 38.948057448000327, 47.04693494300227, 1.790576500000043 ], [ 38.940540440002223, 47.041650678003862, 1.638076499999897 ], [ 38.937809411858325, 47.040000000004511, 1.6095765 ], [ 38.932428178999544, 47.036747494999872, 1.553376500000013 ], [ 38.930000000000291, 47.035407652248978, 1.5407765 ], [ 38.924858615533594, 47.032570692235822, 1.257076500000039 ], [ 38.920199784573924, 47.030000000002474, 1.489976500000012 ], [ 38.917528061001576, 47.028525772000648, 1.623576499999899 ], [ 38.915183891402194, 47.027408054298576, 1.740776500000038 ], [ 38.910000000003492, 47.02493633587801, 1.4936765 ], [ 38.909638261000509, 47.024763856003119, 1.494476500000019 ], [ 38.898422884814863, 47.020000000000437, 1.578876499999978 ], [ 38.895693338998171, 47.018840595001166, 1.599376500000062 ], [ 38.889999999999418, 47.016731436324335, 1.673176499999954 ], [ 38.882266812415764, 47.013866593790226, 1.386676500000021 ], [ 38.878142969999317, 47.012338872003966, 1.592876500000102 ], [ 38.870893040137162, 47.009999999998399, 1.955376500000057 ], [ 38.870000000002619, 47.009711899758258, 1.971176499999956 ], [ 38.868393621001815, 47.009193672001857, 1.9193765 ], [ 38.868380212654301, 47.009190106331516, 1.918976500000099 ], [ 38.85943117700117, 47.006810294002207, 1.681076500000017 ], [ 38.850000000004002, 47.004485557217777, 1.448576499999945 ], [ 38.845893577003153, 47.003473344999293, 1.347376499999882 ], [ 38.837047379000069, 47.000961211004324, 1.096076499999981 ], [ 38.834220618404288, 47.000000000003638, 0.9999765 ], [ 38.832744294002623, 46.99949799100068, 0.9999765 ], [ 38.830000000001746, 46.998408864561497, 0.9999765 ], [ 38.828064802999506, 46.997640843999761, 0.9999765 ], [ 38.823544655004298, 46.995554760002051, 0.9999765 ], [ 38.819205952004268, 46.99325194100129, 0.9999765 ], [ 38.815075118003733, 46.990739679002218, 0.9999765 ], [ 38.814016486121545, 46.990000000001601, 0.9999765 ], [ 38.812341152319277, 46.988829423844436, 0.9999765 ], [ 38.811183383999378, 46.988020477001555, 0.9999765 ], [ 38.810000000003129, 46.987062175841857, 0.9999765 ], [ 38.807567284002289, 46.985092168999472, 1.121676499999921 ], [ 38.804580792002525, 46.982302904003518, 1.270976499999961 ], [ 38.80237379893515, 46.979999999999563, 1.381276500000013 ], [ 38.795357429078649, 46.972678714537324, 1.732176499999923 ], [ 38.793169569000383, 46.970395775000725, 1.8414765 ], [ 38.79275896983745, 46.969999999997526, 1.862076500000057 ], [ 38.790000000000873, 46.967340639272152, 1.734076499999901 ], [ 38.784985546833923, 46.962507226582602, 1.250676500000054 ], [ 38.784413937002682, 46.961956254001052, 1.279276499999924 ], [ 38.782499513650691, 46.960000000002765, 1.3749765 ], [ 38.778392830499797, 46.955803584751266, 1.580376500000057 ], [ 38.776444832998095, 46.953813022999384, 1.677776499999936 ], [ 38.773651722003706, 46.951271141000689, 1.817376499999909 ], [ 38.772051795946027, 46.950000000000728, 1.897376500000064 ], [ 38.771259290655507, 46.949370354672283, 1.937076500000103 ], [ 38.770677660999354, 46.948908250004024, 1.890776499999902 ], [ 38.770000000002256, 46.948426330760412, 1.842676499999925 ], [ 38.767550681999637, 46.94668449600249, 1.6684765 ], [ 38.762766504240062, 46.943616747879787, 1.36167649999993 ], [ 38.757126156959202, 46.93999999999869, 1.643676500000083 ], [ 38.753880420003043, 46.937918743002228, 1.597876499999984 ], [ 38.75, 46.935697285633069, 1.569776499999989 ], [ 38.744687739523215, 46.932656130244141, 1.265576499999952 ], [ 38.740048037201632, 46.930000000003929, 1.497576499999923 ], [ 38.735686454003371, 46.927503087001242, 1.715676499999972 ], [ 38.735339901546467, 46.927330049231387, 1.73297649999995 ], [ 38.730000000001382, 46.924663772753775, 1.466376500000024 ], [ 38.728013687001294, 46.92367198300235, 1.4664765 ], [ 38.71997025978817, 46.920000000001892, 1.501476500000081 ], [ 38.718906423999215, 46.919514338003864, 1.506076500000063 ], [ 38.709999999999127, 46.915781321493341, 1.578176499999927 ], [ 38.709391578004215, 46.915526309001507, 1.583076500000061 ], [ 38.704510413999742, 46.913646180000796, 1.639076500000101 ], [ 38.694536888002403, 46.910235482000644, 1.796676500000103 ], [ 38.693723782633242, 46.909999999999854, 1.813776499999904 ], [ 38.690000000002328, 46.908921561933312, 1.8921765 ], [ 38.68945246399926, 46.908762991002732, 1.876276499999904 ], [ 38.685788181912358, 46.907894090954869, 1.789376499999889 ], [ 38.680218363999302, 46.906573337002555, 1.657376500000055 ], [ 38.670000000003711, 46.90471322711528, 1.471276499999931 ], [ 38.653373046845445, 46.90168652342436, 1.168676499999947 ], [ 38.652318286000082, 46.901494518999243, 1.1494765 ], [ 38.650000000001455, 46.901041371256724, 1.1041765 ], [ 38.644672385737067, 46.899999999997817, 1.266376499999978 ], [ 38.637690486002612, 46.898635271003513, 1.615476499999886 ], [ 38.633858782439347, 46.898070608780472, 1.8070765 ], [ 38.630000000002838, 46.897501956058477, 1.750176499999952 ], [ 38.628517932998875, 46.897283550004431, 1.728376499999968 ], [ 38.623607623147109, 46.896803811572681, 1.680376499999966 ], [ 38.619092183002067, 46.896362652003518, 1.636276499999894 ], [ 38.610000000000582, 46.895792119728867, 1.579176499999903 ], [ 38.609478090003904, 46.895759369999723, 1.575976500000024 ], [ 38.600860919385013, 46.895430459690033, 1.543076500000097 ], [ 38.599725666002996, 46.895387128004586, 1.538676500000065 ], [ 38.590000000001965, 46.895214009182382, 1.521376500000088 ], [ 38.584917969003072, 46.895123548003539, 1.512376500000073 ], [ 38.579782359312958, 46.895108820344831, 1.5108765 ], [ 38.569999999999709, 46.895080766955289, 1.508076500000016 ], [ 38.569972118000805, 46.895080686997971, 1.508076500000016 ], [ 38.560280314042757, 46.895140157022979, 1.513976499999899 ], [ 38.550000000001091, 46.89520323821489, 1.520276499999909 ], [ 38.539464226139899, 46.895267886933652, 1.526776500000096 ], [ 38.530000000004293, 46.8953259605114, 1.5325765 ], [ 38.520765251978446, 46.89538262599126, 1.538276499999938 ], [ 38.519754675002332, 46.895388827004354, 1.538876500000015 ], [ 38.510000000000218, 46.895326218051196, 1.5325765 ], [ 38.499663697999495, 46.895259876002456, 1.52597650000007 ], [ 38.499489128606001, 46.895255435701984, 1.525576499999943 ], [ 38.49000000000342, 46.89501407262469, 1.501376499999878 ], [ 38.489655382003548, 46.895005307003885, 1.500576500000079 ], [ 38.479693968, 46.894541477004168, 1.454176499999903 ], [ 38.478971477788946, 46.894485738894218, 1.448576499999945 ], [ 38.470000000001164, 46.893793614344759, 1.379376500000035 ], [ 38.469804227001077, 46.893778511001074, 1.377876499999957 ], [ 38.463876224679552, 46.893061887662043, 1.3061765 ], [ 38.460020372000145, 46.892595761997654, 1.259576500000094 ], [ 38.450389127003291, 46.890833281000596, 1.083376499999986 ], [ 38.450000000002547, 46.890737863017421, 1.073776499999894 ], [ 38.446990898270087, 46.890000000003056, 1.150476499999968 ], [ 38.445090884999445, 46.88953409700116, 1.198876500000097 ], [ 38.434672018000128, 46.886355758999343, 1.401976500000046 ], [ 38.430000000000291, 46.88470326866809, 1.470376499999929 ], [ 38.429544702001294, 46.884542230003717, 1.476976500000092 ], [ 38.419452933001594, 46.880598600004305, 1.587176499999941 ], [ 38.418059026484116, 46.880000000001019, 1.597076499999957 ], [ 38.410000000001673, 46.876539127111755, 1.653876500000024 ], [ 38.409602110001288, 46.876368257002468, 1.6566765 ], [ 38.400055797001187, 46.871974399000464, 1.694676500000014 ], [ 38.396023855251769, 46.870000000004438, 1.698776499999894 ], [ 38.390925272002278, 46.867503277997457, 1.704076499999928 ], [ 38.389999999999418, 46.867007771672434, 1.700776500000075 ], [ 38.383268405001218, 46.863402834002045, 1.340276500000073 ], [ 38.383235279028668, 46.863382360488686, 1.338276499999893 ], [ 38.379703695998614, 46.86119966500155, 1.119976499999893 ], [ 38.378028503439054, 46.86000000000422, 0.9999765 ], [ 38.376369326002532, 46.858811804000652, 0.9999765 ], [ 38.3729683499987, 46.855855566001992, 0.9999765 ], [ 38.3700000000008, 46.852606848973664, 0.9999765 ], [ 38.369966755999485, 46.852570465001918, 1.001676500000031 ], [ 38.368616468420441, 46.850691765792362, 1.069176499999912 ], [ 38.368119271870455, 46.850000000002183, 1.094076500000028 ], [ 38.367650775000584, 46.849348165003903, 1.117476500000066 ], [ 38.367218578392567, 46.848609289194428, 1.139076500000101 ], [ 38.365633474999413, 46.84589942400271, 1.2182765 ], [ 38.363849683999433, 46.842274469001495, 1.307476499999893 ], [ 38.362873505122479, 46.840000000000146, 1.356276499999922 ], [ 38.36223844199958, 46.838520321003671, 1.388076499999897 ], [ 38.361116737192788, 46.835558368593411, 1.444176499999912 ], [ 38.359011757793269, 46.829999999998108, 1.54937649999988 ], [ 38.356445108312982, 46.823222554159656, 1.677776499999936 ], [ 38.356391937002627, 46.823082151004201, 1.680376499999966 ], [ 38.35509117685433, 46.820000000003347, 1.7454765 ], [ 38.354807498002629, 46.819327823001004, 1.759576500000094 ], [ 38.353063245001977, 46.815701192002962, 1.8468765 ], [ 38.351100284004133, 46.812247789002868, 1.944976499999939 ], [ 38.350000000004002, 46.810741365738068, 1.9999765 ], [ 38.349458510181648, 46.81000000000131, 1.9999765 ], [ 38.349146994834882, 46.80957349741584, 1.9999765 ], [ 38.346445793004023, 46.805875222004033, 1.765276500000027 ], [ 38.341337843557994, 46.799999999999272, 1.43307649999997 ], [ 38.340546888999597, 46.799090234999312, 1.472676500000034 ], [ 38.334928087000662, 46.793168710002647, 1.7535765 ], [ 38.33325025909653, 46.791625129548265, 1.837476500000093 ], [ 38.331515439003851, 46.790029117000813, 1.924276499999905 ], [ 38.331480496362929, 46.790000000004511, 1.925976499999933 ], [ 38.33, 46.78876633226173, 1.876676500000031 ], [ 38.327911970000059, 46.787026418998721, 1.8070765 ], [ 38.320326794999346, 46.781368865998957, 1.62057649999997 ], [ 38.318319857206006, 46.780000000002474, 1.583976500000063 ], [ 38.316825978999987, 46.778981075001866, 1.658676499999956 ], [ 38.314663371125789, 46.777668314443872, 1.76687650000008 ], [ 38.310000000003129, 46.774837524006216, 1.483776499999976 ], [ 38.309505025003091, 46.774537061002775, 1.478476499999942 ], [ 38.301411838159765, 46.770000000000437, 1.429376499999989 ], [ 38.29258066500006, 46.765049222003654, 1.3758765 ], [ 38.289999999999054, 46.763568338696132, 1.3568765 ], [ 38.286677022861113, 46.761661488573736, 1.166176499999892 ], [ 38.285233893002442, 46.76083336600459, 1.238276499999984 ], [ 38.283908612671439, 46.760000000003856, 1.304576499999939 ], [ 38.281711956004074, 46.758618693003882, 1.414376499999889 ], [ 38.277790811185696, 46.756104594409408, 1.6104765 ], [ 38.270000000002256, 46.751109403367082, 1.110976499999879 ], [ 38.268269705389685, 46.750000000003638, 1.08647649999989 ], [ 38.267164902999866, 46.749291640002411, 1.141776499999878 ], [ 38.263824804922479, 46.74691240246284, 1.308776500000022 ], [ 38.254120812884139, 46.740000000001601, 1.793976500000099 ], [ 38.252306703001523, 46.738707762997365, 1.755476499999986 ], [ 38.25, 46.73721493623998, 1.721476499999881 ], [ 38.243884071998764, 46.733256897001411, 1.631476499999962 ], [ 38.238383576403066, 46.729999999999563, 1.580776499999956 ], [ 38.230650774999958, 46.725421332999758, 1.509576500000094 ], [ 38.230000000001382, 46.725067324070551, 1.506776499999887 ], [ 38.220684732739755, 46.719999999997526, 1.465776499999947 ], [ 38.217153463001523, 46.718079058000512, 1.642376499999955 ], [ 38.215429264009799, 46.717285367991281, 1.728576499999917 ], [ 38.209999999999127, 46.714786147998893, 1.478576499999917 ], [ 38.206968893000521, 46.713390856997648, 1.490676500000063 ], [ 38.198898079679566, 46.710000000002765, 1.555076500000041 ], [ 38.194197048000206, 46.708024917003058, 1.592676499999925 ], [ 38.190000000000509, 46.706397411664511, 1.639776499999925 ], [ 38.180766866002159, 46.702817044004405, 1.743376500000068 ], [ 38.174058650003644, 46.700395029998617, 1.836576500000092 ], [ 38.172856611670795, 46.700000000000728, 1.857176499999923 ], [ 38.164521812441308, 46.697260906223164, 1.72607650000009 ], [ 38.159768382000038, 46.6956987700014, 1.569876499999964 ], [ 38.152630332002445, 46.693587100004152, 1.3586765 ], [ 38.149999999999636, 46.692871470075261, 1.287176499999987 ], [ 38.139445774593696, 46.690000000004147, 1.527676500000098 ], [ 38.133167248004611, 46.688291812000898, 1.4999765 ], [ 38.123301629004345, 46.686468816998968, 1.628676499999983 ], [ 38.121046185002342, 46.685261546002948, 1.4999765 ], [ 38.120500102899314, 46.685250051450566, 1.524976500000093 ], [ 38.117114954002318, 46.685178797004482, 1.517876500000057 ], [ 38.112400856998647, 46.684738449001088, 1.47387649999996 ], [ 38.109999999998763, 46.684284091652444, 1.428376500000013 ], [ 38.106991732003735, 46.683714783001051, 1.371476499999972 ], [ 38.104308969001067, 46.682899548004571, 1.289976499999966 ], [ 38.10424950734523, 46.682875246329786, 1.287476499999912 ], [ 38.101766580999538, 46.68186048699863, 1.411676499999885 ], [ 38.097942488489934, 46.680000000003929, 1.602876500000093 ], [ 38.092064623002443, 46.677140317004159, 1.610776499999929 ], [ 38.090000000001965, 46.676277706408655, 1.627776499999982 ], [ 38.083829011000489, 46.673699434002629, 1.369976499999893 ], [ 38.08322092409071, 46.673389537952971, 1.338976499999944 ], [ 38.0819838430034, 46.672759091001353, 1.400776499999893 ], [ 38.077552803846629, 46.670000000001892, 1.622376499999973 ], [ 38.076483608001581, 46.669334240001263, 1.609276500000078 ], [ 38.074346084000354, 46.668171239, 1.599776499999962 ], [ 38.06999999999789, 46.666133936994811, 1.613376499999958 ], [ 38.069884704002106, 46.66607988999931, 1.60797649999995 ], [ 38.063885437002682, 46.663645049004117, 1.36447649999991 ], [ 38.063288967870903, 46.663355516066076, 1.335576499999888 ], [ 38.06201349100229, 46.662736385002063, 1.399276500000042 ], [ 38.057222701483624, 46.659999999999854, 1.638876499999924 ], [ 38.056357781002589, 46.659505977997469, 1.632676499999889 ], [ 38.054121108998515, 46.658462496001448, 1.640176500000052 ], [ 38.051772020004137, 46.657536449003601, 1.665076499999941 ], [ 38.050000000001091, 46.657036579434134, 1.703676500000029 ], [ 38.047055845001523, 46.656206062001729, 1.62057649999997 ], [ 38.040314850546565, 46.655157425271682, 1.515776499999902 ], [ 38.032750440002928, 46.653980697003135, 1.398076499999888 ], [ 38.030000000004293, 46.653314811495875, 1.3314765 ], [ 38.027728379998734, 46.652764849002779, 1.390076500000077 ], [ 38.025127139000688, 46.651913575000435, 1.434976499999948 ], [ 38.020274442527807, 46.650000000003274, 1.486276500000031 ], [ 38.020019381001475, 46.649899421001464, 1.488976500000035 ], [ 38.012652066998271, 46.646317511003872, 1.499176499999976 ], [ 38.010258961003274, 46.644839715001581, 1.4709765 ], [ 38.010000000000218, 46.644635881408249, 1.463576500000045 ], [ 38.007879527001933, 46.642966813000385, 1.402676500000098 ], [ 38.005646949000948, 46.640744679003546, 1.292076499999894 ], [ 38.005070221635833, 46.640000000003056, 1.246476499999972 ], [ 38.003692798001794, 46.638221450004494, 1.315376499999957 ], [ 38.002138302003004, 46.635451174000991, 1.3930765 ], [ 38.000959521003097, 46.632195201003924, 1.4519765 ], [ 38.000266344004558, 46.628972700002123, 1.48667649999993 ], [ 37.999936644004265, 46.626034490003804, 1.503176499999881 ], [ 37.999855424000998, 46.62362747500265, 1.507276499999989 ], [ 37.999999999998181, 46.621389166004519, 1.4999765 ], [ 37.991702608871492, 46.619568693537076, 1.9148765 ], [ 37.99000000000342, 46.619195136056078, 1.913276499999938 ], [ 37.98226972699922, 46.617499091000354, 1.906276500000104 ], [ 37.971904356461891, 46.61714772250707, 1.904776500000025 ], [ 37.961155564446017, 46.616783356672386, 1.8894765 ], [ 37.957719408854246, 46.616666876820091, 1.9999765 ], [ 37.939921498025797, 46.616063557805319, 1.9999765 ], [ 37.934934057517239, 46.615894492024381, 1.9999765 ], [ 37.924652540003081, 46.615545966000354, 1.9999765 ], [ 37.918710849098716, 46.617421698188991, 1.9999765 ], [ 37.912752294951133, 46.619302753941156, 1.9999765 ], [ 37.899079427350443, 46.623619141020754, 1.9999765 ], [ 37.884163910073767, 46.628327820142658, 1.097276499999907 ], [ 37.881602410003325, 46.629136460003792, 1.11167649999993 ], [ 37.880027464445448, 46.628780897501201, 1.124676500000078 ], [ 37.852224155003569, 46.622503973001585, 1.699476499999946 ], [ 37.840858939571262, 46.627147348923245, 1.9999765 ], [ 37.831124467737027, 46.631124467736299, 1.685376500000075 ], [ 37.820350779433284, 46.635526169149671, 1.758776500000067 ], [ 37.810394727001039, 46.639593816998968, 1.668176500000072 ], [ 37.809826295944731, 46.639913147975676, 1.66377650000004 ], [ 37.797075973927349, 46.647075973931351, 1.676876499999935 ], [ 37.794612896155741, 46.648459672118406, 1.615276499999936 ], [ 37.785659609586219, 46.653489414375144, 1.782976499999904 ], [ 37.770000000002256, 46.662286608507202, 1.807176499999969 ], [ 37.768239779999931, 46.663275458004136, 1.8758765 ], [ 37.764757827591893, 46.664757827591529, 1.9999765 ], [ 37.761926453606065, 46.665963226800159, 1.596276499999931 ], [ 37.752444437595841, 46.670000000001892, 1.9999765 ], [ 37.751124161097323, 46.670562080547825, 1.9999765 ], [ 37.749999999998181, 46.671040669007198, 1.9999765 ], [ 37.737559441000485, 46.676336980999622, 1.9999765 ], [ 37.73751951678787, 46.676240241607957, 1.9999765 ], [ 37.736501498000507, 46.673773505002828, 1.9999765 ], [ 37.736582878998888, 46.671210028001951, 1.9999765 ], [ 37.735652087523704, 46.670000000001892, 1.9999765 ], [ 37.735362174998954, 46.669623114001297, 1.962276499999916 ], [ 37.731781756838245, 46.670000000001892, 1.9999765 ], [ 37.730723504004345, 46.670111394998457, 1.9999765 ], [ 37.730723504004345, 46.670000000001892, 1.9999765 ], [ 37.730723504004345, 46.669638248002229, 1.9637765 ], [ 37.730723504004345, 46.66266510600326, 1.9637765 ], [ 37.734614169581619, 46.659999999999854, 1.769276499999933 ], [ 37.747084896704109, 46.651457551652129, 1.9999765 ], [ 37.749212709264611, 46.650000000003274, 1.9999765 ], [ 37.749544899441389, 46.649772449720331, 1.9999765 ], [ 37.749999999998181, 46.649460705826641, 1.9999765 ], [ 37.751712045113891, 46.648287954887564, 1.914376499999889 ], [ 37.755137566002304, 46.645941473003404, 1.770076499999959 ], [ 37.756004151724483, 46.643995848276973, 1.699776500000098 ], [ 37.76001405277384, 46.634992973611588, 1.499276499999951 ], [ 37.762237934688528, 46.630000000001019, 1.388076499999897 ], [ 37.763651706858582, 46.626825853429182, 1.317376499999909 ], [ 37.766691957651346, 46.620000000004438, 1.165376500000093 ], [ 37.767294480050623, 46.618647240029532, 1.135276499999918 ], [ 37.767751498004145, 46.617621160999988, 1.112376499999982 ], [ 37.769931856744734, 46.610000000002401, 1.003376500000059 ], [ 37.769940384527217, 46.609970192264882, 1.002976499999932 ], [ 37.770000000002256, 46.609761814106605, 0.9999765 ], [ 37.773258967481524, 46.598370516265277, 0.9999765 ], [ 37.775653711310952, 46.590000000000146, 1.717276500000025 ], [ 37.776540561004367, 46.586900132002484, 1.6729765 ], [ 37.776663854840081, 46.586668072581233, 1.666776499999969 ], [ 37.780206620936951, 46.580000000003565, 1.489676500000087 ], [ 37.782262183096464, 46.576131091549541, 1.386876499999971 ], [ 37.78551964962935, 46.570000000003347, 1.223976499999935 ], [ 37.790000000004511, 46.561567238511998, 1.8432765 ], [ 37.791133900655041, 46.559433049673316, 1.9999765 ], [ 37.79614570701051, 46.549999999999272, 1.9999765 ], [ 37.799053626764362, 46.544526813382618, 1.9999765 ], [ 37.80145873570109, 46.540000000002692, 1.9999765 ], [ 37.802093946003879, 46.538804429001175, 1.9999765 ], [ 37.802873479980917, 46.536436739992496, 1.9999765 ], [ 37.80499270150176, 46.530000000002474, 1.9999765 ], [ 37.805700484204863, 46.527850242100612, 1.9999765 ], [ 37.808285084800445, 46.520000000000437, 1.9999765 ], [ 37.80852748842517, 46.519263744214186, 1.9999765 ], [ 37.810000000003129, 46.514791265022723, 1.9999765 ], [ 37.811354492649116, 46.510677246322302, 1.9999765 ], [ 37.811577468093674, 46.510000000003856, 1.9999765 ], [ 37.81188832209773, 46.509055838951099, 1.9999765 ], [ 37.812998893999975, 46.505682684004569, 1.9999765 ], [ 37.815788719475677, 46.500000000001819, 1.9999765 ], [ 37.817671925928153, 46.496164037036579, 1.9999765 ], [ 37.820698064195312, 46.490000000001601, 1.9999765 ], [ 37.824178395831041, 46.482910802087645, 1.9999765 ], [ 37.825607408920405, 46.479999999999563, 1.9999765 ], [ 37.827321811004367, 46.476507880002828, 1.9999765 ], [ 37.83, 46.475075142487185, 1.9999765 ], [ 37.834903684879464, 46.472451842442752, 1.9999765 ], [ 37.839486867316737, 46.470000000002983, 1.9999765 ], [ 37.844565846868136, 46.46728292343505, 1.9999765 ], [ 37.850000000004002, 46.464375841407673, 1.9999765 ], [ 37.850596550000773, 46.464056708004136, 1.9999765 ], [ 37.862966341999709, 46.454779363999478, 1.9999765 ], [ 37.865305878141953, 46.452347060929242, 1.9999765 ], [ 37.867563423238607, 46.450000000000728, 1.9999765 ], [ 37.8700000000008, 46.447466808473109, 1.9999765 ], [ 37.880000000002838, 46.43707028999961, 1.4999765 ], [ 37.87993475512485, 46.435032622435756, 1.503276500000084 ], [ 37.879782943000464, 46.43029136700352, 1.5108765 ], [ 37.879793411300852, 46.43000000000211, 1.510376499999893 ], [ 37.879956639000739, 46.425456839000617, 1.502176499999905 ], [ 37.880033534109316, 46.425016767057969, 1.498276499999974 ], [ 37.8804246300042, 46.422778518999621, 1.478776500000095 ], [ 37.881333474997518, 46.42082196299998, 1.43327649999992 ], [ 37.88201908454721, 46.420000000001892, 1.399076500000092 ], [ 37.882102912004484, 46.419899501002874, 1.4048765 ], [ 37.884065184001884, 46.418315971999618, 1.465176500000098 ], [ 37.889999999997599, 46.414988781110878, 1.501076499999954 ], [ 37.894749730003241, 46.412325976001739, 1.5298765 ], [ 37.896829446000993, 46.410808467002425, 1.577676500000052 ], [ 37.897671630838886, 46.409999999999854, 1.616376499999888 ], [ 37.897718118003468, 46.409955374001584, 1.61407650000001 ], [ 37.898974368998097, 46.408073420001529, 1.551276500000085 ], [ 37.899972874503874, 46.404986437250045, 1.501376499999878 ], [ 37.901005773002908, 46.401793125001859, 1.449676499999896 ], [ 37.902149394114531, 46.400000000003274, 1.392576499999905 ], [ 37.902217740002015, 46.399892838004234, 1.399876499999891 ], [ 37.903083840001273, 46.399038571000347, 1.44197650000001 ], [ 37.905132833004245, 46.397564633998627, 1.48687649999988 ], [ 37.908692637001877, 46.39588208099849, 1.477176500000041 ], [ 37.910000000001673, 46.395592887365638, 1.440676499999881 ], [ 37.911398617003215, 46.39528350799992, 1.471676500000058 ], [ 37.912949080000544, 46.395270199000151, 1.472976499999959 ], [ 37.916039874004127, 46.395797777000553, 1.420176500000025 ], [ 37.917385966135043, 46.396307016930223, 1.369276500000069 ], [ 37.917402318002132, 46.396313203003956, 1.370076500000096 ], [ 37.918531904002521, 46.396975011000904, 1.42657650000001 ], [ 37.919360625000991, 46.397753740004191, 1.468076500000052 ], [ 37.919805213003201, 46.398459335001462, 1.490276499999936 ], [ 37.920039149999866, 46.399110401000144, 1.501976499999955 ], [ 37.920000000003711, 46.399863608003216, 1.4999765 ], [ 37.920538914753706, 46.399461085253279, 1.526976500000046 ], [ 37.93262097605475, 46.390436829346072, 1.956276500000058 ], [ 37.939697610845542, 46.385151194577702, 1.515076500000077 ], [ 37.940000000000509, 46.384925336004017, 1.4999765 ], [ 37.939928938600133, 46.380000000001019, 1.5035765 ], [ 37.939895450001131, 46.377678871998796, 1.505276500000036 ], [ 37.940156528004081, 46.376276757000596, 1.492176499999914 ], [ 37.940580443999352, 46.375592748001509, 1.4709765 ], [ 37.940880722351721, 46.375440361172878, 1.455976499999906 ], [ 37.941358041001877, 46.375198129004275, 1.48017649999997 ], [ 37.942356838999331, 46.375025540004572, 1.497476499999948 ], [ 37.948177141000997, 46.374919759000477, 1.507976500000041 ], [ 37.950000000002547, 46.374632832577845, 1.536676499999885 ], [ 37.95049162199939, 46.374555449001491, 1.5198765 ], [ 37.953319346999706, 46.373393642001247, 1.494676499999969 ], [ 37.959947612003816, 46.370026194001184, 1.4999765 ], [ 37.959982681928523, 46.370000000004438, 1.5008765 ], [ 37.959999999997308, 46.369987064999805, 1.4999765 ], [ 37.959964697000032, 46.366098120002789, 1.5017765 ], [ 37.960220501001459, 46.365220501002113, 1.488976500000035 ], [ 37.960372269299114, 46.365186134647956, 1.481376499999897 ], [ 37.96134687200356, 46.364965446002316, 1.503476500000033 ], [ 37.966676895999626, 46.36500000000342, 1.4999765 ], [ 37.969999999999345, 46.362517928764646, 1.7481765 ], [ 37.970957879004345, 46.361802476001685, 1.771876499999962 ], [ 37.976932936482626, 46.360000000002401, 1.653376499999922 ], [ 37.980000000001382, 46.3590747690032, 1.4999765 ], [ 37.979996411000684, 46.356067486001848, 1.500176499999952 ], [ 37.980323685002077, 46.355323685003896, 1.483776499999976 ], [ 37.980488200144464, 46.355244100070195, 1.475576499999988 ], [ 37.980788489001498, 46.355098834003002, 1.490076499999986 ], [ 37.982376855998154, 46.354963063002288, 1.503676499999983 ], [ 37.99000000000342, 46.354988360324569, 1.501176499999929 ], [ 37.993507521998254, 46.355000000001382, 1.4999765 ], [ 37.995371941002304, 46.354437567000787, 1.556276499999967 ], [ 37.9963076990025, 46.355000000001382, 1.4999765 ], [ 37.999736476998805, 46.354935928004124, 1.506376499999988 ], [ 38.000110572882477, 46.354944713562872, 1.505576499999961 ], [ 38.010000000000218, 46.355176964496422, 1.482276499999898 ], [ 38.020864216252448, 46.355432108130117, 1.456776499999933 ], [ 38.030000000004293, 46.355646659920239, 1.435376500000075 ], [ 38.038316077800118, 46.35584196110176, 1.4157765 ], [ 38.039348912998321, 46.355866216999857, 1.413376499999913 ], [ 38.050000000001091, 46.35591745923557, 1.408276500000056 ], [ 38.061949900085892, 46.355974950043674, 1.402476499999921 ], [ 38.065890456004126, 46.355993908004166, 1.400576499999943 ], [ 38.06999999999789, 46.355891389395765, 1.410876500000086 ], [ 38.078648731861904, 46.355675634069485, 1.432476499999893 ], [ 38.084397925000303, 46.355532212000981, 1.446776499999942 ], [ 38.090000000001965, 46.355149728889955, 1.485076499999877 ], [ 38.094808402003764, 46.354821434000769, 1.517876500000057 ], [ 38.09875831498357, 46.354379157493895, 1.562076500000103 ], [ 38.09932264300005, 46.354315969003437, 1.568376499999886 ], [ 38.107944337001754, 46.352929932003462, 1.706976499999882 ], [ 38.109999999998763, 46.352466532009203, 1.753376500000059 ], [ 38.112028754001585, 46.352009197998996, 1.799076499999956 ], [ 38.113299431432097, 46.351649715719759, 1.835076500000014 ], [ 38.115930996998941, 46.350905230001445, 1.703476500000079 ], [ 38.118536349553324, 46.350000000002183, 1.573176500000045 ], [ 38.119647240000631, 46.349614021004527, 1.51767649999988 ], [ 38.124997861506927, 46.347498930750589, 1.250076499999977 ], [ 38.130000000002838, 46.345521595152604, 1.447876499999893 ], [ 38.130420645002232, 46.345355315001143, 1.464476500000046 ], [ 38.135754707454907, 46.342877353730728, 1.712276499999916 ], [ 38.137270870001885, 46.342173014001673, 1.636476500000072 ], [ 38.140956012832248, 46.340000000000146, 1.45217649999995 ], [ 38.145105891493586, 46.337552945742573, 1.244676499999969 ], [ 38.149919629999204, 46.334714434004127, 1.528576500000099 ], [ 38.149999999999636, 46.334661060285725, 1.533876499999906 ], [ 38.152947823002251, 46.332703410998874, 1.729676500000096 ], [ 38.153932249169884, 46.331966124585961, 1.803376500000013 ], [ 38.155832851000014, 46.330542668001726, 1.708376499999986 ], [ 38.156428304308065, 46.330000000003565, 1.678576499999963 ], [ 38.161125107004409, 46.325719556001786, 1.443776500000013 ], [ 38.161230246341802, 46.325615123172611, 1.438476499999979 ], [ 38.166220011004043, 46.320658888002072, 1.188976500000081 ], [ 38.166926437676011, 46.320000000001528, 1.153676500000074 ], [ 38.167999080465961, 46.318999540233563, 1.100076499999886 ], [ 38.170000000003711, 46.317133271686544, 1.286676499999885 ], [ 38.171501939001246, 46.315732405004383, 1.42677649999996 ], [ 38.174794163127444, 46.312397081563176, 1.760276499999918 ], [ 38.176607183004307, 46.310560326999621, 1.669676499999923 ], [ 38.177044664505956, 46.31000000000131, 1.647776499999964 ], [ 38.181152257000576, 46.304738988999816, 1.442376499999909 ], [ 38.181481604871806, 46.304259197566353, 1.425876499999958 ], [ 38.184405287007394, 46.299999999999272, 1.279776500000025 ], [ 38.185834849322418, 46.297917424659317, 1.208276500000011 ], [ 38.189742759001092, 46.292224412001815, 1.777576499999896 ], [ 38.190000000000509, 46.291793184760536, 1.8206765 ], [ 38.191069692717065, 46.290000000002692, 1.946476500000017 ], [ 38.191524356785521, 46.289237821611096, 1.923776500000031 ], [ 38.191986241999984, 46.288463538001452, 1.900676499999918 ], [ 38.19397880100405, 46.284453946002031, 1.801076499999908 ], [ 38.195480260001204, 46.28062888400018, 1.725976499999888 ], [ 38.195675878112525, 46.280000000000655, 1.716176500000074 ], [ 38.196733389004294, 46.276600254999721, 1.663376499999913 ], [ 38.197444937517503, 46.273722468758933, 1.627776499999982 ], [ 38.197772124003677, 46.272399195999242, 1.6113765 ], [ 38.198243330904006, 46.270000000000437, 1.5878765 ], [ 38.198625682000056, 46.268053222000162, 1.568676500000038 ], [ 38.199164432098769, 46.264582216050258, 1.541776499999969 ], [ 38.199318953003967, 46.263586684002803, 1.534076500000083 ], [ 38.199702796862766, 46.260000000000218, 1.5148764999999 ], [ 38.200225809610856, 46.255112904804264, 1.488676499999883 ], [ 38.200304666001102, 46.254376061000585, 1.484776499999953 ], [ 38.200558957825706, 46.25, 1.472076499999957 ], [ 38.200825521184015, 46.245412760592444, 1.45867649999991 ], [ 38.20085446399753, 46.244914689001234, 1.457276500000035 ], [ 38.200951062182867, 46.24000000000342, 1.452476500000103 ], [ 38.201042954999139, 46.235324708999542, 1.447876499999893 ], [ 38.201030406768041, 46.234484796617835, 1.44847649999997 ], [ 38.20096340422424, 46.229999999999563, 1.451876500000026 ], [ 38.200899372001004, 46.225714021002204, 1.455076499999905 ], [ 38.200841078165467, 46.224579460917084, 1.457976500000086 ], [ 38.200605784912113, 46.220000000002983, 1.469676499999878 ], [ 38.200409846003822, 46.216186484, 1.479476499999919 ], [ 38.200311217811759, 46.215155608906571, 1.484476500000028 ], [ 38.199817958829954, 46.210000000000946, 1.5090765 ], [ 38.199516750002658, 46.206851725000888, 1.524176500000067 ], [ 38.199308952354841, 46.205345523827418, 1.534576499999957 ], [ 38.198888082999474, 46.202294893002545, 1.555576499999916 ], [ 38.198441899861791, 46.200000000002547, 1.5778765 ], [ 38.19769395377989, 46.196153023111037, 1.615276499999936 ], [ 38.19717654499982, 46.193491788999381, 1.641176500000029 ], [ 38.196238268985326, 46.190000000000509, 1.688076500000079 ], [ 38.196046765004212, 46.189287319000869, 1.697676499999943 ], [ 38.194696272003057, 46.185246232000281, 1.765176500000052 ], [ 38.193181800877937, 46.181590900441734, 1.840876499999922 ], [ 38.192911344003733, 46.180938125000466, 1.854476499999919 ], [ 38.192441950819557, 46.180000000000291, 1.877876499999957 ], [ 38.190000000000509, 46.175119539086154, 1.511976499999946 ], [ 38.187951029567557, 46.171024485216549, 1.102476499999966 ], [ 38.187438425826258, 46.17, 1.128076499999906 ], [ 38.187233561000539, 46.169590559004064, 1.138276500000075 ], [ 38.186669361799431, 46.168334680900443, 1.166576500000019 ], [ 38.182925033208448, 46.159999999999854, 1.353776500000095 ], [ 38.18087544462287, 46.155437722311035, 1.456276500000058 ], [ 38.180452439999499, 46.15449613599958, 1.4773765 ], [ 38.178256556573615, 46.149999999999636, 1.587176499999941 ], [ 38.176790942003208, 46.146999111000696, 1.660476499999959 ], [ 38.174712155003363, 46.143393489001028, 1.764376500000026 ], [ 38.173670525586203, 46.141835262797031, 1.816476499999908 ], [ 38.172443705183468, 46.139999999999418, 1.877776499999982 ], [ 38.172125809001955, 46.139524443002301, 1.846176499999956 ], [ 38.170000000003711, 46.136811824118922, 1.6811765 ], [ 38.166367811003511, 46.132177003000834, 1.399276500000042 ], [ 38.164503219462858, 46.130000000002838, 1.274876499999891 ], [ 38.160628989002362, 46.125476643999718, 1.468576499999926 ], [ 38.160333430691026, 46.125166715346495, 1.483376500000077 ], [ 38.155406278452574, 46.1200000000008, 1.729676500000096 ], [ 38.154567349998615, 46.11912028199913, 1.683676500000047 ], [ 38.151172585003224, 46.115969235001103, 1.538276499999938 ], [ 38.149999999999636, 46.114937973001361, 1.493776499999967 ], [ 38.146420403103548, 46.111789798451355, 1.17897650000009 ], [ 38.144385332654565, 46.110000000002401, 1.2807765 ], [ 38.139171281038216, 46.105414359481074, 1.541476500000044 ], [ 38.135660209001799, 46.102326451000408, 1.716976500000101 ], [ 38.132567610386104, 46.100000000000364, 1.871576499999946 ], [ 38.131858083001134, 46.099466248000681, 1.853676499999892 ], [ 38.130000000002838, 46.098221522677704, 1.822176500000069 ], [ 38.127828996997778, 46.096767173001354, 1.7852765 ], [ 38.123605625001801, 46.094226078001157, 1.742276499999889 ], [ 38.119216164999671, 46.09184434600138, 1.723576500000036 ], [ 38.115445319765058, 46.090000000001965, 1.727776499999891 ], [ 38.114684811000188, 46.089628030002132, 1.728576499999917 ], [ 38.110032223999951, 46.087588024001889, 1.757176500000014 ], [ 38.109999999998763, 46.087575801706407, 1.757576499999914 ], [ 38.101435922004384, 46.084327517999554, 1.432776500000045 ], [ 38.09111722275702, 46.080558611382003, 1.055876500000068 ], [ 38.090000000001965, 46.080150545580182, 1.015076500000077 ], [ 38.089587828855656, 46.08, 1.020576500000061 ], [ 38.078268658049637, 46.075865670978601, 1.586576500000092 ], [ 38.06999999999789, 46.072845542244977, 1.284576499999957 ], [ 38.062209333480496, 46.069999999999709, 1.389576499999976 ], [ 38.050000000001091, 46.065540538909772, 1.554076500000065 ], [ 38.034830838107155, 46.059999999999491, 0.9999765 ], [ 38.030254320003223, 46.058328425999207, 0.9999765 ], [ 38.030000000004293, 46.058221336330462, 0.9999765 ], [ 38.02389652599777, 46.055651271002716, 1.305176500000016 ], [ 38.021541919000811, 46.054340037999282, 1.422876500000029 ], [ 38.020162520999293, 46.053216864000206, 1.491876499999989 ], [ 38.019806807002169, 46.05242778200045, 1.509676500000069 ], [ 38.020000000002256, 46.052076709001994, 1.4999765 ], [ 38.01170339437158, 46.049999999999272, 1.9148765 ], [ 38.008292399605125, 46.049146199804454, 1.9999765 ], [ 37.99000000000342, 46.044567460905455, 1.9999765 ], [ 37.971853061004367, 46.040025132002484, 1.9999765 ], [ 37.971812559017053, 46.040000000002692, 1.9999765 ], [ 37.969999999999345, 46.038875283908055, 1.9999765 ], [ 37.962079266024375, 46.033960366992687, 1.9999765 ], [ 37.955696856322902, 46.030000000000655, 1.9999765 ], [ 37.950000000002547, 46.026465027664017, 1.9999765 ], [ 37.940114780003569, 46.020331122001153, 1.9999765 ], [ 37.939869814921622, 46.020000000002256, 1.9999765 ], [ 37.933922853475451, 46.011961426738708, 1.9999765 ], [ 37.932471783888104, 46.010000000000218, 1.9999765 ], [ 37.929999999998472, 46.006658862503173, 1.9999765 ], [ 37.925073752861863, 46.000000000001819, 1.9999765 ], [ 37.922181781825202, 45.996090890912456, 1.9999765 ], [ 37.918711785001506, 45.991400458000498, 1.9999765 ], [ 37.918137022448718, 45.989999999999782, 1.9999765 ], [ 37.915074162934616, 45.982537081465125, 1.9999765 ], [ 37.914032918264638, 45.980000000001382, 1.9999765 ], [ 37.910000000001673, 45.970173450563379, 1.9999765 ], [ 37.909928814086015, 45.969999999999345, 1.9999765 ], [ 37.909910434849735, 45.969955217424285, 1.9999765 ], [ 37.905824709901935, 45.960000000000946, 1.9999765 ], [ 37.904746706766673, 45.957373353381627, 1.9999765 ], [ 37.902028841999709, 45.950751043999844, 1.9999765 ], [ 37.901842821458558, 45.950000000002547, 1.9999765 ], [ 37.900537805817294, 45.944731097093609, 1.9999765 ], [ 37.899365995321205, 45.940000000000509, 1.9999765 ], [ 37.897862923960929, 45.933931461981047, 1.9999765 ], [ 37.896889169180213, 45.93000000000211, 1.9999765 ], [ 37.895036008974785, 45.922518004486847, 1.9999765 ], [ 37.89257273982912, 45.912572739829557, 1.9999765 ], [ 37.889999999997599, 45.902185495500817, 1.9999765 ], [ 37.889458690764513, 45.899999999999636, 1.9999765 ], [ 37.889382179006134, 45.899691089500266, 1.9999765 ], [ 37.886981864621703, 45.890000000001237, 1.9999765 ], [ 37.886555264019989, 45.888277632009704, 1.9999765 ], [ 37.884505038486168, 45.8799999999992, 1.9999765 ], [ 37.883728349030207, 45.876864174515504, 1.9999765 ], [ 37.882695953041548, 45.872695953039511, 1.9999765 ], [ 37.881256689475777, 45.866885034214647, 1.9999765 ], [ 37.879111012913199, 45.858222025828582, 1.9999765 ], [ 37.87556970636615, 45.843924265909664, 1.9999765 ], [ 37.874847852002858, 45.841009833000498, 1.9999765 ], [ 37.8700000000008, 45.828703746741667, 1.9999765 ], [ 37.866571251395726, 45.820000000001528, 1.9999765 ], [ 37.865730237619573, 45.817865118811824, 1.9999765 ], [ 37.864342564926119, 45.814342564926847, 1.9999765 ], [ 37.861618614922918, 45.807427922383795, 1.9999765 ], [ 37.861094597001284, 45.806097723001585, 1.997176500000023 ], [ 37.854581738887646, 45.793970840371912, 1.984776499999953 ], [ 37.84310957100206, 45.772609768000621, 1.9628765 ], [ 37.841697365409345, 45.770600737398127, 1.96347650000007 ], [ 37.829437696000241, 45.753159898002195, 1.955476500000032 ], [ 37.820442697495309, 45.747256929991636, 1.9999765 ], [ 37.816416863002814, 45.744614975999866, 1.9999765 ], [ 37.804474602384289, 45.742214212452382, 1.9999765 ], [ 37.800629102001039, 45.741441148000376, 1.9999765 ], [ 37.767939602268598, 45.726680470314022, 1.9999765 ], [ 37.767835920092693, 45.726633653473982, 1.9999765 ], [ 37.763682488002814, 45.724758205000398, 1.9999765 ], [ 37.746996268280782, 45.714931202726802, 1.9999765 ], [ 37.74681507097921, 45.714824490341925, 1.9999765 ], [ 37.746610609154231, 45.714704076795897, 1.9999765 ], [ 37.72548730006929, 45.702263942970603, 1.9999765 ], [ 37.72518145779577, 45.702083823520297, 1.9999765 ], [ 37.724831145518692, 45.701877514387888, 1.9999765 ], [ 37.724425903801603, 45.701638855702186, 1.9999765 ], [ 37.723951714055147, 45.701359591506844, 1.9999765 ], [ 37.723389343902454, 45.70102839529136, 1.9999765 ], [ 37.722711674789025, 45.700629296152329, 1.9999765 ], [ 37.721879198177703, 45.700139026357647, 1.9999765 ], [ 37.720832027162032, 45.699522316752336, 1.9999765 ], [ 37.674001498004145, 45.671942450000643, 1.9999765 ], [ 37.670280017116966, 45.670420025669955, 1.9999765 ], [ 37.668289926919897, 45.669605897688598, 1.9999765 ], [ 37.666840040001262, 45.66901276200042, 1.9999765 ], [ 37.666840040001262, 45.667576056004691, 1.9999765 ], [ 37.666840040001262, 45.665260060004584, 1.9999765 ], [ 37.666840040001262, 45.663763738999478, 1.9999765 ], [ 37.676036004004345, 45.6491153019997, 1.9999765 ], [ 37.67643779761238, 45.648786054414813, 1.9999765 ], [ 37.678319006568927, 45.647244507979849, 1.9999765 ], [ 37.680072555736842, 45.645807571661862, 1.9999765 ], [ 37.681711013257882, 45.644464946566586, 1.9999765 ], [ 37.683245349920981, 45.643207642742709, 1.9999765 ], [ 37.684685185096896, 45.642027777646945, 1.9999765 ], [ 37.684825066000485, 45.641913153000132, 1.9999765 ], [ 37.686370723509754, 45.641439708368125, 1.9999765 ], [ 37.68796955140715, 45.640949977307173, 1.9999765 ], [ 37.689455341151188, 45.640494870545808, 1.9999765 ], [ 37.693858269003613, 45.639146226001685, 1.9999765 ], [ 37.69695563924688, 45.637118186317821, 1.9999765 ], [ 37.69840985808878, 45.636166019387019, 1.9999765 ], [ 37.699786469307583, 45.635264666960211, 1.9999765 ], [ 37.700694207003835, 45.634670314999312, 1.9999765 ], [ 37.702374714413963, 45.62480511130525, 1.9999765 ], [ 37.70287688226199, 45.621857199197621, 1.9999765 ], [ 37.702891471999465, 45.6217715519997, 1.9999765 ], [ 37.702837990214903, 45.621794539783878, 1.9999765 ], [ 37.700958640862154, 45.62260233023153, 1.9999765 ], [ 37.698252800000773, 45.623765367003216, 1.9999765 ], [ 37.693689503588757, 45.624976037304805, 1.9999765 ], [ 37.691827685519456, 45.625469988965051, 1.9999765 ], [ 37.689838541435165, 45.625997720992018, 1.9999765 ], [ 37.68230228000175, 45.627997137004058, 1.9999765 ], [ 37.678884311004367, 45.610785223001585, 1.9999765 ], [ 37.671534069488189, 45.609772690555474, 1.9999765 ], [ 37.670909050004411, 45.609686591002173, 1.9999765 ], [ 37.669571771348274, 45.610725052933049, 1.9999765 ], [ 37.667733464739285, 45.612152587440505, 1.9999765 ], [ 37.665779801383906, 45.613669702072002, 1.9999765 ], [ 37.663699571328834, 45.615285101903282, 1.9999765 ], [ 37.661480063543422, 45.617008657667611, 1.9999765 ], [ 37.659106805942429, 45.618851607641773, 1.9999765 ], [ 37.656563249496685, 45.620826802958618, 1.9999765 ], [ 37.653830381745138, 45.622949007705756, 1.9999765 ], [ 37.652517123002326, 45.623968817002606, 1.9999765 ], [ 37.644853751849951, 45.632280627771252, 1.9999765 ], [ 37.643036720241071, 45.634251408335331, 1.9999765 ], [ 37.64193769600206, 45.635443427001519, 1.9999765 ], [ 37.640598613537804, 45.635778197596665, 1.9999765 ], [ 37.637191621322927, 45.636629945587629, 1.9999765 ], [ 37.633279889516416, 45.637607878466952, 1.9999765 ], [ 37.628742280609004, 45.638742280607403, 1.9999765 ], [ 37.617673057462525, 45.641509586193934, 1.9999765 ], [ 37.614593946003879, 45.642279363999478, 1.9999765 ], [ 37.619521217646252, 45.64428182647498, 1.9999765 ], [ 37.631114129004345, 45.64899323100326, 1.9999765 ], [ 37.634776237999176, 45.660711980999622, 1.9999765 ], [ 37.632100862700099, 45.663151294051204, 1.9999765 ], [ 37.626475457000197, 45.668280341000354, 1.9999765 ], [ 37.617452297052296, 45.665589222788185, 1.9999765 ], [ 37.614797416090369, 45.664797416086003, 1.9999765 ], [ 37.61000000000422, 45.663366607604985, 1.9999765 ], [ 37.607920768998156, 45.662746485999378, 1.9999765 ], [ 37.607072634542419, 45.661463682732574, 1.9999765 ], [ 37.606104910359136, 45.660000000001673, 1.9999765 ], [ 37.604181409091325, 45.657090704544316, 1.9999765 ], [ 37.601410352001039, 45.652899481001441, 1.9999765 ], [ 37.600568670444773, 45.650568670447683, 1.9999765 ], [ 37.596853298518909, 45.640279947776435, 1.9999765 ], [ 37.59506269600206, 45.635321355999622, 1.9999765 ], [ 37.593010508846419, 45.626021017700623, 1.9999765 ], [ 37.590000000001965, 45.612377646673849, 1.9999765 ], [ 37.589475355005561, 45.610000000002401, 1.9999765 ], [ 37.58941029349262, 45.609705146747729, 1.9999765 ], [ 37.587412957002016, 45.60065338700042, 1.9999765 ], [ 37.587388667529012, 45.600000000000364, 1.9999765 ], [ 37.587339210476785, 45.598669605238683, 1.9999765 ], [ 37.587016920353562, 45.590000000001965, 1.9999765 ], [ 37.586706392638007, 45.581646803684635, 1.9999765 ], [ 37.586645173178113, 45.58, 1.9999765 ], [ 37.586581634795948, 45.578290817396919, 1.9999765 ], [ 37.586273425999025, 45.570000000001528, 1.9999765 ], [ 37.586202846956439, 45.568101423476037, 1.9999765 ], [ 37.586192253998888, 45.567816472999766, 1.9999765 ], [ 37.587217188240174, 45.559999999999491, 1.9999765 ], [ 37.587388410453059, 45.558694205225038, 1.9999765 ], [ 37.588528437245259, 45.550000000001091, 1.9999765 ], [ 37.588618980282263, 45.549309490141241, 1.9999765 ], [ 37.589839686243067, 45.540000000002692, 1.9999765 ], [ 37.590000000001965, 45.538777396552177, 1.9999765 ], [ 37.590984892971392, 45.531266290963686, 1.9999765 ], [ 37.59209021888455, 45.522836725627712, 1.9999765 ], [ 37.593178106295454, 45.51454015184936, 1.9999765 ], [ 37.593923373000507, 45.508856512002239, 1.9999765 ], [ 37.593953387688089, 45.505930081531915, 1.9999765 ], [ 37.594051474696244, 45.496366603098068, 1.9999765 ], [ 37.59414942037256, 45.486816904900479, 1.9999765 ], [ 37.594247225018989, 45.477280957171388, 1.9999765 ], [ 37.594248894003613, 45.477118231001441, 1.9999765 ], [ 37.594073927937643, 45.476365512400662, 1.9999765 ], [ 37.590433630528423, 45.460704649605759, 1.9999765 ], [ 37.590000000001965, 45.458839134949812, 1.9999765 ], [ 37.587945382671023, 45.450000000002547, 1.9999765 ], [ 37.586436394001794, 45.443508205000398, 1.9999765 ], [ 37.586411191119623, 45.44179440444168, 1.9999765 ], [ 37.586384802882094, 45.440000000000509, 1.9999765 ], [ 37.586358023714638, 45.438179011856846, 1.9999765 ], [ 37.586330844853364, 45.436330844855547, 1.9999765 ], [ 37.586303257292457, 45.434454885938976, 1.9999765 ], [ 37.586273634000463, 45.432440496999334, 1.99147650000009 ], [ 37.588186957240396, 45.430068366609703, 1.968676499999901 ], [ 37.588213760280269, 45.430035136307197, 1.969676499999878 ], [ 37.589586198586403, 45.428333592863055, 1.988576499999908 ], [ 37.58958619859186, 45.428333592866693, 1.988576499999908 ], [ 37.570000000003347, 45.410000000001673, 1.9999765 ], [ 37.530000000004293, 45.3799999999992, 1.9999765 ], [ 37.450000000002547, 45.350000000000364, 1.9999765 ], [ 37.390000000003056, 45.340000000001965, 0.9999765 ], [ 37.290000000004511, 45.33, -0.0000235 ], [ 37.13273448727341, 45.326425783803643, 0.089376500000071 ], [ 37.139414910003325, 45.335516669003482, 1.5008765 ], [ 37.134992823604989, 45.338343157338386, 1.966876499999898 ], [ 37.13152103000175, 45.340562241999578, 1.906076499999926 ], [ 37.108734571003879, 45.3424746769997, 1.826676500000076 ], [ 37.080241624562404, 45.350162812543203, 1.593476499999952 ], [ 37.066661004002526, 45.353827216003992, 1.599776499999962 ], [ 37.058868585429082, 45.357290513167754, 1.635476500000095 ], [ 37.042930523482937, 45.364374096294341, 1.708376499999986 ], [ 37.025504909073788, 45.372118813855195, 1.788076499999988 ], [ 36.98527224047757, 45.390000000001237, 1.862576499999932 ], [ 36.98340207379988, 45.390831185195566, 1.9999765 ], [ 36.980537137622377, 45.392104490172642, 1.9999765 ], [ 36.960192768678098, 45.401146431973757, 1.9999765 ], [ 36.940272240733975, 45.410000000001673, 1.9999765 ], [ 36.936289014001886, 45.411770323004021, 1.9999765 ], [ 36.916830575662971, 45.418492298893398, 1.9999765 ], [ 36.912466158193638, 45.42, 1.9999765 ], [ 36.878103061000729, 45.431870835000154, 1.9999765 ], [ 36.862478061004367, 45.431830145002095, 1.9999765 ], [ 36.848060432024795, 45.434008633148551, 1.9999765 ], [ 36.847666862999176, 45.434068100999866, 1.9999765 ], [ 36.844255782021719, 45.436187981835246, 1.9999765 ], [ 36.83812189825403, 45.440000000000509, 1.9999765 ], [ 36.833262566002304, 45.4430199239996, 1.9999765 ], [ 36.825819091345693, 45.440000000000509, 1.9999765 ], [ 36.809228753036223, 45.433269062752515, 1.9999765 ], [ 36.790938162648672, 45.425848308952482, 1.9999765 ], [ 36.776523316624662, 45.42, 1.9999765 ], [ 36.754635487037376, 45.411119794867773, 1.9999765 ], [ 36.751875429266875, 45.410000000001673, 1.9999765 ], [ 36.749981218415996, 45.40923149160335, 1.9999765 ], [ 36.748600664401238, 45.40867138111571, 1.9999765 ], [ 36.724565171722134, 45.398919838384245, 1.9999765 ], [ 36.705088737999176, 45.39101797100011, 0.486976500000083 ], [ 36.704137519232972, 45.390000000001237, 0.300776499999984 ], [ 36.701831212436446, 45.387531847030914, 0.246776499999896 ], [ 36.701027839857488, 45.386672097400151, 0.2218765 ], [ 36.700372005505415, 45.385970239560265, 0.201476499999899 ], [ 36.699826484726145, 45.385386436599219, 0.184576500000048 ], [ 36.681895379000707, 45.366197007002484, 0.645076499999959 ], [ 36.666514519001794, 45.340399480999622, 1.276076500000045 ], [ 36.668142123000507, 45.326361395002095, 1.633076500000016 ], [ 36.687998894001794, 45.331488348003404, 1.530576500000052 ], [ 36.727793816000485, 45.3717715519997, 0.56677650000006 ], [ 36.746594882995851, 45.381056029353203, 0.3577765 ], [ 36.747569207002016, 45.381537177001519, 0.374776500000053 ], [ 36.749848813315111, 45.382012094934908, 0.399376500000017 ], [ 36.755244617153949, 45.383136220620145, 0.457576499999959 ], [ 36.759287957000197, 45.383978583004136, 0.501176499999929 ], [ 36.761275112705334, 45.384701185112135, 0.5298765 ], [ 36.770030144001794, 45.387884833002317, 0.631576499999937 ], [ 36.781586134002282, 45.387640692000787, 0.691676500000085 ], [ 36.7876302781915, 45.383446177229416, 0.655376500000102 ], [ 36.791482392110993, 45.380772887472631, 0.615176499999961 ], [ 36.794888820775668, 45.378408894339373, 0.57957650000003 ], [ 36.797922682268108, 45.376303455346715, 0.547876500000029 ], [ 36.805918816002304, 45.3707542989996, 0.698976500000072 ], [ 36.817393425002592, 45.367621161001807, 0.793876499999897 ], [ 36.84750410199922, 45.367336330000398, 0.842076500000076 ], [ 36.84750410199922, 45.361070053999356, 1.000476499999877 ], [ 36.828623893999975, 45.356756903000132, 1.08367649999991 ], [ 36.81902103000175, 45.35260651200042, 1.175476500000059 ], [ 36.812185091999709, 45.347398179001175, 1.297776500000055 ], [ 36.809825066002304, 45.336981512002239, 1.55787650000002 ], [ 36.811626849405002, 45.328603218355056, 1.772076499999912 ], [ 36.812266471999465, 45.325628972999766, 1.298476499999879 ], [ 36.81220931045209, 45.319141120691711, 0.271476500000063 ], [ 36.798597746765154, 45.318831766971925, 0.279176499999949 ], [ 36.79476972699922, 45.324855861001197, 1.248976500000026 ], [ 36.793713301301977, 45.328063653652862, 1.761276499999894 ], [ 36.786957227001039, 45.348578192002606, 1.233576500000026 ], [ 36.775726759000463, 45.364813544001663, 0.8079765 ], [ 36.758067254000707, 45.354234117001397, 1.051276500000085 ], [ 36.758474154999931, 45.340765692000787, 1.3921765 ], [ 36.763652920741151, 45.327158220503406, 1.74317649999989 ], [ 36.766449415003081, 45.319810289003726, 0.568076499999961 ], [ 36.767463937969296, 45.318124180408631, 0.296876500000053 ], [ 36.486736481878324, 45.31174401095268, 0.456376500000033 ], [ 36.484385613002814, 45.316392320000887, 1.20217649999995 ], [ 36.484966444666497, 45.318764049539823, 1.575276499999973 ], [ 36.489268425000773, 45.33633047100011, 1.137176499999896 ], [ 36.502452018999975, 45.346869208000498, 0.888876499999924 ], [ 36.521820509000463, 45.349920966000354, 0.838076499999943 ], [ 36.545176629002526, 45.347398179001175, 0.933676500000047 ], [ 36.574880404999931, 45.336086330002217, 1.260076499999968 ], [ 36.586192254000707, 45.33380768400275, 1.333076500000061 ], [ 36.598317904999931, 45.334295966002173, 1.337276499999916 ], [ 36.630869987999176, 45.340562241999578, 1.223376500000086 ], [ 36.638356966999709, 45.351263739001297, 0.963076499999943 ], [ 36.631114129000707, 45.374741929001175, 0.359876499999928 ], [ 36.624433155402585, 45.387717246017928, 0.022876499999938 ], [ 36.623478028519457, 45.389572226265955, 0.085576499999888 ], [ 36.617716932028998, 45.400761022656297, 0.538076499999988 ], [ 36.615936379739651, 45.404219086080047, 1.9999765 ], [ 36.615263320230952, 45.405526254913639, 1.9999765 ], [ 36.613985983653038, 45.408007008172717, 1.9999765 ], [ 36.613536004004345, 45.408880927001519, 1.9999765 ], [ 36.598806186002548, 45.421210028001951, 1.9999765 ], [ 36.583262566002304, 45.427394924001419, 1.9999765 ], [ 36.576895541245904, 45.426552229379013, 1.9999765 ], [ 36.566661004002526, 45.425197657999888, 1.9999765 ], [ 36.565333563803506, 45.424249913574386, 1.9999765 ], [ 36.560550373242222, 45.420834888031095, 1.9999765 ], [ 36.559578017247986, 45.420140660917241, 1.507076500000039 ], [ 36.548594597001284, 45.412298895000276, 1.247676499999898 ], [ 36.532969596999465, 45.408921617001397, 1.177876499999911 ], [ 36.515879754002526, 45.419745184000931, 1.659876499999882 ], [ 36.507207069987999, 45.427720706999025, 1.9999765 ], [ 36.502210298904174, 45.432315808428029, 1.768376499999931 ], [ 36.499134641631827, 45.435144226397824, 1.9999765 ], [ 36.497704923680431, 45.436459015265427, 1.9999765 ], [ 36.490570509002282, 45.4430199239996, 1.9999765 ], [ 36.47055097699922, 45.445786850999866, 1.9999765 ], [ 36.459807687597277, 45.444038462483149, 1.9999765 ], [ 36.452704835539407, 45.442882527409893, 1.9999765 ], [ 36.437526138002795, 45.440412310001193, 1.4999765 ], [ 36.402198361000046, 45.446060074000343, 1.475976499999888 ], [ 36.393329623000682, 45.447798826002327, 1.50207649999993 ], [ 36.38814456, 45.449183686001561, 1.554076500000065 ], [ 36.385933102161289, 45.450000000002547, 1.59887649999996 ], [ 36.385931325001366, 45.450000656002885, 1.59887649999996 ], [ 36.384079140001631, 45.450940648999676, 1.536676499999885 ], [ 36.381410553427486, 45.452858944659965, 1.428176500000063 ], [ 36.378242565002438, 45.455136232001678, 1.4628765 ], [ 36.372023129000809, 45.458770489001836, 1.48907650000001 ], [ 36.369665055408404, 45.460000000000946, 1.491576500000065 ], [ 36.357631995000702, 45.466274096001143, 1.50447650000001 ], [ 36.355027527748462, 45.467504587959411, 1.5008765 ], [ 36.350102939999488, 45.469831231001081, 1.494176500000094 ], [ 36.345021484999961, 45.471950221002771, 1.473076499999934 ], [ 36.339878939999835, 45.473670970999592, 1.430476499999941 ], [ 36.338176338638732, 45.474088169319657, 1.408776499999931 ], [ 36.337088751999545, 45.474354666999716, 1.43547650000005 ], [ 36.326189372690351, 45.476189372688168, 1.618976499999917 ], [ 36.323338520247489, 45.476669260126073, 1.333876500000088 ], [ 36.321246752000661, 45.47702136999942, 1.404276499999924 ], [ 36.314508618999753, 45.477362008001364, 1.472376499999882 ], [ 36.31000000000131, 45.477295113290893, 1.458976500000063 ], [ 36.306848483001886, 45.477248354001858, 1.449676499999896 ], [ 36.299514681999426, 45.47679282000172, 1.358576500000026 ], [ 36.297007246683279, 45.47649637665927, 1.299276499999905 ], [ 36.293744254000558, 45.476110607001829, 1.4238765 ], [ 36.291825673999483, 45.475739288003751, 1.482676500000025 ], [ 36.290560184999777, 45.475280091999593, 1.4999765 ], [ 36.290000000000873, 45.475395844532613, 1.539576500000067 ], [ 36.284027539999443, 45.476629950000643, 1.662976500000013 ], [ 36.281219227999827, 45.475000000000364, 1.4999765 ], [ 36.279364661999352, 45.474768201000188, 1.476776499999914 ], [ 36.276085930625413, 45.473914069376406, 1.391376499999978 ], [ 36.274357470720133, 45.473463793918199, 1.5642765 ], [ 36.274298128999362, 45.473448335000285, 1.563176500000054 ], [ 36.268515296002079, 45.472691421000491, 1.512776499999973 ], [ 36.261682236001434, 45.472504540000955, 1.500276499999927 ], [ 36.259994376678151, 45.472504217494134, 1.500276499999927 ], [ 36.244997296174915, 45.472501351912797, 1.500076499999977 ], [ 36.236671210999702, 45.472499760999199, 1.4999765 ], [ 36.231699193003806, 45.472252117999233, 1.483476500000052 ], [ 36.230913910891104, 45.472157283416891, 1.477176500000041 ], [ 36.228362870000637, 45.471849207002379, 1.490376499999911 ], [ 36.219986534000782, 45.470094624999547, 1.503876499999933 ], [ 36.207873096002004, 45.46694996900078, 1.499276499999951 ], [ 36.201399476303777, 45.464766753950244, 1.47667649999994 ], [ 36.199514279000141, 45.464130975000444, 1.487476499999957 ], [ 36.196470083001259, 45.462802281999757, 1.498276499999974 ], [ 36.194632780001484, 45.461779667999508, 1.4999765 ], [ 36.156613360224583, 45.461968016134051, 1.9999765 ], [ 36.139404359326363, 45.4620532694953, 1.9999765 ], [ 36.137461785001506, 45.462062893004259, 1.9999765 ], [ 36.117930534999687, 45.457098700000643, 1.9999765 ], [ 36.09636478000175, 45.441961980999622, 1.9999765 ], [ 36.095145288316417, 45.44143161039392, 1.9999765 ], [ 36.083095514297383, 45.436191028587928, 1.9999765 ], [ 36.079854241934299, 45.434781362902868, 1.9999765 ], [ 36.070877105725231, 45.430877105727632, 1.9999765 ], [ 36.069999999999709, 45.430495642613096, 1.9999765 ], [ 36.068860359078826, 45.43000000000211, 1.9999765 ], [ 36.068858269001794, 45.429999091002173, 1.9999765 ], [ 36.068109669595287, 45.42905483479808, 1.9999765 ], [ 36.065277539999443, 45.425482489001297, 1.9999765 ], [ 36.062831052860929, 45.42, 1.9999765 ], [ 36.060490443123854, 45.414754778439601, 1.9999765 ], [ 36.058368687055918, 45.410000000001673, 1.9999765 ], [ 36.055028205972121, 45.402514102990608, 1.9999765 ], [ 36.051768425002592, 45.3952090519997, 1.9999765 ], [ 36.049999999999272, 45.393582296343084, 1.9999765 ], [ 36.047477059835728, 45.3912614700821, 1.9999765 ], [ 36.04610573204809, 45.390000000001237, 1.9999765 ], [ 36.041468479139439, 45.38573423957132, 1.9999765 ], [ 36.037400952134703, 45.381992564036409, 1.943076499999961 ], [ 36.035873345346772, 45.380587334535448, 1.9999765 ], [ 36.03532828594507, 45.380085940096251, 1.9827765 ], [ 36.022308790003081, 45.368109442004425, 1.649576499999966 ], [ 35.986013217001528, 45.362738348001585, 1.61407650000001 ], [ 35.963693055809927, 45.368064750047779, 1.867376500000091 ], [ 35.956472473475515, 45.369787843541417, 1.795776500000102 ], [ 35.953664130429388, 45.370458016303019, 1.9999765 ], [ 35.948205259848692, 45.371760701313178, 1.9999765 ], [ 35.946625196000241, 45.37213776200042, 1.9999765 ], [ 35.943683831535964, 45.373383404506967, 1.9999765 ], [ 35.939235906311296, 45.37526706250901, 1.9999765 ], [ 35.934256016809741, 45.377376002801611, 1.9999765 ], [ 35.933403849048773, 45.37773688850757, 1.9999765 ], [ 35.912643527957698, 45.386528705594174, 1.9999765 ], [ 35.909757650073516, 45.387750850009979, 1.887576500000023 ], [ 35.889784030605369, 45.396209505739535, 1.873676500000101 ], [ 35.871104363000995, 45.40412018400275, 1.860676499999954 ], [ 35.870547761702255, 45.404442217630276, 1.861076500000081 ], [ 35.854869839335151, 45.413513016066645, 1.9999765 ], [ 35.854014518999975, 45.414007880001009, 1.9999765 ], [ 35.85064365564358, 45.419839086089269, 1.9999765 ], [ 35.846934441002304, 45.426255600999866, 1.9999765 ], [ 35.848040740791475, 45.43000000000211, 1.9999765 ], [ 35.85222415500175, 45.444159247001153, 0.584076500000037 ], [ 35.853442377507236, 45.446557622495675, 0.344276499999978 ], [ 35.854139567898528, 45.447930216052555, 0.4139765 ], [ 35.855190886755736, 45.450000000002547, 0.259576500000094 ], [ 35.860036654999931, 45.459540106001441, 0.819876499999964 ], [ 35.856601265051722, 45.459901897578675, 0.660176500000034 ], [ 35.850000000004002, 45.460597097280697, 0.7064765 ], [ 35.83815552422675, 45.461844475774342, 1.184476500000073 ], [ 35.823398575799729, 45.463398575800966, 1.9999765 ], [ 35.81794567533143, 45.463972837666006, 1.9999765 ], [ 35.817149285001506, 45.464056708002317, 1.9999765 ], [ 35.816383651521392, 45.463191825761896, 1.9999765 ], [ 35.81000000000131, 45.455980664053641, 1.9999765 ], [ 35.804705641512555, 45.450000000002547, 1.9999765 ], [ 35.803965691000485, 45.44916412999919, 1.9999765 ], [ 35.802566138583643, 45.446283069293713, 1.9999765 ], [ 35.799513969363034, 45.440000000000509, 1.9999765 ], [ 35.796149953908753, 45.43307497695605, 1.9999765 ], [ 35.794932488000995, 45.430568752002728, 1.9999765 ], [ 35.794833684763944, 45.43000000000211, 1.9999765 ], [ 35.793391035347668, 45.421695517676199, 1.9999765 ], [ 35.793043617557487, 45.419695638245685, 1.9999765 ], [ 35.791758660001506, 45.412298895000276, 1.860676499999954 ], [ 35.78842207100206, 45.407456773002195, 1.764776499999925 ], [ 35.772715691002304, 45.392279363999478, 1.4546765 ], [ 35.767425977001039, 45.388983466002173, 1.383776500000067 ], [ 35.764817479886915, 45.388521849859899, 1.3704765 ], [ 35.758721536594749, 45.387443073184841, 1.436076499999899 ], [ 35.75445918726291, 45.386688780894474, 1.222976499999959 ], [ 35.752940300002592, 45.386419988999478, 1.347976499999959 ], [ 35.75, 45.381927863867531, 1.192776500000036 ], [ 35.749049272633783, 45.380475363683217, 1.047576499999877 ], [ 35.748738125505042, 45.3799999999992, 1.063076500000079 ], [ 35.748545769001794, 45.379706121999334, 1.072676499999943 ], [ 35.748486882350335, 45.379243441175277, 1.0756765000001 ], [ 35.747406446000241, 45.3707542989996, 1.12967649999996 ], [ 35.747089513688479, 45.3700000000008, 1.145476500000086 ], [ 35.746315448301175, 45.368157724151388, 1.184276499999896 ], [ 35.744980466084598, 45.364980466085399, 1.250976499999979 ], [ 35.743337436000729, 45.361070053999356, 1.474876499999937 ], [ 35.734267908661423, 45.354267908662223, 1.78657649999991 ], [ 35.729999999999563, 45.351066977244045, 1.9999765 ], [ 35.729146418194432, 45.350426790904748, 1.9999765 ], [ 35.728577363641307, 45.350000000000364, 1.928876499999888 ], [ 35.725732090719248, 45.347866045358387, 1.9999765 ], [ 35.7167423243136, 45.341123720718315, 1.9999765 ], [ 35.716597328086209, 45.341014973553683, 1.9999765 ], [ 35.716477919429963, 45.340925417063772, 1.9999765 ], [ 35.716377874339742, 45.340850383245197, 1.9999765 ], [ 35.716292836012144, 45.340786604501773, 1.9999765 ], [ 35.715993686000729, 45.340562241999578, 1.962576500000068 ], [ 35.703915726615378, 45.334710517587155, 1.0941765 ], [ 35.694997592001528, 45.330389716002173, 1.127776499999982 ], [ 35.61883131648392, 45.315380376137909, 0.9999765 ], [ 35.606503542927385, 45.31295106287871, 0.9999765 ], [ 35.587790260004112, 45.309263420003845, 0.9999765 ], [ 35.584311876526044, 45.308577969131875, 0.9999765 ], [ 35.55599612360129, 45.302998061799371, 1.2997765 ], [ 35.549999999999272, 45.301816464616422, 1.181676500000094 ], [ 35.547394106468346, 45.301302946769283, 1.130276500000036 ], [ 35.540782183270494, 45.300000000001091, 1.46087650000004 ], [ 35.530000000000655, 45.297875261037916, 1.787476499999912 ], [ 35.518702179126194, 45.295648910439922, 1.564876500000082 ], [ 35.517832879000707, 45.295477605999622, 1.608376500000077 ], [ 35.510000000000218, 45.295967160951477, 1.9999765 ], [ 35.496360774919594, 45.296819612543914, 1.9999765 ], [ 35.489999999999782, 45.300000000001091, 1.9999765 ], [ 35.469999999999345, 45.309999999999491, 1.9999765 ], [ 35.450000000002547, 45.320000000001528, 1.9999765 ], [ 35.43000000000211, 45.33, 1.9999765 ], [ 35.410000000001673, 45.340000000001965, 1.9999765 ], [ 35.390000000001237, 45.350000000000364, 1.9999765 ], [ 35.350000000000364, 45.3799999999992, 1.9999765 ], [ 35.290000000002692, 45.43000000000211, 1.9999765 ], [ 35.142126443006418, 45.568631459684184, 1.9999765 ], [ 35.141141169267939, 45.569654628536227, 1.9999765 ], [ 35.140052182825457, 45.570785499077829, 1.9999765 ], [ 35.138842197879057, 45.57204202190951, 1.9999765 ], [ 35.137489861757786, 45.573446370963211, 1.9999765 ], [ 35.135968483606121, 45.57502626366113, 1.9999765 ], [ 35.134244255026715, 45.576816808732474, 1.9999765 ], [ 35.132273708059074, 45.578863145970899, 1.9999765 ], [ 35.131178959738463, 45.58, 1.9999765 ], [ 35.1299999999992, 45.581224304345596, 1.9999765 ], [ 35.113702279584686, 45.598148860210131, 1.9999765 ], [ 35.111919700530052, 45.600000000000364, 1.9999765 ], [ 35.111295797860294, 45.600647898931129, 1.9999765 ], [ 35.110000000002401, 45.60199353517055, 1.9999765 ], [ 35.095130851108479, 45.617434574447543, 1.9999765 ], [ 35.09266044132346, 45.6200000000008, 1.9999765 ], [ 35.090000000001965, 45.622762765999141, 1.9999765 ], [ 35.076559422634091, 45.636720288684955, 1.9999765 ], [ 35.073401182115049, 45.640000000001237, 1.9999765 ], [ 35.072295797928746, 45.641147898966665, 1.9999765 ], [ 35.070000000001528, 45.643531996822276, 1.9999765 ], [ 35.062347340177439, 45.651478989741008, 1.9999765 ], [ 35.058021923729029, 45.655970768366387, 1.9999765 ], [ 35.058021923758133, 45.655970768322732, 1.9999765 ], [ 35.010000000000218, 45.719999999999345, 1.9999765 ], [ 34.989999999999782, 45.750000000001819, 1.9999765 ], [ 34.969999999999345, 45.780000000000655, 1.9999765 ], [ 34.950000000002547, 45.809999999999491, 1.9999765 ], [ 34.935706545280482, 45.831440182084407, 1.9999765 ], [ 34.932405948258747, 45.837594051741689, 1.9999765 ], [ 34.93152430729242, 45.839237846354081, 1.9999765 ], [ 34.931115530020179, 45.840000000001965, 1.9999765 ], [ 34.930879635883684, 45.840439817942752, 1.9999765 ], [ 34.93000000000211, 45.842079874128103, 1.9999765 ], [ 34.914653583189647, 45.870692833621433, 1.9999765 ], [ 34.910000000001673, 45.8799999999992, 1.9999765 ], [ 34.890000000001237, 45.92, 1.9999765 ], [ 34.8700000000008, 45.960000000000946, 1.9999765 ], [ 34.850000000000364, 46.020000000002256, 1.9999765 ], [ 34.83, 46.130000000002838, 0.9999765 ], [ 34.83, 46.139999999999418, 0.9999765 ], [ 34.83, 46.149999999999636, 0.9999765 ], [ 34.83, 46.159999999999854, 0.9999765 ], [ 34.83, 46.17, 0.9999765 ], [ 34.83, 46.180000000000291, 0.9999765 ], [ 34.850000000000364, 46.210000000000946, 0.9999765 ], [ 34.854194531497342, 46.212649177787171, 0.9999765 ], [ 34.857351705701149, 46.213675852852248, 0.9999765 ], [ 34.8700000000008, 46.217788925971035, 0.9999765 ], [ 34.876799372210371, 46.220000000002983, 0.9999765 ], [ 34.882172071000241, 46.22174713700042, 0.9999765 ], [ 34.883934060604588, 46.226967030303058, 0.9999765 ], [ 34.884766939485417, 46.229434433560527, 0.9999765 ], [ 34.88542728000175, 46.231390692000787, 0.9999765 ], [ 34.885532761874856, 46.232441744343305, 0.9999765 ], [ 34.907805736052978, 46.246508885926232, 0.9999765 ], [ 34.908048820776457, 46.2443089688295, 0.9999765 ], [ 34.908050977001039, 46.244289455000398, 0.9999765 ], [ 34.909609685100804, 46.242688619771798, 0.9999765 ], [ 34.911359108398756, 46.240891914885651, 0.9999765 ], [ 34.911791470289245, 46.240447867570765, 0.9999765 ], [ 34.912227551900287, 46.24000000000342, 0.9999765 ], [ 34.914073112999176, 46.238104559000931, 0.9999765 ], [ 34.926524285001506, 46.2350528019997, 0.9999765 ], [ 34.93000000000211, 46.235186483010693, 0.9999765 ], [ 34.936045769001794, 46.23541901200042, 0.9999765 ], [ 34.943366221528777, 46.236683110764716, 0.9999765 ], [ 34.950000000002547, 46.237828634371908, 0.9999765 ], [ 34.953227930514913, 46.238386034743598, 0.9999765 ], [ 34.962574475563088, 46.24000000000342, 0.9999765 ], [ 34.968093830888392, 46.240953084557987, 0.9999765 ], [ 34.969999999999345, 46.241282242624948, 0.9999765 ], [ 34.97391740267085, 46.241958701335534, 0.9999765 ], [ 34.989999999999782, 46.244735850883444, 0.9999765 ], [ 34.997825631635351, 46.246087184183125, 0.9999765 ], [ 35.010000000000218, 46.248189459136483, 0.9999765 ], [ 35.020484923184995, 46.25, 0.9999765 ], [ 35.030000000000655, 46.251643067393161, 0.9999765 ], [ 35.030772332000197, 46.251776434000931, 0.9999765 ], [ 35.039148649328126, 46.255425675337392, 0.9999765 ], [ 35.049648364596578, 46.260000000000218, 0.9999765 ], [ 35.052381074767254, 46.2611905373833, 0.9999765 ], [ 35.070000000001528, 46.268866429751142, 0.9999765 ], [ 35.071211517102711, 46.269394241448026, 0.9999765 ], [ 35.072601950178068, 46.270000000000437, 0.9999765 ], [ 35.075043164999443, 46.271063543999844, 0.9999765 ], [ 35.07991209024658, 46.274956045124782, 0.9999765 ], [ 35.090000000001965, 46.28302090503712, 0.9999765 ], [ 35.095370773884497, 46.287314613055059, 0.9999765 ], [ 35.098729783392628, 46.290000000002692, 0.9999765 ], [ 35.105072462001772, 46.295070705004036, 0.9999765 ], [ 35.108409050002592, 46.297756252002728, 0.9999765 ], [ 35.110000000002401, 46.299450722721303, 0.9999765 ], [ 35.110515720145486, 46.299999999999272, 0.9999765 ], [ 35.110972054333615, 46.300486027166698, 0.9999765 ], [ 35.11844152424419, 46.308441524241061, 0.9999765 ], [ 35.1299999999992, 46.320752092624389, 0.9999765 ], [ 35.135908947378994, 46.327045526313668, 0.9999765 ], [ 35.138682922668522, 46.330000000003565, 0.9999765 ], [ 35.142298444088738, 46.333850777960834, 0.9999765 ], [ 35.148071990175595, 46.340000000000146, 0.9999765 ], [ 35.149999999999636, 46.342053462520198, 0.9999765 ], [ 35.157461057682667, 46.350000000002183, 0.9999765 ], [ 35.159749533353533, 46.352437383338838, 0.9999765 ], [ 35.16781660199922, 46.361029363999478, 0.9999765 ], [ 35.183426628494999, 46.372284418999698, 0.9999765 ], [ 35.201508009002282, 46.385321355999622, 0.9999765 ], [ 35.209483268999975, 46.39642975499919, 0.9999765 ], [ 35.213715040001262, 46.411810613999478, 0.9999765 ], [ 35.210703972001284, 46.420152085001973, 0.9999765 ], [ 35.208474219081836, 46.423092773851749, 0.9999765 ], [ 35.207139336973341, 46.42485327067152, 0.9999765 ], [ 35.205088738000995, 46.427557684000931, 0.9999765 ], [ 35.20413976155578, 46.43152840111361, 0.9999765 ], [ 35.203829704805685, 46.432825743777357, 0.9999765 ], [ 35.203779917514112, 46.433034064277308, 0.9999765 ], [ 35.20373550284603, 46.433219904596626, 0.9999765 ], [ 35.203695635666008, 46.433386717264511, 0.9999765 ], [ 35.203695635669646, 46.433386717264511, 0.9999765 ], [ 35.230000000001382, 46.450000000000728, 0.9999765 ], [ 35.2359517326895, 46.451766920643422, 1.009276499999942 ], [ 35.236072349662209, 46.451686763797625, 1.011276499999894 ], [ 35.236127930198563, 46.451649827362417, 1.0117765 ], [ 35.236189111403291, 46.451609168967479, 1.012376500000073 ], [ 35.238610527536366, 46.450000000000728, 0.9999765 ], [ 35.243174675000773, 46.446966863999478, 0.9999765 ], [ 35.250000000001819, 46.443781712214331, 0.9999765 ], [ 35.250498894001794, 46.443548895002095, 0.9999765 ], [ 35.260915561002548, 46.441595770002095, 0.9999765 ], [ 35.267503689507066, 46.441248155249923, 0.9999765 ], [ 35.277110221999465, 46.440741277998313, 1.042976499999895 ], [ 35.278755497836755, 46.440000000004147, 1.043776499999922 ], [ 35.279986951401952, 46.439445169366081, 1.055476499999941 ], [ 35.28451582100206, 46.437404690001131, 1.092976500000077 ], [ 35.283798520937125, 46.436057565448209, 1.098576500000036 ], [ 35.282555137766394, 46.433722431120259, 1.104576499999894 ], [ 35.278653242963628, 46.426394482099568, 1.072076500000094 ], [ 35.277212632960072, 46.423688946162656, 0.909876499999882 ], [ 35.273750588901748, 46.417187058324998, 0.953076499999952 ], [ 35.270000000002256, 46.410143269187756, 0.9999765 ], [ 35.264496290001262, 46.399807032999888, 0.9999765 ], [ 35.258555534999687, 46.373358466002173, 0.9999765 ], [ 35.259557813717038, 46.370884372565342, 0.9999765 ], [ 35.264948895799535, 46.357576656306264, 0.9999765 ], [ 35.266668750266035, 46.353331249734765, 0.9999765 ], [ 35.267514902934636, 46.351242548531445, 0.9999765 ], [ 35.267588737999176, 46.351060289000088, 0.9999765 ], [ 35.269338214800882, 46.350000000002183, 0.9999765 ], [ 35.269637377969048, 46.349818688981031, 0.9999765 ], [ 35.270000000002256, 46.349598918046468, 0.9999765 ], [ 35.285838214322212, 46.340000000000146, 0.9999765 ], [ 35.291758660001506, 46.336411850998047, 0.9999765 ], [ 35.311534050000773, 46.337632554001175, 0.9999765 ], [ 35.315473628126711, 46.340000000000146, 0.9999765 ], [ 35.31862767218081, 46.341895387973636, 0.9999765 ], [ 35.328868034999687, 46.34804922100011, 0.663076499999988 ], [ 35.343623030981689, 46.359202878875294, 0.0796765 ], [ 35.346039259002282, 46.361029363999478, 0.049476500000083 ], [ 35.345798950609606, 46.359474868828329, 0.052476500000012 ], [ 35.345126782834996, 46.355126782837033, 0.2436765 ], [ 35.34385961800217, 46.346929808998539, 0.9999765 ], [ 35.335854289000054, 46.341099691002455, 1.182776500000045 ], [ 35.334184742483558, 46.340000000000146, 1.209276499999987 ], [ 35.33210427800077, 46.338629647003472, 1.10517649999997 ], [ 35.33, 46.337496559724968, 0.9999765 ], [ 35.32660450900039, 46.335668194999016, 0.9999765 ], [ 35.320278196999425, 46.332907567999428, 0.9999765 ], [ 35.313470734001385, 46.330393981999805, 0.9999765 ], [ 35.312216812606493, 46.330000000003565, 0.9999765 ], [ 35.294135869002275, 46.324318969001979, 0.9999765 ], [ 35.29248064694184, 46.323746774492975, 0.9999765 ], [ 35.289038360999257, 46.3225568090038, 1.0307765 ], [ 35.284308336002141, 46.320473833004144, 1.095576499999879 ], [ 35.280587629375077, 46.318235395103329, 1.176476500000035 ], [ 35.280082736002441, 46.31793164300143, 1.168076500000097 ], [ 35.276538864003669, 46.314764041000672, 1.108976499999926 ], [ 35.274230519002231, 46.311597305999385, 1.070476500000041 ], [ 35.273379365627989, 46.31000000000131, 1.056276499999967 ], [ 35.272414434375605, 46.308189174224026, 1.060376500000075 ], [ 35.272327151000354, 46.308025375003126, 1.058176499999945 ], [ 35.270000000002256, 46.302442385267568, 0.9999765 ], [ 35.268981943441759, 46.299999999999272, 0.9999765 ], [ 35.268713902114541, 46.299356951058144, 0.9999765 ], [ 35.267352728000333, 46.296091403999526, 0.9999765 ], [ 35.265429574001246, 46.292035476002638, 0.9999765 ], [ 35.264252463677622, 46.290000000002692, 0.9999765 ], [ 35.262837767999372, 46.287553688003754, 0.9999765 ], [ 35.261669430148686, 46.285834715074088, 0.9999765 ], [ 35.259865502999673, 46.283180601001732, 0.9999765 ], [ 35.256605476000914, 46.278893255001094, 0.9999765 ], [ 35.250000000001819, 46.27109495789955, 0.9999765 ], [ 35.249497527000131, 46.270501748002062, 0.9999765 ], [ 35.249036609748146, 46.270000000000437, 0.9999765 ], [ 35.248218215760062, 46.269109107879558, 0.9999765 ], [ 35.241925720001746, 46.262259185999937, 0.9999765 ], [ 35.235872756555182, 46.255872756553799, 0.9999765 ], [ 35.230247904602948, 46.249938023853247, 1.006176500000038 ], [ 35.230126624886907, 46.249810062670804, 1.006376499999988 ], [ 35.222477662000529, 46.241739708002569, 1.014776499999925 ], [ 35.214945640002043, 46.233330573000785, 1.03227650000008 ], [ 35.211784602139232, 46.229553849467266, 1.044576499999948 ], [ 35.211521351271585, 46.229239324366063, 1.038076499999988 ], [ 35.211336386999392, 46.229018333999193, 1.037376499999937 ], [ 35.210717089379614, 46.228207276561079, 1.035876500000086 ], [ 35.204123565001282, 46.219572128002255, 1.020176499999934 ], [ 35.197387591002553, 46.209955545002231, 1.014076500000101 ], [ 35.190489981903738, 46.199755009052751, 1.012276500000098 ], [ 35.190000000000509, 46.199030398833202, 0.9999765 ], [ 35.188409564001631, 46.19667838100213, 0.9999765 ], [ 35.185648078000668, 46.193081602001257, 0.9999765 ], [ 35.18271029742391, 46.190000000000509, 0.9999765 ], [ 35.18212089699955, 46.18938174500181, 0.9999765 ], [ 35.177634083001976, 46.18569481799932, 0.9999765 ], [ 35.172253041000658, 46.18197583300207, 0.9999765 ], [ 35.17, 46.180593788711121, 0.9999765 ], [ 35.169031991728843, 46.180000000000291, 0.9999765 ], [ 35.166263380000601, 46.178301698000723, 0.9999765 ], [ 35.162518068744248, 46.176259034371469, 0.9999765 ], [ 35.153603590000785, 46.171397147001699, 1.010076499999968 ], [ 35.150191944523613, 46.169712083215927, 1.009576500000094 ], [ 35.141918442001042, 46.165625674000694, 1.00837649999994 ], [ 35.130361030043787, 46.160180515020329, 0.9999765 ], [ 35.13036103000195, 46.160180515002139, 0.9999765 ], [ 35.1299999999992, 46.160103753984004, 0.9999765 ], [ 35.129512014000284, 46.159999999999854, 0.9999765 ], [ 35.127792048000629, 46.160294101000545, 0.9999765 ], [ 35.122593960002632, 46.160337742001502, 0.9999765 ], [ 35.117407214000195, 46.160160319999704, 0.9999765 ], [ 35.114934035022088, 46.159999999999854, 0.9999765 ], [ 35.111142829999153, 46.159754241001792, 1.004876499999909 ], [ 35.110000000002401, 46.159643382645299, 1.007176500000014 ], [ 35.104013726999256, 46.159062694001477, 1.018776500000058 ], [ 35.096231489000274, 46.158024816000761, 1.039476500000092 ], [ 35.091148445038925, 46.157128887401996, 1.057376499999918 ], [ 35.090000000001965, 46.156926464449498, 1.051176499999883 ], [ 35.088911538003231, 46.15673461400911, 1.054376499999989 ], [ 35.088007484000627, 46.156575267001244, 1.0570765 ], [ 35.079553732999557, 46.154644416001247, 1.089276500000096 ], [ 35.070085166000354, 46.15185725900119, 1.135676500000045 ], [ 35.070000000001528, 46.151826028519281, 1.136276499999894 ], [ 35.060849330000565, 46.148470465999708, 1.115876500000013 ], [ 35.052151246771245, 46.144621883071522, 1.10757650000005 ], [ 35.052096763001828, 46.144597776001319, 1.107176499999923 ], [ 35.04880923500059, 46.142841231001512, 1.085276499999964 ], [ 35.044444207000197, 46.141913153001951, 1.03617650000001 ], [ 35.0449726679999, 46.140791331999935, 1.0597765 ], [ 35.049082879000707, 46.132066148002195, 1.243076499999916 ], [ 35.051931186000729, 46.128241278000132, 1.33847650000007 ], [ 35.039627511310755, 46.122779366518444, 1.240676500000063 ], [ 35.034703306164374, 46.120593387671761, 1.23517650000008 ], [ 35.030000000000655, 46.118505471453318, 1.229876500000046 ], [ 35.017100457002016, 46.112779039003726, 1.215376500000048 ], [ 35.014605331714847, 46.110789336569724, 1.230276499999945 ], [ 35.010000000000218, 46.107116879811656, 1.322076500000094 ], [ 34.994913576008912, 46.095086423991233, 1.245676499999945 ], [ 34.989999999999782, 46.091168162174654, 1.441576499999883 ], [ 34.98607255800016, 46.088036278999425, 1.4999765 ], [ 34.985362175002592, 46.087469794001663, 1.51057650000007 ], [ 34.983874555966395, 46.083062722016621, 1.693776500000013 ], [ 34.982840725890128, 46.08, 1.9999765 ], [ 34.982106966999709, 46.077826238999478, 1.9999765 ], [ 34.98452186609029, 46.077260933045181, 1.9999765 ], [ 34.989999999999782, 46.075978551629305, 1.9999765 ], [ 35.000010613000995, 46.073635157999888, 1.9999765 ], [ 35.001662971528276, 46.07416851423659, 1.9999765 ], [ 35.010000000000218, 46.076859580396558, 1.9999765 ], [ 35.019729143048608, 46.08, 1.9999765 ], [ 35.028572714696566, 46.082854570609925, 1.928676499999938 ], [ 35.030000000000655, 46.083315276624489, 1.933676500000047 ], [ 35.038584832002016, 46.086086330000398, 1.964076499999919 ], [ 35.049158888677994, 46.091682222646341, 1.957976500000086 ], [ 35.062266472001284, 46.098618882000665, 1.950276499999973 ], [ 35.069635887692129, 46.099817943844755, 1.9999765 ], [ 35.070000000001528, 46.099877187778475, 1.9999765 ], [ 35.070754802025476, 46.100000000000364, 1.9999765 ], [ 35.090000000001965, 46.103131344949361, 1.947776499999918 ], [ 35.096527539999443, 46.104193427001519, 1.984476500000028 ], [ 35.109343544772855, 46.11164113806808, 1.967176500000051 ], [ 35.110000000002401, 46.11202262113693, 1.959576499999912 ], [ 35.111054066570432, 46.112635166417022, 1.947276500000044 ], [ 35.121104363002814, 46.118475653001951, 1.830476500000032 ], [ 35.1299999999992, 46.12061060589258, 1.787776500000064 ], [ 35.14758455093579, 46.124830898130313, 1.87927650000006 ], [ 35.157119218312801, 46.127119218310327, 1.9999765 ], [ 35.161794466999709, 46.128241278000132, 1.9999765 ], [ 35.17, 46.13440997644102, 1.9999765 ], [ 35.177435786208662, 46.139999999999418, 1.9999765 ], [ 35.184743686002548, 46.145493882000665, 1.9999765 ], [ 35.188614195156333, 46.149307097579367, 1.9999765 ], [ 35.189729442452517, 46.150405836322534, 1.986476499999981 ], [ 35.190000000000509, 46.150672388917883, 1.9831764999999 ], [ 35.209483268999975, 46.16986725499919, 1.990376499999911 ], [ 35.209760869302045, 46.170239130702612, 1.988076500000034 ], [ 35.219084330117767, 46.182728917472559, 1.727076500000067 ], [ 35.220567753121941, 46.184716123440012, 1.764176500000076 ], [ 35.225480882698321, 46.191297793266131, 1.774076500000092 ], [ 35.24231151076674, 46.213844244619395, 1.807776500000045 ], [ 35.247393188436035, 46.220651702895339, 1.934876499999973 ], [ 35.248540710894304, 46.222188933659709, 1.927076499999885 ], [ 35.263120331943355, 46.241719917015871, 1.827976499999977 ], [ 35.26351972699922, 46.242254950000643, 1.825276499999973 ], [ 35.266759144518801, 46.244861283224964, 1.837976499999968 ], [ 35.279551629002526, 46.255153713000254, 1.887976499999922 ], [ 35.28451582100206, 46.259222723001585, 1.905876499999977 ], [ 35.286058542500541, 46.260985364375301, 1.901476499999944 ], [ 35.287922959794741, 46.263115560306687, 1.89617649999991 ], [ 35.304011178091969, 46.281497205478445, 1.850276500000064 ], [ 35.304922689198065, 46.282538655401368, 1.873076500000025 ], [ 35.30559338511739, 46.283304961165413, 1.8898764999999 ], [ 35.328957758008983, 46.31000000000131, 1.982676500000025 ], [ 35.329090437788182, 46.310151593705086, 1.984876499999928 ], [ 35.33, 46.311190816917588, 1.940476499999932 ], [ 35.341451186588529, 46.324274406708355, 1.572576499999968 ], [ 35.346462413492191, 46.330000000003565, 1.82307650000007 ], [ 35.350000000000364, 46.334041880760196, 1.9999765 ], [ 35.355214741231975, 46.340000000000146, 1.9999765 ], [ 35.359272569667155, 46.34463628483536, 1.9999765 ], [ 35.365803518181565, 46.352098240911801, 1.580376500000057 ], [ 35.3700000000008, 46.356892944608262, 1.9999765 ], [ 35.372719396711545, 46.360000000002401, 1.9999765 ], [ 35.374835483553397, 46.362417741775062, 1.9999765 ], [ 35.380137566000485, 46.368475653001951, 1.9999765 ], [ 35.390000000001237, 46.375185341808901, 1.9999765 ], [ 35.395030143999975, 46.378607489003116, 1.9999765 ], [ 35.39790198933224, 46.380000000001019, 1.9999765 ], [ 35.410000000001673, 46.385866128210182, 1.9999765 ], [ 35.414197319725645, 46.387901340140161, 1.9999765 ], [ 35.418525491306355, 46.390000000001237, 1.9999765 ], [ 35.424350802793924, 46.392824598606239, 1.9999765 ], [ 35.43000000000211, 46.395563802263496, 1.9999765 ], [ 35.430023634000463, 46.395575262004058, 1.9999765 ], [ 35.436591604007845, 46.400000000003274, 1.9999765 ], [ 35.445485873002326, 46.405991929002994, 1.9999765 ], [ 35.449124838438365, 46.409562419221402, 1.9999765 ], [ 35.449570811188096, 46.409999999999854, 1.9999765 ], [ 35.450000000002547, 46.410421112674157, 1.9999765 ], [ 35.456467052865264, 46.416766473565076, 1.9999765 ], [ 35.459762592192419, 46.420000000001892, 1.9999765 ], [ 35.463218414108269, 46.423390792948339, 1.9999765 ], [ 35.469954373198561, 46.43000000000211, 1.9999765 ], [ 35.469999999999345, 46.430044768236257, 1.9999765 ], [ 35.475759311002548, 46.435695705004036, 1.9999765 ], [ 35.482708021681901, 46.440000000004147, 1.9999765 ], [ 35.491307586360563, 46.445326896588085, 1.9999765 ], [ 35.497513820666427, 46.449171273552565, 1.9999765 ], [ 35.510508659999687, 46.457220770003914, 1.955376500000057 ], [ 35.517154214856419, 46.459541221958716, 1.954076499999928 ], [ 35.553173659000095, 46.472118259000126, 1.995876499999895 ], [ 35.556697109655943, 46.473348554829499, 1.9999765 ], [ 35.605676069058973, 46.49045071270848, 1.9999765 ], [ 35.614891182114661, 46.493668386588979, 1.9999765 ], [ 35.62299848459952, 46.496499242299251, 1.9999765 ], [ 35.628672722001284, 46.498480536003626, 1.9999765 ], [ 35.630000000002838, 46.499326220589865, 1.9999765 ], [ 35.630592512163275, 46.499703743918872, 1.9999765 ], [ 35.631057477687136, 46.500000000001819, 1.9999765 ], [ 35.634912464985973, 46.502456232496115, 1.9999765 ], [ 35.650000000003274, 46.512069362417606, 1.9999765 ], [ 35.661306186000729, 46.519273178999356, 1.9999765 ], [ 35.662205973139862, 46.520000000000437, 1.9999765 ], [ 35.67, 46.526295780586224, 1.9999765 ], [ 35.672832470230787, 46.528583764884388, 1.9999765 ], [ 35.674585735674555, 46.530000000002474, 1.9999765 ], [ 35.682035676562009, 46.536017838283442, 1.9999765 ], [ 35.690000000000509, 46.542451179322597, 1.9999765 ], [ 35.69934526074212, 46.549999999999272, 1.9999765 ], [ 35.709999999999127, 46.558606578058971, 1.9999765 ], [ 35.711725023276813, 46.56000000000131, 1.9999765 ], [ 35.714527479052776, 46.562263739524496, 1.9999765 ], [ 35.729999999999563, 46.574761976795344, 1.9999765 ], [ 35.734005309388522, 46.577997345304539, 1.9999765 ], [ 35.736484548344379, 46.580000000003565, 1.9999765 ], [ 35.741953971999465, 46.584418036001807, 1.9999765 ], [ 35.75, 46.589057389126538, 1.9999765 ], [ 35.751634769607335, 46.590000000000146, 1.9999765 ], [ 35.762305357860896, 46.596152678930594, 1.9999765 ], [ 35.768027525869911, 46.599452090520572, 1.9963765 ], [ 35.771169466999709, 46.601263738999478, 1.987976500000059 ], [ 35.827159050002592, 46.623358466002173, 1.992476500000066 ], [ 35.867330116006997, 46.639207378189894, 1.995876499999895 ], [ 35.870000000004438, 46.640000000003056, 1.9999765 ], [ 35.917497171842115, 46.652439735484222, 1.971776500000033 ], [ 35.919184637885337, 46.652408167252361, 1.994376500000044 ], [ 35.919601476971366, 46.652400369242969, 1.9999765 ], [ 35.925547722001284, 46.652289130001009, 1.9999765 ], [ 35.937770653408734, 46.653885326704767, 1.9999765 ], [ 35.950000000000728, 46.655482361167742, 1.9999765 ], [ 35.957164142206238, 46.656417928899828, 1.9999765 ], [ 35.970000000001164, 46.658094167865784, 1.9999765 ], [ 35.984593975441385, 46.659999999999854, 1.9999765 ], [ 36.009568911758834, 46.663261485295152, 1.9999765 ], [ 36.062022332000197, 46.670111394998457, 1.9999765 ], [ 36.065867464621988, 46.669716080801663, 1.9999765 ], [ 36.071151933019792, 46.669172789950608, 1.9999765 ], [ 36.08141306878133, 46.668117852967043, 1.9999765 ], [ 36.092109179717227, 46.667018196621939, 1.9999765 ], [ 36.103268523009319, 46.665870915829146, 1.9999765 ], [ 36.114921857542868, 46.664672848290138, 1.9999765 ], [ 36.134450717001528, 46.66266510600326, 1.244076499999892 ], [ 36.165625074248965, 46.667633944482077, 1.12727649999988 ], [ 36.171722852001039, 46.668605860999378, 1.221576500000083 ], [ 36.189010228434199, 46.669002360406012, 1.9999765 ], [ 36.189463738000995, 46.669012762002239, 1.9999765 ], [ 36.196875089603054, 46.666718772403328, 1.9999765 ], [ 36.198012946273593, 46.666366578700035, 1.9999765 ], [ 36.202246817001651, 46.66505609500382, 1.4999765 ], [ 36.200582204999591, 46.664878375000626, 1.544176500000049 ], [ 36.198518790002709, 46.664248122000572, 1.508676500000092 ], [ 36.196512516000439, 46.663193807004063, 1.376976499999955 ], [ 36.195150368002942, 46.661738613001944, 1.1249765 ], [ 36.19509704565462, 46.661274261416111, 1.025476499999968 ], [ 36.195080361487271, 46.661128969220954, 1.028176499999972 ], [ 36.194950719871485, 46.659999999999854, 0.9999765 ], [ 36.194945707002262, 46.659956346000399, 1.004376500000035 ], [ 36.195902027999182, 46.657911314003286, 1.208876500000088 ], [ 36.197579935000249, 46.655935880999095, 1.406376500000079 ], [ 36.199052521797057, 46.654526260901548, 1.547376499999928 ], [ 36.199805371999901, 46.653805602001739, 1.509776500000044 ], [ 36.202370871000312, 46.65151786000024, 1.381476499999962 ], [ 36.204335698796058, 46.650000000003274, 1.283176500000081 ], [ 36.205270713000573, 46.649277687, 1.236476499999981 ], [ 36.206751479656305, 46.648375739827316, 1.162376499999937 ], [ 36.208511339000324, 46.647303794999971, 1.269576500000085 ], [ 36.209999999999127, 46.646552944852374, 1.344676499999878 ], [ 36.216524371115156, 46.643262185558342, 1.673776500000031 ], [ 36.218209619002664, 46.642412181003237, 1.589476500000046 ], [ 36.221705424122774, 46.640000000003056, 1.414776500000016 ], [ 36.225190476812713, 46.637595238409631, 1.240476499999886 ], [ 36.228186688000278, 46.635527788001127, 1.447176500000069 ], [ 36.229936340001586, 46.633890014003555, 1.610976499999879 ], [ 36.229999999999563, 46.633782614793745, 1.621776499999896 ], [ 36.231002929001988, 46.632090598002833, 1.790976499999942 ], [ 36.23114063011235, 46.630570315057412, 1.942976499999986 ], [ 36.231186761999197, 46.63006099800441, 1.940676499999881 ], [ 36.231166626655977, 46.630000000001019, 1.941676500000085 ], [ 36.230390627999441, 46.627649190000739, 1.74537650000002 ], [ 36.229999999999563, 46.627007234124903, 1.7006765000001 ], [ 36.228854850000062, 46.62512530100139, 1.512576500000023 ], [ 36.226491311363134, 46.621754344319925, 1.175476500000059 ], [ 36.225338890002604, 46.620110723004473, 1.233076499999925 ], [ 36.225276321274578, 46.620000000004438, 1.236176500000056 ], [ 36.22364600200126, 46.617114950999166, 1.317676500000061 ], [ 36.22344974427142, 46.616724872135819, 1.327476500000103 ], [ 36.220066305017099, 46.610000000002401, 1.496676499999921 ], [ 36.218548012999236, 46.606982266001069, 1.572576499999968 ], [ 36.216496500001085, 46.603626486001303, 1.675176499999907 ], [ 36.216038366801513, 46.603019183403376, 1.69807650000007 ], [ 36.213822596999307, 46.60008195300361, 1.8088765 ], [ 36.213750984112266, 46.600000000002183, 1.8124765 ], [ 36.209999999999127, 46.595707414822755, 1.570776499999965 ], [ 36.206529157871046, 46.591735421065096, 1.173576500000081 ], [ 36.205641520000427, 46.59071961799782, 1.217876500000102 ], [ 36.205131471520872, 46.590000000000146, 1.243376500000068 ], [ 36.203296803001649, 46.587411500004237, 1.335176499999989 ], [ 36.201319863099343, 46.584340068453457, 1.433976499999972 ], [ 36.198526359698008, 46.580000000003565, 1.57367649999992 ], [ 36.196424539000873, 46.576734550000765, 1.678776499999913 ], [ 36.193869047001499, 46.57345517900103, 1.806576499999892 ], [ 36.191420982077034, 46.570710491041609, 1.92897650000009 ], [ 36.191051350004273, 46.570296072002748, 1.924476500000083 ], [ 36.190000000002328, 46.569254292375263, 1.925476500000059 ], [ 36.188002664001033, 46.567275137998877, 1.8273764999999 ], [ 36.184132215001227, 46.563884517001497, 1.681876500000044 ], [ 36.17908931167949, 46.56000000000131, 1.545576499999925 ], [ 36.170000000001892, 46.552998559862317, 1.299876499999982 ], [ 36.167782602004081, 46.551290512003106, 1.239876500000037 ], [ 36.166248441733842, 46.549999999999272, 1.187576499999977 ], [ 36.163976680001724, 46.548089029003677, 1.301176499999883 ], [ 36.16145621859323, 46.545728109296761, 1.427176500000087 ], [ 36.157696857999326, 46.54220671099938, 1.615176499999961 ], [ 36.155108594501144, 46.540000000002692, 1.7445765 ], [ 36.150000000001455, 46.535644496132591, 1.564476499999955 ], [ 36.147081920002165, 46.533156588999191, 1.315676499999881 ], [ 36.145960382222256, 46.532019808892073, 1.2019765 ], [ 36.14396765561105, 46.530000000002474, 1.30157650000001 ], [ 36.143801703001373, 46.52983179200055, 1.309876499999973 ], [ 36.140794941000422, 46.526085474000865, 1.460276499999964 ], [ 36.140100537553735, 46.525050268777704, 1.494976499999893 ], [ 36.136712876863385, 46.520000000000437, 1.664376499999889 ], [ 36.132646373000171, 46.513937723000709, 1.261476500000072 ], [ 36.130361489180359, 46.510180744589888, 0.9999765 ], [ 36.130310515001838, 46.510096928999701, 1.001976499999955 ], [ 36.130177338918656, 46.509822661086218, 1.008876500000042 ], [ 36.130000000001019, 46.509457442532948, 1.0271765 ], [ 36.128659120002339, 46.5066959830001, 1.19867649999992 ], [ 36.127895691999584, 46.503831822003121, 1.360976499999879 ], [ 36.128017659000761, 46.501838919000875, 1.457576499999959 ], [ 36.128833111999484, 46.500431484000728, 1.507576499999914 ], [ 36.130000000001019, 46.500000000001819, 1.4999765 ], [ 36.132102800002031, 46.500039546001062, 1.49797650000005 ], [ 36.134425260999706, 46.500443402002929, 1.477876500000093 ], [ 36.137748412000292, 46.50129242499861, 1.435376500000075 ], [ 36.13847225434256, 46.501527745660496, 1.423576500000081 ], [ 36.141629918001854, 46.502554300001066, 1.44197650000001 ], [ 36.145863859001111, 46.504177531000096, 1.458476499999961 ], [ 36.150000000001455, 46.505987322982037, 1.467076500000076 ], [ 36.150247307999962, 46.506095534001361, 1.46757649999995 ], [ 36.154577883000456, 46.508236262003265, 1.468376499999977 ], [ 36.158653041000434, 46.510526336001931, 1.459976500000039 ], [ 36.159151985844801, 46.51084801415891, 1.457576499999959 ], [ 36.162109867002073, 46.512755010004184, 1.483876499999951 ], [ 36.165062441999908, 46.514905666001141, 1.503876499999933 ], [ 36.170000000001892, 46.518616453347931, 1.534576499999957 ], [ 36.179466478004542, 46.525730919003763, 1.475076499999886 ], [ 36.179495999795108, 46.525756000311958, 1.474776499999962 ], [ 36.184804275000715, 46.530265838002379, 1.490776500000038 ], [ 36.189841403496757, 46.535039649128521, 1.496076500000072 ], [ 36.195031439001468, 46.539958374001799, 1.501476500000081 ], [ 36.200031930566183, 46.544952104151889, 1.501576500000056 ], [ 36.210074724620426, 46.554981318844511, 1.50187649999998 ], [ 36.220042753620874, 46.564935869570036, 1.502176499999905 ], [ 36.220056775002377, 46.564949871997669, 1.502176499999905 ], [ 36.230150166000385, 46.574822626000241, 1.506576499999937 ], [ 36.230269125680934, 46.574932718580385, 1.506776499999887 ], [ 36.237875215001623, 46.581971859999612, 1.5180765 ], [ 36.240508151135145, 46.584237773300629, 1.5253765 ], [ 36.248231307316019, 46.590884346347593, 1.455776499999956 ], [ 36.248793737999222, 46.59136837600272, 1.460276499999964 ], [ 36.251357407001706, 46.594029645002593, 1.475076499999886 ], [ 36.254046594000101, 46.597255118000248, 1.48517650000008 ], [ 36.256781752001189, 46.600882241002182, 1.491176499999938 ], [ 36.259843040919804, 46.605392397701507, 1.492176499999914 ], [ 36.262045002002196, 46.60863651800355, 1.492876499999966 ], [ 36.264398848999917, 46.61241278900161, 1.489776500000062 ], [ 36.268110268001692, 46.618894765000732, 1.478376499999968 ], [ 36.268933912346256, 46.620533043827891, 1.473376500000086 ], [ 36.269296022999697, 46.621253303999765, 1.4823765000001 ], [ 36.269932918999984, 46.622787957003311, 1.498276499999974 ], [ 36.270000000000437, 46.623308873002316, 1.4999765 ], [ 36.271169466999709, 46.622219143000621, 1.529276499999924 ], [ 36.271108513134095, 46.61944574343579, 1.527676500000098 ], [ 36.270843946000241, 46.607407945004525, 1.673176499999954 ], [ 36.278330925000773, 46.607407945004525, 1.813576499999954 ], [ 36.279915595659986, 46.615042202172845, 1.747876500000075 ], [ 36.281391431863085, 46.622152142032064, 1.784776499999907 ], [ 36.281796154926269, 46.624101922538102, 1.7948765000001 ], [ 36.284353061000729, 46.636419989003116, 1.632176500000014 ], [ 36.287352357265263, 46.640000000003056, 1.622576499999923 ], [ 36.297248416110961, 46.651812104028068, 1.5905765 ], [ 36.301740608170803, 46.657174060816033, 1.7173765 ], [ 36.303477409999687, 46.65924713700042, 1.71367650000002 ], [ 36.322584054092658, 46.673146013525184, 1.771576500000037 ], [ 36.327608899915504, 46.67680127141648, 1.840076499999896 ], [ 36.354001823321596, 46.696000455829562, 1.899976500000093 ], [ 36.354881437238873, 46.696640319389189, 1.915976499999942 ], [ 36.364474413063363, 46.703618603267387, 1.872376499999973 ], [ 36.365634286348723, 46.704462337809673, 1.9999765 ], [ 36.371104362999176, 46.708441472999766, 1.9999765 ], [ 36.377573088882855, 46.711893272222369, 1.9999765 ], [ 36.379632214922822, 46.712992049600871, 1.9999765 ], [ 36.381199782688782, 46.713828524863857, 1.897176499999887 ], [ 36.383428630957496, 46.715017868307768, 1.9999765 ], [ 36.384249217311663, 46.715455744235442, 1.9999765 ], [ 36.384937215289028, 46.715822869215117, 1.9999765 ], [ 36.38552235777388, 46.71613510912357, 1.9999765 ], [ 36.38602610585076, 46.716403915881529, 1.9999765 ], [ 36.400157097001284, 46.72394440300377, 1.9999765 ], [ 36.424048078484702, 46.732008361479529, 1.9999765 ], [ 36.425996899433812, 46.732666149906436, 1.9999765 ], [ 36.427649304936494, 46.733223888793873, 1.9999765 ], [ 36.429068142575488, 46.733702791163523, 1.9999765 ], [ 36.432465039999443, 46.734849350999866, 1.9999765 ], [ 36.467710022141546, 46.739647695718304, 1.9999765 ], [ 36.468300706445007, 46.739728113034289, 1.9999765 ], [ 36.468671844291748, 46.739778640716395, 1.9999765 ], [ 36.468926655319592, 46.739813331361802, 1.9999765 ], [ 36.469794408823873, 46.739931469610383, 1.9999765 ], [ 36.469888580879342, 46.739944290438871, 1.9999765 ], [ 36.470000000001164, 46.739959459335296, 1.9999765 ], [ 36.470297780839246, 46.740000000001601, 1.9999765 ], [ 36.482676629000707, 46.741685288998269, 1.9999765 ], [ 36.491695005432121, 46.745423751357521, 1.9999765 ], [ 36.498134012290393, 46.748092966261538, 1.9999765 ], [ 36.505169258001843, 46.751009345000057, 1.4999765 ], [ 36.523790549001205, 46.754029982002976, 1.492176499999914 ], [ 36.528898155445859, 46.75472453886141, 1.527576499999896 ], [ 36.528974414999539, 46.754734909001854, 1.526476499999944 ], [ 36.53400364799927, 46.75498742700438, 1.501276499999904 ], [ 36.540032042268649, 46.755016021135816, 1.498376499999949 ], [ 36.5459918630022, 46.755044290002843, 1.49557649999997 ], [ 36.54903201200068, 46.755321394004568, 1.467876500000102 ], [ 36.549999999999272, 46.755613427048957, 1.438676499999929 ], [ 36.552541178001775, 46.756380077003996, 1.48907650000001 ], [ 36.557713024001714, 46.75885651200042, 1.4999765 ], [ 36.567713024000113, 46.75885651200042, 1.9999765 ], [ 36.569999999999709, 46.75885651200042, 1.9999765 ], [ 36.572286975999305, 46.75885651200042, 1.9999765 ], [ 36.590000000000146, 46.75885651200042, 1.9999765 ], [ 36.590017123002326, 46.75885651200042, 1.9999765 ], [ 36.591248229617122, 46.759375885194459, 1.9999765 ], [ 36.592727612616727, 46.760000000003856, 1.9999765 ], [ 36.597829623000507, 46.762152410998169, 1.9999765 ], [ 36.602291396136934, 46.766145698071341, 1.9999765 ], [ 36.605279226976563, 46.768819806746251, 1.9999765 ], [ 36.605819361169779, 46.769303226863485, 1.9302765 ], [ 36.605967643999975, 46.769435939999312, 1.91117650000001 ], [ 36.611051500000031, 46.772762874999898, 1.4999765 ], [ 36.61817444800181, 46.774497571999746, 1.509176499999967 ], [ 36.619265123110381, 46.774632561557155, 1.536776500000087 ], [ 36.621675180000238, 46.774930846999268, 1.506876500000089 ], [ 36.630000000001019, 46.774947583558969, 1.505276500000036 ], [ 36.640064365257786, 46.774967817373181, 1.503176499999881 ], [ 36.650000000001455, 46.774987792379761, 1.501176499999929 ], [ 36.656072111001777, 46.775000000001455, 1.4999765 ], [ 36.658781000034651, 46.774390500018853, 1.560976499999924 ], [ 36.661631707000197, 46.773749091002173, 1.625076499999977 ], [ 36.670000000001892, 46.773400412072078, 1.659976500000084 ], [ 36.676277683736771, 46.773138841868786, 1.686076499999899 ], [ 36.679209832002016, 46.773016669003482, 1.539476500000092 ], [ 36.680000000000291, 46.773343043003479, 1.4999765 ], [ 36.68003432200203, 46.772833562999949, 1.498276499999974 ], [ 36.681007076000242, 46.772020586002327, 1.449676499999896 ], [ 36.682872053999745, 46.771031977999883, 1.356376499999897 ], [ 36.685407998256778, 46.770000000000437, 1.229576499999894 ], [ 36.685513166001328, 46.769957203003287, 1.228576499999917 ], [ 36.690000000002328, 46.768570618434751, 1.142976500000032 ], [ 36.691767745000107, 46.768024325001534, 1.197576499999968 ], [ 36.701073492424257, 46.765536746213911, 1.446276500000067 ], [ 36.707101903999501, 46.763925253004345, 1.607476500000075 ], [ 36.709999999999127, 46.76299247796851, 1.700776500000075 ], [ 36.711295696000889, 46.762575447997733, 1.677676499999961 ], [ 36.715173981001499, 46.761165897001774, 1.624676500000078 ], [ 36.718042800128387, 46.760000000003856, 1.597876499999984 ], [ 36.724638761572351, 46.757319380785702, 1.2680765 ], [ 36.725167945000067, 46.757104318998245, 1.289576500000067 ], [ 36.729999999999563, 46.755485864439834, 1.451376499999924 ], [ 36.735906661002446, 46.753507480001645, 1.649276500000042 ], [ 36.736499777300196, 46.753249888650316, 1.674976499999957 ], [ 36.73843443899932, 46.752409662, 1.578276499999902 ], [ 36.742033362999791, 46.750480070000776, 1.39837650000004 ], [ 36.742864137604556, 46.750000000003638, 1.356776500000024 ], [ 36.75, 46.745876482693347, 1.412376499999937 ], [ 36.752360971000599, 46.744512176001081, 1.548776500000031 ], [ 36.754505616001552, 46.743046198000229, 1.695376500000066 ], [ 36.755097635292259, 46.742548817646821, 1.745076500000096 ], [ 36.756439728002078, 46.741421269003695, 1.677976499999886 ], [ 36.757668912216104, 46.740000000001601, 1.616576500000065 ], [ 36.758880783001587, 46.738598749998346, 1.555976500000043 ], [ 36.760991828909027, 46.735495914457715, 1.450376499999948 ], [ 36.763066318999336, 46.732446808999157, 1.346676500000058 ], [ 36.765077417350767, 46.729999999999563, 1.246176500000047 ], [ 36.765364957000202, 46.729650164001214, 1.231776500000024 ], [ 36.766759874164563, 46.728379937083446, 1.161976500000037 ], [ 36.767128540999693, 46.728044225003032, 1.195576500000016 ], [ 36.770000000000437, 46.725900450644986, 1.409976500000084 ], [ 36.772812966002675, 46.723800346000644, 1.619976499999893 ], [ 36.774519824999516, 46.722287017004419, 1.771276499999885 ], [ 36.774535855536669, 46.722267927767462, 1.773176500000091 ], [ 36.77595877800195, 46.720573504999265, 1.702076499999976 ], [ 36.776289505502064, 46.719999999997526, 1.68547650000005 ], [ 36.776802857000803, 46.719109812001989, 1.659876499999882 ], [ 36.777448386999822, 46.717507825000212, 1.627576500000032 ], [ 36.777832672445584, 46.716083663781319, 1.608376500000077 ], [ 36.777910431999771, 46.715795486999923, 1.604476499999919 ], [ 36.778199574002429, 46.713998739001909, 1.589976499999921 ], [ 36.77827929400155, 46.710248400999262, 1.5860765 ], [ 36.778240387468031, 46.710000000002765, 1.587976499999968 ], [ 36.777682972002367, 46.706441149002785, 1.615876500000013 ], [ 36.777109668002595, 46.704572456003007, 1.644476499999882 ], [ 36.776554231026239, 46.703277115513629, 1.672276499999953 ], [ 36.77633159600191, 46.702757906003171, 1.683376499999895 ], [ 36.774779544000921, 46.70018302599965, 1.76097649999997 ], [ 36.774636167760036, 46.700000000000728, 1.768176499999981 ], [ 36.772855575003632, 46.697726995998892, 1.629876499999909 ], [ 36.770000000000437, 46.694715484783956, 1.471576500000083 ], [ 36.765528683279626, 46.690000000004147, 1.223576500000036 ], [ 36.763641480001752, 46.688009741003043, 1.317876500000011 ], [ 36.762001576336843, 46.686000788171441, 1.399876499999891 ], [ 36.760999725001966, 46.684773477001727, 1.449976500000048 ], [ 36.758487529001286, 46.681316427999263, 1.575576499999897 ], [ 36.757659800152396, 46.680000000003929, 1.616976499999964 ], [ 36.753344746002767, 46.673137296002096, 1.832776499999909 ], [ 36.752112068474162, 46.671056034239882, 1.894376499999908 ], [ 36.75, 46.667490002362683, 1.748976500000026 ], [ 36.746815504000551, 46.662113276002856, 1.211376499999915 ], [ 36.746597549956277, 46.661701225026263, 1.17007650000005 ], [ 36.745697688313157, 46.659999999999854, 1.215076499999896 ], [ 36.745467451000877, 46.659564727004181, 1.22667649999994 ], [ 36.744546136604185, 46.657273068303766, 1.272676499999989 ], [ 36.744502024999747, 46.657163345998924, 1.277776500000073 ], [ 36.744072823999886, 46.655459092000456, 1.348976499999935 ], [ 36.743882049002423, 46.653884013001516, 1.407776499999954 ], [ 36.743902542000797, 46.652490442003909, 1.453576500000054 ], [ 36.744104434999826, 46.651327854997362, 1.485576499999979 ], [ 36.744667913999365, 46.650093169000684, 1.507976500000041 ], [ 36.745396417001757, 46.649603583002317, 1.4999765 ], [ 36.743825716999709, 46.649603583002317, 1.552376500000037 ], [ 36.743825716999709, 46.642157293999844, 1.800576500000034 ], [ 36.75, 46.641003314625777, 1.6331765 ], [ 36.764467062032054, 46.638299406957231, 1.723376500000086 ], [ 36.769297722001284, 46.637396552003338, 1.837976499999968 ], [ 36.788728342995455, 46.65031791425281, 1.968176500000027 ], [ 36.789462556060244, 46.65080616591149, 1.973176499999909 ], [ 36.793473331297719, 46.653473331296482, 1.9999765 ], [ 36.793711784999687, 46.653631903000132, 1.9999765 ], [ 36.793888611156945, 46.653888611159346, 1.9999765 ], [ 36.805723007315464, 46.67106924817017, 1.8930765 ], [ 36.807534215187843, 46.673698677221182, 1.876676500000031 ], [ 36.812266471999465, 46.680568752000909, 1.833976500000063 ], [ 36.815776505069152, 46.693555873731384, 1.644376499999908 ], [ 36.816623141708988, 46.696688429150527, 1.665576500000043 ], [ 36.817374650632701, 46.699469012030022, 1.684376500000099 ], [ 36.819590691000485, 46.707668361003016, 1.630176500000061 ], [ 36.824689150334962, 46.719999999997526, 1.578176499999927 ], [ 36.827256398024474, 46.72620939967419, 1.620976500000097 ], [ 36.828823604268109, 46.729999999999563, 1.647076499999912 ], [ 36.829600457000197, 46.731878973001585, 1.659976500000084 ], [ 36.830750152108521, 46.733208307983659, 1.67917650000004 ], [ 36.849131707002016, 46.75446198100326, 1.798476499999879 ], [ 36.855028373853202, 46.764385640195542, 1.812876499999902 ], [ 36.856795173416685, 46.767359034685796, 1.867976499999941 ], [ 36.862478061004367, 46.776922919003482, 1.859976499999902 ], [ 36.858729667672378, 46.786970694865886, 1.739376499999935 ], [ 36.857349171310489, 46.790671191803995, 1.766776499999878 ], [ 36.856231069526984, 46.79366832553751, 1.7889765 ], [ 36.855307044001165, 46.79614522711563, 1.807276499999944 ], [ 36.853688998004145, 46.800482488999478, 1.753076499999906 ], [ 36.886241082000197, 46.804022528000132, 1.934676500000023 ], [ 36.933397298138516, 46.835849324534138, 1.930776500000093 ], [ 36.934116155052834, 46.836334497320422, 1.938876499999878 ], [ 36.938812696000241, 46.839504299001419, 1.927176500000087 ], [ 36.959299787389682, 46.84464989369917, 1.9999765 ], [ 36.969999999999345, 46.847337388770029, 1.9999765 ], [ 36.973806186000729, 46.848293361003016, 1.9999765 ], [ 36.978313038072884, 46.850000000002183, 1.9999765 ], [ 36.984873894001794, 46.852484442000787, 1.9999765 ], [ 36.989999999999782, 46.85541545804881, 1.9999765 ], [ 36.994277494111884, 46.857861252947259, 1.9999765 ], [ 36.998017986799823, 46.86000000000422, 1.9999765 ], [ 37.004247345794283, 46.863561836446024, 1.9999765 ], [ 37.006868442205814, 46.865060532662028, 1.9999765 ], [ 37.010671372270735, 46.867234980292778, 1.896676500000012 ], [ 37.017751498000507, 46.871283270000276, 1.765676499999927 ], [ 37.028819207000197, 46.875555730999622, 1.686076499999899 ], [ 37.037525980013015, 46.876634093006942, 1.762376500000073 ], [ 37.046560091999709, 46.877752996999334, 1.921476499999926 ], [ 37.073392458369199, 46.885017737511589, 1.9999765 ], [ 37.082237373637327, 46.887412457879691, 1.9999765 ], [ 37.087880755350852, 46.8889403776775, 1.9999765 ], [ 37.090000000000146, 46.88951415347583, 1.9999765 ], [ 37.090630359271017, 46.88968482036762, 1.9999765 ], [ 37.091794477304575, 46.890000000003056, 1.9999765 ], [ 37.113419450806759, 46.895854862703345, 1.9999765 ], [ 37.131500387029519, 46.900750193515705, 1.9999765 ], [ 37.149999999999636, 46.905758879143832, 1.9999765 ], [ 37.162282748002326, 46.909084377004547, 1.9999765 ], [ 37.163998400410492, 46.909999999999854, 1.9999765 ], [ 37.170000000001892, 46.913202981308132, 1.9999765 ], [ 37.182735942136787, 46.920000000001892, 1.9999765 ], [ 37.190000000000509, 46.92387674006568, 1.6122765 ], [ 37.192104712999935, 46.92500000000291, 1.4999765 ], [ 37.198595548003141, 46.924968945000728, 1.503076499999906 ], [ 37.199631322999267, 46.925129425002524, 1.487076500000057 ], [ 37.199669560679467, 46.925165219659903, 1.483476500000052 ], [ 37.199875804004478, 46.925358286000119, 1.493776499999967 ], [ 37.200025619998996, 46.9259107400012, 1.501276499999904 ], [ 37.200000000000728, 46.929213620000155, 1.4999765 ], [ 37.201473482971778, 46.930000000003929, 1.57367649999992 ], [ 37.202771991003829, 46.930692997999358, 1.4999765 ], [ 37.216080821002834, 46.934051374000774, 1.493776499999967 ], [ 37.219379952299278, 46.934689976147638, 1.530976499999952 ], [ 37.220022846002394, 46.93481441899894, 1.518576499999881 ], [ 37.224611883000762, 46.935028443000192, 1.497176500000023 ], [ 37.230000000001382, 46.935019954753443, 1.49797650000005 ], [ 37.239991571212158, 46.935004214396031, 1.499576500000103 ], [ 37.242666761001601, 46.934999999997672, 1.4999765 ], [ 37.250000000003638, 46.934061203504825, 1.593876500000079 ], [ 37.256466685308624, 46.933233342653693, 1.676676499999985 ], [ 37.260000000000218, 46.932781010000326, 1.4999765 ], [ 37.259895103001327, 46.931915402003142, 1.505276500000036 ], [ 37.260423207562781, 46.930000000003929, 1.478876500000069 ], [ 37.260449484001583, 46.929904697002712, 1.477476499999966 ], [ 37.261131451998153, 46.928810962002899, 1.443476500000088 ], [ 37.262151389999417, 46.927830853999694, 1.39247649999993 ], [ 37.263473794997481, 46.927007194004545, 1.326276499999949 ], [ 37.263786265917588, 46.926893132958867, 1.3106765 ], [ 37.266709546001948, 46.925826050002797, 1.417376500000046 ], [ 37.270000000002256, 46.925273983308216, 1.472576500000059 ], [ 37.274516253999536, 46.924516253999172, 1.548376499999904 ], [ 37.276978626998243, 46.92364529400038, 1.635476500000095 ], [ 37.277110930624985, 46.923555465313257, 1.644476499999882 ], [ 37.277971306004474, 46.922971306003092, 1.6014765 ], [ 37.278766254003131, 46.92209958800413, 1.561676499999976 ], [ 37.28006775272479, 46.920000000001892, 1.496576499999946 ], [ 37.281317397000748, 46.917984064000848, 1.434176499999921 ], [ 37.282152648000192, 46.917152648002229, 1.392376499999955 ], [ 37.283126863365396, 46.916563431685063, 1.343676499999901 ], [ 37.283191192000231, 46.916524525002387, 1.347576500000059 ], [ 37.285735053999815, 46.915735054002653, 1.426476500000035 ], [ 37.290000000004511, 46.91513376941657, 1.486576499999956 ], [ 37.294499427001938, 46.914499427004557, 1.550076499999932 ], [ 37.296970499000963, 46.913637166004264, 1.636276499999894 ], [ 37.297094891870074, 46.913547445936274, 1.645276499999909 ], [ 37.297938780004188, 46.912938780003969, 1.603076500000043 ], [ 37.298667240003851, 46.912000574000558, 1.566676500000085 ], [ 37.299413478112911, 46.909999999999854, 1.529276499999924 ], [ 37.299572821002585, 46.909572821001348, 1.521376500000088 ], [ 37.300041525999404, 46.906708192002043, 1.497876500000075 ], [ 37.300204681527248, 46.905102340768281, 1.489776500000062 ], [ 37.300502676003816, 46.902169343004061, 1.474876499999937 ], [ 37.300888643276267, 46.899999999997817, 1.4555765 ], [ 37.301006160001634, 46.899339493003936, 1.449676499999896 ], [ 37.301460650000081, 46.898095948003174, 1.42697649999991 ], [ 37.302300303002994, 46.897022658002243, 1.3849765 ], [ 37.303060937971168, 46.896530468988203, 1.346976499999982 ], [ 37.303570873003991, 46.896200502000283, 1.379976499999884 ], [ 37.30518048200247, 46.895615928000552, 1.4383765 ], [ 37.307010489001186, 46.895228616000168, 1.477176500000041 ], [ 37.31000000000131, 46.894966486046542, 1.503376500000059 ], [ 37.310863404003612, 46.894890780000424, 1.5108765 ], [ 37.316380505997586, 46.895000000004075, 1.4999765 ], [ 37.315510940781678, 46.890000000003056, 1.9999765 ], [ 37.31413103037994, 46.882065515190334, 1.9999765 ], [ 37.313771810348044, 46.880000000001019, 1.9999765 ], [ 37.312998893998156, 46.875555730999622, 1.9999765 ], [ 37.327272839800571, 46.880000000001019, 1.9999765 ], [ 37.33, 46.880849115843375, 1.9999765 ], [ 37.334501138637279, 46.882250569320604, 1.9999765 ], [ 37.335215691000485, 46.8824730489996, 1.9999765 ], [ 37.3354934949366, 46.882746747467536, 1.9999765 ], [ 37.342855545974089, 46.890000000003056, 1.9999765 ], [ 37.350000000002183, 46.897038871229597, 1.9999765 ], [ 37.351735873002326, 46.898749090998535, 1.9999765 ], [ 37.35194382771806, 46.899028086143517, 1.9999765 ], [ 37.35266826350562, 46.899999999997817, 1.9999765 ], [ 37.354253468016395, 46.902126734004923, 1.9999765 ], [ 37.360478998394683, 46.910478998395774, 1.9999765 ], [ 37.367575670863516, 46.920000000001892, 1.959576499999912 ], [ 37.377940300004411, 46.933905341003992, 1.900576499999943 ], [ 37.382205310077552, 46.938051327520952, 1.902576499999896 ], [ 37.383545996750399, 46.939354599675426, 1.93547650000005 ], [ 37.40297825707421, 46.958244564268171, 1.941476499999908 ], [ 37.403885513527712, 46.959126501935316, 1.956276500000058 ], [ 37.429902396681427, 46.984417332414523, 1.888376500000049 ], [ 37.482920769001794, 47.035956122001153, 1.972576500000059 ], [ 37.486041628828389, 47.038200740376851, 1.981976499999973 ], [ 37.486537187640351, 47.038557161517019, 1.985576499999979 ], [ 37.486868874659194, 47.038795721024144, 1.987976500000059 ], [ 37.508487786002661, 47.054344706999473, 1.4999765 ], [ 37.509629618001782, 47.054863908997504, 1.498076500000025 ], [ 37.509885863970339, 47.054914397976972, 1.502876499999957 ], [ 37.513666048000232, 47.055659219999143, 1.617376500000091 ], [ 37.515837210872633, 47.055837210871687, 1.708176500000036 ], [ 37.520449682004255, 47.056215339001938, 1.477476499999966 ], [ 37.523352441521638, 47.05667622076362, 1.3323765 ], [ 37.527164404002178, 47.057281460001832, 1.271876499999962 ], [ 37.530000000004293, 47.057999023289085, 1.200076500000023 ], [ 37.531027548002385, 47.058259050003471, 1.225476500000013 ], [ 37.534739506001642, 47.059436008001285, 1.293376500000022 ], [ 37.536222250833816, 47.06000000000131, 1.311076499999899 ], [ 37.542070169003637, 47.062224374003563, 1.603476499999942 ], [ 37.544297597420154, 47.062851201291778, 1.714876499999946 ], [ 37.544780448999518, 47.062987081997562, 1.701276499999949 ], [ 37.547652974999437, 47.063554921001924, 1.644476499999882 ], [ 37.550000000001091, 47.063883933089528, 1.611576499999956 ], [ 37.55064911700174, 47.063974928001699, 1.602476499999966 ], [ 37.556896074003816, 47.064517244001763, 1.548276499999929 ], [ 37.559268935894579, 47.064634467948053, 1.53657649999991 ], [ 37.570000000003347, 47.065164603165613, 1.483576500000026 ], [ 37.576455898997665, 47.065483536998727, 1.451676500000076 ], [ 37.582002280738379, 47.066001140368826, 1.399876499999891 ], [ 37.582983142003286, 47.066092676999688, 1.390776499999902 ], [ 37.586214430999462, 47.066548957001942, 1.3450765 ], [ 37.590000000001965, 47.067369316509939, 1.263076499999897 ], [ 37.592945001004409, 47.068007519001185, 1.346476499999881 ], [ 37.599631966433662, 47.070000000003347, 1.481576500000074 ], [ 37.606900053999198, 47.072165635001511, 1.628476500000033 ], [ 37.61000000000422, 47.072922999810544, 1.707676499999934 ], [ 37.610429158998159, 47.073027849999562, 1.697176500000069 ], [ 37.616855491998649, 47.074083329000132, 1.591676499999949 ], [ 37.61841446724975, 47.074207233625202, 1.579276499999878 ], [ 37.626680872001089, 47.074864233003609, 1.5135765 ], [ 37.630000000002838, 47.074944470328774, 1.505576499999961 ], [ 37.639644750728621, 47.075177624636126, 1.482276499999898 ], [ 37.639946575000067, 47.075184921002801, 1.481476500000099 ], [ 37.649999999999636, 47.0751557268959, 1.484476500000028 ], [ 37.66025191279914, 47.07512595640037, 1.487376499999982 ], [ 37.670000000003711, 47.075097648959854, 1.490276499999936 ], [ 37.679861978413101, 47.075069010792504, 1.493076499999916 ], [ 37.690000000000509, 47.075039571025627, 1.496076500000072 ], [ 37.699978812826885, 47.07501059358583, 1.498976500000026 ], [ 37.703626869999425, 47.075000000004366, 1.4999765 ], [ 37.710297071003879, 47.074164130002828, 1.583576499999936 ], [ 37.71876107823482, 47.074380539115737, 1.561976499999901 ], [ 37.730000000001382, 47.074667897699328, 1.533176500000081 ], [ 37.739838921695991, 47.074919460847013, 1.508076500000016 ], [ 37.742988899999546, 47.075000000004366, 1.4999765 ], [ 37.748340312000437, 47.075032180000562, 1.496776499999896 ], [ 37.749999999998181, 47.075121245672563, 1.487876500000084 ], [ 37.752064906002488, 47.075232057000903, 1.476776499999914 ], [ 37.753265821003879, 47.075262762002239, 1.47367650000001 ], [ 37.753443656001764, 47.075306045999241, 1.469376499999953 ], [ 37.760057410001536, 47.075660967000658, 1.4338765 ], [ 37.761542965588887, 47.075771482794153, 1.422876500000029 ], [ 37.770000000002256, 47.076400631834986, 1.359976499999902 ], [ 37.776266379565641, 47.076866810222782, 1.313276500000029 ], [ 37.790000000004511, 47.077888503363283, 1.211176499999965 ], [ 37.797923932002959, 47.078477993003617, 1.548376499999904 ], [ 37.806334281998716, 47.078809336999257, 1.935776499999974 ], [ 37.807616373302153, 47.078808186653987, 1.9999765 ], [ 37.810000000003129, 47.078806047957187, 1.9999765 ], [ 37.812392196861765, 47.0788039015697, 1.9999765 ], [ 37.814485907003473, 47.078802023001117, 1.895476500000086 ], [ 37.820162952004466, 47.078553075003583, 1.636576500000047 ], [ 37.83, 47.077860630331998, 1.213976499999944 ], [ 37.843781113824662, 47.076890556912986, 1.310976499999924 ], [ 37.846243596999557, 47.076717218998965, 1.328276499999902 ], [ 37.850000000004002, 47.076527913568498, 1.347176499999932 ], [ 37.857722533177366, 47.076138733411426, 1.38617649999992 ], [ 37.8700000000008, 47.07552000555188, 1.447976500000095 ], [ 37.879617595001037, 47.075035322999611, 1.496476499999972 ], [ 37.880012674941099, 47.075006337470768, 1.499376499999926 ], [ 37.889999999997599, 47.074273604943301, 1.572676499999943 ], [ 37.89364414100055, 47.074006248001751, 1.599376500000062 ], [ 37.902706040003977, 47.073010278003494, 1.698976500000072 ], [ 37.904564934038717, 47.072717532984825, 1.7282765 ], [ 37.910000000001673, 47.071861600115881, 1.813876499999878 ], [ 37.911420258000362, 47.071637933002421, 1.836176499999965 ], [ 37.912731569842435, 47.071365784922818, 1.863376499999958 ], [ 37.915609440999106, 47.070768514999145, 1.719576499999903 ], [ 37.918701808484911, 47.070000000003347, 1.564876500000082 ], [ 37.923746980997748, 47.068746174001717, 1.312676499999952 ], [ 37.92637025001568, 47.068185125008313, 1.181476499999917 ], [ 37.929999999998472, 47.067408815917588, 1.2590765 ], [ 37.940378324597987, 47.065189162300157, 1.481076499999972 ], [ 37.949356814002385, 47.063268897001763, 1.673076499999979 ], [ 37.950000000002547, 47.063111606405073, 1.688876499999878 ], [ 37.954179181895597, 47.062089590950563, 1.791076499999917 ], [ 37.957962977003262, 47.061164267002823, 1.601876499999889 ], [ 37.962118255089081, 47.06000000000131, 1.394076499999983 ], [ 37.969999999999345, 47.057791614584858, 1.220876500000031 ], [ 37.971929421999448, 47.057251010002801, 1.274876499999891 ], [ 37.980239849583086, 47.055119924794781, 1.487976500000059 ], [ 37.989878483003849, 47.052648241000497, 1.73517650000008 ], [ 37.99000000000342, 47.052614626532886, 1.738576499999908 ], [ 37.99945192836276, 47.049999999999272, 1.527376499999946 ], [ 38.010000000000218, 47.047082154360396, 1.291776499999969 ], [ 38.010093745997438, 47.047056222003448, 1.2943765 ], [ 38.019353482206498, 47.044676741104922, 1.53227650000008 ], [ 38.027989580003123, 47.042457517003641, 1.75427650000006 ], [ 38.030000000004293, 47.041874941318383, 1.8124765 ], [ 38.032374010273998, 47.041187005139363, 1.881276500000013 ], [ 38.036470265806201, 47.040000000004511, 1.676476500000035 ], [ 38.036622817002353, 47.039955794003617, 1.673276499999929 ], [ 38.050000000001091, 47.0355761606952, 1.442376499999909 ], [ 38.054453740001918, 47.034118024997952, 1.588176499999918 ], [ 38.056823081480616, 47.033411540742236, 1.658876499999906 ], [ 38.06763692900131, 47.030187095002475, 1.11817649999989 ], [ 38.068429927228863, 47.030000000002474, 1.078476500000079 ], [ 38.06999999999789, 47.029629566926815, 1.037076500000012 ], [ 38.07251210800132, 47.029036876003374, 1.096276499999931 ], [ 38.081455436999022, 47.027522308002517, 1.2477765000001 ], [ 38.084457052576909, 47.027228526290855, 1.2771765 ], [ 38.090000000001965, 47.026686012917708, 1.331376500000033 ], [ 38.090588569000829, 47.026628407002136, 1.337176499999941 ], [ 38.097253931589876, 47.02637303420488, 1.362676499999907 ], [ 38.099800669000615, 47.026275460000761, 1.372476499999948 ], [ 38.108129868000105, 47.026419888003147, 1.35797649999995 ], [ 38.108083529999931, 47.026353257002484, 1.364676500000087 ], [ 38.108293431003403, 47.026422724002259, 1.3577765 ], [ 38.108985961003782, 47.026434732999405, 1.356576500000074 ], [ 38.109999999998763, 47.026512383432419, 1.348776499999985 ], [ 38.118036831998324, 47.027127806999488, 1.287176499999987 ], [ 38.126836940002249, 47.028427934003048, 1.157176499999878 ], [ 38.126873594746939, 47.028436797374525, 1.156276500000104 ], [ 38.130000000002838, 47.02919278376794, 1.080676499999981 ], [ 38.131088175681725, 47.02945591216303, 1.054376499999989 ], [ 38.133338267871295, 47.030000000002474, 1.166876499999944 ], [ 38.135254519998853, 47.030463363003946, 1.2626765 ], [ 38.139295447001132, 47.031790599001397, 1.464776499999971 ], [ 38.143407912384646, 47.033296043809969, 1.670376499999975 ], [ 38.149999999999636, 47.035709200665224, 1.429076500000065 ], [ 38.15157468900361, 47.036285645001044, 1.4501765 ], [ 38.160913295390856, 47.040000000004511, 1.5456764999999 ], [ 38.170000000003711, 47.043614163108941, 1.6385765 ], [ 38.180724970001393, 47.047879932999422, 1.748276499999974 ], [ 38.186526844423497, 47.049999999999272, 1.826376499999924 ], [ 38.190000000000509, 47.051269128218337, 1.873076500000025 ], [ 38.190829176004627, 47.051572118001786, 1.8427764999999 ], [ 38.200562195039311, 47.05471890248009, 1.5280765 ], [ 38.209257573000286, 47.057530206999218, 1.246976500000073 ], [ 38.209999999999127, 47.057783678475971, 1.221676500000058 ], [ 38.21649168481963, 47.06000000000131, 1.324576499999921 ], [ 38.230000000001382, 47.064611864336257, 1.53877650000004 ], [ 38.235103995999452, 47.066354416001559, 1.619776499999944 ], [ 38.245541390004291, 47.06958492600279, 1.818576500000063 ], [ 38.247083255655525, 47.070000000003347, 1.8541765 ], [ 38.25, 47.070785194695418, 1.921476499999926 ], [ 38.250809210003354, 47.071003036004186, 1.899676499999941 ], [ 38.255555719000768, 47.07212776400047, 1.787176499999987 ], [ 38.262818584231354, 47.073590707888798, 1.640976500000079 ], [ 38.265126239002711, 47.074055534001673, 1.594476499999928 ], [ 38.270000000002256, 47.074892480664857, 1.51077650000002 ], [ 38.284903604688225, 47.077451802342694, 1.254776499999934 ], [ 38.289215939003043, 47.078192338001827, 1.180776500000093 ], [ 38.289999999999054, 47.078336654272789, 1.166376500000069 ], [ 38.29903685010504, 47.079999999998108, 1.451876500000026 ], [ 38.305328874001134, 47.081158126000446, 1.650676499999918 ], [ 38.310000000003129, 47.081910304694247, 1.808976499999972 ], [ 38.310727270001735, 47.082027415000994, 1.797276499999953 ], [ 38.31515554922953, 47.082577774617675, 1.742176499999914 ], [ 38.320464229000208, 47.083237553004437, 1.676276500000085 ], [ 38.33, 47.084053200227572, 1.594676499999878 ], [ 38.330285937001463, 47.084077658000751, 1.592276500000025 ], [ 38.339175719303967, 47.084587859653766, 1.541176499999892 ], [ 38.340168008000546, 47.084644809003294, 1.535476499999959 ], [ 38.350000000004002, 47.085008320926136, 1.499176499999976 ], [ 38.35009096199974, 47.085011684002893, 1.498876500000051 ], [ 38.360360487560683, 47.085180243780997, 1.481976499999973 ], [ 38.369997942003465, 47.085338429002149, 1.466176500000074 ], [ 38.3700000000008, 47.085338420438347, 1.466176500000074 ], [ 38.380588671439909, 47.085294335720391, 1.470576499999879 ], [ 38.389999999999418, 47.085255152736863, 1.474476500000037 ], [ 38.394860164004058, 47.085234918002243, 1.4764765 ], [ 38.400213160770363, 47.085106580387219, 1.489376499999935 ], [ 38.410000000001673, 47.084871941791789, 1.512776499999973 ], [ 38.41459012300038, 47.084761894000621, 1.52377649999994 ], [ 38.419097502792283, 47.084548751397961, 1.54507650000005 ], [ 38.429184029999305, 47.08407178500056, 1.5927764999999 ], [ 38.430000000000291, 47.084006409664653, 1.599376500000062 ], [ 38.436906176608318, 47.083453088303941, 1.654676500000051 ], [ 38.443481086000247, 47.082926308003152, 1.7073765 ], [ 38.450000000002547, 47.08205822045602, 1.794176500000049 ], [ 38.453250688635308, 47.081625344315398, 1.837476500000093 ], [ 38.457318819004286, 47.081083614002637, 1.6340765 ], [ 38.463386443496347, 47.079999999998108, 1.330676499999981 ], [ 38.466878043000179, 47.079376437002793, 1.218476499999952 ], [ 38.470000000001164, 47.078903559728133, 1.109676499999978 ], [ 38.47666253099851, 47.077894398002172, 1.210576499999888 ], [ 38.484160365944263, 47.077080182974896, 1.291976499999919 ], [ 38.486120853998727, 47.076867287001733, 1.313276500000029 ], [ 38.49000000000342, 47.076589935757511, 1.340976499999897 ], [ 38.497958106087026, 47.076020946959034, 1.397876499999938 ], [ 38.500597871001446, 47.075832209002328, 1.416776499999969 ], [ 38.510000000000218, 47.075465271356734, 1.453476500000079 ], [ 38.520139140586252, 47.075069570293635, 1.493076499999916 ], [ 38.520244024000931, 47.075065476998134, 1.493476500000043 ], [ 38.530000000004293, 47.074924297712641, 1.507576499999914 ], [ 38.540453964402332, 47.074773017800908, 1.522676499999989 ], [ 38.550000000001091, 47.074634876573327, 1.536476499999935 ], [ 38.550051176001944, 47.074634136002715, 1.53657649999991 ], [ 38.559360390911024, 47.074680195457404, 1.531976499999928 ], [ 38.569999999999709, 47.074732837336342, 1.526676499999894 ], [ 38.579867494998325, 47.074781659001019, 1.521876499999962 ], [ 38.580405170863742, 47.074797414572458, 1.520276499999909 ], [ 38.590000000001965, 47.07507857276687, 1.492176499999914 ], [ 38.599524905999715, 47.075357682004324, 1.464276500000096 ], [ 38.600865990809325, 47.075432995407027, 1.456676499999958 ], [ 38.609212511004444, 47.075901724001596, 1.409876499999882 ], [ 38.610000000000582, 47.075967997883708, 1.403176499999972 ], [ 38.618755576997501, 47.076704854001946, 1.329476500000055 ], [ 38.624940967481962, 47.077470483740399, 1.252976499999932 ], [ 38.628102545997535, 47.07786182500422, 1.2137765 ], [ 38.630000000002838, 47.078203182527432, 1.179676499999914 ], [ 38.632642755928828, 47.078678622037842, 1.132176500000014 ], [ 38.637187857004392, 47.07949629900213, 1.359376500000053 ], [ 38.639318714012916, 47.079999999998108, 1.465976499999897 ], [ 38.650000000001455, 47.082524887589898, 1.747476499999948 ], [ 38.659577908063511, 47.084788954032774, 1.521076499999936 ], [ 38.670000000003711, 47.087252572235229, 1.274776499999916 ], [ 38.67002924800363, 47.087259485999311, 1.275476499999968 ], [ 38.680670423733318, 47.090000000000146, 1.5334765 ], [ 38.690000000002328, 47.092402726451837, 1.759776500000044 ], [ 38.690838054997585, 47.092618557999231, 1.7381765 ], [ 38.698968514489025, 47.094484257246222, 1.55157650000001 ], [ 38.700277358004314, 47.094784598000842, 1.521576500000037 ], [ 38.709999999999127, 47.096895733839119, 1.31047650000005 ], [ 38.724296412394324, 47.100000000002183, 1.714776499999971 ], [ 38.725730472002397, 47.10031138600425, 1.755376500000011 ], [ 38.730000000001382, 47.101092709111981, 1.890776499999902 ], [ 38.731096327999694, 47.101293337000243, 1.870676499999945 ], [ 38.740787270004148, 47.102655914004572, 1.734376500000053 ], [ 38.744060047245512, 47.102969976382155, 1.702976499999977 ], [ 38.75, 47.103539986352189, 1.645976499999961 ], [ 38.750568887999179, 47.10359457800223, 1.640576499999952 ], [ 38.75814382475437, 47.10407191237573, 1.5927764999999 ], [ 38.760404504000689, 47.104214369001056, 1.578576500000054 ], [ 38.770000000002256, 47.104536264168928, 1.546376499999951 ], [ 38.775185158003296, 47.104710207999233, 1.5289765 ], [ 38.780492983290969, 47.104753508356225, 1.524676499999941 ], [ 38.789893841998492, 47.10483019899948, 1.516976500000055 ], [ 38.790000000000873, 47.104828943820394, 1.51707650000003 ], [ 38.799434779373769, 47.104717389691359, 1.528276499999947 ], [ 38.804390387003878, 47.104658796000876, 1.534076500000083 ], [ 38.810000000003129, 47.104481103066064, 1.551876499999935 ], [ 38.818485376003082, 47.104212316002304, 1.5787765 ], [ 38.821970378379774, 47.104014810813169, 1.598476500000061 ], [ 38.830000000001746, 47.103559748866246, 1.6439765 ], [ 38.831909464001001, 47.103451534001579, 1.6548765 ], [ 38.836229051723421, 47.10311452586393, 1.688576499999954 ], [ 38.844459473002644, 47.102472399999897, 1.276976500000046 ], [ 38.848669000002701, 47.102385539001261, 1.066576499999883 ], [ 38.850000000004002, 47.102425369523189, 0.9999765 ], [ 38.852956816002916, 47.102513853000346, 0.9999765 ], [ 38.855540121561717, 47.102770060782859, 0.9999765 ], [ 38.862760778001757, 47.103486193003846, 1.289376499999889 ], [ 38.870000000002619, 47.104562545213412, 1.543776499999922 ], [ 38.87838229360932, 47.105808853197232, 1.419076500000074 ], [ 38.889999999999418, 47.107536213388812, 1.2463765 ], [ 38.906570689556247, 47.11000000000422, 1.828576500000054 ], [ 38.906620601001123, 47.110007421004411, 1.830276500000082 ], [ 38.910000000003492, 47.110344684941083, 1.9655765 ], [ 38.911669970999355, 47.110511348002547, 1.948876500000097 ], [ 38.916141060999507, 47.110755188001349, 1.924476500000083 ], [ 38.920548026999313, 47.11079103800148, 1.920876500000077 ], [ 38.92906499700257, 47.110214762000396, 1.978476499999942 ], [ 38.929801349855552, 47.11009932507659, 1.990076499999986 ], [ 38.930000000000291, 47.110068182992109, 1.99317649999989 ], [ 38.930103815864641, 47.110051907933666, 1.994776499999944 ], [ 38.930434927880924, 47.11000000000422, 1.9782765 ], [ 38.933115728003031, 47.109579735002626, 1.8441765 ], [ 38.93698276699979, 47.108690517001378, 1.650876500000095 ], [ 38.940649659001792, 47.10754634800287, 1.467476499999975 ], [ 38.943197840226276, 47.106598920112447, 1.340076499999896 ], [ 38.944185545004075, 47.106231686002502, 1.37687649999998 ], [ 38.950000000002547, 47.10375926450979, 1.6240765 ], [ 38.951032145001591, 47.103320376003467, 1.616376499999888 ] ] ], [ [ [ 37.698596262942374, 45.530372083332622, 1.925276499999882 ], [ 37.641286207954181, 45.476727206283613, 1.958576499999936 ], [ 37.641568031462157, 45.488724834607638, 1.880676499999936 ], [ 37.641573982715272, 45.488978187819157, 1.876576500000056 ], [ 37.641747566203776, 45.496367884617939, 1.9075765 ], [ 37.64193769600206, 45.504461981001441, 1.964976499999921 ], [ 37.644216342003347, 45.505072333000498, 1.947176500000069 ], [ 37.648692254000707, 45.504217841002173, 1.897276500000089 ], [ 37.648963299392562, 45.504227879695463, 1.89467650000006 ], [ 37.653086784999687, 45.504380600999866, 1.868476500000043 ], [ 37.655039909999687, 45.50820547100011, 1.872376499999973 ], [ 37.654550455587014, 45.510313889124518, 1.884776500000044 ], [ 37.653981966999709, 45.512762762002239, 1.908176500000081 ], [ 37.651540561000729, 45.516343491999578, 1.958176500000036 ], [ 37.649180534997868, 45.518296616999578, 1.99557649999997 ], [ 37.648657023626583, 45.518209364836366, 1.9999765 ], [ 37.648203971999465, 45.518133855999622, 1.9999765 ], [ 37.647664860098303, 45.521255030133034, 1.9999765 ], [ 37.646657748002326, 45.527085678999356, 1.9999765 ], [ 37.645591658210833, 45.529564338226919, 1.9999765 ], [ 37.643810579782439, 45.533705346328134, 1.9999765 ], [ 37.643402539999443, 45.534654039000088, 1.9999765 ], [ 37.641657145988574, 45.537171433854382, 1.9999765 ], [ 37.639449532825893, 45.540355490846196, 1.9999765 ], [ 37.639170769001794, 45.540757554002994, 1.9999765 ], [ 37.636924044772968, 45.543318819954948, 1.9999765 ], [ 37.635101759000463, 45.545396225999866, 1.9999765 ], [ 37.635101759000463, 45.547317301143266, 1.9999765 ], [ 37.635101759000463, 45.552883205004036, 1.9999765 ], [ 37.638583721343821, 45.553286379446945, 1.9999765 ], [ 37.642832879000707, 45.553778387004058, 1.9999765 ], [ 37.643781999240673, 45.554034373815739, 1.9999765 ], [ 37.648680303622314, 45.555355493379466, 1.9999765 ], [ 37.653146747241408, 45.55656013596672, 1.9999765 ], [ 37.659626420991117, 45.558307765986683, 1.9999765 ], [ 37.662445509004101, 45.559068101003504, 1.9999765 ], [ 37.662445509004101, 45.562693014006072, 1.9999765 ], [ 37.662445509004101, 45.566555080000398, 1.9999765 ], [ 37.659379152002657, 45.56707731899769, 1.9999765 ], [ 37.656224379265041, 45.567614616300489, 1.9999765 ], [ 37.652842030498505, 45.568190672651326, 1.9999765 ], [ 37.6477807276151, 45.569052675913554, 1.9999765 ], [ 37.644541755949831, 45.569604313348464, 1.9999765 ], [ 37.641037124691138, 45.570201195940172, 1.9999765 ], [ 37.637232752147611, 45.570849128222108, 1.9999765 ], [ 37.636403842003347, 45.5709903019997, 1.9999765 ], [ 37.634337389157736, 45.573339127366125, 1.9999765 ], [ 37.631597364232221, 45.57645356573812, 1.9999765 ], [ 37.62869574808974, 45.579751676117667, 1.9999765 ], [ 37.625617811818302, 45.583250200066686, 1.9999765 ], [ 37.623301629004345, 45.585882880002828, 1.9999765 ], [ 37.623267965145715, 45.588020531595248, 1.9999765 ], [ 37.623085173849176, 45.599627760768271, 1.9999765 ], [ 37.623057488002814, 45.60138580900275, 1.9999765 ], [ 37.624966716766721, 45.602450075153683, 1.9999765 ], [ 37.635101759000463, 45.608099677001519, 1.9999765 ], [ 37.638860420884157, 45.605840481010091, 1.9999765 ], [ 37.642446490404836, 45.603685024059814, 1.9999765 ], [ 37.642751498000507, 45.603501695002706, 1.9999765 ], [ 37.644147970719132, 45.599618819493116, 1.9999765 ], [ 37.645630047818486, 45.595497922033246, 1.9999765 ], [ 37.647061822632168, 45.591516889469858, 1.9999765 ], [ 37.648445813341823, 45.587668720012516, 1.9999765 ], [ 37.649424675000773, 45.584947007000665, 1.9999765 ], [ 37.650200074871464, 45.584600117650552, 1.9999765 ], [ 37.652927050832659, 45.583380154936094, 1.9999765 ], [ 37.655473809243631, 45.58224081584558, 1.9999765 ], [ 37.658702018998156, 45.580796617001397, 1.9999765 ], [ 37.660658392775076, 45.580403738707901, 1.9999765 ], [ 37.663716663313608, 45.579789577885094, 1.9999765 ], [ 37.666572487300073, 45.57921607231583, 1.9999765 ], [ 37.668630404999931, 45.578802802003338, 1.9999765 ], [ 37.67197443623445, 45.57751578969328, 1.9999765 ], [ 37.67470285320087, 45.576465707927127, 1.9999765 ], [ 37.681000196000241, 45.57404205900275, 1.9999765 ], [ 37.684040323782028, 45.572511365324317, 1.9999765 ], [ 37.687918890451328, 45.570558520599661, 1.9999765 ], [ 37.692637566000485, 45.568182684000931, 1.9365765 ], [ 37.699717644003613, 45.562811591002173, 1.828176499999927 ], [ 37.700140558888961, 45.559974537363814, 1.803276500000038 ], [ 37.700956142722134, 45.55450332989858, 1.774176500000067 ], [ 37.701013974907255, 45.554115372395245, 1.7816765 ], [ 37.702647332003835, 45.543158270000276, 1.863376499999958 ], [ 37.698596262947831, 45.530372083338079, 1.925276499999882 ], [ 37.698596262942374, 45.530372083332622, 1.925276499999882 ] ] ] ] } },
{ "type": "Feature", "properties": { "gid": 25, "objectid": 25.0, "shape_leng": 5.5117280125, "shape_area": 0.1872578502, "z_mean": 1.2700310768500001 }, "geometry": { "type": "MultiPolygon", "coordinates": [ [ [ [ 39.119883660003325, 47.277044989003116, 0.9999765 ], [ 39.122927362202972, 47.276463681100722, 0.9999765 ], [ 39.129999999997381, 47.275112898405496, 0.9999765 ], [ 39.137399412073137, 47.273699706034677, 0.9999765 ], [ 39.138845248002326, 47.273423570000887, 0.9999765 ], [ 39.150000000001455, 47.277381707606764, 0.9999765 ], [ 39.156504754004345, 47.279689846003748, 0.9999765 ], [ 39.16389969460397, 47.276949847302603, 0.9999765 ], [ 39.169999999998254, 47.274689541261978, 0.9999765 ], [ 39.1753870362827, 47.272693518139931, 0.9999765 ], [ 39.182656531193061, 47.270000000000437, 0.9999765 ], [ 39.186045769003613, 47.268744208004136, 0.9999765 ], [ 39.190000000002328, 47.268600205483381, 0.9999765 ], [ 39.206032676547693, 47.268016338275629, 0.9999765 ], [ 39.209999999999127, 47.26787185896319, 0.9999765 ], [ 39.214590639734524, 47.267704680134557, 0.9999765 ], [ 39.230000000003201, 47.259999999998399, 0.9999765 ], [ 39.25331906559768, 47.182269781351351, 0.9999765 ], [ 39.252614779999931, 47.180324611001197, 0.9999765 ], [ 39.252460760309987, 47.178874259028817, 0.9999765 ], [ 39.249196811002548, 47.148138738999478, 0.9999765 ], [ 39.254567904999931, 47.140122789000088, 0.9999765 ], [ 39.265529440401224, 47.137490105413235, 0.9999765 ], [ 39.266847971743118, 47.137173427523521, 0.9999765 ], [ 39.269831571680697, 47.127228094406746, 0.9999765 ], [ 39.269238003109422, 47.125746323485146, 0.9999765 ], [ 39.262844350791056, 47.109785356888096, 0.9999765 ], [ 39.261973504004345, 47.107611395003914, 0.9999765 ], [ 39.264903190998666, 47.096625067000787, 0.9999765 ], [ 39.27239567747165, 47.092274591304886, 0.9999765 ], [ 39.280039910003325, 47.08783600499919, 0.9999765 ], [ 39.280946910801504, 47.088668115808105, 0.9999765 ], [ 39.281301870056268, 47.08899376649606, 0.9999765 ], [ 39.290000000000873, 47.06000000000131, 0.9999765 ], [ 39.290000000000873, 47.049999999999272, 0.9999765 ], [ 39.290000000000873, 47.040000000004511, 0.9999765 ], [ 39.290000000000873, 47.031002383995656, 0.9999765 ], [ 39.289837662694481, 47.030000000002474, 0.9999765 ], [ 39.289398634002282, 47.027289129997371, 0.9999765 ], [ 39.285993246823637, 47.022003376585417, 0.9999765 ], [ 39.284702556096818, 47.020000000000437, 0.9999765 ], [ 39.283793835909819, 47.018589508163132, 0.9999765 ], [ 39.283737789879524, 47.01850251497126, 0.9999765 ], [ 39.280039910003325, 47.01276276200042, 0.9999765 ], [ 39.261892122998688, 47.008612371997515, 0.9999765 ], [ 39.250289966037599, 47.010504122312341, 0.9999765 ], [ 39.249083610377056, 47.010700820541388, 0.9999765 ], [ 39.238316763357943, 47.012456372227462, 0.9999765 ], [ 39.227124896398891, 47.01428122409925, 0.9999765 ], [ 39.223046484110455, 47.014946215773307, 0.9999765 ], [ 39.221343419316327, 47.015223903223159, 0.9999765 ], [ 39.21911301712862, 47.015587573878292, 0.9999765 ], [ 39.216065484433784, 47.016084478975245, 0.9999765 ], [ 39.153086784999687, 47.026353257002484, 0.9999765 ], [ 39.146739129002526, 47.023871160999988, 0.9999765 ], [ 39.137705925000773, 47.018622137002239, 0.9999765 ], [ 39.126719596997646, 47.013820705000398, 0.9999765 ], [ 39.114919467001528, 47.01276276200042, 0.9999765 ], [ 39.104991081998378, 47.016791083004136, 0.9999765 ], [ 39.103943761396295, 47.018485940352548, 0.9999765 ], [ 39.103046185826315, 47.019938468394685, 0.9999765 ], [ 39.101267502144765, 47.02281687553841, 0.9999765 ], [ 39.100477400857926, 47.024095480170217, 0.9999765 ], [ 39.098591242893235, 47.027147810727911, 0.9999765 ], [ 39.098058605086408, 47.028009767516778, 0.9999765 ], [ 39.097422722001284, 47.029038804001175, 0.9999765 ], [ 39.09527416660967, 47.030000000002474, 0.9999765 ], [ 39.088145379000707, 47.033189195002706, 0.9999765 ], [ 39.075330643099733, 47.032665321548848, 0.9999765 ], [ 39.075205924998954, 47.032660223003404, 0.9999765 ], [ 39.074769864391783, 47.03238493219942, 0.9999765 ], [ 39.070992132074025, 47.030000000002474, 0.9999765 ], [ 39.067149285001506, 47.027573960003792, 0.9999765 ], [ 39.060231967001528, 47.021714585003792, 0.9999765 ], [ 39.060177534836839, 47.021696255809729, 0.9999765 ], [ 39.039398404065651, 47.014699202034535, 0.9999765 ], [ 39.036306186000729, 47.013657944999068, 0.9999765 ], [ 39.034591242678289, 47.012295621338126, 0.9999765 ], [ 39.032482785201864, 47.010620696300975, 0.9999765 ], [ 39.032273931588861, 47.010454786317496, 0.9999765 ], [ 39.023298093263293, 47.003324523317133, 0.9999765 ], [ 39.022479383991595, 47.002674153716725, 0.9999765 ], [ 39.014113401322902, 46.99602835033329, 0.9999765 ], [ 39.009332786614323, 46.992230706151531, 0.9999765 ], [ 38.999184723143117, 46.984169246166857, 0.9999765 ], [ 38.991384311000729, 46.977972723001585, 0.9999765 ], [ 38.989063796594564, 46.976510632764985, 0.9999765 ], [ 38.976780652244997, 46.968771372297851, 0.9999765 ], [ 38.957286004002526, 46.956488347999766, 0.9999765 ], [ 38.93734785199922, 46.947455145002095, 0.9999765 ], [ 38.919606967001528, 46.943833725999866, 0.9999765 ], [ 38.900137190837995, 46.945068595421617, 0.9999765 ], [ 38.888691779908186, 46.945794519937408, 0.9999765 ], [ 38.881114129000707, 46.946275132004303, 0.9999765 ], [ 38.865733268999975, 46.942938543999844, 0.9999765 ], [ 38.864943847853283, 46.942415771778542, 0.9999765 ], [ 38.857459412265598, 46.937459412263706, 0.9999765 ], [ 38.850000000004002, 46.932519623749613, 0.9999765 ], [ 38.847422721999465, 46.93081289300244, 0.9999765 ], [ 38.846593645837856, 46.930000000003929, 0.9999765 ], [ 38.843048908636774, 46.926524454322134, 0.9999765 ], [ 38.83639456480887, 46.920000000001892, 0.9999765 ], [ 38.830000000001746, 46.913730253943868, 0.9999765 ], [ 38.826195483778065, 46.909999999999854, 0.9999765 ], [ 38.824893424294714, 46.908723356073097, 0.9999765 ], [ 38.824235849011529, 46.908078616339481, 0.9999765 ], [ 38.820323112997357, 46.904242255001009, 0.9999765 ], [ 38.803721550002592, 46.893540757004303, 0.9999765 ], [ 38.766286654999931, 46.886786200002462, 0.9999765 ], [ 38.764784678398428, 46.886274770287855, 0.9999765 ], [ 38.717655066549924, 46.870226927685508, 0.9999765 ], [ 38.711436393999975, 46.868109442002606, 0.9999765 ], [ 38.691398213733919, 46.863934820954455, 0.9999765 ], [ 38.690928582002016, 46.86383698100326, 0.9999765 ], [ 38.671974848413811, 46.862876105989926, 0.9999765 ], [ 38.652859288811669, 46.861907027077905, 0.9999765 ], [ 38.651856173317356, 46.861856173312844, 0.9999765 ], [ 38.609060092001528, 46.859686591000354, 0.9999765 ], [ 38.601285964623457, 46.857655116547903, 0.9999765 ], [ 38.60060858093857, 46.857478107916904, 0.9999765 ], [ 38.599817008240279, 46.857271260298148, 0.9999765 ], [ 38.598879714956638, 46.85702633411529, 0.9999765 ], [ 38.576568711729124, 46.851196196412275, 0.9999765 ], [ 38.573090040003081, 46.850287176997881, 0.9999765 ], [ 38.557869308846421, 46.848771290477089, 0.9999765 ], [ 38.553070509004101, 46.848293361003016, 0.9999765 ], [ 38.541552314129149, 46.850288732966874, 0.9999765 ], [ 38.525178643061736, 46.85312525070367, 0.9999765 ], [ 38.521850871162314, 46.853701742320482, 0.9999765 ], [ 38.474619987997357, 46.86188385600326, 0.9999765 ], [ 38.470000000001164, 46.860684436089286, 0.9999765 ], [ 38.457692904999931, 46.857489324998824, 0.9999765 ], [ 38.451037336031732, 46.854294651848249, 0.9999765 ], [ 38.438070635502299, 46.848070635502154, 0.9999765 ], [ 38.435313346997646, 46.846747136998601, 0.9999765 ], [ 38.430000000000291, 46.843281910678343, 0.9999765 ], [ 38.427151549236441, 46.84142422538207, 0.9999765 ], [ 38.424967736997132, 46.840000000000146, 0.9999765 ], [ 38.414724154999931, 46.83331940300377, 0.9999765 ], [ 38.413000969181667, 46.831500484591743, 0.9999765 ], [ 38.410000000001673, 46.828332794813832, 0.9999765 ], [ 38.403005404998112, 46.820949610999378, 0.9999765 ], [ 38.402860549053003, 46.820000000003347, 0.9999765 ], [ 38.402271052953438, 46.816135526474682, 0.9999765 ], [ 38.401540561002548, 46.811346746997515, 0.9999765 ], [ 38.40172580131366, 46.81000000000131, 0.9999765 ], [ 38.402591778753049, 46.803704110623585, 0.9999765 ], [ 38.403101266138037, 46.799999999999272, 0.9999765 ], [ 38.403545184703034, 46.79677259235541, 0.9999765 ], [ 38.404476730955139, 46.790000000004511, 0.9999765 ], [ 38.404551629002526, 46.789455470998291, 0.9999765 ], [ 38.404164587169362, 46.787082293587446, 0.9999765 ], [ 38.403596008443856, 46.783596008446693, 0.9999765 ], [ 38.403005404998112, 46.779974677001519, 0.9999765 ], [ 38.396169466999709, 46.77472565300377, 0.9999765 ], [ 38.393049501326459, 46.773049501329297, 0.9999765 ], [ 38.389999999999418, 46.771411205494587, 0.9999765 ], [ 38.388639453127325, 46.770680273435573, 0.9999765 ], [ 38.387373201507216, 46.770000000000437, 0.9999765 ], [ 38.373220247998688, 46.7623965519997, 0.9999765 ], [ 38.372325595975781, 46.761162797989527, 0.9999765 ], [ 38.371482397447835, 46.760000000003856, 0.9999765 ], [ 38.3710879397604, 46.759456030118599, 0.9999765 ], [ 38.3700000000008, 46.757955726079672, 0.9999765 ], [ 38.368174675004411, 46.755438544001663, 0.9999765 ], [ 38.36875946510736, 46.750000000003638, 0.9999765 ], [ 38.368822757747694, 46.749411378876175, 0.9999765 ], [ 38.369395379004345, 46.74408600499919, 0.9999765 ], [ 38.3700000000008, 46.742287009459687, 0.9999765 ], [ 38.370768636672437, 46.740000000001601, 0.9999765 ], [ 38.37353541262928, 46.731767706316532, 0.9999765 ], [ 38.374129517686015, 46.729999999999563, 0.9999765 ], [ 38.374359571000241, 46.729315496999334, 0.9999765 ], [ 38.37554256380281, 46.722771281902169, 0.9999765 ], [ 38.376043526335707, 46.719999999997526, 0.9999765 ], [ 38.377200412223829, 46.713600206110641, 0.9999765 ], [ 38.377851218752767, 46.710000000002765, 0.9999765 ], [ 38.378184441000485, 46.708156642998802, 0.9999765 ], [ 38.379934967304507, 46.710000000002765, 0.9999765 ], [ 38.383555535003325, 46.713812567002606, 0.9999765 ], [ 38.385076150389068, 46.717538075192351, 0.9999765 ], [ 38.386081017522883, 46.719999999997526, 0.9999765 ], [ 38.388438346999465, 46.725775458004136, 0.9999765 ], [ 38.389012300063769, 46.729506150035377, 0.9999765 ], [ 38.389088277044721, 46.729999999999563, 0.9999765 ], [ 38.389333530003569, 46.73159414300244, 0.9999765 ], [ 38.389999999999418, 46.731822847441435, 0.9999765 ], [ 38.401622181741914, 46.735811090871721, 0.9999765 ], [ 38.410000000001673, 46.738686005353884, 0.9999765 ], [ 38.413829125498523, 46.740000000001601, 0.9999765 ], [ 38.427989128998888, 46.744859117001397, 0.9999765 ], [ 38.430000000000291, 46.744793754061902, 0.9999765 ], [ 38.439002274037193, 46.744501137016414, 0.9999765 ], [ 38.450000000002547, 46.744143658224857, 0.9999765 ], [ 38.462527062672962, 46.743736468661155, 0.9999765 ], [ 38.470000000001164, 46.743493562396907, 0.9999765 ], [ 38.470550977002858, 46.743475653000132, 0.9999765 ], [ 38.478581502438828, 46.741418497565974, 0.9999765 ], [ 38.492261202867667, 46.737914210036251, 0.9999765 ], [ 38.493279959266147, 46.73765323828593, 0.9999765 ], [ 38.494233673283816, 46.737408928249351, 0.9999765 ], [ 38.495128381167888, 46.73717973363091, 0.9999765 ], [ 38.495969394645726, 46.736964293751953, 0.9999765 ], [ 38.502278489568198, 46.735348111962594, 0.9999765 ], [ 38.507926045895147, 46.733901394522036, 0.9999765 ], [ 38.513010928581934, 46.732598815488018, 0.9999765 ], [ 38.513438347001284, 46.732489325002462, 0.9999765 ], [ 38.519978148631708, 46.729978148634473, 0.9999765 ], [ 38.525767881723368, 46.727754986264699, 0.9999765 ], [ 38.528598125449207, 46.726668219178464, 0.9999765 ], [ 38.531269992405214, 46.725642266166687, 0.9999765 ], [ 38.533796414600147, 46.724672161559283, 0.9999765 ], [ 38.536882186301227, 46.723487275927255, 0.9999765 ], [ 38.53993903792616, 46.72231349512731, 0.9999765 ], [ 38.553070509004101, 46.717271226003504, 0.9999765 ], [ 38.566742383998644, 46.709947006998846, 0.9999765 ], [ 38.58578535199922, 46.695868231001441, 0.9999765 ], [ 38.598155144003613, 46.677923895000276, 0.9999765 ], [ 38.591644727001039, 46.65924713700042, 0.9999765 ], [ 38.575450066000485, 46.653794664000088, 0.9999765 ], [ 38.468161521121147, 46.64731570036929, 0.9999765 ], [ 38.467624572622299, 46.647283275004156, 0.9999765 ], [ 38.467060554366981, 46.647249214955082, 0.9999765 ], [ 38.462250195998422, 46.646958725999866, 0.9999765 ], [ 38.454268366413089, 46.648536732827779, 0.9999765 ], [ 38.409068877257596, 46.657472666842295, 0.9999765 ], [ 38.408892259614731, 46.65750758413742, 0.9999765 ], [ 38.396285192049618, 46.659999999999854, 0.9999765 ], [ 38.391780968857347, 46.660890484428819, 0.9999765 ], [ 38.389999999999418, 46.661242581772967, 0.9999765 ], [ 38.385889575522015, 46.662055212240375, 0.9999765 ], [ 38.366241316409287, 46.665939670896478, 0.9999765 ], [ 38.345703474380571, 46.670000000001892, 0.9999765 ], [ 38.334449728601612, 46.672224864301825, 0.9999765 ], [ 38.33, 46.673104575154866, 0.9999765 ], [ 38.326130406676384, 46.673869593325435, 0.9999765 ], [ 38.313649936002548, 46.676336980999622, 0.9999765 ], [ 38.306895379002526, 46.683172918999844, 0.9999765 ], [ 38.301241067647425, 46.690875893233169, 0.9999765 ], [ 38.300059895544109, 46.692485026118447, 0.9999765 ], [ 38.297178100165183, 46.696410949920391, 0.9999765 ], [ 38.290049675000773, 46.70612213700042, 0.9999765 ], [ 38.289317254000707, 46.711086330000398, 0.9999765 ], [ 38.283638184600932, 46.719999999997526, 0.9999765 ], [ 38.280664165307826, 46.724667917345869, 0.9999765 ], [ 38.27995853000175, 46.725775458004136, 0.9999765 ], [ 38.27469089133956, 46.729999999999563, 0.9999765 ], [ 38.272889446401678, 46.731444723205641, 0.9999765 ], [ 38.271739129004345, 46.732367254997371, 0.9999765 ], [ 38.270000000002256, 46.73165642053209, 0.9999765 ], [ 38.265947398280332, 46.729999999999563, 0.9999765 ], [ 38.261485222001284, 46.7281761739996, 0.9999765 ], [ 38.252875918889913, 46.721437959446121, 0.9999765 ], [ 38.251038662358042, 46.719999999997526, 0.9999765 ], [ 38.25063377837796, 46.719683110814003, 0.9999765 ], [ 38.236261710502731, 46.708434572377882, 0.9999765 ], [ 38.230967644001794, 46.704291083002317, 0.9999765 ], [ 38.219835296004021, 46.699016470400238, 0.9999765 ], [ 38.217797060347948, 46.69805073491807, 0.9999765 ], [ 38.213877800002592, 46.696193752002728, 0.9999765 ], [ 38.208783088466589, 46.695132353876033, 0.9999765 ], [ 38.194346550000773, 46.692124742001397, 0.9999765 ], [ 38.155531601536495, 46.69092193358847, 0.9999765 ], [ 38.153426842987756, 46.69085671074572, 0.9999765 ], [ 38.151600213273923, 46.690800106634924, 1.07997649999993 ], [ 38.149999999999636, 46.690750518782806, 1.075076500000023 ], [ 38.145762566002304, 46.690619208000498, 1.27377649999994 ], [ 38.142411558408639, 46.690000000004147, 1.379376500000035 ], [ 38.133167248004611, 46.688291812000898, 1.4999765 ], [ 38.139445774593696, 46.690000000004147, 1.527676500000098 ], [ 38.149999999999636, 46.692871470075261, 1.287176499999987 ], [ 38.152630332002445, 46.693587100004152, 1.3586765 ], [ 38.159768382000038, 46.6956987700014, 1.569876499999964 ], [ 38.164521812441308, 46.697260906223164, 1.72607650000009 ], [ 38.172856611670795, 46.700000000000728, 1.857176499999923 ], [ 38.174058650003644, 46.700395029998617, 1.836576500000092 ], [ 38.180766866002159, 46.702817044004405, 1.743376500000068 ], [ 38.190000000000509, 46.706397411664511, 1.639776499999925 ], [ 38.194197048000206, 46.708024917003058, 1.592676499999925 ], [ 38.198898079679566, 46.710000000002765, 1.555076500000041 ], [ 38.206968893000521, 46.713390856997648, 1.490676500000063 ], [ 38.209999999999127, 46.714786147998893, 1.478576499999917 ], [ 38.215429264009799, 46.717285367991281, 1.728576499999917 ], [ 38.217153463001523, 46.718079058000512, 1.642376499999955 ], [ 38.220684732739755, 46.719999999997526, 1.465776499999947 ], [ 38.230000000001382, 46.725067324070551, 1.506776499999887 ], [ 38.230650774999958, 46.725421332999758, 1.509576500000094 ], [ 38.238383576403066, 46.729999999999563, 1.580776499999956 ], [ 38.243884071998764, 46.733256897001411, 1.631476499999962 ], [ 38.25, 46.73721493623998, 1.721476499999881 ], [ 38.252306703001523, 46.738707762997365, 1.755476499999986 ], [ 38.254120812884139, 46.740000000001601, 1.793976500000099 ], [ 38.263824804922479, 46.74691240246284, 1.308776500000022 ], [ 38.267164902999866, 46.749291640002411, 1.141776499999878 ], [ 38.268269705389685, 46.750000000003638, 1.08647649999989 ], [ 38.270000000002256, 46.751109403367082, 1.110976499999879 ], [ 38.277790811185696, 46.756104594409408, 1.6104765 ], [ 38.281711956004074, 46.758618693003882, 1.414376499999889 ], [ 38.283908612671439, 46.760000000003856, 1.304576499999939 ], [ 38.285233893002442, 46.76083336600459, 1.238276499999984 ], [ 38.286677022861113, 46.761661488573736, 1.166176499999892 ], [ 38.289999999999054, 46.763568338696132, 1.3568765 ], [ 38.29258066500006, 46.765049222003654, 1.3758765 ], [ 38.301411838159765, 46.770000000000437, 1.429376499999989 ], [ 38.309505025003091, 46.774537061002775, 1.478476499999942 ], [ 38.310000000003129, 46.774837524006216, 1.483776499999976 ], [ 38.314663371125789, 46.777668314443872, 1.76687650000008 ], [ 38.316825978999987, 46.778981075001866, 1.658676499999956 ], [ 38.318319857206006, 46.780000000002474, 1.583976500000063 ], [ 38.320326794999346, 46.781368865998957, 1.62057649999997 ], [ 38.327911970000059, 46.787026418998721, 1.8070765 ], [ 38.33, 46.78876633226173, 1.876676500000031 ], [ 38.331480496362929, 46.790000000004511, 1.925976499999933 ], [ 38.331515439003851, 46.790029117000813, 1.924276499999905 ], [ 38.33325025909653, 46.791625129548265, 1.837476500000093 ], [ 38.334928087000662, 46.793168710002647, 1.7535765 ], [ 38.340546888999597, 46.799090234999312, 1.472676500000034 ], [ 38.341337843557994, 46.799999999999272, 1.43307649999997 ], [ 38.346445793004023, 46.805875222004033, 1.765276500000027 ], [ 38.349146994834882, 46.80957349741584, 1.9999765 ], [ 38.349458510181648, 46.81000000000131, 1.9999765 ], [ 38.350000000004002, 46.810741365738068, 1.9999765 ], [ 38.351100284004133, 46.812247789002868, 1.944976499999939 ], [ 38.353063245001977, 46.815701192002962, 1.8468765 ], [ 38.354807498002629, 46.819327823001004, 1.759576500000094 ], [ 38.35509117685433, 46.820000000003347, 1.7454765 ], [ 38.356391937002627, 46.823082151004201, 1.680376499999966 ], [ 38.356445108312982, 46.823222554159656, 1.677776499999936 ], [ 38.359011757793269, 46.829999999998108, 1.54937649999988 ], [ 38.361116737192788, 46.835558368593411, 1.444176499999912 ], [ 38.36223844199958, 46.838520321003671, 1.388076499999897 ], [ 38.362873505122479, 46.840000000000146, 1.356276499999922 ], [ 38.363849683999433, 46.842274469001495, 1.307476499999893 ], [ 38.365633474999413, 46.84589942400271, 1.2182765 ], [ 38.367218578392567, 46.848609289194428, 1.139076500000101 ], [ 38.367650775000584, 46.849348165003903, 1.117476500000066 ], [ 38.368119271870455, 46.850000000002183, 1.094076500000028 ], [ 38.368616468420441, 46.850691765792362, 1.069176499999912 ], [ 38.369966755999485, 46.852570465001918, 1.001676500000031 ], [ 38.3700000000008, 46.852606848973664, 0.9999765 ], [ 38.3729683499987, 46.855855566001992, 0.9999765 ], [ 38.376369326002532, 46.858811804000652, 0.9999765 ], [ 38.378028503439054, 46.86000000000422, 0.9999765 ], [ 38.379703695998614, 46.86119966500155, 1.119976499999893 ], [ 38.383235279028668, 46.863382360488686, 1.338276499999893 ], [ 38.383268405001218, 46.863402834002045, 1.340276500000073 ], [ 38.389999999999418, 46.867007771672434, 1.700776500000075 ], [ 38.390925272002278, 46.867503277997457, 1.704076499999928 ], [ 38.396023855251769, 46.870000000004438, 1.698776499999894 ], [ 38.400055797001187, 46.871974399000464, 1.694676500000014 ], [ 38.409602110001288, 46.876368257002468, 1.6566765 ], [ 38.410000000001673, 46.876539127111755, 1.653876500000024 ], [ 38.418059026484116, 46.880000000001019, 1.597076499999957 ], [ 38.419452933001594, 46.880598600004305, 1.587176499999941 ], [ 38.429544702001294, 46.884542230003717, 1.476976500000092 ], [ 38.430000000000291, 46.88470326866809, 1.470376499999929 ], [ 38.434672018000128, 46.886355758999343, 1.401976500000046 ], [ 38.445090884999445, 46.88953409700116, 1.198876500000097 ], [ 38.446990898270087, 46.890000000003056, 1.150476499999968 ], [ 38.450000000002547, 46.890737863017421, 1.073776499999894 ], [ 38.450389127003291, 46.890833281000596, 1.083376499999986 ], [ 38.460020372000145, 46.892595761997654, 1.259576500000094 ], [ 38.463876224679552, 46.893061887662043, 1.3061765 ], [ 38.469804227001077, 46.893778511001074, 1.377876499999957 ], [ 38.470000000001164, 46.893793614344759, 1.379376500000035 ], [ 38.478971477788946, 46.894485738894218, 1.448576499999945 ], [ 38.479693968, 46.894541477004168, 1.454176499999903 ], [ 38.489655382003548, 46.895005307003885, 1.500576500000079 ], [ 38.49000000000342, 46.89501407262469, 1.501376499999878 ], [ 38.499489128606001, 46.895255435701984, 1.525576499999943 ], [ 38.499663697999495, 46.895259876002456, 1.52597650000007 ], [ 38.510000000000218, 46.895326218051196, 1.5325765 ], [ 38.519754675002332, 46.895388827004354, 1.538876500000015 ], [ 38.520765251978446, 46.89538262599126, 1.538276499999938 ], [ 38.530000000004293, 46.8953259605114, 1.5325765 ], [ 38.539464226139899, 46.895267886933652, 1.526776500000096 ], [ 38.550000000001091, 46.89520323821489, 1.520276499999909 ], [ 38.560280314042757, 46.895140157022979, 1.513976499999899 ], [ 38.569972118000805, 46.895080686997971, 1.508076500000016 ], [ 38.569999999999709, 46.895080766955289, 1.508076500000016 ], [ 38.579782359312958, 46.895108820344831, 1.5108765 ], [ 38.584917969003072, 46.895123548003539, 1.512376500000073 ], [ 38.590000000001965, 46.895214009182382, 1.521376500000088 ], [ 38.599725666002996, 46.895387128004586, 1.538676500000065 ], [ 38.600860919385013, 46.895430459690033, 1.543076500000097 ], [ 38.609478090003904, 46.895759369999723, 1.575976500000024 ], [ 38.610000000000582, 46.895792119728867, 1.579176499999903 ], [ 38.619092183002067, 46.896362652003518, 1.636276499999894 ], [ 38.623607623147109, 46.896803811572681, 1.680376499999966 ], [ 38.628517932998875, 46.897283550004431, 1.728376499999968 ], [ 38.630000000002838, 46.897501956058477, 1.750176499999952 ], [ 38.633858782439347, 46.898070608780472, 1.8070765 ], [ 38.637690486002612, 46.898635271003513, 1.615476499999886 ], [ 38.644672385737067, 46.899999999997817, 1.266376499999978 ], [ 38.650000000001455, 46.901041371256724, 1.1041765 ], [ 38.652318286000082, 46.901494518999243, 1.1494765 ], [ 38.653373046845445, 46.90168652342436, 1.168676499999947 ], [ 38.670000000003711, 46.90471322711528, 1.471276499999931 ], [ 38.680218363999302, 46.906573337002555, 1.657376500000055 ], [ 38.685788181912358, 46.907894090954869, 1.789376499999889 ], [ 38.68945246399926, 46.908762991002732, 1.876276499999904 ], [ 38.690000000002328, 46.908921561933312, 1.8921765 ], [ 38.693723782633242, 46.909999999999854, 1.813776499999904 ], [ 38.694536888002403, 46.910235482000644, 1.796676500000103 ], [ 38.704510413999742, 46.913646180000796, 1.639076500000101 ], [ 38.709391578004215, 46.915526309001507, 1.583076500000061 ], [ 38.709999999999127, 46.915781321493341, 1.578176499999927 ], [ 38.718906423999215, 46.919514338003864, 1.506076500000063 ], [ 38.71997025978817, 46.920000000001892, 1.501476500000081 ], [ 38.728013687001294, 46.92367198300235, 1.4664765 ], [ 38.730000000001382, 46.924663772753775, 1.466376500000024 ], [ 38.735339901546467, 46.927330049231387, 1.73297649999995 ], [ 38.735686454003371, 46.927503087001242, 1.715676499999972 ], [ 38.740048037201632, 46.930000000003929, 1.497576499999923 ], [ 38.744687739523215, 46.932656130244141, 1.265576499999952 ], [ 38.75, 46.935697285633069, 1.569776499999989 ], [ 38.753880420003043, 46.937918743002228, 1.597876499999984 ], [ 38.757126156959202, 46.93999999999869, 1.643676500000083 ], [ 38.762766504240062, 46.943616747879787, 1.36167649999993 ], [ 38.767550681999637, 46.94668449600249, 1.6684765 ], [ 38.770000000002256, 46.948426330760412, 1.842676499999925 ], [ 38.770677660999354, 46.948908250004024, 1.890776499999902 ], [ 38.771259290655507, 46.949370354672283, 1.937076500000103 ], [ 38.772051795946027, 46.950000000000728, 1.897376500000064 ], [ 38.773651722003706, 46.951271141000689, 1.817376499999909 ], [ 38.776444832998095, 46.953813022999384, 1.677776499999936 ], [ 38.778392830499797, 46.955803584751266, 1.580376500000057 ], [ 38.782499513650691, 46.960000000002765, 1.3749765 ], [ 38.784413937002682, 46.961956254001052, 1.279276499999924 ], [ 38.784985546833923, 46.962507226582602, 1.250676500000054 ], [ 38.790000000000873, 46.967340639272152, 1.734076499999901 ], [ 38.79275896983745, 46.969999999997526, 1.862076500000057 ], [ 38.793169569000383, 46.970395775000725, 1.8414765 ], [ 38.795357429078649, 46.972678714537324, 1.732176499999923 ], [ 38.80237379893515, 46.979999999999563, 1.381276500000013 ], [ 38.804580792002525, 46.982302904003518, 1.270976499999961 ], [ 38.807567284002289, 46.985092168999472, 1.121676499999921 ], [ 38.810000000003129, 46.987062175841857, 0.9999765 ], [ 38.811183383999378, 46.988020477001555, 0.9999765 ], [ 38.812341152319277, 46.988829423844436, 0.9999765 ], [ 38.814016486121545, 46.990000000001601, 0.9999765 ], [ 38.815075118003733, 46.990739679002218, 0.9999765 ], [ 38.819205952004268, 46.99325194100129, 0.9999765 ], [ 38.823544655004298, 46.995554760002051, 0.9999765 ], [ 38.828064802999506, 46.997640843999761, 0.9999765 ], [ 38.830000000001746, 46.998408864561497, 0.9999765 ], [ 38.832744294002623, 46.99949799100068, 0.9999765 ], [ 38.834220618404288, 47.000000000003638, 0.9999765 ], [ 38.837047379000069, 47.000961211004324, 1.096076499999981 ], [ 38.845893577003153, 47.003473344999293, 1.347376499999882 ], [ 38.850000000004002, 47.004485557217777, 1.448576499999945 ], [ 38.85943117700117, 47.006810294002207, 1.681076500000017 ], [ 38.868380212654301, 47.009190106331516, 1.918976500000099 ], [ 38.868393621001815, 47.009193672001857, 1.9193765 ], [ 38.870000000002619, 47.009711899758258, 1.971176499999956 ], [ 38.870893040137162, 47.009999999998399, 1.955376500000057 ], [ 38.878142969999317, 47.012338872003966, 1.592876500000102 ], [ 38.882266812415764, 47.013866593790226, 1.386676500000021 ], [ 38.889999999999418, 47.016731436324335, 1.673176499999954 ], [ 38.895693338998171, 47.018840595001166, 1.599376500000062 ], [ 38.898422884814863, 47.020000000000437, 1.578876499999978 ], [ 38.909638261000509, 47.024763856003119, 1.494476500000019 ], [ 38.910000000003492, 47.02493633587801, 1.4936765 ], [ 38.915183891402194, 47.027408054298576, 1.740776500000038 ], [ 38.917528061001576, 47.028525772000648, 1.623576499999899 ], [ 38.920199784573924, 47.030000000002474, 1.489976500000012 ], [ 38.924858615533594, 47.032570692235822, 1.257076500000039 ], [ 38.930000000000291, 47.035407652248978, 1.5407765 ], [ 38.932428178999544, 47.036747494999872, 1.553376500000013 ], [ 38.937809411858325, 47.040000000004511, 1.6095765 ], [ 38.940540440002223, 47.041650678003862, 1.638076499999897 ], [ 38.948057448000327, 47.04693494300227, 1.790576500000043 ], [ 38.950000000002547, 47.048650388122041, 1.865076499999986 ], [ 38.950975795827617, 47.049512102090375, 1.951176499999974 ], [ 38.951528286286702, 47.049999999999272, 1.923576500000081 ], [ 38.953888691003158, 47.052084446002482, 1.805576499999916 ], [ 38.956353166000554, 47.054923379004322, 1.682376499999918 ], [ 38.957371204367519, 47.056314397821552, 1.631476499999962 ], [ 38.958539896002549, 47.057911265002986, 1.572976500000095 ], [ 38.959873989673724, 47.06000000000131, 1.506276500000013 ], [ 38.96050345200274, 47.060985523003183, 1.474876499999937 ], [ 38.963692836065093, 47.066846418032583, 1.315376499999957 ], [ 38.965408953485166, 47.070000000003347, 1.229576499999894 ], [ 38.966390942590806, 47.071804528704888, 1.180476499999941 ], [ 38.967010268999729, 47.072942619000969, 1.294276500000024 ], [ 38.968339984001432, 47.075680918002035, 1.568076499999961 ], [ 38.969504877997679, 47.078706180000154, 1.87057649999997 ], [ 38.969798735995937, 47.079999999998108, 1.9999765 ], [ 38.970000000001164, 47.080886140238363, 1.9999765 ], [ 38.970188162003979, 47.081714594003643, 1.990576500000088 ], [ 38.970283279000796, 47.084385617001317, 1.985876499999904 ], [ 38.970000000001164, 47.086145066845347, 1.9999765 ], [ 38.969865557997764, 47.086980088002747, 1.9999765 ], [ 38.968922678002855, 47.089426233002087, 1.9999765 ], [ 38.968905379602802, 47.089452689804602, 1.9999765 ], [ 38.968547528733325, 47.090000000000146, 1.9999765 ], [ 38.96745436600213, 47.09167192300265, 1.832776499999909 ], [ 38.96554004200334, 47.093751576003342, 1.624876500000028 ], [ 38.963272276003408, 47.095718883003428, 1.428076500000088 ], [ 38.962516930931088, 47.096258465468054, 1.374176499999976 ], [ 38.957984837003096, 47.099495977001425, 1.600776499999938 ], [ 38.957134133934233, 47.100000000002183, 1.643276499999956 ], [ 38.954632435001258, 47.101482202002444, 1.620176500000071 ], [ 38.951032145001591, 47.103320376003467, 1.616376499999888 ], [ 38.950000000002547, 47.10375926450979, 1.6240765 ], [ 38.944185545004075, 47.106231686002502, 1.37687649999998 ], [ 38.943197840226276, 47.106598920112447, 1.340076499999896 ], [ 38.940649659001792, 47.10754634800287, 1.467476499999975 ], [ 38.93698276699979, 47.108690517001378, 1.650876500000095 ], [ 38.933115728003031, 47.109579735002626, 1.8441765 ], [ 38.930434927880924, 47.11000000000422, 1.9782765 ], [ 38.930103815864641, 47.110051907933666, 1.994776499999944 ], [ 38.930000000000291, 47.110068182992109, 1.99317649999989 ], [ 38.929801349855552, 47.11009932507659, 1.990076499999986 ], [ 38.92906499700257, 47.110214762000396, 1.978476499999942 ], [ 38.920548026999313, 47.11079103800148, 1.920876500000077 ], [ 38.916141060999507, 47.110755188001349, 1.924476500000083 ], [ 38.911669970999355, 47.110511348002547, 1.948876500000097 ], [ 38.910000000003492, 47.110344684941083, 1.9655765 ], [ 38.906620601001123, 47.110007421004411, 1.830276500000082 ], [ 38.906570689556247, 47.11000000000422, 1.828576500000054 ], [ 38.889999999999418, 47.107536213388812, 1.2463765 ], [ 38.87838229360932, 47.105808853197232, 1.419076500000074 ], [ 38.870000000002619, 47.104562545213412, 1.543776499999922 ], [ 38.862760778001757, 47.103486193003846, 1.289376499999889 ], [ 38.855540121561717, 47.102770060782859, 0.9999765 ], [ 38.852956816002916, 47.102513853000346, 0.9999765 ], [ 38.850000000004002, 47.102425369523189, 0.9999765 ], [ 38.848669000002701, 47.102385539001261, 1.066576499999883 ], [ 38.844459473002644, 47.102472399999897, 1.276976500000046 ], [ 38.836229051723421, 47.10311452586393, 1.688576499999954 ], [ 38.831909464001001, 47.103451534001579, 1.6548765 ], [ 38.830000000001746, 47.103559748866246, 1.6439765 ], [ 38.821970378379774, 47.104014810813169, 1.598476500000061 ], [ 38.818485376003082, 47.104212316002304, 1.5787765 ], [ 38.810000000003129, 47.104481103066064, 1.551876499999935 ], [ 38.804390387003878, 47.104658796000876, 1.534076500000083 ], [ 38.799434779373769, 47.104717389691359, 1.528276499999947 ], [ 38.790000000000873, 47.104828943820394, 1.51707650000003 ], [ 38.789893841998492, 47.10483019899948, 1.516976500000055 ], [ 38.780492983290969, 47.104753508356225, 1.524676499999941 ], [ 38.775185158003296, 47.104710207999233, 1.5289765 ], [ 38.770000000002256, 47.104536264168928, 1.546376499999951 ], [ 38.760404504000689, 47.104214369001056, 1.578576500000054 ], [ 38.75814382475437, 47.10407191237573, 1.5927764999999 ], [ 38.750568887999179, 47.10359457800223, 1.640576499999952 ], [ 38.75, 47.103539986352189, 1.645976499999961 ], [ 38.744060047245512, 47.102969976382155, 1.702976499999977 ], [ 38.740787270004148, 47.102655914004572, 1.734376500000053 ], [ 38.731096327999694, 47.101293337000243, 1.870676499999945 ], [ 38.730000000001382, 47.101092709111981, 1.890776499999902 ], [ 38.725730472002397, 47.10031138600425, 1.755376500000011 ], [ 38.724296412394324, 47.100000000002183, 1.714776499999971 ], [ 38.709999999999127, 47.096895733839119, 1.31047650000005 ], [ 38.700277358004314, 47.094784598000842, 1.521576500000037 ], [ 38.698968514489025, 47.094484257246222, 1.55157650000001 ], [ 38.690838054997585, 47.092618557999231, 1.7381765 ], [ 38.690000000002328, 47.092402726451837, 1.759776500000044 ], [ 38.680670423733318, 47.090000000000146, 1.5334765 ], [ 38.67002924800363, 47.087259485999311, 1.275476499999968 ], [ 38.670000000003711, 47.087252572235229, 1.274776499999916 ], [ 38.659577908063511, 47.084788954032774, 1.521076499999936 ], [ 38.650000000001455, 47.082524887589898, 1.747476499999948 ], [ 38.639318714012916, 47.079999999998108, 1.465976499999897 ], [ 38.637187857004392, 47.07949629900213, 1.359376500000053 ], [ 38.632642755928828, 47.078678622037842, 1.132176500000014 ], [ 38.630000000002838, 47.078203182527432, 1.179676499999914 ], [ 38.628102545997535, 47.07786182500422, 1.2137765 ], [ 38.624940967481962, 47.077470483740399, 1.252976499999932 ], [ 38.618755576997501, 47.076704854001946, 1.329476500000055 ], [ 38.610000000000582, 47.075967997883708, 1.403176499999972 ], [ 38.609212511004444, 47.075901724001596, 1.409876499999882 ], [ 38.600865990809325, 47.075432995407027, 1.456676499999958 ], [ 38.599524905999715, 47.075357682004324, 1.464276500000096 ], [ 38.590000000001965, 47.07507857276687, 1.492176499999914 ], [ 38.580405170863742, 47.074797414572458, 1.520276499999909 ], [ 38.579867494998325, 47.074781659001019, 1.521876499999962 ], [ 38.569999999999709, 47.074732837336342, 1.526676499999894 ], [ 38.559360390911024, 47.074680195457404, 1.531976499999928 ], [ 38.550051176001944, 47.074634136002715, 1.53657649999991 ], [ 38.550000000001091, 47.074634876573327, 1.536476499999935 ], [ 38.540453964402332, 47.074773017800908, 1.522676499999989 ], [ 38.530000000004293, 47.074924297712641, 1.507576499999914 ], [ 38.520244024000931, 47.075065476998134, 1.493476500000043 ], [ 38.520139140586252, 47.075069570293635, 1.493076499999916 ], [ 38.510000000000218, 47.075465271356734, 1.453476500000079 ], [ 38.500597871001446, 47.075832209002328, 1.416776499999969 ], [ 38.497958106087026, 47.076020946959034, 1.397876499999938 ], [ 38.49000000000342, 47.076589935757511, 1.340976499999897 ], [ 38.486120853998727, 47.076867287001733, 1.313276500000029 ], [ 38.484160365944263, 47.077080182974896, 1.291976499999919 ], [ 38.47666253099851, 47.077894398002172, 1.210576499999888 ], [ 38.470000000001164, 47.078903559728133, 1.109676499999978 ], [ 38.466878043000179, 47.079376437002793, 1.218476499999952 ], [ 38.463386443496347, 47.079999999998108, 1.330676499999981 ], [ 38.457318819004286, 47.081083614002637, 1.6340765 ], [ 38.453250688635308, 47.081625344315398, 1.837476500000093 ], [ 38.450000000002547, 47.08205822045602, 1.794176500000049 ], [ 38.443481086000247, 47.082926308003152, 1.7073765 ], [ 38.436906176608318, 47.083453088303941, 1.654676500000051 ], [ 38.430000000000291, 47.084006409664653, 1.599376500000062 ], [ 38.429184029999305, 47.08407178500056, 1.5927764999999 ], [ 38.419097502792283, 47.084548751397961, 1.54507650000005 ], [ 38.41459012300038, 47.084761894000621, 1.52377649999994 ], [ 38.410000000001673, 47.084871941791789, 1.512776499999973 ], [ 38.400213160770363, 47.085106580387219, 1.489376499999935 ], [ 38.394860164004058, 47.085234918002243, 1.4764765 ], [ 38.389999999999418, 47.085255152736863, 1.474476500000037 ], [ 38.380588671439909, 47.085294335720391, 1.470576499999879 ], [ 38.3700000000008, 47.085338420438347, 1.466176500000074 ], [ 38.369997942003465, 47.085338429002149, 1.466176500000074 ], [ 38.360360487560683, 47.085180243780997, 1.481976499999973 ], [ 38.35009096199974, 47.085011684002893, 1.498876500000051 ], [ 38.350000000004002, 47.085008320926136, 1.499176499999976 ], [ 38.340168008000546, 47.084644809003294, 1.535476499999959 ], [ 38.339175719303967, 47.084587859653766, 1.541176499999892 ], [ 38.330285937001463, 47.084077658000751, 1.592276500000025 ], [ 38.33, 47.084053200227572, 1.594676499999878 ], [ 38.320464229000208, 47.083237553004437, 1.676276500000085 ], [ 38.31515554922953, 47.082577774617675, 1.742176499999914 ], [ 38.310727270001735, 47.082027415000994, 1.797276499999953 ], [ 38.310000000003129, 47.081910304694247, 1.808976499999972 ], [ 38.305328874001134, 47.081158126000446, 1.650676499999918 ], [ 38.29903685010504, 47.079999999998108, 1.451876500000026 ], [ 38.289999999999054, 47.078336654272789, 1.166376500000069 ], [ 38.289215939003043, 47.078192338001827, 1.180776500000093 ], [ 38.284903604688225, 47.077451802342694, 1.254776499999934 ], [ 38.270000000002256, 47.074892480664857, 1.51077650000002 ], [ 38.265126239002711, 47.074055534001673, 1.594476499999928 ], [ 38.262818584231354, 47.073590707888798, 1.640976500000079 ], [ 38.255555719000768, 47.07212776400047, 1.787176499999987 ], [ 38.250809210003354, 47.071003036004186, 1.899676499999941 ], [ 38.25, 47.070785194695418, 1.921476499999926 ], [ 38.247083255655525, 47.070000000003347, 1.8541765 ], [ 38.245541390004291, 47.06958492600279, 1.818576500000063 ], [ 38.235103995999452, 47.066354416001559, 1.619776499999944 ], [ 38.230000000001382, 47.064611864336257, 1.53877650000004 ], [ 38.21649168481963, 47.06000000000131, 1.324576499999921 ], [ 38.209999999999127, 47.057783678475971, 1.221676500000058 ], [ 38.209257573000286, 47.057530206999218, 1.246976500000073 ], [ 38.200562195039311, 47.05471890248009, 1.5280765 ], [ 38.190829176004627, 47.051572118001786, 1.8427764999999 ], [ 38.190000000000509, 47.051269128218337, 1.873076500000025 ], [ 38.186526844423497, 47.049999999999272, 1.826376499999924 ], [ 38.180724970001393, 47.047879932999422, 1.748276499999974 ], [ 38.170000000003711, 47.043614163108941, 1.6385765 ], [ 38.160913295390856, 47.040000000004511, 1.5456764999999 ], [ 38.15157468900361, 47.036285645001044, 1.4501765 ], [ 38.149999999999636, 47.035709200665224, 1.429076500000065 ], [ 38.143407912384646, 47.033296043809969, 1.670376499999975 ], [ 38.139295447001132, 47.031790599001397, 1.464776499999971 ], [ 38.135254519998853, 47.030463363003946, 1.2626765 ], [ 38.133338267871295, 47.030000000002474, 1.166876499999944 ], [ 38.131088175681725, 47.02945591216303, 1.054376499999989 ], [ 38.130000000002838, 47.02919278376794, 1.080676499999981 ], [ 38.126873594746939, 47.028436797374525, 1.156276500000104 ], [ 38.126836940002249, 47.028427934003048, 1.157176499999878 ], [ 38.118036831998324, 47.027127806999488, 1.287176499999987 ], [ 38.109999999998763, 47.026512383432419, 1.348776499999985 ], [ 38.108985961003782, 47.026434732999405, 1.356576500000074 ], [ 38.108293431003403, 47.026422724002259, 1.3577765 ], [ 38.109999999998763, 47.02698751709795, 1.301276500000085 ], [ 38.119102465971082, 47.030000000002474, 0.9999765 ], [ 38.130000000002838, 47.033606564975344, 0.9999765 ], [ 38.137694105067567, 47.03615294746669, 1.384676500000069 ], [ 38.142263217003347, 47.037665106001441, 1.233476500000052 ], [ 38.144697078223544, 47.040000000004511, 0.9999765 ], [ 38.14651397194757, 47.041743014029635, 0.9999765 ], [ 38.149999999999636, 47.045087290985975, 0.9999765 ], [ 38.155120939953122, 47.049999999999272, 0.9999765 ], [ 38.160695208873221, 47.055347604442431, 0.9999765 ], [ 38.170000000003711, 47.064274038197254, 0.9999765 ], [ 38.173923672455203, 47.068038163773963, 0.9999765 ], [ 38.175968663412277, 47.070000000003347, 0.9999765 ], [ 38.18246570014162, 47.076232850071392, 0.9999765 ], [ 38.190000000000509, 47.08346078541399, 0.9999765 ], [ 38.196299675000773, 47.089504299001419, 0.9999765 ], [ 38.19703580582609, 47.090000000000146, 0.9999765 ], [ 38.209999999999127, 47.098729921066479, 0.9999765 ], [ 38.211886105245867, 47.100000000002183, 0.9999765 ], [ 38.216481967001528, 47.103094794001663, 0.9999765 ], [ 38.216644727002858, 47.103257554002994, 0.9999765 ], [ 38.217006089216738, 47.103503044605532, 0.9999765 ], [ 38.224131707000197, 47.108343817002606, 0.983976499999926 ], [ 38.229315127160589, 47.109657563583824, 0.9999765 ], [ 38.230000000001382, 47.109831145759017, 0.9999765 ], [ 38.230224107597678, 47.109887946206072, 0.9999765 ], [ 38.230666218667466, 47.11000000000422, 0.9999765 ], [ 38.25, 47.114900179476535, 0.9999765 ], [ 38.256768609886421, 47.116615695062137, 0.9999765 ], [ 38.265391472001284, 47.118801173997781, 0.9999765 ], [ 38.270000000002256, 47.119218872341662, 0.9999765 ], [ 38.271322519662135, 47.119338740169042, 0.9999765 ], [ 38.278618297850699, 47.119999999998981, 0.9999765 ], [ 38.292519985494437, 47.121259992749401, 0.9999765 ], [ 38.310000000003129, 47.122844310570144, 0.9999765 ], [ 38.322115228280381, 47.123942385862392, 0.9999765 ], [ 38.33, 47.124657029686205, 0.9999765 ], [ 38.341376254826173, 47.125688127413014, 0.9999765 ], [ 38.350000000004002, 47.126469748796808, 0.9999765 ], [ 38.355977034025273, 47.127011482991293, 0.9999765 ], [ 38.3700000000008, 47.128282467914687, 0.9999765 ], [ 38.388949787333331, 47.130000000001019, 0.9999765 ], [ 38.390597293002429, 47.130149323254955, 0.9999765 ], [ 38.414660658820139, 47.132330329410252, 0.9999765 ], [ 38.427907748000507, 47.133530991999578, 0.9999765 ], [ 38.430000000000291, 47.134201481994751, 0.9999765 ], [ 38.448094171462799, 47.140000000003056, 0.9999765 ], [ 38.448985221999465, 47.140285549001419, 0.9999765 ], [ 38.452660554283284, 47.145229358684446, 0.9999765 ], [ 38.452865155502877, 47.145504574469669, 0.9999765 ], [ 38.458181186002548, 47.152655341000354, 0.9999765 ], [ 38.462657097001284, 47.161810614001297, 0.9999765 ], [ 38.463795798230421, 47.162623351137881, 0.9999765 ], [ 38.47331790500175, 47.169419664003726, 0.845476499999904 ], [ 38.485524936000729, 47.174627996999334, 0.76077650000002 ], [ 38.494883659999687, 47.176581122001153, 0.7617765 ], [ 38.500498893998156, 47.18158600499919, 0.638376500000049 ], [ 38.504046266139994, 47.187163780650735, 0.482276499999898 ], [ 38.51257171112411, 47.200568920441583, 0.9999765 ], [ 38.51874463131935, 47.210275024734074, 0.9999765 ], [ 38.556967713166159, 47.215333962036311, 0.9999765 ], [ 38.550791863000995, 47.209295966000354, 0.9999765 ], [ 38.548378679179223, 47.206003906661863, 0.9999765 ], [ 38.539141806324551, 47.19340298779025, 0.521276499999885 ], [ 38.531016471997646, 47.182318427003338, 0.824076500000047 ], [ 38.522471550004411, 47.176581122001153, 0.9510765 ], [ 38.51378308816129, 47.1732267156749, 0.9999765 ], [ 38.509613477002858, 47.171616928999356, 0.9999765 ], [ 38.499620044331095, 47.156760381045387, 0.9999765 ], [ 38.499067263026518, 47.155938599164074, 0.9999765 ], [ 38.495728299334587, 47.1509747918426, 0.9999765 ], [ 38.494395379000707, 47.148993231001441, 0.9999765 ], [ 38.478037957000197, 47.14248281500295, 0.9999765 ], [ 38.478426817209765, 47.14210670430657, 0.9999765 ], [ 38.480604935182782, 47.140000000003056, 0.9999765 ], [ 38.483806605279824, 47.136903302636711, 0.9999765 ], [ 38.49000000000342, 47.130912969938436, 0.9999765 ], [ 38.490943918053745, 47.130000000001019, 0.9999765 ], [ 38.4919540759347, 47.129022962035378, 0.9999765 ], [ 38.492930534997868, 47.12807851800244, 0.9999765 ], [ 38.496407005124638, 47.126796497441319, 0.9999765 ], [ 38.510000000000218, 47.12178379825491, 0.9999765 ], [ 38.514837146547507, 47.119999999998981, 0.9999765 ], [ 38.517425977002858, 47.119045314999312, 0.9999765 ], [ 38.525569893759894, 47.11778494688042, 0.9999765 ], [ 38.530000000004293, 47.117099335175226, 0.9999765 ], [ 38.538401925847211, 47.115799037079341, 0.9999765 ], [ 38.544769727001039, 47.114813544003482, 0.9999765 ], [ 38.554974102386041, 47.114974102381893, 0.9999765 ], [ 38.56010981822692, 47.115054909114406, 0.9999765 ], [ 38.568044467001528, 47.115179755002828, 0.9999765 ], [ 38.568044467001528, 47.119022233504438, 0.9999765 ], [ 38.568044467001528, 47.122015692004425, 0.9999765 ], [ 38.563973086618716, 47.123973086620026, 0.9999765 ], [ 38.561696811004367, 47.125067450002462, 0.9999765 ], [ 38.559359467339164, 47.127339866834518, 0.9999765 ], [ 38.558767123004145, 47.127915757002484, 0.9999765 ], [ 38.556813998004145, 47.131170966003992, 0.9999765 ], [ 38.555495311929917, 47.132747655961793, 0.9999765 ], [ 38.553070509004101, 47.135646877002728, 0.9999765 ], [ 38.553396029999931, 47.135646877002728, 0.9999765 ], [ 38.56129375400451, 47.135646877002728, 0.9999765 ], [ 38.569999999999709, 47.135646877002728, 0.9999765 ], [ 38.581293754006765, 47.135646877002728, 0.9999765 ], [ 38.590000000001965, 47.135646877002728, 0.9999765 ], [ 38.598706245997164, 47.135646877002728, 0.9999765 ], [ 38.610000000000582, 47.135646877002728, 0.9999765 ], [ 38.621293754007638, 47.135646877002728, 0.9999765 ], [ 38.625498894001794, 47.135646877002728, 0.9999765 ], [ 38.630000000002838, 47.136128476719023, 0.9999765 ], [ 38.636378170804164, 47.136810914602393, 0.9999765 ], [ 38.645274284999687, 47.137762762004058, 0.9999765 ], [ 38.650000000001455, 47.138944190881375, 0.9999765 ], [ 38.654223236037069, 47.140000000003056, 0.9999765 ], [ 38.670000000003711, 47.143944191409901, 0.9999765 ], [ 38.682871941000485, 47.147162176997881, 0.9999765 ], [ 38.684737540414062, 47.147368770205503, 0.9999765 ], [ 38.690000000002328, 47.147951525759709, 0.9999765 ], [ 38.693354095239556, 47.14832295238557, 0.9999765 ], [ 38.70849834452747, 47.149999999997817, 0.9999765 ], [ 38.711194087329204, 47.150298521832156, 0.9999765 ], [ 38.719248894001794, 47.151190497002972, 0.9999765 ], [ 38.743885773686998, 47.156942886844263, 0.9999765 ], [ 38.75, 47.158370478884535, 0.9999765 ], [ 38.752221608880063, 47.158889195559823, 0.9999765 ], [ 38.756979067276916, 47.159999999999854, 0.9999765 ], [ 38.772227410001506, 47.163560289001907, 0.9999765 ], [ 38.776867253223827, 47.16343362661064, 0.9999765 ], [ 38.790000000000873, 47.163075117712651, 0.9999765 ], [ 38.795831830855604, 47.162915915425401, 0.9999765 ], [ 38.810000000003129, 47.162529140681727, 0.9999765 ], [ 38.825804614270965, 47.162097692867974, 0.9999765 ], [ 38.828868035003325, 47.162014064999312, 0.9999765 ], [ 38.830000000001746, 47.162108395425093, 0.9999765 ], [ 38.835060149067431, 47.162530074532697, 0.9999765 ], [ 38.847422721999465, 47.163560289001907, 0.9999765 ], [ 38.850000000004002, 47.164473381577409, 0.9999765 ], [ 38.856469286374704, 47.166765356812903, 0.9999765 ], [ 38.861664259004101, 47.168605860999378, 0.9999765 ], [ 38.864037614550398, 47.170000000001892, 0.9999765 ], [ 38.870000000002619, 47.173502380463106, 0.9999765 ], [ 38.873301628998888, 47.1754417989996, 0.9999765 ], [ 38.88334199062956, 47.180000000003929, 0.9999765 ], [ 38.88656660199922, 47.181463934000931, 0.9999765 ], [ 38.889999999999418, 47.181733523908406, 0.9999765 ], [ 38.894112943213258, 47.182056471607211, 0.9999765 ], [ 38.910000000003492, 47.183303920975959, 0.9999765 ], [ 38.917838853143621, 47.183919426573993, 0.9999765 ], [ 38.930000000000291, 47.184874318036236, 0.9999765 ], [ 38.931651237999176, 47.185003973003404, 0.9999765 ], [ 38.937754754000707, 47.189764716003992, 0.9999765 ], [ 38.937675197539647, 47.18999999999869, 0.9999765 ], [ 38.936565245847305, 47.193282622925835, 0.9999765 ], [ 38.935735765828213, 47.195735765832069, 0.9999765 ], [ 38.935092374415035, 47.197638561619897, 0.9999765 ], [ 38.933929884002282, 47.20107656500295, 0.9999765 ], [ 38.93291377258538, 47.207185329440108, 0.9999765 ], [ 38.932096812879536, 47.21209681288201, 0.9999765 ], [ 38.931336102861678, 47.216670128580517, 0.9999765 ], [ 38.930511914997624, 47.221625067004425, 0.9999765 ], [ 38.932061556173721, 47.225051296813035, 0.9999765 ], [ 38.937850457567038, 47.23785045756631, 0.9999765 ], [ 38.944590691002304, 47.252752997002972, 0.9999765 ], [ 38.950000000002547, 47.253449650319453, 0.9999765 ], [ 38.960417423942999, 47.254791288025444, 0.9999765 ], [ 38.970000000001164, 47.256025407463312, 0.9999765 ], [ 38.976817253998888, 47.25690338700042, 0.9999765 ], [ 38.982984477594073, 47.256492238797364, 0.9999765 ], [ 38.99000000000342, 47.256024537340636, 0.9999765 ], [ 39.000631536589935, 47.255315768292348, 0.9999765 ], [ 39.010000000002037, 47.254691204121627, 0.9999765 ], [ 39.013438347003103, 47.25446198100326, 0.9999765 ], [ 39.026347390843512, 47.259999999998399, 0.9999765 ], [ 39.027692233565176, 47.260576941609543, 0.9999765 ], [ 39.040375196003879, 47.266017971001929, 0.9999765 ], [ 39.042424168414072, 47.266212084203289, 0.9999765 ], [ 39.048106316002304, 47.266750393000621, 0.9999765 ], [ 39.05000000000291, 47.26787495939061, 0.9999765 ], [ 39.053578406268571, 47.270000000000437, 0.9999765 ], [ 39.069999999999709, 47.279751982034213, 0.9999765 ], [ 39.070417643331893, 47.280000000002474, 0.9999765 ], [ 39.090000000003783, 47.280000000002474, 0.9999765 ], [ 39.110000000000582, 47.280000000002474, 0.9999765 ], [ 39.111854951415808, 47.280000000002474, 0.9999765 ], [ 39.119883660003325, 47.277044989003116, 0.9999765 ] ] ] ] } }
]
}
