{
"type": "FeatureCollection",
"name": "azov_10_esr_plg",
"crs": { "type": "name", "properties": { "name": "urn:ogc:def:crs:OGC:1.3:CRS84" } },
"features": [
{ "type": "Feature", "properties": { "gid": 1, "objectid": 1.0, "shape_leng": 27.047663028700001, "shape_area": 2.2622876555899998, "z_mean": 0.23 }, "geometry": { "type": "MultiPolygon", "coordinates": [ [ [ [ 38.807790561000047, 47.262640692000048 ], [ 38.789561394000032, 47.25063711100006 ], [ 38.775645379000025, 47.245510158000059 ], [ 38.592621290000068, 47.229681708000044 ], [ 38.55990644600007, 47.21820709800005 ], [ 38.550791863000029, 47.20929596600007 ], [ 38.531016472000033, 47.182318427000041 ], [ 38.522471550000034, 47.176581122000073 ], [ 38.509613477000073, 47.171616929000038 ], [ 38.494395379000025, 47.148993231000077 ], [ 38.478037957000026, 47.142482815000051 ], [ 38.492930535000028, 47.128078518000052 ], [ 38.517425977000073, 47.119045315000051 ], [ 38.544769727000073, 47.114813544000071 ], [ 38.56804446700005, 47.115179755000042 ], [ 38.56804446700005, 47.122015692000048 ], [ 38.561696811000047, 47.125067450000074 ], [ 38.558767123000052, 47.127915757000039 ], [ 38.556813998000052, 47.13117096600007 ], [ 38.553070509000065, 47.135646877000056 ], [ 38.553396030000044, 47.135646877000056 ], [ 38.625498894000032, 47.135646877000056 ], [ 38.645274285000028, 47.137762762000079 ], [ 38.68287194100003, 47.147162177000041 ], [ 38.719248894000032, 47.151190497000073 ], [ 38.772227410000028, 47.163560289000031 ], [ 38.828868035000028, 47.162014065000051 ], [ 38.847422722000033, 47.163560289000031 ], [ 38.861664259000065, 47.16860586100006 ], [ 38.873301629000025, 47.175441799000055 ], [ 38.886566602000073, 47.181463934000078 ], [ 38.931651238000029, 47.18500397300005 ], [ 38.937754754000025, 47.18976471600007 ], [ 38.933929884000065, 47.201076565000051 ], [ 38.930511915000068, 47.221625067000048 ], [ 38.94459069100003, 47.252752997000073 ], [ 38.976817254000025, 47.256903387000079 ], [ 39.013438347000033, 47.254461981000077 ], [ 39.04037519600007, 47.266017971000053 ], [ 39.04810631600003, 47.266750393000052 ], [ 39.073252800000034, 47.281683661000045 ], [ 39.088145379000025, 47.286444403000075 ], [ 39.102305535000028, 47.28351471600007 ], [ 39.119883660000028, 47.277044989000046 ], [ 39.138845248000052, 47.273423570000034 ], [ 39.156504754000025, 47.279689846000053 ], [ 39.186045769000032, 47.268744208000044 ], [ 39.227386915000068, 47.267238674000055 ], [ 39.264008009000065, 47.260809637000079 ], [ 39.280039910000028, 47.235256252000056 ], [ 39.281586134000065, 47.205267645000049 ], [ 39.280039910000028, 47.197088934000078 ], [ 39.272959832000026, 47.191799221000053 ], [ 39.263926629000025, 47.191473700000074 ], [ 39.256032748000052, 47.18976471600007 ], [ 39.252614780000044, 47.18032461100006 ], [ 39.249196811000047, 47.148138739000046 ], [ 39.254567905000044, 47.140122789000031 ], [ 39.273203972000033, 47.135646877000056 ], [ 39.261973504000025, 47.107611395000049 ], [ 39.26490319100003, 47.096625067000048 ], [ 39.280039910000028, 47.087836005000042 ], [ 39.306651238000029, 47.112250067000048 ], [ 39.32935631600003, 47.12836334800005 ], [ 39.354665561000047, 47.131048895000049 ], [ 39.388682488000029, 47.115179755000042 ], [ 39.367849155000044, 47.106146552000041 ], [ 39.325043165000068, 47.098781643000052 ], [ 39.303558790000068, 47.084702867000033 ], [ 39.29615319100003, 47.06899648600006 ], [ 39.289398634000065, 47.027289130000042 ], [ 39.280039910000028, 47.012762762000079 ], [ 39.261892123000052, 47.008612372000073 ], [ 39.153086785000028, 47.026353257000039 ], [ 39.146739129000025, 47.023871161000045 ], [ 39.137705925000034, 47.018622137000079 ], [ 39.126719597000033, 47.013820705000057 ], [ 39.11491946700005, 47.012762762000079 ], [ 39.104991082000026, 47.016791083000044 ], [ 39.097422722000033, 47.029038804000038 ], [ 39.088145379000025, 47.033189195000034 ], [ 39.075205925000034, 47.03266022300005 ], [ 39.067149285000028, 47.027573960000041 ], [ 39.06023196700005, 47.021714585000041 ], [ 39.036306186000047, 47.013657945000034 ], [ 38.991384311000047, 46.97797272300005 ], [ 38.957286004000025, 46.95648834800005 ], [ 38.937347852000073, 46.947455145000049 ], [ 38.91960696700005, 46.943833726000037 ], [ 38.881114129000025, 46.946275132000039 ], [ 38.865733269000032, 46.942938544000071 ], [ 38.847422722000033, 46.930812893000052 ], [ 38.820323113000029, 46.904242255000042 ], [ 38.803721550000034, 46.893540757000039 ], [ 38.766286655000044, 46.886786200000074 ], [ 38.711436394000032, 46.868109442000048 ], [ 38.690928582000026, 46.863836981000077 ], [ 38.60906009200005, 46.85968659100007 ], [ 38.573090040000068, 46.850287177000041 ], [ 38.553070509000065, 46.84829336100006 ], [ 38.474619988000029, 46.861883856000077 ], [ 38.457692905000044, 46.857489325000074 ], [ 38.435313347000033, 46.846747137000079 ], [ 38.414724155000044, 46.833319403000075 ], [ 38.403005405000044, 46.82094961100006 ], [ 38.401540561000047, 46.811346747000073 ], [ 38.404551629000025, 46.789455471000053 ], [ 38.403005405000044, 46.779974677000041 ], [ 38.39616946700005, 46.774725653000075 ], [ 38.373220248000052, 46.762396552000041 ], [ 38.368174675000034, 46.755438544000071 ], [ 38.369395379000025, 46.744086005000042 ], [ 38.37435957100007, 46.729315497000073 ], [ 38.37818444100003, 46.708156643000052 ], [ 38.383555535000028, 46.713812567000048 ], [ 38.388438347000033, 46.725775458000044 ], [ 38.389333530000044, 46.731594143000052 ], [ 38.427989129000025, 46.744859117000033 ], [ 38.470550977000073, 46.743475653000075 ], [ 38.513438347000033, 46.732489325000074 ], [ 38.553070509000065, 46.717271226000037 ], [ 38.566742384000065, 46.709947007000039 ], [ 38.585785352000073, 46.695868231000077 ], [ 38.598155144000032, 46.677923895000049 ], [ 38.591644727000073, 46.659247137000079 ], [ 38.57545006600003, 46.653794664000031 ], [ 38.46225019600007, 46.646958726000037 ], [ 38.313649936000047, 46.676336981000077 ], [ 38.306895379000025, 46.683172919000071 ], [ 38.290049675000034, 46.706122137000079 ], [ 38.289317254000025, 46.711086330000057 ], [ 38.279958530000044, 46.725775458000044 ], [ 38.271739129000025, 46.732367255000042 ], [ 38.261485222000033, 46.728176174000055 ], [ 38.230967644000032, 46.704291083000044 ], [ 38.213877800000034, 46.696193752000056 ], [ 38.194346550000034, 46.692124742000033 ], [ 38.14576256600003, 46.690619208000044 ], [ 38.123301629000025, 46.686468817000048 ], [ 38.103688998000052, 46.675970770000049 ], [ 38.070323113000029, 46.64594147300005 ], [ 38.03679446700005, 46.629461981000077 ], [ 37.982269727000073, 46.61749909100007 ], [ 37.924652540000068, 46.61554596600007 ], [ 37.881602410000028, 46.629136460000041 ], [ 37.852224155000044, 46.62250397300005 ], [ 37.810394727000073, 46.639593817000048 ], [ 37.768239780000044, 46.663275458000044 ], [ 37.73755944100003, 46.676336981000077 ], [ 37.736501498000052, 46.673773505000042 ], [ 37.736582879000025, 46.671210028000075 ], [ 37.735362175000034, 46.669623114000046 ], [ 37.730723504000025, 46.670111395000049 ], [ 37.730723504000025, 46.662665106000077 ], [ 37.75513756600003, 46.64594147300005 ], [ 37.767751498000052, 46.617621161000045 ], [ 37.776540561000047, 46.586900132000039 ], [ 37.80209394600007, 46.538804429000038 ], [ 37.812998894000032, 46.505682684000078 ], [ 37.827321811000047, 46.476507880000042 ], [ 37.850596550000034, 46.464056708000044 ], [ 37.86296634200005, 46.454779364000046 ], [ 37.905039910000028, 46.411037502000056 ], [ 37.970957879000025, 46.361802476000037 ], [ 37.99537194100003, 46.354437567000048 ], [ 38.018728061000047, 46.368475653000075 ], [ 38.010101759000065, 46.372544664000031 ], [ 37.97779381600003, 46.382147528000075 ], [ 37.974945509000065, 46.394273179000038 ], [ 37.980642123000052, 46.400336005000042 ], [ 37.990733269000032, 46.402411200000074 ], [ 38.067881707000026, 46.401434637000079 ], [ 38.087657097000033, 46.396429755000042 ], [ 38.122894727000073, 46.377508856000077 ], [ 38.217295769000032, 46.305731512000079 ], [ 38.252452019000032, 46.288275458000044 ], [ 38.271250847000033, 46.274155992000033 ], [ 38.279470248000052, 46.255519924000055 ], [ 38.285329623000052, 46.232123114000046 ], [ 38.30005944100003, 46.218654690000051 ], [ 38.556813998000052, 46.115179755000042 ], [ 38.570811394000032, 46.104681708000044 ], [ 38.576019727000073, 46.08734772300005 ], [ 38.57349694100003, 46.064195054000038 ], [ 38.566742384000065, 46.04328034100007 ], [ 38.55990644600007, 46.03266022300005 ], [ 38.549978061000047, 46.031195380000042 ], [ 38.539073113000029, 46.033596096000053 ], [ 38.525889519000032, 46.038804429000038 ], [ 38.513845248000052, 46.037909247000073 ], [ 38.492442254000025, 46.033636786000045 ], [ 38.48178144600007, 46.03266022300005 ], [ 38.445811394000032, 46.034247137000079 ], [ 38.42741946700005, 46.038275458000044 ], [ 38.409190300000034, 46.04633209800005 ], [ 38.354502800000034, 46.082464911000045 ], [ 38.31959069100003, 46.093451239000046 ], [ 38.271983269000032, 46.135687567000048 ], [ 38.248789910000028, 46.141546942000048 ], [ 38.227549675000034, 46.138169664000031 ], [ 38.207286004000025, 46.131781317000048 ], [ 38.186696811000047, 46.128241278000075 ], [ 38.167491082000026, 46.120510158000059 ], [ 38.162119988000029, 46.101955471000053 ], [ 38.162771030000044, 46.06000397300005 ], [ 38.156260613000029, 46.047756252000056 ], [ 38.147146030000044, 46.04047272300005 ], [ 38.138926629000025, 46.030096747000073 ], [ 38.131195509000065, 45.990057684000078 ], [ 38.121104363000029, 45.97134023600006 ], [ 38.10865319100003, 45.956610419000071 ], [ 38.097504102000073, 45.950751044000071 ], [ 38.096527540000068, 45.940252997000073 ], [ 38.073985222000033, 45.881822007000039 ], [ 38.049815300000034, 45.854885158000059 ], [ 38.046885613000029, 45.840887762000079 ], [ 38.060313347000033, 45.826605536000045 ], [ 38.039561394000032, 45.816066799000055 ], [ 38.014496290000068, 45.818426825000074 ], [ 38.00123131600003, 45.832586981000077 ], [ 38.01531009200005, 45.857611395000049 ], [ 38.054698113000029, 45.889227606000077 ], [ 38.073008660000028, 45.908758856000077 ], [ 38.080821160000028, 45.929632880000042 ], [ 38.080332879000025, 45.946356512000079 ], [ 38.077972852000073, 45.952093817000048 ], [ 38.063487175000034, 45.950751044000071 ], [ 38.04615319100003, 45.953599351000037 ], [ 38.041840040000068, 45.961086330000057 ], [ 38.046071811000047, 45.981431382000039 ], [ 38.051442905000044, 45.992621161000045 ], [ 38.072276238000029, 46.013739325000074 ], [ 38.073985222000033, 46.025213934000078 ], [ 38.066254102000073, 46.032538153000075 ], [ 38.054860873000052, 46.03266022300005 ], [ 38.03248131600003, 46.025213934000078 ], [ 38.039805535000028, 46.033880927000041 ], [ 38.047048373000052, 46.038560289000031 ], [ 38.087901238000029, 46.052964585000041 ], [ 38.097504102000073, 46.057806708000044 ], [ 38.09107506600003, 46.06000397300005 ], [ 38.037852410000028, 46.056545315000051 ], [ 37.971853061000047, 46.040025132000039 ], [ 37.940114780000044, 46.020331122000073 ], [ 37.918711785000028, 45.991400458000044 ], [ 37.90202884200005, 45.950751044000071 ], [ 37.874847852000073, 45.841009833000044 ], [ 37.861094597000033, 45.80609772300005 ], [ 37.84310957100007, 45.772609768000052 ], [ 37.82943769600007, 45.753159898000035 ], [ 37.816416863000029, 45.744614976000037 ], [ 37.800629102000073, 45.741441148000035 ], [ 37.763682488000029, 45.724758205000057 ], [ 37.674001498000052, 45.671942450000074 ], [ 37.666840040000068, 45.669012762000079 ], [ 37.666840040000068, 45.663763739000046 ], [ 37.676036004000025, 45.649115302000041 ], [ 37.68482506600003, 45.641913153000075 ], [ 37.693858269000032, 45.639146226000037 ], [ 37.700694207000026, 45.634670315000051 ], [ 37.702891472000033, 45.621771552000041 ], [ 37.698252800000034, 45.623765367000033 ], [ 37.682302280000044, 45.627997137000079 ], [ 37.678884311000047, 45.61078522300005 ], [ 37.670909050000034, 45.60968659100007 ], [ 37.652517123000052, 45.623968817000048 ], [ 37.64193769600007, 45.635443427000041 ], [ 37.61459394600007, 45.642279364000046 ], [ 37.631114129000025, 45.648993231000077 ], [ 37.634776238000029, 45.660711981000077 ], [ 37.626475457000026, 45.66828034100007 ], [ 37.607920769000032, 45.66274648600006 ], [ 37.601410352000073, 45.652899481000077 ], [ 37.59506269600007, 45.635321356000077 ], [ 37.587412957000026, 45.600653387000079 ], [ 37.586192254000025, 45.56781647300005 ], [ 37.593923373000052, 45.508856512000079 ], [ 37.594248894000032, 45.477118231000077 ], [ 37.586436394000032, 45.443508205000057 ], [ 37.586273634000065, 45.432440497000073 ], [ 37.594248894000032, 45.422552802000041 ], [ 37.608246290000068, 45.415838934000078 ], [ 37.619151238000029, 45.418402411000045 ], [ 37.627777540000068, 45.428168036000045 ], [ 37.640798373000052, 45.455959377000056 ], [ 37.64193769600007, 45.504461981000077 ], [ 37.64421634200005, 45.505072333000044 ], [ 37.648692254000025, 45.50421784100007 ], [ 37.653086785000028, 45.504380601000037 ], [ 37.655039910000028, 45.508205471000053 ], [ 37.65398196700005, 45.512762762000079 ], [ 37.651540561000047, 45.516343492000033 ], [ 37.649180535000028, 45.518296617000033 ], [ 37.648203972000033, 45.518133856000077 ], [ 37.646657748000052, 45.527085679000038 ], [ 37.643402540000068, 45.534654039000031 ], [ 37.639170769000032, 45.540757554000038 ], [ 37.635101759000065, 45.545396226000037 ], [ 37.635101759000065, 45.552883205000057 ], [ 37.642832879000025, 45.553778387000079 ], [ 37.662445509000065, 45.559068101000037 ], [ 37.662445509000065, 45.566555080000057 ], [ 37.63640384200005, 45.570990302000041 ], [ 37.623301629000025, 45.585882880000042 ], [ 37.623057488000029, 45.601385809000078 ], [ 37.635101759000065, 45.608099677000041 ], [ 37.642751498000052, 45.603501695000034 ], [ 37.649424675000034, 45.584947007000039 ], [ 37.658702019000032, 45.580796617000033 ], [ 37.668630405000044, 45.578802802000041 ], [ 37.68100019600007, 45.574042059000078 ], [ 37.69263756600003, 45.568182684000078 ], [ 37.699717644000032, 45.56281159100007 ], [ 37.702647332000026, 45.543158270000049 ], [ 37.687022332000026, 45.493841864000046 ], [ 37.686045769000032, 45.484035549000055 ], [ 37.699717644000032, 45.479315497000073 ], [ 37.728363477000073, 45.457464911000045 ], [ 37.744395379000025, 45.450425523000035 ], [ 37.744395379000025, 45.443019924000055 ], [ 37.733897332000026, 45.446193752000056 ], [ 37.715098504000025, 45.454494533000059 ], [ 37.702891472000033, 45.457261460000041 ], [ 37.707692905000044, 45.436916408000059 ], [ 37.717539910000028, 45.426662502000056 ], [ 37.723480665000068, 45.414618231000077 ], [ 37.717051629000025, 45.38898346600007 ], [ 37.72982832100007, 45.390814520000049 ], [ 37.74740644600007, 45.39907461100006 ], [ 37.758067254000025, 45.402044989000046 ], [ 37.758067254000025, 45.395209052000041 ], [ 37.74773196700005, 45.39398834800005 ], [ 37.743988477000073, 45.389553127000056 ], [ 37.742198113000029, 45.382757880000042 ], [ 37.73755944100003, 45.374741929000038 ], [ 37.720469597000033, 45.357001044000071 ], [ 37.717051629000025, 45.357652085000041 ], [ 37.715342644000032, 45.354722398000035 ], [ 37.70639082100007, 45.351263739000046 ], [ 37.702891472000033, 45.347398179000038 ], [ 37.699880405000044, 45.339178778000075 ], [ 37.701833530000044, 45.337469794000071 ], [ 37.706228061000047, 45.337307033000059 ], [ 37.71029707100007, 45.333807684000078 ], [ 37.714366082000026, 45.328517971000053 ], [ 37.729258660000028, 45.315334377000056 ], [ 37.738291863000029, 45.310695705000057 ], [ 37.73601321700005, 45.306138414000031 ], [ 37.729258660000028, 45.301662502000056 ], [ 37.720469597000033, 45.299627997000073 ], [ 37.71021569100003, 45.300279039000031 ], [ 37.671071811000047, 45.309271552000041 ], [ 37.666188998000052, 45.311224677000041 ], [ 37.66179446700005, 45.312323309000078 ], [ 37.65162194100003, 45.312689520000049 ], [ 37.647471550000034, 45.315334377000056 ], [ 37.642344597000033, 45.321478583000044 ], [ 37.637868686000047, 45.328517971000053 ], [ 37.635101759000065, 45.333807684000078 ], [ 37.623789910000028, 45.314276434000078 ], [ 37.609548373000052, 45.296820380000042 ], [ 37.59107506600003, 45.28937409100007 ], [ 37.566742384000065, 45.299627997000073 ], [ 37.58912194100003, 45.303127346000053 ], [ 37.60084069100003, 45.306870835000041 ], [ 37.607920769000032, 45.312689520000049 ], [ 37.607676629000025, 45.322414455000057 ], [ 37.60084069100003, 45.331366278000075 ], [ 37.591644727000073, 45.338039455000057 ], [ 37.583994988000029, 45.340562242000033 ], [ 37.573741082000026, 45.341701565000051 ], [ 37.55396569100003, 45.34634023600006 ], [ 37.54265384200005, 45.347398179000038 ], [ 37.53638756600003, 45.345445054000038 ], [ 37.515798373000052, 45.336371161000045 ], [ 37.504730665000068, 45.333807684000078 ], [ 37.51880944100003, 45.360419012000079 ], [ 37.519297722000033, 45.369289455000057 ], [ 37.504730665000068, 45.361070054000038 ], [ 37.460134311000047, 45.340562242000033 ], [ 37.446787957000026, 45.330023505000042 ], [ 37.431407097000033, 45.322333075000074 ], [ 37.39380944100003, 45.317328192000048 ], [ 37.381358269000032, 45.306463934000078 ], [ 37.37045332100007, 45.322211005000042 ], [ 37.347666863000029, 45.327704169000071 ], [ 37.158946160000028, 45.326076565000051 ], [ 37.153005405000044, 45.320461330000057 ], [ 37.162282748000052, 45.306463934000078 ], [ 37.173675977000073, 45.300116278000075 ], [ 37.187754754000025, 45.298773505000042 ], [ 37.216807488000029, 45.299627997000073 ], [ 37.274261915000068, 45.294134833000044 ], [ 37.302744988000029, 45.286322333000044 ], [ 37.319183790000068, 45.271673895000049 ], [ 37.254405144000032, 45.276922919000071 ], [ 37.24537194100003, 45.268296617000033 ], [ 37.236501498000052, 45.25531647300005 ], [ 37.214854363000029, 45.25141022300005 ], [ 37.169118686000047, 45.251166083000044 ], [ 37.112478061000047, 45.239325262000079 ], [ 37.089854363000029, 45.237534898000035 ], [ 37.078379754000025, 45.238959052000041 ], [ 37.071055535000028, 45.243312893000052 ], [ 37.067149285000028, 45.250718492000033 ], [ 37.065928582000026, 45.261460679000038 ], [ 37.071462436000047, 45.265814520000049 ], [ 37.097666863000029, 45.268459377000056 ], [ 37.106944207000026, 45.271673895000049 ], [ 37.106944207000026, 45.276556708000044 ], [ 37.11101321700005, 45.30304596600007 ], [ 37.113780144000032, 45.312689520000049 ], [ 37.119151238000029, 45.314886786000045 ], [ 37.131521030000044, 45.324774481000077 ], [ 37.139414910000028, 45.335516669000071 ], [ 37.131521030000044, 45.340562242000033 ], [ 37.10873457100007, 45.342474677000041 ], [ 37.066661004000025, 45.35382721600007 ], [ 36.936289014000067, 45.411770323000042 ], [ 36.878103061000047, 45.431870835000041 ], [ 36.862478061000047, 45.431830145000049 ], [ 36.847666863000029, 45.434068101000037 ], [ 36.83326256600003, 45.443019924000055 ], [ 36.705088738000029, 45.391017971000053 ], [ 36.681895379000025, 45.366197007000039 ], [ 36.666514519000032, 45.340399481000077 ], [ 36.668142123000052, 45.326361395000049 ], [ 36.687998894000032, 45.33148834800005 ], [ 36.72779381600003, 45.371771552000041 ], [ 36.747569207000026, 45.381537177000041 ], [ 36.759287957000026, 45.383978583000044 ], [ 36.770030144000032, 45.387884833000044 ], [ 36.781586134000065, 45.387640692000048 ], [ 36.80591881600003, 45.370754299000055 ], [ 36.817393425000034, 45.367621161000045 ], [ 36.847504102000073, 45.367336330000057 ], [ 36.847504102000073, 45.361070054000038 ], [ 36.828623894000032, 45.356756903000075 ], [ 36.819021030000044, 45.352606512000079 ], [ 36.81218509200005, 45.347398179000038 ], [ 36.80982506600003, 45.336981512000079 ], [ 36.812266472000033, 45.32562897300005 ], [ 36.81218509200005, 45.316392320000034 ], [ 36.802500847000033, 45.312689520000049 ], [ 36.794769727000073, 45.32485586100006 ], [ 36.786957227000073, 45.348578192000048 ], [ 36.775726759000065, 45.364813544000071 ], [ 36.758067254000025, 45.354234117000033 ], [ 36.758474155000044, 45.340765692000048 ], [ 36.766449415000068, 45.319810289000031 ], [ 36.771838312000057, 45.310854094000035 ], [ 36.788828972000033, 45.292181708000044 ], [ 36.943125847000033, 45.316392320000034 ], [ 36.947276238000029, 45.320217190000051 ], [ 36.956797722000033, 45.318019924000055 ], [ 36.96615644600007, 45.311590887000079 ], [ 36.97038821700005, 45.30304596600007 ], [ 36.96802819100003, 45.290961005000042 ], [ 36.961680535000028, 45.282945054000038 ], [ 36.952972852000073, 45.277167059000078 ], [ 36.93523196700005, 45.268011786000045 ], [ 36.875173373000052, 45.245794989000046 ], [ 36.854502800000034, 45.242254950000074 ], [ 36.840830925000034, 45.232855536000045 ], [ 36.829844597000033, 45.230698960000041 ], [ 36.79615319100003, 45.23187897300005 ], [ 36.785411004000025, 45.230698960000041 ], [ 36.764821811000047, 45.223822333000044 ], [ 36.729665561000047, 45.206284898000035 ], [ 36.70671634200005, 45.202826239000046 ], [ 36.594737175000034, 45.204820054000038 ], [ 36.586192254000025, 45.202826239000046 ], [ 36.577321811000047, 45.194159247000073 ], [ 36.490570509000065, 45.292181708000044 ], [ 36.497243686000047, 45.300726630000042 ], [ 36.494395379000025, 45.305243231000077 ], [ 36.48796634200005, 45.309312242000033 ], [ 36.484385613000029, 45.316392320000034 ], [ 36.489268425000034, 45.336330471000053 ], [ 36.502452019000032, 45.346869208000044 ], [ 36.521820509000065, 45.34992096600007 ], [ 36.545176629000025, 45.347398179000038 ], [ 36.574880405000044, 45.336086330000057 ], [ 36.586192254000025, 45.333807684000078 ], [ 36.598317905000044, 45.33429596600007 ], [ 36.630869988000029, 45.340562242000033 ], [ 36.63835696700005, 45.351263739000046 ], [ 36.631114129000025, 45.374741929000038 ], [ 36.613536004000025, 45.408880927000041 ], [ 36.598806186000047, 45.421210028000075 ], [ 36.58326256600003, 45.427394924000055 ], [ 36.566661004000025, 45.425197658000059 ], [ 36.548594597000033, 45.412298895000049 ], [ 36.532969597000033, 45.408921617000033 ], [ 36.515879754000025, 45.419745184000078 ], [ 36.490570509000065, 45.443019924000055 ], [ 36.470550977000073, 45.445786851000037 ], [ 36.41179446700005, 45.436224677000041 ], [ 36.391368035000028, 45.439642645000049 ], [ 36.359629754000025, 45.454494533000059 ], [ 36.340505405000044, 45.457261460000041 ], [ 36.32976321700005, 45.454250393000052 ], [ 36.321055535000028, 45.448391018000052 ], [ 36.311696811000047, 45.443508205000057 ], [ 36.298838738000029, 45.443019924000055 ], [ 36.307383660000028, 45.460923570000034 ], [ 36.299978061000047, 45.473334052000041 ], [ 36.284027540000068, 45.476629950000074 ], [ 36.267832879000025, 45.467230536000045 ], [ 36.252452019000032, 45.461493231000077 ], [ 36.137461785000028, 45.462062893000052 ], [ 36.117930535000028, 45.457098700000074 ], [ 36.096364780000044, 45.441961981000077 ], [ 36.068858269000032, 45.42999909100007 ], [ 36.065277540000068, 45.425482489000046 ], [ 36.051768425000034, 45.395209052000041 ], [ 36.022308790000068, 45.368109442000048 ], [ 35.98601321700005, 45.36273834800005 ], [ 35.94662519600007, 45.372137762000079 ], [ 35.871104363000029, 45.404120184000078 ], [ 35.854014519000032, 45.414007880000042 ], [ 35.84693444100003, 45.426255601000037 ], [ 35.852224155000044, 45.444159247000073 ], [ 35.860036655000044, 45.459540106000077 ], [ 35.817149285000028, 45.464056708000044 ], [ 35.80396569100003, 45.449164130000042 ], [ 35.794932488000029, 45.430568752000056 ], [ 35.791758660000028, 45.412298895000049 ], [ 35.78842207100007, 45.407456773000035 ], [ 35.77271569100003, 45.392279364000046 ], [ 35.767425977000073, 45.38898346600007 ], [ 35.752940300000034, 45.386419989000046 ], [ 35.748545769000032, 45.379706122000073 ], [ 35.74740644600007, 45.370754299000055 ], [ 35.743337436000047, 45.361070054000038 ], [ 35.715993686000047, 45.340562242000033 ], [ 35.69499759200005, 45.33038971600007 ], [ 35.517832879000025, 45.295477606000077 ], [ 35.480723504000025, 45.297796942000048 ], [ 35.332204623000052, 45.371242580000057 ], [ 35.044444207000026, 45.670070705000057 ], [ 35.00189122200004, 45.729002575000038 ], [ 34.958181186000047, 45.789536851000037 ], [ 34.905039910000028, 45.888617255000042 ], [ 34.895192905000044, 45.90102773600006 ], [ 34.883474155000044, 45.912827867000033 ], [ 34.87435957100007, 45.92609284100007 ], [ 34.838552280000044, 46.047552802000041 ], [ 34.828949415000068, 46.063421942000048 ], [ 34.824229363000029, 46.077948309000078 ], [ 34.819102410000028, 46.141913153000075 ], [ 34.813243035000028, 46.158270575000074 ], [ 34.811289910000028, 46.166245835000041 ], [ 34.812266472000033, 46.176662502000056 ], [ 34.81763756600003, 46.186224677000041 ], [ 34.835134311000047, 46.203192450000074 ], [ 34.838877800000034, 46.20766836100006 ], [ 34.88217207100007, 46.221747137000079 ], [ 34.885427280000044, 46.231390692000048 ], [ 34.886566602000073, 46.242743231000077 ], [ 34.893565300000034, 46.251776434000078 ], [ 34.904795769000032, 46.255682684000078 ], [ 34.907237175000034, 46.251654364000046 ], [ 34.908050977000073, 46.244289455000057 ], [ 34.914073113000029, 46.238104559000078 ], [ 34.926524285000028, 46.235052802000041 ], [ 34.936045769000032, 46.235419012000079 ], [ 35.030772332000026, 46.251776434000078 ], [ 35.075043165000068, 46.271063544000071 ], [ 35.105072462000066, 46.295070705000057 ], [ 35.108409050000034, 46.297756252000056 ], [ 35.167816602000073, 46.361029364000046 ], [ 35.201508009000065, 46.385321356000077 ], [ 35.209483269000032, 46.396429755000042 ], [ 35.213715040000068, 46.411810614000046 ], [ 35.210703972000033, 46.420152085000041 ], [ 35.205088738000029, 46.427557684000078 ], [ 35.201996290000068, 46.440497137000079 ], [ 35.192067905000044, 46.455064195000034 ], [ 35.174001498000052, 46.473334052000041 ], [ 35.166677280000044, 46.493150132000039 ], [ 35.188324415000068, 46.512437242000033 ], [ 35.191416863000029, 46.494289455000057 ], [ 35.201670769000032, 46.476304429000038 ], [ 35.214610222000033, 46.462632554000038 ], [ 35.230316602000073, 46.455511786000045 ], [ 35.243174675000034, 46.446966864000046 ], [ 35.250498894000032, 46.443548895000049 ], [ 35.260915561000047, 46.441595770000049 ], [ 35.277110222000033, 46.440741278000075 ], [ 35.28451582100007, 46.437404690000051 ], [ 35.264496290000068, 46.399807033000059 ], [ 35.258555535000028, 46.37335846600007 ], [ 35.267588738000029, 46.351060289000031 ], [ 35.291758660000028, 46.336411851000037 ], [ 35.311534050000034, 46.337632554000038 ], [ 35.328868035000028, 46.348049221000053 ], [ 35.346039259000065, 46.361029364000046 ], [ 35.342133009000065, 46.335760809000078 ], [ 35.32781009200005, 46.319240627000056 ], [ 35.291351759000065, 46.293361721000053 ], [ 35.262217644000032, 46.257310289000031 ], [ 35.251800977000073, 46.240220445000034 ], [ 35.22787519600007, 46.221747137000079 ], [ 35.20045006600003, 46.183010158000059 ], [ 35.148936394000032, 46.164129950000074 ], [ 35.044444207000026, 46.141913153000075 ], [ 35.049082879000025, 46.132066148000035 ], [ 35.051931186000047, 46.128241278000075 ], [ 35.017100457000026, 46.112779039000031 ], [ 34.985362175000034, 46.087469794000071 ], [ 34.98210696700005, 46.077826239000046 ], [ 35.000010613000029, 46.073635158000059 ], [ 35.038584832000026, 46.086086330000057 ], [ 35.062266472000033, 46.098618882000039 ], [ 35.096527540000068, 46.104193427000041 ], [ 35.121104363000029, 46.118475653000075 ], [ 35.16179446700005, 46.128241278000075 ], [ 35.184743686000047, 46.145493882000039 ], [ 35.209483269000032, 46.169867255000042 ], [ 35.263519727000073, 46.242254950000074 ], [ 35.279551629000025, 46.255153713000027 ], [ 35.28451582100007, 46.25922272300005 ], [ 35.38013756600003, 46.368475653000075 ], [ 35.395030144000032, 46.378607489000046 ], [ 35.430023634000065, 46.395575262000079 ], [ 35.445485873000052, 46.405991929000038 ], [ 35.475759311000047, 46.435695705000057 ], [ 35.510508660000028, 46.457220770000049 ], [ 35.553173659000038, 46.472118259000069 ], [ 35.628672722000033, 46.498480536000045 ], [ 35.661306186000047, 46.519273179000038 ], [ 35.741953972000033, 46.584418036000045 ], [ 35.77116946700005, 46.601263739000046 ], [ 35.827159050000034, 46.62335846600007 ], [ 35.90162194100003, 46.652736721000053 ], [ 35.925547722000033, 46.652289130000042 ], [ 36.062022332000026, 46.670111395000049 ], [ 36.13445071700005, 46.662665106000077 ], [ 36.171722852000073, 46.66860586100006 ], [ 36.189463738000029, 46.669012762000079 ], [ 36.209971550000034, 46.662665106000077 ], [ 36.216644727000073, 46.658677476000037 ], [ 36.221853061000047, 46.654038804000038 ], [ 36.230642123000052, 46.642157294000071 ], [ 36.232920769000032, 46.640692450000074 ], [ 36.244313998000052, 46.635321356000077 ], [ 36.244476759000065, 46.630519924000055 ], [ 36.243337436000047, 46.624090887000079 ], [ 36.240733269000032, 46.619940497000073 ], [ 36.24577884200005, 46.610825914000031 ], [ 36.246755405000044, 46.61273834800005 ], [ 36.247894727000073, 46.619045315000051 ], [ 36.257823113000029, 46.62173086100006 ], [ 36.267588738000029, 46.625555731000077 ], [ 36.27116946700005, 46.622219143000052 ], [ 36.27084394600007, 46.607407945000034 ], [ 36.278330925000034, 46.607407945000034 ], [ 36.284353061000047, 46.636419989000046 ], [ 36.303477410000028, 46.659247137000079 ], [ 36.371104363000029, 46.70844147300005 ], [ 36.400157097000033, 46.723944403000075 ], [ 36.432465040000068, 46.734849351000037 ], [ 36.482676629000025, 46.741685289000031 ], [ 36.524099155000044, 46.758856512000079 ], [ 36.590017123000052, 46.758856512000079 ], [ 36.597829623000052, 46.762152411000045 ], [ 36.605967644000032, 46.769435940000051 ], [ 36.617035352000073, 46.776678778000075 ], [ 36.633962436000047, 46.779974677000041 ], [ 36.661631707000026, 46.77374909100007 ], [ 36.679209832000026, 46.773016669000071 ], [ 36.696055535000028, 46.779974677000041 ], [ 36.710134311000047, 46.772772528000075 ], [ 36.742849155000044, 46.764715887000079 ], [ 36.758067254000025, 46.758856512000079 ], [ 36.79428144600007, 46.729193427000041 ], [ 36.802500847000033, 46.724758205000057 ], [ 36.802256707000026, 46.707017320000034 ], [ 36.79029381600003, 46.671291408000059 ], [ 36.771657748000052, 46.643459377000056 ], [ 36.75123131600003, 46.649603583000044 ], [ 36.74382571700005, 46.649603583000044 ], [ 36.74382571700005, 46.642157294000071 ], [ 36.769297722000033, 46.637396552000041 ], [ 36.793711785000028, 46.653631903000075 ], [ 36.812266472000033, 46.680568752000056 ], [ 36.81959069100003, 46.70766836100006 ], [ 36.829600457000026, 46.73187897300005 ], [ 36.849131707000026, 46.754461981000077 ], [ 36.862478061000047, 46.776922919000071 ], [ 36.853688998000052, 46.800482489000046 ], [ 36.886241082000026, 46.804022528000075 ], [ 36.93881269600007, 46.839504299000055 ], [ 36.973806186000047, 46.84829336100006 ], [ 36.984873894000032, 46.852484442000048 ], [ 37.017751498000052, 46.871283270000049 ], [ 37.028819207000026, 46.875555731000077 ], [ 37.04656009200005, 46.877752997000073 ], [ 37.162282748000052, 46.909084377000056 ], [ 37.208181186000047, 46.933579820000034 ], [ 37.227061394000032, 46.936997789000031 ], [ 37.260752800000034, 46.932684637000079 ], [ 37.295420769000032, 46.92023346600007 ], [ 37.317393425000034, 46.900824286000045 ], [ 37.312998894000032, 46.875555731000077 ], [ 37.33521569100003, 46.882473049000055 ], [ 37.351735873000052, 46.89874909100007 ], [ 37.377940300000034, 46.93390534100007 ], [ 37.482920769000032, 47.035956122000073 ], [ 37.546397332000026, 47.081610419000071 ], [ 37.580739780000044, 47.090399481000077 ], [ 37.71029707100007, 47.074164130000042 ], [ 37.75326582100007, 47.075262762000079 ], [ 37.861094597000033, 47.101507880000042 ], [ 37.95045006600003, 47.09125397300005 ], [ 37.962087436000047, 47.095933335000041 ], [ 37.98764082100007, 47.091945705000057 ], [ 38.026215040000068, 47.081610419000071 ], [ 38.035166863000029, 47.08429596600007 ], [ 38.061045769000032, 47.094956773000035 ], [ 38.066579623000052, 47.098089911000045 ], [ 38.07154381600003, 47.099798895000049 ], [ 38.104340040000068, 47.081610419000071 ], [ 38.130056186000047, 47.074652411000045 ], [ 38.130381707000026, 47.058417059000078 ], [ 38.108083530000044, 47.026353257000039 ], [ 38.14226321700005, 47.037665106000077 ], [ 38.196299675000034, 47.089504299000055 ], [ 38.21648196700005, 47.103094794000071 ], [ 38.216644727000073, 47.103257554000038 ], [ 38.224131707000026, 47.108343817000048 ], [ 38.265391472000033, 47.118801174000055 ], [ 38.427907748000052, 47.133530992000033 ], [ 38.448985222000033, 47.140285549000055 ], [ 38.458181186000047, 47.15265534100007 ], [ 38.462657097000033, 47.161810614000046 ], [ 38.473317905000044, 47.169419664000031 ], [ 38.485524936000047, 47.174627997000073 ], [ 38.494883660000028, 47.176581122000073 ], [ 38.500498894000032, 47.181586005000042 ], [ 38.519053582000026, 47.210760809000078 ], [ 38.553396030000044, 47.229803778000075 ], [ 38.594574415000068, 47.241278387000079 ], [ 38.75513756600003, 47.259100653000075 ], [ 38.773448113000029, 47.258246161000045 ], [ 38.78288821700005, 47.259100653000075 ], [ 38.789561394000032, 47.262600002000056 ], [ 38.80201256600003, 47.280910549000055 ], [ 38.810394727000073, 47.287827867000033 ], [ 38.820648634000065, 47.286444403000075 ], [ 38.821136915000068, 47.276312567000048 ], [ 38.807790561000047, 47.262640692000048 ] ], [ [ 37.37, 46.84310343900006 ], [ 37.352389957000071, 46.841194978000033 ], [ 37.35, 46.840733597000053 ], [ 37.34582414700003, 46.84 ], [ 37.33, 46.837473685000077 ], [ 37.319929073000026, 46.835035463000054 ], [ 37.31, 46.834293478000063 ], [ 37.297037031000059, 46.833518515000037 ], [ 37.29, 46.832707835000065 ], [ 37.28454546100005, 46.832727269000031 ], [ 37.27, 46.832380957000055 ], [ 37.256181815000048, 46.833090907000042 ], [ 37.25, 46.833569551000039 ], [ 37.241168832000028, 46.834415584000055 ], [ 37.23, 46.835113638000053 ], [ 37.221156820000033, 46.835578410000039 ], [ 37.21, 46.836289856000064 ], [ 37.19513697800005, 46.837431510000044 ], [ 37.19, 46.837692307000054 ], [ 37.185548964000077, 46.837774482000043 ], [ 37.17, 46.838264987000059 ], [ 37.166686753000079, 46.838343376000068 ], [ 37.15, 46.838935480000032 ], [ 37.132848291000073, 46.838575854000055 ], [ 37.13, 46.838557996000077 ], [ 37.126923086000033, 46.838461543000051 ], [ 37.11, 46.837881622000054 ], [ 37.095905289000029, 46.837047355000038 ], [ 37.09, 46.836768291000055 ], [ 37.08158729400003, 46.83579364700006 ], [ 37.07, 46.834171426000069 ], [ 37.064089074000037, 46.832955463000076 ], [ 37.05, 46.831007750000026 ], [ 37.04518519800007, 46.83 ], [ 37.03, 46.826424413000041 ], [ 37.016914892000045, 46.823457446000077 ], [ 37.01, 46.821737969000026 ], [ 37.003333333000057, 46.82 ], [ 36.99, 46.816569920000063 ], [ 36.97030299100004, 46.810151495000071 ], [ 36.97, 46.810045760000037 ], [ 36.969888283000046, 46.81 ], [ 36.960274173000073, 46.804862913000079 ], [ 36.95, 46.800777207000067 ], [ 36.94868131000004, 46.8 ], [ 36.937999976000071, 46.793999988000053 ], [ 36.930997508000075, 46.79 ], [ 36.93, 46.789436618000082 ], [ 36.919034366000062, 46.78 ], [ 36.915768025000034, 46.777115987000059 ], [ 36.91, 46.773920702000055 ], [ 36.905550006000055, 46.77 ], [ 36.90055131500003, 46.764724342000079 ], [ 36.894822885000053, 46.76 ], [ 36.89, 46.755902779000053 ], [ 36.886851852000063, 46.751574074000075 ], [ 36.884940477000043, 46.75 ], [ 36.880703625000024, 46.744648187000053 ], [ 36.877010922000068, 46.74 ], [ 36.87, 46.735090403000072 ], [ 36.867050766000034, 46.73 ], [ 36.863190698000039, 46.726595349000036 ], [ 36.860021203000031, 46.72 ], [ 36.858020362000047, 46.715989819000072 ], [ 36.851835333000054, 46.71 ], [ 36.85, 46.705900384000074 ], [ 36.848782128000039, 46.699391064000054 ], [ 36.844294313000034, 46.69 ], [ 36.83812030100006, 46.68406015000005 ], [ 36.836447761000045, 46.68 ], [ 36.83, 46.674452054000028 ], [ 36.826729561000036, 46.67 ], [ 36.824126394000075, 46.662936802000047 ], [ 36.820168889000058, 46.66 ], [ 36.81800000100003, 46.655999999000073 ], [ 36.81, 46.651655726000058 ], [ 36.808438789000036, 46.65 ], [ 36.806731460000037, 46.64836573000008 ], [ 36.800351895000063, 46.64 ], [ 36.79, 46.635027813000079 ], [ 36.778089205000072, 46.63 ], [ 36.77545082000006, 46.62727459000007 ], [ 36.77, 46.626116788000047 ], [ 36.760795846000065, 46.625397923000037 ], [ 36.75, 46.625162712000076 ], [ 36.74128663700003, 46.625643318000073 ], [ 36.73, 46.629396196000073 ], [ 36.72629442300007, 46.63 ], [ 36.712199386000066, 46.631099692000078 ], [ 36.71, 46.632681705000039 ], [ 36.697950482000067, 46.633975240000041 ], [ 36.69, 46.637575360000028 ], [ 36.686092925000025, 46.638046462000034 ], [ 36.679664807000051, 46.64 ], [ 36.67399077400006, 46.641995387000065 ], [ 36.67, 46.643752712000037 ], [ 36.66194405300007, 46.645972026000038 ], [ 36.65, 46.649953379000067 ], [ 36.649933332000046, 46.649966666000068 ], [ 36.649803919000078, 46.65 ], [ 36.63, 46.655821328000059 ], [ 36.624093691000041, 46.657046845000025 ], [ 36.611875013000031, 46.66 ], [ 36.610616021000055, 46.660308010000051 ], [ 36.61, 46.660458718000029 ], [ 36.608701291000045, 46.660649354000043 ], [ 36.59, 46.663186120000034 ], [ 36.577966568000079, 46.663983284000039 ], [ 36.57, 46.66452531300007 ], [ 36.561437132000037, 46.664281433000042 ], [ 36.55, 46.664012533000061 ], [ 36.534016749000045, 46.662008374000038 ], [ 36.53, 46.661528668000074 ], [ 36.527885454000057, 46.66105727300004 ], [ 36.523043460000054, 46.66 ], [ 36.513973511000074, 46.658013244000074 ], [ 36.51, 46.657058823000057 ], [ 36.49096916600007, 46.65 ], [ 36.49, 46.649656248000042 ], [ 36.486562483000057, 46.648281241000063 ], [ 36.47, 46.641784508000057 ], [ 36.465137624000079, 46.64 ], [ 36.45, 46.63423076600003 ], [ 36.436249998000051, 46.63 ], [ 36.43, 46.628476457000033 ], [ 36.423567267000067, 46.626783633000059 ], [ 36.41, 46.623109922000026 ], [ 36.406374995000078, 46.621812502000068 ], [ 36.400901958000077, 46.62 ], [ 36.39, 46.615427629000067 ], [ 36.378461544000061, 46.61 ], [ 36.37, 46.606310971000028 ], [ 36.358034691000057, 46.6 ], [ 36.35, 46.594889704000082 ], [ 36.343968256000039, 46.59 ], [ 36.33, 46.580805961000067 ], [ 36.329432183000051, 46.580283908000069 ], [ 36.328947379000056, 46.58 ], [ 36.321710844000052, 46.574144578000073 ], [ 36.314, 46.57 ], [ 36.312227979000056, 46.568886010000028 ], [ 36.31, 46.567844612000044 ], [ 36.298555759000067, 46.56 ], [ 36.29, 46.554717833000041 ], [ 36.284434085000044, 46.55 ], [ 36.274045791000049, 46.542022895000059 ], [ 36.271653663000052, 46.54 ], [ 36.271113442000058, 46.539443278000078 ], [ 36.27, 46.538729020000062 ], [ 36.262138226000047, 46.53 ], [ 36.250586668000039, 46.52029333400003 ], [ 36.250282778000042, 46.52 ], [ 36.25, 46.519812606000073 ], [ 36.23965888400005, 46.51 ], [ 36.236955397000031, 46.506522301000075 ], [ 36.23, 46.502202901000032 ], [ 36.228073509000069, 46.5 ], [ 36.225442274000045, 46.497721137000042 ], [ 36.219058926000059, 46.49 ], [ 36.216560510000079, 46.486719745000073 ], [ 36.21, 46.482003105000047 ], [ 36.207828284000072, 46.48 ], [ 36.202883212000074, 46.473558394000065 ], [ 36.197185103000038, 46.47 ], [ 36.19, 46.463857681000036 ], [ 36.183040536000078, 46.46 ], [ 36.17, 46.452771537000046 ], [ 36.158913857000073, 46.45 ], [ 36.15, 46.448514356000032 ], [ 36.131666663000033, 46.449166668000032 ], [ 36.13, 46.44920716300004 ], [ 36.128665235000028, 46.449332617000039 ], [ 36.124979760000031, 46.45 ], [ 36.113670630000058, 46.451835315000039 ], [ 36.11, 46.452616687000045 ], [ 36.099507537000079, 46.454753768000046 ], [ 36.09, 46.458113206000064 ], [ 36.087362108000036, 46.458681054000067 ], [ 36.083353466000062, 46.46 ], [ 36.07432484900005, 46.462162424000041 ], [ 36.07, 46.464193544000068 ], [ 36.062292189000061, 46.466146094000067 ], [ 36.052312142000062, 46.47 ], [ 36.05, 46.47089285800007 ], [ 36.038474571000052, 46.474237285000072 ], [ 36.03, 46.477792204000025 ], [ 36.023906805000024, 46.48 ], [ 36.016543001000059, 46.483271500000058 ], [ 36.01, 46.486855127000069 ], [ 36.002521025000078, 46.49 ], [ 35.996520794000048, 46.493260397000029 ], [ 35.99, 46.496866364000027 ], [ 35.986714979000055, 46.498357489000057 ], [ 35.983199998000032, 46.5 ], [ 35.977193456000066, 46.503596728000048 ], [ 35.97, 46.507252746000063 ], [ 35.963150682000048, 46.51 ], [ 35.956464640000036, 46.513232319000053 ], [ 35.95, 46.51603773100004 ], [ 35.94546762300007, 46.517733811000028 ], [ 35.937766998000029, 46.52 ], [ 35.932930409000051, 46.521465204000037 ], [ 35.93, 46.522272731000044 ], [ 35.919618326000034, 46.524809162000054 ], [ 35.91, 46.526596857000072 ], [ 35.904650197000024, 46.527325098000063 ], [ 35.89, 46.529222791000052 ], [ 35.888630127000056, 46.52931506300007 ], [ 35.871250186000054, 46.53 ], [ 35.870101540000064, 46.53005076900007 ], [ 35.87, 46.530052364000028 ], [ 35.869908242000065, 46.530045879000056 ], [ 35.867142492000028, 46.53 ], [ 35.85, 46.529718305000074 ], [ 35.849371717000054, 46.52968585800005 ], [ 35.83, 46.528185840000049 ], [ 35.825879401000066, 46.527939700000047 ], [ 35.81, 46.52669491100005 ], [ 35.801136364000058, 46.525568182000029 ], [ 35.79, 46.523951619000059 ], [ 35.771132042000033, 46.520566020000047 ], [ 35.77, 46.520351551000033 ], [ 35.768487442000037, 46.52 ], [ 35.75, 46.515473249000081 ], [ 35.733270455000024, 46.51 ], [ 35.731268299000078, 46.509365850000052 ], [ 35.73, 46.509011402000056 ], [ 35.722238809000032, 46.50611940400006 ], [ 35.71, 46.501443669000025 ], [ 35.708617193000066, 46.500691403000076 ], [ 35.706893924000042, 46.5 ], [ 35.698576927000033, 46.495711536000044 ], [ 35.69, 46.492414962000055 ], [ 35.684409456000026, 46.49 ], [ 35.677176470000063, 46.486411765000071 ], [ 35.67, 46.48371134100006 ], [ 35.661595329000079, 46.48 ], [ 35.65, 46.475314466000043 ], [ 35.644955223000068, 46.472522388000073 ], [ 35.637885307000033, 46.47 ], [ 35.63, 46.465546558000028 ], [ 35.620805363000045, 46.46 ], [ 35.61, 46.454014872000073 ], [ 35.604177898000046, 46.45 ], [ 35.59, 46.442287385000043 ], [ 35.588213062000079, 46.440893469000059 ], [ 35.586060613000029, 46.44 ], [ 35.57, 46.431142067000053 ], [ 35.568056862000049, 46.43 ], [ 35.564100689000043, 46.427050344000065 ], [ 35.555311644000028, 46.42 ], [ 35.553402774000062, 46.418298613000047 ], [ 35.55, 46.415525113000058 ], [ 35.543125005000036, 46.41 ], [ 35.53, 46.401380603000064 ], [ 35.52881977100003, 46.400590114000067 ], [ 35.527730052000038, 46.4 ], [ 35.513181794000047, 46.391590896000025 ], [ 35.510460525000042, 46.39 ], [ 35.510272372000031, 46.389863813000034 ], [ 35.51, 46.389716600000042 ], [ 35.494664533000048, 46.38 ], [ 35.49, 46.37482269700007 ], [ 35.486034988000029, 46.37 ], [ 35.484906368000054, 46.367453184000055 ], [ 35.481740412000079, 46.36 ], [ 35.47108109900006, 46.350540549000073 ], [ 35.470483392000062, 46.35 ], [ 35.47, 46.34962790000003 ], [ 35.458137542000031, 46.34 ], [ 35.45, 46.333333328000037 ], [ 35.446432167000069, 46.33 ], [ 35.44027397800005, 46.325136988000054 ], [ 35.434010691000026, 46.32 ], [ 35.43, 46.316428569000038 ], [ 35.425909098000034, 46.312045451000074 ], [ 35.423059137000052, 46.31 ], [ 35.41937269500005, 46.305313652000052 ], [ 35.414262299000029, 46.3 ], [ 35.412675820000061, 46.29866209000005 ], [ 35.41, 46.296694911000031 ], [ 35.402273838000042, 46.29 ], [ 35.398030304000031, 46.284015151000062 ], [ 35.395286782000028, 46.28 ], [ 35.39, 46.272205894000081 ], [ 35.388636355000074, 46.27 ], [ 35.387510360000078, 46.268755179000038 ], [ 35.380904396000062, 46.26 ], [ 35.377153279000026, 46.253576639000073 ], [ 35.375399446000074, 46.25 ], [ 35.371468526000058, 46.240734263000036 ], [ 35.37115384100008, 46.24 ], [ 35.370969973000058, 46.239515013000073 ], [ 35.37, 46.237272727000061 ], [ 35.367294697000034, 46.23 ], [ 35.366254195000067, 46.228127097000026 ], [ 35.362558140000033, 46.22 ], [ 35.361302327000033, 46.214348836000056 ], [ 35.359668511000052, 46.21 ], [ 35.355447470000058, 46.202723734000074 ], [ 35.353921569000079, 46.2 ], [ 35.352814375000037, 46.191407187000038 ], [ 35.352937503000078, 46.19 ], [ 35.35, 46.182166635000044 ], [ 35.349219233000042, 46.18 ], [ 35.349241995000057, 46.179620997000029 ], [ 35.35, 46.170714209000039 ], [ 35.350064300000042, 46.17 ], [ 35.35, 46.169767470000068 ], [ 35.347366782000051, 46.16 ], [ 35.347543869000049, 46.158771934000072 ], [ 35.349736838000069, 46.15 ], [ 35.349653674000024, 46.149826837000035 ], [ 35.346752760000072, 46.14 ], [ 35.346615376000045, 46.138307688000054 ], [ 35.347007892000079, 46.13 ], [ 35.346102587000075, 46.128051293000055 ], [ 35.343138085000078, 46.12 ], [ 35.343466142000068, 46.116733070000066 ], [ 35.344506445000036, 46.11 ], [ 35.345095790000073, 46.107547895000039 ], [ 35.347130425000046, 46.1 ], [ 35.347528084000032, 46.098764041000038 ], [ 35.35, 46.092826091000063 ], [ 35.35094203400007, 46.090471016000038 ], [ 35.351155562000031, 46.09 ], [ 35.350814480000054, 46.080407240000056 ], [ 35.350821917000076, 46.08 ], [ 35.351052632000062, 46.07947368400005 ], [ 35.354930221000075, 46.07 ], [ 35.357727268000076, 46.063863634000029 ], [ 35.359855063000055, 46.06 ], [ 35.361176465000028, 46.055588232000048 ], [ 35.363233834000027, 46.05 ], [ 35.364944240000057, 46.047472119000076 ], [ 35.37, 46.040285719000053 ], [ 35.370199008000043, 46.04 ], [ 35.373621406000041, 46.03181070200003 ], [ 35.374731202000078, 46.03 ], [ 35.379166656000052, 46.025416671000073 ], [ 35.384468061000064, 46.02 ], [ 35.39, 46.013809507000076 ], [ 35.392344318000028, 46.011172159000068 ], [ 35.393459459000042, 46.01 ], [ 35.397196658000041, 46.003598329000056 ], [ 35.399828577000051, 46.0 ], [ 35.40301961800003, 45.996509809000031 ], [ 35.408757059000038, 45.99 ], [ 35.41, 45.989051722000056 ], [ 35.417191786000046, 45.983595893000029 ], [ 35.422280692000072, 45.98 ], [ 35.424334750000071, 45.977167375000079 ], [ 35.43, 45.97 ], [ 35.438391603000071, 45.964195801000074 ], [ 35.444906808000042, 45.96 ], [ 35.446719985000072, 45.958359992000055 ], [ 35.45, 45.955494488000056 ], [ 35.45657893300006, 45.95 ], [ 35.463333333000037, 45.943333333000055 ], [ 35.466575348000049, 45.94 ], [ 35.47, 45.937881356000048 ], [ 35.476838235000059, 45.933419117000028 ], [ 35.482567549000066, 45.93 ], [ 35.484930864000034, 45.927465432000076 ], [ 35.49, 45.922465747000047 ], [ 35.491636363000055, 45.920818181000072 ], [ 35.492535217000068, 45.92 ], [ 35.501014501000043, 45.915507250000076 ], [ 35.51, 45.910814819000052 ], [ 35.510782921000043, 45.910391460000028 ], [ 35.511582741000041, 45.91 ], [ 35.519243709000079, 45.904621854000027 ], [ 35.525827335000031, 45.9 ], [ 35.52790613500008, 45.898953067000036 ], [ 35.53, 45.898027207000041 ], [ 35.548294567000028, 45.89 ], [ 35.548976740000057, 45.889488370000038 ], [ 35.55, 45.88880434400005 ], [ 35.55746544200008, 45.883732721000058 ], [ 35.563388423000049, 45.88 ], [ 35.57, 45.876078421000045 ], [ 35.57551109700006, 45.872755548000043 ], [ 35.580598262000024, 45.87 ], [ 35.584930864000057, 45.867465432000074 ], [ 35.59, 45.864607837000051 ], [ 35.598103445000049, 45.86 ], [ 35.61, 45.855430456000079 ], [ 35.61625953500004, 45.853129767000041 ], [ 35.624137892000078, 45.85 ], [ 35.626730747000067, 45.848365373000036 ], [ 35.63, 45.846599979000075 ], [ 35.643199958000025, 45.84 ], [ 35.65, 45.837553944000035 ], [ 35.658823535000067, 45.834411767000063 ], [ 35.67, 45.830220581000049 ], [ 35.670254229000079, 45.830127114000049 ], [ 35.670588218000034, 45.83 ], [ 35.680917448000059, 45.825458723000054 ], [ 35.69, 45.821951230000082 ], [ 35.692171955000049, 45.821085977000052 ], [ 35.695217411000044, 45.82 ], [ 35.703873874000067, 45.816936937000037 ], [ 35.71, 45.814769226000067 ], [ 35.715511097000046, 45.812755548000041 ], [ 35.723333355000079, 45.81 ], [ 35.73, 45.807280717000026 ], [ 35.737980778000065, 45.803990388000045 ], [ 35.748241732000054, 45.8 ], [ 35.749230757000078, 45.799615378000055 ], [ 35.75, 45.799338832000046 ], [ 35.760414747000027, 45.795207373000039 ], [ 35.77, 45.792061069000056 ], [ 35.772454548000042, 45.79122727400005 ], [ 35.776206911000031, 45.79 ], [ 35.784258385000044, 45.787129192000066 ], [ 35.79, 45.785121959000037 ], [ 35.795833342000037, 45.782916670000077 ], [ 35.804000047000045, 45.78 ], [ 35.806983266000032, 45.778491632000055 ], [ 35.81, 45.777065241000059 ], [ 35.825476162000029, 45.77 ], [ 35.83, 45.768571419000068 ], [ 35.84045872300004, 45.765229361000081 ], [ 35.85, 45.762061069000026 ], [ 35.85650604500006, 45.76 ], [ 35.864790711000069, 45.757395355000028 ], [ 35.87, 45.75572519900004 ], [ 35.888072258000079, 45.75 ], [ 35.89, 45.749310334000029 ], [ 35.900536587000033, 45.745268293000038 ], [ 35.91, 45.741565217000073 ], [ 35.914044951000051, 45.74 ], [ 35.923173089000045, 45.736586544000033 ], [ 35.93, 45.733983058000035 ], [ 35.934476190000055, 45.732238094000081 ], [ 35.940217428000039, 45.73 ], [ 35.945774666000034, 45.727887333000069 ], [ 35.95, 45.726456704000043 ], [ 35.95748857600006, 45.723744287000045 ], [ 35.967826110000033, 45.72 ], [ 35.97, 45.719029136000074 ], [ 35.979441622000024, 45.714720811000063 ], [ 35.99, 45.710458710000069 ], [ 35.991098888000067, 45.71 ], [ 36.001848339000048, 45.70592416900007 ], [ 36.01, 45.70277311600006 ], [ 36.013013709000063, 45.701506854000058 ], [ 36.016734705000033, 45.7 ], [ 36.023121690000039, 45.696560844000032 ], [ 36.03, 45.692857152000045 ], [ 36.032639610000047, 45.691319804000045 ], [ 36.035000029000059, 45.69 ], [ 36.043187784000054, 45.68659389100003 ], [ 36.05, 45.684045800000035 ], [ 36.060927805000063, 45.68 ], [ 36.065510190000055, 45.677755095000066 ], [ 36.07, 45.675686270000028 ], [ 36.082747244000075, 45.67 ], [ 36.086901401000034, 45.668450700000051 ], [ 36.09, 45.667317067000056 ], [ 36.106923042000062, 45.661538479000058 ], [ 36.11, 45.660476197000037 ], [ 36.110558149000042, 45.660279074000073 ], [ 36.111411787000065, 45.66 ], [ 36.122511854000038, 45.656255927000075 ], [ 36.13, 45.653875966000044 ], [ 36.141904718000035, 45.65 ], [ 36.14671495500005, 45.648357477000047 ], [ 36.15, 45.64730157200006 ], [ 36.158803842000054, 45.644401921000053 ], [ 36.17, 45.64100000600007 ], [ 36.171238102000075, 45.640619051000044 ], [ 36.173250023000037, 45.64 ], [ 36.183526583000059, 45.636763291000079 ], [ 36.19, 45.634924252000076 ], [ 36.19613208100003, 45.633066040000074 ], [ 36.207333365000068, 45.63 ], [ 36.209019620000049, 45.629509810000059 ], [ 36.21, 45.629218758000036 ], [ 36.213571398000056, 45.628214301000071 ], [ 36.23, 45.623593747000029 ], [ 36.234487793000028, 45.622243896000043 ], [ 36.242777741000054, 45.62 ], [ 36.24760367600004, 45.618801838000081 ], [ 36.25, 45.618219169000042 ], [ 36.261267607000036, 45.615633803000037 ], [ 36.27, 45.613586207000026 ], [ 36.274928905000024, 45.61246445200004 ], [ 36.285294056000055, 45.61 ], [ 36.288518496000052, 45.609259248000058 ], [ 36.29, 45.60894735200003 ], [ 36.302420085000051, 45.606210042000043 ], [ 36.31, 45.604679481000062 ], [ 36.316547083000046, 45.603273541000078 ], [ 36.33, 45.600566038000068 ], [ 36.330807176000064, 45.600403588000063 ], [ 36.332812493000063, 45.6 ], [ 36.344859797000026, 45.59742989800003 ], [ 36.35, 45.596405218000029 ], [ 36.358949773000063, 45.594474886000057 ], [ 36.37, 45.592341769000029 ], [ 36.382542342000079, 45.59 ], [ 36.388044439000055, 45.589022219000071 ], [ 36.39, 45.588666661000047 ], [ 36.394190485000024, 45.587904757000047 ], [ 36.41, 45.584882351000033 ], [ 36.425675666000075, 45.582162167000035 ], [ 36.43, 45.581420122000054 ], [ 36.432142868000028, 45.581071433000034 ], [ 36.438571459000059, 45.58 ], [ 36.446952386000078, 45.578476193000029 ], [ 36.45, 45.577908501000081 ], [ 36.456274503000031, 45.576862748000053 ], [ 36.47, 45.574402519000046 ], [ 36.476572773000044, 45.573286386000063 ], [ 36.49, 45.571118013000046 ], [ 36.491714284000068, 45.570857142000079 ], [ 36.497058810000055, 45.57 ], [ 36.507066658000042, 45.568533329000047 ], [ 36.51, 45.568092480000075 ], [ 36.515641043000073, 45.567179478000071 ], [ 36.53, 45.56497041800003 ], [ 36.537706412000034, 45.563853205000044 ], [ 36.55, 45.56202380600007 ], [ 36.56700008200005, 45.56 ], [ 36.569423096000037, 45.559711547000063 ], [ 36.57, 45.55964072900008 ], [ 36.585940573000073, 45.557970286000057 ], [ 36.59, 45.557499991000043 ], [ 36.60188405100007, 45.555942025000036 ], [ 36.61, 45.554846618000056 ], [ 36.617417834000037, 45.553708917000051 ], [ 36.63, 45.551878789000057 ], [ 36.632952389000025, 45.551476194000031 ], [ 36.644090992000031, 45.55 ], [ 36.64875002000008, 45.549375009000073 ], [ 36.65, 45.549212133000026 ], [ 36.664757277000035, 45.547378638000055 ], [ 36.67, 45.546687113000075 ], [ 36.681010104000052, 45.545505052000067 ], [ 36.69, 45.544472054000039 ], [ 36.69709358800003, 45.543546794000065 ], [ 36.71, 45.542012197000076 ], [ 36.713419704000046, 45.541709851000064 ], [ 36.73, 45.540062103000025 ], [ 36.730099987000074, 45.540049993000025 ], [ 36.730499937000047, 45.54 ], [ 36.746405537000044, 45.538202768000076 ], [ 36.75, 45.537808994000045 ], [ 36.762811074000069, 45.536405537000064 ], [ 36.77, 45.53559322600006 ], [ 36.781223012000055, 45.534388494000041 ], [ 36.79, 45.533505741000056 ], [ 36.796100005000028, 45.533050002000039 ], [ 36.81, 45.531965319000051 ], [ 36.828783782000073, 45.53060810900007 ], [ 36.83, 45.530520232000072 ], [ 36.830957448000049, 45.530478723000044 ], [ 36.840000166000038, 45.53 ], [ 36.849000032000049, 45.529500015000053 ], [ 36.85, 45.529444461000026 ], [ 36.866540547000056, 45.528270273000032 ], [ 36.87, 45.528000003000045 ], [ 36.88523809000003, 45.527619045000051 ], [ 36.89, 45.52746834900006 ], [ 36.903801178000037, 45.526900589000036 ], [ 36.91, 45.526687503000062 ], [ 36.922814380000034, 45.526407189000054 ], [ 36.93, 45.526153856000064 ], [ 36.94246753200008, 45.526233766000075 ], [ 36.95, 45.526258061000078 ], [ 36.962356702000079, 45.526178351000055 ], [ 36.97, 45.52610390500007 ], [ 36.982965512000078, 45.526482755000075 ], [ 36.99, 45.526644733000069 ], [ 37.004027783000026, 45.527013891000081 ], [ 37.01, 45.527152319000038 ], [ 37.025211239000043, 45.527605619000042 ], [ 37.03, 45.527748330000065 ], [ 37.046714258000065, 45.528357129000028 ], [ 37.05, 45.528486828000041 ], [ 37.068297846000064, 45.529148922000047 ], [ 37.07, 45.529194618000076 ], [ 37.081428653000046, 45.53 ], [ 37.088934909000045, 45.530532545000028 ], [ 37.09, 45.530604027000038 ], [ 37.091417324000076, 45.530708662000052 ], [ 37.11, 45.531972792000033 ], [ 37.114833331000057, 45.532416665000028 ], [ 37.13, 45.533767113000067 ], [ 37.140643294000029, 45.534678352000071 ], [ 37.15, 45.535479439000028 ], [ 37.164035047000027, 45.537017523000031 ], [ 37.17, 45.53770269000006 ], [ 37.173675700000047, 45.538162150000062 ], [ 37.188378439000076, 45.54 ], [ 37.19, 45.540201336000052 ], [ 37.190566021000052, 45.540283010000053 ], [ 37.21, 45.543040545000053 ], [ 37.219278325000062, 45.544639162000067 ], [ 37.23, 45.546413779000034 ], [ 37.249259251000069, 45.55 ], [ 37.25, 45.550135137000041 ], [ 37.250476199000047, 45.550238099000069 ], [ 37.27, 45.554383560000076 ], [ 37.286623421000058, 45.558311710000055 ], [ 37.29, 45.559090924000031 ], [ 37.29317068000006, 45.56 ], [ 37.31, 45.564859152000054 ], [ 37.316460187000075, 45.566769906000047 ], [ 37.326781628000049, 45.57 ], [ 37.328750007000053, 45.570624996000049 ], [ 37.33, 45.571029407000026 ], [ 37.338749977000077, 45.574374988000045 ], [ 37.35, 45.578666666000061 ], [ 37.353214284000046, 45.58 ], [ 37.362684826000077, 45.583657586000072 ], [ 37.37, 45.586527782000076 ], [ 37.378, 45.59 ], [ 37.384402986000055, 45.592798507000055 ], [ 37.39, 45.595244754000078 ], [ 37.4, 45.6 ], [ 37.41, 45.604625849000058 ], [ 37.420259745000067, 45.61 ], [ 37.43, 45.614934199000061 ], [ 37.438850591000062, 45.62 ], [ 37.45, 45.626381571000081 ], [ 37.453160928000045, 45.628419536000081 ], [ 37.455670114000043, 45.63 ], [ 37.47, 45.638527618000069 ], [ 37.472264136000035, 45.64 ], [ 37.481428531000063, 45.645714265000038 ], [ 37.488252428000067, 45.65 ], [ 37.49, 45.650989012000025 ], [ 37.50457777400004, 45.66 ], [ 37.51, 45.663426970000046 ], [ 37.515246628000057, 45.667376686000068 ], [ 37.519322703000057, 45.67 ], [ 37.53, 45.676411483000038 ], [ 37.532923975000074, 45.678538012000047 ], [ 37.535514704000036, 45.68 ], [ 37.55, 45.689205614000059 ], [ 37.55061930200003, 45.689690349000045 ], [ 37.551137114000028, 45.69 ], [ 37.554857119000076, 45.692428559000064 ], [ 37.566102950000072, 45.7 ], [ 37.57, 45.702704077000078 ], [ 37.579930554000043, 45.71 ], [ 37.583763444000056, 45.713118278000081 ], [ 37.59, 45.717397953000045 ], [ 37.593377491000069, 45.72 ], [ 37.59910715500007, 45.724553577000052 ], [ 37.605673755000055, 45.73 ], [ 37.61, 45.733588230000066 ], [ 37.617595827000059, 45.74 ], [ 37.627580634000026, 45.748790317000044 ], [ 37.628897051000024, 45.75 ], [ 37.63, 45.751071436000075 ], [ 37.635733941000069, 45.757133029000045 ], [ 37.63899279900005, 45.76 ], [ 37.642349996000064, 45.763825002000033 ], [ 37.648641508000026, 45.77 ], [ 37.649055118000035, 45.770472441000038 ], [ 37.65, 45.771428571000058 ], [ 37.657941176000065, 45.78 ], [ 37.663170729000058, 45.786585364000075 ], [ 37.665741438000055, 45.79 ], [ 37.67, 45.795137624000063 ], [ 37.673911429000043, 45.8 ], [ 37.677821226000049, 45.806089387000043 ], [ 37.680606060000059, 45.81 ], [ 37.686470597000039, 45.818235298000047 ], [ 37.687656256000025, 45.82 ], [ 37.69, 45.823614457000076 ], [ 37.693999991000055, 45.83 ], [ 37.697455623000053, 45.836272188000066 ], [ 37.699581748000071, 45.84 ], [ 37.701543208000032, 45.844228396000062 ], [ 37.704552530000058, 45.85 ], [ 37.709179474000052, 45.859589737000078 ], [ 37.709377422000045, 45.86 ], [ 37.709480511000038, 45.860259744000075 ], [ 37.71, 45.861403534000033 ], [ 37.71375477600003, 45.87 ], [ 37.715025623000031, 45.872512811000036 ], [ 37.718725878000043, 45.88 ], [ 37.720610346000058, 45.885305172000074 ], [ 37.722156870000049, 45.89 ], [ 37.723265996000066, 45.893367002000048 ], [ 37.725697208000042, 45.9 ], [ 37.728073401000074, 45.909036700000058 ], [ 37.728333341000052, 45.91 ], [ 37.73, 45.915675623000027 ], [ 37.731250021000051, 45.92 ], [ 37.733448275000057, 45.928275862000078 ], [ 37.733984061000058, 45.93 ], [ 37.735274727000046, 45.937362636000046 ], [ 37.735877550000055, 45.94 ], [ 37.737598551000076, 45.94620072400005 ], [ 37.738582988000076, 45.95 ], [ 37.73898438100008, 45.955507809000039 ], [ 37.73950413600005, 45.96 ], [ 37.740763644000026, 45.96461817800008 ], [ 37.742489462000037, 45.97 ], [ 37.742649578000055, 45.976324789000046 ], [ 37.742680862000043, 45.98 ], [ 37.743925238000031, 45.986962619000053 ], [ 37.744372294000073, 45.99 ], [ 37.743833333000055, 45.996916666000061 ], [ 37.743593065000027, 46.0 ], [ 37.744208147000052, 46.00710407300005 ], [ 37.744311115000073, 46.01 ], [ 37.743933655000035, 46.013033172000064 ], [ 37.743424655000069, 46.02 ], [ 37.743142864000049, 46.023428568000043 ], [ 37.742837220000069, 46.03 ], [ 37.74276995300005, 46.033615023000038 ], [ 37.742890997000075, 46.04 ], [ 37.742346936000047, 46.043826532000026 ], [ 37.741862734000051, 46.05 ], [ 37.740777774000037, 46.054611113000078 ], [ 37.739509810000072, 46.06 ], [ 37.738818176000052, 46.064409088000048 ], [ 37.737319573000036, 46.07 ], [ 37.736339276000024, 46.073169637000035 ], [ 37.733809524000037, 46.08 ], [ 37.733512196000049, 46.081756097000039 ], [ 37.731325988000037, 46.09 ], [ 37.731311496000046, 46.090655747000028 ], [ 37.730457150000063, 46.1 ], [ 37.731904762000056, 46.10904761900008 ], [ 37.732142860000067, 46.11 ], [ 37.732035913000061, 46.118982043000074 ], [ 37.732023792000064, 46.12 ], [ 37.73, 46.124473671000032 ], [ 37.727407420000077, 46.13 ], [ 37.72649124000003, 46.138245619000031 ], [ 37.726226423000071, 46.14 ], [ 37.724827583000035, 46.147413791000076 ], [ 37.724478523000073, 46.15 ], [ 37.723409081000057, 46.156704540000078 ], [ 37.722969685000066, 46.16 ], [ 37.722228569000038, 46.166114284000059 ], [ 37.721446555000057, 46.17 ], [ 37.722316396000053, 46.173841802000027 ], [ 37.723456811000062, 46.18 ], [ 37.722601173000044, 46.186300586000073 ], [ 37.721898748000058, 46.19 ], [ 37.722617464000052, 46.196308732000034 ], [ 37.722857140000031, 46.2 ], [ 37.722222208000062, 46.206111104000058 ], [ 37.721818191000068, 46.21 ], [ 37.722075462000078, 46.213962269000035 ], [ 37.722549018000052, 46.22 ], [ 37.722799991000045, 46.226399995000065 ], [ 37.722987007000029, 46.23 ], [ 37.722499986000059, 46.236249993000058 ], [ 37.722356679000029, 46.24 ], [ 37.721686738000074, 46.245843369000056 ], [ 37.721375002000059, 46.25 ], [ 37.721375002000059, 46.255687501000068 ], [ 37.72158537100006, 46.26 ], [ 37.719465652000054, 46.265267173000041 ], [ 37.717380964000029, 46.27 ], [ 37.716200012000058, 46.27310000600005 ], [ 37.713859661000072, 46.28 ], [ 37.713350262000063, 46.281675130000053 ], [ 37.711978022000039, 46.29 ], [ 37.711558443000058, 46.290779221000037 ], [ 37.71, 46.294090896000057 ], [ 37.70715845400008, 46.3 ], [ 37.703193271000032, 46.306596635000062 ], [ 37.701562496000065, 46.31 ], [ 37.698591547000035, 46.315704226000037 ], [ 37.696039608000035, 46.32 ], [ 37.69, 46.329242433000047 ], [ 37.689593501000047, 46.329796750000071 ], [ 37.689473690000057, 46.33 ], [ 37.68689497500003, 46.338447487000053 ], [ 37.686616922000042, 46.34 ], [ 37.682234440000059, 46.346117220000053 ], [ 37.679856450000045, 46.35 ], [ 37.675479460000076, 46.35726027000004 ], [ 37.673555562000047, 46.36 ], [ 37.672898555000074, 46.361449277000077 ], [ 37.67, 46.368888903000027 ], [ 37.66962264700004, 46.369811323000079 ], [ 37.669561409000039, 46.37 ], [ 37.664249201000075, 46.377124600000059 ], [ 37.662436977000027, 46.38 ], [ 37.658942603000071, 46.384471301000076 ], [ 37.654938261000041, 46.39 ], [ 37.653582081000025, 46.391791040000044 ], [ 37.65, 46.397058819000051 ], [ 37.648091605000047, 46.4 ], [ 37.647354497000038, 46.401322751000066 ], [ 37.642193296000073, 46.41 ], [ 37.638333322000051, 46.415833338000027 ], [ 37.635514704000059, 46.42 ], [ 37.634065039000063, 46.422032519000027 ], [ 37.63, 46.428064514000027 ], [ 37.629, 46.4295 ], [ 37.628671588000032, 46.43 ], [ 37.623457446000032, 46.436728723000044 ], [ 37.621021893000034, 46.44 ], [ 37.617926510000075, 46.443963254000039 ], [ 37.613453250000077, 46.45 ], [ 37.612467876000039, 46.45123393800003 ], [ 37.61, 46.454485994000038 ], [ 37.606919063000078, 46.458459531000074 ], [ 37.605755398000042, 46.46 ], [ 37.601005028000031, 46.465502513000047 ], [ 37.597214292000046, 46.47 ], [ 37.59, 46.479351855000061 ], [ 37.58963060800005, 46.479815304000056 ], [ 37.589490911000041, 46.48 ], [ 37.589119502000074, 46.480440249000026 ], [ 37.580974740000045, 46.49 ], [ 37.577487688000076, 46.493743844000051 ], [ 37.571921689000078, 46.5 ], [ 37.571377537000046, 46.500688768000032 ], [ 37.57, 46.502389361000041 ], [ 37.563605949000078, 46.51 ], [ 37.558926826000061, 46.514463413000044 ], [ 37.552996259000054, 46.52 ], [ 37.551975312000025, 46.520987656000045 ], [ 37.55, 46.522877701000027 ], [ 37.544974619000072, 46.527487309000037 ], [ 37.542265618000044, 46.53 ], [ 37.534885489000033, 46.537557255000081 ], [ 37.53249026800006, 46.54 ], [ 37.531641023000077, 46.540820511000049 ], [ 37.53, 46.542352938000079 ], [ 37.524864197000056, 46.547432098000058 ], [ 37.522238801000071, 46.55 ], [ 37.51757505300003, 46.553787526000065 ], [ 37.510220581000056, 46.56 ], [ 37.51, 46.560208326000065 ], [ 37.503088243000036, 46.566544121000049 ], [ 37.499594106000075, 46.57 ], [ 37.49, 46.576598983000054 ], [ 37.486947603000033, 46.57847380100003 ], [ 37.48482625500003, 46.58 ], [ 37.479504957000074, 46.584752478000041 ], [ 37.475277783000024, 46.59 ], [ 37.473662655000055, 46.591831327000079 ], [ 37.47, 46.59863637400008 ], [ 37.469281442000067, 46.6 ], [ 37.47, 46.603428530000031 ], [ 37.471352955000043, 46.61 ], [ 37.471877570000061, 46.610938784000041 ], [ 37.47576923500003, 46.62 ], [ 37.477228922000052, 46.623614460000056 ], [ 37.47925676400007, 46.63 ], [ 37.480262171000049, 46.635131085000069 ], [ 37.480812709000077, 46.64 ], [ 37.48204723300006, 46.646023616000036 ], [ 37.482811387000027, 46.65 ], [ 37.483793104000029, 46.656896551000045 ], [ 37.484065939000061, 46.66 ], [ 37.483568916000024, 46.666784457000063 ], [ 37.483208964000028, 46.67 ], [ 37.48282609000006, 46.676413044000071 ], [ 37.482442753000043, 46.68 ], [ 37.480723696000041, 46.68536184800007 ], [ 37.479111971000066, 46.69 ], [ 37.478489204000027, 46.694244602000026 ], [ 37.477401579000059, 46.7 ], [ 37.476738356000055, 46.703369178000059 ], [ 37.474897948000034, 46.71 ], [ 37.474705874000051, 46.712352937000048 ], [ 37.473817422000025, 46.72 ], [ 37.473432830000036, 46.72171641500006 ], [ 37.47102565800003, 46.73 ], [ 37.470952397000076, 46.730476198000076 ], [ 37.47, 46.73521742500003 ], [ 37.469094647000077, 46.739547323000068 ], [ 37.468967134000025, 46.74 ], [ 37.46872092600006, 46.74063953700005 ], [ 37.465784313000029, 46.75 ], [ 37.465520842000046, 46.752239579000047 ], [ 37.464607859000068, 46.76 ], [ 37.46285714000004, 46.76357143000007 ], [ 37.460366475000058, 46.77 ], [ 37.45930233200005, 46.775348834000056 ], [ 37.458465623000052, 46.78 ], [ 37.45800001200007, 46.784000006000042 ], [ 37.456885228000033, 46.79 ], [ 37.45536168700005, 46.792680843000028 ], [ 37.450342846000069, 46.8 ], [ 37.45, 46.800967717000049 ], [ 37.447083341000052, 46.808541670000068 ], [ 37.446291408000036, 46.81 ], [ 37.442879589000029, 46.816439794000075 ], [ 37.440144951000036, 46.82 ], [ 37.437106621000055, 46.823553310000079 ], [ 37.43, 46.828750018000051 ], [ 37.428994986000077, 46.829497493000076 ], [ 37.428076947000079, 46.83 ], [ 37.41, 46.838245612000037 ], [ 37.408019797000065, 46.839009898000029 ], [ 37.403442641000026, 46.84 ], [ 37.394338642000037, 46.842169321000029 ], [ 37.39, 46.84256251000005 ], [ 37.385469592000049, 46.842265204000057 ], [ 37.37, 46.84310343900006 ] ] ] ] } },
{ "type": "Feature", "properties": { "gid": 2, "objectid": 2.0, "shape_leng": 3.32066348729, "shape_area": 0.65475161535899995, "z_mean": 1.1 }, "geometry": { "type": "MultiPolygon", "coordinates": [ [ [ [ 36.83, 45.871666687000072 ], [ 36.82666662500003, 45.871666687000072 ], [ 36.81, 45.872233024000082 ], [ 36.795714271000065, 45.872857135000061 ], [ 36.79, 45.873076918000038 ], [ 36.783535387000029, 45.873232306000034 ], [ 36.77, 45.873619019000046 ], [ 36.75814155300003, 45.874070776000053 ], [ 36.75, 45.874423067000066 ], [ 36.740107482000042, 45.874946259000069 ], [ 36.73, 45.875480794000055 ], [ 36.722100898000065, 45.876050448000058 ], [ 36.71, 45.876545434000036 ], [ 36.694175749000067, 45.87791212500008 ], [ 36.69, 45.87825691300003 ], [ 36.687121273000059, 45.878560636000032 ], [ 36.671904573000063, 45.88 ], [ 36.670264867000071, 45.880132433000028 ], [ 36.67, 45.880153826000026 ], [ 36.653483845000039, 45.88174192200006 ], [ 36.65, 45.882076899000026 ], [ 36.63635761900008, 45.883178809000071 ], [ 36.63, 45.883664147000047 ], [ 36.619559787000071, 45.884779893000029 ], [ 36.61, 45.885714292000046 ], [ 36.602874998000061, 45.886437498000078 ], [ 36.59, 45.887984521000078 ], [ 36.586867516000041, 45.88843375700003 ], [ 36.57374995400005, 45.89 ], [ 36.57, 45.890530957000067 ], [ 36.555540570000062, 45.892770284000051 ], [ 36.55, 45.893596499000068 ], [ 36.537941097000044, 45.896029451000061 ], [ 36.53, 45.89756759200003 ], [ 36.52664599600007, 45.898322998000026 ], [ 36.519411779000052, 45.9 ], [ 36.51285712300006, 45.901428561000046 ], [ 36.51, 45.902086950000069 ], [ 36.499418610000077, 45.90470930500004 ], [ 36.49, 45.906639355000038 ], [ 36.485519149000027, 45.907759574000067 ], [ 36.473921555000061, 45.91 ], [ 36.470975597000063, 45.910487798000077 ], [ 36.47, 45.91065788800006 ], [ 36.456346177000057, 45.913173088000065 ], [ 36.45, 45.914203840000027 ], [ 36.441612926000062, 45.915806463000081 ], [ 36.43, 45.917636340000058 ], [ 36.426608660000056, 45.918304330000069 ], [ 36.416551707000053, 45.92 ], [ 36.41, 45.921743141000036 ], [ 36.399285735000035, 45.924642867000045 ], [ 36.39, 45.927155934000041 ], [ 36.380605979000052, 45.93 ], [ 36.37, 45.932777777000069 ], [ 36.360370401000068, 45.935185200000035 ], [ 36.35, 45.93771653500005 ], [ 36.347055832000024, 45.938527915000066 ], [ 36.340793684000062, 45.94 ], [ 36.333523337000031, 45.941761668000026 ], [ 36.33, 45.942677182000068 ], [ 36.318666541000027, 45.945666729000038 ], [ 36.31, 45.947968782000032 ], [ 36.30736044300005, 45.948680221000075 ], [ 36.301612990000024, 45.95 ], [ 36.293185834000042, 45.951592917000028 ], [ 36.29, 45.952249996000035 ], [ 36.28217389100007, 45.953913054000054 ], [ 36.27, 45.956500009000081 ], [ 36.265234057000043, 45.957617028000072 ], [ 36.255263125000056, 45.96 ], [ 36.252030438000077, 45.961015219000046 ], [ 36.25, 45.961562482000033 ], [ 36.242452822000075, 45.963773589000027 ], [ 36.23, 45.967555587000049 ], [ 36.227013615000033, 45.96850680700004 ], [ 36.221750077000024, 45.97 ], [ 36.214820529000065, 45.972410264000075 ], [ 36.21, 45.974234241000033 ], [ 36.203600005000055, 45.976800002000061 ], [ 36.195617981000055, 45.98 ], [ 36.192092051000031, 45.981046025000069 ], [ 36.19, 45.98172414000004 ], [ 36.180195996000066, 45.984902002000069 ], [ 36.17, 45.988194469000064 ], [ 36.167815160000032, 45.988907580000046 ], [ 36.164747553000041, 45.99 ], [ 36.15610879500008, 45.993054397000037 ], [ 36.15, 45.994932421000044 ], [ 36.143852430000038, 45.99692621500003 ], [ 36.132758644000035, 46.0 ], [ 36.131016965000072, 46.000508482000043 ], [ 36.13, 46.000882364000063 ], [ 36.119122793000031, 46.004561396000042 ], [ 36.11, 46.007878794000078 ], [ 36.107575764000046, 46.008787882000036 ], [ 36.104400019000025, 46.01 ], [ 36.09, 46.016792474000056 ], [ 36.08676193000008, 46.018380965000063 ], [ 36.083644912000068, 46.02 ], [ 36.07517731300004, 46.022588656000039 ], [ 36.07, 46.024101140000027 ], [ 36.05, 46.03 ], [ 36.038076936000039, 46.04 ], [ 36.033544289000076, 46.041772144000049 ], [ 36.03, 46.043206086000055 ], [ 36.013518530000056, 46.05 ], [ 36.01, 46.052753643000074 ], [ 36.004505494000057, 46.057252746000074 ], [ 36.000476212000024, 46.06 ], [ 35.995583778000025, 46.062791889000039 ], [ 35.99, 46.066250042000036 ], [ 35.986700045000077, 46.068350022000061 ], [ 35.983400051000046, 46.07 ], [ 35.978374989000031, 46.074187494000057 ], [ 35.973392885000067, 46.08 ], [ 35.972032097000067, 46.081016048000038 ], [ 35.97, 46.082405067000082 ], [ 35.963582865000035, 46.086791432000041 ], [ 35.958235239000032, 46.09 ], [ 35.956614165000076, 46.093307082000081 ], [ 35.953962258000047, 46.1 ], [ 35.95, 46.102837811000029 ], [ 35.944207619000053, 46.10710380900008 ], [ 35.939708691000078, 46.11 ], [ 35.937999962000049, 46.113999981000063 ], [ 35.935436848000052, 46.12 ], [ 35.933636364000051, 46.121818181000037 ], [ 35.93, 46.125282951000031 ], [ 35.925327017000029, 46.13 ], [ 35.923506417000056, 46.133246791000033 ], [ 35.920196111000052, 46.14 ], [ 35.912884620000057, 46.16 ], [ 35.912884620000057, 46.161442309000051 ], [ 35.91, 46.173666726000079 ], [ 35.91, 46.187036955000053 ], [ 35.91, 46.191600028000039 ], [ 35.914421021000067, 46.21 ], [ 35.919347846000051, 46.23 ], [ 35.93, 46.248783819000039 ], [ 35.932092970000042, 46.25 ], [ 35.93529390100008, 46.252646950000042 ], [ 35.943902336000065, 46.26 ], [ 35.95, 46.264310392000027 ], [ 35.954782637000051, 46.26760868100007 ], [ 35.959041177000074, 46.27 ], [ 35.97, 46.274878027000057 ], [ 35.981830958000046, 46.28 ], [ 35.99, 46.283411778000072 ], [ 36.007230679000031, 46.29 ], [ 36.01, 46.29082571400005 ], [ 36.021627901000045, 46.294186049000075 ], [ 36.03, 46.295760007000069 ], [ 36.049459529000046, 46.299729764000062 ], [ 36.05, 46.299849644000062 ], [ 36.05022854200007, 46.299885729000039 ], [ 36.050869453000075, 46.3 ], [ 36.07, 46.303308281000056 ], [ 36.080229890000055, 46.304885055000057 ], [ 36.09, 46.305666658000064 ], [ 36.097222226000042, 46.306388887000026 ], [ 36.11, 46.30751635200005 ], [ 36.129166630000043, 46.309583314000065 ], [ 36.13, 46.309675309000056 ], [ 36.130537658000037, 46.309731171000067 ], [ 36.133703835000063, 46.31 ], [ 36.14745664000003, 46.311271679000072 ], [ 36.15, 46.311456958000065 ], [ 36.153636382000059, 46.311818190000054 ], [ 36.17, 46.313812528000028 ], [ 36.180000049000057, 46.315000024000028 ], [ 36.19, 46.316257674000042 ], [ 36.19539823000008, 46.317300884000076 ], [ 36.21, 46.319880255000044 ], [ 36.21040810900007, 46.32 ], [ 36.23, 46.327384608000045 ], [ 36.232369353000024, 46.328815323000072 ], [ 36.234331234000024, 46.33 ], [ 36.25, 46.33754601000004 ], [ 36.253846152000051, 46.34 ], [ 36.27, 46.346720008000034 ], [ 36.275484941000059, 46.35 ], [ 36.281637760000024, 46.354181120000078 ], [ 36.29, 46.359434792000059 ], [ 36.290899638000042, 46.36 ], [ 36.293561572000044, 46.361780786000054 ], [ 36.305714265000063, 46.37 ], [ 36.31, 46.373061240000027 ], [ 36.321286326000063, 46.38 ], [ 36.326139721000061, 46.381930139000076 ], [ 36.33, 46.38325076600006 ], [ 36.348918948000062, 46.389459474000034 ], [ 36.35, 46.389807698000027 ], [ 36.350689632000069, 46.39 ], [ 36.363684201000069, 46.393157899000073 ], [ 36.37, 46.395153381000057 ], [ 36.389090897000074, 46.399545448000026 ], [ 36.39, 46.399730635000026 ], [ 36.390398017000052, 46.399800991000063 ], [ 36.391176491000067, 46.4 ], [ 36.41, 46.409696964000034 ], [ 36.410282691000077, 46.409858654000061 ], [ 36.410470596000039, 46.41 ], [ 36.415627706000066, 46.417186147000052 ], [ 36.42074382800007, 46.42 ], [ 36.43, 46.422857134000026 ], [ 36.447391314000072, 46.43 ], [ 36.45, 46.431173179000041 ], [ 36.467081108000059, 46.44 ], [ 36.468632926000055, 46.440683537000041 ], [ 36.47, 46.441451598000071 ], [ 36.485436938000078, 46.45 ], [ 36.49, 46.452670432000048 ], [ 36.499381803000063, 46.46 ], [ 36.503298964000066, 46.466649481000047 ], [ 36.504941636000069, 46.47 ], [ 36.51, 46.473439160000055 ], [ 36.515560532000052, 46.477219734000073 ], [ 36.519501901000069, 46.48 ], [ 36.53, 46.489133347000063 ], [ 36.530708434000076, 46.489645782000025 ], [ 36.53116589900003, 46.49 ], [ 36.536190395000062, 46.493095197000059 ], [ 36.547055832000069, 46.5 ], [ 36.55, 46.501324203000081 ], [ 36.56013334000005, 46.504933330000028 ], [ 36.57, 46.508894219000069 ], [ 36.572822101000042, 46.51 ], [ 36.59, 46.515785128000061 ], [ 36.604265779000059, 46.52 ], [ 36.61, 46.521838553000066 ], [ 36.618723376000048, 46.524361688000056 ], [ 36.63, 46.527568812000027 ], [ 36.639464251000049, 46.53 ], [ 36.647093584000061, 46.531453208000073 ], [ 36.65, 46.53192811200006 ], [ 36.65617803400005, 46.533089016000076 ], [ 36.67, 46.535629136000068 ], [ 36.676550869000039, 46.536724565000043 ], [ 36.69, 46.539249143000063 ], [ 36.693606570000043, 46.54 ], [ 36.71, 46.544065041000067 ], [ 36.726129054000069, 46.548064527000065 ], [ 36.73, 46.549028347000046 ], [ 36.733404225000072, 46.55 ], [ 36.75, 46.553966112000069 ], [ 36.769024423000076, 46.559512211000026 ], [ 36.77, 46.559775288000026 ], [ 36.77077919900006, 46.56 ], [ 36.78423003000006, 46.562884985000039 ], [ 36.79, 46.564668761000064 ], [ 36.808674074000066, 46.57 ], [ 36.81, 46.570497910000029 ], [ 36.821989515000041, 46.574005242000055 ], [ 36.83, 46.5775 ], [ 36.837669156000061, 46.58 ], [ 36.85, 46.583153862000074 ], [ 36.860789483000076, 46.585394741000073 ], [ 36.87, 46.586969694000061 ], [ 36.875185205000037, 46.58740739700005 ], [ 36.89, 46.589708746000042 ], [ 36.9, 46.59 ], [ 36.91, 46.590346809000039 ], [ 36.93, 46.59 ], [ 36.947040817000072, 46.588520408000079 ], [ 36.95, 46.588164554000059 ], [ 36.955471722000027, 46.587264139000069 ], [ 36.97, 46.585310335000031 ], [ 36.977230030000044, 46.583615014000031 ], [ 36.989250021000032, 46.58 ], [ 36.989668519000077, 46.579834259000052 ], [ 36.99, 46.579690731000028 ], [ 36.994999752000069, 46.577500124000039 ], [ 37.01, 46.570957477000036 ], [ 37.010952411000062, 46.570476205000034 ], [ 37.01180005100008, 46.57 ], [ 37.02285708200003, 46.563571459000059 ], [ 37.02905656300004, 46.56 ], [ 37.029507366000075, 46.559753682000064 ], [ 37.03, 46.55943178900003 ], [ 37.03764973300008, 46.55382486600007 ], [ 37.042769196000052, 46.55 ], [ 37.045765771000049, 46.547882885000035 ], [ 37.05, 46.54447060800004 ], [ 37.053408102000049, 46.541704051000067 ], [ 37.055314716000055, 46.54 ], [ 37.060624972000028, 46.535312485000077 ], [ 37.06641376400006, 46.53 ], [ 37.067999986000075, 46.52899999300007 ], [ 37.07, 46.527678561000073 ], [ 37.077350422000052, 46.523675210000079 ], [ 37.083870994000051, 46.52 ], [ 37.086545480000041, 46.518272739000054 ], [ 37.09, 46.516199998000047 ], [ 37.095040621000066, 46.51252031000007 ], [ 37.098794292000036, 46.51 ], [ 37.108507388000078, 46.500746305000064 ], [ 37.109280541000032, 46.5 ], [ 37.11, 46.499468064000041 ], [ 37.117148626000073, 46.493574313000067 ], [ 37.121946348000051, 46.49 ], [ 37.124827596000046, 46.487413798000034 ], [ 37.13, 46.48333335500007 ], [ 37.13377360800007, 46.48 ], [ 37.138108126000077, 46.475945937000063 ], [ 37.144430361000047, 46.47 ], [ 37.146408153000039, 46.468204076000063 ], [ 37.15, 46.465368418000025 ], [ 37.154080004000036, 46.462040001000048 ], [ 37.156580657000063, 46.46 ], [ 37.160672626000064, 46.455336312000043 ], [ 37.166301389000068, 46.45 ], [ 37.167711887000053, 46.448855943000069 ], [ 37.17, 46.446931861000053 ], [ 37.177625058000046, 46.44 ], [ 37.181983803000037, 46.435991901000079 ], [ 37.188499972000045, 46.43 ], [ 37.188999983000031, 46.429499991000057 ], [ 37.19, 46.428441537000026 ], [ 37.195138339000039, 46.422569169000042 ], [ 37.197514453000053, 46.42 ], [ 37.203684184000053, 46.413157908000073 ], [ 37.206610160000025, 46.41 ], [ 37.21, 46.405161315000043 ], [ 37.212666707000039, 46.401333353000041 ], [ 37.213535955000054, 46.4 ], [ 37.214885569000046, 46.397557215000063 ], [ 37.219354860000067, 46.39 ], [ 37.222204722000072, 46.386102360000052 ], [ 37.226847814000052, 46.38 ], [ 37.227302321000025, 46.378651160000061 ], [ 37.229578940000067, 46.37 ], [ 37.229609750000066, 46.369804874000067 ], [ 37.23, 46.366923112000052 ], [ 37.230818209000063, 46.360409104000041 ], [ 37.230865411000025, 46.36 ], [ 37.232152497000072, 46.351076248000027 ], [ 37.232253558000025, 46.35 ], [ 37.232499979000067, 46.341249989000062 ], [ 37.232523341000046, 46.34 ], [ 37.231299979000028, 46.330649989000051 ], [ 37.231187194000029, 46.33 ], [ 37.231145357000059, 46.329427321000026 ], [ 37.230892898000036, 46.32 ], [ 37.230836858000032, 46.319581571000072 ], [ 37.23, 46.31333333300006 ], [ 37.229512173000046, 46.31 ], [ 37.227543867000065, 46.301228066000078 ], [ 37.227307703000065, 46.3 ], [ 37.22662652300005, 46.298313261000033 ], [ 37.222897199000045, 46.29 ], [ 37.221111119000057, 46.285555559000045 ], [ 37.218755775000034, 46.28 ], [ 37.217920803000027, 46.273960401000068 ], [ 37.217407420000029, 46.27 ], [ 37.216083660000038, 46.266958170000066 ], [ 37.213513552000052, 46.26 ], [ 37.212146348000033, 46.251073174000055 ], [ 37.211990954000044, 46.25 ], [ 37.21, 46.246393429000079 ], [ 37.206438364000064, 46.24 ], [ 37.203899616000058, 46.233050192000064 ], [ 37.202752308000072, 46.23 ], [ 37.201255074000073, 46.224372463000066 ], [ 37.200046091000047, 46.22 ], [ 37.198196753000047, 46.214098376000038 ], [ 37.196880769000074, 46.21 ], [ 37.196122474000049, 46.206938763000039 ], [ 37.193962247000059, 46.2 ], [ 37.193281241000079, 46.198359379000067 ], [ 37.19, 46.190666649000036 ], [ 37.189695441000026, 46.19 ], [ 37.189670340000077, 46.189835170000038 ], [ 37.188743435000049, 46.18 ], [ 37.184612230000027, 46.172693885000058 ], [ 37.183089007000035, 46.17 ], [ 37.179846129000055, 46.16492306400005 ], [ 37.176918918000069, 46.16 ], [ 37.172836852000046, 46.151418426000077 ], [ 37.172259864000068, 46.15 ], [ 37.170375062000062, 46.140187530000048 ], [ 37.17034291300007, 46.14 ], [ 37.170888904000037, 46.130444451000074 ], [ 37.170946762000028, 46.13 ], [ 37.171159438000075, 46.12942028100008 ], [ 37.173850967000078, 46.12 ], [ 37.174523838000027, 46.112261919000048 ], [ 37.174779913000066, 46.11 ], [ 37.179333310000061, 46.094666654000036 ], [ 37.17851350400008, 46.09 ], [ 37.180058489000032, 46.085029244000054 ], [ 37.182112695000058, 46.08 ], [ 37.182932324000035, 46.07353383800006 ], [ 37.183285707000039, 46.07 ], [ 37.183037048000074, 46.06651852300007 ], [ 37.182941171000039, 46.06 ], [ 37.183239421000053, 46.056619710000064 ], [ 37.18424245600005, 46.05 ], [ 37.180265478000024, 46.034867261000045 ], [ 37.177209343000072, 46.023604671000044 ], [ 37.175000048000072, 46.02 ], [ 37.173965553000073, 46.011982776000025 ], [ 37.173739872000056, 46.01 ], [ 37.17, 46.003947360000041 ], [ 37.167435887000067, 46.0 ], [ 37.167115380000041, 45.998557690000041 ], [ 37.165344884000035, 45.99 ], [ 37.163333333000026, 45.986666666000076 ], [ 37.159818150000035, 45.98 ], [ 37.15634140700007, 45.973170703000051 ], [ 37.154727200000025, 45.97 ], [ 37.15, 45.965000057000054 ], [ 37.146645145000036, 45.961677427000041 ], [ 37.144693858000039, 45.96 ], [ 37.139795925000044, 45.955102037000074 ], [ 37.134210487000075, 45.95 ], [ 37.132666635000078, 45.948666682000066 ], [ 37.13, 45.946666699000048 ], [ 37.120588260000034, 45.94 ], [ 37.11, 45.932372860000044 ], [ 37.107985626000072, 45.931007186000045 ], [ 37.106410264000033, 45.93 ], [ 37.098707471000068, 45.925646264000079 ], [ 37.09, 45.921578972000077 ], [ 37.086666639000043, 45.92 ], [ 37.07, 45.911176481000041 ], [ 37.067460264000033, 45.91 ], [ 37.05, 45.904210549000027 ], [ 37.03596501100003, 45.9 ], [ 37.032377676000067, 45.898811162000072 ], [ 37.03, 45.898089848000041 ], [ 37.022916517000056, 45.896458258000052 ], [ 37.01, 45.893406561000063 ], [ 37.005373174000056, 45.892313413000068 ], [ 36.992285461000051, 45.89 ], [ 36.99, 45.889583385000037 ], [ 36.988688685000056, 45.889344342000072 ], [ 36.97, 45.88553395100007 ], [ 36.956666667000036, 45.883333333000053 ], [ 36.95, 45.882233024000072 ], [ 36.935625093000056, 45.88 ], [ 36.93, 45.879142829000045 ], [ 36.915230740000027, 45.877384630000051 ], [ 36.91, 45.876633677000029 ], [ 36.901392420000036, 45.875696210000058 ], [ 36.89, 45.87454546500004 ], [ 36.882105261000049, 45.873947369000064 ], [ 36.87, 45.872580643000049 ], [ 36.85395348000003, 45.871976740000036 ], [ 36.85, 45.871888870000078 ], [ 36.833595548000062, 45.871797773000026 ], [ 36.83, 45.871666687000072 ] ] ] ] } },
{ "type": "Feature", "properties": { "gid": 3, "objectid": 3.0, "shape_leng": 9.521041403, "shape_area": 1.55071521116, "z_mean": 0.7 }, "geometry": { "type": "MultiPolygon", "coordinates": [ [ [ [ 37.37, 46.84310343900006 ], [ 37.385469592000049, 46.842265204000057 ], [ 37.39, 46.84256251000005 ], [ 37.394338642000037, 46.842169321000029 ], [ 37.403442641000026, 46.84 ], [ 37.408019797000065, 46.839009898000029 ], [ 37.41, 46.838245612000037 ], [ 37.428076947000079, 46.83 ], [ 37.428994986000077, 46.829497493000076 ], [ 37.43, 46.828750018000051 ], [ 37.437106621000055, 46.823553310000079 ], [ 37.440144951000036, 46.82 ], [ 37.442879589000029, 46.816439794000075 ], [ 37.446291408000036, 46.81 ], [ 37.447083341000052, 46.808541670000068 ], [ 37.45, 46.800967717000049 ], [ 37.450342846000069, 46.8 ], [ 37.45536168700005, 46.792680843000028 ], [ 37.456885228000033, 46.79 ], [ 37.45800001200007, 46.784000006000042 ], [ 37.458465623000052, 46.78 ], [ 37.45930233200005, 46.775348834000056 ], [ 37.460366475000058, 46.77 ], [ 37.46285714000004, 46.76357143000007 ], [ 37.464607859000068, 46.76 ], [ 37.465520842000046, 46.752239579000047 ], [ 37.465784313000029, 46.75 ], [ 37.46872092600006, 46.74063953700005 ], [ 37.468967134000025, 46.74 ], [ 37.469094647000077, 46.739547323000068 ], [ 37.47, 46.73521742500003 ], [ 37.470952397000076, 46.730476198000076 ], [ 37.47102565800003, 46.73 ], [ 37.473432830000036, 46.72171641500006 ], [ 37.473817422000025, 46.72 ], [ 37.474705874000051, 46.712352937000048 ], [ 37.474897948000034, 46.71 ], [ 37.476738356000055, 46.703369178000059 ], [ 37.477401579000059, 46.7 ], [ 37.478489204000027, 46.694244602000026 ], [ 37.479111971000066, 46.69 ], [ 37.480723696000041, 46.68536184800007 ], [ 37.482442753000043, 46.68 ], [ 37.48282609000006, 46.676413044000071 ], [ 37.483208964000028, 46.67 ], [ 37.483568916000024, 46.666784457000063 ], [ 37.484065939000061, 46.66 ], [ 37.483793104000029, 46.656896551000045 ], [ 37.482811387000027, 46.65 ], [ 37.48204723300006, 46.646023616000036 ], [ 37.480812709000077, 46.64 ], [ 37.480262171000049, 46.635131085000069 ], [ 37.47925676400007, 46.63 ], [ 37.477228922000052, 46.623614460000056 ], [ 37.47576923500003, 46.62 ], [ 37.471877570000061, 46.610938784000041 ], [ 37.471352955000043, 46.61 ], [ 37.47, 46.603428530000031 ], [ 37.469281442000067, 46.6 ], [ 37.47, 46.59863637400008 ], [ 37.473662655000055, 46.591831327000079 ], [ 37.475277783000024, 46.59 ], [ 37.479504957000074, 46.584752478000041 ], [ 37.48482625500003, 46.58 ], [ 37.486947603000033, 46.57847380100003 ], [ 37.49, 46.576598983000054 ], [ 37.499594106000075, 46.57 ], [ 37.503088243000036, 46.566544121000049 ], [ 37.51, 46.560208326000065 ], [ 37.510220581000056, 46.56 ], [ 37.51757505300003, 46.553787526000065 ], [ 37.522238801000071, 46.55 ], [ 37.524864197000056, 46.547432098000058 ], [ 37.53, 46.542352938000079 ], [ 37.531641023000077, 46.540820511000049 ], [ 37.53249026800006, 46.54 ], [ 37.534885489000033, 46.537557255000081 ], [ 37.542265618000044, 46.53 ], [ 37.544974619000072, 46.527487309000037 ], [ 37.55, 46.522877701000027 ], [ 37.551975312000025, 46.520987656000045 ], [ 37.552996259000054, 46.52 ], [ 37.558926826000061, 46.514463413000044 ], [ 37.563605949000078, 46.51 ], [ 37.57, 46.502389361000041 ], [ 37.571377537000046, 46.500688768000032 ], [ 37.571921689000078, 46.5 ], [ 37.577487688000076, 46.493743844000051 ], [ 37.580974740000045, 46.49 ], [ 37.589119502000074, 46.480440249000026 ], [ 37.589490911000041, 46.48 ], [ 37.58963060800005, 46.479815304000056 ], [ 37.59, 46.479351855000061 ], [ 37.597214292000046, 46.47 ], [ 37.601005028000031, 46.465502513000047 ], [ 37.605755398000042, 46.46 ], [ 37.606919063000078, 46.458459531000074 ], [ 37.61, 46.454485994000038 ], [ 37.612467876000039, 46.45123393800003 ], [ 37.613453250000077, 46.45 ], [ 37.617926510000075, 46.443963254000039 ], [ 37.621021893000034, 46.44 ], [ 37.623457446000032, 46.436728723000044 ], [ 37.628671588000032, 46.43 ], [ 37.629, 46.4295 ], [ 37.63, 46.428064514000027 ], [ 37.634065039000063, 46.422032519000027 ], [ 37.635514704000059, 46.42 ], [ 37.638333322000051, 46.415833338000027 ], [ 37.642193296000073, 46.41 ], [ 37.647354497000038, 46.401322751000066 ], [ 37.648091605000047, 46.4 ], [ 37.65, 46.397058819000051 ], [ 37.653582081000025, 46.391791040000044 ], [ 37.654938261000041, 46.39 ], [ 37.658942603000071, 46.384471301000076 ], [ 37.662436977000027, 46.38 ], [ 37.664249201000075, 46.377124600000059 ], [ 37.669561409000039, 46.37 ], [ 37.66962264700004, 46.369811323000079 ], [ 37.67, 46.368888903000027 ], [ 37.672898555000074, 46.361449277000077 ], [ 37.673555562000047, 46.36 ], [ 37.675479460000076, 46.35726027000004 ], [ 37.679856450000045, 46.35 ], [ 37.682234440000059, 46.346117220000053 ], [ 37.686616922000042, 46.34 ], [ 37.68689497500003, 46.338447487000053 ], [ 37.689473690000057, 46.33 ], [ 37.689593501000047, 46.329796750000071 ], [ 37.69, 46.329242433000047 ], [ 37.696039608000035, 46.32 ], [ 37.698591547000035, 46.315704226000037 ], [ 37.701562496000065, 46.31 ], [ 37.703193271000032, 46.306596635000062 ], [ 37.70715845400008, 46.3 ], [ 37.71, 46.294090896000057 ], [ 37.711558443000058, 46.290779221000037 ], [ 37.711978022000039, 46.29 ], [ 37.713350262000063, 46.281675130000053 ], [ 37.713859661000072, 46.28 ], [ 37.716200012000058, 46.27310000600005 ], [ 37.717380964000029, 46.27 ], [ 37.719465652000054, 46.265267173000041 ], [ 37.72158537100006, 46.26 ], [ 37.721375002000059, 46.255687501000068 ], [ 37.721375002000059, 46.25 ], [ 37.721686738000074, 46.245843369000056 ], [ 37.722356679000029, 46.24 ], [ 37.722499986000059, 46.236249993000058 ], [ 37.722987007000029, 46.23 ], [ 37.722799991000045, 46.226399995000065 ], [ 37.722549018000052, 46.22 ], [ 37.722075462000078, 46.213962269000035 ], [ 37.721818191000068, 46.21 ], [ 37.722222208000062, 46.206111104000058 ], [ 37.722857140000031, 46.2 ], [ 37.722617464000052, 46.196308732000034 ], [ 37.721898748000058, 46.19 ], [ 37.722601173000044, 46.186300586000073 ], [ 37.723456811000062, 46.18 ], [ 37.722316396000053, 46.173841802000027 ], [ 37.721446555000057, 46.17 ], [ 37.722228569000038, 46.166114284000059 ], [ 37.722969685000066, 46.16 ], [ 37.723409081000057, 46.156704540000078 ], [ 37.724478523000073, 46.15 ], [ 37.724827583000035, 46.147413791000076 ], [ 37.726226423000071, 46.14 ], [ 37.72649124000003, 46.138245619000031 ], [ 37.727407420000077, 46.13 ], [ 37.73, 46.124473671000032 ], [ 37.732023792000064, 46.12 ], [ 37.732035913000061, 46.118982043000074 ], [ 37.732142860000067, 46.11 ], [ 37.731904762000056, 46.10904761900008 ], [ 37.730457150000063, 46.1 ], [ 37.731311496000046, 46.090655747000028 ], [ 37.731325988000037, 46.09 ], [ 37.733512196000049, 46.081756097000039 ], [ 37.733809524000037, 46.08 ], [ 37.736339276000024, 46.073169637000035 ], [ 37.737319573000036, 46.07 ], [ 37.738818176000052, 46.064409088000048 ], [ 37.739509810000072, 46.06 ], [ 37.740777774000037, 46.054611113000078 ], [ 37.741862734000051, 46.05 ], [ 37.742346936000047, 46.043826532000026 ], [ 37.742890997000075, 46.04 ], [ 37.74276995300005, 46.033615023000038 ], [ 37.742837220000069, 46.03 ], [ 37.743142864000049, 46.023428568000043 ], [ 37.743424655000069, 46.02 ], [ 37.743933655000035, 46.013033172000064 ], [ 37.744311115000073, 46.01 ], [ 37.744208147000052, 46.00710407300005 ], [ 37.743593065000027, 46.0 ], [ 37.743833333000055, 45.996916666000061 ], [ 37.744372294000073, 45.99 ], [ 37.743925238000031, 45.986962619000053 ], [ 37.742680862000043, 45.98 ], [ 37.742649578000055, 45.976324789000046 ], [ 37.742489462000037, 45.97 ], [ 37.740763644000026, 45.96461817800008 ], [ 37.73950413600005, 45.96 ], [ 37.73898438100008, 45.955507809000039 ], [ 37.738582988000076, 45.95 ], [ 37.737598551000076, 45.94620072400005 ], [ 37.735877550000055, 45.94 ], [ 37.735274727000046, 45.937362636000046 ], [ 37.733984061000058, 45.93 ], [ 37.733448275000057, 45.928275862000078 ], [ 37.731250021000051, 45.92 ], [ 37.73, 45.915675623000027 ], [ 37.728333341000052, 45.91 ], [ 37.728073401000074, 45.909036700000058 ], [ 37.725697208000042, 45.9 ], [ 37.723265996000066, 45.893367002000048 ], [ 37.722156870000049, 45.89 ], [ 37.720610346000058, 45.885305172000074 ], [ 37.718725878000043, 45.88 ], [ 37.715025623000031, 45.872512811000036 ], [ 37.71375477600003, 45.87 ], [ 37.71, 45.861403534000033 ], [ 37.709480511000038, 45.860259744000075 ], [ 37.709377422000045, 45.86 ], [ 37.709179474000052, 45.859589737000078 ], [ 37.704552530000058, 45.85 ], [ 37.701543208000032, 45.844228396000062 ], [ 37.699581748000071, 45.84 ], [ 37.697455623000053, 45.836272188000066 ], [ 37.693999991000055, 45.83 ], [ 37.69, 45.823614457000076 ], [ 37.687656256000025, 45.82 ], [ 37.686470597000039, 45.818235298000047 ], [ 37.680606060000059, 45.81 ], [ 37.677821226000049, 45.806089387000043 ], [ 37.673911429000043, 45.8 ], [ 37.67, 45.795137624000063 ], [ 37.665741438000055, 45.79 ], [ 37.663170729000058, 45.786585364000075 ], [ 37.657941176000065, 45.78 ], [ 37.65, 45.771428571000058 ], [ 37.649055118000035, 45.770472441000038 ], [ 37.648641508000026, 45.77 ], [ 37.642349996000064, 45.763825002000033 ], [ 37.63899279900005, 45.76 ], [ 37.635733941000069, 45.757133029000045 ], [ 37.63, 45.751071436000075 ], [ 37.628897051000024, 45.75 ], [ 37.627580634000026, 45.748790317000044 ], [ 37.617595827000059, 45.74 ], [ 37.61, 45.733588230000066 ], [ 37.605673755000055, 45.73 ], [ 37.59910715500007, 45.724553577000052 ], [ 37.593377491000069, 45.72 ], [ 37.59, 45.717397953000045 ], [ 37.583763444000056, 45.713118278000081 ], [ 37.579930554000043, 45.71 ], [ 37.57, 45.702704077000078 ], [ 37.566102950000072, 45.7 ], [ 37.554857119000076, 45.692428559000064 ], [ 37.551137114000028, 45.69 ], [ 37.55061930200003, 45.689690349000045 ], [ 37.55, 45.689205614000059 ], [ 37.535514704000036, 45.68 ], [ 37.532923975000074, 45.678538012000047 ], [ 37.53, 45.676411483000038 ], [ 37.519322703000057, 45.67 ], [ 37.515246628000057, 45.667376686000068 ], [ 37.51, 45.663426970000046 ], [ 37.50457777400004, 45.66 ], [ 37.49, 45.650989012000025 ], [ 37.488252428000067, 45.65 ], [ 37.481428531000063, 45.645714265000038 ], [ 37.472264136000035, 45.64 ], [ 37.47, 45.638527618000069 ], [ 37.455670114000043, 45.63 ], [ 37.453160928000045, 45.628419536000081 ], [ 37.45, 45.626381571000081 ], [ 37.438850591000062, 45.62 ], [ 37.43, 45.614934199000061 ], [ 37.420259745000067, 45.61 ], [ 37.41, 45.604625849000058 ], [ 37.4, 45.6 ], [ 37.39, 45.595244754000078 ], [ 37.384402986000055, 45.592798507000055 ], [ 37.378, 45.59 ], [ 37.37, 45.586527782000076 ], [ 37.362684826000077, 45.583657586000072 ], [ 37.353214284000046, 45.58 ], [ 37.35, 45.578666666000061 ], [ 37.338749977000077, 45.574374988000045 ], [ 37.33, 45.571029407000026 ], [ 37.328750007000053, 45.570624996000049 ], [ 37.326781628000049, 45.57 ], [ 37.316460187000075, 45.566769906000047 ], [ 37.31, 45.564859152000054 ], [ 37.29317068000006, 45.56 ], [ 37.29, 45.559090924000031 ], [ 37.286623421000058, 45.558311710000055 ], [ 37.27, 45.554383560000076 ], [ 37.250476199000047, 45.550238099000069 ], [ 37.25, 45.550135137000041 ], [ 37.249259251000069, 45.55 ], [ 37.23, 45.546413779000034 ], [ 37.219278325000062, 45.544639162000067 ], [ 37.21, 45.543040545000053 ], [ 37.190566021000052, 45.540283010000053 ], [ 37.19, 45.540201336000052 ], [ 37.188378439000076, 45.54 ], [ 37.173675700000047, 45.538162150000062 ], [ 37.17, 45.53770269000006 ], [ 37.164035047000027, 45.537017523000031 ], [ 37.15, 45.535479439000028 ], [ 37.140643294000029, 45.534678352000071 ], [ 37.13, 45.533767113000067 ], [ 37.114833331000057, 45.532416665000028 ], [ 37.11, 45.531972792000033 ], [ 37.091417324000076, 45.530708662000052 ], [ 37.09, 45.530604027000038 ], [ 37.088934909000045, 45.530532545000028 ], [ 37.081428653000046, 45.53 ], [ 37.07, 45.529194618000076 ], [ 37.068297846000064, 45.529148922000047 ], [ 37.05, 45.528486828000041 ], [ 37.046714258000065, 45.528357129000028 ], [ 37.03, 45.527748330000065 ], [ 37.025211239000043, 45.527605619000042 ], [ 37.01, 45.527152319000038 ], [ 37.004027783000026, 45.527013891000081 ], [ 36.99, 45.526644733000069 ], [ 36.982965512000078, 45.526482755000075 ], [ 36.97, 45.52610390500007 ], [ 36.962356702000079, 45.526178351000055 ], [ 36.95, 45.526258061000078 ], [ 36.94246753200008, 45.526233766000075 ], [ 36.93, 45.526153856000064 ], [ 36.922814380000034, 45.526407189000054 ], [ 36.91, 45.526687503000062 ], [ 36.903801178000037, 45.526900589000036 ], [ 36.89, 45.52746834900006 ], [ 36.88523809000003, 45.527619045000051 ], [ 36.87, 45.528000003000045 ], [ 36.866540547000056, 45.528270273000032 ], [ 36.85, 45.529444461000026 ], [ 36.849000032000049, 45.529500015000053 ], [ 36.840000166000038, 45.53 ], [ 36.830957448000049, 45.530478723000044 ], [ 36.83, 45.530520232000072 ], [ 36.828783782000073, 45.53060810900007 ], [ 36.81, 45.531965319000051 ], [ 36.796100005000028, 45.533050002000039 ], [ 36.79, 45.533505741000056 ], [ 36.781223012000055, 45.534388494000041 ], [ 36.77, 45.53559322600006 ], [ 36.762811074000069, 45.536405537000064 ], [ 36.75, 45.537808994000045 ], [ 36.746405537000044, 45.538202768000076 ], [ 36.730499937000047, 45.54 ], [ 36.730099987000074, 45.540049993000025 ], [ 36.73, 45.540062103000025 ], [ 36.713419704000046, 45.541709851000064 ], [ 36.71, 45.542012197000076 ], [ 36.69709358800003, 45.543546794000065 ], [ 36.69, 45.544472054000039 ], [ 36.681010104000052, 45.545505052000067 ], [ 36.67, 45.546687113000075 ], [ 36.664757277000035, 45.547378638000055 ], [ 36.65, 45.549212133000026 ], [ 36.64875002000008, 45.549375009000073 ], [ 36.644090992000031, 45.55 ], [ 36.632952389000025, 45.551476194000031 ], [ 36.63, 45.551878789000057 ], [ 36.617417834000037, 45.553708917000051 ], [ 36.61, 45.554846618000056 ], [ 36.60188405100007, 45.555942025000036 ], [ 36.59, 45.557499991000043 ], [ 36.585940573000073, 45.557970286000057 ], [ 36.57, 45.55964072900008 ], [ 36.569423096000037, 45.559711547000063 ], [ 36.56700008200005, 45.56 ], [ 36.55, 45.56202380600007 ], [ 36.537706412000034, 45.563853205000044 ], [ 36.53, 45.56497041800003 ], [ 36.515641043000073, 45.567179478000071 ], [ 36.51, 45.568092480000075 ], [ 36.507066658000042, 45.568533329000047 ], [ 36.497058810000055, 45.57 ], [ 36.491714284000068, 45.570857142000079 ], [ 36.49, 45.571118013000046 ], [ 36.476572773000044, 45.573286386000063 ], [ 36.47, 45.574402519000046 ], [ 36.456274503000031, 45.576862748000053 ], [ 36.45, 45.577908501000081 ], [ 36.446952386000078, 45.578476193000029 ], [ 36.438571459000059, 45.58 ], [ 36.432142868000028, 45.581071433000034 ], [ 36.43, 45.581420122000054 ], [ 36.425675666000075, 45.582162167000035 ], [ 36.41, 45.584882351000033 ], [ 36.394190485000024, 45.587904757000047 ], [ 36.39, 45.588666661000047 ], [ 36.388044439000055, 45.589022219000071 ], [ 36.382542342000079, 45.59 ], [ 36.37, 45.592341769000029 ], [ 36.358949773000063, 45.594474886000057 ], [ 36.35, 45.596405218000029 ], [ 36.344859797000026, 45.59742989800003 ], [ 36.332812493000063, 45.6 ], [ 36.330807176000064, 45.600403588000063 ], [ 36.33, 45.600566038000068 ], [ 36.316547083000046, 45.603273541000078 ], [ 36.31, 45.604679481000062 ], [ 36.302420085000051, 45.606210042000043 ], [ 36.29, 45.60894735200003 ], [ 36.288518496000052, 45.609259248000058 ], [ 36.285294056000055, 45.61 ], [ 36.274928905000024, 45.61246445200004 ], [ 36.27, 45.613586207000026 ], [ 36.261267607000036, 45.615633803000037 ], [ 36.25, 45.618219169000042 ], [ 36.24760367600004, 45.618801838000081 ], [ 36.242777741000054, 45.62 ], [ 36.234487793000028, 45.622243896000043 ], [ 36.23, 45.623593747000029 ], [ 36.213571398000056, 45.628214301000071 ], [ 36.21, 45.629218758000036 ], [ 36.209019620000049, 45.629509810000059 ], [ 36.207333365000068, 45.63 ], [ 36.19613208100003, 45.633066040000074 ], [ 36.19, 45.634924252000076 ], [ 36.183526583000059, 45.636763291000079 ], [ 36.173250023000037, 45.64 ], [ 36.171238102000075, 45.640619051000044 ], [ 36.17, 45.64100000600007 ], [ 36.158803842000054, 45.644401921000053 ], [ 36.15, 45.64730157200006 ], [ 36.14671495500005, 45.648357477000047 ], [ 36.141904718000035, 45.65 ], [ 36.13, 45.653875966000044 ], [ 36.122511854000038, 45.656255927000075 ], [ 36.111411787000065, 45.66 ], [ 36.110558149000042, 45.660279074000073 ], [ 36.11, 45.660476197000037 ], [ 36.106923042000062, 45.661538479000058 ], [ 36.09, 45.667317067000056 ], [ 36.086901401000034, 45.668450700000051 ], [ 36.082747244000075, 45.67 ], [ 36.07, 45.675686270000028 ], [ 36.065510190000055, 45.677755095000066 ], [ 36.060927805000063, 45.68 ], [ 36.05, 45.684045800000035 ], [ 36.043187784000054, 45.68659389100003 ], [ 36.035000029000059, 45.69 ], [ 36.032639610000047, 45.691319804000045 ], [ 36.03, 45.692857152000045 ], [ 36.023121690000039, 45.696560844000032 ], [ 36.016734705000033, 45.7 ], [ 36.013013709000063, 45.701506854000058 ], [ 36.01, 45.70277311600006 ], [ 36.001848339000048, 45.70592416900007 ], [ 35.991098888000067, 45.71 ], [ 35.99, 45.710458710000069 ], [ 35.979441622000024, 45.714720811000063 ], [ 35.97, 45.719029136000074 ], [ 35.967826110000033, 45.72 ], [ 35.95748857600006, 45.723744287000045 ], [ 35.95, 45.726456704000043 ], [ 35.945774666000034, 45.727887333000069 ], [ 35.940217428000039, 45.73 ], [ 35.934476190000055, 45.732238094000081 ], [ 35.93, 45.733983058000035 ], [ 35.923173089000045, 45.736586544000033 ], [ 35.914044951000051, 45.74 ], [ 35.91, 45.741565217000073 ], [ 35.900536587000033, 45.745268293000038 ], [ 35.89, 45.749310334000029 ], [ 35.888072258000079, 45.75 ], [ 35.87, 45.75572519900004 ], [ 35.864790711000069, 45.757395355000028 ], [ 35.85650604500006, 45.76 ], [ 35.85, 45.762061069000026 ], [ 35.84045872300004, 45.765229361000081 ], [ 35.83, 45.768571419000068 ], [ 35.825476162000029, 45.77 ], [ 35.81, 45.777065241000059 ], [ 35.806983266000032, 45.778491632000055 ], [ 35.804000047000045, 45.78 ], [ 35.795833342000037, 45.782916670000077 ], [ 35.79, 45.785121959000037 ], [ 35.784258385000044, 45.787129192000066 ], [ 35.776206911000031, 45.79 ], [ 35.772454548000042, 45.79122727400005 ], [ 35.77, 45.792061069000056 ], [ 35.760414747000027, 45.795207373000039 ], [ 35.75, 45.799338832000046 ], [ 35.749230757000078, 45.799615378000055 ], [ 35.748241732000054, 45.8 ], [ 35.737980778000065, 45.803990388000045 ], [ 35.73, 45.807280717000026 ], [ 35.723333355000079, 45.81 ], [ 35.715511097000046, 45.812755548000041 ], [ 35.71, 45.814769226000067 ], [ 35.703873874000067, 45.816936937000037 ], [ 35.695217411000044, 45.82 ], [ 35.692171955000049, 45.821085977000052 ], [ 35.69, 45.821951230000082 ], [ 35.680917448000059, 45.825458723000054 ], [ 35.670588218000034, 45.83 ], [ 35.670254229000079, 45.830127114000049 ], [ 35.67, 45.830220581000049 ], [ 35.658823535000067, 45.834411767000063 ], [ 35.65, 45.837553944000035 ], [ 35.643199958000025, 45.84 ], [ 35.63, 45.846599979000075 ], [ 35.626730747000067, 45.848365373000036 ], [ 35.624137892000078, 45.85 ], [ 35.61625953500004, 45.853129767000041 ], [ 35.61, 45.855430456000079 ], [ 35.598103445000049, 45.86 ], [ 35.59, 45.864607837000051 ], [ 35.584930864000057, 45.867465432000074 ], [ 35.580598262000024, 45.87 ], [ 35.57551109700006, 45.872755548000043 ], [ 35.57, 45.876078421000045 ], [ 35.563388423000049, 45.88 ], [ 35.55746544200008, 45.883732721000058 ], [ 35.55, 45.88880434400005 ], [ 35.548976740000057, 45.889488370000038 ], [ 35.548294567000028, 45.89 ], [ 35.53, 45.898027207000041 ], [ 35.52790613500008, 45.898953067000036 ], [ 35.525827335000031, 45.9 ], [ 35.519243709000079, 45.904621854000027 ], [ 35.511582741000041, 45.91 ], [ 35.510782921000043, 45.910391460000028 ], [ 35.51, 45.910814819000052 ], [ 35.501014501000043, 45.915507250000076 ], [ 35.492535217000068, 45.92 ], [ 35.491636363000055, 45.920818181000072 ], [ 35.49, 45.922465747000047 ], [ 35.484930864000034, 45.927465432000076 ], [ 35.482567549000066, 45.93 ], [ 35.476838235000059, 45.933419117000028 ], [ 35.47, 45.937881356000048 ], [ 35.466575348000049, 45.94 ], [ 35.463333333000037, 45.943333333000055 ], [ 35.45657893300006, 45.95 ], [ 35.45, 45.955494488000056 ], [ 35.446719985000072, 45.958359992000055 ], [ 35.444906808000042, 45.96 ], [ 35.438391603000071, 45.964195801000074 ], [ 35.43, 45.97 ], [ 35.424334750000071, 45.977167375000079 ], [ 35.422280692000072, 45.98 ], [ 35.417191786000046, 45.983595893000029 ], [ 35.41, 45.989051722000056 ], [ 35.408757059000038, 45.99 ], [ 35.40301961800003, 45.996509809000031 ], [ 35.399828577000051, 46.0 ], [ 35.397196658000041, 46.003598329000056 ], [ 35.393459459000042, 46.01 ], [ 35.392344318000028, 46.011172159000068 ], [ 35.39, 46.013809507000076 ], [ 35.384468061000064, 46.02 ], [ 35.379166656000052, 46.025416671000073 ], [ 35.374731202000078, 46.03 ], [ 35.373621406000041, 46.03181070200003 ], [ 35.370199008000043, 46.04 ], [ 35.37, 46.040285719000053 ], [ 35.364944240000057, 46.047472119000076 ], [ 35.363233834000027, 46.05 ], [ 35.361176465000028, 46.055588232000048 ], [ 35.359855063000055, 46.06 ], [ 35.357727268000076, 46.063863634000029 ], [ 35.354930221000075, 46.07 ], [ 35.351052632000062, 46.07947368400005 ], [ 35.350821917000076, 46.08 ], [ 35.350814480000054, 46.080407240000056 ], [ 35.351155562000031, 46.09 ], [ 35.35094203400007, 46.090471016000038 ], [ 35.35, 46.092826091000063 ], [ 35.347528084000032, 46.098764041000038 ], [ 35.347130425000046, 46.1 ], [ 35.345095790000073, 46.107547895000039 ], [ 35.344506445000036, 46.11 ], [ 35.343466142000068, 46.116733070000066 ], [ 35.343138085000078, 46.12 ], [ 35.346102587000075, 46.128051293000055 ], [ 35.347007892000079, 46.13 ], [ 35.346615376000045, 46.138307688000054 ], [ 35.346752760000072, 46.14 ], [ 35.349653674000024, 46.149826837000035 ], [ 35.349736838000069, 46.15 ], [ 35.347543869000049, 46.158771934000072 ], [ 35.347366782000051, 46.16 ], [ 35.35, 46.169767470000068 ], [ 35.350064300000042, 46.17 ], [ 35.35, 46.170714209000039 ], [ 35.349241995000057, 46.179620997000029 ], [ 35.349219233000042, 46.18 ], [ 35.35, 46.182166635000044 ], [ 35.352937503000078, 46.19 ], [ 35.352814375000037, 46.191407187000038 ], [ 35.353921569000079, 46.2 ], [ 35.355447470000058, 46.202723734000074 ], [ 35.359668511000052, 46.21 ], [ 35.361302327000033, 46.214348836000056 ], [ 35.362558140000033, 46.22 ], [ 35.366254195000067, 46.228127097000026 ], [ 35.367294697000034, 46.23 ], [ 35.37, 46.237272727000061 ], [ 35.370969973000058, 46.239515013000073 ], [ 35.37115384100008, 46.24 ], [ 35.371468526000058, 46.240734263000036 ], [ 35.375399446000074, 46.25 ], [ 35.377153279000026, 46.253576639000073 ], [ 35.380904396000062, 46.26 ], [ 35.387510360000078, 46.268755179000038 ], [ 35.388636355000074, 46.27 ], [ 35.39, 46.272205894000081 ], [ 35.395286782000028, 46.28 ], [ 35.398030304000031, 46.284015151000062 ], [ 35.402273838000042, 46.29 ], [ 35.41, 46.296694911000031 ], [ 35.412675820000061, 46.29866209000005 ], [ 35.414262299000029, 46.3 ], [ 35.41937269500005, 46.305313652000052 ], [ 35.423059137000052, 46.31 ], [ 35.425909098000034, 46.312045451000074 ], [ 35.43, 46.316428569000038 ], [ 35.434010691000026, 46.32 ], [ 35.44027397800005, 46.325136988000054 ], [ 35.446432167000069, 46.33 ], [ 35.45, 46.333333328000037 ], [ 35.458137542000031, 46.34 ], [ 35.47, 46.34962790000003 ], [ 35.470483392000062, 46.35 ], [ 35.47108109900006, 46.350540549000073 ], [ 35.481740412000079, 46.36 ], [ 35.484906368000054, 46.367453184000055 ], [ 35.486034988000029, 46.37 ], [ 35.49, 46.37482269700007 ], [ 35.494664533000048, 46.38 ], [ 35.51, 46.389716600000042 ], [ 35.510272372000031, 46.389863813000034 ], [ 35.510460525000042, 46.39 ], [ 35.513181794000047, 46.391590896000025 ], [ 35.527730052000038, 46.4 ], [ 35.52881977100003, 46.400590114000067 ], [ 35.53, 46.401380603000064 ], [ 35.543125005000036, 46.41 ], [ 35.55, 46.415525113000058 ], [ 35.553402774000062, 46.418298613000047 ], [ 35.555311644000028, 46.42 ], [ 35.564100689000043, 46.427050344000065 ], [ 35.568056862000049, 46.43 ], [ 35.57, 46.431142067000053 ], [ 35.586060613000029, 46.44 ], [ 35.588213062000079, 46.440893469000059 ], [ 35.59, 46.442287385000043 ], [ 35.604177898000046, 46.45 ], [ 35.61, 46.454014872000073 ], [ 35.620805363000045, 46.46 ], [ 35.63, 46.465546558000028 ], [ 35.637885307000033, 46.47 ], [ 35.644955223000068, 46.472522388000073 ], [ 35.65, 46.475314466000043 ], [ 35.661595329000079, 46.48 ], [ 35.67, 46.48371134100006 ], [ 35.677176470000063, 46.486411765000071 ], [ 35.684409456000026, 46.49 ], [ 35.69, 46.492414962000055 ], [ 35.698576927000033, 46.495711536000044 ], [ 35.706893924000042, 46.5 ], [ 35.708617193000066, 46.500691403000076 ], [ 35.71, 46.501443669000025 ], [ 35.722238809000032, 46.50611940400006 ], [ 35.73, 46.509011402000056 ], [ 35.731268299000078, 46.509365850000052 ], [ 35.733270455000024, 46.51 ], [ 35.75, 46.515473249000081 ], [ 35.768487442000037, 46.52 ], [ 35.77, 46.520351551000033 ], [ 35.771132042000033, 46.520566020000047 ], [ 35.79, 46.523951619000059 ], [ 35.801136364000058, 46.525568182000029 ], [ 35.81, 46.52669491100005 ], [ 35.825879401000066, 46.527939700000047 ], [ 35.83, 46.528185840000049 ], [ 35.849371717000054, 46.52968585800005 ], [ 35.85, 46.529718305000074 ], [ 35.867142492000028, 46.53 ], [ 35.869908242000065, 46.530045879000056 ], [ 35.87, 46.530052364000028 ], [ 35.870101540000064, 46.53005076900007 ], [ 35.871250186000054, 46.53 ], [ 35.888630127000056, 46.52931506300007 ], [ 35.89, 46.529222791000052 ], [ 35.904650197000024, 46.527325098000063 ], [ 35.91, 46.526596857000072 ], [ 35.919618326000034, 46.524809162000054 ], [ 35.93, 46.522272731000044 ], [ 35.932930409000051, 46.521465204000037 ], [ 35.937766998000029, 46.52 ], [ 35.94546762300007, 46.517733811000028 ], [ 35.95, 46.51603773100004 ], [ 35.956464640000036, 46.513232319000053 ], [ 35.963150682000048, 46.51 ], [ 35.97, 46.507252746000063 ], [ 35.977193456000066, 46.503596728000048 ], [ 35.983199998000032, 46.5 ], [ 35.986714979000055, 46.498357489000057 ], [ 35.99, 46.496866364000027 ], [ 35.996520794000048, 46.493260397000029 ], [ 36.002521025000078, 46.49 ], [ 36.01, 46.486855127000069 ], [ 36.016543001000059, 46.483271500000058 ], [ 36.023906805000024, 46.48 ], [ 36.03, 46.477792204000025 ], [ 36.038474571000052, 46.474237285000072 ], [ 36.05, 46.47089285800007 ], [ 36.052312142000062, 46.47 ], [ 36.062292189000061, 46.466146094000067 ], [ 36.07, 46.464193544000068 ], [ 36.07432484900005, 46.462162424000041 ], [ 36.083353466000062, 46.46 ], [ 36.087362108000036, 46.458681054000067 ], [ 36.09, 46.458113206000064 ], [ 36.099507537000079, 46.454753768000046 ], [ 36.11, 46.452616687000045 ], [ 36.113670630000058, 46.451835315000039 ], [ 36.124979760000031, 46.45 ], [ 36.128665235000028, 46.449332617000039 ], [ 36.13, 46.44920716300004 ], [ 36.131666663000033, 46.449166668000032 ], [ 36.15, 46.448514356000032 ], [ 36.158913857000073, 46.45 ], [ 36.17, 46.452771537000046 ], [ 36.183040536000078, 46.46 ], [ 36.19, 46.463857681000036 ], [ 36.197185103000038, 46.47 ], [ 36.202883212000074, 46.473558394000065 ], [ 36.207828284000072, 46.48 ], [ 36.21, 46.482003105000047 ], [ 36.216560510000079, 46.486719745000073 ], [ 36.219058926000059, 46.49 ], [ 36.225442274000045, 46.497721137000042 ], [ 36.228073509000069, 46.5 ], [ 36.23, 46.502202901000032 ], [ 36.236955397000031, 46.506522301000075 ], [ 36.23965888400005, 46.51 ], [ 36.25, 46.519812606000073 ], [ 36.250282778000042, 46.52 ], [ 36.250586668000039, 46.52029333400003 ], [ 36.262138226000047, 46.53 ], [ 36.27, 46.538729020000062 ], [ 36.271113442000058, 46.539443278000078 ], [ 36.271653663000052, 46.54 ], [ 36.274045791000049, 46.542022895000059 ], [ 36.284434085000044, 46.55 ], [ 36.29, 46.554717833000041 ], [ 36.298555759000067, 46.56 ], [ 36.31, 46.567844612000044 ], [ 36.312227979000056, 46.568886010000028 ], [ 36.314, 46.57 ], [ 36.321710844000052, 46.574144578000073 ], [ 36.328947379000056, 46.58 ], [ 36.329432183000051, 46.580283908000069 ], [ 36.33, 46.580805961000067 ], [ 36.343968256000039, 46.59 ], [ 36.35, 46.594889704000082 ], [ 36.358034691000057, 46.6 ], [ 36.37, 46.606310971000028 ], [ 36.378461544000061, 46.61 ], [ 36.39, 46.615427629000067 ], [ 36.400901958000077, 46.62 ], [ 36.406374995000078, 46.621812502000068 ], [ 36.41, 46.623109922000026 ], [ 36.423567267000067, 46.626783633000059 ], [ 36.43, 46.628476457000033 ], [ 36.436249998000051, 46.63 ], [ 36.45, 46.63423076600003 ], [ 36.465137624000079, 46.64 ], [ 36.47, 46.641784508000057 ], [ 36.486562483000057, 46.648281241000063 ], [ 36.49, 46.649656248000042 ], [ 36.49096916600007, 46.65 ], [ 36.51, 46.657058823000057 ], [ 36.513973511000074, 46.658013244000074 ], [ 36.523043460000054, 46.66 ], [ 36.527885454000057, 46.66105727300004 ], [ 36.53, 46.661528668000074 ], [ 36.534016749000045, 46.662008374000038 ], [ 36.55, 46.664012533000061 ], [ 36.561437132000037, 46.664281433000042 ], [ 36.57, 46.66452531300007 ], [ 36.577966568000079, 46.663983284000039 ], [ 36.59, 46.663186120000034 ], [ 36.608701291000045, 46.660649354000043 ], [ 36.61, 46.660458718000029 ], [ 36.610616021000055, 46.660308010000051 ], [ 36.611875013000031, 46.66 ], [ 36.624093691000041, 46.657046845000025 ], [ 36.63, 46.655821328000059 ], [ 36.649803919000078, 46.65 ], [ 36.649933332000046, 46.649966666000068 ], [ 36.65, 46.649953379000067 ], [ 36.66194405300007, 46.645972026000038 ], [ 36.67, 46.643752712000037 ], [ 36.67399077400006, 46.641995387000065 ], [ 36.679664807000051, 46.64 ], [ 36.686092925000025, 46.638046462000034 ], [ 36.69, 46.637575360000028 ], [ 36.697950482000067, 46.633975240000041 ], [ 36.71, 46.632681705000039 ], [ 36.712199386000066, 46.631099692000078 ], [ 36.72629442300007, 46.63 ], [ 36.73, 46.629396196000073 ], [ 36.74128663700003, 46.625643318000073 ], [ 36.75, 46.625162712000076 ], [ 36.760795846000065, 46.625397923000037 ], [ 36.77, 46.626116788000047 ], [ 36.77545082000006, 46.62727459000007 ], [ 36.778089205000072, 46.63 ], [ 36.79, 46.635027813000079 ], [ 36.800351895000063, 46.64 ], [ 36.806731460000037, 46.64836573000008 ], [ 36.808438789000036, 46.65 ], [ 36.81, 46.651655726000058 ], [ 36.81800000100003, 46.655999999000073 ], [ 36.820168889000058, 46.66 ], [ 36.824126394000075, 46.662936802000047 ], [ 36.826729561000036, 46.67 ], [ 36.83, 46.674452054000028 ], [ 36.836447761000045, 46.68 ], [ 36.83812030100006, 46.68406015000005 ], [ 36.844294313000034, 46.69 ], [ 36.848782128000039, 46.699391064000054 ], [ 36.85, 46.705900384000074 ], [ 36.851835333000054, 46.71 ], [ 36.858020362000047, 46.715989819000072 ], [ 36.860021203000031, 46.72 ], [ 36.863190698000039, 46.726595349000036 ], [ 36.867050766000034, 46.73 ], [ 36.87, 46.735090403000072 ], [ 36.877010922000068, 46.74 ], [ 36.880703625000024, 46.744648187000053 ], [ 36.884940477000043, 46.75 ], [ 36.886851852000063, 46.751574074000075 ], [ 36.89, 46.755902779000053 ], [ 36.894822885000053, 46.76 ], [ 36.90055131500003, 46.764724342000079 ], [ 36.905550006000055, 46.77 ], [ 36.91, 46.773920702000055 ], [ 36.915768025000034, 46.777115987000059 ], [ 36.919034366000062, 46.78 ], [ 36.93, 46.789436618000082 ], [ 36.930997508000075, 46.79 ], [ 36.937999976000071, 46.793999988000053 ], [ 36.94868131000004, 46.8 ], [ 36.95, 46.800777207000067 ], [ 36.960274173000073, 46.804862913000079 ], [ 36.969888283000046, 46.81 ], [ 36.97, 46.810045760000037 ], [ 36.97030299100004, 46.810151495000071 ], [ 36.99, 46.816569920000063 ], [ 37.003333333000057, 46.82 ], [ 37.01, 46.821737969000026 ], [ 37.016914892000045, 46.823457446000077 ], [ 37.03, 46.826424413000041 ], [ 37.04518519800007, 46.83 ], [ 37.05, 46.831007750000026 ], [ 37.064089074000037, 46.832955463000076 ], [ 37.07, 46.834171426000069 ], [ 37.08158729400003, 46.83579364700006 ], [ 37.09, 46.836768291000055 ], [ 37.095905289000029, 46.837047355000038 ], [ 37.11, 46.837881622000054 ], [ 37.126923086000033, 46.838461543000051 ], [ 37.13, 46.838557996000077 ], [ 37.132848291000073, 46.838575854000055 ], [ 37.15, 46.838935480000032 ], [ 37.166686753000079, 46.838343376000068 ], [ 37.17, 46.838264987000059 ], [ 37.185548964000077, 46.837774482000043 ], [ 37.19, 46.837692307000054 ], [ 37.19513697800005, 46.837431510000044 ], [ 37.21, 46.836289856000064 ], [ 37.221156820000033, 46.835578410000039 ], [ 37.23, 46.835113638000053 ], [ 37.241168832000028, 46.834415584000055 ], [ 37.25, 46.833569551000039 ], [ 37.256181815000048, 46.833090907000042 ], [ 37.27, 46.832380957000055 ], [ 37.28454546100005, 46.832727269000031 ], [ 37.29, 46.832707835000065 ], [ 37.297037031000059, 46.833518515000037 ], [ 37.31, 46.834293478000063 ], [ 37.319929073000026, 46.835035463000054 ], [ 37.33, 46.837473685000077 ], [ 37.34582414700003, 46.84 ], [ 37.35, 46.840733597000053 ], [ 37.352389957000071, 46.841194978000033 ], [ 37.37, 46.84310343900006 ] ], [ [ 36.83, 45.871666687000072 ], [ 36.833595548000062, 45.871797773000026 ], [ 36.85, 45.871888870000078 ], [ 36.85395348000003, 45.871976740000036 ], [ 36.87, 45.872580643000049 ], [ 36.882105261000049, 45.873947369000064 ], [ 36.89, 45.87454546500004 ], [ 36.901392420000036, 45.875696210000058 ], [ 36.91, 45.876633677000029 ], [ 36.915230740000027, 45.877384630000051 ], [ 36.93, 45.879142829000045 ], [ 36.935625093000056, 45.88 ], [ 36.95, 45.882233024000072 ], [ 36.956666667000036, 45.883333333000053 ], [ 36.97, 45.88553395100007 ], [ 36.988688685000056, 45.889344342000072 ], [ 36.99, 45.889583385000037 ], [ 36.992285461000051, 45.89 ], [ 37.005373174000056, 45.892313413000068 ], [ 37.01, 45.893406561000063 ], [ 37.022916517000056, 45.896458258000052 ], [ 37.03, 45.898089848000041 ], [ 37.032377676000067, 45.898811162000072 ], [ 37.03596501100003, 45.9 ], [ 37.05, 45.904210549000027 ], [ 37.067460264000033, 45.91 ], [ 37.07, 45.911176481000041 ], [ 37.086666639000043, 45.92 ], [ 37.09, 45.921578972000077 ], [ 37.098707471000068, 45.925646264000079 ], [ 37.106410264000033, 45.93 ], [ 37.107985626000072, 45.931007186000045 ], [ 37.11, 45.932372860000044 ], [ 37.120588260000034, 45.94 ], [ 37.13, 45.946666699000048 ], [ 37.132666635000078, 45.948666682000066 ], [ 37.134210487000075, 45.95 ], [ 37.139795925000044, 45.955102037000074 ], [ 37.144693858000039, 45.96 ], [ 37.146645145000036, 45.961677427000041 ], [ 37.15, 45.965000057000054 ], [ 37.154727200000025, 45.97 ], [ 37.15634140700007, 45.973170703000051 ], [ 37.159818150000035, 45.98 ], [ 37.163333333000026, 45.986666666000076 ], [ 37.165344884000035, 45.99 ], [ 37.167115380000041, 45.998557690000041 ], [ 37.167435887000067, 46.0 ], [ 37.17, 46.003947360000041 ], [ 37.173739872000056, 46.01 ], [ 37.173965553000073, 46.011982776000025 ], [ 37.175000048000072, 46.02 ], [ 37.177209343000072, 46.023604671000044 ], [ 37.180265478000024, 46.034867261000045 ], [ 37.18424245600005, 46.05 ], [ 37.183239421000053, 46.056619710000064 ], [ 37.182941171000039, 46.06 ], [ 37.183037048000074, 46.06651852300007 ], [ 37.183285707000039, 46.07 ], [ 37.182932324000035, 46.07353383800006 ], [ 37.182112695000058, 46.08 ], [ 37.180058489000032, 46.085029244000054 ], [ 37.17851350400008, 46.09 ], [ 37.179333310000061, 46.094666654000036 ], [ 37.174779913000066, 46.11 ], [ 37.174523838000027, 46.112261919000048 ], [ 37.173850967000078, 46.12 ], [ 37.171159438000075, 46.12942028100008 ], [ 37.170946762000028, 46.13 ], [ 37.170888904000037, 46.130444451000074 ], [ 37.17034291300007, 46.14 ], [ 37.170375062000062, 46.140187530000048 ], [ 37.172259864000068, 46.15 ], [ 37.172836852000046, 46.151418426000077 ], [ 37.176918918000069, 46.16 ], [ 37.179846129000055, 46.16492306400005 ], [ 37.183089007000035, 46.17 ], [ 37.184612230000027, 46.172693885000058 ], [ 37.188743435000049, 46.18 ], [ 37.189670340000077, 46.189835170000038 ], [ 37.189695441000026, 46.19 ], [ 37.19, 46.190666649000036 ], [ 37.193281241000079, 46.198359379000067 ], [ 37.193962247000059, 46.2 ], [ 37.196122474000049, 46.206938763000039 ], [ 37.196880769000074, 46.21 ], [ 37.198196753000047, 46.214098376000038 ], [ 37.200046091000047, 46.22 ], [ 37.201255074000073, 46.224372463000066 ], [ 37.202752308000072, 46.23 ], [ 37.203899616000058, 46.233050192000064 ], [ 37.206438364000064, 46.24 ], [ 37.21, 46.246393429000079 ], [ 37.211990954000044, 46.25 ], [ 37.212146348000033, 46.251073174000055 ], [ 37.213513552000052, 46.26 ], [ 37.216083660000038, 46.266958170000066 ], [ 37.217407420000029, 46.27 ], [ 37.217920803000027, 46.273960401000068 ], [ 37.218755775000034, 46.28 ], [ 37.221111119000057, 46.285555559000045 ], [ 37.222897199000045, 46.29 ], [ 37.22662652300005, 46.298313261000033 ], [ 37.227307703000065, 46.3 ], [ 37.227543867000065, 46.301228066000078 ], [ 37.229512173000046, 46.31 ], [ 37.23, 46.31333333300006 ], [ 37.230836858000032, 46.319581571000072 ], [ 37.230892898000036, 46.32 ], [ 37.231145357000059, 46.329427321000026 ], [ 37.231187194000029, 46.33 ], [ 37.231299979000028, 46.330649989000051 ], [ 37.232523341000046, 46.34 ], [ 37.232499979000067, 46.341249989000062 ], [ 37.232253558000025, 46.35 ], [ 37.232152497000072, 46.351076248000027 ], [ 37.230865411000025, 46.36 ], [ 37.230818209000063, 46.360409104000041 ], [ 37.23, 46.366923112000052 ], [ 37.229609750000066, 46.369804874000067 ], [ 37.229578940000067, 46.37 ], [ 37.227302321000025, 46.378651160000061 ], [ 37.226847814000052, 46.38 ], [ 37.222204722000072, 46.386102360000052 ], [ 37.219354860000067, 46.39 ], [ 37.214885569000046, 46.397557215000063 ], [ 37.213535955000054, 46.4 ], [ 37.212666707000039, 46.401333353000041 ], [ 37.21, 46.405161315000043 ], [ 37.206610160000025, 46.41 ], [ 37.203684184000053, 46.413157908000073 ], [ 37.197514453000053, 46.42 ], [ 37.195138339000039, 46.422569169000042 ], [ 37.19, 46.428441537000026 ], [ 37.188999983000031, 46.429499991000057 ], [ 37.188499972000045, 46.43 ], [ 37.181983803000037, 46.435991901000079 ], [ 37.177625058000046, 46.44 ], [ 37.17, 46.446931861000053 ], [ 37.167711887000053, 46.448855943000069 ], [ 37.166301389000068, 46.45 ], [ 37.160672626000064, 46.455336312000043 ], [ 37.156580657000063, 46.46 ], [ 37.154080004000036, 46.462040001000048 ], [ 37.15, 46.465368418000025 ], [ 37.146408153000039, 46.468204076000063 ], [ 37.144430361000047, 46.47 ], [ 37.138108126000077, 46.475945937000063 ], [ 37.13377360800007, 46.48 ], [ 37.13, 46.48333335500007 ], [ 37.124827596000046, 46.487413798000034 ], [ 37.121946348000051, 46.49 ], [ 37.117148626000073, 46.493574313000067 ], [ 37.11, 46.499468064000041 ], [ 37.109280541000032, 46.5 ], [ 37.108507388000078, 46.500746305000064 ], [ 37.098794292000036, 46.51 ], [ 37.095040621000066, 46.51252031000007 ], [ 37.09, 46.516199998000047 ], [ 37.086545480000041, 46.518272739000054 ], [ 37.083870994000051, 46.52 ], [ 37.077350422000052, 46.523675210000079 ], [ 37.07, 46.527678561000073 ], [ 37.067999986000075, 46.52899999300007 ], [ 37.06641376400006, 46.53 ], [ 37.060624972000028, 46.535312485000077 ], [ 37.055314716000055, 46.54 ], [ 37.053408102000049, 46.541704051000067 ], [ 37.05, 46.54447060800004 ], [ 37.045765771000049, 46.547882885000035 ], [ 37.042769196000052, 46.55 ], [ 37.03764973300008, 46.55382486600007 ], [ 37.03, 46.55943178900003 ], [ 37.029507366000075, 46.559753682000064 ], [ 37.02905656300004, 46.56 ], [ 37.02285708200003, 46.563571459000059 ], [ 37.01180005100008, 46.57 ], [ 37.010952411000062, 46.570476205000034 ], [ 37.01, 46.570957477000036 ], [ 36.994999752000069, 46.577500124000039 ], [ 36.99, 46.579690731000028 ], [ 36.989668519000077, 46.579834259000052 ], [ 36.989250021000032, 46.58 ], [ 36.977230030000044, 46.583615014000031 ], [ 36.97, 46.585310335000031 ], [ 36.955471722000027, 46.587264139000069 ], [ 36.95, 46.588164554000059 ], [ 36.947040817000072, 46.588520408000079 ], [ 36.93, 46.59 ], [ 36.91, 46.590346809000039 ], [ 36.9, 46.59 ], [ 36.89, 46.589708746000042 ], [ 36.875185205000037, 46.58740739700005 ], [ 36.87, 46.586969694000061 ], [ 36.860789483000076, 46.585394741000073 ], [ 36.85, 46.583153862000074 ], [ 36.837669156000061, 46.58 ], [ 36.83, 46.5775 ], [ 36.821989515000041, 46.574005242000055 ], [ 36.81, 46.570497910000029 ], [ 36.808674074000066, 46.57 ], [ 36.79, 46.564668761000064 ], [ 36.78423003000006, 46.562884985000039 ], [ 36.77077919900006, 46.56 ], [ 36.77, 46.559775288000026 ], [ 36.769024423000076, 46.559512211000026 ], [ 36.75, 46.553966112000069 ], [ 36.733404225000072, 46.55 ], [ 36.73, 46.549028347000046 ], [ 36.726129054000069, 46.548064527000065 ], [ 36.71, 46.544065041000067 ], [ 36.693606570000043, 46.54 ], [ 36.69, 46.539249143000063 ], [ 36.676550869000039, 46.536724565000043 ], [ 36.67, 46.535629136000068 ], [ 36.65617803400005, 46.533089016000076 ], [ 36.65, 46.53192811200006 ], [ 36.647093584000061, 46.531453208000073 ], [ 36.639464251000049, 46.53 ], [ 36.63, 46.527568812000027 ], [ 36.618723376000048, 46.524361688000056 ], [ 36.61, 46.521838553000066 ], [ 36.604265779000059, 46.52 ], [ 36.59, 46.515785128000061 ], [ 36.572822101000042, 46.51 ], [ 36.57, 46.508894219000069 ], [ 36.56013334000005, 46.504933330000028 ], [ 36.55, 46.501324203000081 ], [ 36.547055832000069, 46.5 ], [ 36.536190395000062, 46.493095197000059 ], [ 36.53116589900003, 46.49 ], [ 36.530708434000076, 46.489645782000025 ], [ 36.53, 46.489133347000063 ], [ 36.519501901000069, 46.48 ], [ 36.515560532000052, 46.477219734000073 ], [ 36.51, 46.473439160000055 ], [ 36.504941636000069, 46.47 ], [ 36.503298964000066, 46.466649481000047 ], [ 36.499381803000063, 46.46 ], [ 36.49, 46.452670432000048 ], [ 36.485436938000078, 46.45 ], [ 36.47, 46.441451598000071 ], [ 36.468632926000055, 46.440683537000041 ], [ 36.467081108000059, 46.44 ], [ 36.45, 46.431173179000041 ], [ 36.447391314000072, 46.43 ], [ 36.43, 46.422857134000026 ], [ 36.42074382800007, 46.42 ], [ 36.415627706000066, 46.417186147000052 ], [ 36.410470596000039, 46.41 ], [ 36.410282691000077, 46.409858654000061 ], [ 36.41, 46.409696964000034 ], [ 36.391176491000067, 46.4 ], [ 36.390398017000052, 46.399800991000063 ], [ 36.39, 46.399730635000026 ], [ 36.389090897000074, 46.399545448000026 ], [ 36.37, 46.395153381000057 ], [ 36.363684201000069, 46.393157899000073 ], [ 36.350689632000069, 46.39 ], [ 36.35, 46.389807698000027 ], [ 36.348918948000062, 46.389459474000034 ], [ 36.33, 46.38325076600006 ], [ 36.326139721000061, 46.381930139000076 ], [ 36.321286326000063, 46.38 ], [ 36.31, 46.373061240000027 ], [ 36.305714265000063, 46.37 ], [ 36.293561572000044, 46.361780786000054 ], [ 36.290899638000042, 46.36 ], [ 36.29, 46.359434792000059 ], [ 36.281637760000024, 46.354181120000078 ], [ 36.275484941000059, 46.35 ], [ 36.27, 46.346720008000034 ], [ 36.253846152000051, 46.34 ], [ 36.25, 46.33754601000004 ], [ 36.234331234000024, 46.33 ], [ 36.232369353000024, 46.328815323000072 ], [ 36.23, 46.327384608000045 ], [ 36.21040810900007, 46.32 ], [ 36.21, 46.319880255000044 ], [ 36.19539823000008, 46.317300884000076 ], [ 36.19, 46.316257674000042 ], [ 36.180000049000057, 46.315000024000028 ], [ 36.17, 46.313812528000028 ], [ 36.153636382000059, 46.311818190000054 ], [ 36.15, 46.311456958000065 ], [ 36.14745664000003, 46.311271679000072 ], [ 36.133703835000063, 46.31 ], [ 36.130537658000037, 46.309731171000067 ], [ 36.13, 46.309675309000056 ], [ 36.129166630000043, 46.309583314000065 ], [ 36.11, 46.30751635200005 ], [ 36.097222226000042, 46.306388887000026 ], [ 36.09, 46.305666658000064 ], [ 36.080229890000055, 46.304885055000057 ], [ 36.07, 46.303308281000056 ], [ 36.050869453000075, 46.3 ], [ 36.05022854200007, 46.299885729000039 ], [ 36.05, 46.299849644000062 ], [ 36.049459529000046, 46.299729764000062 ], [ 36.03, 46.295760007000069 ], [ 36.021627901000045, 46.294186049000075 ], [ 36.01, 46.29082571400005 ], [ 36.007230679000031, 46.29 ], [ 35.99, 46.283411778000072 ], [ 35.981830958000046, 46.28 ], [ 35.97, 46.274878027000057 ], [ 35.959041177000074, 46.27 ], [ 35.954782637000051, 46.26760868100007 ], [ 35.95, 46.264310392000027 ], [ 35.943902336000065, 46.26 ], [ 35.93529390100008, 46.252646950000042 ], [ 35.932092970000042, 46.25 ], [ 35.93, 46.248783819000039 ], [ 35.919347846000051, 46.23 ], [ 35.914421021000067, 46.21 ], [ 35.91, 46.191600028000039 ], [ 35.91, 46.187036955000053 ], [ 35.91, 46.173666726000079 ], [ 35.912884620000057, 46.161442309000051 ], [ 35.912884620000057, 46.16 ], [ 35.920196111000052, 46.14 ], [ 35.923506417000056, 46.133246791000033 ], [ 35.925327017000029, 46.13 ], [ 35.93, 46.125282951000031 ], [ 35.933636364000051, 46.121818181000037 ], [ 35.935436848000052, 46.12 ], [ 35.937999962000049, 46.113999981000063 ], [ 35.939708691000078, 46.11 ], [ 35.944207619000053, 46.10710380900008 ], [ 35.95, 46.102837811000029 ], [ 35.953962258000047, 46.1 ], [ 35.956614165000076, 46.093307082000081 ], [ 35.958235239000032, 46.09 ], [ 35.963582865000035, 46.086791432000041 ], [ 35.97, 46.082405067000082 ], [ 35.972032097000067, 46.081016048000038 ], [ 35.973392885000067, 46.08 ], [ 35.978374989000031, 46.074187494000057 ], [ 35.983400051000046, 46.07 ], [ 35.986700045000077, 46.068350022000061 ], [ 35.99, 46.066250042000036 ], [ 35.995583778000025, 46.062791889000039 ], [ 36.000476212000024, 46.06 ], [ 36.004505494000057, 46.057252746000074 ], [ 36.01, 46.052753643000074 ], [ 36.013518530000056, 46.05 ], [ 36.03, 46.043206086000055 ], [ 36.033544289000076, 46.041772144000049 ], [ 36.038076936000039, 46.04 ], [ 36.05, 46.03 ], [ 36.07, 46.024101140000027 ], [ 36.07517731300004, 46.022588656000039 ], [ 36.083644912000068, 46.02 ], [ 36.08676193000008, 46.018380965000063 ], [ 36.09, 46.016792474000056 ], [ 36.104400019000025, 46.01 ], [ 36.107575764000046, 46.008787882000036 ], [ 36.11, 46.007878794000078 ], [ 36.119122793000031, 46.004561396000042 ], [ 36.13, 46.000882364000063 ], [ 36.131016965000072, 46.000508482000043 ], [ 36.132758644000035, 46.0 ], [ 36.143852430000038, 45.99692621500003 ], [ 36.15, 45.994932421000044 ], [ 36.15610879500008, 45.993054397000037 ], [ 36.164747553000041, 45.99 ], [ 36.167815160000032, 45.988907580000046 ], [ 36.17, 45.988194469000064 ], [ 36.180195996000066, 45.984902002000069 ], [ 36.19, 45.98172414000004 ], [ 36.192092051000031, 45.981046025000069 ], [ 36.195617981000055, 45.98 ], [ 36.203600005000055, 45.976800002000061 ], [ 36.21, 45.974234241000033 ], [ 36.214820529000065, 45.972410264000075 ], [ 36.221750077000024, 45.97 ], [ 36.227013615000033, 45.96850680700004 ], [ 36.23, 45.967555587000049 ], [ 36.242452822000075, 45.963773589000027 ], [ 36.25, 45.961562482000033 ], [ 36.252030438000077, 45.961015219000046 ], [ 36.255263125000056, 45.96 ], [ 36.265234057000043, 45.957617028000072 ], [ 36.27, 45.956500009000081 ], [ 36.28217389100007, 45.953913054000054 ], [ 36.29, 45.952249996000035 ], [ 36.293185834000042, 45.951592917000028 ], [ 36.301612990000024, 45.95 ], [ 36.30736044300005, 45.948680221000075 ], [ 36.31, 45.947968782000032 ], [ 36.318666541000027, 45.945666729000038 ], [ 36.33, 45.942677182000068 ], [ 36.333523337000031, 45.941761668000026 ], [ 36.340793684000062, 45.94 ], [ 36.347055832000024, 45.938527915000066 ], [ 36.35, 45.93771653500005 ], [ 36.360370401000068, 45.935185200000035 ], [ 36.37, 45.932777777000069 ], [ 36.380605979000052, 45.93 ], [ 36.39, 45.927155934000041 ], [ 36.399285735000035, 45.924642867000045 ], [ 36.41, 45.921743141000036 ], [ 36.416551707000053, 45.92 ], [ 36.426608660000056, 45.918304330000069 ], [ 36.43, 45.917636340000058 ], [ 36.441612926000062, 45.915806463000081 ], [ 36.45, 45.914203840000027 ], [ 36.456346177000057, 45.913173088000065 ], [ 36.47, 45.91065788800006 ], [ 36.470975597000063, 45.910487798000077 ], [ 36.473921555000061, 45.91 ], [ 36.485519149000027, 45.907759574000067 ], [ 36.49, 45.906639355000038 ], [ 36.499418610000077, 45.90470930500004 ], [ 36.51, 45.902086950000069 ], [ 36.51285712300006, 45.901428561000046 ], [ 36.519411779000052, 45.9 ], [ 36.52664599600007, 45.898322998000026 ], [ 36.53, 45.89756759200003 ], [ 36.537941097000044, 45.896029451000061 ], [ 36.55, 45.893596499000068 ], [ 36.555540570000062, 45.892770284000051 ], [ 36.57, 45.890530957000067 ], [ 36.57374995400005, 45.89 ], [ 36.586867516000041, 45.88843375700003 ], [ 36.59, 45.887984521000078 ], [ 36.602874998000061, 45.886437498000078 ], [ 36.61, 45.885714292000046 ], [ 36.619559787000071, 45.884779893000029 ], [ 36.63, 45.883664147000047 ], [ 36.63635761900008, 45.883178809000071 ], [ 36.65, 45.882076899000026 ], [ 36.653483845000039, 45.88174192200006 ], [ 36.67, 45.880153826000026 ], [ 36.670264867000071, 45.880132433000028 ], [ 36.671904573000063, 45.88 ], [ 36.687121273000059, 45.878560636000032 ], [ 36.69, 45.87825691300003 ], [ 36.694175749000067, 45.87791212500008 ], [ 36.71, 45.876545434000036 ], [ 36.722100898000065, 45.876050448000058 ], [ 36.73, 45.875480794000055 ], [ 36.740107482000042, 45.874946259000069 ], [ 36.75, 45.874423067000066 ], [ 36.75814155300003, 45.874070776000053 ], [ 36.77, 45.873619019000046 ], [ 36.783535387000029, 45.873232306000034 ], [ 36.79, 45.873076918000038 ], [ 36.795714271000065, 45.872857135000061 ], [ 36.81, 45.872233024000082 ], [ 36.82666662500003, 45.871666687000072 ], [ 36.83, 45.871666687000072 ] ] ] ] } }
]
}
