{
"type": "FeatureCollection",
"name": "azov_10_hsig_plg",
"crs": { "type": "name", "properties": { "name": "urn:ogc:def:crs:OGC:1.3:CRS84" } },
"features": [
{ "type": "Feature", "properties": { "gid": 1, "objectid": 1.0, "shape_leng": 0.188318699664, "shape_area": 0.00087677327036799998, "z_mean": 0.92335888549199996 }, "geometry": { "type": "MultiPolygon", "coordinates": [ [ [ [ 36.035807803000353, 45.380527043000257, 0.999976476158054 ], [ 36.035328285752257, 45.380085940092613, 0.991376476158166 ], [ 36.022308790003081, 45.368109442004425, 0.839176476158173 ], [ 35.986013217001528, 45.362738348001585, 0.827176476158229 ], [ 35.963693055809927, 45.368064750047779, 0.94697647615817 ], [ 35.956472473475515, 45.369787843541417, 0.959176476158063 ], [ 35.953664130429388, 45.370458016303019, 0.928476476158039 ], [ 35.948205259848692, 45.371760701313178, 0.938176476158105 ], [ 35.946625196000241, 45.37213776200042, 0.963076476158221 ], [ 35.945090237000841, 45.372787804002655, 0.999976476158054 ], [ 36.00667421700382, 45.379577375002555, 0.997576476158201 ], [ 36.006923378554347, 45.379589783808115, 0.99687647615815 ], [ 36.015160280139753, 45.3799999999992, 0.999976476158054 ], [ 36.015218892000121, 45.380002919002436, 1.000076476158029 ], [ 36.029999995684193, 45.3799999999992, 0.999976476158054 ], [ 36.030000000002474, 45.3799999999992, 0.999976476158054 ], [ 36.035807803000353, 45.380527043000257, 0.999976476158054 ] ] ] ] } },
{ "type": "Feature", "properties": { "gid": 2, "objectid": 2.0, "shape_leng": 0.0119716101172, "shape_area": 3.0357735918300001e-07, "z_mean": 1.00047647616 }, "geometry": { "type": "MultiPolygon", "coordinates": [ [ [ [ 36.035807803000353, 45.380527043000257, 0.999976476158054 ], [ 36.030000000002474, 45.3799999999992, 0.999976476158054 ], [ 36.035933887002102, 45.380643025999234, 0.999976476158054 ], [ 36.035873345346772, 45.380587334535448, 1.001176476158207 ], [ 36.035807803000353, 45.380527043000257, 0.999976476158054 ] ] ] ] } },
{ "type": "Feature", "properties": { "gid": 3, "objectid": 3.0, "shape_leng": 0.026310894971799999, "shape_area": 1.33259035828e-05, "z_mean": 0.98866828726699996 }, "geometry": { "type": "MultiPolygon", "coordinates": [ [ [ [ 36.035933887002102, 45.380643025999234, 0.999976476158054 ], [ 36.030000000002474, 45.3799999999992, 0.999976476158054 ], [ 36.041468478999377, 45.385734240002421, 0.999976476158054 ], [ 36.041468480007097, 45.385734240002421, 0.999976476158054 ], [ 36.037400952478492, 45.381992564129177, 0.971576476158134 ], [ 36.035933887002102, 45.380643025999234, 0.999976476158054 ] ] ] ] } },
{ "type": "Feature", "properties": { "gid": 4, "objectid": 4.0, "shape_leng": 1.1278785472, "shape_area": 0.0143409187439, "z_mean": 0.592053787015 }, "geometry": { "type": "MultiPolygon", "coordinates": [ [ [ [ 36.64231319800092, 45.397428935000789, 1.001576476158107 ], [ 36.648070872999597, 45.397247547, 1.004976476158163 ], [ 36.650000000001455, 45.3972695864868, 1.017776476158133 ], [ 36.655762527001571, 45.397335420999298, 0.998176476158051 ], [ 36.665377477002039, 45.397741276001398, 1.006876476158141 ], [ 36.665496757867004, 45.397748378933102, 1.00727647615804 ], [ 36.680641914999796, 45.398650241999349, 0.991076476158241 ], [ 36.68503596280425, 45.398758990702845, 0.963476476158121 ], [ 36.68837916800112, 45.39884173199971, 0.986776476158184 ], [ 36.698450829002468, 45.398513942000136, 1.004476476158061 ], [ 36.72061169600056, 45.397315857000649, 0.999976476158054 ], [ 36.705088737999176, 45.39101797100011, 0.352876476158144 ], [ 36.704137519232972, 45.390000000001237, 0.255676476158214 ], [ 36.701831212436446, 45.387531847030914, 0.185076476158201 ], [ 36.701027839857488, 45.386672097400151, 0.166376476158121 ], [ 36.700372005505415, 45.385970239560265, 0.141076476158105 ], [ 36.699826484726145, 45.385386436599219, 0.119976476158172 ], [ 36.681895379000707, 45.366197007002484, 0.414176476158218 ], [ 36.666514519001794, 45.340399480999622, 0.817676476158113 ], [ 36.668142123000507, 45.326361395002095, 1.046276476158027 ], [ 36.687998894001794, 45.331488348003404, 0.981376476158175 ], [ 36.727793816000485, 45.3717715519997, 0.365676476158114 ], [ 36.746594882995851, 45.381056029353203, 0.232576476158101 ], [ 36.747569207002016, 45.381537177001519, 0.252676476158058 ], [ 36.749848813315111, 45.382012094934908, 0.279576476158127 ], [ 36.755244617153949, 45.383136220620145, 0.343176476158078 ], [ 36.759287957000197, 45.383978583004136, 0.375876476158055 ], [ 36.761275112705334, 45.384701185112135, 0.397376476158115 ], [ 36.770030144001794, 45.387884833002317, 0.515676476158205 ], [ 36.781586134002282, 45.387640692000787, 0.564376476158031 ], [ 36.7876302781915, 45.383446177229416, 0.491576476158116 ], [ 36.791482392110993, 45.380772887472631, 0.461376476158193 ], [ 36.794888820775668, 45.378408894339373, 0.405676476158078 ], [ 36.797922682268108, 45.376303455346715, 0.356076476158023 ], [ 36.805918816002304, 45.3707542989996, 0.453176476158205 ], [ 36.817393425002592, 45.367621161001807, 0.514276476158102 ], [ 36.84750410199922, 45.367336330000398, 0.546276476158027 ], [ 36.84750410199922, 45.361070053999356, 0.64767647615804 ], [ 36.828623893999975, 45.356756903000132, 0.700276476158024 ], [ 36.81902103000175, 45.35260651200042, 0.758776476158118 ], [ 36.812185091999709, 45.347398179001175, 0.836776476158093 ], [ 36.809825066002304, 45.336981512002239, 1.003276476158135 ], [ 36.811626849405002, 45.328603218355056, 1.140476476158028 ], [ 36.812266471999465, 45.325628972999766, 0.831976476158161 ], [ 36.81220931045209, 45.319141120691711, 0.16287647615809 ], [ 36.798597746765154, 45.318831766971925, 0.167476476158072 ], [ 36.79476972699922, 45.324855861001197, 0.799176476158209 ], [ 36.793713301301977, 45.328063653652862, 1.132876476158117 ], [ 36.786957227001039, 45.348578192002606, 0.794776476158177 ], [ 36.775726759000463, 45.364813544001663, 0.521876476158241 ], [ 36.758067254000707, 45.354234117001397, 0.676976476158188 ], [ 36.758474154999931, 45.340765692000787, 0.895276476158188 ], [ 36.763652920741151, 45.327158220503406, 1.120176476158122 ], [ 36.766449415003081, 45.319810289003726, 0.354776476158122 ], [ 36.767463937969296, 45.318124180408631, 0.178176476158114 ], [ 36.486736481878324, 45.31174401095268, 0.273876476158193 ], [ 36.484385613002814, 45.316392320000887, 0.759576476158145 ], [ 36.484966444666497, 45.318764049539823, 1.002676476158058 ], [ 36.489268425000773, 45.33633047100011, 0.722376476158161 ], [ 36.502452018999975, 45.346869208000498, 0.563776476158182 ], [ 36.521820509000463, 45.349920966000354, 0.531976476158206 ], [ 36.545176629002526, 45.347398179001175, 0.594076476158079 ], [ 36.574880404999931, 45.336086330002217, 0.804176476158091 ], [ 36.586192254000707, 45.33380768400275, 0.851276476158091 ], [ 36.598317904999931, 45.334295966002173, 0.854376476158222 ], [ 36.630869987999176, 45.340562241999578, 0.782576476158056 ], [ 36.638356966999709, 45.351263739001297, 0.616276476158191 ], [ 36.631114129000707, 45.374741929001175, 0.229776476158122 ], [ 36.624433155373481, 45.387717246017928, 0.013676476158025 ], [ 36.623478028486716, 45.389572226265955, 0.042776476158224 ], [ 36.617716931959876, 45.400761022681763, 0.295976476158103 ], [ 36.61643239499972, 45.40325576000032, 0.999976476158054 ], [ 36.625053349001973, 45.40055396200114, 0.978576476158196 ], [ 36.632275864003532, 45.398651408002479, 1.081476476158059 ], [ 36.632927332038889, 45.398536333979791, 1.109676476158029 ], [ 36.636589924000873, 45.397889380999914, 1.03747647615819 ], [ 36.64231319800092, 45.397428935000789, 1.001576476158107 ] ] ] ] } },
{ "type": "Feature", "properties": { "gid": 5, "objectid": 5.0, "shape_leng": 0.73026924606499999, "shape_area": 0.0050929033341600002, "z_mean": 0.88124104801199998 }, "geometry": { "type": "MultiPolygon", "coordinates": [ [ [ [ 35.694997592001528, 45.330389716002173, 0.795576476158203 ], [ 35.61883131648392, 45.315380376137909, 0.726876476158168 ], [ 35.606503542927385, 45.31295106287871, 0.75297647615821 ], [ 35.587790260004112, 45.309263420003845, 0.792676476158022 ], [ 35.584311876526044, 45.308577969131875, 0.785776476158162 ], [ 35.55599612360129, 45.302998061799371, 0.759976476158045 ], [ 35.549999999999272, 45.301816464616422, 0.754476476158061 ], [ 35.547394106468346, 45.301302946769283, 0.739076476158061 ], [ 35.540782183270494, 45.300000000001091, 0.792176476158147 ], [ 35.530000000000655, 45.297875261037916, 0.836276476158218 ], [ 35.518702179126194, 45.295648910439922, 0.769476476158161 ], [ 35.517832879000707, 45.295477605999622, 0.764376476158077 ], [ 35.510000000000218, 45.295967160951477, 0.77897647615805 ], [ 35.496360774919594, 45.296819612543914, 0.804576476158218 ], [ 35.489999999999782, 45.300000000001091, 0.899976476158145 ], [ 35.469999999999345, 45.309999999999491, 0.999976476158054 ], [ 35.466192581927316, 45.311903709038234, 0.999976476158054 ], [ 35.466389725999761, 45.311870764999185, 1.000676476158105 ], [ 35.469999999999345, 45.311385163557134, 1.013876476158202 ], [ 35.472183060219322, 45.311091530109479, 1.010876476158046 ], [ 35.474476396002501, 45.310783064001953, 1.007876476158117 ], [ 35.481385410577786, 45.309999999999491, 0.999976476158054 ], [ 35.489999999999782, 45.309023627061833, 0.990276476158215 ], [ 35.492011030000867, 45.308795697999813, 0.98797647615811 ], [ 35.49248873054421, 45.308755634730915, 0.98757647615821 ], [ 35.500835642000311, 45.308055605000845, 1.015276476158078 ], [ 35.509182630999931, 45.307700895002199, 1.049976476158236 ], [ 35.510000000000218, 45.307716667304703, 1.054376476158041 ], [ 35.516731074001655, 45.307846552999763, 1.023276476158117 ], [ 35.523486054000387, 45.308365928000057, 0.999876476158079 ], [ 35.527604127411905, 45.308802063706025, 0.98797647615811 ], [ 35.530000000000655, 45.309055805073513, 0.990576476158139 ], [ 35.531558314771246, 45.309220842615105, 0.976576476158243 ], [ 35.536694177002573, 45.309764769999674, 0.992976476158219 ], [ 35.53835308206726, 45.309999999999491, 0.999976476158054 ], [ 35.549637212001471, 45.311600071001521, 1.01597647615813 ], [ 35.549999999999272, 45.311673428663198, 1.016776476158157 ], [ 35.561857744700319, 45.314071127650095, 0.981376476158175 ], [ 35.569999847000872, 45.315717504001441, 1.014376476158077 ], [ 35.569999999999709, 45.315717541703634, 1.014376476158077 ], [ 35.583143600999392, 45.318956348002757, 1.013376476158101 ], [ 35.586645534411218, 45.320000000001528, 1.016776476158157 ], [ 35.590000000000146, 45.320999703393682, 1.009976476158045 ], [ 35.601278261092375, 45.324360869455631, 0.987176476158083 ], [ 35.610000000000582, 45.326960136540947, 0.969576476158181 ], [ 35.610679781000727, 45.327162726001916, 0.971676476158109 ], [ 35.621184429026471, 45.33, 0.999976476158054 ], [ 35.629550538000331, 45.332259660999625, 1.022576476158065 ], [ 35.630000000002838, 45.332403630171029, 1.024076476158143 ], [ 35.636497468000016, 45.334484863000398, 1.012376476158124 ], [ 35.643389720002233, 45.336923826002021, 1.002276476158158 ], [ 35.645169108505797, 45.337584554252317, 0.999976476158054 ], [ 35.650000000003274, 45.339378376389504, 0.993776476158246 ], [ 35.651674076907511, 45.340000000001965, 0.991676476158091 ], [ 35.663951574999373, 45.344558920003692, 0.975876476158192 ], [ 35.67, 45.346547653269226, 0.965476476158074 ], [ 35.680499779240563, 45.350000000000364, 0.999976476158054 ], [ 35.68623107730491, 45.351884461349982, 1.018876476158084 ], [ 35.689207854002234, 45.35286323100263, 1.028676476158125 ], [ 35.690000000000509, 45.353190161275052, 1.031876476158232 ], [ 35.695836310000232, 45.355598892001581, 1.026776476158147 ], [ 35.702268589002415, 45.358773751000626, 1.026376476158021 ], [ 35.704369706740181, 45.360000000002401, 1.028176476158023 ], [ 35.70846621200144, 45.362390792000951, 1.031576476158079 ], [ 35.709999999999127, 45.363438761833095, 1.034376476158059 ], [ 35.714095818000715, 45.366237254000225, 1.021376476158139 ], [ 35.718995819313932, 45.3700000000008, 1.010076476158019 ], [ 35.719519199001297, 45.370401906999177, 1.008876476158093 ], [ 35.724782105000486, 45.374788630000694, 1.000076476158029 ], [ 35.729999999999563, 45.379329282353865, 0.993276476158144 ], [ 35.730770755828416, 45.3799999999992, 0.992276476158167 ], [ 35.737787664404095, 45.386106167801699, 0.983176476158178 ], [ 35.742029814000489, 45.389797719000853, 0.977676476158194 ], [ 35.742278349331173, 45.390000000001237, 0.977176476158093 ], [ 35.745216813340448, 45.392391593330103, 0.947876476158171 ], [ 35.746839186002035, 45.393712029999733, 0.952876476158053 ], [ 35.75, 45.396077619110656, 0.960776476158117 ], [ 35.752523930001189, 45.397966557002292, 0.967076476158127 ], [ 35.758395604001635, 45.402013180002541, 0.978176476158069 ], [ 35.766193564000787, 45.406989643999623, 0.988976476158086 ], [ 35.768156886324505, 45.408156886325742, 0.990776476158089 ], [ 35.769174645914973, 45.408761968870749, 0.991776476158066 ], [ 35.769468266764306, 45.408936533527594, 0.991976476158243 ], [ 35.773553263001304, 45.411365162002767, 0.995876476158173 ], [ 35.782198771863477, 45.416099385933194, 0.999976476158054 ], [ 35.785223484999733, 45.417755698999827, 1.001476476158132 ], [ 35.790000000000873, 45.42, 0.999976476158054 ], [ 35.792808221000087, 45.418340597001588, 0.999976476158054 ], [ 35.791758660001506, 45.412298895000276, 0.972876476158035 ], [ 35.78842207100206, 45.407456773002195, 0.945076476158192 ], [ 35.772715691002304, 45.392279363999478, 0.845476476158183 ], [ 35.767425977001039, 45.388983466002173, 0.819276476158166 ], [ 35.764817479886915, 45.388521849859899, 0.811176476158153 ], [ 35.758721536594749, 45.387443073184841, 0.830776476158235 ], [ 35.75445918726291, 45.386688780894474, 0.844576476158181 ], [ 35.752940300002592, 45.386419988999478, 0.849476476158088 ], [ 35.75, 45.381927863867531, 0.819276476158166 ], [ 35.749049272633783, 45.380475363683217, 0.814276476158057 ], [ 35.748738125505042, 45.3799999999992, 0.812576476158029 ], [ 35.748545769001794, 45.379706121999334, 0.811576476158052 ], [ 35.748486882350335, 45.379243441175277, 0.807576476158147 ], [ 35.747406446000241, 45.3707542989996, 0.733476476158103 ], [ 35.747089513688479, 45.3700000000008, 0.72907647615807 ], [ 35.746315448301175, 45.368157724151388, 0.718376476158028 ], [ 35.744980466084598, 45.364980466085399, 0.699976476158099 ], [ 35.743337436000729, 45.361070053999356, 0.707076476158136 ], [ 35.734267908661423, 45.354267908662223, 0.699976476158099 ], [ 35.729999999999563, 45.351066977244045, 0.710676476158142 ], [ 35.729146418194432, 45.350426790904748, 0.712776476158069 ], [ 35.728577363641307, 45.350000000000364, 0.714176476158173 ], [ 35.725732090719248, 45.347866045358387, 0.699976476158099 ], [ 35.7167423243136, 45.341123720718315, 0.711276476158218 ], [ 35.716597328086209, 45.341014973553683, 0.712676476158094 ], [ 35.716477919429963, 45.340925417063772, 0.709276476158038 ], [ 35.716377874339742, 45.340850383245197, 0.706376476158084 ], [ 35.716292836012144, 45.340786604501773, 0.70587647615821 ], [ 35.715993686000729, 45.340562241999578, 0.710776476158117 ], [ 35.703915726615378, 45.334710517587155, 0.818876476158039 ], [ 35.694997592001528, 45.330389716002173, 0.795576476158203 ] ] ] ] } },
{ "type": "Feature", "properties": { "gid": 6, "objectid": 6.0, "shape_leng": 0.0104583202792, "shape_area": 5.1942422783699997e-06, "z_mean": 1.0025181428200001 }, "geometry": { "type": "MultiPolygon", "coordinates": [ [ [ [ 35.793391036002504, 45.421695517999979, 0.999976476158054 ], [ 35.793043617999501, 45.419695638202029, 1.006076476158114 ], [ 35.792808221000087, 45.418340597001588, 0.999976476158054 ], [ 35.790000000000873, 45.42, 0.999976476158054 ], [ 35.793391036002504, 45.421695517999979, 0.999976476158054 ] ] ] ] } },
{ "type": "Feature", "properties": { "gid": 7, "objectid": 7.0, "shape_leng": 0.105570856776, "shape_area": 0.00049079490305300002, "z_mean": 0.84372973893199998 }, "geometry": { "type": "MultiPolygon", "coordinates": [ [ [ [ 36.548594597001284, 45.412298895000276, 0.680876476158119 ], [ 36.532969596999465, 45.408921617001397, 0.63857647615805 ], [ 36.515879754002526, 45.419745184000931, 0.906076476158205 ], [ 36.511577229002796, 45.423701846999393, 0.999976476158054 ], [ 36.535048338000706, 45.425885513999674, 1.001176476158207 ], [ 36.539910310002597, 45.426071647001663, 0.995676476158224 ], [ 36.5427253450016, 45.425713876000373, 0.982376476158151 ], [ 36.5432531332699, 45.425582288911755, 0.978476476158221 ], [ 36.545479551001335, 45.425027203000354, 1.020776476158062 ], [ 36.560078873999373, 45.420498254999984, 0.999976476158054 ], [ 36.559578016858723, 45.420140661046389, 0.82887647615803 ], [ 36.548594597001284, 45.412298895000276, 0.680876476158119 ] ] ] ] } },
{ "type": "Feature", "properties": { "gid": 16, "objectid": 16.0, "shape_leng": 3.3206633394599998, "shape_area": 0.55765468131700002, "z_mean": 3.0155230908899999 }, "geometry": { "type": "MultiPolygon", "coordinates": [ [ [ [ 36.890332154001953, 46.355208821003544, 2.999976476158054 ], [ 36.890521103565334, 46.350000000002183, 2.999976476158054 ], [ 36.890868107491769, 46.340434053745412, 2.999976476158054 ], [ 36.890868177999437, 46.34043211000062, 2.999976476158054 ], [ 36.890874569098742, 46.340000000000146, 2.999976476158054 ], [ 36.891014967597584, 46.33050748380083, 2.999976476158054 ], [ 36.891022473506382, 46.330000000003565, 2.999976476158054 ], [ 36.891089758000817, 46.325450812004419, 2.999976476158054 ], [ 36.891101921819427, 46.320550960912442, 2.999976476158054 ], [ 36.891103289573948, 46.320000000001528, 2.999976476158054 ], [ 36.891126715920109, 46.310563357958017, 2.999976476158054 ], [ 36.891128114446474, 46.31000000000131, 2.999976476158054 ], [ 36.891129516450746, 46.309435241775645, 2.999976476158054 ], [ 36.891152248999788, 46.300278075001188, 2.999976476158054 ], [ 36.891151315230672, 46.299999999999272, 2.999976476158054 ], [ 36.891119615227581, 46.290559807615864, 2.999976476158054 ], [ 36.891117735400258, 46.290000000002692, 2.999976476158054 ], [ 36.891085978923002, 46.280542989463356, 2.999976476158054 ], [ 36.891084155573481, 46.280000000000655, 2.999976476158054 ], [ 36.891052342618423, 46.270526171310848, 2.999976476158054 ], [ 36.891050575744885, 46.270000000000437, 2.999976476158054 ], [ 36.891048814795795, 46.269475592604067, 2.999976476158054 ], [ 36.891033707999668, 46.264976822001699, 2.999976476158054 ], [ 36.890974175887095, 46.260000000000218, 2.999976476158054 ], [ 36.890859698962231, 46.250429849482316, 2.999976476158054 ], [ 36.890854557153943, 46.25, 2.999976476158054 ], [ 36.890739360491352, 46.240369680246658, 2.999976476158054 ], [ 36.89073493842443, 46.24000000000342, 2.999976476158054 ], [ 36.890734254000563, 46.239942783000515, 2.999976476158054 ], [ 36.890399181245812, 46.230199590621851, 2.999976476158054 ], [ 36.890392317236547, 46.229999999999563, 2.999976476158054 ], [ 36.890056463000292, 46.220234083999458, 2.999976476158054 ], [ 36.890042377157442, 46.220021188581086, 2.999976476158054 ], [ 36.890040975253214, 46.220000000002983, 2.999976476158054 ], [ 36.890039663137941, 46.219980168434631, 2.999976476158054 ], [ 36.889999999999418, 46.219380694219581, 2.999976476158054 ], [ 36.889417677002712, 46.210579382002834, 3.002876476158235 ], [ 36.889358783770149, 46.210000000000946, 3.00317647615816 ], [ 36.888457325001582, 46.201131596002597, 3.007676476158167 ], [ 36.88840576079383, 46.200797119603521, 3.007976476158092 ], [ 36.888282873669596, 46.200000000002547, 3.008576476158169 ], [ 36.887044978000631, 46.191970266003409, 3.014776476158204 ], [ 36.886951806627621, 46.191524096688227, 3.015276476158078 ], [ 36.886633536909358, 46.190000000000509, 3.016876476158131 ], [ 36.886241055879509, 46.188120527938736, 3.018776476158109 ], [ 36.886117474001367, 46.187528732001738, 3.019376476158186 ], [ 36.885008745002779, 46.183200598001349, 3.024976476158145 ], [ 36.884002361221064, 46.180000000000291, 3.029976476158026 ], [ 36.883689196001797, 46.179004042000088, 3.031576476158079 ], [ 36.882654079860004, 46.176327039929674, 3.036776476158138 ], [ 36.882125349002308, 46.17495964400041, 3.039376476158168 ], [ 36.879704145865617, 46.17, 3.051476476158086 ], [ 36.879324678999183, 46.169222692002222, 3.045576476158203 ], [ 36.875483233108753, 46.16274161655565, 2.999976476158054 ], [ 36.873858229400867, 46.159999999999854, 2.999976476158054 ], [ 36.870000000002619, 46.153490608341599, 2.999976476158054 ], [ 36.867931055860026, 46.149999999999636, 3.010376476158171 ], [ 36.867059660835366, 46.148529830417829, 2.999976476158054 ], [ 36.862032442999407, 46.140048186000058, 2.999976476158054 ], [ 36.862008838525071, 46.139999999999418, 2.999976476158054 ], [ 36.859416649778723, 46.134708324889289, 2.999976476158054 ], [ 36.859227816001294, 46.134322841000539, 2.999976476158054 ], [ 36.857695937724202, 46.130000000002838, 2.999976476158054 ], [ 36.856537581543307, 46.126731209231366, 2.999976476158054 ], [ 36.856319147003887, 46.12611480400119, 2.999976476158054 ], [ 36.85483858857333, 46.1200000000008, 2.999976476158054 ], [ 36.854212078002092, 46.117412470001, 3.025876476158146 ], [ 36.853152061166838, 46.111576030582, 3.084276476158038 ], [ 36.853123053000672, 46.111416312000074, 3.084376476158241 ], [ 36.852910461151623, 46.110000000002401, 3.085476476158192 ], [ 36.852207017002002, 46.105313572001251, 3.042076476158172 ], [ 36.851635568167694, 46.100817784084938, 2.999976476158054 ], [ 36.851531621592585, 46.100000000000364, 2.999976476158054 ], [ 36.850278227984745, 46.090139113992336, 2.999976476158054 ], [ 36.850260545539641, 46.090000000001965, 2.999976476158054 ], [ 36.850000000002183, 46.087950197088503, 2.999976476158054 ], [ 36.849063589999787, 46.080583131999447, 3.004676476158238 ], [ 36.84896750421467, 46.08, 3.005176476158113 ], [ 36.84887480173893, 46.07943740086921, 3.00557647615824 ], [ 36.847567855002126, 46.071505713001898, 3.012176476158174 ], [ 36.847252847339405, 46.069999999999709, 3.013776476158228 ], [ 36.846931912659784, 46.068465956330328, 3.015376476158053 ], [ 36.84664142100155, 46.06707742800063, 3.016776476158157 ], [ 36.845553383000151, 46.062749049002377, 3.02227647615814 ], [ 36.844713329181104, 46.059999999999491, 3.026476476158223 ], [ 36.844267994001711, 46.058542655000565, 3.028676476158125 ], [ 36.843618015811444, 46.05680900790685, 3.031876476158232 ], [ 36.842745805999584, 46.054482616000314, 3.036276476158037 ], [ 36.840616330024204, 46.049999999999272, 3.046876476158104 ], [ 36.840008166000189, 46.048719795000579, 3.037176476158038 ], [ 36.837077539814345, 46.043538769907173, 2.999976476158054 ], [ 36.836883662999753, 46.043196017002629, 2.999976476158054 ], [ 36.83492269357339, 46.040000000002692, 2.999976476158054 ], [ 36.830000000001746, 46.031976921140085, 2.999976476158054 ], [ 36.829117588002191, 46.030538753000656, 3.004376476158086 ], [ 36.829067011931329, 46.030466494034044, 3.004676476158238 ], [ 36.828740499722699, 46.030000000000655, 3.006276476158064 ], [ 36.824230632999388, 46.02355666999938, 3.028876476158075 ], [ 36.823829683291478, 46.023085158354661, 3.030876476158028 ], [ 36.821206220316526, 46.020000000002256, 2.999976476158054 ], [ 36.820074809000289, 46.018669475002753, 2.999976476158054 ], [ 36.817657331808732, 46.016171334096725, 2.999976476158054 ], [ 36.815559885002585, 46.014003902000695, 2.999976476158054 ], [ 36.811337209226622, 46.010000000000218, 2.999976476158054 ], [ 36.81000000000131, 46.008732070618862, 2.999976476158054 ], [ 36.801276882999446, 46.000460892000774, 2.999976476158054 ], [ 36.800822181943659, 46.000000000001819, 2.999976476158054 ], [ 36.796706109000297, 45.995827885000836, 2.999976476158054 ], [ 36.79257541876359, 45.99128770938114, 2.999976476158054 ], [ 36.791403849860217, 45.989999999999782, 2.999976476158054 ], [ 36.790000000000873, 45.988456983086508, 2.999976476158054 ], [ 36.785050034999585, 45.98301631600043, 3.024776476158195 ], [ 36.784676311663134, 45.982661844169343, 3.026576476158198 ], [ 36.781869901677055, 45.980000000001382, 3.040676476158069 ], [ 36.780287231002148, 45.978498857000886, 3.033576476158032 ], [ 36.775218758999472, 45.974169180004537, 3.01557647615823 ], [ 36.770000000000437, 45.970009684973775, 3.000076476158029 ], [ 36.769987848634628, 45.969999999999345, 3.000076476158029 ], [ 36.769967393696788, 45.96998369685025, 2.999976476158054 ], [ 36.769944480000049, 45.969965434000187, 2.999976476158054 ], [ 36.757010935847575, 45.960000000000946, 2.999976476158054 ], [ 36.75, 45.954597998999816, 2.999976476158054 ], [ 36.74659533600061, 45.951974669000265, 3.016976476158106 ], [ 36.746371531402474, 45.951814234298581, 3.018176476158033 ], [ 36.74384069504049, 45.950000000002547, 2.999976476158054 ], [ 36.74099772199952, 45.947962009999173, 2.999976476158054 ], [ 36.7380128677014, 45.945993566150719, 2.999976476158054 ], [ 36.735147314999267, 45.944103799001823, 2.999976476158054 ], [ 36.729999999999563, 45.940926304459936, 2.999976476158054 ], [ 36.729170952045024, 45.94041452397687, 3.004176476158136 ], [ 36.729095870001402, 45.940368175000913, 3.004476476158061 ], [ 36.728454662646982, 45.940000000000509, 3.007776476158142 ], [ 36.718039967510776, 45.934019983755206, 2.999976476158054 ], [ 36.71655208300399, 45.933165655000266, 2.999976476158054 ], [ 36.710671571156126, 45.93000000000211, 2.999976476158054 ], [ 36.709999999999127, 45.929638473209707, 2.999976476158054 ], [ 36.703618712999742, 45.926203236000219, 3.031876476158232 ], [ 36.700647570458386, 45.924676214770443, 3.046776476158129 ], [ 36.691549006291098, 45.92, 2.999976476158054 ], [ 36.690000000002328, 45.919203886905962, 2.999976476158054 ], [ 36.683821888000239, 45.916028641002413, 2.999976476158054 ], [ 36.671649912488647, 45.910000000001673, 2.999976476158054 ], [ 36.670000000001892, 45.909182817116744, 2.999976476158054 ], [ 36.6637881450024, 45.906106156000533, 2.999976476158054 ], [ 36.650874738683342, 45.899999999999636, 2.999976476158054 ], [ 36.650000000001455, 45.899586376302977, 2.999976476158054 ], [ 36.643610448001709, 45.896565050999925, 3.031976476158206 ], [ 36.64002383103616, 45.894988084482975, 3.049876476158033 ], [ 36.630060232999313, 45.890607282000929, 3.006076476158114 ], [ 36.630000000001019, 45.890583574609991, 3.005876476158164 ], [ 36.628517321230902, 45.890000000001237, 3.007376476158242 ], [ 36.616379604000031, 45.885222658000203, 3.020376476158162 ], [ 36.610000000000582, 45.883030936538489, 3.030276476158178 ], [ 36.609466934000011, 45.882847801001844, 3.028476476158176 ], [ 36.599810538367819, 45.8799999999992, 2.999976476158054 ], [ 36.596972716000892, 45.879163088000496, 2.999976476158054 ], [ 36.593543331449837, 45.878228334275263, 2.999976476158054 ], [ 36.590000000000146, 45.877262521833472, 2.999976476158054 ], [ 36.577963326950339, 45.873981663475206, 2.999976476158054 ], [ 36.569999999999709, 45.871811084638466, 3.018076476158058 ], [ 36.569654884999181, 45.871717016001639, 3.017176476158056 ], [ 36.567512110290409, 45.871243944855451, 3.012476476158099 ], [ 36.56187766480798, 45.8700000000008, 2.999976476158054 ], [ 36.553638155697627, 45.868180922152533, 2.999976476158054 ], [ 36.549999999999272, 45.86737770822765, 2.999976476158054 ], [ 36.543535005999729, 45.865950399000212, 2.999976476158054 ], [ 36.540863392354368, 45.865431696176529, 2.999976476158054 ], [ 36.530000000002474, 45.863322531818994, 3.033176476158133 ], [ 36.529271581999637, 45.863181107000855, 3.031776476158029 ], [ 36.524892024031942, 45.862553987988576, 3.025576476158221 ], [ 36.522819336001703, 45.862257194999984, 3.022576476158065 ], [ 36.510000000002037, 45.860998488833502, 3.009976476158045 ], [ 36.509781961001863, 45.860977079999429, 3.009776476158095 ], [ 36.490074134528186, 45.860000000002401, 2.999976476158054 ], [ 36.490006687785353, 45.859996656108706, 2.999976476158054 ], [ 36.490006020001601, 45.859996622999461, 2.999976476158054 ], [ 36.490000000001601, 45.859996530170974, 2.999976476158054 ], [ 36.489992839515253, 45.859996419758318, 2.999976476158054 ], [ 36.470000000001164, 45.859688131895382, 2.999976476158054 ], [ 36.463427791002687, 45.859586788999877, 2.999976476158054 ], [ 36.450805284110174, 45.859597357946768, 2.999976476158054 ], [ 36.450000000000728, 45.859598032217036, 2.999976476158054 ], [ 36.449197408470354, 45.859598704233576, 2.999976476158054 ], [ 36.430000000000291, 45.859614778406467, 2.999976476158054 ], [ 36.410738186992603, 45.859630906508755, 2.999976476158054 ], [ 36.409999999999854, 45.859631524595898, 2.999976476158054 ], [ 36.390704638430179, 45.859647680785201, 2.999976476158054 ], [ 36.389999999999418, 45.859648270788966, 2.999976476158054 ], [ 36.389297717629233, 45.85964885881549, 2.999976476158054 ], [ 36.370000000002619, 45.859665016978397, 2.999976476158054 ], [ 36.350637541307151, 45.859681229349007, 2.999976476158054 ], [ 36.350000000002183, 45.859681763167828, 2.999976476158054 ], [ 36.3493645904, 45.8596822952004, 2.999976476158054 ], [ 36.330000000001746, 45.859698509357258, 2.999976476158054 ], [ 36.310570444185942, 45.859714777910995, 2.999976476158054 ], [ 36.31000000000131, 45.859715255548508, 2.999976476158054 ], [ 36.309431463174406, 45.85971573158713, 2.999976476158054 ], [ 36.290000000000873, 45.859732001737939, 2.999976476158054 ], [ 36.289914885999679, 45.859732073004125, 2.999976476158054 ], [ 36.270276570476199, 45.859861714763611, 2.999976476158054 ], [ 36.270000000000437, 45.859863540534207, 2.999976476158054 ], [ 36.269922371000575, 45.85986405299991, 2.999976476158054 ], [ 36.26973553816606, 45.859867769084303, 2.999976476158054 ], [ 36.263087388915665, 45.860000000002401, 2.999976476158054 ], [ 36.250500695732626, 45.860250347866895, 3.002476476158108 ], [ 36.25, 45.860260306650162, 3.002576476158083 ], [ 36.249985955002558, 45.86026058599964, 3.002576476158083 ], [ 36.249433415705425, 45.860283292149688, 3.002876476158235 ], [ 36.236756124999374, 45.860804255000403, 3.008076476158067 ], [ 36.229999999999563, 45.861275432282127, 3.012776476158024 ], [ 36.22360995300005, 45.861721079001654, 3.017176476158056 ], [ 36.215328059613967, 45.862664029808002, 3.026676476158173 ], [ 36.210592904000805, 45.863203160000921, 3.032076476158181 ], [ 36.209999999999127, 45.863301006660549, 3.032976476158183 ], [ 36.200145380547838, 45.864927309727136, 2.999976476158054 ], [ 36.190000000002328, 45.86660159695748, 2.999976476158054 ], [ 36.184889846284932, 45.867444923142102, 2.999976476158054 ], [ 36.182577278999815, 45.867826564999632, 2.999976476158054 ], [ 36.170000000001892, 45.869588452120297, 2.999976476158054 ], [ 36.16935704174648, 45.869678520875823, 2.999976476158054 ], [ 36.167062154279847, 45.8700000000008, 2.999976476158054 ], [ 36.156727679999676, 45.871447703999365, 3.014476476158052 ], [ 36.153828366157541, 45.871914183078843, 3.019176476158236 ], [ 36.150313644000562, 45.872479677002048, 3.024776476158195 ], [ 36.150000000001455, 45.872537238521545, 3.025376476158044 ], [ 36.141982815148367, 45.874008592425525, 2.999976476158054 ], [ 36.130000000001019, 45.876207738661833, 2.999976476158054 ], [ 36.129033999000967, 45.876385024001138, 2.999976476158054 ], [ 36.124197109156739, 45.877098554579788, 2.999976476158054 ], [ 36.116404848002276, 45.878248057002565, 2.999976476158054 ], [ 36.110000000000582, 45.879099340090761, 2.999976476158054 ], [ 36.103223652738961, 45.8799999999992, 2.999976476158054 ], [ 36.092776982079158, 45.881388491041434, 3.013876476158202 ], [ 36.09185453200007, 45.881511096002214, 3.015076476158129 ], [ 36.090000000000146, 45.881826816765169, 3.018276476158235 ], [ 36.086040559999674, 45.882500883004468, 3.024976476158145 ], [ 36.080435096000656, 45.883661710000524, 3.036576476158189 ], [ 36.078388233479927, 45.884194116739309, 3.041976476158197 ], [ 36.075088931002028, 45.885052293999252, 3.025476476158019 ], [ 36.071261961002165, 45.886262481002632, 3.006276476158064 ], [ 36.069999999999709, 45.886681874993883, 2.999976476158054 ], [ 36.066013474825013, 45.888006737413889, 2.999976476158054 ], [ 36.060015726390702, 45.890000000001237, 2.999976476158054 ], [ 36.05745629500052, 45.890850588999456, 3.008476476158194 ], [ 36.054123814235936, 45.892061907119569, 3.020576476158112 ], [ 36.049999999999272, 45.893560865777545, 2.999976476158054 ], [ 36.045231132000481, 45.89529429400136, 2.999976476158054 ], [ 36.037646931001291, 45.897707841999363, 2.999976476158054 ], [ 36.030538893430275, 45.899730553286645, 2.999976476158054 ], [ 36.030000000002474, 45.89988390444887, 2.999976476158054 ], [ 36.029852025911168, 45.899926012956712, 2.999976476158054 ], [ 36.029592027020044, 45.899999999999636, 2.999976476158054 ], [ 36.019446763002634, 45.902887005002412, 3.028876476158075 ], [ 36.01725943344718, 45.903629716725845, 3.036276476158037 ], [ 36.014439003003645, 45.904587399001684, 3.022176476158165 ], [ 36.010000000002037, 45.906301053253628, 2.999976476158054 ], [ 36.005825327871207, 45.90791266393353, 2.999976476158054 ], [ 36.000418349743995, 45.910000000001673, 2.999976476158054 ], [ 35.994539217477723, 45.912269608737915, 3.02267647615804 ], [ 35.990000000001601, 45.91402195027149, 2.999976476158054 ], [ 35.984902966001755, 45.915989634002472, 2.999976476158054 ], [ 35.983133721407285, 45.916566860702005, 2.999976476158054 ], [ 35.974224809000589, 45.919473447002019, 2.999976476158054 ], [ 35.972373082435297, 45.92, 2.999976476158054 ], [ 35.970860327503033, 45.920430163751007, 3.004276476158111 ], [ 35.970000000001164, 45.920674804638111, 3.006776476158166 ], [ 35.96687072003806, 45.921564639980716, 2.999976476158054 ], [ 35.962146451000081, 45.922908023003401, 2.999976476158054 ], [ 35.950000000000728, 45.92593545341515, 2.999976476158054 ], [ 35.948852247000104, 45.926221523999629, 2.999976476158054 ], [ 35.944238520174622, 45.927119260089967, 2.999976476158054 ], [ 35.942755938000118, 45.927407740002309, 2.999976476158054 ], [ 35.930426447999707, 45.929315613002473, 2.999976476158054 ], [ 35.930000000000291, 45.929374347291741, 2.999976476158054 ], [ 35.925457366498449, 45.93000000000211, 2.999976476158054 ], [ 35.91216178600007, 45.931831187999705, 3.018276476158235 ], [ 35.909999999999854, 45.932189643504898, 3.021876476158241 ], [ 35.906309922000219, 45.932801512000879, 3.027976476158074 ], [ 35.900588705999326, 45.933972668999559, 3.039776476158067 ], [ 35.898873510430349, 45.934436755216666, 3.04437647615805 ], [ 35.894649178000691, 45.935579746999792, 3.023276476158117 ], [ 35.889999999999418, 45.937232077780209, 2.999976476158054 ], [ 35.88221187230738, 45.940000000000509, 2.999976476158054 ], [ 35.875823345999379, 45.942270499999722, 3.02267647615804 ], [ 35.875105833254565, 45.942552916627392, 3.025576476158221 ], [ 35.870000000004438, 45.944562598300763, 2.999976476158054 ], [ 35.866279840000061, 45.946026872003131, 2.999976476158054 ], [ 35.857009236684462, 45.950000000002547, 2.999976476158054 ], [ 35.853235037708146, 45.951617518854619, 3.01617647615808 ], [ 35.851626300000135, 45.952306980001595, 3.008176476158042 ], [ 35.850000000004002, 45.952971829357921, 2.999976476158054 ], [ 35.842266631318125, 45.956133315659827, 2.999976476158054 ], [ 35.835920028002874, 45.958727876999546, 2.999976476158054 ], [ 35.832996684001046, 45.959670214000653, 2.999976476158054 ], [ 35.831414847132692, 45.960000000000946, 2.999976476158054 ], [ 35.830965501001629, 45.960093681002036, 3.00097647615803 ], [ 35.830000000001746, 45.960000000000946, 2.999976476158054 ], [ 35.828904707999754, 45.959779493001406, 2.999976476158054 ], [ 35.826532135999514, 45.959864391001247, 2.999976476158054 ], [ 35.825376510925707, 45.960000000000946, 2.999976476158054 ], [ 35.823070459000519, 45.960270608002247, 3.002676476158058 ], [ 35.818739457999982, 45.961043414999949, 3.010476476158146 ], [ 35.813767932000701, 45.962236409999605, 3.022376476158115 ], [ 35.81000000000131, 45.963407788114637, 3.034076476158134 ], [ 35.808390116999362, 45.963908269999592, 3.039076476158243 ], [ 35.802529235421389, 45.966264617711204, 3.062676476158231 ], [ 35.799938483, 45.967306221000399, 3.049676476158083 ], [ 35.793671927613104, 45.969999999999345, 3.01837647615821 ], [ 35.791697488459249, 45.970848744229443, 3.008476476158194 ], [ 35.790950291000627, 45.971169939000902, 3.004776476158213 ], [ 35.790000000000873, 45.971528901894999, 2.999976476158054 ], [ 35.784540048000054, 45.973591343999942, 2.999976476158054 ], [ 35.780129920576655, 45.975064960288364, 2.999976476158054 ], [ 35.777915871001824, 45.975804771002004, 2.999976476158054 ], [ 35.770000000000437, 45.978179805984837, 2.999976476158054 ], [ 35.767724855806591, 45.978862427906279, 2.999976476158054 ], [ 35.763933385769633, 45.980000000001382, 2.999976476158054 ], [ 35.758843629002513, 45.981527103002009, 3.015276476158078 ], [ 35.755346672072847, 45.982673336036896, 3.026776476158147 ], [ 35.753489952001473, 45.983281931999954, 3.017476476158208 ], [ 35.75, 45.984568790650883, 2.999976476158054 ], [ 35.746128230000977, 45.985996437999347, 2.999976476158054 ], [ 35.743642134913898, 45.986821067455821, 2.999976476158054 ], [ 35.734058280584577, 45.989999999999782, 2.999976476158054 ], [ 35.731618520549091, 45.990809260276365, 3.008076476158067 ], [ 35.730854902003557, 45.991062550001516, 3.010576476158121 ], [ 35.729999999999563, 45.991370911406193, 3.013676476158025 ], [ 35.725812223001412, 45.992881434000083, 3.0287764761581 ], [ 35.720935515999372, 45.994923393000136, 3.049276476158184 ], [ 35.720397285973377, 45.995198642987816, 3.051976476158188 ], [ 35.716311675001634, 45.997288017999381, 3.031576476158079 ], [ 35.713041109000187, 45.999313595000785, 3.015176476158103 ], [ 35.712045350026528, 46.000000000001819, 3.010276476158197 ], [ 35.711185474014201, 46.000592737005718, 3.005976476158139 ], [ 35.709999999999127, 46.001409917980709, 2.999976476158054 ], [ 35.703420025000014, 46.005945681999947, 2.999976476158054 ], [ 35.702727888774461, 46.006363944388795, 2.999976476158054 ], [ 35.69823905100202, 46.009076578000531, 2.999976476158054 ], [ 35.696475519309388, 46.010000000000218, 2.999976476158054 ], [ 35.692738936000751, 46.011956553000346, 2.999976476158054 ], [ 35.690000000000509, 46.013199518498368, 2.999976476158054 ], [ 35.687004681001781, 46.014558834001946, 2.999976476158054 ], [ 35.682511907220032, 46.016255953609289, 2.999976476158054 ], [ 35.672600317386241, 46.020000000002256, 2.999976476158054 ], [ 35.671183560001737, 46.020535172001473, 3.005376476158062 ], [ 35.671121087591018, 46.020560543796819, 3.00557647615824 ], [ 35.67, 46.021015848828029, 3.010176476158222 ], [ 35.663552948002689, 46.023634176999622, 3.036376476158239 ], [ 35.660478450647133, 46.025239225326004, 3.052376476158088 ], [ 35.656501360999755, 46.027315474002535, 3.032476476158081 ], [ 35.652729072984584, 46.030000000000655, 3.013676476158025 ], [ 35.65160288696643, 46.030801443483142, 3.007976476158092 ], [ 35.650179957001455, 46.031814063002457, 3.000876476158055 ], [ 35.650000000003274, 46.031957242974386, 2.999976476158054 ], [ 35.644057113002418, 46.036685607999971, 2.999976476158054 ], [ 35.639615217354731, 46.040000000002692, 2.999976476158054 ], [ 35.639281675001257, 46.040248878000057, 2.999976476158054 ], [ 35.630000000002838, 46.046596005560787, 2.999976476158054 ], [ 35.627124602244294, 46.04856230112091, 2.999976476158054 ], [ 35.625042461999328, 46.049986140000328, 2.999976476158054 ], [ 35.625023315033104, 46.049999999999272, 2.999976476158054 ], [ 35.620881336999446, 46.052998271999968, 3.029976476158026 ], [ 35.619065208218672, 46.054532604110136, 3.045276476158051 ], [ 35.617046463001316, 46.056238114000735, 3.03527647615806 ], [ 35.614446047000456, 46.058890647002045, 3.02227647615814 ], [ 35.613493146371184, 46.059999999999491, 3.017476476158208 ], [ 35.612443639996854, 46.061221819998536, 3.012176476158174 ], [ 35.612036259002707, 46.06169608700111, 3.010176476158222 ], [ 35.610000000000582, 46.064286123033526, 2.999976476158054 ], [ 35.606775388127062, 46.068387694063858, 2.999976476158054 ], [ 35.605507810210838, 46.069999999999709, 2.999976476158054 ], [ 35.602971611002431, 46.073225939000622, 2.999976476158054 ], [ 35.600918354899477, 46.075459177449375, 2.999976476158054 ], [ 35.596743488735228, 46.08, 2.999976476158054 ], [ 35.594619765352036, 46.082309882676782, 3.023076476158167 ], [ 35.593219068001417, 46.083833361002689, 3.016076476158105 ], [ 35.590970485000071, 46.086659159000192, 3.004876476158188 ], [ 35.590000000000146, 46.088011790649034, 2.999976476158054 ], [ 35.588950130857484, 46.089475065431543, 2.999976476158054 ], [ 35.588573501248902, 46.090000000001965, 2.999976476158054 ], [ 35.583669655035919, 46.096834827516432, 2.999976476158054 ], [ 35.581398709780842, 46.100000000000364, 2.999976476158054 ], [ 35.578963300000396, 46.103394398000091, 3.033976476158159 ], [ 35.578474297024513, 46.104237148514585, 3.042376476158097 ], [ 35.576477515001898, 46.107678414000475, 3.032376476158106 ], [ 35.575443122919751, 46.110000000002401, 3.027176476158047 ], [ 35.574911789000907, 46.111192524002035, 3.024576476158245 ], [ 35.574534916295306, 46.112267458147471, 3.02267647615804 ], [ 35.573592672999439, 46.114954969001701, 3.017976476158083 ], [ 35.572333271842581, 46.1200000000008, 3.011676476158073 ], [ 35.57156206000036, 46.123089395001443, 3.007776476158142 ], [ 35.570498061098988, 46.129750969455927, 3.002476476158108 ], [ 35.570458285479617, 46.130000000002838, 3.002276476158158 ], [ 35.57042439306133, 46.130212196532739, 3.002076476158209 ], [ 35.570163054999284, 46.131848404000266, 3.00077647615808 ], [ 35.569999999999709, 46.133460798515443, 2.999976476158054 ], [ 35.569338716746643, 46.139999999999418, 2.999976476158054 ], [ 35.56930349960021, 46.140348250202806, 2.999976476158054 ], [ 35.56923253900095, 46.141049955000199, 2.999976476158054 ], [ 35.568691155218403, 46.149999999999636, 2.999976476158054 ], [ 35.568657817999338, 46.150551123999321, 2.999976476158054 ], [ 35.568400660527914, 46.159200330263047, 2.999976476158054 ], [ 35.568376884817553, 46.159999999999854, 2.999976476158054 ], [ 35.568369836000784, 46.1602370790024, 2.999976476158054 ], [ 35.568341574284204, 46.169170787141411, 2.999976476158054 ], [ 35.568338951074111, 46.17, 2.999976476158054 ], [ 35.568338916000357, 46.170011087000603, 2.999976476158054 ], [ 35.568633903592854, 46.179316951796864, 2.999976476158054 ], [ 35.56865555560762, 46.180000000000291, 2.999976476158054 ], [ 35.568802808002147, 46.184645317001923, 2.999976476158054 ], [ 35.569180215097731, 46.18959010754952, 2.999976476158054 ], [ 35.569211499805533, 46.190000000000509, 2.999976476158054 ], [ 35.569240484504917, 46.190379757748815, 2.999976476158054 ], [ 35.569536108001557, 46.194253019000826, 2.999976476158054 ], [ 35.569999999999709, 46.198370801430428, 2.999976476158054 ], [ 35.570068049000838, 46.198974844999611, 3.000376476158181 ], [ 35.570233995762464, 46.200000000002547, 3.001176476158207 ], [ 35.57025460263867, 46.200127301319299, 3.001276476158182 ], [ 35.571558084999197, 46.208179712000856, 3.007776476158142 ], [ 35.571970470413362, 46.210000000000946, 3.00987647615807 ], [ 35.572565734999444, 46.212627525002972, 3.012876476158226 ], [ 35.573788708001302, 46.216945033002048, 3.018976476158059 ], [ 35.574173988650728, 46.217913005673836, 3.020876476158037 ], [ 35.575004671742136, 46.220000000002983, 3.024976476158145 ], [ 35.576248140554526, 46.223124070278573, 3.031276476158155 ], [ 35.577031058001012, 46.225091059002807, 3.035176476158085 ], [ 35.579863875875162, 46.229999999999563, 3.049276476158184 ], [ 35.580248673999449, 46.230666810002731, 3.044576476158227 ], [ 35.584008116000405, 46.235904238999865, 3.010976476158021 ], [ 35.585535302072458, 46.237767651036847, 2.999976476158054 ], [ 35.58736485569716, 46.24000000000342, 2.999976476158054 ], [ 35.588118432000556, 46.240919484000187, 2.999976476158054 ], [ 35.590000000000146, 46.242968448776082, 2.999976476158054 ], [ 35.594050150002658, 46.24737892700432, 3.020276476158188 ], [ 35.596925303601893, 46.25, 3.034676476158211 ], [ 35.59897678100242, 46.251870186002634, 3.026176476158071 ], [ 35.604296904000876, 46.256106222001108, 3.010376476158171 ], [ 35.609016758280632, 46.259508379142062, 2.999976476158054 ], [ 35.609698789923641, 46.260000000000218, 2.999976476158054 ], [ 35.609905308001544, 46.260148862003916, 2.999976476158054 ], [ 35.610000000000582, 46.260212462597337, 2.999976476158054 ], [ 35.61571237300268, 46.264049221001187, 2.999976476158054 ], [ 35.625129993837618, 46.270000000000437, 2.999976476158054 ], [ 35.630000000002838, 46.273077245405148, 2.999976476158054 ], [ 35.640955856018991, 46.280000000000655, 2.999976476158054 ], [ 35.644951052991019, 46.282524473504964, 2.999976476158054 ], [ 35.650000000003274, 46.285714787529287, 2.999976476158054 ], [ 35.652891600999283, 46.287541924002653, 3.014476476158052 ], [ 35.657201005986281, 46.290000000002692, 3.035976476158112 ], [ 35.658783770999435, 46.290902806002123, 3.034876476158161 ], [ 35.664908851000291, 46.293956026003798, 3.034976476158135 ], [ 35.67, 46.296151936878232, 3.038476476158166 ], [ 35.671229252002377, 46.296682136999152, 3.033176476158133 ], [ 35.677018189002411, 46.29883986599998, 3.011576476158098 ], [ 35.680602171416467, 46.299999999999272, 2.999976476158054 ], [ 35.686306816378419, 46.301846591813955, 2.999976476158054 ], [ 35.690000000000509, 46.303042074212499, 2.999976476158054 ], [ 35.701980294999885, 46.306920091999928, 2.999976476158054 ], [ 35.706619558226521, 46.308309779115007, 2.999976476158054 ], [ 35.708524945001045, 46.308880536002107, 3.003776476158237 ], [ 35.709999999999127, 46.309281891381033, 3.007176476158065 ], [ 35.710930077822923, 46.309534961090321, 3.004676476158238 ], [ 35.712639181539998, 46.31000000000131, 2.999976476158054 ], [ 35.729999999999563, 46.314723795307145, 2.999976476158054 ], [ 35.733919017000517, 46.315790141003163, 3.019576476158136 ], [ 35.737077793404751, 46.316461103300753, 3.035376476158035 ], [ 35.739611612001681, 46.3169993169995, 3.029976476158026 ], [ 35.745504222002637, 46.317949285001305, 3.020476476158137 ], [ 35.75, 46.318497699012369, 3.014976476158154 ], [ 35.751561751001645, 46.318688208000822, 3.013076476158176 ], [ 35.764056963002076, 46.319688102998043, 3.003076476158185 ], [ 35.76980949240351, 46.319904746200336, 3.00097647615803 ], [ 35.770000000000437, 46.319911920816594, 3.000876476158055 ], [ 35.770163819328445, 46.319918090339343, 3.00077647615808 ], [ 35.772338767565088, 46.320000000001528, 2.999976476158054 ], [ 35.783431049001592, 46.320417741000711, 2.999976476158054 ], [ 35.789025215852234, 46.320487392073119, 2.999976476158054 ], [ 35.790000000000873, 46.320499528781511, 2.999976476158054 ], [ 35.79102457072986, 46.320512285365112, 2.999976476158054 ], [ 35.803222448001179, 46.320664156997736, 2.999976476158054 ], [ 35.81000000000131, 46.320677101606634, 2.999976476158054 ], [ 35.823205450002206, 46.320702322998841, 2.999976476158054 ], [ 35.828653824970388, 46.320673087513569, 2.999976476158054 ], [ 35.830000000001746, 46.320665864062903, 2.999976476158054 ], [ 35.831317588012098, 46.320658794007613, 2.999976476158054 ], [ 35.850000000004002, 46.320558545887252, 2.999976476158054 ], [ 35.851105230634857, 46.320552615319684, 2.999976476158054 ], [ 35.870000000004438, 46.320451227709782, 2.999976476158054 ], [ 35.879869660999248, 46.320398268004283, 2.999976476158054 ], [ 35.889567341433576, 46.32021632928263, 2.999976476158054 ], [ 35.889999999999418, 46.320208212149737, 2.999976476158054 ], [ 35.890401364273202, 46.320200682133873, 2.999976476158054 ], [ 35.896304131001671, 46.320089939999889, 2.999976476158054 ], [ 35.898915290028526, 46.320000000001528, 2.999976476158054 ], [ 35.909250881000844, 46.319643996002924, 3.003576476158059 ], [ 35.909284093508177, 46.31964204675387, 3.003576476158059 ], [ 35.909999999999854, 46.319600030023139, 3.003976476158186 ], [ 35.910906324823372, 46.319546837592497, 3.004576476158036 ], [ 35.92191388700121, 46.318900800997653, 3.010976476158021 ], [ 35.930000000000291, 46.318103934670944, 3.018976476158059 ], [ 35.934150695000426, 46.317694894001761, 3.023076476158167 ], [ 35.940049531001932, 46.316848218999439, 3.031476476158105 ], [ 35.942711340450842, 46.316355670229314, 3.036476476158214 ], [ 35.945761711001978, 46.315791221000836, 3.021176476158189 ], [ 35.950000000000728, 46.314824963938008, 2.999976476158054 ], [ 35.95407979400261, 46.313894841003275, 2.999976476158054 ], [ 35.965600603001803, 46.311631716000193, 2.999976476158054 ], [ 35.967345499555449, 46.311327250225077, 2.999976476158054 ], [ 35.970000000001164, 46.310864068303999, 2.999976476158054 ], [ 35.971281070438636, 46.310640535219136, 2.999976476158054 ], [ 35.974951984486324, 46.31000000000131, 2.999976476158054 ], [ 35.986107102542519, 46.308053551270859, 3.019476476158161 ], [ 35.989929028999541, 46.307386666001548, 3.026176476158071 ], [ 35.990000000001601, 46.307372123490495, 3.026276476158046 ], [ 35.998905272344928, 46.305547363826918, 2.999976476158054 ], [ 36.010000000002037, 46.30327396771645, 2.999976476158054 ], [ 36.010845945002075, 46.303100626999367, 2.999976476158054 ], [ 36.014862006373733, 46.302431003190577, 2.999976476158054 ], [ 36.02357119500266, 46.300978863999262, 2.999976476158054 ], [ 36.02995862935677, 46.299999999999272, 2.999976476158054 ], [ 36.030000000002474, 46.299993660019027, 3.000076476158029 ], [ 36.045298407534574, 46.297649203768742, 3.023476476158066 ], [ 36.049260575000517, 46.297042008001881, 3.029576476158127 ], [ 36.049999999999272, 46.296906803869206, 3.03097647615823 ], [ 36.059753112953331, 46.2951234435277, 2.999976476158054 ], [ 36.069999999999709, 46.29324979640478, 2.999976476158054 ], [ 36.070738803000495, 46.293114706000779, 2.999976476158054 ], [ 36.075039441589979, 46.292519720796918, 2.999976476158054 ], [ 36.083694629001911, 46.291322292003315, 2.999976476158054 ], [ 36.090000000000146, 46.290642329791808, 2.999976476158054 ], [ 36.095956401062722, 46.290000000002692, 2.999976476158054 ], [ 36.110000000000582, 46.288485558330649, 3.015176476158103 ], [ 36.122890270000426, 46.287095490004504, 3.029076476158025 ], [ 36.123906608343532, 46.28695330417213, 3.030476476158128 ], [ 36.129381595001178, 46.286187353003697, 3.038076476158039 ], [ 36.130000000001019, 46.286087221833441, 3.039176476158218 ], [ 36.141573474067627, 46.284213262968478, 2.999976476158054 ], [ 36.150000000001455, 46.28284885303583, 2.999976476158054 ], [ 36.151050349999423, 46.282678782001312, 2.999976476158054 ], [ 36.154555228617028, 46.282277614307532, 2.999976476158054 ], [ 36.164104296001824, 46.281184629999188, 2.999976476158054 ], [ 36.170000000001892, 46.280760852489038, 2.999976476158054 ], [ 36.171330443050465, 46.280665221524032, 2.999976476158054 ], [ 36.177261540000472, 46.280238900000768, 2.999976476158054 ], [ 36.183007375539091, 46.280000000000655, 2.999976476158054 ], [ 36.189463163300388, 46.279731581649685, 3.002676476158058 ], [ 36.190000000002328, 46.279709261087191, 3.002876476158235 ], [ 36.190455027001008, 46.279690342000322, 3.003076476158185 ], [ 36.200331812000513, 46.279489546001059, 3.005076476158138 ], [ 36.209030472986342, 46.279515236492443, 3.004876476158188 ], [ 36.209999999999127, 46.27951809987826, 3.004776476158213 ], [ 36.216652409002563, 46.279537747001086, 3.004576476158036 ], [ 36.229454562000683, 46.279984476999743, 3.000176476158231 ], [ 36.229695835991151, 46.280000000000655, 2.999976476158054 ], [ 36.229999999999563, 46.280019569196156, 2.999776476158104 ], [ 36.23571842200181, 46.280387479000638, 2.996076476158123 ], [ 36.241857032004191, 46.280944147001719, 2.990576476158139 ], [ 36.246864964408815, 46.281567517795338, 2.984276476158129 ], [ 36.247838778999721, 46.281688735001808, 2.983076476158203 ], [ 36.25, 46.2820528530101, 2.979476476158197 ], [ 36.253625947001638, 46.282663744999809, 2.991476476158141 ], [ 36.256738215688529, 46.283369107844919, 2.999976476158054 ], [ 36.25917372800177, 46.283921091000593, 2.999976476158054 ], [ 36.26442919100009, 46.285523389004084, 2.999976476158054 ], [ 36.270000000000437, 46.287816779062268, 2.999976476158054 ], [ 36.271806056000059, 46.288560295999559, 3.009076476158043 ], [ 36.272354074613759, 46.288822962696941, 3.011776476158047 ], [ 36.274809804137476, 46.290000000002692, 2.999976476158054 ], [ 36.281416010000612, 46.29316637100419, 2.968376476158028 ], [ 36.282462109968037, 46.293768945015472, 2.962276476158195 ], [ 36.286049898002602, 46.295835580998755, 2.980276476158224 ], [ 36.290000000000873, 46.298561039980996, 2.999976476158054 ], [ 36.292085534547368, 46.299999999999272, 3.010476476158146 ], [ 36.292728513000839, 46.300443636999262, 3.009176476158245 ], [ 36.29661618666978, 46.303308093336454, 2.999976476158054 ], [ 36.302883532001943, 46.307925903000069, 2.999976476158054 ], [ 36.305540263221701, 46.31000000000131, 2.999976476158054 ], [ 36.31000000000131, 46.313481694578513, 2.999976476158054 ], [ 36.314861558001212, 46.317277089001436, 3.024276476158093 ], [ 36.315101595877422, 46.317449202064381, 3.025476476158019 ], [ 36.318659072134324, 46.320000000001528, 3.043276476158098 ], [ 36.320292991002134, 46.321171560000948, 3.051476476158086 ], [ 36.323496988308762, 46.323251505846201, 3.067476476158163 ], [ 36.326022579001801, 46.324891049003782, 3.051076476158187 ], [ 36.330000000001746, 46.327248285204405, 3.027476476158199 ], [ 36.332000609001625, 46.328433955000946, 3.025676476158196 ], [ 36.334886911470676, 46.330000000003565, 3.024476476158043 ], [ 36.338187744000606, 46.331790960002763, 3.023076476158167 ], [ 36.344554078003057, 46.334943862999353, 3.023376476158091 ], [ 36.350000000002183, 46.337381617426217, 3.026176476158071 ], [ 36.351078293000683, 46.337864292998347, 3.026776476158147 ], [ 36.356456926883766, 46.340000000000146, 3.032276476158131 ], [ 36.357746936002513, 46.340512227001454, 3.033576476158032 ], [ 36.364553847999559, 46.342834300003233, 3.04437647615805 ], [ 36.370000000002619, 46.344345691577473, 3.05657647615817 ], [ 36.37149973400301, 46.344761890999507, 3.052376476158088 ], [ 36.381031541999619, 46.346655740000642, 3.033476476158057 ], [ 36.384102241810979, 46.347051120908873, 3.029476476158152 ], [ 36.389999999999418, 46.347810511631906, 3.021876476158241 ], [ 36.390747460000057, 46.347906753999268, 3.020976476158239 ], [ 36.397294464002698, 46.348470615001133, 3.015276476158078 ], [ 36.40801182760697, 46.34900591380574, 3.009976476158045 ], [ 36.409999999999854, 46.349105216801036, 3.008976476158068 ], [ 36.410480894999637, 46.349129235999499, 3.008676476158143 ], [ 36.423688344002585, 46.349360911002805, 3.006376476158039 ], [ 36.428654845387427, 46.349327422694842, 3.006676476158191 ], [ 36.430000000000291, 46.349318352535192, 3.006776476158166 ], [ 36.448388720777075, 46.349194360385809, 3.008076476158067 ], [ 36.450000000000728, 46.349183495793113, 3.008176476158042 ], [ 36.461989878001987, 46.349102650001441, 3.008976476158068 ], [ 36.468347021367663, 46.349173510685432, 3.008276476158244 ], [ 36.470000000001164, 46.349191935814815, 3.008076476158067 ], [ 36.478956810004092, 46.34929177399863, 3.00707647615809 ], [ 36.487458253999648, 46.349875215000793, 3.001276476158182 ], [ 36.488192705643087, 46.350000000002183, 2.999976476158054 ], [ 36.490000000001601, 46.350307063408763, 2.996976476158125 ], [ 36.490793183002097, 46.350441826998576, 2.995576476158021 ], [ 36.495606774000407, 46.351982125001086, 2.980176476158022 ], [ 36.500172804002432, 46.354336786003842, 2.956676476158236 ], [ 36.500637423698208, 46.354681288152278, 2.953176476158205 ], [ 36.504372132001663, 46.357450467003218, 2.971876476158059 ], [ 36.506936805004443, 46.359939239000596, 2.984676476158029 ], [ 36.506987639544604, 46.360000000002401, 2.984976476158181 ], [ 36.510000000002037, 46.363600583892548, 2.999976476158054 ], [ 36.511687439000525, 46.365617529001611, 3.008476476158194 ], [ 36.515005372953965, 46.370000000004438, 3.025076476158119 ], [ 36.517556462000357, 46.373369589000504, 3.004076476158161 ], [ 36.518012758962868, 46.374006379483035, 2.999976476158054 ], [ 36.521061396000732, 46.378260940004111, 2.972676476158085 ], [ 36.522171880133101, 46.380000000001019, 2.960876476158091 ], [ 36.524066356678304, 46.382966821662194, 2.970376476158208 ], [ 36.524353962999157, 46.383417224000368, 2.971776476158084 ], [ 36.52637173900257, 46.387052852000124, 2.98187647615805 ], [ 36.527819145281683, 46.390000000001237, 2.989076476158061 ], [ 36.530000000002474, 46.394440564972683, 2.999976476158054 ], [ 36.531966033999197, 46.398443721000149, 3.00987647615807 ], [ 36.532203073220444, 46.39889846339247, 3.010976476158021 ], [ 36.532777260681542, 46.400000000003274, 3.013876476158202 ], [ 36.533756253995307, 46.401878126996962, 3.018776476158109 ], [ 36.535912391000238, 46.40601451800103, 3.029576476158127 ], [ 36.538355379874702, 46.409999999999854, 3.04177647615802 ], [ 36.539244337001946, 46.411450240999329, 3.031676476158054 ], [ 36.542484787483772, 46.416242393745051, 2.999976476158054 ], [ 36.545025678326056, 46.420000000001892, 2.999976476158054 ], [ 36.549999999999272, 46.427356294874699, 2.999976476158054 ], [ 36.551227428999482, 46.429171483001483, 3.006176476158089 ], [ 36.551849045581548, 46.43000000000211, 3.00927647615822 ], [ 36.552959126762289, 46.431479563381799, 3.014776476158204 ], [ 36.556393518001641, 46.436057065999194, 3.031976476158206 ], [ 36.559997503380146, 46.440000000004147, 3.049976476158236 ], [ 36.560769260000598, 46.440844339002069, 3.045376476158026 ], [ 36.565548004000448, 46.445355220999772, 3.024176476158118 ], [ 36.569999999999709, 46.449128612557615, 3.008676476158143 ], [ 36.570614934000332, 46.449649814001532, 3.003476476158085 ], [ 36.570648666074703, 46.449675666966868, 3.003276476158135 ], [ 36.571071844917242, 46.450000000000728, 3.005376476158062 ], [ 36.573083409339233, 46.451541704667761, 2.999976476158054 ], [ 36.581218970002737, 46.457776967001337, 2.999976476158054 ], [ 36.58429765976507, 46.460000000002765, 2.999976476158054 ], [ 36.590000000000146, 46.464117495264873, 2.999976476158054 ], [ 36.590170138002577, 46.464240347004306, 3.000876476158055 ], [ 36.593827768001574, 46.466697023004599, 3.019176476158236 ], [ 36.599482104884373, 46.470000000002983, 3.047376476158206 ], [ 36.599562497003717, 46.470046960999753, 3.047776476158106 ], [ 36.604809115484386, 46.472595442259262, 3.074076476158098 ], [ 36.60562361600023, 46.472991075999744, 3.070076476158192 ], [ 36.610000000000582, 46.474721866794425, 3.052776476158215 ], [ 36.61197086300308, 46.475501312002962, 3.044976476158126 ], [ 36.617862320001223, 46.477364489001047, 3.026376476158021 ], [ 36.623915616002705, 46.478939002003244, 3.010576476158121 ], [ 36.628694969531352, 46.479999999999563, 2.999976476158054 ], [ 36.630000000001019, 46.480289711718797, 2.999976476158054 ], [ 36.630092101999253, 46.480310158003704, 2.999976476158054 ], [ 36.644031152625757, 46.48298442369196, 2.999976476158054 ], [ 36.650000000001455, 46.484129572247184, 2.999976476158054 ], [ 36.663357891002306, 46.486692340002264, 2.999976476158054 ], [ 36.663398198686991, 46.486699099343241, 2.999976476158054 ], [ 36.670000000001892, 46.487806179173276, 3.021976476158216 ], [ 36.670586371999889, 46.487904510004228, 3.020976476158239 ], [ 36.673496549017727, 46.488251725493683, 3.017476476158208 ], [ 36.683695263000118, 46.489468542002214, 3.005276476158087 ], [ 36.690000000002328, 46.489899750193217, 3.00097647615803 ], [ 36.691465762278312, 46.490000000001601, 2.999976476158054 ], [ 36.700304478999897, 46.490604518001419, 2.999976476158054 ], [ 36.708319341107199, 46.490840329446655, 2.999976476158054 ], [ 36.709999999999127, 46.490889777411212, 2.999976476158054 ], [ 36.711890817205131, 46.490945408602784, 2.999976476158054 ], [ 36.723728799001037, 46.491293703002157, 2.999976476158054 ], [ 36.729999999999563, 46.491302829052074, 2.999976476158054 ], [ 36.743738668001242, 46.491322822001166, 2.999976476158054 ], [ 36.747580806402766, 46.491209596802946, 2.999976476158054 ], [ 36.75, 46.491138304812921, 2.999976476158054 ], [ 36.752149897591153, 46.491074948795358, 2.999976476158054 ], [ 36.76339433099929, 46.490743583000949, 2.999976476158054 ], [ 36.770000000000437, 46.490251292636458, 2.999976476158054 ], [ 36.773371904257147, 46.490000000001601, 2.999976476158054 ], [ 36.776078564000272, 46.489798285001598, 3.001976476158234 ], [ 36.782218038000792, 46.489067232001617, 3.009376476158195 ], [ 36.788174922001417, 46.488105100999746, 3.018976476158059 ], [ 36.790000000000873, 46.487706981431984, 3.022976476158192 ], [ 36.793904230000408, 46.486855319004462, 3.031476476158105 ], [ 36.799351939000189, 46.485249488998306, 3.047476476158181 ], [ 36.799988742264759, 46.484994371132416, 3.05007647615821 ], [ 36.80445358399993, 46.483205654003541, 3.027776476158124 ], [ 36.808029758001794, 46.481349912000951, 3.00987647615807 ], [ 36.81000000000131, 46.48016416552673, 2.999976476158054 ], [ 36.810272778218859, 46.479999999999563, 2.999976476158054 ], [ 36.811466828999983, 46.479281387002629, 2.999976476158054 ], [ 36.811555170785141, 46.479222414609467, 2.999976476158054 ], [ 36.816470518999267, 46.475941183001851, 3.008276476158244 ], [ 36.821281847000137, 46.472328436999305, 3.020276476158188 ], [ 36.823986399995192, 46.470000000002983, 3.030076476158229 ], [ 36.82579485000133, 46.4684430469988, 3.020976476158239 ], [ 36.826154827042046, 46.468077413523133, 3.019176476158236 ], [ 36.830000000001746, 46.464171820105548, 2.999976476158054 ], [ 36.832752380700185, 46.461376190349256, 2.999976476158054 ], [ 36.834107281061733, 46.460000000002765, 2.999976476158054 ], [ 36.836750137001218, 46.457315616000415, 2.999976476158054 ], [ 36.839546696104662, 46.454773348055824, 2.999976476158054 ], [ 36.8447974998071, 46.450000000000728, 2.999976476158054 ], [ 36.846643575672715, 46.448321787838722, 3.016776476158157 ], [ 36.848277639999651, 46.446836309, 3.008576476158169 ], [ 36.850000000002183, 46.44502342668784, 2.999976476158054 ], [ 36.854772592854715, 46.440000000004147, 2.999976476158054 ], [ 36.857934501002092, 46.436671911002122, 3.033276476158107 ], [ 36.859583481618756, 46.434791740808578, 3.052076476158163 ], [ 36.861980677002066, 46.432058455000515, 3.04007647615822 ], [ 36.863588031124891, 46.43000000000211, 3.032076476158181 ], [ 36.865388490426994, 46.427694245214298, 3.023076476158167 ], [ 36.865777250000974, 46.427196381004251, 3.021076476158214 ], [ 36.868113577000258, 46.423762418002298, 3.00947647615817 ], [ 36.870000000002619, 46.420574988180306, 2.999976476158054 ], [ 36.87026259141021, 46.420131295706597, 2.999976476158054 ], [ 36.870340296412905, 46.420000000001892, 2.999976476158054 ], [ 36.870483317918115, 46.419758341042325, 2.999976476158054 ], [ 36.87625861651577, 46.409999999999854, 2.999976476158054 ], [ 36.877728584002398, 46.407516242003112, 2.999976476158054 ], [ 36.878762716662095, 46.405618641672845, 2.999976476158054 ], [ 36.880758675000834, 46.401956121999319, 3.026676476158173 ], [ 36.881652917174506, 46.400000000003274, 3.04177647615802 ], [ 36.883205883987102, 46.396602941993478, 2.999976476158054 ], [ 36.883415290001722, 46.396144874001038, 2.999976476158054 ], [ 36.885317196001779, 46.3906411270018, 2.999976476158054 ], [ 36.885483148251296, 46.390000000001237, 2.999976476158054 ], [ 36.886809691002782, 46.384875138002826, 2.999976476158054 ], [ 36.88751426818817, 46.381242865905733, 2.999976476158054 ], [ 36.887755355566696, 46.380000000001019, 3.011176476158198 ], [ 36.887953812232809, 46.378976906116804, 3.010276476158197 ], [ 36.887969421000889, 46.378896439002347, 3.010176476158222 ], [ 36.889171128395901, 46.370000000004438, 3.004176476158136 ], [ 36.889222722000341, 46.369618044000163, 3.003876476158212 ], [ 36.889223217480321, 46.369611608743071, 3.003876476158212 ], [ 36.889963259212891, 46.360000000002401, 3.000176476158231 ], [ 36.889964621201216, 46.359982310599662, 3.000176476158231 ], [ 36.889999999999418, 46.35952281327809, 2.999976476158054 ], [ 36.890332154001953, 46.355208821003544, 2.999976476158054 ] ] ] ] } },
{ "type": "Feature", "properties": { "gid": 17, "objectid": 17.0, "shape_leng": 2.4133885185200001, "shape_area": 0.035311306464999997, "z_mean": 0.65752279342599995 }, "geometry": { "type": "MultiPolygon", "coordinates": [ [ [ [ 35.267588737999176, 46.351060289000088, 0.412076476158063 ], [ 35.269338214800882, 46.350000000002183, 0.403276476158226 ], [ 35.269637377969048, 46.349818688981031, 0.40357647615815 ], [ 35.270000000002256, 46.349598918046468, 0.399976476158145 ], [ 35.285838214322212, 46.340000000000146, 0.373576476158178 ], [ 35.291758660001506, 46.336411850998047, 0.363776476158137 ], [ 35.311534050000773, 46.337632554001175, 0.330776476158235 ], [ 35.315473628126711, 46.340000000000146, 0.324176476158073 ], [ 35.31862767218081, 46.341895387973636, 0.318976476158241 ], [ 35.328868034999687, 46.34804922100011, 0.212076476158245 ], [ 35.343623030981689, 46.359202878875294, 0.031876476158232 ], [ 35.346039259002282, 46.361029363999478, 0.013276476158126 ], [ 35.345798950571407, 46.359474868821053, 0.020976476158239 ], [ 35.345126782673105, 46.355126782676962, 0.073076476158121 ], [ 35.342788342870335, 46.340000000000146, 0.555776476158144 ], [ 35.342184225000892, 46.336092112504048, 0.582776476158188 ], [ 35.342133009002282, 46.335760809000931, 0.585076476158065 ], [ 35.33713841577628, 46.330000000003565, 0.542776476158224 ], [ 35.334979719533294, 46.327510140234153, 0.574276476158047 ], [ 35.33, 46.321766486695196, 0.646976476158216 ], [ 35.327810091999709, 46.31924062699909, 0.715476476158074 ], [ 35.317683722476431, 46.312052712924924, 0.897376476158115 ], [ 35.31479185018361, 46.31000000000131, 0.898576476158041 ], [ 35.291779523480727, 46.293665357392456, 0.926676476158036 ], [ 35.291351759004101, 46.293361720998291, 0.920276476158051 ], [ 35.289027866716424, 46.290486066642188, 0.885376476158171 ], [ 35.285502972887116, 46.286124256777839, 0.832576476158238 ], [ 35.278423809177184, 46.27736428623939, 0.768476476158185 ], [ 35.268695460834351, 46.265326134791394, 0.840176476158149 ], [ 35.262217643999975, 46.257310289000088, 0.810876476158228 ], [ 35.260422856321384, 46.254365715518361, 0.804276476158066 ], [ 35.254090860405995, 46.243977284901121, 0.820476476158092 ], [ 35.251800977001039, 46.240220445004525, 0.826276476158228 ], [ 35.241712591407122, 46.232431112890481, 0.817076476158036 ], [ 35.231577408230805, 46.224605647943463, 0.853976476158095 ], [ 35.227875196000241, 46.22174713700042, 0.958176476158087 ], [ 35.227517157683906, 46.221241421158993, 0.97517647615814 ], [ 35.218562615202245, 46.208593462000863, 0.928476476158039 ], [ 35.206601719413811, 46.191699140297715, 0.924476476158134 ], [ 35.203083102485834, 46.186729224378723, 0.83087647615821 ], [ 35.200450066002304, 46.183010158001707, 0.892076476158081 ], [ 35.197917902065456, 46.182082097939201, 0.897976476158192 ], [ 35.190000000000509, 46.179180118091608, 0.916376476158121 ], [ 35.174366470737368, 46.173450293894348, 0.874676476158129 ], [ 35.17, 46.171849944463247, 0.842576476158229 ], [ 35.1529360855493, 46.165595871676487, 0.802776476158215 ], [ 35.148936394003613, 46.164129950002462, 0.774776476158195 ], [ 35.130361030320273, 46.16018051516221, 0.601776476158193 ], [ 35.1299999999992, 46.160103754040392, 0.601076476158141 ], [ 35.129512013972999, 46.159999999999854, 0.602476476158245 ], [ 35.110000000002401, 46.155851417546728, 0.76637647615803 ], [ 35.093096979591792, 46.152257551020739, 0.908376476158082 ], [ 35.090000000001965, 46.151599081053064, 0.883976476158068 ], [ 35.086986091107974, 46.150958273316064, 0.875376476158181 ], [ 35.070000000001528, 46.147346744561219, 0.984376476158104 ], [ 35.052545730703059, 46.143635673248355, 0.776376476158021 ], [ 35.044444207000197, 46.141913153001951, 0.658876476158184 ], [ 35.049082879000707, 46.132066148002195, 0.788076476158039 ], [ 35.051931186000729, 46.128241278000132, 0.854676476158147 ], [ 35.039627511310755, 46.122779366518444, 0.692576476158138 ], [ 35.034703306164374, 46.120593387671761, 0.664576476158118 ], [ 35.030000000000655, 46.118505471453318, 0.637976476158201 ], [ 35.017100457002016, 46.112779039003726, 0.693776476158064 ], [ 35.014605331718485, 46.110789336566086, 0.715176476158149 ], [ 35.010000000000218, 46.107116879788009, 0.696576476158043 ], [ 34.994913576050749, 46.095086423953035, 0.673676476158107 ], [ 34.989999999999782, 46.091168162083704, 0.732476476158126 ], [ 34.985362175002592, 46.087469794001663, 0.799576476158109 ], [ 34.983874555822695, 46.083062722091199, 0.869376476158095 ], [ 34.982840725602728, 46.08, 0.971576476158134 ], [ 34.98212382300153, 46.077876175999336, 0.999976476158054 ], [ 34.9817020160026, 46.077763966999555, 1.005376476158062 ], [ 34.980378291002125, 46.078117344002749, 1.015076476158129 ], [ 34.978426528001364, 46.079102326999418, 1.02467647615822 ], [ 34.977061872530612, 46.08, 1.029376476158177 ], [ 34.976125500999842, 46.080615946999387, 1.020276476158188 ], [ 34.973589778002861, 46.082682174999718, 0.983676476158053 ], [ 34.970523500000127, 46.085842811002294, 0.919476476158025 ], [ 34.969999999999345, 46.086495219255085, 0.905176476158204 ], [ 34.96904003900454, 46.087691564001943, 0.874076476158052 ], [ 34.968191785637828, 46.089095892817568, 0.836176476158244 ], [ 34.967645679946145, 46.090000000001965, 0.835276476158242 ], [ 34.965137526000035, 46.094152383000619, 0.831376476158084 ], [ 34.964006526759476, 46.09700326337952, 0.819876476158242 ], [ 34.963526009001725, 46.098214492003535, 0.814976476158108 ], [ 34.963065525020284, 46.100000000000364, 0.803976476158141 ], [ 34.962419232002503, 46.102505975000895, 0.813676476158207 ], [ 34.962349508969055, 46.103825245518237, 0.814776476158158 ], [ 34.962023175114155, 46.110000000002401, 0.879776476158213 ], [ 34.961950940001771, 46.111366802999328, 0.880476476158037 ], [ 34.962376290024622, 46.113811854987944, 0.876276476158182 ], [ 34.96279861900075, 46.116239540999231, 0.898376476158091 ], [ 34.964060901969788, 46.1200000000008, 0.929676476158193 ], [ 34.964379180999458, 46.1209481829992, 0.937576476158029 ], [ 34.96511069301414, 46.122444653492494, 0.948876476158148 ], [ 34.96657733900247, 46.12544500399963, 0.971576476158134 ], [ 34.96926863599947, 46.129686650001531, 1.000476476158155 ], [ 34.96953968019443, 46.130000000002838, 1.002276476158158 ], [ 34.969678658548219, 46.130160670725672, 1.001576476158107 ], [ 34.969999999999345, 46.130532168606805, 0.999976476158054 ], [ 34.975078692999887, 46.136403566999434, 0.974576476158063 ], [ 34.979819430305724, 46.139999999999418, 0.950876476158101 ], [ 34.980267147999257, 46.140339649000452, 0.952076476158027 ], [ 34.985990391000087, 46.143682754001929, 0.956876476158186 ], [ 34.989999999999782, 46.145628278090953, 0.956276476158109 ], [ 34.992121303001113, 46.146657567000148, 0.955976476158185 ], [ 34.998066489999474, 46.149085906003165, 0.950576476158176 ], [ 35.000656497608361, 46.149999999999636, 0.946676476158245 ], [ 35.004228241001329, 46.151260579001246, 0.954076476158207 ], [ 35.010000000000218, 46.153056235451004, 0.961076476158041 ], [ 35.010553512000115, 46.153228438999577, 0.961776476158093 ], [ 35.023150542607254, 46.156575271303154, 0.965776476158226 ], [ 35.023535984000773, 46.156677677001426, 0.965876476158201 ], [ 35.030000000000655, 46.158105607217294, 0.962076476158245 ], [ 35.038575618842515, 46.159999999999854, 0.999976476158054 ], [ 35.049454002999482, 46.162403084003017, 1.024076476158143 ], [ 35.050000000001091, 46.162541688441706, 1.025376476158044 ], [ 35.060326008631819, 46.165163004316128, 0.999976476158054 ], [ 35.063734322002347, 46.16602822400273, 0.991576476158116 ], [ 35.070000000001528, 46.167720673427539, 0.977176476158093 ], [ 35.078438377040584, 46.17, 0.999976476158054 ], [ 35.083482044999982, 46.171362367000256, 1.01357647615805 ], [ 35.085834433983109, 46.17208278301041, 1.020876476158037 ], [ 35.089720952000789, 46.173273024000082, 1.032776476158233 ], [ 35.090000000001965, 46.173371407892773, 1.033676476158234 ], [ 35.096586322000803, 46.175693546003458, 1.023976476158168 ], [ 35.103325101999872, 46.1783979920001, 1.017376476158233 ], [ 35.106903744479496, 46.180000000000291, 1.015476476158028 ], [ 35.109926199000256, 46.181353026000579, 1.013876476158202 ], [ 35.110000000002401, 46.181389504054096, 1.013876476158202 ], [ 35.116370291003477, 46.184538185001657, 1.01357647615805 ], [ 35.122628760000225, 46.187945316001787, 1.016276476158055 ], [ 35.126041170207827, 46.190000000000509, 1.019776476158086 ], [ 35.128662389000965, 46.191578291000042, 1.02247647615809 ], [ 35.1299999999992, 46.192465069338141, 1.02467647615822 ], [ 35.133009650999156, 46.194460337999772, 1.029576476158127 ], [ 35.136297543991532, 46.196851228003652, 1.036976476158088 ], [ 35.137175064000985, 46.197489342999688, 1.038976476158041 ], [ 35.140284195518689, 46.200000000002547, 1.048576476158132 ], [ 35.141126967000673, 46.200680546999138, 1.04437647615805 ], [ 35.143788425546518, 46.203105787228196, 1.031076476158205 ], [ 35.144828282000162, 46.204053351000766, 1.025876476158146 ], [ 35.149999999999636, 46.209607791410235, 0.999976476158054 ], [ 35.150365183904796, 46.210000000000946, 0.998176476158051 ], [ 35.150683286708954, 46.210341643356514, 0.996576476158225 ], [ 35.150846812000964, 46.210517270001219, 0.995776476158198 ], [ 35.156601828002749, 46.217208312002185, 0.966976476158152 ], [ 35.159119416437534, 46.220000000002983, 0.954376476158131 ], [ 35.166608173200075, 46.228304086604112, 0.999976476158054 ], [ 35.168137574755747, 46.229999999999563, 1.00927647615822 ], [ 35.169978198000535, 46.232041019000462, 1.000076476158029 ], [ 35.17, 46.232067159189683, 0.999976476158054 ], [ 35.17661631746887, 46.24000000000342, 0.966876476158177 ], [ 35.181349146252614, 46.245674573125143, 0.999976476158054 ], [ 35.184229463002339, 46.249128019000636, 1.020176476158213 ], [ 35.184885747787121, 46.25, 1.025576476158221 ], [ 35.188201294002283, 46.254405242001667, 1.008976476158068 ], [ 35.190000000000509, 46.257196549193395, 0.999976476158054 ], [ 35.191806531291149, 46.260000000000218, 0.990976476158039 ], [ 35.192665277943888, 46.261332638974636, 0.986676476158209 ], [ 35.192950181999549, 46.261774765000155, 0.988276476158035 ], [ 35.196014847999322, 46.267072618002203, 1.010576476158121 ], [ 35.19752141875324, 46.270000000000437, 1.024776476158195 ], [ 35.198757311003646, 46.272401433001505, 1.036476476158214 ], [ 35.199818359493293, 46.274909179745009, 1.050876476158237 ], [ 35.201020910000807, 46.2777513609999, 1.044876476158151 ], [ 35.201693679971868, 46.280000000000655, 1.04157647615807 ], [ 35.202624237002965, 46.283110255999418, 1.036876476158113 ], [ 35.20271404509549, 46.283642977452473, 1.036476476158214 ], [ 35.203261427999678, 46.286889929999234, 1.033676476158234 ], [ 35.203438306511089, 46.290000000002692, 1.032776476158233 ], [ 35.203473534000295, 46.290619408002385, 1.032676476158031 ], [ 35.203134660572687, 46.293432669715912, 1.034376476158059 ], [ 35.202617178001674, 46.297728710003867, 1.036876476158113 ], [ 35.201857378146087, 46.299999999999272, 1.040676476158069 ], [ 35.201522671002749, 46.301000549001401, 1.042376476158097 ], [ 35.199950610001906, 46.304004365003493, 1.05027647615816 ], [ 35.199377353515956, 46.304688676758815, 1.053076476158139 ], [ 35.196703928000716, 46.307880017004209, 1.066476476158186 ], [ 35.193887128825736, 46.31000000000131, 1.080576476158058 ], [ 35.192546893000326, 46.311008689999653, 1.077176476158229 ], [ 35.190000000000509, 46.312233582802946, 1.077676476158103 ], [ 35.187672364001628, 46.31335302700063, 1.066476476158186 ], [ 35.182838741002342, 46.314748638003948, 1.052476476158063 ], [ 35.180266661835049, 46.31513333091425, 1.048676476158107 ], [ 35.17768187799993, 46.31551992400091, 1.044776476158177 ], [ 35.172311680000348, 46.315704894999726, 1.042976476158174 ], [ 35.17, 46.315541683665288, 1.044576476158227 ], [ 35.166826368002148, 46.315317616003085, 1.046776476158129 ], [ 35.161315809000371, 46.314348678000897, 1.056476476158196 ], [ 35.155864538000969, 46.312765332000708, 1.07237647615807 ], [ 35.153092962411392, 46.311546481205369, 1.08457647615819 ], [ 35.149999999999636, 46.310186294707819, 1.098176476158187 ], [ 35.149801765255688, 46.310099117374193, 1.096976476158034 ], [ 35.149576379761129, 46.31000000000131, 1.095776476158107 ], [ 35.148371328999929, 46.309470057001818, 1.083676476158189 ], [ 35.140893350999249, 46.305101789999753, 1.008976476158068 ], [ 35.140422443631905, 46.304788778186776, 1.004176476158136 ], [ 35.133218016073442, 46.299999999999272, 1.016076476158105 ], [ 35.132280003999767, 46.299376504000975, 1.011376476158148 ], [ 35.131853295726614, 46.299073352140113, 1.00927647615822 ], [ 35.1299999999992, 46.297756691337781, 1.02247647615809 ], [ 35.119081893433759, 46.290000000002692, 0.936276476158127 ], [ 35.116308843002116, 46.288029905999792, 0.934076476158225 ], [ 35.110000000002401, 46.283812372486864, 0.923776476158082 ], [ 35.109493794001537, 46.28347396800018, 0.92547647615811 ], [ 35.106594839666286, 46.281702580166893, 0.931876476158095 ], [ 35.103808492114695, 46.280000000000655, 0.93807647615813 ], [ 35.096898596999381, 46.275777752001886, 0.95347647615813 ], [ 35.090455342002315, 46.272155639999255, 0.961476476158168 ], [ 35.090000000001965, 46.271918069227468, 0.961676476158118 ], [ 35.086323716594052, 46.270000000000437, 0.963276476158171 ], [ 35.082177882999531, 46.267836947001342, 0.943376476158164 ], [ 35.078108919176884, 46.265945540413668, 0.921676476158154 ], [ 35.07600628200089, 46.264968155999668, 0.930676476158169 ], [ 35.070000000001528, 46.262534297260572, 0.949276476158047 ], [ 35.063745855604793, 46.260000000000218, 0.937476476158054 ], [ 35.063223986999219, 46.259788528999707, 0.938576476158232 ], [ 35.056651250002687, 46.257425235002302, 0.943776476158064 ], [ 35.050000000001091, 46.255284152341119, 0.941476476158186 ], [ 35.043692512001144, 46.253253729002608, 1.002376476158133 ], [ 35.043567007583988, 46.253216496208552, 1.003476476158085 ], [ 35.032724831964515, 46.25, 1.01357647615805 ], [ 35.030000000000655, 46.249191637178228, 1.008076476158067 ], [ 35.026024473794678, 46.248012236897921, 0.999976476158054 ], [ 35.023474293000618, 46.247255686999779, 0.989676476158138 ], [ 35.010000000000218, 46.243637072224374, 0.927276476158113 ], [ 35.009165219000351, 46.243412886000442, 0.93177647615812 ], [ 35.005042986000262, 46.24247850699976, 0.950476476158201 ], [ 35.002697628002352, 46.241946889000246, 0.961076476158041 ], [ 34.993261801764675, 46.24000000000342, 0.999976476158054 ], [ 34.989999999999782, 46.239326994180374, 1.006776476158166 ], [ 34.987708296390338, 46.23885414819415, 1.011476476158123 ], [ 34.969999999999345, 46.235200404835268, 0.995976476158148 ], [ 34.962637423359411, 46.233681288322259, 0.989576476158163 ], [ 34.962635362000583, 46.2336808630007, 0.989576476158163 ], [ 34.950000000002547, 46.230913452682216, 0.981776476158075 ], [ 34.94582938415806, 46.229999999999563, 0.979176476158045 ], [ 34.935640277002676, 46.227768370999911, 0.972876476158035 ], [ 34.93000000000211, 46.226469240669758, 0.970576476158158 ], [ 34.922281754999858, 46.224691490002442, 0.967576476158229 ], [ 34.921165962572559, 46.22441701871503, 0.967476476158026 ], [ 34.910000000001673, 46.221670328504842, 0.966576476158025 ], [ 34.90915265500189, 46.221461892000661, 0.970776476158107 ], [ 34.904010999949605, 46.220000000002983, 0.999976476158054 ], [ 34.896822196000358, 46.21795605600164, 1.040876476158246 ], [ 34.895226808117513, 46.217386595941207, 1.052276476158113 ], [ 34.890906038001049, 46.215844333999485, 1.046076476158078 ], [ 34.890000000001237, 46.215443477818553, 1.045576476158203 ], [ 34.884567658002197, 46.213040060001731, 1.042476476158072 ], [ 34.879030229956697, 46.210000000000946, 1.045176476158076 ], [ 34.878572912999516, 46.209748932000366, 1.045376476158026 ], [ 34.875149745064846, 46.207425127469833, 1.051476476158086 ], [ 34.87298832399938, 46.205957854999724, 1.055376476158244 ], [ 34.8700000000008, 46.203359068253121, 1.066376476158212 ], [ 34.86754749328793, 46.201226253358982, 1.063176476158105 ], [ 34.866625475002365, 46.200424423001095, 1.061976476158179 ], [ 34.866227895010525, 46.200000000002547, 1.062276476158104 ], [ 34.863763605000713, 46.197369331001028, 1.063976476158132 ], [ 34.863136762332942, 46.196568381166799, 1.06567647615816 ], [ 34.859912043999429, 46.192447989000357, 1.049576476158109 ], [ 34.858414469397758, 46.190000000000509, 1.042076476158172 ], [ 34.856656657000713, 46.187126617001923, 1.033276476158107 ], [ 34.854751632999978, 46.183124512001086, 1.023776476158218 ], [ 34.85439354596565, 46.182196772982934, 1.021976476158216 ], [ 34.853545639483855, 46.180000000000291, 1.035476476158237 ], [ 34.853140147000886, 46.178949442002704, 1.03137647615813 ], [ 34.852998303837012, 46.178500848081967, 1.029976476158026 ], [ 34.851774107999518, 46.174629200002528, 1.017776476158133 ], [ 34.85061053100253, 46.170188261003204, 1.006076476158114 ], [ 34.850569078433182, 46.17, 1.005676476158214 ], [ 34.850000000000364, 46.167415473319124, 0.999976476158054 ], [ 34.84961087100055, 46.165648205000252, 0.994176476158145 ], [ 34.848613199084866, 46.159999999999854, 0.979176476158045 ], [ 34.848478855214125, 46.159239427606735, 0.977176476158093 ], [ 34.847967585003062, 46.15634492999925, 0.969476476158206 ], [ 34.847107877943927, 46.149999999999636, 0.956576476158034 ], [ 34.846897705028823, 46.148448852516594, 0.95347647615813 ], [ 34.845752926736168, 46.139999999999418, 0.936276476158127 ], [ 34.845444288388535, 46.137722144196232, 0.931676476158145 ], [ 34.844575169001473, 46.131307748000836, 0.978376476158246 ], [ 34.844453961419276, 46.130000000002838, 0.989076476158061 ], [ 34.843813800856879, 46.123093099573452, 0.976276476158091 ], [ 34.84322794030777, 46.116772059691357, 0.964576476158072 ], [ 34.843227638000826, 46.116768798001431, 0.964576476158072 ], [ 34.842876339122085, 46.110685491317781, 0.957576476158238 ], [ 34.84254304210117, 46.104913915803991, 1.01357647615805 ], [ 34.842283507001412, 46.100419647000308, 1.00707647615809 ], [ 34.842278405263642, 46.099303986851737, 1.006976476158115 ], [ 34.84225071155015, 46.093247865353987, 1.006276476158064 ], [ 34.842229679999946, 46.088648639999519, 1.005776476158189 ], [ 34.842296034632454, 46.086963878791721, 1.007376476158242 ], [ 34.842474121000123, 46.082442220000303, 1.011876476158022 ], [ 34.842731510449084, 46.079073958200752, 1.018276476158235 ], [ 34.84299422299955, 46.075636037001459, 1.02487647615817 ], [ 34.844000525023148, 46.066997637397435, 1.049976476158236 ], [ 34.844330741001613, 46.064162963999479, 1.031276476158155 ], [ 34.846186213000692, 46.052055317999475, 1.002476476158108 ], [ 34.84840611600157, 46.039806417000364, 1.012876476158226 ], [ 34.850000000000364, 46.032004671997129, 1.04007647615822 ], [ 34.850409551276243, 46.030000000000655, 1.008176476158042 ], [ 34.850837166002748, 46.027906911001992, 0.995776476158198 ], [ 34.852394682244267, 46.021197341120569, 0.959876476158115 ], [ 34.852672625282139, 46.020000000002256, 0.966776476158202 ], [ 34.853023560148358, 46.018488219926439, 0.975576476158039 ], [ 34.853480586061778, 46.016519413940841, 0.986976476158134 ], [ 34.854100378308431, 46.013849432538336, 1.002476476158108 ], [ 34.854988727085583, 46.010022545835454, 1.02467647615822 ], [ 34.855581877000077, 46.007467335999536, 1.025876476158146 ], [ 34.855915126101536, 46.005212184760239, 1.018276476158235 ], [ 34.856700216198078, 45.999899351420027, 0.966976476158152 ], [ 34.850000000000364, 46.020000000002256, 0.899976476158145 ], [ 34.83, 46.130000000002838, 0.699976476158099 ], [ 34.83, 46.139999999999418, 0.699976476158099 ], [ 34.83, 46.149999999999636, 0.699976476158099 ], [ 34.83, 46.159999999999854, 0.699976476158099 ], [ 34.83, 46.17, 0.699976476158099 ], [ 34.83, 46.180000000000291, 0.699976476158099 ], [ 34.850000000000364, 46.210000000000946, 0.799976476158236 ], [ 34.854194531497342, 46.212649177787171, 0.793376476158073 ], [ 34.857351705701149, 46.213675852852248, 0.799976476158236 ], [ 34.8700000000008, 46.217788925971035, 0.844176476158054 ], [ 34.876799372210371, 46.220000000002983, 0.867976476158219 ], [ 34.882172071000241, 46.22174713700042, 0.886776476158047 ], [ 34.883934060604588, 46.226967030303058, 0.799976476158236 ], [ 34.884766939485417, 46.229434433560527, 0.775376476158044 ], [ 34.88542728000175, 46.231390692000787, 0.755876476158164 ], [ 34.885532761874856, 46.232441744343305, 0.743876476158221 ], [ 34.907805736052978, 46.246508885926232, 0.708776476158164 ], [ 34.908048820776457, 46.2443089688295, 0.736576476158234 ], [ 34.908050977001039, 46.244289455000398, 0.736876476158159 ], [ 34.909609685100804, 46.242688619771798, 0.765376476158053 ], [ 34.911359108398756, 46.240891914885651, 0.598276476158162 ], [ 34.911791470289245, 46.240447867570765, 0.59997647615819 ], [ 34.912227551900287, 46.24000000000342, 0.611176476158107 ], [ 34.914073112999176, 46.238104559000931, 0.658276476158107 ], [ 34.926524285001506, 46.2350528019997, 0.781576476158079 ], [ 34.93000000000211, 46.235186483010693, 0.796276476158027 ], [ 34.936045769001794, 46.23541901200042, 0.821876476158195 ], [ 34.943366221528777, 46.236683110764716, 0.833176476158087 ], [ 34.950000000002547, 46.237828634371908, 0.84347647615823 ], [ 34.953227930514913, 46.238386034743598, 0.848376476158137 ], [ 34.962574475563088, 46.24000000000342, 0.862876476158135 ], [ 34.968093830888392, 46.240953084557987, 0.871376476158048 ], [ 34.969999999999345, 46.241282242624948, 0.874376476158204 ], [ 34.97391740267085, 46.241958701335534, 0.880376476158062 ], [ 34.989999999999782, 46.244735850883444, 0.905276476158178 ], [ 34.997825631635351, 46.246087184183125, 0.878276476158135 ], [ 35.010000000000218, 46.248189459136483, 0.836176476158244 ], [ 35.020484923184995, 46.25, 0.904876476158051 ], [ 35.030000000000655, 46.251643067393161, 0.967176476158102 ], [ 35.030772332000197, 46.251776434000931, 0.968376476158028 ], [ 35.039148649328126, 46.255425675337392, 0.937276476158104 ], [ 35.049648364596578, 46.260000000000218, 0.799976476158236 ], [ 35.052381074767254, 46.2611905373833, 0.799976476158236 ], [ 35.070000000001528, 46.268866429751142, 0.822676476158222 ], [ 35.071211517102711, 46.269394241448026, 0.818176476158214 ], [ 35.072601950178068, 46.270000000000437, 0.825976476158075 ], [ 35.075043164999443, 46.271063543999844, 0.829176476158182 ], [ 35.07991209024658, 46.274956045124782, 0.799976476158236 ], [ 35.090000000001965, 46.28302090503712, 0.739576476158163 ], [ 35.095370773884497, 46.287314613055059, 0.707376476158061 ], [ 35.098729783392628, 46.290000000002692, 0.687276476158104 ], [ 35.105072462001772, 46.295070705004036, 0.699976476158099 ], [ 35.108409050002592, 46.297756252002728, 0.706576476158034 ], [ 35.110000000002401, 46.299450722721303, 0.705476476158083 ], [ 35.110515720145486, 46.299999999999272, 0.707776476158188 ], [ 35.110972054333615, 46.300486027166698, 0.709676476158165 ], [ 35.11844152424419, 46.308441524241061, 0.742176476158193 ], [ 35.1299999999992, 46.320752092624389, 0.784976476158135 ], [ 35.135908947378994, 46.327045526313668, 0.718176476158078 ], [ 35.138682922668522, 46.330000000003565, 0.686876476158204 ], [ 35.142298444088738, 46.333850777960834, 0.684476476158125 ], [ 35.148071990175595, 46.340000000000146, 0.680676476158169 ], [ 35.149999999999636, 46.342053462520198, 0.679476476158243 ], [ 35.157461057682667, 46.350000000002183, 0.637276476158149 ], [ 35.159749533353533, 46.352437383338838, 0.624376476158204 ], [ 35.16781660199922, 46.361029363999478, 0.552476476158063 ], [ 35.183426628494999, 46.372284418999698, 0.488576476158187 ], [ 35.201508009002282, 46.385321355999622, 0.42547647615811 ], [ 35.209483268999975, 46.39642975499919, 0.382376476158242 ], [ 35.213715040001262, 46.411810613999478, 0.332376476158061 ], [ 35.210703972001284, 46.420152085001973, 0.312876476158181 ], [ 35.208474219081836, 46.423092773851749, 0.307676476158122 ], [ 35.207139336973341, 46.42485327067152, 0.268576476158159 ], [ 35.205088738000995, 46.427557684000931, 0.254476476158061 ], [ 35.20413976155578, 46.43152840111361, 0.236976476158134 ], [ 35.203829704805685, 46.432825743777357, 0.232676476158076 ], [ 35.203779917514112, 46.433034064277308, 0.246276476158073 ], [ 35.20373550284603, 46.433219904596626, 0.243776476158246 ], [ 35.203695635666008, 46.433386717264511, 0.241576476158116 ], [ 35.203695635669646, 46.433386717264511, 0.241576476158116 ], [ 35.230000000001382, 46.450000000000728, 0.199976476158099 ], [ 35.2359517326895, 46.451766920643422, 0.206476476158059 ], [ 35.236072349662209, 46.451686763797625, 0.211276476158218 ], [ 35.236127930198563, 46.451649827362417, 0.211776476158093 ], [ 35.236189111403291, 46.451609168967479, 0.21237647615817 ], [ 35.238610527536366, 46.450000000000728, 0.199976476158099 ], [ 35.243174675000773, 46.446966863999478, 0.169676476158202 ], [ 35.250000000001819, 46.443781712214331, 0.137776476158024 ], [ 35.250498894001794, 46.443548895002095, 0.135476476158146 ], [ 35.260915561002548, 46.441595770002095, 0.115976476158039 ], [ 35.267503689507066, 46.441248155249923, 0.112476476158236 ], [ 35.277110221999465, 46.440741277998313, 0.150376476158044 ], [ 35.278755497836755, 46.440000000004147, 0.143776476158109 ], [ 35.279986951401952, 46.439445169366081, 0.161076476158087 ], [ 35.28451582100206, 46.437404690001131, 0.202276476158204 ], [ 35.283798520937125, 46.436057565448209, 0.208376476158037 ], [ 35.282555137766394, 46.433722431120259, 0.215076476158174 ], [ 35.278653242963628, 46.426394482099568, 0.179276476158066 ], [ 35.277212632960072, 46.423688946162656, 0.090976476158176 ], [ 35.273750588901748, 46.417187058324998, 0.095276476158233 ], [ 35.270000000002256, 46.410143269187756, 0.142276476158031 ], [ 35.264496290001262, 46.399807032999888, 0.206176476158134 ], [ 35.258555534999687, 46.373358466002173, 0.340776476158226 ], [ 35.259557813717038, 46.370884372565342, 0.34777647615806 ], [ 35.264948895799535, 46.357576656306264, 0.399976476158145 ], [ 35.266668750266035, 46.353331249734765, 0.399976476158145 ], [ 35.267514902934636, 46.351242548531445, 0.412376476158215 ], [ 35.267588737999176, 46.351060289000088, 0.412076476158063 ] ] ] ] } },
{ "type": "Feature", "properties": { "gid": 8, "objectid": 8.0, "shape_leng": 0.15283369305700001, "shape_area": 0.00067434550879199998, "z_mean": 0.72190246647099998 }, "geometry": { "type": "MultiPolygon", "coordinates": [ [ [ [ 35.855227317004392, 45.432513077001204, 1.008376476158219 ], [ 35.848713569999745, 45.432277268999314, 0.999976476158054 ], [ 35.85222415500175, 45.444159247001153, 0.338376476158146 ], [ 35.853442377507236, 45.446557622495675, 0.206576476158034 ], [ 35.854139567898528, 45.447930216052555, 0.248376476158228 ], [ 35.855190886755736, 45.450000000002547, 0.207676476158213 ], [ 35.860036654999931, 45.459540106001441, 0.687676476158231 ], [ 35.856601265028075, 45.459901897542295, 0.561076476158178 ], [ 35.850000000004002, 45.46059709716792, 0.565176476158058 ], [ 35.838155524499598, 45.461844475499674, 0.651476476158223 ], [ 35.827474445002736, 45.462969333004366, 0.999976476158054 ], [ 35.828139769002519, 45.463811223004086, 1.001076476158232 ], [ 35.829044678001083, 45.464558598001531, 0.992576476158092 ], [ 35.831972728999972, 45.466214849999233, 0.946176476158143 ], [ 35.833286889361261, 45.466713110641649, 0.9191764761581 ], [ 35.833939113999804, 45.466960399999152, 0.931276476158246 ], [ 35.838364708999507, 45.468104416999267, 0.984976476158181 ], [ 35.842803090001325, 45.468748885999958, 1.011976476158225 ], [ 35.846612712999558, 45.46890714300207, 1.013976476158177 ], [ 35.850000000004002, 45.468784185388358, 1.001776476158057 ], [ 35.851938977999453, 45.468713801001286, 1.007776476158142 ], [ 35.855236450999655, 45.468291642000622, 1.001776476158057 ], [ 35.858400508001068, 45.467561488001593, 0.978576476158196 ], [ 35.859900956000274, 45.467035267001847, 0.958076476158112 ], [ 35.861007903271457, 45.466511854909186, 0.935676476158051 ], [ 35.861322699000084, 45.466363006000392, 0.943776476158064 ], [ 35.862856998999632, 45.465371197000422, 0.97537647615809 ], [ 35.864289130000543, 45.464202363002187, 0.997676476158176 ], [ 35.866942480999569, 45.461549760999333, 1.024176476158118 ], [ 35.870000000004438, 45.45786985317136, 1.036076476158087 ], [ 35.87140956499934, 45.456173357000807, 1.006376476158039 ], [ 35.87218718999975, 45.455011522002678, 0.983176476158178 ], [ 35.873029223123012, 45.45302922312294, 0.936276476158127 ], [ 35.87305098700017, 45.452977987004488, 0.937276476158104 ], [ 35.873214574859958, 45.451607287430306, 0.944676476158065 ], [ 35.873260132002542, 45.451225565000641, 0.942676476158113 ], [ 35.873036545868672, 45.450000000002547, 0.921476476158205 ], [ 35.872846050002408, 45.448955816000307, 0.955576476158058 ], [ 35.871547609000118, 45.446239037000851, 1.012376476158124 ], [ 35.870000000004438, 45.443652807887702, 1.053876476158166 ], [ 35.86853798500124, 45.441209615999469, 1.093176476158078 ], [ 35.868350486163763, 45.440824756917209, 1.101076476158141 ], [ 35.86663615100224, 45.437305921999723, 0.998176476158051 ], [ 35.86594377199981, 45.436146178000854, 0.956576476158034 ], [ 35.865000800002235, 45.435125271002107, 0.900076476158119 ], [ 35.86492229376563, 45.43507770623728, 0.895376476158162 ], [ 35.863533374000326, 45.43423619799978, 0.938376476158055 ], [ 35.86169499099924, 45.433562905000144, 0.970376476158208 ], [ 35.859613308000917, 45.433072586001799, 0.991276476158191 ], [ 35.855227317004392, 45.432513077001204, 1.008376476158219 ] ] ] ] } },
{ "type": "Feature", "properties": { "gid": 9, "objectid": 9.0, "shape_leng": 0.62661871424299997, "shape_area": 0.0032629805950399999, "z_mean": 0.622750801588 }, "geometry": { "type": "MultiPolygon", "coordinates": [ [ [ [ 36.328112428001987, 45.476642458001152, 0.937376476158079 ], [ 36.333270956001797, 45.475203029000113, 0.957176476158111 ], [ 36.337490687566969, 45.473745343784685, 0.96217647615822 ], [ 36.343312945000434, 45.471734074002597, 0.993676476158043 ], [ 36.354500810761238, 45.46741680179548, 1.038376476158192 ], [ 36.362415629000679, 45.464362561999224, 1.037176476158038 ], [ 36.371810047001418, 45.461054912999316, 1.049276476158184 ], [ 36.37528758514236, 45.460000000000946, 1.060876476158228 ], [ 36.38261392500317, 45.457777551000618, 1.041076476158196 ], [ 36.393515573001423, 45.455051965001985, 1.047876476158081 ], [ 36.398988453003767, 45.453942628000732, 1.067476476158163 ], [ 36.403599461718841, 45.453200269141234, 1.095976476158057 ], [ 36.404470876001142, 45.453059974001008, 1.091776476158202 ], [ 36.409978910001882, 45.452471296001022, 1.074176476158073 ], [ 36.409999999999854, 45.452470353940953, 1.074076476158098 ], [ 36.414535517675176, 45.452267758839298, 1.045376476158026 ], [ 36.428112039002372, 45.45166131500082, 0.885376476158171 ], [ 36.430000000000291, 45.451530478629138, 0.861176476158107 ], [ 36.432688350023454, 45.451344175013219, 0.867176476158193 ], [ 36.434731773999374, 45.451202565000131, 0.895076476158238 ], [ 36.434786815667394, 45.451196703917958, 0.895776476158062 ], [ 36.4398591879999, 45.450656575001631, 0.928876476158166 ], [ 36.447771116001604, 45.449462566002694, 0.967276476158077 ], [ 36.453771587002848, 45.448313793000125, 0.987176476158083 ], [ 36.462905922002392, 45.446205397000085, 1.003976476158186 ], [ 36.466427631999977, 45.445115808000992, 0.999976476158054 ], [ 36.45980768746449, 45.444038462506796, 0.889376476158077 ], [ 36.452704835206532, 45.442882527466281, 1.035576476158212 ], [ 36.426528892083297, 45.438622592328102, 0.62577647615808 ], [ 36.411794467001528, 45.436224677001519, 0.644876476158061 ], [ 36.391368034999687, 45.439642645000276, 0.510276476158197 ], [ 36.386401986292185, 45.441966501142815, 0.441876476158086 ], [ 36.369234509389571, 45.450000000002547, 0.66027647615806 ], [ 36.359629754000707, 45.454494532999888, 0.505376476158062 ], [ 36.347488274068382, 45.45625117259442, 0.374876476158079 ], [ 36.34050540500175, 45.457261460000154, 0.3245764761582 ], [ 36.339685005108549, 45.457031499488949, 0.296876476158104 ], [ 36.329763217003347, 45.454250393000621, 0.260476476158146 ], [ 36.323446660946502, 45.450000000002547, 0.278676476158125 ], [ 36.321055534999687, 45.448391018000621, 0.186376476158102 ], [ 36.319437581407328, 45.447546868215795, 0.13487647615807 ], [ 36.311696811000729, 45.443508205000398, 0.211476476158168 ], [ 36.298838737999176, 45.4430199239996, 0.189776476158158 ], [ 36.301704613522816, 45.449024615540111, 0.053676476158216 ], [ 36.302170137927533, 45.450000000002547, 0.101376476158066 ], [ 36.30598465879666, 45.457992329398621, -0.000023523841946 ], [ 36.30694286522521, 45.460000000000946, -0.000023523841946 ], [ 36.307383660001506, 45.460923570000887, -0.000023523841946 ], [ 36.303813399130377, 45.466906699564788, -0.000023523841946 ], [ 36.299978061002548, 45.4733340519997, 0.417276476158122 ], [ 36.290000000000873, 45.475395844921877, 0.769776476158086 ], [ 36.284027539999443, 45.476629950000643, 0.89117647615808 ], [ 36.27728400902015, 45.47271599097985, 0.762976476158201 ], [ 36.275533383673974, 45.471699924488348, 0.867976476158219 ], [ 36.267832879002526, 45.467230536001807, 0.795976476158103 ], [ 36.267293977227382, 45.467029517083574, 0.794676476158202 ], [ 36.260791798016726, 45.464604100992801, 0.730176476158022 ], [ 36.255910851828958, 45.46278343056656, 0.639176476158127 ], [ 36.252452018999975, 45.461493230999622, 0.595376476158208 ], [ 36.220078337019004, 45.461653610496796, 0.699176476158073 ], [ 36.179806605001431, 45.461853117001738, 0.999976476158054 ], [ 36.180700909000734, 45.462350742000126, 1.001176476158207 ], [ 36.183382159002576, 45.463150748004409, 0.993876476158221 ], [ 36.187768835001407, 45.464118074, 0.976576476158243 ], [ 36.19667830844628, 45.465553615258614, 0.933176476158224 ], [ 36.200171439999394, 45.466116447001696, 0.946376476158093 ], [ 36.215179518001605, 45.467964512001345, 0.978976476158095 ], [ 36.236439481912385, 45.470085194285275, 1.004276476158111 ], [ 36.245447335002609, 45.470983728002466, 1.049176476158209 ], [ 36.247486980919348, 45.47125650954149, 1.062776476158206 ], [ 36.255403192999438, 45.472315221002646, 1.065576476158185 ], [ 36.259282936485761, 45.473037797637517, 1.075076476158074 ], [ 36.264898391002134, 45.474083638999218, 1.053776476158191 ], [ 36.272810198654042, 45.475784702019155, 1.03137647615813 ], [ 36.273966656073753, 45.476033343928066, 0.961976476158043 ], [ 36.27956881800128, 45.477237826002238, 0.966176476158125 ], [ 36.284965303004356, 45.478143936999913, 0.957576476158238 ], [ 36.290000000000873, 45.478776410853243, 0.938776476158182 ], [ 36.290417161999358, 45.478828816001624, 0.930976476158094 ], [ 36.29207646123723, 45.478961769382295, 0.896176476158189 ], [ 36.29526316600095, 45.479217108000739, 0.921676476158154 ], [ 36.304997930999889, 45.479426975000024, 0.942676476158113 ], [ 36.309859891000087, 45.479257132999919, 0.92567647615806 ], [ 36.31000000000131, 45.479244034973817, 0.924376476158159 ], [ 36.318645032000859, 45.478435858000012, 0.886776476158047 ], [ 36.322982209001566, 45.477750959000332, 0.839976476158199 ], [ 36.324741603335497, 45.477370801667348, 0.810776476158026 ], [ 36.326903643503101, 45.476903643502737, 0.929676476158193 ], [ 36.328112428001987, 45.476642458001152, 0.937376476158079 ] ] ] ] } },
{ "type": "Feature", "properties": { "gid": 10, "objectid": 10.0, "shape_leng": 1.42495567904, "shape_area": 0.0079472537472700007, "z_mean": 0.72746415472699999 }, "geometry": { "type": "MultiPolygon", "coordinates": [ [ [ [ 37.698596262942374, 45.530372083332622, 0.847676476158085 ], [ 37.641286207954181, 45.476727206283613, 0.870976476158148 ], [ 37.641568031462157, 45.488724834607638, 0.840376476158099 ], [ 37.641573982715272, 45.488978187819157, 0.813576476158232 ], [ 37.641747566203776, 45.496367884617939, 0.6537764761581 ], [ 37.64193769600206, 45.504461981001441, 0.695976476158194 ], [ 37.644216342003347, 45.505072333000498, 0.683876476158048 ], [ 37.648692254000707, 45.504217841002173, 0.649176476158118 ], [ 37.648963299392562, 45.504227879695463, 0.647376476158115 ], [ 37.653086784999687, 45.504380600999866, 0.739876476158088 ], [ 37.655039909999687, 45.50820547100011, 0.700476476158201 ], [ 37.654550455587014, 45.510313889124518, 0.642376476158233 ], [ 37.653981966999709, 45.512762762002239, 0.659376476158059 ], [ 37.651540561000729, 45.516343491999578, 0.694976476158217 ], [ 37.649180534997868, 45.518296616999578, 0.721376476158184 ], [ 37.648657023626583, 45.518209364836366, 0.724476476158088 ], [ 37.648203971999465, 45.518133855999622, 0.724476476158088 ], [ 37.647664860098303, 45.521255030133034, 0.726176476158116 ], [ 37.646657748002326, 45.527085678999356, 0.769276476158211 ], [ 37.645591658210833, 45.529564338226919, 0.792676476158022 ], [ 37.643810579782439, 45.533705346328134, 0.859776476158231 ], [ 37.643402539999443, 45.534654039000088, 0.868476476158094 ], [ 37.641657145988574, 45.537171433854382, 0.896876476158241 ], [ 37.639449532825893, 45.540355490846196, 1.030876476158028 ], [ 37.639170769001794, 45.540757554002994, 1.039276476158193 ], [ 37.636924044772968, 45.543318819954948, 1.09997647615819 ], [ 37.635101759000463, 45.545396225999866, 1.123176476158051 ], [ 37.635101759000463, 45.547317301143266, 1.132176476158065 ], [ 37.635101759000463, 45.552883205004036, 1.187876476158181 ], [ 37.638583721343821, 45.553286379446945, 1.13467647615812 ], [ 37.642832879000707, 45.553778387004058, 1.105776476158098 ], [ 37.643781999240673, 45.554034373815739, 1.09997647615819 ], [ 37.648680303622314, 45.555355493379466, 1.036676476158163 ], [ 37.653146747241408, 45.55656013596672, 0.918376476158073 ], [ 37.659626420991117, 45.558307765986683, 0.877376476158133 ], [ 37.662445509004101, 45.559068101003504, 0.844276476158029 ], [ 37.662445509004101, 45.562693014006072, 0.880476476158037 ], [ 37.662445509004101, 45.566555080000398, 0.902876476158099 ], [ 37.659379152002657, 45.56707731899769, 0.930076476158092 ], [ 37.656224379265041, 45.567614616300489, 1.041376476158121 ], [ 37.652842030498505, 45.568190672651326, 1.09997647615819 ], [ 37.6477807276151, 45.569052675913554, 1.141276476158055 ], [ 37.644541755949831, 45.569604313348464, 1.199976476158099 ], [ 37.641037124691138, 45.570201195940172, 1.26357647615805 ], [ 37.637232752147611, 45.570849128222108, 1.266276476158055 ], [ 37.636403842003347, 45.5709903019997, 1.280676476158078 ], [ 37.634337389157736, 45.573339127366125, 1.336676476158118 ], [ 37.631597364232221, 45.57645356573812, 1.410876476158137 ], [ 37.62869574808974, 45.579751676117667, 1.417076476158172 ], [ 37.625617811818302, 45.583250200066686, 1.498276476158026 ], [ 37.623301629004345, 45.585882880002828, 1.504876476158188 ], [ 37.623267965145715, 45.588020531595248, 1.504976476158163 ], [ 37.623085173849176, 45.599627760768271, 1.566876476158086 ], [ 37.623057488002814, 45.60138580900275, 1.566976476158061 ], [ 37.624966716766721, 45.602450075153683, 1.565076476158083 ], [ 37.635101759000463, 45.608099677001519, 1.505176476158113 ], [ 37.638860420884157, 45.605840481010091, 1.460376476158217 ], [ 37.642446490404836, 45.603685024059814, 1.450176476158049 ], [ 37.642751498000507, 45.603501695002706, 1.443776476158064 ], [ 37.644147970719132, 45.599618819493116, 1.383976476158068 ], [ 37.645630047818486, 45.595497922033246, 1.380776476158189 ], [ 37.647061822632168, 45.591516889469858, 1.318476476158139 ], [ 37.648445813341823, 45.587668720012516, 1.258276476158244 ], [ 37.649424675000773, 45.584947007000665, 1.257576476158192 ], [ 37.650200074871464, 45.584600117650552, 1.256976476158115 ], [ 37.652927050832659, 45.583380154936094, 1.199976476158099 ], [ 37.655473809243631, 45.58224081584558, 1.146776476158038 ], [ 37.658702018998156, 45.580796617001397, 1.116276476158191 ], [ 37.660658392775076, 45.580403738707901, 1.09997647615819 ], [ 37.663716663313608, 45.579789577885094, 1.046076476158078 ], [ 37.666572487300073, 45.57921607231583, 0.943576476158114 ], [ 37.668630404999931, 45.578802802003338, 0.924976476158236 ], [ 37.67197443623445, 45.57751578969328, 0.891076476158105 ], [ 37.67470285320087, 45.576465707927127, 0.841176476158125 ], [ 37.681000196000241, 45.57404205900275, 0.776276476158046 ], [ 37.684040323782028, 45.572511365324317, 0.742776476158042 ], [ 37.687918890451328, 45.570558520599661, 0.740776476158089 ], [ 37.692637566000485, 45.568182684000931, 0.696276476158118 ], [ 37.699717644003613, 45.562811591002173, 0.619776476158222 ], [ 37.700140558888961, 45.559974537363814, 0.601676476158218 ], [ 37.700956142722134, 45.55450332989858, 0.741976476158243 ], [ 37.701013974907255, 45.554115372395245, 0.790776476158044 ], [ 37.702647332003835, 45.543158270000276, 0.822576476158019 ], [ 37.698596262947831, 45.530372083338079, 0.847676476158085 ], [ 37.698596262942374, 45.530372083332622, 0.847676476158085 ] ] ], [ [ [ 37.13273448727341, 45.326425783803643, 0.053576476158241 ], [ 37.139414910003325, 45.335516669003482, 0.973376476158137 ], [ 37.139026992001163, 45.335764617000677, 0.999976476158054 ], [ 37.161389566001162, 45.336276835001627, 0.992776476158042 ], [ 37.195860382000319, 45.336747003002529, 0.948676476158198 ], [ 37.222046196407973, 45.336795380359035, 0.883376476158219 ], [ 37.235439015090378, 45.336820123113284, 0.954776476158031 ], [ 37.248929719746229, 45.336845046709641, 0.958276476158062 ], [ 37.262519387462817, 45.336870153138079, 0.961776476158093 ], [ 37.275840276999588, 45.336894763002419, 0.965276476158124 ], [ 37.276192550078122, 45.336903724963122, 0.96647647615805 ], [ 37.290000000004511, 45.337254991673035, 1.015676476158205 ], [ 37.297753004000697, 45.337452231002317, 1.004576476158036 ], [ 37.305728710813128, 45.337864355404236, 1.022376476158115 ], [ 37.313014460001796, 45.338240827999471, 1.071276476158118 ], [ 37.320602936999421, 45.338809596001738, 1.145276476158188 ], [ 37.328182093162468, 45.339545523291235, 1.240876476158064 ], [ 37.328396067998256, 45.339566299999206, 1.242276476158167 ], [ 37.331914386633798, 45.340000000001965, 1.280876476158028 ], [ 37.33613933000197, 45.340520805002598, 1.248976476158077 ], [ 37.348853484998472, 45.342630593000649, 1.164076476158243 ], [ 37.350000000002183, 45.342872850629647, 1.157476476158081 ], [ 37.353847656004291, 45.343685857002129, 1.115976476158039 ], [ 37.360944207321154, 45.34547210366145, 1.045276476158051 ], [ 37.3700000000008, 45.347751503710242, 0.932576476158147 ], [ 37.377502232999177, 45.349639863003176, 0.876676476158082 ], [ 37.379135234603382, 45.350000000000364, 0.86297647615811 ], [ 37.384251804000087, 45.351128391999737, 0.831376476158084 ], [ 37.390000000003056, 45.352189038723736, 0.787576476158165 ], [ 37.391049459001806, 45.352382683000542, 0.795276476158051 ], [ 37.3958545100013, 45.353091575001599, 0.823676476158198 ], [ 37.402346579170626, 45.353826710415888, 0.853076476158094 ], [ 37.403101442001571, 45.35391218800396, 0.85647647615815 ], [ 37.410000000001673, 45.354462379922552, 0.878476476158085 ], [ 37.410379841001486, 45.35449267399963, 0.879676476158238 ], [ 37.417672786001276, 45.354882861001897, 0.895276476158188 ], [ 37.419898302696311, 45.354949151347682, 0.897976476158192 ], [ 37.430000000003929, 45.355250045522553, 1.004976476158163 ], [ 37.437060362999546, 45.355460348999259, 1.044476476158025 ], [ 37.441416558525816, 45.355708279261307, 1.071276476158118 ], [ 37.443530763999661, 45.355828608000593, 1.074876476158124 ], [ 37.449988509002651, 45.35641105600007, 1.092376476158051 ], [ 37.450000000002547, 45.35641256271083, 1.092376476158051 ], [ 37.456419266998637, 45.357254263002687, 1.117676476158067 ], [ 37.465508550998493, 45.358963351000057, 1.168876476158175 ], [ 37.469714595892583, 45.360000000002401, 1.199976476158099 ], [ 37.469999999999345, 45.360070342539984, 1.201376476158202 ], [ 37.470277448659544, 45.360138724332501, 1.201376476158202 ], [ 37.470809774065856, 45.360269924689419, 1.195976476158194 ], [ 37.474518994000391, 45.361184122999475, 1.138776476158228 ], [ 37.48345098900063, 45.36382142399998, 1.053276476158089 ], [ 37.492295789001219, 45.366815899003996, 1.014576476158027 ], [ 37.501033603999531, 45.370142593001219, 1.020576476158112 ], [ 37.503195107647116, 45.371065035884385, 1.033976476158159 ], [ 37.509630721002395, 45.373811497001952, 1.03787647615809 ], [ 37.514454404998105, 45.376073839001037, 1.053076476158139 ], [ 37.51461059434223, 45.376152648585048, 1.053876476158166 ], [ 37.519205435999538, 45.378471101001196, 1.03137647615813 ], [ 37.521979932902468, 45.3799999999992, 1.020276476158188 ], [ 37.525648590004494, 45.382021629999144, 1.005676476158214 ], [ 37.52578583441209, 45.382107082798029, 1.005376476158062 ], [ 37.530000000004293, 45.384730958361615, 1.041976476158197 ], [ 37.534241905997987, 45.387372106000839, 1.036276476158037 ], [ 37.539481782001531, 45.391255159000139, 1.047976476158055 ], [ 37.54692057200009, 45.397623782000665, 1.090276476158124 ], [ 37.548622440726831, 45.399311220362506, 1.10687647615805 ], [ 37.549317110559059, 45.399999999999636, 1.110276476158106 ], [ 37.550000000001091, 45.400677099136374, 1.113576476158187 ], [ 37.554293736000545, 45.404934427999251, 1.11277647615816 ], [ 37.558726816765557, 45.410000000001673, 1.125476476158155 ], [ 37.56131565800024, 45.412958205004543, 1.103276476158044 ], [ 37.562069742389212, 45.413965128806012, 1.098276476158162 ], [ 37.566589252348422, 45.42, 1.068176476158214 ], [ 37.56842577700445, 45.422452299002543, 1.055976476158094 ], [ 37.570000000003347, 45.424906786984138, 1.049076476158234 ], [ 37.574342378000438, 45.431677311002204, 1.008176476158042 ], [ 37.574739188086824, 45.432369594045667, 1.005176476158113 ], [ 37.578175921000366, 45.438365388999955, 0.936476476158077 ], [ 37.579027394969671, 45.440000000000509, 0.919476476158025 ], [ 37.581294703106323, 45.44435264844833, 0.917676476158022 ], [ 37.584236426137068, 45.450000000002547, 0.915276476158169 ], [ 37.588098604997867, 45.457414390002668, 0.986276476158082 ], [ 37.589503893486835, 45.45975194674611, 1.004976476158163 ], [ 37.589585607001936, 45.459887868999431, 1.005076476158138 ], [ 37.589704472869926, 45.460000000000946, 1.004476476158061 ], [ 37.590000000001965, 45.460278782742535, 1.002776476158033 ], [ 37.590408976602703, 45.460664586984421, 1.000276476158206 ], [ 37.590428627003348, 45.460683124001662, 0.999976476158054 ], [ 37.590000000001965, 45.458839134922528, 0.976776476158193 ], [ 37.58794538267648, 45.450000000002547, 0.84107647615815 ], [ 37.586436394001794, 45.443508205000398, 0.806376476158221 ], [ 37.586411191119623, 45.44179440444168, 0.789676476158093 ], [ 37.586384802882094, 45.440000000000509, 0.77227647615814 ], [ 37.586358023714638, 45.438179011856846, 0.772876476158217 ], [ 37.586330844853364, 45.436330844855547, 0.755076476158138 ], [ 37.586303257292457, 45.434454885938976, 0.736976476158134 ], [ 37.586273634000463, 45.432440496999334, 0.78097647615823 ], [ 37.588186957240396, 45.430068366609703, 0.878076476158185 ], [ 37.588213760280269, 45.430035136307197, 0.884776476158095 ], [ 37.589586198586403, 45.428333592863055, 0.892076476158081 ], [ 37.58958619859186, 45.428333592866693, 0.892076476158081 ], [ 37.570000000003347, 45.410000000001673, 0.899976476158145 ], [ 37.530000000004293, 45.3799999999992, 0.899976476158145 ], [ 37.450000000002547, 45.350000000000364, 0.899976476158145 ], [ 37.390000000003056, 45.340000000001965, 0.499976476158054 ], [ 37.290000000004511, 45.33, -0.000023523841946 ], [ 37.13273448727341, 45.326425783803643, 0.053576476158241 ] ] ] ] } },
{ "type": "Feature", "properties": { "gid": 11, "objectid": 11.0, "shape_leng": 0.20576739481299999, "shape_area": 0.00089914703047200002, "z_mean": 0.90108076713499996 }, "geometry": { "type": "MultiPolygon", "coordinates": [ [ [ [ 37.800629102001039, 45.741441148000376, 0.823576476158223 ], [ 37.767939602535989, 45.726680470748761, 0.996576476158225 ], [ 37.767835920372818, 45.726633653915997, 0.997576476158201 ], [ 37.767380563002007, 45.726428040999963, 0.999976476158054 ], [ 37.768632227920534, 45.727872354540523, 0.998476476158203 ], [ 37.768798430455718, 45.728064137960246, 0.997976476158101 ], [ 37.7708401018117, 45.730420050906105, 0.995776476158198 ], [ 37.772638061001999, 45.732494740999755, 0.998576476158178 ], [ 37.775360626375914, 45.73536062637686, 0.999976476158054 ], [ 37.779805919004502, 45.740039926002282, 1.004676476158238 ], [ 37.785704760004592, 45.745736140999725, 1.000676476158105 ], [ 37.785878537168173, 45.745878537169119, 0.999976476158054 ], [ 37.790343123002458, 45.749536900000749, 0.991976476158243 ], [ 37.791063990296607, 45.750000000001819, 0.989376476158213 ], [ 37.79372537600284, 45.751709729003778, 0.996976476158125 ], [ 37.796473606527798, 45.753236803262553, 0.999976476158054 ], [ 37.797257161002562, 45.753672191001897, 1.001276476158182 ], [ 37.801382762712819, 45.755691381358702, 0.999976476158054 ], [ 37.806370275002337, 45.758132416001899, 0.998976476158077 ], [ 37.810000000003129, 45.75965134877697, 0.993076476158194 ], [ 37.810833156070657, 45.760000000000218, 0.991676476158091 ], [ 37.811882475001767, 45.760439109000799, 0.994376476158095 ], [ 37.82622715800062, 45.76571179900202, 1.009076476158043 ], [ 37.829637976003141, 45.767327494002529, 1.023476476158066 ], [ 37.83, 45.767537390122015, 1.026076476158096 ], [ 37.831218246001299, 45.768243710999741, 1.016876476158131 ], [ 37.834257767004601, 45.770303776000219, 1.002676476158058 ], [ 37.839490618003765, 45.774593023999842, 1.000476476158155 ], [ 37.840138360639685, 45.775207540955307, 1.002776476158033 ], [ 37.849040439998134, 45.783652992000498, 0.999976476158054 ], [ 37.84310957100206, 45.772609768000621, 0.802276476158113 ], [ 37.841697365409345, 45.770600737398127, 0.778076476158049 ], [ 37.829437696000241, 45.753159898002195, 0.767076476158081 ], [ 37.820442697495309, 45.747256929991636, 0.795976476158103 ], [ 37.816416863002814, 45.744614975999866, 0.795676476158178 ], [ 37.804474602384289, 45.742214212452382, 0.797476476158181 ], [ 37.800629102001039, 45.741441148000376, 0.823576476158223 ] ] ] ] } },
{ "type": "Feature", "properties": { "gid": 12, "objectid": 12.0, "shape_leng": 0.020568894953900001, "shape_area": 7.3462577227300001e-06, "z_mean": 0.99081008485199995 }, "geometry": { "type": "MultiPolygon", "coordinates": [ [ [ [ 34.992021421001482, 46.075505355000132, 0.999976476158054 ], [ 34.990225175000887, 46.075104912000825, 0.999076476158052 ], [ 34.989999999999782, 46.075134726506803, 0.997276476158049 ], [ 34.98878767899987, 46.075295245000234, 1.000176476158231 ], [ 34.983751728001153, 46.076597330000368, 0.999276476158229 ], [ 34.983490023090781, 46.076745011545427, 0.997676476158176 ], [ 34.983104746999743, 46.076962425000602, 0.999376476158204 ], [ 34.982194176000121, 46.07780582399937, 0.999976476158054 ], [ 34.984521865817442, 46.077260932906938, 0.982176476158202 ], [ 34.989999999999782, 46.075978551338267, 0.980476476158174 ], [ 34.992021421001482, 46.075505355000132, 0.999976476158054 ] ] ] ] } },
{ "type": "Feature", "properties": { "gid": 13, "objectid": 13.0, "shape_leng": 0.14157169300299999, "shape_area": 0.00041951217474199998, "z_mean": 0.94073654762299996 }, "geometry": { "type": "MultiPolygon", "coordinates": [ [ [ [ 35.247788299000604, 46.217460240000946, 0.987276476158058 ], [ 35.245828946002803, 46.217336232000889, 1.00077647615808 ], [ 35.245036005002476, 46.217493999001817, 0.999976476158054 ], [ 35.247393189027207, 46.220651702744362, 0.893476476158185 ], [ 35.248540711203532, 46.222188933199504, 0.885376476158171 ], [ 35.263120331957907, 46.241719917012233, 0.865576476158139 ], [ 35.26351972699922, 46.242254950000643, 0.865076476158038 ], [ 35.266759144518801, 46.244861283224964, 0.867576476158092 ], [ 35.279551629002526, 46.255153713000254, 0.936576476158052 ], [ 35.28451582100206, 46.259222723001585, 0.963176476158196 ], [ 35.28605854253874, 46.260985364366206, 0.970476476158183 ], [ 35.287922959840216, 46.263115560241204, 0.958476476158239 ], [ 35.292328232999353, 46.268148819000999, 0.999976476158054 ], [ 35.291309234002256, 46.264778062002733, 0.999176476158027 ], [ 35.290023942001426, 46.26162412100166, 0.993876476158221 ], [ 35.289514309044534, 46.260728536433817, 0.990276476158215 ], [ 35.28921185809304, 46.260197035478996, 0.99407647615817 ], [ 35.287910972558166, 46.25791097255933, 0.989576476158163 ], [ 35.287328702001105, 46.256887741001265, 0.995476476158046 ], [ 35.277280261447231, 46.243640130725908, 1.009176476158245 ], [ 35.274689829000636, 46.240224970000781, 0.991576476158116 ], [ 35.274495171675881, 46.24000000000342, 0.989876476158088 ], [ 35.273137707006754, 46.238431146499352, 0.994176476158145 ], [ 35.271628013000736, 46.23668635800459, 0.998876476158102 ], [ 35.270000000002256, 46.235041103163894, 0.999176476158027 ], [ 35.260126919827599, 46.225063459913144, 1.001276476158182 ], [ 35.260026351999841, 46.224961826999788, 1.001276476158182 ], [ 35.256928221002454, 46.222049991001768, 0.997576476158201 ], [ 35.255674688, 46.221063345001312, 0.992276476158167 ], [ 35.253982555403127, 46.220000000002983, 0.979676476158147 ], [ 35.25294911400124, 46.219350580002356, 0.978476476158221 ], [ 35.250269380001555, 46.218139761000202, 0.961176476158244 ], [ 35.250000000001819, 46.218065982930057, 0.957976476158137 ], [ 35.247788299000604, 46.217460240000946, 0.987276476158058 ] ] ] ] } },
{ "type": "Feature", "properties": { "gid": 14, "objectid": 14.0, "shape_leng": 0.12891107187600001, "shape_area": 0.00032993391076600003, "z_mean": 0.89472746755599997 }, "geometry": { "type": "MultiPolygon", "coordinates": [ [ [ [ 35.353436320001492, 46.325482908001504, 1.004276476158111 ], [ 35.350000000000364, 46.323230589776358, 1.003076476158185 ], [ 35.347204029430941, 46.32139798528442, 1.002176476158184 ], [ 35.33, 46.31012169290625, 0.996376476158048 ], [ 35.329851975184283, 46.310024670803614, 0.998776476158127 ], [ 35.329814335398623, 46.31000000000131, 0.998776476158127 ], [ 35.327805161001379, 46.308683097002358, 0.999976476158054 ], [ 35.328957757657918, 46.31000000000131, 0.993076476158194 ], [ 35.329090437477134, 46.310151593757837, 0.992376476158142 ], [ 35.33, 46.311190817321403, 0.964276476158147 ], [ 35.341451186284758, 46.324274406857512, 0.800776476158035 ], [ 35.346462413019253, 46.330000000003565, 0.72927647615802 ], [ 35.350000000000364, 46.334041881324083, 0.759576476158145 ], [ 35.35521474070265, 46.340000000000146, 0.804276476158066 ], [ 35.359272568677625, 46.344636284336957, 0.885476476158146 ], [ 35.365803517765016, 46.352098241119165, 0.869176476158145 ], [ 35.369194529999731, 46.355972653000208, 0.999976476158054 ], [ 35.368266494002455, 46.352986430001692, 0.983476476158103 ], [ 35.367569326659577, 46.351215336671885, 0.9662764761581 ], [ 35.366378061582509, 46.34818903078849, 1.027576476158174 ], [ 35.366206786002294, 46.347753920001196, 1.024176476158118 ], [ 35.3654657770021, 46.344875496000896, 1.00927647615822 ], [ 35.364543155003048, 46.340036817999135, 0.990876476158064 ], [ 35.364530830209333, 46.340000000000146, 0.990576476158139 ], [ 35.363774241999636, 46.33773983500032, 0.998076476158076 ], [ 35.363224453960356, 46.336612226979923, 0.998376476158228 ], [ 35.361642887000926, 46.333368453997537, 0.999176476158027 ], [ 35.359554671000296, 46.330424621002749, 0.986876476158159 ], [ 35.359086429261879, 46.330000000003565, 0.981776476158075 ], [ 35.356666102001327, 46.327805147004256, 0.999176476158027 ], [ 35.353436320001492, 46.325482908001504, 1.004276476158111 ] ] ] ] } },
{ "type": "Feature", "properties": { "gid": 15, "objectid": 15.0, "shape_leng": 2.6476896616799999, "shape_area": 0.053718407133699998, "z_mean": 0.64910016901199996 }, "geometry": { "type": "MultiPolygon", "coordinates": [ [ [ [ 37.970957879004345, 46.361802476001685, 0.659176476158109 ], [ 37.976932937332094, 46.360000000002401, 0.665376476158144 ], [ 37.985082872344719, 46.357541436171232, 0.673776476158082 ], [ 37.99000000000342, 46.35605810260131, 0.678876476158166 ], [ 37.995371941002304, 46.354437567000787, 0.711276476158218 ], [ 37.997984424355309, 46.356007787822818, 0.679876476158142 ], [ 38.004626539717719, 46.360000000002401, 0.59997647615819 ], [ 38.010000000000218, 46.363229693013636, 0.535376476158035 ], [ 38.018728061004367, 46.368475653001951, 0.517776476158133 ], [ 38.015496445867029, 46.370000000004438, 0.454976476158208 ], [ 38.012668177816522, 46.371334088909862, 0.413376476158192 ], [ 38.010101759004101, 46.372544664001907, 0.37557647615813 ], [ 38.010000000000218, 46.372574909750256, 0.374276476158229 ], [ 37.997301378065458, 46.37634931096909, 0.272976476158192 ], [ 37.99000000000342, 46.378519493719068, 0.229576476158172 ], [ 37.988142935200813, 46.379071467601534, 0.227876476158144 ], [ 37.981149978511894, 46.381149978509711, 0.276976476158097 ], [ 37.977793816000485, 46.38214752800377, 0.300576476158085 ], [ 37.976728634417668, 46.386682158605254, 0.265876476158155 ], [ 37.975323976579602, 46.392661988293185, 0.346776476158084 ], [ 37.974945508998644, 46.394273179001175, 0.350576476158039 ], [ 37.978530257432794, 46.398088376239684, 0.314676476158184 ], [ 37.980642123000507, 46.40033600499919, 0.277376476158224 ], [ 37.98316364700986, 46.400854544128379, 0.251276476158182 ], [ 37.985529657691586, 46.40134110269355, 0.226776476158193 ], [ 37.989814806449431, 46.402222322658417, 0.206476476158059 ], [ 37.99000000000342, 46.402260406806818, 0.205676476158033 ], [ 37.990733269003613, 46.402411200004281, 0.206076476158159 ], [ 38.009819199513004, 46.402169605824383, 0.205376476158108 ], [ 38.010000000000218, 46.402167317208296, 0.204476476158106 ], [ 38.010180419449171, 46.402165033416168, 0.203576476158105 ], [ 38.030000000004293, 46.401914152524114, 0.302376476158088 ], [ 38.0498614381886, 46.401662741785913, 0.401376476158021 ], [ 38.067881707000197, 46.401434636998601, 0.401176476158071 ], [ 38.069843650711846, 46.4009380957541, 0.400776476158171 ], [ 38.069926632468196, 46.400917094202669, 0.401076476158096 ], [ 38.06999999999789, 46.400898525878802, 0.401376476158021 ], [ 38.087657096997646, 46.39642975499919, 0.445476476158092 ], [ 38.090598462315029, 46.39485038442217, 0.451476476158177 ], [ 38.099631651044547, 46.390000000001237, 0.499976476158054 ], [ 38.104631088704991, 46.387315544352532, 0.526876476158122 ], [ 38.109999999998763, 46.384432699269382, 0.555676476158169 ], [ 38.118255306299034, 46.380000000001019, 0.558676476158098 ], [ 38.122894727002858, 46.377508855999622, 0.560476476158101 ], [ 38.123736950872626, 46.376868475434094, 0.562676476158231 ], [ 38.130000000002838, 46.372106398432152, 0.657876476158208 ], [ 38.138090801910948, 46.365954599050383, 0.699976476158099 ], [ 38.145922247369526, 46.360000000002401, 0.720376476158208 ], [ 38.149999999999636, 46.356899501879525, 0.730976476158048 ], [ 38.159074174804118, 46.350000000002183, 0.754676476158238 ], [ 38.163408633503423, 46.346704316752948, 0.765876476158155 ], [ 38.170000000003711, 46.341692605325079, 0.783076476158158 ], [ 38.172226102244167, 46.340000000000146, 0.777776476158124 ], [ 38.179277306551739, 46.33463865327758, 0.707276476158086 ], [ 38.185378029678759, 46.330000000003565, 0.723076476158212 ], [ 38.187211643078626, 46.328605821536257, 0.727876476158144 ], [ 38.190000000000509, 46.326485708772452, 0.735176476158131 ], [ 38.198529957118808, 46.320000000001528, 0.757376476158242 ], [ 38.209999999999127, 46.311278812225282, 0.699976476158099 ], [ 38.2116818845534, 46.31000000000131, 0.683176476158224 ], [ 38.214911993960413, 46.307544003022485, 0.67547647615811 ], [ 38.217295768999975, 46.305731511998601, 0.669776476158177 ], [ 38.228838954459206, 46.299999999999272, 0.611576476158234 ], [ 38.229421499972887, 46.299710749988662, 0.605776476158098 ], [ 38.230000000001382, 46.299423508662585, 0.59997647615819 ], [ 38.239456343375423, 46.294728171689712, 0.505476476158037 ], [ 38.248978815394366, 46.290000000002692, 0.505076476158138 ], [ 38.25, 46.289492953495937, 0.499976476158054 ], [ 38.252452018998156, 46.288275458000498, 0.475476476158065 ], [ 38.263470063988279, 46.280000000000655, 0.365276476158215 ], [ 38.266079778903077, 46.278039889455613, 0.339176476158173 ], [ 38.270000000002256, 46.275095480979871, 0.349076476158189 ], [ 38.271250847003103, 46.274155992001397, 0.380076476158138 ], [ 38.271674179026377, 46.273196159963845, 0.396976476158216 ], [ 38.274024771468248, 46.26786659877871, 0.294476476158025 ], [ 38.274956787441624, 46.265753413996208, 0.299976476158236 ], [ 38.275640662233855, 46.264202846368789, 0.299476476158134 ], [ 38.279470248000507, 46.2555199239996, 0.327276476158204 ], [ 38.285329623000507, 46.232123113999478, 0.394576476158136 ], [ 38.300059441002304, 46.218654690001131, 0.452876476158053 ], [ 38.309173172756346, 46.214981754994369, 0.47757647615822 ], [ 38.330698536698037, 46.206306794516422, 0.371276476158073 ], [ 38.393621582326887, 46.180948109036763, 0.564776476158158 ], [ 38.309608103809296, 46.102307585539165, 0.598976476158214 ], [ 38.271983269001794, 46.135687567000787, 0.435876476158228 ], [ 38.253074083566389, 46.140464624451852, 0.385176476158222 ], [ 38.248789909999687, 46.141546942002606, 0.403876476158075 ], [ 38.227549675004411, 46.138169664003726, 0.463376476158146 ], [ 38.219138448734157, 46.135517931641516, 0.48187647615805 ], [ 38.213851006999903, 46.133851007001795, 0.499976476158054 ], [ 38.209999999999127, 46.132636934336915, 0.526376476158021 ], [ 38.207286004002526, 46.131781317000787, 0.53137647615813 ], [ 38.206654517485731, 46.131672741259536, 0.533476476158057 ], [ 38.196925700201973, 46.130000000002838, 0.630776476158189 ], [ 38.190000000000509, 46.128809217594608, 0.68807647615813 ], [ 38.186696811000729, 46.128241278000132, 0.698976476158123 ], [ 38.179395565552113, 46.125302217225908, 0.706076476158159 ], [ 38.170000000003711, 46.121520103841249, 0.799976476158236 ], [ 38.167491082000197, 46.120510157999888, 0.812576476158029 ], [ 38.167343404673375, 46.1200000000008, 0.81327647615808 ], [ 38.16689382696859, 46.118446913484149, 0.799976476158236 ], [ 38.1644486676214, 46.110000000002401, 0.799976476158236 ], [ 38.163509211293785, 46.106754605647438, 0.799976476158236 ], [ 38.162119988002814, 46.10195547100011, 0.758976476158068 ], [ 38.1621503348033, 46.100000000000364, 0.739276476158238 ], [ 38.162210774988125, 46.096105387496209, 0.699976476158099 ], [ 38.162305524016119, 46.090000000001965, 0.638476476158075 ], [ 38.162364769292253, 46.086182384646236, 0.561776476158229 ], [ 38.162460713234395, 46.08, 0.499976476158054 ], [ 38.162518763589105, 46.076259381796262, 0.462576476158119 ], [ 38.162615902447214, 46.069999999999709, 0.399976476158145 ], [ 38.162672757893233, 46.066336378946289, 0.363376476158237 ], [ 38.16272874448623, 46.062728744487686, 0.327276476158204 ], [ 38.162739839293863, 46.062013823222514, 0.406076476158205 ], [ 38.162771029999931, 46.060003973001585, 0.411376476158239 ], [ 38.156260613000995, 46.047756252002728, 0.429976476158117 ], [ 38.147146030003569, 46.040472722999766, 0.430476476158219 ], [ 38.138926629000707, 46.030096746999334, 0.440776476158135 ], [ 38.131195509000463, 45.990057684000931, 0.529176476158227 ], [ 38.121104363002814, 45.971340236001197, 0.557476476158172 ], [ 38.108653191004123, 45.956610419001663, 0.570476476158092 ], [ 38.097504102001039, 45.950751043999844, 0.563176476158105 ], [ 38.096527539999443, 45.940252997001153, 0.588476476158121 ], [ 38.073985222003103, 45.881822007000665, 0.694676476158065 ], [ 38.073601892852821, 45.881394795051165, 0.695076476158192 ], [ 38.010681836369258, 45.822498695668401, 0.720676476158133 ], [ 38.001231316002304, 45.832586981001441, 0.67527647615816 ], [ 38.015310092001528, 45.857611395000276, 0.638676476158025 ], [ 38.054698113000995, 45.889227605999622, 0.636376476158148 ], [ 38.073008660001506, 45.908758855999622, 0.622676476158176 ], [ 38.080821160003325, 45.92963287999919, 0.584276476158038 ], [ 38.080332878998888, 45.94635651200042, 0.539776476158067 ], [ 38.077972851997401, 45.952093817000787, 0.520076476158238 ], [ 38.063487175002592, 45.950751043999844, 0.494176476158145 ], [ 38.061838186013119, 45.951022004612241, 0.49017647615824 ], [ 38.06050040622722, 45.951241827562626, 0.307976476158046 ], [ 38.059489287448741, 45.951407973827372, 0.280776476158053 ], [ 38.046153191002304, 45.953599350999866, 0.382476476158217 ], [ 38.045286653332369, 45.95510352958263, 0.396376476158139 ], [ 38.043694000769392, 45.957868133997181, 0.554376476158041 ], [ 38.041840039999443, 45.961086330000398, 0.623976476158077 ], [ 38.041857095715386, 45.96116832862208, 0.624876476158079 ], [ 38.046071811000729, 45.981431382000665, 0.63857647615805 ], [ 38.046502434910508, 45.982328515134213, 0.637876476158226 ], [ 38.051442905003569, 45.992621161001807, 0.571276476158118 ], [ 38.057122600590446, 45.998378508751557, 0.533976476158159 ], [ 38.072276238002814, 46.013739325002462, 0.476376476158066 ], [ 38.073050288314334, 46.018936520900752, 0.484776476158231 ], [ 38.073985222003103, 46.02521393400275, 0.458976476158114 ], [ 38.066254102002858, 46.032538153000132, 0.455276476158133 ], [ 38.054860873002326, 46.032660223001585, 0.488976476158086 ], [ 38.032481316000485, 46.02521393400275, 0.583476476158239 ], [ 38.039805535003325, 46.033880927001519, 0.529676476158102 ], [ 38.047048373002326, 46.038560289003726, 0.490776476158089 ], [ 38.079493205368635, 46.049999999999272, 0.351476476158041 ], [ 38.087901237999176, 46.052964585000154, 0.361876476158159 ], [ 38.093940663968169, 46.056009889338384, 0.380276476158087 ], [ 38.097504102001039, 46.057806708002317, 0.362476476158236 ], [ 38.094046988455375, 46.058988252887502, 0.379776476158213 ], [ 38.091086690714292, 46.059999999999491, 0.394576476158136 ], [ 38.091075066000485, 46.060003973001585, 0.394676476158111 ], [ 38.091013928507891, 46.059999999999491, 0.394976476158035 ], [ 38.090209184236301, 46.059947703939542, 0.398976476158168 ], [ 38.075894995419731, 46.059017500765549, 0.470476476158183 ], [ 38.062619077109048, 46.058154769276371, 0.499976476158054 ], [ 38.043873140679352, 46.056936570339531, 0.569376476158141 ], [ 38.037852410003325, 46.056545314999312, 0.591676476158227 ], [ 38.030000000004293, 46.054579791820288, 0.591576476158025 ], [ 38.011703394038705, 46.049999999999272, 0.59147647615805 ], [ 38.008292399908896, 46.04914619995543, 0.608576476158078 ], [ 37.99000000000342, 46.044567460943654, 0.791376476158121 ], [ 37.971853061004367, 46.040025132002484, 0.972676476158085 ], [ 37.971812559011596, 46.040000000002692, 0.97277647615806 ], [ 37.969999999999345, 46.038875284119058, 0.988776476158137 ], [ 37.968721167000695, 46.038081752001744, 0.999976476158054 ], [ 37.968711359004374, 46.038250118999713, 1.001876476158031 ], [ 37.969742743001916, 46.039437753999664, 0.998276476158026 ], [ 37.969999999999345, 46.039652583329371, 0.996476476158023 ], [ 37.970416029655098, 46.040000000002692, 0.993776476158246 ], [ 37.971036827289936, 46.040518413645259, 0.994776476158222 ], [ 37.97224259000177, 46.041525318001732, 0.992876476158244 ], [ 37.978838192002513, 46.046242276999692, 0.974076476158189 ], [ 37.984590663725612, 46.049999999999272, 0.954076476158207 ], [ 37.98551713100278, 46.050605202000952, 0.956976476158161 ], [ 37.99000000000342, 46.053340596392445, 0.966776476158202 ], [ 37.993405384002472, 46.055418522000764, 0.957276476158086 ], [ 37.99610965651118, 46.056945171749248, 0.947276476158095 ], [ 38.001520909541796, 46.059999999999491, 0.927176476158138 ], [ 38.002251406003779, 46.060412389002522, 0.924476476158134 ], [ 38.010000000000218, 46.064444014273249, 0.888876476158202 ], [ 38.010083147002661, 46.064487276000364, 0.889376476158077 ], [ 38.021633052665493, 46.069999999999709, 0.941876476158086 ], [ 38.026419908001117, 46.072284747000595, 0.963576476158096 ], [ 38.030000000004293, 46.073887981827284, 0.977776476158169 ], [ 38.036448504703003, 46.076775747647844, 0.971076476158032 ], [ 38.039470460002121, 46.078129038003681, 0.967876476158153 ], [ 38.043907112018132, 46.08, 0.960976476158066 ], [ 38.050000000001091, 46.082569406351467, 0.951376476158202 ], [ 38.051451115001328, 46.083181350000814, 0.956376476158084 ], [ 38.068584173688578, 46.090000000001965, 1.00707647615809 ], [ 38.06999999999789, 46.090563473473594, 1.005676476158214 ], [ 38.07069351499922, 46.090839480002614, 1.004976476158163 ], [ 38.078906469922003, 46.094453234964021, 0.999976476158054 ], [ 38.084153544999936, 46.096761983000761, 0.99687647615815 ], [ 38.090000000001965, 46.099589299612489, 0.995876476158173 ], [ 38.090849265110592, 46.100000000000364, 0.995776476158198 ], [ 38.095573807000619, 46.102284765000149, 0.994976476158172 ], [ 38.100326670311915, 46.104836664848335, 0.996776476158175 ], [ 38.109558453003046, 46.109793379000621, 1.000176476158231 ], [ 38.109904845980054, 46.110000000002401, 1.000476476158155 ], [ 38.109948236142372, 46.110025881931506, 1.000476476158155 ], [ 38.109999999998763, 46.110056758714563, 1.00057647615813 ], [ 38.115416808002919, 46.11328784699981, 1.005776476158189 ], [ 38.120976767002503, 46.116897103001975, 1.014076476158152 ], [ 38.125274836447716, 46.1200000000008, 1.023576476158041 ], [ 38.126164637000329, 46.120642371999566, 1.019176476158236 ], [ 38.130000000002838, 46.123824864367634, 0.999976476158054 ], [ 38.134643741042964, 46.127678129480046, 0.976776476158193 ], [ 38.137441930404748, 46.130000000002838, 0.999976476158054 ], [ 38.138622373002363, 46.130979502999253, 1.009776476158095 ], [ 38.141760816628448, 46.134119591684794, 1.041176476158171 ], [ 38.144147378001435, 46.136507404002259, 1.029276476158202 ], [ 38.146718594249251, 46.139999999999418, 1.01637647615803 ], [ 38.147601478653087, 46.141199260675421, 1.011976476158225 ], [ 38.148821689002943, 46.1428567260009, 1.005876476158164 ], [ 38.149999999999636, 46.144828492724628, 0.999976476158054 ], [ 38.153090448693547, 46.149999999999636, 0.984576476158054 ], [ 38.154407344440187, 46.152203672218093, 0.977976476158119 ], [ 38.157239264002783, 46.156942560999596, 0.963776476158046 ], [ 38.159197325072455, 46.159999999999854, 0.953976476158232 ], [ 38.163529708344868, 46.166764854171561, 0.999976476158054 ], [ 38.164078349000192, 46.167621536002116, 1.005776476158189 ], [ 38.165506025165087, 46.17, 1.02247647615809 ], [ 38.167403419001857, 46.173160999000174, 1.012976476158201 ], [ 38.170000000003711, 46.178197489978629, 0.999976476158054 ], [ 38.170738835789962, 46.179630582106256, 0.996276476158073 ], [ 38.170929290514323, 46.180000000000291, 0.995376476158071 ], [ 38.1712520364581, 46.180626018229304, 0.993776476158246 ], [ 38.171442736000245, 46.180995910999627, 0.992776476158042 ], [ 38.175672422126809, 46.190000000000509, 0.971676476158109 ], [ 38.177413727733438, 46.193706863869011, 0.962976476158019 ], [ 38.180369939138473, 46.200000000002547, 0.996276476158073 ], [ 38.180757745003575, 46.200825555000847, 1.000676476158105 ], [ 38.18318938577977, 46.206594692890576, 1.034076476158134 ], [ 38.183284955999625, 46.20682143600061, 1.033576476158032 ], [ 38.184411660444312, 46.210000000000946, 1.027976476158074 ], [ 38.185252995017436, 46.212373502490664, 1.023776476158218 ], [ 38.185465911998108, 46.212974165999185, 1.02267647615804 ], [ 38.186722089003524, 46.217441131999294, 1.01637647615803 ], [ 38.187299184586664, 46.220000000002983, 1.013476476158075 ], [ 38.187748742002441, 46.221993358001782, 1.011276476158173 ], [ 38.188919730479029, 46.229459865240642, 1.005376476158062 ], [ 38.189004440986537, 46.229999999999563, 1.004976476158163 ], [ 38.189205767999738, 46.231283709999843, 1.003976476158186 ], [ 38.189913155687464, 46.239956577846897, 1.000476476158155 ], [ 38.189916697338049, 46.24000000000342, 1.000376476158181 ], [ 38.189975031000358, 46.240715194999211, 1.000076476158029 ], [ 38.190000000000509, 46.242306579344586, 0.999976476158054 ], [ 38.190120710640258, 46.25, 0.999376476158204 ], [ 38.190121665107654, 46.250060832555391, 0.999376476158204 ], [ 38.19012332100101, 46.250166370000443, 0.999376476158204 ], [ 38.190000000000509, 46.252593631697891, 0.999976476158054 ], [ 38.189648389003196, 46.259514204004518, 1.001776476158057 ], [ 38.189610953219017, 46.259805476607653, 1.001976476158234 ], [ 38.189585952111884, 46.260000000000218, 1.002076476158209 ], [ 38.189557517072899, 46.260221241467661, 1.002176476158184 ], [ 38.188477618998149, 46.268623488003868, 1.007576476158192 ], [ 38.188200429251083, 46.270000000000437, 1.008976476158068 ], [ 38.187588192004114, 46.273040343003231, 1.0120764761582 ], [ 38.18646296100269, 46.277335594999386, 1.017676476158158 ], [ 38.186205402138512, 46.278102701067837, 1.018976476158059 ], [ 38.185568376593437, 46.280000000000655, 1.022176476158165 ], [ 38.185070195002481, 46.281483770002524, 1.02467647615822 ], [ 38.183372167004563, 46.285456363000776, 1.033176476158133 ], [ 38.182847112233503, 46.286423556119189, 1.035776476158162 ], [ 38.181085863998305, 46.28966791700077, 1.044576476158227 ], [ 38.18086822535588, 46.290000000002692, 1.045676476158178 ], [ 38.178460188997633, 46.293674292002834, 1.020976476158239 ], [ 38.178157858996201, 46.294078929497118, 1.01837647615821 ], [ 38.175583473997904, 46.297524478002742, 0.99687647615815 ], [ 38.173565612816674, 46.299999999999272, 0.982176476158202 ], [ 38.172536278003463, 46.301262793003843, 0.987276476158058 ], [ 38.170000000003711, 46.304072331889984, 0.999976476158054 ], [ 38.166728855003385, 46.307695913003045, 1.01637647615803 ], [ 38.166265466275945, 46.308132733136517, 1.018676476158134 ], [ 38.164284627118832, 46.31000000000131, 1.02857647615815 ], [ 38.163157992001288, 46.311062038997989, 1.023576476158041 ], [ 38.159363026999927, 46.314259851002134, 1.010576476158121 ], [ 38.15902328708944, 46.314511643544392, 1.009776476158095 ], [ 38.151617929763233, 46.320000000001528, 0.991876476158041 ], [ 38.151296074000129, 46.320238538002741, 0.991176476158216 ], [ 38.15093879608321, 46.320469398040586, 0.990576476158139 ], [ 38.149999999999636, 46.32107601405005, 0.989276476158238 ], [ 38.140030015001685, 46.327518257003248, 0.974676476158038 ], [ 38.135873854744204, 46.330000000003565, 0.970676476158133 ], [ 38.134362857002998, 46.330902252999294, 0.978176476158069 ], [ 38.133140096038915, 46.331570048021604, 0.984276476158129 ], [ 38.130000000002838, 46.333284970693057, 0.999976476158054 ], [ 38.126723600000332, 46.335074333999728, 1.01637647615803 ], [ 38.123215276416886, 46.33660763820626, 1.033876476158184 ], [ 38.121351665002294, 46.337422124997829, 1.025776476158171 ], [ 38.115739660002873, 46.339461768004185, 1.005376476158062 ], [ 38.114039353580665, 46.340000000000146, 0.999976476158054 ], [ 38.111565926608819, 46.340782963306992, 0.992176476158193 ], [ 38.109999999998763, 46.341278657371731, 0.987176476158083 ], [ 38.109945877004066, 46.341295790003642, 0.987276476158058 ], [ 38.099931719003507, 46.344049060999168, 1.00987647615807 ], [ 38.098671595605992, 46.344335797804888, 1.013276476158126 ], [ 38.094800212003975, 46.345216718002121, 1.023876476158193 ], [ 38.090000000001965, 46.346111475184443, 1.038876476158066 ], [ 38.089587913002106, 46.346188288000121, 1.038076476158039 ], [ 38.083915480736323, 46.346957740368453, 1.030376476158153 ], [ 38.083269456999915, 46.347045372000139, 1.029576476158127 ], [ 38.076860425002451, 46.347602134001136, 1.023976476158168 ], [ 38.070383550004408, 46.347896694001975, 1.021076476158214 ], [ 38.06999999999789, 46.347897054709392, 1.021076476158214 ], [ 38.065802005376099, 46.347901002689468, 1.020976476158239 ], [ 38.060582858999624, 46.347905911003181, 1.020976476158239 ], [ 38.050728232999973, 46.347444069004268, 1.025576476158221 ], [ 38.050000000001091, 46.347383389134848, 1.026176476158071 ], [ 38.043948091002676, 46.346879115000775, 1.03117647615818 ], [ 38.043707320774047, 46.346853660390479, 1.031476476158105 ], [ 38.030000000004293, 46.345404500487348, 0.991876476158041 ], [ 38.023622330001672, 46.344730243001322, 0.973476476158112 ], [ 38.018564971273008, 46.344282485631993, 0.957176476158111 ], [ 38.01686137100296, 46.344131656000172, 0.951676476158127 ], [ 38.010112674000993, 46.343734974001563, 0.925876476158237 ], [ 38.010000000000218, 46.34373432135726, 0.92527647615816 ], [ 38.000327876001393, 46.343678297000224, 0.926476476158086 ], [ 37.997713671011297, 46.343856835504994, 0.922876476158081 ], [ 37.990628983003262, 46.344340687997828, 0.913176476158242 ], [ 37.99000000000342, 46.344429601338561, 0.911376476158239 ], [ 37.98404375499922, 46.345271578999018, 0.924376476158159 ], [ 37.981553271776647, 46.345776635891525, 0.926676476158036 ], [ 37.977541747000942, 46.346590151997589, 0.930476476158219 ], [ 37.971140920002654, 46.348293119002847, 0.928476476158039 ], [ 37.969999999999345, 46.348665589222946, 0.926676476158036 ], [ 37.968385399137333, 46.349192699572086, 0.932276476158222 ], [ 37.966021924003144, 46.349964291001015, 0.94047647615821 ], [ 37.965927757717509, 46.350000000002183, 0.94067647615816 ], [ 37.960985561003326, 46.351874141000735, 0.952676476158103 ], [ 37.956034882003223, 46.354005009001412, 0.95957647615819 ], [ 37.951175759000762, 46.356345891999808, 0.961276476158218 ], [ 37.950000000002547, 46.356975080248958, 0.960476476158192 ], [ 37.947077749677192, 46.358538874841543, 0.958476476158239 ], [ 37.946417135004594, 46.358892392003327, 0.957976476158137 ], [ 37.944548930210658, 46.360000000002401, 0.954476476158106 ], [ 37.941771344998415, 46.361646755000038, 0.949376476158022 ], [ 37.938110183025856, 46.364055091517002, 0.937776476158206 ], [ 37.937254449001557, 46.364617999002803, 0.944976476158217 ], [ 37.930247700003747, 46.36985489899962, 0.997776476158151 ], [ 37.930076224969525, 46.370000000004438, 0.998876476158102 ], [ 37.930047913667295, 46.370023956835212, 0.999076476158052 ], [ 37.929999999998472, 46.370064501050365, 0.999376476158204 ], [ 37.922970748002626, 46.376012606002405, 1.010176476158222 ], [ 37.922647058878283, 46.376323529439105, 1.010276476158197 ], [ 37.918819642187373, 46.380000000001019, 1.011776476158047 ], [ 37.915800378737913, 46.382900189371867, 1.012976476158201 ], [ 37.915152830000807, 46.383522199999788, 1.013276476158126 ], [ 37.910000000001673, 46.388945913269708, 1.010576476158121 ], [ 37.909321069671932, 46.389660534834547, 1.010176476158222 ], [ 37.908998558834355, 46.390000000001237, 1.009976476158045 ], [ 37.908092391726314, 46.390953804140736, 1.009576476158145 ], [ 37.90705030800018, 46.392050669999662, 1.008976476158068 ], [ 37.900985987003878, 46.398861616000431, 1.001476476158132 ], [ 37.900039494219527, 46.400000000003274, 0.999576476158154 ], [ 37.897091452014138, 46.403545726008815, 0.993676476158043 ], [ 37.89172513997255, 46.409999999999854, 0.982776476158051 ], [ 37.891322020997904, 46.410484847001499, 0.977076476158118 ], [ 37.889999999997599, 46.412212762528725, 0.955776476158235 ], [ 37.884369467999932, 46.419572013002835, 0.892976476158083 ], [ 37.884070111098481, 46.420000000001892, 0.888976476158177 ], [ 37.88042441539983, 46.425212207701406, 0.943676476158089 ], [ 37.879096968999875, 46.427110042001004, 0.937976476158155 ], [ 37.877317568774743, 46.43000000000211, 0.926776476158238 ], [ 37.874896308003372, 46.433932416004609, 0.95107647615805 ], [ 37.873558908999257, 46.43640139600393, 0.964376476158122 ], [ 37.872483481032759, 46.438758259486349, 0.97517647615814 ], [ 37.870859714999824, 46.442316837999897, 0.991376476158166 ], [ 37.870095882004534, 46.444678546002251, 0.999076476158052 ], [ 37.8700000000008, 46.445164001192097, 0.999976476158054 ], [ 37.869760122002845, 46.446378515000106, 1.002376476158133 ], [ 37.8700000000008, 46.447466809002435, 0.999976476158054 ], [ 37.8700000000008, 46.447466809002435, 0.999976476158054 ], [ 37.883836344868541, 46.433081827568458, 0.861676476158209 ], [ 37.886800632948507, 46.43000000000211, 0.831976476158161 ], [ 37.887839623377658, 46.428919811687592, 0.832376476158061 ], [ 37.889999999997599, 46.426673772150025, 0.799976476158236 ], [ 37.902366810641979, 46.41381659468243, 0.799976476158236 ], [ 37.905039909999687, 46.411037502004547, 0.82887647615803 ], [ 37.906428962274731, 46.409999999999854, 0.835676476158142 ], [ 37.90786091305381, 46.408930456525923, 0.832076476158136 ], [ 37.910000000001673, 46.407332743443476, 0.826676476158127 ], [ 37.920538916012447, 46.399461083989081, 0.799976476158236 ], [ 37.932620976014732, 46.390436829335158, 0.773776476158218 ], [ 37.939697611356678, 46.385151194323043, 0.702976476158028 ], [ 37.946594251723582, 46.380000000001019, 0.651076476158096 ], [ 37.947959923063536, 46.378979961533332, 0.64077647615818 ], [ 37.950000000002547, 46.377456200374581, 0.625476476158155 ], [ 37.959982681535621, 46.370000000004438, 0.60017647615814 ], [ 37.963999527066335, 46.366999763538843, 0.619976476158172 ], [ 37.969999999999345, 46.362517928837406, 0.64967647615822 ], [ 37.970957879004345, 46.361802476001685, 0.659176476158109 ] ] ] ] } },
{ "type": "Feature", "properties": { "gid": 18, "objectid": 18.0, "shape_leng": 1.32998299516, "shape_area": 0.0131618802357, "z_mean": 0.93817435870499999 }, "geometry": { "type": "MultiPolygon", "coordinates": [ [ [ [ 36.062022332000197, 46.670111394998457, 0.91267647615814 ], [ 36.065867464621988, 46.669716080801663, 0.912176476158038 ], [ 36.071151933019792, 46.669172789950608, 0.88467647615812 ], [ 36.08141306878133, 46.668117852967043, 0.972976476158237 ], [ 36.092109179717227, 46.667018196621939, 1.064876476158133 ], [ 36.103268523009319, 46.665870915829146, 0.980476476158174 ], [ 36.114921857542868, 46.664672848290138, 0.984376476158104 ], [ 36.134450717001528, 46.66266510600326, 0.839976476158199 ], [ 36.165625074248965, 46.667633944482077, 0.799976476158236 ], [ 36.171722852001039, 46.668605860999378, 0.807776476158097 ], [ 36.189010228434199, 46.669002360406012, 0.884976476158045 ], [ 36.189463738000995, 46.669012762002239, 0.886976476158225 ], [ 36.196875089344758, 46.666718772337845, 0.97757647615822 ], [ 36.198012945958908, 46.666366578629095, 0.999976476158054 ], [ 36.205811259633265, 46.663952814911681, 0.907876476158208 ], [ 36.206637220962875, 46.663697160216543, 0.918476476158048 ], [ 36.209971550000773, 46.66266510600326, 0.873476476158203 ], [ 36.213124383430113, 46.66078109585942, 0.805876476158119 ], [ 36.213576500105773, 46.660510928590156, 0.810176476158176 ], [ 36.216644727001039, 46.658677476001685, 0.808876476158048 ], [ 36.2217643173135, 46.654117841344487, 0.799976476158236 ], [ 36.221853061002548, 46.654038804002994, 0.800376476158135 ], [ 36.224840669377954, 46.650000000003274, 0.825776476158126 ], [ 36.226233688623324, 46.648116844313336, 0.85647647615815 ], [ 36.229999999999563, 46.643025349190793, 0.869776476158222 ], [ 36.230642123000507, 46.642157293999844, 0.871976476158125 ], [ 36.232920768999975, 46.640692450002462, 0.863876476158111 ], [ 36.234389602248484, 46.640000000003056, 0.856076476158023 ], [ 36.242424365556872, 46.636212182780582, 0.813676476158207 ], [ 36.244313998000507, 46.635321355999622, 0.78527647615806 ], [ 36.244476759000463, 46.6305199239996, 0.782876476158208 ], [ 36.244384620573328, 46.630000000001019, 0.784276476158084 ], [ 36.243838680911722, 46.626919340460518, 0.792376476158097 ], [ 36.243337436002548, 46.624090887002239, 0.799976476158236 ], [ 36.242068464951444, 46.622068464952463, 0.818976476158241 ], [ 36.240733269001794, 46.619940496999334, 0.838976476158223 ], [ 36.241894814385887, 46.617842221579849, 0.821576476158043 ], [ 36.245778841999709, 46.610825914001907, 0.875676476158105 ], [ 36.24675540500175, 46.612738347999766, 0.857076476158227 ], [ 36.24789472699922, 46.619045314999312, 0.799776476158058 ], [ 36.253748513716346, 46.62062871571834, 0.774976476158145 ], [ 36.257823112999176, 46.621730860999378, 0.814176476158082 ], [ 36.262710121294731, 46.623644939356382, 0.85887647615823 ], [ 36.267588738000995, 46.625555730999622, 0.876376476158157 ], [ 36.271169466999709, 46.622219143000621, 0.936576476158052 ], [ 36.271108513188665, 46.619445743406686, 0.963876476158021 ], [ 36.270882616003291, 46.609167417002027, 0.999976476158054 ], [ 36.270581724000294, 46.607794293000552, 1.001976476158234 ], [ 36.269153491002726, 46.603830425003252, 1.001676476158082 ], [ 36.266700610000044, 46.597928872999546, 0.997676476158176 ], [ 36.264591217972338, 46.593521955070173, 0.991776476158066 ], [ 36.2627370350001, 46.589648216999194, 1.029176476158227 ], [ 36.260174605344218, 46.584912697329855, 1.075476476158201 ], [ 36.258986119999463, 46.582716307002556, 1.051576476158061 ], [ 36.254635568000595, 46.575302213999748, 0.968776476158155 ], [ 36.251942292443346, 46.57097114622411, 0.91937647615805 ], [ 36.251338384927294, 46.570000000003347, 0.926776476158238 ], [ 36.25, 46.567847737560442, 0.94307647615824 ], [ 36.249827083000127, 46.567569668999568, 0.945176476158167 ], [ 36.242297051110654, 46.556148525556637, 1.022976476158192 ], [ 36.238243289441016, 46.549999999999272, 1.064876476158133 ], [ 36.235339448003288, 46.545595611003591, 1.050876476158237 ], [ 36.232231385032719, 46.541115692514722, 1.033476476158057 ], [ 36.231457343585134, 46.540000000002692, 1.029176476158227 ], [ 36.229999999999563, 46.537899405346252, 1.020976476158239 ], [ 36.227266034002241, 46.533958705000259, 1.005776476158189 ], [ 36.224340803413725, 46.530000000002474, 0.986776476158184 ], [ 36.223389440001483, 46.528712523002469, 0.993576476158069 ], [ 36.220310060662086, 46.524844969668266, 1.00927647615822 ], [ 36.218713962001857, 46.522840346004159, 1.017476476158208 ], [ 36.216289441692425, 46.520000000000437, 1.025776476158171 ], [ 36.214100154002153, 46.517435231000491, 1.007676476158167 ], [ 36.209999999999127, 46.512988168333322, 0.970076476158056 ], [ 36.207244934183109, 46.510000000003856, 0.944876476158242 ], [ 36.206531239002288, 46.50922592000461, 0.946076476158169 ], [ 36.201352583006155, 46.504323708497395, 0.940576476158185 ], [ 36.199739486999533, 46.502796721999403, 0.938876476158157 ], [ 36.196301961061181, 46.500000000001819, 0.926076476158187 ], [ 36.193903198274711, 46.498048400866537, 0.936576476158052 ], [ 36.192206147999968, 46.496667704999709, 0.921776476158129 ], [ 36.190000000002328, 46.495149558457342, 0.896976476158216 ], [ 36.184854774999621, 46.491608904998429, 0.890676476158205 ], [ 36.182090198863079, 46.490000000001601, 0.881376476158039 ], [ 36.180170113999338, 46.488882565001404, 0.886076476158223 ], [ 36.176222962012616, 46.486888518997148, 0.886676476158073 ], [ 36.175354379001874, 46.486449722999168, 0.895576476158112 ], [ 36.170820472001651, 46.484466453001005, 0.929576476158218 ], [ 36.170000000001892, 46.484154414332806, 0.933776476158073 ], [ 36.166223071999411, 46.482717987997603, 0.95347647615813 ], [ 36.161589068000467, 46.481191768001736, 0.968176476158078 ], [ 36.157363234327931, 46.479999999999563, 0.973676476158062 ], [ 36.156944845002727, 46.479882006002299, 0.971776476158084 ], [ 36.151924394001981, 46.478713842001525, 0.944976476158217 ], [ 36.150000000001455, 46.478380409760575, 0.932376476158197 ], [ 36.146943714000372, 46.477850859002501, 0.92767647615824 ], [ 36.140913985000225, 46.47728349800127, 0.908876476158184 ], [ 36.135400490051325, 46.477299754977139, 0.880976476158139 ], [ 36.135228533001282, 46.477300262004064, 0.880976476158139 ], [ 36.130000000001019, 46.47786337063917, 0.864076476158061 ], [ 36.12979250200442, 46.477885718000834, 0.865476476158165 ], [ 36.127090818252327, 46.478545409127037, 0.872776476158151 ], [ 36.123426853002456, 46.479440068002077, 0.855276476158224 ], [ 36.122024307580432, 46.479999999999563, 0.839876476158224 ], [ 36.119323951999831, 46.481078051001532, 0.821076476158169 ], [ 36.116002572454818, 46.483001286227591, 0.779976476158026 ], [ 36.115719361001538, 46.483165278999877, 0.779476476158152 ], [ 36.113327435001338, 46.48512167300396, 0.764276476158102 ], [ 36.11152433999996, 46.48712535300001, 0.742276476158167 ], [ 36.110000000000582, 46.489936937214225, 0.701276476158228 ], [ 36.109965809624555, 46.490000000001601, 0.700876476158101 ], [ 36.109953094341108, 46.490023452830428, 0.700976476158075 ], [ 36.109058620000724, 46.491673275004359, 0.71887647615813 ], [ 36.108300092002537, 46.496453646002919, 0.733976476158205 ], [ 36.10840188399925, 46.497989270001199, 0.731976476158025 ], [ 36.108917516958172, 46.500000000001819, 0.721676476158109 ], [ 36.109040539331545, 46.500479730339066, 0.728776476158146 ], [ 36.109531985999638, 46.502396145002422, 0.75727647615804 ], [ 36.110000000000582, 46.503341432198795, 0.766876476158131 ], [ 36.111733612000535, 46.506842954004242, 0.810876476158228 ], [ 36.113879013393671, 46.510000000003856, 0.841776476158202 ], [ 36.114297190000798, 46.51061536400266, 0.853976476158095 ], [ 36.116466557628883, 46.513233278818007, 0.899976476158145 ], [ 36.118168671002422, 46.515287328002159, 0.936076476158178 ], [ 36.122729442373384, 46.520000000000437, 1.009076476158043 ], [ 36.126457741002014, 46.523852472999351, 0.991676476158091 ], [ 36.130000000001019, 46.527112169334941, 0.971076476158032 ], [ 36.133138158624206, 46.530000000002474, 0.952976476158028 ], [ 36.134116475001065, 46.53090027700091, 0.956276476158109 ], [ 36.139390760648894, 46.535304619679664, 0.965276476158124 ], [ 36.141228788001172, 46.536839481999777, 0.943776476158064 ], [ 36.145434974490854, 46.540000000002692, 0.891276476158055 ], [ 36.150000000001455, 46.543430148743937, 0.902876476158099 ], [ 36.150856181000563, 46.544073481003579, 0.909376476158059 ], [ 36.157082951001939, 46.548388054998213, 0.945376476158117 ], [ 36.15950725600851, 46.549999999999272, 0.957376476158061 ], [ 36.164177099000881, 46.553105025997866, 0.949476476158225 ], [ 36.170000000001892, 46.55679873023837, 0.935976476158203 ], [ 36.175046607879267, 46.56000000000131, 0.9495764761582 ], [ 36.189403319000121, 46.569107048999285, 1.079176476158182 ], [ 36.190000000002328, 46.56952906042352, 1.085876476158091 ], [ 36.192272164706083, 46.571136082355224, 1.088676476158071 ], [ 36.195882152000195, 46.5736892990044, 1.07807647615823 ], [ 36.20198659199923, 46.578509328001019, 1.065276476158033 ], [ 36.203634049104949, 46.580000000003565, 1.063676476158207 ], [ 36.205899782889901, 46.582050108558178, 1.061476476158077 ], [ 36.207603725002627, 46.583591889999298, 1.083776476158164 ], [ 36.209999999999127, 46.586210095769275, 1.124176476158027 ], [ 36.213409659001627, 46.589935539999715, 1.130476476158037 ], [ 36.215344263349834, 46.59267213167368, 1.146576476158089 ], [ 36.218145790002382, 46.596635027002776, 1.118576476158069 ], [ 36.219767761000185, 46.600000000002183, 1.102276476158067 ], [ 36.221527993000564, 46.603651812001772, 1.084676476158165 ], [ 36.222258251069434, 46.606129125535517, 1.077376476158179 ], [ 36.222658471002433, 46.607486824001171, 1.073376476158046 ], [ 36.223089008757597, 46.610000000002401, 1.069076476158216 ], [ 36.223322453000947, 46.611362682999243, 1.066776476158111 ], [ 36.223532535999766, 46.615237801001058, 1.064676476158184 ], [ 36.223439203953603, 46.616719601972363, 1.065576476158185 ], [ 36.223291160000372, 46.619070045000626, 1.067076476158036 ], [ 36.223053829455239, 46.620000000004438, 1.069476476158115 ], [ 36.222037830859335, 46.623981084572733, 1.079576476158081 ], [ 36.221412790002432, 46.626430242002243, 1.085876476158091 ], [ 36.219426673877024, 46.630000000001019, 1.105776476158098 ], [ 36.217891889000384, 46.632758555002511, 1.09347647615823 ], [ 36.217212058616497, 46.633606029310613, 1.091776476158202 ], [ 36.215568715002519, 46.635654616000465, 1.087776476158069 ], [ 36.212916218002647, 46.638351119001527, 1.08737647615817 ], [ 36.21088206298009, 46.640000000003056, 1.091176476158125 ], [ 36.210545551210089, 46.640272775604899, 1.091776476158202 ], [ 36.209999999999127, 46.640714998056865, 1.085676476158142 ], [ 36.208526640002674, 46.641909300004045, 1.069176476158191 ], [ 36.203639256002134, 46.645086695003556, 1.030076476158229 ], [ 36.201997018453767, 46.645998509227866, 1.020076476158238 ], [ 36.200058935002744, 46.647074585001974, 1.028676476158125 ], [ 36.196307885003989, 46.648882834000688, 1.04807647615803 ], [ 36.193464584002868, 46.650000000003274, 1.065376476158235 ], [ 36.191524535330245, 46.650762267665414, 1.077176476158229 ], [ 36.190549165001357, 46.651145502000873, 1.074376476158022 ], [ 36.190000000002328, 46.651311957548387, 1.073776476158173 ], [ 36.18450619900068, 46.652977165000266, 1.067876476158062 ], [ 36.183666270093454, 46.653166864953164, 1.068376476158164 ], [ 36.178242183001203, 46.654391908001344, 1.056076476158069 ], [ 36.171807413000352, 46.655386893000468, 1.046176476158053 ], [ 36.170000000001892, 46.655547719721653, 1.044476476158025 ], [ 36.16524142399976, 46.65597114600132, 1.040276476158169 ], [ 36.162198565785729, 46.656099282894502, 1.038976476158041 ], [ 36.158574805000171, 46.656251881999196, 1.017876476158108 ], [ 36.150000000001455, 46.656335896623204, 0.973276476158162 ], [ 36.138379755002461, 46.65644975000032, 0.91287647615809 ], [ 36.137034186747769, 46.656482906628298, 0.905476476158128 ], [ 36.130000000001019, 46.656656238526921, 0.900276476158069 ], [ 36.125013039001715, 46.656779124001332, 0.896576476158089 ], [ 36.12368027825687, 46.656840139126871, 0.894776476158086 ], [ 36.118317510999987, 46.657085652001115, 0.916676476158045 ], [ 36.092277796882627, 46.658861101559523, 1.011376476158148 ], [ 36.090734899000381, 46.658966300001339, 1.010376476158171 ], [ 36.090000000000146, 46.658999935048996, 1.009976476158045 ], [ 36.080686691000665, 46.659426189002261, 1.005776476158189 ], [ 36.070657986620063, 46.659671006691497, 1.003276476158135 ], [ 36.070632863002174, 46.659671620000154, 1.00337647615811 ], [ 36.069999999999709, 46.659669530798055, 1.006576476158216 ], [ 36.069334668805823, 46.65966733440473, 1.006676476158191 ], [ 36.050545916999909, 46.659605309001563, 1.101176476158116 ], [ 36.049999999999272, 46.659588208167406, 1.10407647615807 ], [ 36.040528033001465, 46.659291498999664, 1.059676476158074 ], [ 36.032295306036758, 46.658852346979984, 1.022976476158192 ], [ 36.030536906000634, 46.658758550001949, 1.02487647615817 ], [ 36.030000000002474, 46.658716557671141, 1.025676476158196 ], [ 36.026957140955346, 46.658478570474472, 1.015176476158103 ], [ 36.010000000002037, 46.657152323583432, 0.956976476158161 ], [ 36.005032488001234, 46.656763806000527, 0.964676476158047 ], [ 35.997452363677439, 46.656273818165573, 0.974476476158088 ], [ 35.990000000001601, 46.655792088917224, 0.984176476158154 ], [ 35.980334614907406, 46.655167307455486, 0.9966764761582 ], [ 35.970000000001164, 46.654499266220228, 0.964976476158199 ], [ 35.962031635781386, 46.653984182110435, 0.980476476158174 ], [ 35.956740050001827, 46.653642127999774, 0.990776476158089 ], [ 35.950000000000728, 46.653139408894276, 1.005776476158189 ], [ 35.943490208001094, 46.652653864000968, 1.020376476158162 ], [ 35.93306344253142, 46.651531721268839, 1.054076476158116 ], [ 35.928038239000671, 46.650990902000558, 1.050576476158085 ], [ 35.921645628030092, 46.650000000003274, 1.058276476158198 ], [ 35.918770403999588, 46.649554319001254, 1.052776476158215 ], [ 35.909999999999854, 46.647787943060393, 1.044276476158075 ], [ 35.908388992000255, 46.647463482999228, 1.042676476158022 ], [ 35.901719769262854, 46.645859884632955, 1.041376476158121 ], [ 35.898621299000297, 46.645114865001233, 1.032776476158233 ], [ 35.888576249000835, 46.642414838001059, 1.013276476158126 ], [ 35.880248108927844, 46.640000000003056, 1.002476476158108 ], [ 35.878526879001583, 46.639500909999697, 0.995276476158097 ], [ 35.870000000004438, 46.636837393687529, 0.963276476158171 ], [ 35.853144714956215, 46.631572357477125, 0.984276476158129 ], [ 35.837516575000336, 46.626690641000096, 1.003776476158237 ], [ 35.834662092085637, 46.625864836832989, 1.005976476158139 ], [ 35.830349391000709, 46.624617168998157, 0.999976476158054 ], [ 35.867330115162986, 46.639207377938874, 0.89707647615819 ], [ 35.870000000004438, 46.640000000003056, 0.899976476158145 ], [ 35.917497171842115, 46.652439735484222, 0.888676476158025 ], [ 35.919184637885337, 46.652408167252361, 0.997176476158074 ], [ 35.919601476971366, 46.652400369242969, 0.951976476158052 ], [ 35.925547722001284, 46.652289130001009, 0.986176476158107 ], [ 35.937770653408734, 46.653885326704767, 0.983476476158103 ], [ 35.950000000000728, 46.655482361167742, 0.935576476158076 ], [ 35.957164142206238, 46.656417928899828, 0.907476476158081 ], [ 35.970000000001164, 46.658094167865784, 0.857176476158202 ], [ 35.984593975441385, 46.659999999999854, 0.872976476158101 ], [ 36.009568911758834, 46.663261485295152, 0.904076476158025 ], [ 36.062022332000197, 46.670111394998457, 0.91267647615814 ] ] ] ] } },
{ "type": "Feature", "properties": { "gid": 19, "objectid": 19.0, "shape_leng": 0.42722762877300002, "shape_area": 0.0034654451771700002, "z_mean": 0.92798059141400002 }, "geometry": { "type": "MultiPolygon", "coordinates": [ [ [ [ 37.763814063002428, 46.679134346997671, 1.029476476158152 ], [ 37.765702204391346, 46.677851102194836, 1.035576476158212 ], [ 37.770000000002256, 46.674930174818655, 0.998576476158178 ], [ 37.770935989003192, 46.67429404500399, 0.995276476158097 ], [ 37.776436175448907, 46.670000000001892, 0.964376476158122 ], [ 37.778736668999045, 46.668203983999774, 0.969376476158232 ], [ 37.782405183002993, 46.664959303003343, 0.973676476158062 ], [ 37.784820972157831, 46.662589513924104, 0.974076476158189 ], [ 37.786632807001297, 46.66081217899773, 0.980976476158048 ], [ 37.788890266067028, 46.658335399100906, 0.988876476158111 ], [ 37.790272426000229, 46.656818957002542, 0.990776476158089 ], [ 37.793199465999351, 46.653211119004482, 0.993376476158119 ], [ 37.795043411002553, 46.650631099000748, 0.993976476158196 ], [ 37.795820224986528, 46.64936516873604, 0.993676476158043 ], [ 37.796242479002103, 46.648677045002842, 0.996776476158175 ], [ 37.796747723999943, 46.647528116000103, 1.00057647615813 ], [ 37.796666664000441, 46.647305914004392, 0.999976476158054 ], [ 37.794612895835598, 46.648459671874662, 0.984576476158054 ], [ 37.785659609449795, 46.653489414173237, 0.956576476158034 ], [ 37.770000000002256, 46.662286608483555, 0.880676476158214 ], [ 37.768239779999931, 46.663275458004136, 0.878776476158237 ], [ 37.764757827591893, 46.664757827591529, 0.873776476158127 ], [ 37.761926453606065, 46.665963226800159, 0.859676476158029 ], [ 37.752444437595841, 46.670000000001892, 0.812176476158129 ], [ 37.751124161097323, 46.670562080547825, 0.816876476158086 ], [ 37.749999999998181, 46.671040669007198, 0.810376476158126 ], [ 37.737559441000485, 46.676336980999622, 0.863376476158237 ], [ 37.73751951678787, 46.676240241607957, 0.862376476158033 ], [ 37.736501498000507, 46.673773505002828, 0.867476476158117 ], [ 37.736582878998888, 46.671210028001951, 0.867076476158218 ], [ 37.735652087523704, 46.670000000001892, 0.871776476158175 ], [ 37.735362174998954, 46.669623114001297, 0.873176476158051 ], [ 37.731781756838245, 46.670000000001892, 0.891076476158105 ], [ 37.730723504004345, 46.670111394998457, 0.896376476158139 ], [ 37.730723504004345, 46.670000000001892, 0.896376476158139 ], [ 37.730723504004345, 46.669638248002229, 0.896376476158139 ], [ 37.730723504004345, 46.66266510600326, 0.896376476158139 ], [ 37.734614169581619, 46.659999999999854, 0.876976476158234 ], [ 37.747084896704109, 46.651457551652129, 0.814576476158209 ], [ 37.749212709264611, 46.650000000003274, 0.807876476158071 ], [ 37.749544899441389, 46.649772449720331, 0.804576476158218 ], [ 37.749999999998181, 46.649460705826641, 0.799976476158236 ], [ 37.751712045113891, 46.648287954887564, 0.799976476158236 ], [ 37.755137566002304, 46.645941473003404, 0.80267647615824 ], [ 37.756004151724483, 46.643995848276973, 0.799976476158236 ], [ 37.76001405277384, 46.634992973611588, 0.799976476158236 ], [ 37.762237934688528, 46.630000000001019, 0.799976476158236 ], [ 37.763651706858582, 46.626825853429182, 0.831776476158211 ], [ 37.766691957651346, 46.620000000004438, 0.816576476158161 ], [ 37.767294480050623, 46.618647240029532, 0.813576476158232 ], [ 37.767751498004145, 46.617621160999988, 0.823776476158173 ], [ 37.769931856744734, 46.610000000002401, 0.899976476158145 ], [ 37.769940384527217, 46.609970192264882, 0.900276476158069 ], [ 37.770000000002256, 46.609761814106605, 0.899976476158145 ], [ 37.773258967481524, 46.598370516265277, 0.883676476158143 ], [ 37.775653711310952, 46.590000000000146, 0.943476476158139 ], [ 37.776540561004367, 46.586900132002484, 0.965576476158049 ], [ 37.776663854847357, 46.586668072581233, 0.966676476158227 ], [ 37.780206621026082, 46.580000000003565, 0.948976476158123 ], [ 37.782262183214698, 46.576131091609568, 0.977376476158042 ], [ 37.7838988780004, 46.573050561004493, 0.999976476158054 ], [ 37.782127242999195, 46.574158077999527, 0.997776476158151 ], [ 37.780642610268842, 46.575321305133912, 0.993576476158069 ], [ 37.78042550200189, 46.575491412002521, 0.992976476158219 ], [ 37.775409585350644, 46.580000000003565, 0.972976476158237 ], [ 37.77116881600341, 46.583811841997885, 0.994176476158145 ], [ 37.770000000002256, 46.584731016402657, 0.999976476158054 ], [ 37.765904133791992, 46.587952066896833, 1.020476476158137 ], [ 37.764258519002396, 46.589246203000585, 1.028676476158125 ], [ 37.763176438356822, 46.590000000000146, 1.034076476158134 ], [ 37.760425874002976, 46.59191609300251, 1.028676476158125 ], [ 37.757517322766944, 46.593758661383617, 1.02487647615817 ], [ 37.752511808002964, 46.596929657000146, 1.018176476158033 ], [ 37.749999999998181, 46.598335934577335, 1.016676476158182 ], [ 37.747027746929234, 46.600000000002183, 1.014876476158179 ], [ 37.738994780402209, 46.604497390204415, 1.010076476158019 ], [ 37.732237637999788, 46.608280489002937, 1.005976476158139 ], [ 37.730000000001382, 46.609678150312902, 1.00317647615816 ], [ 37.729713813347189, 46.609856906672576, 1.001476476158132 ], [ 37.729484722745838, 46.610000000002401, 1.002576476158083 ], [ 37.726465733001532, 46.611885705000532, 0.998776476158127 ], [ 37.721476779999648, 46.61567834699963, 0.985876476158182 ], [ 37.721435932577151, 46.615717966287775, 0.985676476158233 ], [ 37.719414084003802, 46.617679025001053, 0.976176476158116 ], [ 37.717735815002015, 46.619772185002148, 0.963576476158096 ], [ 37.717611583064354, 46.620000000004438, 0.961976476158043 ], [ 37.716532505000941, 46.621978800001671, 0.967376476158051 ], [ 37.715785313001106, 46.625117478002721, 0.971076476158032 ], [ 37.715905428249243, 46.627047285877779, 0.970476476158183 ], [ 37.715984295002272, 46.628314383002362, 0.970076476158056 ], [ 37.716525725898464, 46.630000000001019, 0.967376476158051 ], [ 37.716881054002442, 46.631106229999205, 0.976676476158218 ], [ 37.718495448913018, 46.634247724456145, 0.999976476158054 ], [ 37.721182562998365, 46.639476652004305, 1.038876476158066 ], [ 37.721384659760588, 46.640000000003056, 1.043076476158149 ], [ 37.722336917004213, 46.64246595700024, 1.038276476158217 ], [ 37.723042790001273, 46.646018327999627, 1.034776476158186 ], [ 37.72305393874376, 46.646526969376282, 1.034776476158186 ], [ 37.723123137004222, 46.649684015001185, 1.034376476158059 ], [ 37.723077276757977, 46.650000000003274, 1.034576476158236 ], [ 37.722192501867539, 46.656096250932023, 0.978076476158094 ], [ 37.72190902300099, 46.658049468998797, 0.980876476158073 ], [ 37.721738808839291, 46.659999999999854, 0.982576476158101 ], [ 37.721558939001625, 46.662061177999931, 0.984376476158104 ], [ 37.721558751827615, 46.66577937591137, 0.984376476158104 ], [ 37.721558730998368, 46.66619306100074, 0.984376476158104 ], [ 37.721919556704961, 46.670000000001892, 0.980776476158098 ], [ 37.721949910999683, 46.670320257004278, 0.980476476158174 ], [ 37.722667674694094, 46.673666162658265, 0.973276476158162 ], [ 37.722805818999404, 46.674310132002574, 0.971976476158034 ], [ 37.724238302000231, 46.678012269003375, 0.957576476158238 ], [ 37.725509371541193, 46.680000000003929, 0.944876476158242 ], [ 37.726211368004442, 46.681097799999407, 0.948876476158148 ], [ 37.728728206002415, 46.683702476002509, 0.949776476158149 ], [ 37.730000000001382, 46.68456287565823, 0.945676476158042 ], [ 37.731714832998478, 46.685723002003215, 0.957276476158086 ], [ 37.735325544999796, 46.687118244000885, 0.971176476158234 ], [ 37.735651676297493, 46.687174161850635, 0.971776476158084 ], [ 37.739257847000772, 46.68779246899976, 0.977876476158144 ], [ 37.743375521004054, 46.687792290002108, 0.977876476158144 ], [ 37.74755646700396, 46.687107931003993, 0.971076476158032 ], [ 37.749999999998181, 46.686306690178753, 0.963076476158221 ], [ 37.751472023002862, 46.685824010000943, 0.972976476158237 ], [ 37.755365524999434, 46.68406130600124, 0.99427647615812 ], [ 37.756688627910989, 46.683344313956695, 1.000376476158181 ], [ 37.759351294000226, 46.681901410000137, 1.012576476158074 ], [ 37.762417922267559, 46.680000000003929, 1.024176476158118 ], [ 37.763814063002428, 46.679134346997671, 1.029476476158152 ] ] ] ] } },
{ "type": "Feature", "properties": { "gid": 20, "objectid": 20.0, "shape_leng": 0.22928354387300001, "shape_area": 0.00103831286013, "z_mean": 0.92775649076 }, "geometry": { "type": "MultiPolygon", "coordinates": [ [ [ [ 36.378583859001083, 46.706898796001042, 0.999776476158104 ], [ 36.363198593999186, 46.702690526004517, 0.999976476158054 ], [ 36.364474412172058, 46.703618603041832, 0.987276476158058 ], [ 36.365634285644774, 46.704462337649602, 0.999976476158054 ], [ 36.371104362999176, 46.708441472999766, 0.89967647615822 ], [ 36.377573088882855, 46.711893272222369, 0.826976476158052 ], [ 36.379632214922822, 46.712992049600871, 0.811676476158027 ], [ 36.381199782688782, 46.713828524863857, 0.799976476158236 ], [ 36.383428630957496, 46.715017868307768, 0.816576476158161 ], [ 36.384249217311663, 46.715455744235442, 0.815176476158058 ], [ 36.384937215289028, 46.715822869215117, 0.820876476158219 ], [ 36.38552235777388, 46.71613510912357, 0.812876476158181 ], [ 36.38602610585076, 46.716403915881529, 0.805976476158094 ], [ 36.400157097001284, 46.72394440300377, 0.908376476158082 ], [ 36.424048078484702, 46.732008361479529, 0.989976476158063 ], [ 36.425996899433812, 46.732666149906436, 0.990876476158064 ], [ 36.427649304936494, 46.733223888793873, 0.983076476158203 ], [ 36.429068142575488, 46.733702791163523, 0.984276476158129 ], [ 36.432465039999443, 46.734849350999866, 0.950576476158176 ], [ 36.467709997801649, 46.739647691969367, 0.999076476158052 ], [ 36.46830068808049, 46.739728110092983, 0.999276476158229 ], [ 36.468671829788946, 46.739778638298958, 0.999676476158129 ], [ 36.468926643517989, 46.739813329306344, 0.999776476158104 ], [ 36.469794406508299, 46.739931468837312, 0.999276476158229 ], [ 36.46988857962242, 46.739944289814957, 0.999976476158054 ], [ 36.469888581001214, 46.739944289998675, 0.999976476158054 ], [ 36.450222935589409, 46.729999999999563, 1.002276476158158 ], [ 36.450000000000728, 46.729887268582388, 1.002276476158158 ], [ 36.440049425002144, 46.724855579999712, 1.00337647615811 ], [ 36.432322516999193, 46.720468435998555, 1.013876476158202 ], [ 36.431609554947499, 46.719999999997526, 1.016076476158105 ], [ 36.430000000000291, 46.718942477411474, 1.010576476158121 ], [ 36.424331235999489, 46.715217941004084, 0.991176476158216 ], [ 36.42196537768541, 46.714017311158386, 0.979476476158197 ], [ 36.420741084999463, 46.713396004999595, 0.985776476158208 ], [ 36.418669366001268, 46.712604104002821, 0.991276476158191 ], [ 36.414381366999805, 46.711354688004576, 0.994776476158222 ], [ 36.409999999999854, 46.710514897782559, 0.989676476158138 ], [ 36.409962985002494, 46.710507802999928, 0.989876476158088 ], [ 36.405590258000302, 46.710077264002393, 0.998476476158203 ], [ 36.403923513813425, 46.710000000002765, 0.999976476158054 ], [ 36.392324753001958, 46.709462324999549, 1.010776476158071 ], [ 36.389999999999418, 46.709144283851856, 1.017076476158081 ], [ 36.387643911642954, 46.708821955820895, 1.011776476158047 ], [ 36.385935308999251, 46.708588207999128, 1.006676476158191 ], [ 36.378583859001083, 46.706898796001042, 0.999776476158104 ] ] ] ] } },
{ "type": "Feature", "properties": { "gid": 21, "objectid": 21.0, "shape_leng": 0.773546792235, "shape_area": 0.0067726545344299997, "z_mean": 0.79375590821899999 }, "geometry": { "type": "MultiPolygon", "coordinates": [ [ [ [ 36.696055534999687, 46.779974677001519, 0.500276476158206 ], [ 36.709999999999127, 46.772841236237582, 0.571576476158043 ], [ 36.710134311000729, 46.77277252800377, 0.572276476158095 ], [ 36.721392454574016, 46.770000000000437, 0.59997647615819 ], [ 36.729999999999563, 46.767880231269373, 0.621176476158098 ], [ 36.73835438297283, 46.765822808514713, 0.59997647615819 ], [ 36.74284915500175, 46.76471588700042, 0.606176476158225 ], [ 36.75292604808601, 46.760836013738299, 0.61257647615821 ], [ 36.758067254000707, 46.75885651200042, 0.593776476158155 ], [ 36.767124380025052, 46.751437809989511, 0.514376476158077 ], [ 36.768879731060224, 46.750000000003638, 0.511176476158198 ], [ 36.769304364521304, 46.749652182257705, 0.510476476158146 ], [ 36.770000000000437, 46.749082386464579, 0.509176476158245 ], [ 36.781088236008145, 46.740000000001601, 0.544576476158227 ], [ 36.784466204497221, 46.737233102250684, 0.555376476158244 ], [ 36.790000000000873, 46.732700364189441, 0.572976476158146 ], [ 36.793296740959704, 46.729999999999563, 0.654976476158026 ], [ 36.794281446003879, 46.729193427001519, 0.67137647615823 ], [ 36.802500846999465, 46.724758205002217, 0.808376476158173 ], [ 36.80246395426002, 46.722077325714054, 0.807776476158097 ], [ 36.802435367282669, 46.719999999997526, 0.848676476158062 ], [ 36.802308332067696, 46.710768750948773, 0.846176476158234 ], [ 36.802256707002016, 46.707017320004525, 0.845176476158031 ], [ 36.801354435739995, 46.704322782130475, 0.827076476158027 ], [ 36.799141667426738, 46.69771458314608, 0.782876476158208 ], [ 36.79659461445226, 46.690108078319099, 0.797876476158081 ], [ 36.792611536002369, 46.678213035002045, 0.999976476158054 ], [ 36.790660810002009, 46.676755614002104, 1.020376476158162 ], [ 36.788480122999317, 46.675619466999706, 1.034276476158084 ], [ 36.788067056575528, 46.675483235860156, 1.035476476158237 ], [ 36.785730530004003, 46.674712639000063, 1.020676476158087 ], [ 36.7820560880009, 46.674488566999571, 0.995376476158071 ], [ 36.778109642000345, 46.675411677997545, 0.965976476158176 ], [ 36.774328961002539, 46.67764645799798, 0.934976476158226 ], [ 36.772894609102877, 46.679276347726045, 0.921676476158154 ], [ 36.771200924100413, 46.681200924102086, 0.881976476158115 ], [ 36.770830927001953, 46.681621361003636, 0.887576476158074 ], [ 36.770000000000437, 46.682961394666563, 0.899976476158145 ], [ 36.769441993001237, 46.683861291001449, 0.908376476158082 ], [ 36.767118677380495, 46.688559338692357, 0.943176476158214 ], [ 36.766901622999285, 46.688998251000157, 0.946476476158068 ], [ 36.76651732195387, 46.690000000004147, 0.952276476158204 ], [ 36.763858964202882, 46.69692948210286, 0.992076476158218 ], [ 36.762681021187746, 46.700000000000728, 1.009776476158095 ], [ 36.760640091608366, 46.70532004580491, 1.040376476158144 ], [ 36.76021929000126, 46.706416940003692, 1.033676476158234 ], [ 36.758684762842677, 46.710000000002765, 1.013176476158151 ], [ 36.758557708002627, 46.71029666800132, 1.011476476158123 ], [ 36.756993187958869, 46.713496593980381, 0.995076476158147 ], [ 36.756693549999909, 46.714109446003931, 0.999576476158154 ], [ 36.753754080000363, 46.719377819003057, 1.043676476158225 ], [ 36.753325121990201, 46.719999999997526, 1.05007647615821 ], [ 36.752472722142556, 46.72123636107608, 1.050576476158085 ], [ 36.75, 46.724822914275137, 1.051776476158238 ], [ 36.749863130000449, 46.725021436999668, 1.051176476158162 ], [ 36.747224655000537, 46.728216003999478, 1.045576476158203 ], [ 36.74696857766321, 46.728484288832988, 1.045476476158228 ], [ 36.745521834363899, 46.729999999999563, 1.044776476158177 ], [ 36.743654443000196, 46.731956411998908, 1.024376476158068 ], [ 36.740234814064024, 46.735117407031794, 0.995276476158097 ], [ 36.73982563500067, 46.735495639000874, 0.997676476158176 ], [ 36.735485056000471, 46.739110643004096, 1.026576476158198 ], [ 36.734239126801185, 46.740000000001601, 1.036376476158239 ], [ 36.729999999999563, 46.743025932037199, 1.039476476158143 ], [ 36.729056244999811, 46.743699594000645, 1.030776476158053 ], [ 36.723772825085689, 46.746886412540334, 0.993376476158119 ], [ 36.723434323001129, 46.74709058800363, 0.994776476158222 ], [ 36.71945052800038, 46.749251251001624, 1.012976476158201 ], [ 36.717908352606173, 46.750000000003638, 1.020876476158037 ], [ 36.714589700000943, 46.751611254998352, 1.021876476158241 ], [ 36.713850226627983, 46.751925113314428, 1.022976476158192 ], [ 36.709999999999127, 46.753559283888535, 1.0287764761581 ], [ 36.709589640002378, 46.753733454997928, 1.027376476158224 ], [ 36.703273770999658, 46.756005288003507, 1.013476476158075 ], [ 36.696809675002442, 46.757940351000798, 1.007176476158065 ], [ 36.691490976580099, 46.759254511713152, 1.007476476158217 ], [ 36.690231881000727, 46.759565612999722, 1.007576476158192 ], [ 36.690000000002328, 46.759611791761927, 1.007776476158142 ], [ 36.689444741408806, 46.759722370707095, 1.008376476158219 ], [ 36.68805065995366, 46.760000000003856, 1.009776476158095 ], [ 36.683676508002463, 46.760871106000195, 1.005476476158037 ], [ 36.677058439001485, 46.761900316001629, 1.007676476158167 ], [ 36.670395490000374, 46.762652891000471, 1.018476476158185 ], [ 36.670000000001892, 46.762680710880886, 1.019576476158136 ], [ 36.663793294999778, 46.76311730800262, 1.006476476158241 ], [ 36.657176738000999, 46.763334957002371, 0.999976476158054 ], [ 36.656669237647293, 46.763334618823137, 0.999976476158054 ], [ 36.650560215999576, 46.763330548003069, 1.000076476158029 ], [ 36.650000000001455, 46.763311963153683, 1.000676476158105 ], [ 36.64395715000137, 46.763111495003614, 1.006676476158191 ], [ 36.643798401428285, 46.763100799285894, 1.006976476158115 ], [ 36.637380962001771, 46.762668422999923, 1.019976476158035 ], [ 36.630845980000231, 46.761974980998275, 1.040776476158044 ], [ 36.630000000001019, 46.761847552068502, 1.044576476158227 ], [ 36.624278264001987, 46.760985693998009, 1.04177647615802 ], [ 36.619233149303909, 46.760000000003856, 1.046176476158053 ], [ 36.617781773000388, 46.759716435999508, 1.04177647615802 ], [ 36.611372198003664, 46.75817211499816, 1.025176476158094 ], [ 36.610000000000582, 46.757785737403537, 1.022176476158165 ], [ 36.600038408929322, 46.754980795540177, 0.950576476158176 ], [ 36.596067321999726, 46.753862633999233, 0.95307647615823 ], [ 36.590000000000146, 46.752363110255828, 0.952776476158078 ], [ 36.586837157174159, 46.751581421416631, 0.936776476158229 ], [ 36.583026533002339, 46.75063963499997, 0.945976476158194 ], [ 36.579920304573534, 46.750000000003638, 0.9495764761582 ], [ 36.569999999999709, 46.747957209476226, 0.961276476158218 ], [ 36.569902625002214, 46.747937157999331, 0.961376476158193 ], [ 36.558045783680427, 46.745977108161242, 0.960876476158091 ], [ 36.554987600000459, 46.745471561001978, 0.960776476158117 ], [ 36.549999999999272, 46.744877278180866, 0.95367647615808 ], [ 36.542877990001216, 46.744028676001108, 0.979176476158045 ], [ 36.542069621587871, 46.74396518921094, 0.981076476158023 ], [ 36.530000000002474, 46.743017277880426, 1.00947647615817 ], [ 36.524784641063889, 46.742607679470893, 1.021776476158038 ], [ 36.510000000002037, 46.741446538777382, 0.971076476158032 ], [ 36.508585726000092, 46.741335466003875, 0.973276476158162 ], [ 36.491888958000345, 46.74038462200042, 0.992276476158167 ], [ 36.490700817043034, 46.740350408525046, 0.992976476158219 ], [ 36.478789864000646, 46.740007423004499, 0.999876476158079 ], [ 36.470297780999317, 46.740000000001601, 0.999976476158054 ], [ 36.482676629000707, 46.741685288998269, 0.9662764761581 ], [ 36.491695005650399, 46.74542375141209, 0.891476476158232 ], [ 36.498134012528681, 46.748092966303375, 0.799976476158236 ], [ 36.511296884669719, 46.75354948077802, 0.612876476158135 ], [ 36.524099154999931, 46.75885651200042, 0.621376476158048 ], [ 36.543139072004124, 46.75885651200042, 0.602276476158067 ], [ 36.545426048003719, 46.75885651200042, 0.622876476158126 ], [ 36.547713024003315, 46.75885651200042, 0.622876476158126 ], [ 36.549999999999272, 46.75885651200042, 0.622876476158126 ], [ 36.567713024000113, 46.75885651200042, 0.622876476158126 ], [ 36.569999999999709, 46.75885651200042, 0.63427647615822 ], [ 36.572286975999305, 46.75885651200042, 0.645776476158062 ], [ 36.590000000000146, 46.75885651200042, 0.822876476158171 ], [ 36.590017123002326, 46.75885651200042, 0.822976476158146 ], [ 36.591248229617122, 46.759375885194459, 0.818676476158089 ], [ 36.592727612616727, 46.760000000003856, 0.827276476158204 ], [ 36.597829623000507, 46.762152410998169, 0.835276476158242 ], [ 36.602291396136934, 46.766145698071341, 0.799976476158236 ], [ 36.605279226976563, 46.768819806746251, 0.776376476158021 ], [ 36.605819361169779, 46.769303226863485, 0.786076476158087 ], [ 36.605967643999975, 46.769435939999312, 0.782276476158131 ], [ 36.617035352001039, 46.77667877800377, 0.603176476158069 ], [ 36.627389828716332, 46.778694914357402, 0.626076476158232 ], [ 36.630000000001019, 46.779203144893472, 0.615976476158039 ], [ 36.631147030149805, 46.779426484927171, 0.611476476158032 ], [ 36.633962436000729, 46.779974677001519, 0.600476476158065 ], [ 36.650000000001455, 46.776366225087258, 0.672676476158131 ], [ 36.658781000111048, 46.774390500058871, 0.71217647615822 ], [ 36.661631707000197, 46.773749091002173, 0.72497647615819 ], [ 36.670000000001892, 46.773400412072078, 0.731976476158025 ], [ 36.676277683736771, 46.773138841868786, 0.70587647615821 ], [ 36.679209832002016, 46.773016669003482, 0.709476476158216 ], [ 36.690000000002328, 46.77747347767945, 0.575776476158126 ], [ 36.692767143456877, 46.778616428273381, 0.513876476158202 ], [ 36.696055534999687, 46.779974677001519, 0.500276476158206 ] ] ] ] } },
{ "type": "Feature", "properties": { "gid": 22, "objectid": 22.0, "shape_leng": 10.646827460800001, "shape_area": 2.15651910964, "z_mean": 2.3567189211100001 }, "geometry": { "type": "MultiPolygon", "coordinates": [ [ [ [ 37.570815824001329, 46.861705813002118, 2.012976476158201 ], [ 37.570000000003347, 46.860235407264554, 2.002376476158133 ], [ 37.569897753775876, 46.860051123114317, 2.000476476158155 ], [ 37.569869389186351, 46.86000000000422, 2.000676476158105 ], [ 37.569819245150939, 46.859909622578925, 2.000876476158055 ], [ 37.564321097443099, 46.850000000002183, 2.028376476158201 ], [ 37.561211001962874, 46.844394499021291, 2.04397647615815 ], [ 37.558772805705303, 46.840000000000146, 2.056176476158043 ], [ 37.556867626059102, 46.83656618697205, 2.06567647615816 ], [ 37.553778426003191, 46.830998347002605, 2.009976476158045 ], [ 37.553274337002222, 46.829999999998108, 1.999976476158054 ], [ 37.550000000001091, 46.823515183761629, 1.999976476158054 ], [ 37.54822510062877, 46.820000000003347, 2.008876476158093 ], [ 37.547625673960283, 46.818812836980214, 2.011876476158022 ], [ 37.543461595998451, 46.810565891004444, 1.971076476158032 ], [ 37.54320871712298, 46.81000000000131, 1.967876476158153 ], [ 37.540796425708322, 46.804601787151114, 1.992076476158218 ], [ 37.539471355001297, 46.8016365509975, 1.968976476158105 ], [ 37.538842380095957, 46.799999999999272, 1.955776476158235 ], [ 37.537630530998285, 46.796846849001668, 1.961876476158068 ], [ 37.536606768022466, 46.793303384010869, 1.966976476158152 ], [ 37.535652368229421, 46.790000000004511, 1.971776476158084 ], [ 37.535060090000115, 46.787949997000396, 1.974676476158038 ], [ 37.534078014999977, 46.783360056000674, 1.979576476158172 ], [ 37.533849306269985, 46.781924653138049, 1.980776476158098 ], [ 37.533542643255714, 46.780000000002474, 1.982276476158177 ], [ 37.532580428000074, 46.773961023998709, 1.987076476158109 ], [ 37.532306781929947, 46.771153390964173, 1.988476476158212 ], [ 37.532194366627664, 46.770000000000437, 1.989076476158061 ], [ 37.532092398760142, 46.768953800617965, 1.989576476158163 ], [ 37.53121971620385, 46.760000000003856, 1.993876476158221 ], [ 37.531167537999863, 46.759464647004279, 1.994176476158145 ], [ 37.530614431529102, 46.750307215765133, 1.996976476158125 ], [ 37.530595875774452, 46.750000000003638, 1.996976476158125 ], [ 37.530573338999602, 46.749626873002853, 1.997176476158074 ], [ 37.53015502348353, 46.740077511742129, 1.999176476158027 ], [ 37.530151628032399, 46.740000000001601, 1.999976476158054 ], [ 37.530000000004293, 46.736538615461541, 1.999976476158054 ], [ 37.52971357201568, 46.729999999999563, 2.001476476158132 ], [ 37.529707157955272, 46.729853578975963, 2.001476476158132 ], [ 37.529275515997142, 46.719999999997526, 2.003576476158059 ], [ 37.529265892999319, 46.719780325000102, 2.003676476158034 ], [ 37.529256704290674, 46.719628352147993, 2.003676476158034 ], [ 37.528674546880211, 46.710000000002765, 2.006676476158191 ], [ 37.528665335001278, 46.709847644002366, 2.006676476158191 ], [ 37.528618365584407, 46.70930918279555, 2.006876476158141 ], [ 37.527806335119749, 46.700000000000728, 2.010976476158021 ], [ 37.527805517000161, 46.699990621003963, 2.010976476158021 ], [ 37.527655703614073, 46.698827851805618, 2.011676476158073 ], [ 37.526551941002253, 46.69026105300145, 2.017276476158031 ], [ 37.526507036624025, 46.690000000004147, 2.017476476158208 ], [ 37.525726786001542, 46.685463989002528, 2.021376476158139 ], [ 37.525097714351432, 46.68245114282945, 2.024476476158043 ], [ 37.52473729200392, 46.680724953002937, 2.026276476158046 ], [ 37.524553835743063, 46.680000000003929, 2.027276476158022 ], [ 37.523764911491526, 46.676882455747545, 2.03117647615818 ], [ 37.523555604000649, 46.676055348003501, 2.032176476158156 ], [ 37.522150400003738, 46.671468221004034, 2.039276476158193 ], [ 37.521576577741143, 46.670000000001892, 2.042076476158172 ], [ 37.519684156681251, 46.665157921663194, 2.051576476158061 ], [ 37.519010381001863, 46.663433953001004, 2.054976476158117 ], [ 37.51733338664053, 46.659999999999854, 2.063376476158055 ], [ 37.515894160025709, 46.657052919992566, 2.070576476158067 ], [ 37.515228034004394, 46.655688905002535, 2.073876476158148 ], [ 37.511981240564637, 46.650000000003274, 2.090076476158174 ], [ 37.510969228000249, 46.648226791003253, 2.077376476158179 ], [ 37.510000000000218, 46.646715951988881, 2.067176476158238 ], [ 37.506374345004588, 46.641064257002654, 2.0287764761581 ], [ 37.505624552297377, 46.640000000003056, 2.021876476158241 ], [ 37.503245043997595, 46.636622521997197, 2.033776476158209 ], [ 37.501568093004607, 46.634242255002391, 2.042176476158147 ], [ 37.498253108036806, 46.630000000001019, 2.058776476158073 ], [ 37.495934455486349, 46.627032772257735, 2.040676476158069 ], [ 37.490438903168979, 46.620000000004438, 1.997776476158151 ], [ 37.49000000000342, 46.619438326511954, 1.994376476158095 ], [ 37.487207227002727, 46.615864356997918, 1.97257647615811 ], [ 37.484311960004561, 46.61135138100326, 1.941976476158061 ], [ 37.483719125762946, 46.610000000002401, 1.931376476158221 ], [ 37.4823489360042, 46.606876616999216, 1.93827647615808 ], [ 37.482178960726742, 46.606089480363153, 1.939076476158107 ], [ 37.481700646001627, 46.603874458001883, 1.921776476158129 ], [ 37.481616552002379, 46.600914300999648, 1.892976476158083 ], [ 37.481771623117311, 46.600000000002183, 1.88227647615804 ], [ 37.482101767003769, 46.598053468003855, 1.878976476158186 ], [ 37.482764293619766, 46.596382146812175, 1.872376476158024 ], [ 37.483172762000322, 46.595351725001819, 1.88057647615824 ], [ 37.485070583999914, 46.59257966700352, 1.898876476158193 ], [ 37.487623550001445, 46.590074488001846, 1.911176476158062 ], [ 37.487724798245836, 46.590000000000146, 1.911376476158239 ], [ 37.488645413202903, 46.589322706598978, 1.913576476158141 ], [ 37.49000000000342, 46.588326141541984, 1.933476476158148 ], [ 37.490381064002577, 46.588045794003847, 1.937176476158129 ], [ 37.493513299003098, 46.586166709999816, 1.959076476158089 ], [ 37.49789803575004, 46.583949017876876, 1.981576476158125 ], [ 37.49831493000238, 46.583738163000817, 1.983676476158053 ], [ 37.50723080595526, 46.580000000003565, 2.013876476158202 ], [ 37.509169414001008, 46.579187199002263, 2.012276476158149 ], [ 37.510000000000218, 46.578879420976591, 2.011176476158198 ], [ 37.518794854997395, 46.575620441000865, 1.999776476158104 ], [ 37.520259069693566, 46.575129534845473, 1.997376476158024 ], [ 37.5288771070027, 46.57224017199951, 1.983176476158178 ], [ 37.530000000004293, 46.571893145288414, 1.981076476158023 ], [ 37.536125752045336, 46.570000000003347, 1.999976476158054 ], [ 37.54470019083783, 46.567350095418078, 2.026476476158223 ], [ 37.547512058999928, 46.566481096000643, 2.012476476158099 ], [ 37.550000000001091, 46.565605649349891, 1.999976476158054 ], [ 37.554458734000946, 46.564036728002975, 1.999976476158054 ], [ 37.561352886999885, 46.561358946002656, 1.999976476158054 ], [ 37.564568219335342, 46.56000000000131, 1.999976476158054 ], [ 37.567511809362259, 46.558755904683494, 2.012476476158099 ], [ 37.568181495003955, 46.558472865002841, 2.015276476158078 ], [ 37.570000000003347, 46.557627957769, 2.023676476158244 ], [ 37.577907762934046, 46.553953881466441, 2.020876476158037 ], [ 37.578270560001329, 46.553785320002135, 2.020776476158062 ], [ 37.583230738000566, 46.551284663004481, 2.020976476158239 ], [ 37.585547533197314, 46.549999999999272, 2.02227647615814 ], [ 37.58765870753632, 46.54882935376736, 2.011676476158073 ], [ 37.590000000001965, 46.547531107024042, 1.999976476158054 ], [ 37.594524208998337, 46.545022432997939, 1.977376476158042 ], [ 37.596983927593101, 46.543491963793713, 1.965076476158174 ], [ 37.600757504000285, 46.541143995003949, 1.988576476158187 ], [ 37.60242526568436, 46.540000000002692, 1.999976476158054 ], [ 37.605618805782797, 46.53780940289289, 2.021876476158241 ], [ 37.606787415999861, 46.537007798999184, 2.016076476158105 ], [ 37.61000000000422, 46.534547903631392, 1.999976476158054 ], [ 37.61359317491042, 46.531796587454664, 1.982076476158227 ], [ 37.613789443999849, 46.531646303001253, 1.981076476158023 ], [ 37.615753225407389, 46.530000000002474, 1.971276476158209 ], [ 37.6210758070265, 46.525537903513396, 1.989276476158238 ], [ 37.627681657791982, 46.520000000000437, 2.011576476158098 ], [ 37.628547788270225, 46.51927389413504, 2.00727647615804 ], [ 37.628956942004152, 46.518930887001261, 2.005176476158113 ], [ 37.630000000002838, 46.517987711862588, 1.999976476158054 ], [ 37.635688279640817, 46.512844139821027, 1.971576476158134 ], [ 37.635836896999535, 46.512709754004391, 1.970776476158107 ], [ 37.638677059650945, 46.510000000003856, 1.956576476158034 ], [ 37.642557487000886, 46.5062977460002, 1.974276476158138 ], [ 37.647545543479282, 46.501227228261996, 1.999976476158054 ], [ 37.648752813465762, 46.500000000001819, 2.006276476158064 ], [ 37.649999999999636, 46.498732195295815, 1.999976476158054 ], [ 37.65575800364968, 46.492879001822075, 1.971176476158234 ], [ 37.658590184582863, 46.490000000001601, 1.957076476158136 ], [ 37.662351996852522, 46.486175998425097, 1.976476476158041 ], [ 37.668427555705421, 46.479999999999563, 2.007876476158117 ], [ 37.668945990055363, 46.479472995028118, 2.005276476158087 ], [ 37.670000000003711, 46.478401560460043, 1.999976476158054 ], [ 37.675539983258204, 46.472769991631139, 1.972276476158186 ], [ 37.678264926829797, 46.470000000002983, 1.958676476158189 ], [ 37.682133976468322, 46.466066988234161, 1.978676476158171 ], [ 37.688102297946898, 46.460000000002765, 2.00947647615817 ], [ 37.688727969671163, 46.459363984837182, 2.006376476158039 ], [ 37.690000000000509, 46.45807092562427, 1.999976476158054 ], [ 37.695321962874004, 46.452660981440204, 1.973376476158137 ], [ 37.697939669069456, 46.450000000000728, 1.960276476158242 ], [ 37.701405793002778, 46.446476574998087, 1.978176476158069 ], [ 37.701924443750613, 46.445962221874652, 1.980776476158098 ], [ 37.707936482358491, 46.440000000004147, 2.010276476158197 ], [ 37.708628142376256, 46.439314071190893, 2.006876476158141 ], [ 37.709999999997308, 46.437953581005786, 1.999976476158054 ], [ 37.715331841007355, 46.432665920501677, 1.973376476158137 ], [ 37.718020036332746, 46.43000000000211, 1.959876476158115 ], [ 37.721583528003976, 46.426466036002239, 1.977376476158042 ], [ 37.722043296376796, 46.426021648187088, 1.979576476158172 ], [ 37.728273357795842, 46.420000000001892, 2.008676476158143 ], [ 37.728862033785845, 46.419431016896851, 2.005676476158214 ], [ 37.730000000001382, 46.418331118878996, 1.999976476158054 ], [ 37.736012558001676, 46.412519698003962, 1.969976476158081 ], [ 37.738511185767493, 46.409999999999854, 1.957476476158035 ], [ 37.746881207373008, 46.401559396315861, 1.999976476158054 ], [ 37.748427563688892, 46.400000000003274, 2.007876476158117 ], [ 37.749999999998181, 46.398414303766913, 1.999976476158054 ], [ 37.755578176365816, 46.392789088182326, 1.972076476158236 ], [ 37.75834394161393, 46.390000000001237, 1.958276476158062 ], [ 37.761001162003595, 46.387320371999522, 1.971776476158084 ], [ 37.762247951757672, 46.386123975877126, 1.977476476158245 ], [ 37.768537499003287, 46.38008864400399, 2.006376476158039 ], [ 37.768633087869603, 46.380000000001019, 2.006876476158141 ], [ 37.769111917668852, 46.379555958839774, 2.004476476158061 ], [ 37.770000000002256, 46.378732398756256, 1.999976476158054 ], [ 37.775297040001533, 46.3738202070017, 1.973476476158112 ], [ 37.776190981898253, 46.373095490949709, 1.969076476158079 ], [ 37.780009289825102, 46.370000000004438, 1.949976476158099 ], [ 37.783375682998667, 46.367270875000031, 1.960376476158217 ], [ 37.783852689117339, 46.366926344562671, 1.961476476158168 ], [ 37.790000000004511, 46.362486284688202, 1.97517647615814 ], [ 37.791927024003598, 46.361094440002489, 1.989076476158061 ], [ 37.792037305796839, 46.361018652898565, 1.989776476158113 ], [ 37.793519601005755, 46.360000000002401, 1.999976476158054 ], [ 37.800460392450987, 46.355230196224511, 2.047676476158131 ], [ 37.808071125076822, 46.350000000002183, 2.00967647615812 ], [ 37.80888347911241, 46.349441739555914, 2.00557647615824 ], [ 37.809475644000486, 46.349034795999614, 2.00967647615812 ], [ 37.810000000003129, 46.348654907447781, 2.013476476158075 ], [ 37.815202448000491, 46.344885807000537, 2.051176476158162 ], [ 37.816988376545851, 46.343494188273326, 2.065076476158083 ], [ 37.820744390999607, 46.340567453004041, 2.046276476158027 ], [ 37.821400570977858, 46.340000000000146, 2.042976476158174 ], [ 37.82455104683504, 46.33727552342134, 2.027276476158022 ], [ 37.826016958000764, 46.336007829002483, 2.019876476158061 ], [ 37.83, 46.332086398850151, 1.999976476158054 ], [ 37.831405425820776, 46.330702712912171, 1.992976476158219 ], [ 37.832119179460278, 46.330000000003565, 1.999976476158054 ], [ 37.832660248001048, 46.329467300998658, 2.005376476158062 ], [ 37.837910294771063, 46.323955147387096, 2.060476476158101 ], [ 37.841677372072809, 46.320000000001528, 2.04157647615807 ], [ 37.844362221247138, 46.317181110620368, 2.028176476158023 ], [ 37.845016965000468, 46.316493679001724, 2.02487647615817 ], [ 37.850000000004002, 46.310983347169895, 1.999976476158054 ], [ 37.850612365111374, 46.310306182556815, 1.999976476158054 ], [ 37.850889248329622, 46.31000000000131, 1.999976476158054 ], [ 37.85108534200117, 46.309783156004414, 1.999976476158054 ], [ 37.851573503481632, 46.309213248257947, 1.999976476158054 ], [ 37.856958619997386, 46.302926353999283, 2.035976476158112 ], [ 37.859276178211076, 46.299999999999272, 2.053576476158241 ], [ 37.862318071900518, 46.29615903595186, 2.038376476158192 ], [ 37.862516801003949, 46.295908103002148, 2.037376476158215 ], [ 37.866689183381823, 46.290000000002692, 2.016576476158207 ], [ 37.867553174159184, 46.288776587080065, 2.012276476158149 ], [ 37.867607910000515, 46.288699081002051, 2.011976476158225 ], [ 37.8700000000008, 46.28490183390204, 1.999976476158054 ], [ 37.870070092998503, 46.284790567002347, 1.999976476158054 ], [ 37.87280202940201, 46.280000000000655, 1.999976476158054 ], [ 37.876577081000505, 46.273380286002066, 1.999976476158054 ], [ 37.876612776119146, 46.2733063880587, 1.999976476158054 ], [ 37.878209869415514, 46.270000000000437, 1.999976476158054 ], [ 37.880224171, 46.265829885001949, 2.041676476158045 ], [ 37.880443982314318, 46.265221991157887, 2.047776476158106 ], [ 37.882332227696679, 46.260000000000218, 2.038376476158192 ], [ 37.883012029000383, 46.258119992000502, 2.034976476158135 ], [ 37.883360074036318, 46.256680037020487, 2.033176476158133 ], [ 37.884021454001413, 46.253943732001062, 2.029876476158051 ], [ 37.884656618623922, 46.25, 2.026676476158173 ], [ 37.884701155000585, 46.249723474000348, 2.026476476158223 ], [ 37.884820435785514, 46.247410217896686, 2.025876476158146 ], [ 37.885138164001546, 46.241248398002426, 2.024276476158093 ], [ 37.885071157299535, 46.24000000000342, 2.02467647615822 ], [ 37.884912376001012, 46.237041755000973, 2.025476476158019 ], [ 37.884390940002049, 46.232888179001748, 2.028076476158049 ], [ 37.884372725975481, 46.232813637010622, 2.028176476158023 ], [ 37.883685225535373, 46.229999999999563, 2.031576476158079 ], [ 37.88242485900264, 46.224841874000049, 2.03787647615809 ], [ 37.882075300356519, 46.223962349820795, 2.039576476158118 ], [ 37.880500501545612, 46.220000000002983, 2.047476476158181 ], [ 37.880156683999303, 46.219134921000659, 2.040576476158094 ], [ 37.87748459872455, 46.213742299360092, 1.999976476158054 ], [ 37.875630260761682, 46.210000000000946, 1.999976476158054 ], [ 37.87451231697014, 46.207743841514457, 1.999976476158054 ], [ 37.87067518425647, 46.200000000002547, 1.999976476158054 ], [ 37.87054111976795, 46.199729440117153, 1.999976476158054 ], [ 37.8700000000008, 46.198637388837597, 1.999976476158054 ], [ 37.868958829001713, 46.19653616800133, 2.005176476158113 ], [ 37.86552226265303, 46.190000000000509, 2.022376476158115 ], [ 37.863925291982014, 46.186962645992026, 1.999976476158054 ], [ 37.861002212002859, 46.181403102000331, 1.999976476158054 ], [ 37.86036200225135, 46.180000000000291, 1.999976476158054 ], [ 37.858437144876007, 46.175781427564289, 1.999976476158054 ], [ 37.858320560997527, 46.175525918999483, 1.999976476158054 ], [ 37.856389959901207, 46.17, 1.999976476158054 ], [ 37.856140552001307, 46.169286125003055, 1.999976476158054 ], [ 37.854438132997529, 46.162749348999569, 1.999976476158054 ], [ 37.854323932593616, 46.162161966294661, 1.999976476158054 ], [ 37.853903597724639, 46.159999999999854, 1.980476476158174 ], [ 37.853121124002428, 46.155975395002315, 1.984376476158104 ], [ 37.852432030380442, 46.151216015188766, 1.987876476158135 ], [ 37.85225596788041, 46.149999999999636, 1.988676476158162 ], [ 37.852113153001483, 46.14901361700322, 1.989476476158188 ], [ 37.851257868174798, 46.140628934088454, 1.993676476158043 ], [ 37.851193713362591, 46.139999999999418, 1.999976476158054 ], [ 37.851143512003546, 46.139507857000353, 1.999976476158054 ], [ 37.850527124199289, 46.130263562101391, 1.999976476158054 ], [ 37.850509550504285, 46.130000000002838, 1.999976476158054 ], [ 37.850497210001777, 46.129814923000595, 1.999976476158054 ], [ 37.850494622014594, 46.129752688993904, 1.999976476158054 ], [ 37.850089058110825, 46.1200000000008, 1.999976476158054 ], [ 37.850088731001961, 46.119992133999403, 1.999976476158054 ], [ 37.850000000004002, 46.114579857745412, 1.999976476158054 ], [ 37.849924916001328, 46.110000000002401, 2.000376476158181 ], [ 37.849924295431265, 46.109962147716942, 2.000376476158181 ], [ 37.849762959001964, 46.100121198000124, 2.001176476158207 ], [ 37.84976415118399, 46.100000000000364, 2.001176476158207 ], [ 37.8497653054892, 46.099882652742963, 2.001176476158207 ], [ 37.849862517623478, 46.090000000001965, 2.000676476158105 ], [ 37.849863190496762, 46.089931595248345, 2.000676476158105 ], [ 37.849960884062966, 46.08, 2.000176476158231 ], [ 37.849961075509782, 46.079980537753727, 2.000176476158231 ], [ 37.850000000004002, 46.076023446848922, 1.999976476158054 ], [ 37.850008534998778, 46.075155773, 1.999976476158054 ], [ 37.850179719715015, 46.069999999999709, 1.999976476158054 ], [ 37.850503388141078, 46.060251694072576, 1.999976476158054 ], [ 37.85050341600072, 46.060250855001868, 1.999976476158054 ], [ 37.850516787124434, 46.059999999999491, 1.999976476158054 ], [ 37.85102255687525, 46.050511278437625, 1.999976476158054 ], [ 37.851028514003701, 46.050399517002006, 1.999976476158054 ], [ 37.85106152800472, 46.049999999999272, 1.999976476158054 ], [ 37.851812968696322, 46.040906484349762, 1.999976476158054 ], [ 37.851887875835018, 46.040000000002692, 1.999976476158054 ], [ 37.85196923967851, 46.0390153801618, 1.999976476158054 ], [ 37.852231659004246, 46.035839727999701, 1.999976476158054 ], [ 37.852778262003994, 46.031067956002516, 1.999976476158054 ], [ 37.852935404678647, 46.030000000000655, 1.999976476158054 ], [ 37.854104838685089, 46.022052419342799, 1.999976476158054 ], [ 37.854157803001726, 46.02169246899939, 1.999976476158054 ], [ 37.854503709655546, 46.020000000002256, 1.999976476158054 ], [ 37.855940453984658, 46.012970226991456, 1.999976476158054 ], [ 37.856014724000488, 46.012606835001861, 1.999976476158054 ], [ 37.856724421373656, 46.010000000000218, 1.999976476158054 ], [ 37.858315010424121, 46.004157505212788, 2.058376476158173 ], [ 37.859446869757448, 46.000000000001819, 2.052776476158215 ], [ 37.860461523001504, 45.996273012000529, 2.047676476158131 ], [ 37.860667630086027, 45.995333815044432, 2.046676476158154 ], [ 37.861838137578161, 45.989999999999782, 2.040776476158044 ], [ 37.862227813999198, 45.988224307000564, 2.038876476158066 ], [ 37.862689577603305, 45.983655211201039, 2.036576476158189 ], [ 37.863058981869472, 45.980000000001382, 2.034676476158211 ], [ 37.863098653999259, 45.979607449002287, 2.034476476158034 ], [ 37.863113610299479, 45.976556805147993, 2.034476476158034 ], [ 37.863119804003873, 45.975293470999532, 2.034376476158059 ], [ 37.862864278000416, 45.970999704999485, 2.035676476158187 ], [ 37.862731056520715, 45.969999999999345, 2.036376476158239 ], [ 37.862212148909748, 45.966106074454729, 2.038976476158041 ], [ 37.862061967000045, 45.96497909700156, 2.029176476158227 ], [ 37.861121607793393, 45.960000000000946, 1.988776476158137 ], [ 37.860928504003823, 45.958977537002283, 1.990676476158114 ], [ 37.860063602063747, 45.955031801033329, 1.999376476158204 ], [ 37.859062343997721, 45.950464000001375, 2.009376476158195 ], [ 37.858936719145277, 45.950000000002547, 2.010676476158096 ], [ 37.857871184271062, 45.946064407868107, 2.021276476158164 ], [ 37.856229286968301, 45.940000000000509, 1.96887647615813 ], [ 37.855358844002694, 45.936784986999555, 1.973176476158187 ], [ 37.854233876134458, 45.932116938067338, 1.978876476158121 ], [ 37.853723708532925, 45.93000000000211, 1.981376476158175 ], [ 37.85149377124435, 45.920746885620247, 1.992576476158092 ], [ 37.851313776915049, 45.92, 1.986876476158159 ], [ 37.850000000004002, 45.914548488830405, 1.999976476158054 ], [ 37.848981006003669, 45.910320177999893, 2.005076476158138 ], [ 37.848890056744494, 45.910000000001673, 2.00557647615824 ], [ 37.848706315780873, 45.909353157891019, 2.006476476158241 ], [ 37.846474432002651, 45.901496029000555, 2.017676476158158 ], [ 37.845963315287008, 45.899999999999636, 2.020176476158213 ], [ 37.8451316885712, 45.897565844286873, 2.024376476158068 ], [ 37.844382027004031, 45.895371598999191, 2.00987647615807 ], [ 37.842344327091268, 45.890000000001237, 1.976576476158243 ], [ 37.840552360234142, 45.885276180117216, 1.99447647615807 ], [ 37.838849489000495, 45.880787226000393, 2.011476476158123 ], [ 37.838514566539743, 45.8799999999992, 2.014876476158179 ], [ 37.835411187776117, 45.872705593888895, 1.972976476158237 ], [ 37.834260102621556, 45.8700000000008, 1.978676476158171 ], [ 37.83000716227798, 45.860003581141427, 1.999976476158054 ], [ 37.830005638696093, 45.860000000002401, 1.999976476158054 ], [ 37.83, 45.859986746398135, 1.999976476158054 ], [ 37.828546124002969, 45.856569451001633, 2.00727647615804 ], [ 37.826198063650736, 45.851900968174959, 2.018976476158059 ], [ 37.825241952605211, 45.850000000000364, 2.023776476158218 ], [ 37.824329909999506, 45.84818665000239, 2.010176476158222 ], [ 37.821966797684581, 45.844016601160547, 1.980376476158199 ], [ 37.819716681997306, 45.84004595100123, 2.002876476158235 ], [ 37.819688033841885, 45.840000000001965, 2.003076476158185 ], [ 37.817385719918093, 45.836307140043573, 2.026176476158071 ], [ 37.814743524002552, 45.832069116999264, 1.996976476158125 ], [ 37.813318450425868, 45.83, 1.983376476158128 ], [ 37.810000000003129, 45.825181819178397, 1.999976476158054 ], [ 37.80676933000359, 45.820491090002179, 2.01617647615808 ], [ 37.80639103185058, 45.820000000001528, 2.018076476158058 ], [ 37.804130215450641, 45.817065107725284, 2.029376476158177 ], [ 37.802789432998907, 45.815324563000104, 2.025376476158044 ], [ 37.798537352999119, 45.810252215003857, 2.017176476158056 ], [ 37.798310460004359, 45.809999999999491, 2.016876476158131 ], [ 37.794057574998078, 45.805272478999541, 2.012176476158174 ], [ 37.790000000004511, 45.801031960034379, 2.010276476158197 ], [ 37.789384301000609, 45.800388501002089, 2.006976476158115 ], [ 37.789329064222329, 45.800335467889454, 2.006676476158191 ], [ 37.788979656761512, 45.800000000001091, 2.005076476158138 ], [ 37.787870841379117, 45.798935420691123, 2.010676476158096 ], [ 37.779548606004028, 45.790945200000351, 2.013976476158177 ], [ 37.778476095627411, 45.790000000002692, 2.015276476158078 ], [ 37.774411523001618, 45.786417904999325, 2.020076476158238 ], [ 37.770000000002256, 45.782768609076811, 2.027676476158149 ], [ 37.769132833000185, 45.782051272002718, 2.02487647615817 ], [ 37.766479316827827, 45.780000000000655, 2.017576476158183 ], [ 37.763423464002699, 45.777637706001769, 2.00927647615822 ], [ 37.759385500432472, 45.774692750215763, 1.999976476158054 ], [ 37.752951055981612, 45.770000000002256, 1.970476476158183 ], [ 37.749999999998181, 45.767847744480605, 1.978476476158221 ], [ 37.743616175495845, 45.763191912257753, 1.963876476158021 ], [ 37.739239598613494, 45.760000000000218, 2.007576476158192 ], [ 37.735481577678001, 45.757259211164637, 1.99037647615819 ], [ 37.735006060003798, 45.756912408000062, 1.99407647615817 ], [ 37.730000000001382, 45.753352221079695, 2.033476476158057 ], [ 37.727958265999405, 45.751900190001834, 2.029176476158227 ], [ 37.725105590348903, 45.750000000001819, 2.024476476158043 ], [ 37.721959135000361, 45.747904121000829, 2.019276476158211 ], [ 37.709999999997308, 45.740507930959211, 2.005076476158138 ], [ 37.709580858998379, 45.740248710999367, 2.004576476158036 ], [ 37.709544883520721, 45.740227558238985, 2.004576476158036 ], [ 37.709157864721419, 45.739999999999782, 2.004176476158136 ], [ 37.704371765988981, 45.737185882995618, 1.999976476158054 ], [ 37.692150402979678, 45.730000000001382, 1.989276476158238 ], [ 37.690000000000509, 45.728735612041419, 1.987376476158033 ], [ 37.678559725001833, 45.722008991000621, 2.034476476158034 ], [ 37.674941889170441, 45.719999999999345, 2.050576476158085 ], [ 37.672600431567844, 45.718699784216369, 2.047976476158055 ], [ 37.670000000003711, 45.717255759709587, 2.045076476158101 ], [ 37.668902564999371, 45.71664635200068, 2.043876476158175 ], [ 37.656267261216271, 45.710000000000946, 2.037376476158215 ], [ 37.649999999999636, 45.706703330226446, 2.001076476158232 ], [ 37.643883403003201, 45.703485911999451, 1.965776476158226 ], [ 37.637922957999763, 45.700140300001294, 1.924976476158236 ], [ 37.637692909782345, 45.700000000002547, 1.92307647615803 ], [ 37.632121136999558, 45.696601931000259, 1.910876476158137 ], [ 37.630000000002838, 45.69514786137006, 1.902976476158074 ], [ 37.625512878998052, 45.692071875999318, 1.908776476158209 ], [ 37.622853931863574, 45.690000000000509, 1.907176476158156 ], [ 37.619232138004008, 45.687177865002013, 1.933276476158198 ], [ 37.614918367000428, 45.683434919001229, 1.960576476158167 ], [ 37.612664177053375, 45.681332088526688, 1.973376476158137 ], [ 37.611236206226749, 45.68000000000211, 1.98147647615815 ], [ 37.610759106999467, 45.679554935999477, 1.979676476158147 ], [ 37.61000000000422, 45.678776859531354, 1.975576476158039 ], [ 37.604244641479454, 45.672877679262456, 1.91507647615822 ], [ 37.603414731003795, 45.672027030001118, 1.919076476158125 ], [ 37.601679833198432, 45.67, 1.924776476158058 ], [ 37.59975537900209, 45.667751495004268, 1.908676476158234 ], [ 37.598262311161307, 45.665868844420402, 1.893476476158185 ], [ 37.597819402002642, 45.665310368001883, 1.896676476158063 ], [ 37.594016807310254, 45.660000000001673, 1.919676476158202 ], [ 37.592965109000943, 45.658531291001054, 1.94067647615816 ], [ 37.590434715000811, 45.654631883000548, 1.991276476158191 ], [ 37.590000000001965, 45.653930487178513, 1.999976476158054 ], [ 37.587563940818654, 45.649999999999636, 2.012176476158174 ], [ 37.586470027979885, 45.648235013988597, 2.017676476158158 ], [ 37.581366085245463, 45.640000000001237, 1.986376476158057 ], [ 37.58104296500278, 45.639478658000371, 1.984376476158104 ], [ 37.577771464244506, 45.633885732122508, 1.961176476158244 ], [ 37.577724457003569, 45.633805369001493, 1.961376476158193 ], [ 37.575658102739908, 45.6299999999992, 1.971676476158109 ], [ 37.574603673003367, 45.628058177000639, 1.957576476158238 ], [ 37.574462726855927, 45.627768636570181, 1.955376476158108 ], [ 37.570681011888155, 45.6200000000008, 1.993176476158169 ], [ 37.570000000003347, 45.618601022588336, 1.999976476158054 ], [ 37.566592151000805, 45.611600405, 2.017076476158081 ], [ 37.565716242528651, 45.610000000002401, 2.021376476158139 ], [ 37.564102333537448, 45.607051166767633, 2.029476476158152 ], [ 37.560462178002126, 45.600400103001448, 1.999376476158204 ], [ 37.560219756533115, 45.600000000000364, 1.997776476158151 ], [ 37.557843559394314, 45.596078220303752, 2.021576476158089 ], [ 37.555588067001736, 45.592355657001463, 1.995576476158021 ], [ 37.554055950722613, 45.590000000001965, 1.979676476158147 ], [ 37.550000000001091, 45.583763901064231, 1.999976476158054 ], [ 37.548152703295273, 45.580923648352837, 2.00927647615822 ], [ 37.548147788000279, 45.580916090999381, 2.00927647615822 ], [ 37.547449174691792, 45.58, 2.012776476158024 ], [ 37.545877112490416, 45.577938556245499, 2.020576476158112 ], [ 37.542873828000666, 45.574000352000439, 2.035676476158187 ], [ 37.539022101838782, 45.570000000001528, 2.054876476158142 ], [ 37.538324424000166, 45.569275401001505, 2.051176476158162 ], [ 37.533278063001489, 45.564896919999228, 2.032576476158056 ], [ 37.530000000004293, 45.562435075325993, 2.024376476158068 ], [ 37.528053506133801, 45.560973246934736, 2.009776476158095 ], [ 37.527832227002364, 45.560807065001427, 2.010876476158046 ], [ 37.526621692588378, 45.559999999999491, 2.016876476158131 ], [ 37.5220661270032, 45.556962798000313, 2.00927647615822 ], [ 37.516043079998781, 45.553334804999395, 2.00317647615816 ], [ 37.510000000000218, 45.550009811973723, 2.000076476158029 ], [ 37.509982167022827, 45.550000000001091, 2.000076476158029 ], [ 37.509812646003411, 45.549906726999325, 1.999976476158054 ], [ 37.509731588470459, 45.549865794237121, 1.999976476158054 ], [ 37.503412474001379, 45.546674742003233, 1.999976476158054 ], [ 37.50256831284787, 45.546284156424008, 1.999976476158054 ], [ 37.496869843003878, 45.543647527003486, 2.002076476158209 ], [ 37.490202901002704, 45.540846604999388, 2.007476476158217 ], [ 37.49000000000342, 45.540770620658805, 2.007676476158167 ], [ 37.48794221154094, 45.540000000002692, 2.010276476158197 ], [ 37.483421615001134, 45.538307083003019, 2.01597647615813 ], [ 37.476528460003465, 45.536078757999348, 2.028176476158023 ], [ 37.469999999999345, 45.534354638370132, 2.043576476158023 ], [ 37.469518861003962, 45.534227572999953, 2.042276476158122 ], [ 37.463740900429912, 45.533129549785372, 2.031276476158155 ], [ 37.459929712000303, 45.532405285001005, 2.024076476158143 ], [ 37.450178444001722, 45.5311861720038, 2.011876476158022 ], [ 37.450000000002547, 45.53117181878406, 2.011676476158073 ], [ 37.440316794001774, 45.530392946000575, 2.003976476158186 ], [ 37.431447204426149, 45.530000000000655, 1.999976476158054 ], [ 37.430000000003929, 45.529935885062514, 1.999976476158054 ], [ 37.429859303696503, 45.52992965184967, 1.999976476158054 ], [ 37.423736463000751, 45.529658394001672, 1.999976476158054 ], [ 37.410000000001673, 45.529308549992493, 1.999976476158054 ], [ 37.40854287928596, 45.529271439643708, 1.999976476158054 ], [ 37.390000000003056, 45.52879918450526, 1.999976476158054 ], [ 37.387469472681914, 45.528734736339175, 1.999976476158054 ], [ 37.383800580997558, 45.528641295999478, 1.999976476158054 ], [ 37.370590267000807, 45.527933814999415, 1.999976476158054 ], [ 37.3700000000008, 45.527882840613529, 1.999976476158054 ], [ 37.364881660156243, 45.527440830075648, 1.999976476158054 ], [ 37.360761574998833, 45.527085027002613, 1.999976476158054 ], [ 37.351028188000782, 45.52584374000071, 1.999976476158054 ], [ 37.350000000002183, 45.52566815416867, 1.999976476158054 ], [ 37.343845809002232, 45.524617189999844, 1.999976476158054 ], [ 37.336314970716558, 45.523157485356933, 1.999976476158054 ], [ 37.33, 45.521933452691883, 2.019376476158186 ], [ 37.320025023467679, 45.520000000002256, 1.999976476158054 ], [ 37.31000000000131, 45.518056846698528, 1.999976476158054 ], [ 37.30365334551243, 45.516826672759635, 1.999976476158054 ], [ 37.296103944003335, 45.51536336999925, 2.023076476158167 ], [ 37.290000000004511, 45.514294971173513, 2.042976476158174 ], [ 37.288930088001507, 45.514107700002569, 2.041076476158196 ], [ 37.282464045998495, 45.513194945999203, 2.031976476158206 ], [ 37.274850474766936, 45.512425237382558, 2.024276476158093 ], [ 37.270000000002256, 45.511934869313336, 2.019376476158186 ], [ 37.269413896001424, 45.511875616002726, 2.018776476158109 ], [ 37.259558249999827, 45.511187632002475, 2.011876476158022 ], [ 37.251513495957624, 45.51075674797903, 2.007576476158192 ], [ 37.250000000003638, 45.510675683821319, 2.006776476158166 ], [ 37.237384748947079, 45.510000000000218, 1.999976476158054 ], [ 37.230714525900112, 45.509642737053582, 1.999976476158054 ], [ 37.230000000001382, 45.509604466424207, 1.999976476158054 ], [ 37.229931808004039, 45.509600814000805, 1.999976476158054 ], [ 37.229082569630918, 45.509541284814986, 1.999976476158054 ], [ 37.22013317800338, 45.508913957999539, 1.999976476158054 ], [ 37.210433536001801, 45.507970426999236, 1.999976476158054 ], [ 37.210000000002765, 45.507913594512502, 1.999976476158054 ], [ 37.204046281003684, 45.507133118000638, 1.999976476158054 ], [ 37.197823776295991, 45.506088111853387, 1.999976476158054 ], [ 37.197743159000311, 45.506074573002479, 1.999976476158054 ], [ 37.191545717998451, 45.504739626001538, 1.999976476158054 ], [ 37.190000000000509, 45.504314320109188, 1.999976476158054 ], [ 37.184765587002403, 45.502874066, 1.999976476158054 ], [ 37.178144629002418, 45.500679323002259, 1.999976476158054 ], [ 37.176346501666558, 45.500000000001819, 1.999976476158054 ], [ 37.171685112998603, 45.498238951999156, 1.999976476158054 ], [ 37.170000000001892, 45.497538842568247, 1.999976476158054 ], [ 37.165396602002147, 45.495626280999204, 1.999976476158054 ], [ 37.153187244122819, 45.489999999999782, 1.999976476158054 ], [ 37.149999999999636, 45.488531263377809, 1.999976476158054 ], [ 37.145738978999361, 45.486567711999669, 2.021276476158164 ], [ 37.140673250496548, 45.484663374752927, 2.046676476158154 ], [ 37.13781543600453, 45.48358904899942, 2.035876476158137 ], [ 37.130000000001019, 45.481193541958419, 2.011976476158225 ], [ 37.129654830001527, 45.481087743999524, 2.010876476158046 ], [ 37.125831908353575, 45.480000000001382, 1.999976476158054 ], [ 37.113364394999735, 45.476452591999987, 1.999976476158054 ], [ 37.11000000000422, 45.475411949973932, 1.999976476158054 ], [ 37.105423308001264, 45.473996332000752, 2.022876476158217 ], [ 37.103182339111299, 45.473408830446715, 2.034076476158134 ], [ 37.09991828999955, 45.472553113999311, 2.025576476158221 ], [ 37.094207523003206, 45.471281803000238, 2.012776476158024 ], [ 37.090000000000146, 45.470483275894367, 2.004876476158188 ], [ 37.087453568681667, 45.469999999999345, 1.999976476158054 ], [ 37.070123130002685, 45.466710933000286, 1.999976476158054 ], [ 37.070000000003347, 45.466685285555286, 1.999976476158054 ], [ 37.058636732781451, 45.464318366390216, 1.999976476158054 ], [ 37.056289620000825, 45.463829473001169, 2.006876476158141 ], [ 37.05000000000291, 45.462687460294546, 2.026876476158122 ], [ 37.043005076999179, 45.461417385002278, 2.014176476158127 ], [ 37.032209060922469, 45.460000000000946, 1.999976476158054 ], [ 37.030000000002474, 45.459709977290913, 1.999976476158054 ], [ 37.02921341714864, 45.459606708573119, 1.999976476158054 ], [ 37.010000000000218, 45.45708422165626, 1.999976476158054 ], [ 37.002091994247166, 45.45604599712351, 1.999976476158054 ], [ 36.99792683799933, 45.455499162999331, 2.015376476158053 ], [ 36.991264225001942, 45.454893467001966, 2.042576476158047 ], [ 36.989999999999782, 45.454846889055261, 2.048476476158157 ], [ 36.985388441002215, 45.454676985000333, 2.046776476158129 ], [ 36.979621153999688, 45.454785586000071, 2.047876476158081 ], [ 36.979577859103301, 45.454788929555434, 2.047876476158081 ], [ 36.97400020600071, 45.455219677000059, 2.019976476158035 ], [ 36.969999999999345, 45.455726503914775, 1.999976476158054 ], [ 36.9631809562743, 45.456590478135695, 1.999976476158054 ], [ 36.957173389999298, 45.457351638002365, 1.999976476158054 ], [ 36.950000000000728, 45.458021740379991, 1.999976476158054 ], [ 36.948206405999372, 45.458189289001893, 1.991076476158241 ], [ 36.946612906325754, 45.458306453163459, 1.983076476158203 ], [ 36.930000000000291, 45.459527938968677, 1.995276476158097 ], [ 36.929176914785785, 45.459588457393693, 1.995876476158173 ], [ 36.923579699707261, 45.460000000000946, 1.999976476158054 ], [ 36.916717354000866, 45.46050456300145, 2.005076476158138 ], [ 36.911866379117782, 45.460933189560819, 2.009376476158195 ], [ 36.909999999999854, 45.461098100668096, 2.010976476158021 ], [ 36.90382356900227, 45.461643843002093, 2.016476476158232 ], [ 36.895338225003798, 45.462669112501317, 2.026676476158173 ], [ 36.890935518002152, 45.463201084001412, 2.031976476158206 ], [ 36.889999999999418, 45.463347434448224, 2.033476476158057 ], [ 36.879865658547715, 45.464932829274403, 2.049376476158159 ], [ 36.870000000002619, 45.466476191919355, 1.999976476158054 ], [ 36.869391936999818, 45.466571315999317, 1.996976476158125 ], [ 36.864378633523302, 45.467189316761505, 1.971876476158059 ], [ 36.862906953001584, 45.467370734000724, 1.973676476158062 ], [ 36.850000000002183, 45.468508366455353, 1.985076476158156 ], [ 36.84982383300121, 45.4685238940001, 1.984376476158104 ], [ 36.84732106742922, 45.468660533715592, 1.973176476158187 ], [ 36.836634154000421, 45.46924399099953, 1.984876476158206 ], [ 36.830000000001746, 45.469434757758791, 1.988676476158162 ], [ 36.828930994550319, 45.46946549727727, 1.99467647615802 ], [ 36.816730832002577, 45.469816315999196, 1.998176476158051 ], [ 36.81000000000131, 45.469882451790909, 1.998776476158127 ], [ 36.809769434557893, 45.469884717278546, 1.998876476158102 ], [ 36.798036776393928, 45.469999999999345, 1.999976476158054 ], [ 36.790154891607017, 45.470077445801508, 2.00077647615808 ], [ 36.790085156999339, 45.470078131000264, 2.00077647615808 ], [ 36.790000000000873, 45.470077964077063, 2.00077647615808 ], [ 36.789844680764872, 45.470077659618255, 2.00077647615808 ], [ 36.770000000000437, 45.470038760024181, 2.000376476158181 ], [ 36.75022652192456, 45.469999999999345, 1.999976476158054 ], [ 36.75, 45.469999555973118, 1.999976476158054 ], [ 36.74999910844781, 45.46999955422325, 1.999976476158054 ], [ 36.729999999999563, 45.469960351920236, 1.999576476158154 ], [ 36.72992039174278, 45.469960195870954, 1.999976476158054 ], [ 36.709999999999127, 45.469921147867353, 1.999976476158054 ], [ 36.709841675037751, 45.469920837518657, 1.999976476158054 ], [ 36.690000000002328, 45.46988194381629, 1.999976476158054 ], [ 36.689762958332722, 45.469881479166361, 1.999976476158054 ], [ 36.670000000001892, 45.469842739763408, 1.999976476158054 ], [ 36.669684241625873, 45.469842120814064, 1.999976476158054 ], [ 36.663297242001136, 45.469829600999219, 1.999976476158054 ], [ 36.650000000001455, 45.469883115401899, 1.999976476158054 ], [ 36.649768097377091, 45.469884048688982, 1.999976476158054 ], [ 36.630000000001019, 45.469963604880832, 1.999976476158054 ], [ 36.629993260999981, 45.469963632001964, 1.999976476158054 ], [ 36.629930186571073, 45.469965093285282, 1.999676476158129 ], [ 36.628423483325605, 45.469999999999345, 1.999976476158054 ], [ 36.610815853427994, 45.47040792671396, 2.004076476158161 ], [ 36.610000000000582, 45.47042682808933, 2.004276476158111 ], [ 36.609104867668066, 45.470447566165603, 2.004476476158061 ], [ 36.603470759000629, 45.470578095002566, 2.005776476158189 ], [ 36.590298970999356, 45.471263559002182, 2.012676476158049 ], [ 36.590000000000146, 45.471286131905799, 2.012876476158226 ], [ 36.583748944001854, 45.471758099, 2.017576476158183 ], [ 36.575343426662585, 45.472671713334421, 2.026676476158173 ], [ 36.570749007001723, 45.47317109100004, 2.031676476158054 ], [ 36.569999999999709, 45.473288096891338, 2.032876476158208 ], [ 36.560435609997512, 45.474782195004082, 1.999976476158054 ], [ 36.549999999999272, 45.476412390467885, 1.999976476158054 ], [ 36.549183428001925, 45.476539950999722, 1.999976476158054 ], [ 36.544334957710817, 45.477167478855336, 1.999976476158054 ], [ 36.539479856002799, 45.47779586499928, 1.999976476158054 ], [ 36.530000000002474, 45.478731718940253, 1.999976476158054 ], [ 36.517152779615571, 45.480000000001382, 1.999976476158054 ], [ 36.511179389392055, 45.480589694696391, 2.005876476158164 ], [ 36.510162979002416, 45.480690035001317, 2.006876476158141 ], [ 36.510000000002037, 45.480708203525865, 2.00707647615809 ], [ 36.508177187011825, 45.480911406497398, 2.009076476158043 ], [ 36.4971715089996, 45.482138294000833, 2.021376476158139 ], [ 36.490715759999148, 45.483031798999946, 2.030276476158178 ], [ 36.490000000001601, 45.483150579895664, 2.031476476158105 ], [ 36.479714824539769, 45.484857412269776, 2.048576476158132 ], [ 36.470000000001164, 45.486469594494338, 1.999976476158054 ], [ 36.46919803000128, 45.486602682000012, 1.999976476158054 ], [ 36.462744787999327, 45.487506782001219, 1.999976476158054 ], [ 36.452845836511187, 45.488577081743642, 1.999976476158054 ], [ 36.450000000000728, 45.488884780810622, 1.988876476158111 ], [ 36.44816612750401, 45.489083063752332, 1.9816764761581 ], [ 36.439685599038057, 45.489999999999782, 1.999976476158054 ], [ 36.431722073222772, 45.490861036612841, 2.008576476158169 ], [ 36.43024107400197, 45.491021166002611, 2.010176476158222 ], [ 36.430000000000291, 45.49105195676384, 2.010476476158146 ], [ 36.427174261312757, 45.491412869343549, 2.014176476158127 ], [ 36.417297990001316, 45.492674298999191, 2.026776476158147 ], [ 36.409999999999854, 45.493953306737239, 2.039576476158118 ], [ 36.405528097999195, 45.494737028999225, 2.024976476158145 ], [ 36.40126490059447, 45.495632450300036, 2.012676476158049 ], [ 36.389999999999418, 45.497998475360873, 1.979976476158072 ], [ 36.380470525236888, 45.500000000001819, 1.999976476158054 ], [ 36.370494633001726, 45.502095288000419, 2.020976476158239 ], [ 36.370000000002619, 45.502204329493907, 2.02207647615819 ], [ 36.3591794319982, 45.504589716001647, 1.991776476158066 ], [ 36.354553705999933, 45.505609453999568, 1.978876476158121 ], [ 36.350000000002183, 45.506462247631134, 1.964576476158072 ], [ 36.344852490999983, 45.507426245501847, 1.948476476158021 ], [ 36.342815795002025, 45.507807666999724, 1.956176476158134 ], [ 36.330000000001746, 45.509585259298547, 1.991676476158091 ], [ 36.327009870137772, 45.510000000000218, 1.999976476158054 ], [ 36.313693928514112, 45.51184696425662, 2.018476476158185 ], [ 36.31000000000131, 45.512359324113277, 2.023576476158041 ], [ 36.298037205075161, 45.514018602534634, 1.980376476158199 ], [ 36.290030489000856, 45.515129160001379, 2.002576476158083 ], [ 36.290000000000873, 45.515132911430555, 2.002676476158058 ], [ 36.282188185368796, 45.516094092685307, 2.021876476158241 ], [ 36.270000000000437, 45.517593751326785, 1.975976476158166 ], [ 36.269447996000963, 45.517661670999587, 1.976576476158243 ], [ 36.265926965976178, 45.517963482987398, 1.979676476158147 ], [ 36.256379111999195, 45.518781896000291, 1.98777647615816 ], [ 36.25, 45.519112808511636, 1.991176476158216 ], [ 36.248392403209436, 45.519196201605155, 1.991976476158243 ], [ 36.243207081002765, 45.519465187002424, 1.99467647615802 ], [ 36.229999999999563, 45.519860695094394, 1.998576476158178 ], [ 36.229967345001569, 45.519861673001287, 1.998776476158127 ], [ 36.229728564840116, 45.519864282419803, 1.999976476158054 ], [ 36.217309449548338, 45.520000000002256, 1.999976476158054 ], [ 36.210156340075628, 45.520078170036868, 2.00077647615808 ], [ 36.209999999999127, 45.520079878542674, 2.00077647615808 ], [ 36.200044540000818, 45.52018867300103, 2.001876476158031 ], [ 36.190328506578226, 45.520164253290204, 2.001676476158082 ], [ 36.190000000002328, 45.52016342764, 2.001676476158082 ], [ 36.170227465001517, 45.520113732500249, 2.001176476158207 ], [ 36.170000000001892, 45.520113160802794, 2.001176476158207 ], [ 36.150126423426627, 45.520063211713932, 2.000676476158105 ], [ 36.150000000001455, 45.520062893967406, 2.000676476158105 ], [ 36.130025381849919, 45.520012690923977, 2.000176476158231 ], [ 36.130000000001019, 45.520012627135657, 2.000076476158029 ], [ 36.124975959357471, 45.520000000002256, 2.025076476158119 ], [ 36.110000000000582, 45.519962360296631, 2.099576476158063 ], [ 36.10992434027321, 45.519962170139479, 2.099576476158063 ], [ 36.090000000000146, 45.519912093459425, 1.999976476158054 ], [ 36.08982329869832, 45.519911649349524, 1.999976476158054 ], [ 36.069999999999709, 45.519861826625856, 1.999976476158054 ], [ 36.069722257121612, 45.519861128563207, 1.999976476158054 ], [ 36.049999999999272, 45.51981155978865, 1.999976476158054 ], [ 36.049621215548541, 45.519810607773252, 1.999976476158054 ], [ 36.030000000002474, 45.519761292955081, 1.999976476158054 ], [ 36.029520173971832, 45.519760086986935, 1.999976476158054 ], [ 36.010000000002037, 45.519711026116056, 1.999976476158054 ], [ 36.009419132395124, 45.51970956619698, 1.999976476158054 ], [ 36.003261117000875, 45.519694089000041, 1.999976476158054 ], [ 35.990000000001601, 45.51973723134688, 1.999976476158054 ], [ 35.989477860048282, 45.519738930024687, 1.999976476158054 ], [ 35.970000000001164, 45.519802297279966, 1.999976476158054 ], [ 35.969953364001412, 45.519802449000053, 1.999976476158054 ], [ 35.969618602164701, 45.519809301084024, 1.999976476158054 ], [ 35.960301912773502, 45.520000000002256, 1.999976476158054 ], [ 35.950405144558317, 45.520202572279231, 2.001976476158234 ], [ 35.950049539002066, 45.52020985099989, 2.002076476158209 ], [ 35.950000000000728, 45.520212047167661, 2.002076476158209 ], [ 35.936854299001425, 45.520794823001779, 2.007976476158092 ], [ 35.932290811593703, 45.521145405797142, 2.011476476158123 ], [ 35.930000000000291, 45.521321393820472, 2.013176476158151 ], [ 35.923758465001811, 45.521800889999213, 2.017976476158083 ], [ 35.915662814033567, 45.522831407015474, 2.028276476158226 ], [ 35.910814106000544, 45.52344861200072, 2.004076476158161 ], [ 35.909999999999854, 45.5235941286046, 1.999976476158054 ], [ 35.903662320999501, 45.524726951000048, 1.999976476158054 ], [ 35.900672600046164, 45.525336300024719, 1.999976476158054 ], [ 35.889999999999418, 45.527511532600329, 1.999976476158054 ], [ 35.886464314449768, 45.52823215722492, 1.999976476158054 ], [ 35.877790539021589, 45.530000000000655, 1.999976476158054 ], [ 35.872256028851552, 45.53112801442694, 2.011276476158173 ], [ 35.870357625002725, 45.531514937001702, 2.001776476158057 ], [ 35.870000000004438, 45.531593304152921, 1.999976476158054 ], [ 35.864327209766998, 45.532836395117556, 1.999976476158054 ], [ 35.850000000004002, 45.535975948012492, 1.999976476158054 ], [ 35.849096769001335, 45.536173875001623, 1.999976476158054 ], [ 35.844071965955663, 45.537035982977613, 1.999976476158054 ], [ 35.830000000001746, 45.539450317224691, 1.999976476158054 ], [ 35.826796169665613, 45.540000000002692, 1.999976476158054 ], [ 35.817060953000691, 45.541670275999422, 2.016676476158182 ], [ 35.814386647351057, 45.542193323673928, 2.021976476158216 ], [ 35.810688505001963, 45.542916616001094, 2.003476476158085 ], [ 35.81000000000131, 45.543071316104033, 1.999976476158054 ], [ 35.803610380000464, 45.544506999001896, 1.999976476158054 ], [ 35.800542884797323, 45.545271442397279, 1.999976476158054 ], [ 35.790000000000873, 45.547898810369588, 1.999976476158054 ], [ 35.787195451062871, 45.548597725533909, 1.999976476158054 ], [ 35.781568520103974, 45.550000000001091, 1.999976476158054 ], [ 35.77693898400139, 45.551153716000044, 2.011576476158098 ], [ 35.77394116150208, 45.551970580749185, 2.019676476158111 ], [ 35.770675228000982, 45.55286050200084, 2.00337647615811 ], [ 35.770000000000437, 45.553074481986187, 1.999976476158054 ], [ 35.761522199645697, 45.555761099822121, 1.999976476158054 ], [ 35.756805668999732, 45.557255769999756, 1.999976476158054 ], [ 35.75, 45.559631942478518, 1.999976476158054 ], [ 35.749566555698038, 45.5597832778476, 1.999976476158054 ], [ 35.748945835090126, 45.559999999999491, 1.999976476158054 ], [ 35.73614761799945, 45.564468447000763, 1.999976476158054 ], [ 35.729999999999563, 45.566479484137744, 1.999976476158054 ], [ 35.725743669305302, 45.567871834653488, 1.999976476158054 ], [ 35.719237997502205, 45.570000000001528, 1.999976476158054 ], [ 35.713653592567425, 45.571826796285677, 2.018276476158235 ], [ 35.710662027000581, 45.572805411000445, 2.003276476158135 ], [ 35.709999999999127, 45.573057043884546, 1.999976476158054 ], [ 35.696982256002229, 45.578005018001932, 1.999976476158054 ], [ 35.692238742425616, 45.58, 1.999976476158054 ], [ 35.691022788641931, 45.580511394322457, 2.005076476158138 ], [ 35.690201806999539, 45.580856675001996, 2.008576476158169 ], [ 35.690000000000509, 45.580947163150995, 2.00947647615817 ], [ 35.676721399000598, 45.586901148999459, 2.002576476158083 ], [ 35.67017499132271, 45.590000000001965, 2.000876476158055 ], [ 35.670085101593941, 45.590042550798898, 2.000376476158181 ], [ 35.67, 45.590082835055, 2.000876476158055 ], [ 35.66331240800173, 45.593248518000109, 2.032476476158081 ], [ 35.659871653879236, 45.594935826939036, 2.049376476158159 ], [ 35.650000000003274, 45.599776780187312, 1.999976476158054 ], [ 35.649544810979933, 45.600000000000364, 1.999976476158054 ], [ 35.643271139999342, 45.603076540999609, 2.030776476158053 ], [ 35.639717328036568, 45.604858664019048, 2.048576476158132 ], [ 35.630000000002838, 45.609731593180186, 1.999976476158054 ], [ 35.629731986629849, 45.609865993314088, 1.999976476158054 ], [ 35.629464757845199, 45.610000000002401, 1.999976476158054 ], [ 35.619746645219493, 45.614873322609128, 2.048776476158082 ], [ 35.610000000000582, 45.619760953404693, 1.999976476158054 ], [ 35.609761303812775, 45.619880651907806, 1.999976476158054 ], [ 35.609523306393385, 45.6200000000008, 1.999976476158054 ], [ 35.599775962404237, 45.624887981202846, 2.048876476158057 ], [ 35.590000000000146, 45.629790313629201, 1.999976476158054 ], [ 35.589581854937933, 45.6299999999992, 1.999976476158054 ], [ 35.57980527959262, 45.634902639796564, 2.048976476158032 ], [ 35.569999999999709, 45.63981967385007, 1.999976476158054 ], [ 35.569819938182263, 45.639909969091605, 1.999976476158054 ], [ 35.569640403486119, 45.640000000001237, 1.999976476158054 ], [ 35.559834596775545, 45.644917298390283, 2.049176476158209 ], [ 35.549999999999272, 45.649849034072759, 1.999976476158054 ], [ 35.549849255368827, 45.649924627685323, 1.999976476158054 ], [ 35.549698952030667, 45.649999999999636, 1.999976476158054 ], [ 35.539863913960289, 45.654931956980363, 2.049276476158184 ], [ 35.530000000000655, 45.659878394297266, 1.999976476158054 ], [ 35.529757500577034, 45.660000000001673, 1.999976476158054 ], [ 35.516607932000625, 45.666594088001148, 1.999976476158054 ], [ 35.510000000000218, 45.669880693843879, 1.999976476158054 ], [ 35.509880379580864, 45.669940189789486, 1.999976476158054 ], [ 35.509760127311893, 45.67, 1.999976476158054 ], [ 35.489999999999782, 45.679828150447065, 1.999976476158054 ], [ 35.48982769777831, 45.679913848891374, 1.999976476158054 ], [ 35.489654485438223, 45.68000000000211, 1.999976476158054 ], [ 35.479801356876123, 45.68490067843959, 2.048976476158032 ], [ 35.469999999999345, 45.689775607046613, 1.999976476158054 ], [ 35.469548843564553, 45.690000000000509, 1.999976476158054 ], [ 35.459748675079027, 45.69487433753784, 2.048776476158082 ], [ 35.450000000002547, 45.699723063651618, 1.999976476158054 ], [ 35.44972233417684, 45.699861167089693, 1.999976476158054 ], [ 35.449443201692702, 45.700000000002547, 1.999976476158054 ], [ 35.439695993274654, 45.704847996637909, 2.048476476158157 ], [ 35.43000000000211, 45.709670520256623, 1.999976476158054 ], [ 35.429669652374287, 45.709834826187944, 1.999976476158054 ], [ 35.42933755982267, 45.710000000000946, 1.999976476158054 ], [ 35.4196433114721, 45.714821655736159, 2.048176476158233 ], [ 35.410000000001673, 45.719617976856171, 1.999976476158054 ], [ 35.409231917949, 45.719999999999345, 1.999976476158054 ], [ 35.403047326000888, 45.723076047999712, 2.030776476158053 ], [ 35.399623516719657, 45.724811758358555, 2.04807647615803 ], [ 35.390000000001237, 45.729690428957838, 1.999976476158054 ], [ 35.389692566535814, 45.72984628326958, 1.999976476158054 ], [ 35.389389349604244, 45.730000000001382, 1.999976476158054 ], [ 35.383199180001611, 45.733138125000551, 2.03137647615813 ], [ 35.379839291159442, 45.734919645577975, 2.049176476158209 ], [ 35.37025791087035, 45.739999999999782, 2.001276476158182 ], [ 35.3700000000008, 45.740136752598119, 2.001376476158157 ], [ 35.36375322800086, 45.743448990999241, 2.034476476158034 ], [ 35.360556573938084, 45.745278286969551, 2.052776476158215 ], [ 35.352305485310353, 45.750000000001819, 2.011576476158098 ], [ 35.351238734001527, 45.750610451999819, 2.006176476158089 ], [ 35.351230746333385, 45.750615373166511, 2.006176476158089 ], [ 35.350000000000364, 45.751373630508169, 2.013776476158228 ], [ 35.345197947000997, 45.754332153999712, 2.043276476158098 ], [ 35.342378598827054, 45.756189299414473, 2.061876476158204 ], [ 35.339352651000809, 45.758182535002561, 2.046776476158129 ], [ 35.336815419359482, 45.760000000000218, 2.034076476158134 ], [ 35.334013759475056, 45.762006879736873, 2.020076476158238 ], [ 35.33375140499993, 45.762194809001812, 2.018776476158109 ], [ 35.33, 45.7650751271849, 1.999976476158054 ], [ 35.323585711254054, 45.770000000002256, 1.999976476158054 ], [ 35.311609691319973, 45.779195154340414, 1.999976476158054 ], [ 35.310561438371224, 45.780000000000655, 2.002776476158033 ], [ 35.310340015585098, 45.780170007794368, 2.001676476158082 ], [ 35.31015081300211, 45.780315276999318, 2.00077647615808 ], [ 35.309999999999491, 45.780433993462793, 1.999976476158054 ], [ 35.304714964000596, 45.784594250002556, 1.999976476158054 ], [ 35.302647223092208, 45.786323611548141, 1.999976476158054 ], [ 35.299417998001445, 45.789024384001095, 1.999976476158054 ], [ 35.29835235543942, 45.790000000002692, 1.999976476158054 ], [ 35.29540207518221, 45.79270103759518, 2.026976476158097 ], [ 35.294340288999592, 45.79367312300019, 2.021676476158063 ], [ 35.290000000002692, 45.798144199285161, 1.999976476158054 ], [ 35.288787164035966, 45.799393582019547, 1.999976476158054 ], [ 35.28819848490275, 45.800000000001091, 1.999976476158054 ], [ 35.286499369743979, 45.80175031512772, 1.999976476158054 ], [ 35.278491003478848, 45.809999999999491, 1.999976476158054 ], [ 35.275716407497384, 45.812858203749784, 1.999976476158054 ], [ 35.270000000002256, 45.818746865543289, 1.999976476158054 ], [ 35.269181029230822, 45.819590514614902, 1.999976476158054 ], [ 35.269027838001421, 45.819748322001033, 1.999976476158054 ], [ 35.26877603666253, 45.820000000001528, 1.999976476158054 ], [ 35.262515313324911, 45.826257656663074, 1.999976476158054 ], [ 35.258771135981078, 45.83, 1.999976476158054 ], [ 35.255937531001109, 45.832832217000032, 2.028276476158226 ], [ 35.255843906075825, 45.832921953038749, 2.029176476158227 ], [ 35.250000000001819, 45.838523121277831, 1.999976476158054 ], [ 35.24845911777993, 45.840000000001965, 1.999976476158054 ], [ 35.246778631091729, 45.841610684454281, 1.999976476158054 ], [ 35.242504709001878, 45.845707081001819, 1.999976476158054 ], [ 35.23781473587951, 45.850000000000364, 1.999976476158054 ], [ 35.235655057000258, 45.851976840001953, 1.999976476158054 ], [ 35.230000000001382, 45.856936931575547, 1.999976476158054 ], [ 35.228703270999176, 45.858074302001114, 1.999976476158054 ], [ 35.226406760370082, 45.860000000002401, 1.999976476158054 ], [ 35.220278121487354, 45.865139060748334, 2.051376476158111 ], [ 35.214481159200659, 45.8700000000008, 2.022376476158115 ], [ 35.212807251256891, 45.871403625631501, 2.014076476158152 ], [ 35.212080741999671, 45.872012826999708, 2.010376476158171 ], [ 35.210000000000946, 45.873832674309597, 1.999976476158054 ], [ 35.202948521819053, 45.8799999999992, 1.999976476158054 ], [ 35.198238648257757, 45.884119324129642, 1.999976476158054 ], [ 35.192794845999742, 45.888880553002309, 1.999976476158054 ], [ 35.191359464810375, 45.890000000001237, 1.999976476158054 ], [ 35.190828380415041, 45.890414190207593, 2.004176476158136 ], [ 35.190000000000509, 45.891060240175648, 1.999976476158054 ], [ 35.186222443000588, 45.894006339001862, 1.999976476158054 ], [ 35.177377212627107, 45.899999999999636, 1.999976476158054 ], [ 35.174244944240854, 45.902122472120027, 2.021176476158189 ], [ 35.171082730001217, 45.904265236000356, 2.005376476158062 ], [ 35.17, 45.905065106309848, 1.999976476158054 ], [ 35.1660162415792, 45.908008120790328, 1.999976476158054 ], [ 35.164105181002014, 45.909419923000314, 1.999976476158054 ], [ 35.163392388631109, 45.910000000001673, 1.999976476158054 ], [ 35.15829561031569, 45.914147805156972, 1.999976476158054 ], [ 35.157351082001696, 45.914916470999742, 1.999976476158054 ], [ 35.151706596971053, 45.92, 1.999976476158054 ], [ 35.151097367306647, 45.920548683656307, 2.005476476158037 ], [ 35.149999999999636, 45.921536993213522, 1.999976476158054 ], [ 35.144094799999948, 45.92685532699943, 1.999976476158054 ], [ 35.140429974539074, 45.93000000000211, 1.999976476158054 ], [ 35.1299999999992, 45.938949637484257, 1.999976476158054 ], [ 35.129226576455039, 45.939613288230248, 1.999976476158054 ], [ 35.128775899662287, 45.940000000000509, 1.999976476158054 ], [ 35.128316827001981, 45.940393916001995, 2.003976476158186 ], [ 35.12312462400223, 45.945028671001637, 2.05027647615816 ], [ 35.122086185509033, 45.946043092755644, 2.060476476158101 ], [ 35.118166554000709, 45.949872072000289, 2.040876476158246 ], [ 35.11805274532162, 45.950000000002547, 2.040276476158169 ], [ 35.115573546299856, 45.952786773154003, 1.999976476158054 ], [ 35.11358177799957, 45.955025643999761, 1.999976476158054 ], [ 35.110000000002401, 45.959969730394732, 1.999976476158054 ], [ 35.10997807097192, 45.960000000000946, 1.999976476158054 ], [ 35.109965616169575, 45.960017191919178, 1.999976476158054 ], [ 35.108714865002185, 45.961743658999694, 1.999976476158054 ], [ 35.104534909, 45.96893072900275, 1.999976476158054 ], [ 35.104034617739671, 45.969999999999345, 1.999976476158054 ], [ 35.101373821884408, 45.975686910944205, 1.999976476158054 ], [ 35.101008575002197, 45.976467552000031, 1.999976476158054 ], [ 35.099715143633148, 45.980000000001382, 1.999976476158054 ], [ 35.098211748156245, 45.984105874078523, 1.999976476158054 ], [ 35.098156223000842, 45.984257517002334, 1.999976476158054 ], [ 35.096641035223001, 45.989999999999782, 1.999976476158054 ], [ 35.096054913999978, 45.992221369002436, 1.999976476158054 ], [ 35.095942364912844, 45.992971182458859, 1.999976476158054 ], [ 35.094887319834015, 46.000000000001819, 1.999976476158054 ], [ 35.094843461001801, 46.000292192002235, 2.002876476158235 ], [ 35.09481719746509, 46.002408598731563, 2.024076476158143 ], [ 35.094731366001724, 46.009325195000201, 2.023676476158244 ], [ 35.094798976755555, 46.010000000000218, 2.023976476158168 ], [ 35.095181241000319, 46.013815278001857, 2.025876476158146 ], [ 35.095773961127634, 46.017113019439421, 2.028876476158075 ], [ 35.095980370000689, 46.018261425000674, 2.017376476158233 ], [ 35.096492210634096, 46.020000000002256, 1.999976476158054 ], [ 35.098225439940506, 46.025887280031384, 1.999976476158054 ], [ 35.098294355999315, 46.026121368000531, 1.999976476158054 ], [ 35.099938503783051, 46.030000000000655, 1.999976476158054 ], [ 35.101538405002429, 46.033774252002331, 1.999976476158054 ], [ 35.10173095915161, 46.034134520425141, 1.999976476158054 ], [ 35.104865906225314, 46.040000000002692, 1.999976476158054 ], [ 35.105512753001676, 46.041210249002688, 1.987876476158135 ], [ 35.106010488423635, 46.041994755791166, 1.980076476158047 ], [ 35.110000000002401, 46.04828283329698, 1.999976476158054 ], [ 35.110077269000612, 46.048404621002192, 2.000376476158181 ], [ 35.111242210947239, 46.049999999999272, 2.006176476158089 ], [ 35.111956542155895, 46.050978271077838, 1.999976476158054 ], [ 35.115363780001644, 46.055644457001108, 1.999976476158054 ], [ 35.118889902285446, 46.059999999999491, 1.999976476158054 ], [ 35.121009481999863, 46.062618150999697, 1.999976476158054 ], [ 35.125594585160798, 46.067797292582327, 1.999976476158054 ], [ 35.127544645916714, 46.069999999999709, 1.999976476158054 ], [ 35.1299999999992, 46.072773465723003, 1.999976476158054 ], [ 35.1300340100006, 46.072811882000678, 2.000176476158231 ], [ 35.133309651002492, 46.076165835000211, 2.016576476158207 ], [ 35.134853755871518, 46.077573122065587, 2.024276476158093 ], [ 35.137516577209681, 46.08, 2.037576476158165 ], [ 35.138510463000785, 46.080905821001579, 2.033476476158057 ], [ 35.144034617000216, 46.085392163999131, 2.016276476158055 ], [ 35.149999999999636, 46.089748474747466, 2.002476476158108 ], [ 35.150344430081532, 46.090000000001965, 2.001676476158082 ], [ 35.151092329240782, 46.090546164621628, 1.999976476158054 ], [ 35.155703943000844, 46.093913864999195, 1.989376476158213 ], [ 35.164373440296913, 46.100000000000364, 1.971876476158059 ], [ 35.17, 46.103949940901657, 1.960476476158192 ], [ 35.178618108373485, 46.110000000002401, 1.986176476158107 ], [ 35.190000000000509, 46.117990282094979, 2.020076476158238 ], [ 35.190613767001196, 46.11842115699983, 2.018876476158084 ], [ 35.191718947156915, 46.119140526423507, 2.017176476158056 ], [ 35.193039371844861, 46.1200000000008, 2.015176476158103 ], [ 35.203002996002397, 46.126485392001996, 2.000176476158231 ], [ 35.203130624897312, 46.126565312450111, 1.999976476158054 ], [ 35.208615646488397, 46.130000000002838, 1.986176476158107 ], [ 35.2092302624078, 46.130384868796682, 1.988476476158212 ], [ 35.210000000000946, 46.130866873851119, 1.991376476158166 ], [ 35.221088061000046, 46.137810151001759, 2.032776476158233 ], [ 35.224827084091885, 46.139999999999418, 2.048276476158208 ], [ 35.230000000001382, 46.143029642887996, 2.039376476158168 ], [ 35.230569199000456, 46.14336300800278, 2.035576476158212 ], [ 35.236518951393009, 46.146740524303823, 1.997776476158151 ], [ 35.242260766261097, 46.149999999999636, 2.022576476158065 ], [ 35.250000000001819, 46.154393357306617, 2.012176476158174 ], [ 35.255598146000921, 46.157571276000454, 1.976576476158243 ], [ 35.259604659324395, 46.159999999999854, 1.947976476158146 ], [ 35.26120981400345, 46.160973035001007, 1.946276476158118 ], [ 35.266636478001601, 46.164583959000083, 1.937376476158079 ], [ 35.270000000002256, 46.167120559450268, 1.928776476158191 ], [ 35.271967856999254, 46.168604619002508, 1.933676476158098 ], [ 35.273609040637893, 46.17, 1.936076476158178 ], [ 35.27703930700045, 46.172916510004143, 1.941276476158237 ], [ 35.279528119373936, 46.175235940312632, 1.942876476158062 ], [ 35.280277633000878, 46.175934444001541, 1.943476476158139 ], [ 35.284204156112537, 46.180000000000291, 1.942076476158036 ], [ 35.286403763000635, 46.182277492000139, 1.964076476158198 ], [ 35.289469049001127, 46.185788435999712, 1.99467647615802 ], [ 35.290000000002692, 46.186419220592143, 1.999976476158054 ], [ 35.293014053348088, 46.190000000000509, 2.030176476158204 ], [ 35.29520441033128, 46.192602205166622, 2.025976476158121 ], [ 35.30143136422339, 46.200000000002547, 2.014276476158102 ], [ 35.305424603000574, 46.204744079001102, 2.006776476158166 ], [ 35.309500132461835, 46.209750066231209, 1.997476476158226 ], [ 35.309703611294026, 46.210000000000946, 1.997076476158099 ], [ 35.309999999999491, 46.21036405529594, 1.996376476158048 ], [ 35.31535113800237, 46.21693687700099, 1.984176476158154 ], [ 35.315564745886149, 46.217217627059654, 1.983476476158103 ], [ 35.317681706443182, 46.220000000002983, 1.976776476158193 ], [ 35.321076439347962, 46.224461780328056, 1.92157647615818 ], [ 35.321253138999964, 46.224694021000687, 1.921876476158104 ], [ 35.324900576868458, 46.229999999999563, 1.923476476158157 ], [ 35.326051953001297, 46.231674923001265, 1.940776476158135 ], [ 35.326195753932552, 46.231902123035979, 1.942976476158037 ], [ 35.33, 46.23791268802961, 1.999976476158054 ], [ 35.331321115132596, 46.24000000000342, 2.013176476158151 ], [ 35.331932763912846, 46.24096638195806, 2.019376476158186 ], [ 35.337050755999371, 46.249052616001791, 2.015276476158078 ], [ 35.337696926793797, 46.25, 2.015476476158028 ], [ 35.341680220428316, 46.255840110216013, 2.075176476158049 ], [ 35.342290877000778, 46.256735425000443, 2.084376476158241 ], [ 35.344857034502638, 46.260000000000218, 2.122876476158126 ], [ 35.3471054799993, 46.262860393000665, 2.099376476158113 ], [ 35.350000000000364, 46.266148250146216, 2.077076476158027 ], [ 35.352300053002182, 46.268760857999951, 2.036276476158037 ], [ 35.35235849898163, 46.268820750508894, 2.035376476158035 ], [ 35.353509267126356, 46.270000000000437, 2.03507647615811 ], [ 35.356853019473419, 46.273426509738783, 2.034276476158084 ], [ 35.363267746173733, 46.280000000000655, 1.998976476158077 ], [ 35.363406541999211, 46.280142231002174, 1.999676476158129 ], [ 35.3700000000008, 46.286441316537093, 2.035576476158212 ], [ 35.371760836002068, 46.288123538000946, 2.036376476158239 ], [ 35.372472809065584, 46.288763595472119, 2.037076476158063 ], [ 35.373848133576757, 46.290000000002692, 2.038476476158166 ], [ 35.375767494002503, 46.291725487999429, 2.023176476158142 ], [ 35.379711097735708, 46.295144451136366, 1.994176476158145 ], [ 35.384233326001777, 46.299065061004512, 2.022876476158217 ], [ 35.385361533910327, 46.299999999999272, 2.030376476158153 ], [ 35.390000000001237, 46.30384386849255, 2.023076476158167 ], [ 35.394633220314063, 46.307683389843078, 1.992676476158067 ], [ 35.39742871596718, 46.31000000000131, 1.974276476158138 ], [ 35.408729072118149, 46.319364536058856, 1.993676476158043 ], [ 35.409495898024034, 46.320000000001528, 1.994976476158172 ], [ 35.410000000001673, 46.320417746224848, 1.995776476158198 ], [ 35.413353284999175, 46.323196593004468, 1.984776476158231 ], [ 35.417074723811311, 46.326462638096928, 1.970776476158107 ], [ 35.421105309893392, 46.330000000003565, 1.955576476158058 ], [ 35.42130606200044, 46.330176186003882, 1.956576476158034 ], [ 35.425104111001929, 46.333788054002071, 1.975476476158065 ], [ 35.43000000000211, 46.338854849636846, 1.999976476158054 ], [ 35.431106523623384, 46.340000000000146, 2.00557647615824 ], [ 35.43214083534258, 46.341070417674928, 1.999976476158054 ], [ 35.437795974001347, 46.346922967000864, 1.969776476158131 ], [ 35.440867300079844, 46.350000000002183, 1.954376476158131 ], [ 35.450000000002547, 46.359149669657199, 1.999976476158054 ], [ 35.450566185536445, 46.359716907232723, 2.002876476158235 ], [ 35.450574958000288, 46.359725696000169, 2.002776476158033 ], [ 35.450866644443522, 46.360000000002401, 1.999976476158054 ], [ 35.451850557343278, 46.360925278675495, 1.999976476158054 ], [ 35.461500337085454, 46.370000000004438, 1.957476476158035 ], [ 35.463808446000257, 46.372170561999155, 1.969076476158079 ], [ 35.469999999999345, 46.377598834176752, 1.999976476158054 ], [ 35.470592784000473, 46.378118541004369, 2.00297647615821 ], [ 35.472853221339392, 46.380000000001019, 2.014276476158102 ], [ 35.476031206000698, 46.382645173003766, 2.003676476158034 ], [ 35.47721024180828, 46.383605120903667, 1.999976476158054 ], [ 35.485064617483658, 46.390000000001237, 1.975276476158115 ], [ 35.489999999999782, 46.394018291945031, 1.999976476158054 ], [ 35.494000386001062, 46.397275328003161, 2.019976476158035 ], [ 35.494583510037046, 46.397708244981914, 2.022876476158217 ], [ 35.497670423927048, 46.400000000003274, 2.038376476158192 ], [ 35.499573831000816, 46.401413108002089, 2.033776476158209 ], [ 35.505391067999881, 46.405368427002031, 2.023276476158117 ], [ 35.510000000000218, 46.408236923609365, 2.017676476158158 ], [ 35.511570840511922, 46.409214579745822, 2.007876476158117 ], [ 35.512832807677114, 46.409999999999854, 2.014176476158127 ], [ 35.516005079000024, 46.411974351003664, 2.010276476158197 ], [ 35.52065182961087, 46.414674085195657, 2.006476476158241 ], [ 35.525399571999515, 46.417432495003595, 2.002676476158058 ], [ 35.529958507679112, 46.420000000001892, 1.999776476158104 ], [ 35.530000000000655, 46.420023367680187, 1.999776476158104 ], [ 35.547714795151478, 46.43000000000211, 1.988576476158187 ], [ 35.549999999999272, 46.431286983472091, 1.987176476158083 ], [ 35.555728870003804, 46.434513373003938, 1.983476476158103 ], [ 35.564850301348997, 46.440000000004147, 1.974276476158138 ], [ 35.568276629999673, 46.44206096900416, 1.950176476158049 ], [ 35.569999999999709, 46.443194138935723, 1.936076476158178 ], [ 35.575879633950535, 46.447060183027133, 1.917576476158047 ], [ 35.577400600001056, 46.448060266002358, 1.930376476158244 ], [ 35.580140554315221, 46.450000000000728, 1.952076476158027 ], [ 35.582170701, 46.451437230003648, 1.953776476158055 ], [ 35.590000000000146, 46.457324599756248, 1.95347647615813 ], [ 35.593557872081874, 46.460000000002765, 1.953376476158155 ], [ 35.600618083557492, 46.465309041775981, 2.006176476158089 ], [ 35.606568507999327, 46.46978356100044, 2.05067647615806 ], [ 35.606883864220435, 46.470000000002983, 2.053276476158089 ], [ 35.6081972134034, 46.470901393297027, 2.063976476158132 ], [ 35.610000000000582, 46.472138703060409, 2.078576476158105 ], [ 35.613640723000572, 46.474637446999623, 2.071876476158195 ], [ 35.619256927999231, 46.477999644001102, 2.066276476158237 ], [ 35.622973693722088, 46.479999999999563, 2.064876476158133 ], [ 35.625045733999286, 46.481115168002361, 2.05287647615819 ], [ 35.630000000002838, 46.483493497324162, 2.030176476158204 ], [ 35.63663890333919, 46.486680548330696, 1.999576476158154 ], [ 35.643553608721049, 46.490000000001601, 1.967776476158178 ], [ 35.646842393087354, 46.491578803454104, 1.936876476158204 ], [ 35.649048033001236, 46.492637635999927, 1.959376476158241 ], [ 35.650000000003274, 46.493122938893066, 1.968776476158155 ], [ 35.662058402002003, 46.499270187003276, 1.967576476158229 ], [ 35.6633856618555, 46.500000000001819, 1.966976476158152 ], [ 35.668475891001435, 46.502798936000545, 1.964376476158122 ], [ 35.67, 46.503676077289128, 1.963276476158171 ], [ 35.680988363779761, 46.510000000003856, 2.00987647615807 ], [ 35.690000000000509, 46.515186294534942, 1.996276476158073 ], [ 35.694906882999931, 46.518010259000221, 1.988876476158111 ], [ 35.698479542990754, 46.520000000000437, 1.984776476158231 ], [ 35.709999999999127, 46.526416150913064, 1.971676476158109 ], [ 35.716434945179572, 46.530000000002474, 1.964376476158122 ], [ 35.722852108505322, 46.533573945751414, 1.992776476158042 ], [ 35.723046390003219, 46.533682147999571, 1.993676476158043 ], [ 35.729999999999563, 46.537386840651379, 2.026176476158071 ], [ 35.731175139999323, 46.538012923001588, 2.025776476158171 ], [ 35.735276823694221, 46.540000000002692, 2.026376476158021 ], [ 35.737708260001455, 46.54117791900353, 2.026776476158147 ], [ 35.744350757000575, 46.544061027003409, 2.03117647615818 ], [ 35.75, 46.546205787775762, 2.037976476158065 ], [ 35.751103272001274, 46.546624650001831, 2.033776476158209 ], [ 35.757234786000481, 46.548628698003085, 2.013676476158025 ], [ 35.76194779438265, 46.549999999999272, 1.999976476158054 ], [ 35.76343179700234, 46.550431787001799, 1.995676476158224 ], [ 35.770000000000437, 46.55217380824979, 1.978276476158044 ], [ 35.776674196000386, 46.553943941004036, 1.993976476158196 ], [ 35.779004818099565, 46.554502409047927, 1.999976476158054 ], [ 35.783720822999385, 46.555632467001487, 2.012276476158149 ], [ 35.790000000000873, 46.556913927439382, 2.030876476158028 ], [ 35.790831364000042, 46.557083592999334, 2.029176476158227 ], [ 35.797259793000194, 46.558109575000344, 2.018876476158084 ], [ 35.808665247330282, 46.559332623666705, 2.006676476158191 ], [ 35.81000000000131, 46.559475754085724, 2.005276476158087 ], [ 35.810275976002231, 46.559505348002858, 2.004976476158163 ], [ 35.818873407890351, 46.56000000000131, 1.999976476158054 ], [ 35.82343500800016, 46.560262451001108, 1.997376476158024 ], [ 35.829209944979084, 46.560395027509003, 1.996076476158123 ], [ 35.830000000001746, 46.560413164977945, 1.995876476158173 ], [ 35.830866096286627, 46.56043304814375, 1.995676476158224 ], [ 35.836672715999157, 46.560566352000023, 1.994376476158095 ], [ 35.849938879999172, 46.56050885500008, 1.994876476158197 ], [ 35.850000000004002, 46.560506971311042, 1.994976476158172 ], [ 35.850955072710349, 46.560477536357212, 1.995176476158122 ], [ 35.863189120002062, 46.56010048799908, 1.998976476158077 ], [ 35.864675359947796, 46.56000000000131, 1.999976476158054 ], [ 35.869365745176765, 46.55968287259202, 2.00317647615816 ], [ 35.870000000004438, 46.559639989207426, 2.003576476158059 ], [ 35.879658640000343, 46.558986947002268, 2.010176476158222 ], [ 35.886442185465057, 46.558221092735039, 2.017776476158133 ], [ 35.889448706999246, 46.55788166000093, 2.002776476158033 ], [ 35.889999999999418, 46.557797082294201, 1.999976476158054 ], [ 35.901932781882351, 46.555966390942558, 1.999976476158054 ], [ 35.909999999999854, 46.554728742707084, 1.999976476158054 ], [ 35.917236944944307, 46.553618472475137, 1.999976476158054 ], [ 35.917591282999638, 46.553564110998195, 1.999976476158054 ], [ 35.930000000000291, 46.552044045212824, 1.999976476158054 ], [ 35.93328360763735, 46.55164180382053, 1.999976476158054 ], [ 35.943499326001984, 46.550390380003591, 1.999976476158054 ], [ 35.946235278661334, 46.549999999999272, 1.999976476158054 ], [ 35.949164178557112, 46.549582089281103, 2.004176476158136 ], [ 35.949901636000504, 46.549476865000543, 2.005276476158087 ], [ 35.950000000000728, 46.549460279935374, 2.005376476158062 ], [ 35.956237473001238, 46.548408585002107, 2.015876476158155 ], [ 35.962483614999655, 46.547121765001066, 2.0287764761581 ], [ 35.963645370015001, 46.546822685006191, 2.031776476158029 ], [ 35.968612874999963, 46.54554386000018, 2.006976476158115 ], [ 35.970000000001164, 46.545091707936081, 1.999976476158054 ], [ 35.975295532000018, 46.543365558001824, 1.999976476158054 ], [ 35.976095233465458, 46.54304761673302, 1.999976476158054 ], [ 35.981786288000876, 46.540784995999275, 1.999976476158054 ], [ 35.983466801280883, 46.540000000002692, 1.999976476158054 ], [ 35.986844469138305, 46.538422234569225, 2.01577647615818 ], [ 35.988070076002259, 46.537849733002076, 2.021476476158114 ], [ 35.990000000001601, 46.536810244517255, 2.031876476158232 ], [ 35.994121797999469, 46.5345901769997, 2.033476476158057 ], [ 35.999905544003923, 46.531020616002934, 2.040276476158169 ], [ 36.001343690984868, 46.530000000002474, 2.043276476158098 ], [ 36.004921641169858, 46.527460820585475, 2.025376476158044 ], [ 36.005373693000365, 46.527140011001393, 2.023176476158142 ], [ 36.010000000002037, 46.523365453414954, 1.999976476158054 ], [ 36.012268082000446, 46.521514948004551, 1.999976476158054 ], [ 36.012549808223412, 46.521274904112943, 1.999976476158054 ], [ 36.014046092550416, 46.520000000000437, 1.999976476158054 ], [ 36.019946002497818, 46.51497300124538, 2.05027647615816 ], [ 36.022459750000053, 46.512831171003199, 2.03767647615814 ], [ 36.025522104097035, 46.510000000003856, 2.022376476158115 ], [ 36.030000000002474, 46.505860149207365, 1.999976476158054 ], [ 36.034113805621018, 46.50205690281291, 1.979476476158197 ], [ 36.036338667609016, 46.500000000001819, 1.968276476158053 ], [ 36.037797729000886, 46.49865108600352, 1.974476476158088 ], [ 36.04124879457413, 46.49562439728652, 1.987476476158236 ], [ 36.047661797585533, 46.490000000001601, 2.011676476158073 ], [ 36.049999999999272, 46.487949325879526, 2.020476476158137 ], [ 36.055772804331355, 46.482886402165605, 1.984576476158054 ], [ 36.059063913549835, 46.479999999999563, 2.009376476158195 ], [ 36.060112939001556, 46.479079973001717, 2.008076476158067 ], [ 36.069999999999709, 46.47063064219401, 1.993676476158043 ], [ 36.070465561291712, 46.470232780646256, 1.986076476158132 ], [ 36.070521724999708, 46.470184784002413, 1.986676476158209 ], [ 36.070749805759988, 46.470000000002983, 1.988776476158137 ], [ 36.077324940999461, 46.464673028001926, 1.943376476158164 ], [ 36.078142962531274, 46.464071481266728, 1.937176476158129 ], [ 36.08367962182092, 46.460000000002765, 1.963176476158196 ], [ 36.085405301004357, 46.458730991002085, 1.958676476158189 ], [ 36.086294078853825, 46.458147039427786, 1.955576476158058 ], [ 36.090000000000146, 46.455712146962469, 1.985776476158208 ], [ 36.094936915051221, 46.452468457526265, 1.976576476158243 ], [ 36.095092993002254, 46.452365910003209, 1.978076476158094 ], [ 36.099017184520562, 46.450000000000728, 2.00987647615807 ], [ 36.103996229570839, 46.446998114783128, 1.990076476158038 ], [ 36.10435594000046, 46.446781243997975, 1.988676476158162 ], [ 36.110000000000582, 46.443667198065668, 1.963376476158146 ], [ 36.112462233002589, 46.44230868899831, 1.939976476158108 ], [ 36.11354997779199, 46.441774988896213, 1.928976476158141 ], [ 36.117167617956511, 46.440000000004147, 1.964176476158173 ], [ 36.118538276003164, 46.43932748899897, 1.970776476158107 ], [ 36.123878701477224, 46.43693935074225, 1.991776476158066 ], [ 36.124736570001915, 46.436555727999803, 1.995176476158122 ], [ 36.130000000001019, 46.434419373685159, 2.011576476158098 ], [ 36.134878507946269, 46.432439253972916, 2.002476476158108 ], [ 36.136182230000486, 46.431910091003374, 2.011776476158047 ], [ 36.141480945880176, 46.43000000000211, 2.042576476158047 ], [ 36.146431110682897, 46.428215555342831, 2.035676476158187 ], [ 36.150000000001455, 46.426929035449575, 2.030676476158078 ], [ 36.155537958000423, 46.424932701998841, 2.022976476158192 ], [ 36.158163514241096, 46.424081757120803, 2.01837647615821 ], [ 36.170000000001892, 46.420245542618432, 1.997576476158201 ], [ 36.170297952166948, 46.42014897608351, 1.996976476158125 ], [ 36.170757611889712, 46.420000000001892, 1.996176476158098 ], [ 36.171036846002607, 46.419909500000358, 1.995676476158224 ], [ 36.176158308002414, 46.41851069200311, 1.98407647615818 ], [ 36.181248671000503, 46.417326219998358, 1.970476476158183 ], [ 36.18380654055909, 46.416903270279363, 1.961976476158043 ], [ 36.190000000002328, 46.415879167267121, 1.982376476158151 ], [ 36.190232112001468, 46.415840787001798, 1.981976476158025 ], [ 36.196242674999667, 46.415279464003106, 1.963176476158196 ], [ 36.199590350443032, 46.415204824779721, 1.947976476158146 ], [ 36.202053177001289, 46.415149914000722, 1.948476476158021 ], [ 36.20759631799956, 46.415545565003413, 1.94457647615809 ], [ 36.209999999999127, 46.416012231858986, 1.939876476158133 ], [ 36.212791993000792, 46.416554288003681, 1.934476476158125 ], [ 36.217544557999645, 46.418175565997444, 1.918276476158098 ], [ 36.220976235978014, 46.420000000001892, 1.899976476158145 ], [ 36.221739819000504, 46.420405954999296, 1.899976476158145 ], [ 36.225241757001641, 46.423267397998643, 1.899976476158145 ], [ 36.227165701000558, 46.425610079997568, 1.899976476158145 ], [ 36.228749915000662, 46.428403052002977, 1.899976476158145 ], [ 36.229202024494953, 46.429601012247076, 1.899976476158145 ], [ 36.229352602242216, 46.43000000000211, 1.896776476158038 ], [ 36.229900419000842, 46.431451557004038, 1.913976476158041 ], [ 36.229999999999563, 46.431875620472056, 1.9187764761582 ], [ 36.230661416999283, 46.434692250002627, 1.950276476158024 ], [ 36.231124937001368, 46.438488593003058, 1.990476476158165 ], [ 36.231206220420063, 46.440000000004147, 2.006076476158114 ], [ 36.231239551951148, 46.440619775974483, 2.012376476158124 ], [ 36.231744020084079, 46.450000000000728, 2.017476476158208 ], [ 36.231792212651271, 46.450896106325672, 2.017876476158108 ], [ 36.232183053001791, 46.458163503002652, 2.021876476158241 ], [ 36.232390343333464, 46.460000000002765, 2.023876476158193 ], [ 36.232533314308967, 46.461266657155647, 2.025376476158044 ], [ 36.233052448002127, 46.465865942998789, 2.073876476158148 ], [ 36.233653005001543, 46.468934373002412, 2.107576476158101 ], [ 36.233933113155217, 46.470000000002983, 2.11967647615802 ], [ 36.234865697999339, 46.473547870999028, 2.088876476158021 ], [ 36.236031649863435, 46.476984175073085, 2.060276476158151 ], [ 36.236427334000837, 46.47815033900406, 2.077876476158053 ], [ 36.237230751154129, 46.479999999999563, 2.108476476158103 ], [ 36.239509149529113, 46.485245425239555, 2.090176476158149 ], [ 36.239614785999947, 46.485488626, 2.089376476158122 ], [ 36.242071762779233, 46.490000000001601, 2.081076476158159 ], [ 36.24352226100018, 46.492663330000141, 2.076176476158025 ], [ 36.243799884920008, 46.493100057543415, 2.075976476158075 ], [ 36.246482586000639, 46.497320189004313, 2.074076476158098 ], [ 36.24834613657913, 46.500000000001819, 2.075176476158049 ], [ 36.248449500000788, 46.50014863800061, 2.072276476158095 ], [ 36.248797418624235, 46.500601290690611, 2.063876476158157 ], [ 36.25, 46.502165885563954, 2.078376476158155 ], [ 36.253550072002326, 46.506784637000237, 2.067676476158113 ], [ 36.256435104653065, 46.510000000003856, 2.064376476158031 ], [ 36.259233955001037, 46.513119313003699, 2.061176476158153 ], [ 36.262302927849305, 46.516151463927599, 2.061476476158077 ], [ 36.265361494999524, 46.519173333997969, 2.032076476158181 ], [ 36.266266111986624, 46.520000000000437, 2.025276476158069 ], [ 36.270000000000437, 46.523412138307322, 2.031776476158029 ], [ 36.270390951000081, 46.523769400999299, 2.028476476158176 ], [ 36.27772160749555, 46.530000000002474, 1.977176476158093 ], [ 36.278645212003539, 46.530785005998041, 1.978576476158196 ], [ 36.282400037103798, 46.533799981451011, 1.985976476158157 ], [ 36.289361057002679, 46.539389404000758, 1.999676476158129 ], [ 36.290000000000873, 46.539871336335636, 2.001276476158182 ], [ 36.290170581520215, 46.540000000002692, 2.000876476158055 ], [ 36.29050602195457, 46.540253010976812, 2.002576476158083 ], [ 36.294831880999482, 46.543515855000805, 2.013176476158151 ], [ 36.300401432999934, 46.547457027003475, 2.029476476158152 ], [ 36.304319527806001, 46.549999999999272, 2.043176476158123 ], [ 36.306094401999871, 46.551151952002328, 2.049376476158159 ], [ 36.31000000000131, 46.553408247233165, 2.06587647615811 ], [ 36.311941586000103, 46.554529917002583, 2.054676476158193 ], [ 36.317613473000165, 46.557388593002543, 2.026076476158096 ], [ 36.323365726666452, 46.56000000000131, 1.999976476158054 ], [ 36.326842882735946, 46.561578558632391, 1.96847647615823 ], [ 36.330000000001746, 46.563011826114234, 1.999976476158054 ], [ 36.342342573003407, 46.568615104997662, 1.999976476158054 ], [ 36.345159761955074, 46.570000000003347, 1.999976476158054 ], [ 36.350000000002183, 46.572379400742648, 1.999976476158054 ], [ 36.357685251085059, 46.576157374460308, 2.038376476158192 ], [ 36.361735308000789, 46.578148331998818, 2.018476476158185 ], [ 36.365214458608534, 46.580000000003565, 1.999976476158054 ], [ 36.370000000002619, 46.582546953230121, 1.999976476158054 ], [ 36.374246711000524, 46.584807131001071, 2.021276476158164 ], [ 36.377133818432412, 46.58643309078434, 2.035676476158187 ], [ 36.38030041300226, 46.588216452004417, 2.017876476158108 ], [ 36.383299591749164, 46.590000000000146, 1.999976476158054 ], [ 36.386360036647602, 46.591819981676963, 1.981776476158075 ], [ 36.389999999999418, 46.593984590694163, 1.999976476158054 ], [ 36.393876166999689, 46.596289665003496, 2.019376476158186 ], [ 36.399813411002469, 46.599460764002288, 2.049076476158234 ], [ 36.400976080050896, 46.600000000002183, 2.054876476158142 ], [ 36.405983630000264, 46.602322459002608, 2.056676476158145 ], [ 36.409999999999854, 46.603912830669287, 2.060876476158228 ], [ 36.412360082000305, 46.604847358003099, 2.051476476158086 ], [ 36.418216415004281, 46.606812297000943, 2.031876476158232 ], [ 36.42929845801882, 46.610000000002401, 1.999976476158054 ], [ 36.430000000000291, 46.610201795594548, 1.997976476158101 ], [ 36.430950278285309, 46.610475139146729, 1.995276476158097 ], [ 36.442312756000319, 46.613743508001789, 1.962576476158119 ], [ 36.44831635200353, 46.615746261002641, 1.942576476158138 ], [ 36.450000000000728, 46.61640408340827, 1.935976476158203 ], [ 36.454937029999201, 46.618333042999438, 1.941376476158212 ], [ 36.45862017662148, 46.620000000004438, 1.94307647615824 ], [ 36.461446721001266, 46.621279267003047, 1.957276476158086 ], [ 36.46440367825744, 46.622798160871753, 1.971976476158034 ], [ 36.467834047001816, 46.624560230999123, 1.954376476158131 ], [ 36.470000000001164, 46.625796798962256, 1.942076476158036 ], [ 36.473778621002566, 46.627954057999887, 1.958276476158062 ], [ 36.477103693445315, 46.630000000001019, 1.971076476158032 ], [ 36.490000000001601, 46.637935194101374, 2.020676476158087 ], [ 36.493355730122857, 46.640000000003056, 2.016776476158157 ], [ 36.497723582000617, 46.642687572004434, 2.011776476158047 ], [ 36.510000000002037, 46.649583557702499, 2.004176476158136 ], [ 36.510741361709734, 46.650000000003274, 2.003676476158034 ], [ 36.515472154000236, 46.652657410002575, 2.00077647615808 ], [ 36.519987073179436, 46.655006463412064, 1.999876476158079 ], [ 36.525340554999275, 46.657791809997434, 1.998776476158127 ], [ 36.52989136602082, 46.659999999999854, 1.999476476158179 ], [ 36.529946497299534, 46.660026751351324, 1.999776476158104 ], [ 36.530000000002474, 46.660052712464676, 1.999976476158054 ], [ 36.533568885799468, 46.661784442900171, 1.999976476158054 ], [ 36.536983338999562, 46.663441238004452, 2.000476476158155 ], [ 36.54369413799941, 46.66645519100166, 2.003876476158212 ], [ 36.549999999999272, 46.669079335675633, 2.009176476158245 ], [ 36.550447291003366, 46.669265472999541, 2.007376476158242 ], [ 36.551030694121437, 46.669484652938991, 2.005176476158113 ], [ 36.552402421299121, 46.670000000001892, 2.011976476158225 ], [ 36.557245482999861, 46.671819500003039, 2.018076476158058 ], [ 36.564093407001565, 46.674050033003368, 2.029976476158026 ], [ 36.569999999999709, 46.67560915150716, 2.043876476158175 ], [ 36.57099775000097, 46.675872519999757, 2.041276476158146 ], [ 36.576207589254409, 46.676896205377489, 2.031076476158205 ], [ 36.577222378002261, 46.677095602004556, 2.029076476158025 ], [ 36.583472508003979, 46.67796203400394, 2.020376476158162 ], [ 36.589722030001212, 46.678511172000071, 2.014876476158179 ], [ 36.590000000000146, 46.678522694090134, 2.014776476158204 ], [ 36.592728421113861, 46.678635789443433, 2.013676476158025 ], [ 36.595944484999563, 46.678769098001794, 2.012276476158149 ], [ 36.602112245000171, 46.678749135002363, 2.012476476158099 ], [ 36.608195681001234, 46.678452136002306, 2.015476476158028 ], [ 36.610000000000582, 46.678275046160707, 2.017276476158031 ], [ 36.614162297999428, 46.677866526002617, 2.021376476158139 ], [ 36.619975870002236, 46.676968102998217, 2.030276476158178 ], [ 36.62271786349811, 46.676358931747018, 2.036376476158239 ], [ 36.625595579002038, 46.675719607999781, 2.021976476158216 ], [ 36.630000000001019, 46.674357534413502, 1.999976476158054 ], [ 36.639271531003033, 46.671490299999277, 1.999976476158054 ], [ 36.643639124798938, 46.670000000001892, 1.999976476158054 ], [ 36.650000000001455, 46.667829557251025, 2.021676476158063 ], [ 36.650648492999608, 46.66760828000406, 2.020676476158087 ], [ 36.658697389555527, 46.664348694775981, 2.012976476158201 ], [ 36.660322789000929, 46.663690451998264, 2.011476476158123 ], [ 36.668377842246628, 46.659999999999854, 2.008076476158067 ], [ 36.669224344143004, 46.659612172075867, 2.007776476158142 ], [ 36.670000000001892, 46.65925680251712, 2.007476476158217 ], [ 36.670036120000077, 46.659240254004544, 2.007376476158242 ], [ 36.679274059260933, 46.654637029634614, 2.00727647615804 ], [ 36.679744745000789, 46.654402489002678, 2.00727647615804 ], [ 36.687931929938713, 46.650000000003274, 2.010376476158171 ], [ 36.688928370009307, 46.649464185004035, 2.010676476158096 ], [ 36.690000000002328, 46.648887938192274, 2.011076476158223 ], [ 36.694197992001136, 46.646630555002048, 2.012676476158049 ], [ 36.698375288748139, 46.644187644373233, 2.016276476158055 ], [ 36.705536022755041, 46.640000000003056, 2.02227647615814 ], [ 36.707593521910894, 46.638796760955302, 2.024076476158143 ], [ 36.709999999999127, 46.637389436729791, 2.026076476158096 ], [ 36.716811755071831, 46.633405877535552, 1.929676476158193 ], [ 36.71855206300279, 46.632388134003122, 1.923976476158032 ], [ 36.723010264229742, 46.630000000001019, 1.904876476158051 ], [ 36.724869843999841, 46.629003875003036, 1.906876476158232 ], [ 36.729999999999563, 46.626624293929126, 1.901276476158046 ], [ 36.734557689000212, 46.624510247002036, 1.896376476158139 ], [ 36.737037644812517, 46.623518822409096, 1.888876476158202 ], [ 36.737838315999397, 46.623198733997924, 1.886476476158123 ], [ 36.743772529000125, 46.621144388000175, 1.85907647615818 ], [ 36.748236903089492, 46.620000000004438, 1.826476476158177 ], [ 36.749402451619972, 46.619701225814424, 1.814976476158108 ], [ 36.75, 46.619548051550737, 1.81807647615824 ], [ 36.751077268003428, 46.619271907000439, 1.829076476158207 ], [ 36.755661945999236, 46.618455791003726, 1.861776476158184 ], [ 36.760271668001224, 46.617893708003976, 1.88427647615822 ], [ 36.764956277000238, 46.617581120002797, 1.896776476158038 ], [ 36.765159442053118, 46.617579721025322, 1.896776476158038 ], [ 36.769638730002043, 46.617548877004083, 1.875376476158181 ], [ 36.770000000000437, 46.617570061753213, 1.872876476158126 ], [ 36.774304975002451, 46.617822503998468, 1.886876476158022 ], [ 36.779009850000875, 46.618467665002754, 1.89097647615813 ], [ 36.783956871002374, 46.619710875002056, 1.878476476158085 ], [ 36.784756744211336, 46.620000000004438, 1.873776476158127 ], [ 36.787799969819389, 46.621100015090633, 1.844976476158081 ], [ 36.789081824999812, 46.621563359, 1.854976476158072 ], [ 36.790000000000873, 46.622015704857404, 1.859676476158029 ], [ 36.796762924999712, 46.625347511000655, 1.894476476158161 ], [ 36.803947349260852, 46.630000000001019, 1.909176476158109 ], [ 36.805302016000496, 46.630877255000087, 1.903176476158023 ], [ 36.81000000000131, 46.63463542129648, 1.860976476158157 ], [ 36.813528147000397, 46.637457773002097, 1.864476476158188 ], [ 36.816216385081134, 46.640000000003056, 1.855376476158199 ], [ 36.820728930000769, 46.644267446999947, 1.882876476158117 ], [ 36.822578565959702, 46.646289282982252, 1.888676476158025 ], [ 36.82597324074959, 46.650000000003274, 1.919476476158025 ], [ 36.827237053672434, 46.651381473166111, 1.917076476158172 ], [ 36.827243665000424, 46.651388700003736, 1.917176476158147 ], [ 36.830000000001746, 46.654807200553478, 1.951976476158052 ], [ 36.831957318001514, 46.657234733000223, 1.966776476158202 ], [ 36.833960057096192, 46.659999999999854, 1.979176476158045 ], [ 36.83603963600217, 46.662871363001614, 1.992076476158218 ], [ 36.836185120646405, 46.663092560327641, 1.992776476158042 ], [ 36.839053134999631, 46.667453137999473, 2.006576476158216 ], [ 36.840562201110515, 46.670000000001892, 2.011276476158173 ], [ 36.842902499001866, 46.673949738002193, 2.018576476158159 ], [ 36.844623797380336, 46.677311898694825, 2.019376476158186 ], [ 36.846000003000881, 46.680000000003929, 1.999976476158054 ], [ 36.846000003000881, 46.680000000003929, 1.999976476158054 ], [ 36.846377522999319, 46.682172811999408, 1.987676476158185 ], [ 36.847804880002514, 46.687184746999264, 1.973276476158162 ], [ 36.848517636122779, 46.689258818059898, 1.970376476158208 ], [ 36.848772343868404, 46.690000000004147, 1.963176476158196 ], [ 36.848957484002312, 46.690538745004233, 1.96867647615818 ], [ 36.850000000002183, 46.693180655414835, 1.999976476158054 ], [ 36.850453486000333, 46.694329865003965, 2.006776476158166 ], [ 36.852566378001939, 46.698977871001262, 2.038476476158166 ], [ 36.853101598728244, 46.700000000000728, 2.046476476158205 ], [ 36.854201664278662, 46.702100832140786, 2.041976476158197 ], [ 36.858196579001742, 46.709730055003092, 2.081976476158161 ], [ 36.858350556698497, 46.710000000002765, 2.083476476158239 ], [ 36.860935710146805, 46.714532144929763, 2.018676476158134 ], [ 36.861616189002234, 46.715725122003278, 2.016976476158106 ], [ 36.86423534831556, 46.719999999997526, 2.01357647615805 ], [ 36.86850806899929, 46.726973749002354, 2.007876476158117 ], [ 36.870000000002619, 46.729193115681483, 2.008076476158067 ], [ 36.870542414080774, 46.729999999999563, 2.008176476158042 ], [ 36.870817031884144, 46.730408515939416, 2.008176476158042 ], [ 36.871890630001872, 46.732005579004181, 2.018876476158084 ], [ 36.8758909950011, 46.73743017900415, 2.058876476158048 ], [ 36.877954702300485, 46.740000000001601, 2.079576476158081 ], [ 36.880040806001489, 46.742597710002883, 2.048476476158157 ], [ 36.881491740452475, 46.744254129775072, 2.029876476158051 ], [ 36.886524813093274, 46.750000000003638, 1.965276476158124 ], [ 36.88758327396863, 46.751208363019032, 1.951676476158127 ], [ 36.888326537000466, 46.752056889001324, 1.954376476158131 ], [ 36.889999999999418, 46.753807965445958, 1.961876476158068 ], [ 36.895917583300616, 46.760000000003856, 1.988776476158137 ], [ 36.900470935754129, 46.764764532123081, 1.961776476158093 ], [ 36.905474350540317, 46.770000000000437, 1.932076476158045 ], [ 36.907669366999471, 46.772296819000985, 1.942076476158036 ], [ 36.909999999999854, 46.77478168120615, 1.952176476158229 ], [ 36.913331887826644, 46.77833405608726, 1.949976476158099 ], [ 36.91489443075443, 46.780000000002474, 1.973376476158137 ], [ 36.919216797841727, 46.78460839892432, 1.992176476158193 ], [ 36.920039042999633, 46.785485055999743, 1.995776476158198 ], [ 36.92453100687635, 46.790000000004511, 2.017976476158083 ], [ 36.928213475002849, 46.793701307004085, 2.036176476158062 ], [ 36.930000000000291, 46.795332035877436, 2.046676476158154 ], [ 36.932496585999615, 46.797610904000976, 2.036376476158239 ], [ 36.93537361367089, 46.799999999999272, 2.026876476158122 ], [ 36.938039725999261, 46.802213951001249, 2.018076476158058 ], [ 36.943789721002759, 46.806593957999212, 2.00297647615821 ], [ 36.94529846466321, 46.807649232336189, 1.999976476158054 ], [ 36.948659397179654, 46.81000000000131, 1.986576476158234 ], [ 36.950000000000728, 46.810937670055864, 1.990576476158139 ], [ 36.955380351002532, 46.81470089800132, 2.006776476158166 ], [ 36.961197013999481, 46.818425550003667, 2.027676476158149 ], [ 36.963852340997619, 46.820000000003347, 2.038476476158166 ], [ 36.965903574999174, 46.82121625900254, 2.034676476158211 ], [ 36.969999999999345, 46.823408568669038, 2.031876476158232 ], [ 36.975578620002125, 46.826394113999413, 2.027876476158099 ], [ 36.983296931712175, 46.829999999998108, 2.032976476158183 ], [ 36.985552533000373, 46.831053785001131, 2.034476476158034 ], [ 36.989999999999782, 46.832826150393885, 2.043476476158048 ], [ 36.996984932002306, 46.835609723999369, 2.022776476158242 ], [ 37.009886369000014, 46.839983877000122, 1.999776476158104 ], [ 37.009939078809111, 46.840000000000146, 1.999676476158129 ], [ 37.010000000000218, 46.840018634718945, 1.999476476158179 ], [ 37.022385635840692, 46.843807182081946, 1.947676476158222 ], [ 37.030000000002474, 46.846136281663348, 1.915876476158246 ], [ 37.035865047002517, 46.847930296004051, 1.920776476158153 ], [ 37.042360977797216, 46.850000000002183, 1.923576476158132 ], [ 37.047026796213686, 46.851486601897705, 1.910776476158162 ], [ 37.05000000000291, 46.852433910591571, 1.926976476158188 ], [ 37.06341851201978, 46.856709256011527, 1.999976476158054 ], [ 37.070000000003347, 46.858806219850521, 2.011976476158225 ], [ 37.070349202000216, 46.858917481004028, 2.010776476158071 ], [ 37.071534718073963, 46.859232640968912, 2.007676476158167 ], [ 37.074421241051823, 46.86000000000422, 2.02207647615819 ], [ 37.083484745002352, 46.862409459999981, 2.019276476158211 ], [ 37.090000000000146, 46.863819564376172, 2.023576476158041 ], [ 37.094921849000457, 46.864884806000191, 2.002276476158158 ], [ 37.098873302189531, 46.865563348905198, 1.988776476158137 ], [ 37.11000000000422, 46.867474023669274, 2.025276476158069 ], [ 37.110586958000567, 46.867574815998523, 2.024276476158093 ], [ 37.12035449400355, 46.868676147003498, 2.013276476158126 ], [ 37.128450291294939, 46.869225145652308, 2.007776476158142 ], [ 37.130000000001019, 46.869330235729649, 2.006676476158191 ], [ 37.130185677002373, 46.869342827003493, 2.006576476158216 ], [ 37.131247449131479, 46.869376275437389, 2.006276476158064 ], [ 37.140053700999488, 46.869653694004228, 2.003476476158085 ], [ 37.149934648998169, 46.869651675002387, 2.003476476158085 ], [ 37.149999999999636, 46.869649996260705, 2.003476476158085 ], [ 37.156517842002359, 46.869482565001817, 2.005176476158113 ], [ 37.167661583484005, 46.868830791740038, 2.011676476158073 ], [ 37.169643033999819, 46.868714900998384, 2.012876476158226 ], [ 37.170000000001892, 46.868677901893534, 2.013176476158151 ], [ 37.179420529999334, 46.867701475002832, 2.022976476158192 ], [ 37.183998121987315, 46.866999060996022, 2.029976476158026 ], [ 37.189107340000191, 46.866215071000624, 2.03787647615809 ], [ 37.190000000000509, 46.866033021455223, 2.039676476158093 ], [ 37.19625451200227, 46.864757473002101, 2.021176476158189 ], [ 37.204424590167037, 46.862787704918446, 1.999976476158054 ], [ 37.210000000002765, 46.86144349937058, 1.98557647615803 ], [ 37.211947791629427, 46.860973895814823, 1.980476476158174 ], [ 37.215987254436186, 46.86000000000422, 1.999976476158054 ], [ 37.219970118003403, 46.859039750001102, 2.009576476158145 ], [ 37.229458912002883, 46.856589326000176, 2.034076476158134 ], [ 37.230000000001382, 46.8564333263148, 2.035676476158187 ], [ 37.246848363942263, 46.851575818029232, 1.999976476158054 ], [ 37.250000000003638, 46.850667177977812, 1.986676476158209 ], [ 37.250846342387376, 46.850423171195871, 1.983076476158203 ], [ 37.25231412006724, 46.850000000002183, 1.976876476158168 ], [ 37.255755249001595, 46.849007897004412, 1.962276476158195 ], [ 37.264098324814768, 46.847049162408439, 1.918076476158149 ], [ 37.265849890000027, 46.846637941003792, 1.92157647615818 ], [ 37.270000000002256, 46.845869200409652, 1.923876476158057 ], [ 37.270680472001914, 46.845743154000957, 1.924276476158184 ], [ 37.277139780002472, 46.844801121002092, 1.920276476158051 ], [ 37.281186827145575, 46.844406586429614, 1.911876476158113 ], [ 37.283608241003094, 46.844170530001065, 1.906876476158232 ], [ 37.290000000004511, 46.84389332894898, 1.883176476158042 ], [ 37.290072586003589, 46.843890181000461, 1.883676476158143 ], [ 37.298325369607483, 46.844162684807088, 1.91677647615802 ], [ 37.299597498002186, 46.844204690003608, 1.915876476158246 ], [ 37.309018750003816, 46.845461323000563, 1.89077647615818 ], [ 37.31000000000131, 46.845677638515554, 1.886476476158123 ], [ 37.314216879003652, 46.846607244999177, 1.909976476158135 ], [ 37.315867565595909, 46.847066217203974, 1.917376476158097 ], [ 37.319365596002172, 46.848038841999369, 1.932876476158071 ], [ 37.324469240003964, 46.849714041001789, 1.950376476158226 ], [ 37.325237736327836, 46.850000000002183, 1.952376476158179 ], [ 37.327968072810108, 46.851015963595273, 1.939076476158107 ], [ 37.329530960001648, 46.851597517003029, 1.945076476158192 ], [ 37.33, 46.851792895166, 1.946176476158143 ], [ 37.336217983001916, 46.854382990004524, 1.961776476158093 ], [ 37.342835474999447, 46.857432601003893, 1.969576476158181 ], [ 37.347969022948746, 46.86000000000422, 1.969576476158181 ], [ 37.34938149500158, 46.860706407998805, 1.976576476158243 ], [ 37.350000000002183, 46.861049182600254, 1.978976476158095 ], [ 37.362233506997654, 46.867828975000521, 1.965776476158226 ], [ 37.365799073792004, 46.870000000004438, 1.957976476158137 ], [ 37.368517516999418, 46.871655223001653, 1.968576476158205 ], [ 37.3700000000008, 46.872624216643089, 1.973776476158037 ], [ 37.381284360375503, 46.880000000001019, 2.012876476158226 ], [ 37.38602145400364, 46.883096301002297, 2.029276476158202 ], [ 37.390000000003056, 46.885532591968513, 2.044676476158202 ], [ 37.397295429251244, 46.890000000003056, 2.036476476158214 ], [ 37.397695988003761, 46.890245285003402, 2.033576476158032 ], [ 37.403301569065661, 46.893349215470153, 1.999476476158179 ], [ 37.410000000001673, 46.897058280350393, 2.029376476158177 ], [ 37.411673664000773, 46.897985024002992, 2.028476476158176 ], [ 37.415685033334739, 46.899999999997817, 2.028376476158201 ], [ 37.418204048002735, 46.901265341999533, 2.028376476158201 ], [ 37.424846393001644, 46.904309554001884, 2.03117647615818 ], [ 37.430000000003929, 46.906430658231329, 2.035676476158187 ], [ 37.431596972997795, 46.907087935001982, 2.029076476158025 ], [ 37.439682885271395, 46.909999999999854, 1.999976476158054 ], [ 37.440805918999104, 46.910404449998168, 1.999976476158054 ], [ 37.450000000002547, 46.913503177098391, 1.999976476158054 ], [ 37.463996997003051, 46.918220654999459, 1.999976476158054 ], [ 37.469647210475159, 46.920000000001892, 1.999976476158054 ], [ 37.46986366796591, 46.920068166018609, 1.999276476158229 ], [ 37.469999999999345, 46.920111099214409, 1.999976476158054 ], [ 37.470600265105531, 46.920300132551347, 1.999976476158054 ], [ 37.477938927999276, 46.922611198000595, 2.01357647615805 ], [ 37.484949311001401, 46.924474331997772, 2.029976476158026 ], [ 37.49000000000342, 46.925551443307995, 2.044476476158025 ], [ 37.491996437001944, 46.925977204004084, 2.040276476158169 ], [ 37.501502745004473, 46.927286337000623, 2.027176476158047 ], [ 37.504981537704225, 46.927490768855932, 2.025076476158119 ], [ 37.510000000000218, 46.927785679652516, 2.022176476158165 ], [ 37.510988959000315, 46.927843795998342, 2.016576476158207 ], [ 37.514402585115022, 46.927798707443799, 1.999976476158054 ], [ 37.530000000004293, 46.927592690470192, 1.999976476158054 ], [ 37.544794555969929, 46.92739727798471, 1.999976476158054 ], [ 37.545093001001078, 46.927393336000023, 2.001576476158107 ], [ 37.550000000001091, 46.927147121681628, 2.02857647615815 ], [ 37.551524403001167, 46.927070633004405, 2.029276476158202 ], [ 37.557082677998551, 46.926382628002102, 2.036176476158062 ], [ 37.557350933606358, 46.926324533196748, 2.036776476158138 ], [ 37.562377857002502, 46.925235877000887, 2.047676476158131 ], [ 37.5673127700029, 46.923560461000307, 2.064376476158031 ], [ 37.570000000003347, 46.922163501441901, 2.078376476158155 ], [ 37.572121389459426, 46.921060694729022, 2.089376476158122 ], [ 37.572270496999408, 46.920983181003976, 2.088676476158071 ], [ 37.573525044184862, 46.920000000001892, 2.082376476158061 ], [ 37.576492689999213, 46.91767427400373, 2.067576476158138 ], [ 37.579068177672525, 46.914534088833534, 2.054676476158193 ], [ 37.579799878003541, 46.913641957004074, 2.050976476158212 ], [ 37.58141653900384, 46.910532756000975, 2.042876476158199 ], [ 37.581596987303783, 46.909999999999854, 2.041976476158197 ], [ 37.582563637004569, 46.907146060999366, 2.037176476158038 ], [ 37.582718197259965, 46.906359098629764, 2.036376476158239 ], [ 37.583272911002496, 46.903534706001665, 2.033676476158234 ], [ 37.583547073127193, 46.899999999997817, 2.032276476158131 ], [ 37.583566743001938, 46.899746401000812, 2.032176476158156 ], [ 37.583080413183779, 46.893459793411239, 2.034576476158236 ], [ 37.582952685002965, 46.891808697997476, 2.03527647615806 ], [ 37.582496742026706, 46.890000000003056, 2.03747647615819 ], [ 37.581414626367405, 46.885707313182138, 2.042976476158174 ], [ 37.581091609003124, 46.884425923002709, 2.044576476158227 ], [ 37.579428498924244, 46.880000000001019, 2.05287647615819 ], [ 37.578271177000715, 46.876920097003676, 2.058676476158098 ], [ 37.576600467175012, 46.873300233590271, 2.066976476158061 ], [ 37.575077279128891, 46.870000000004438, 2.0745764761582 ], [ 37.574771014000362, 46.869336427003873, 2.069476476158115 ], [ 37.570815824001329, 46.861705813002118, 2.012976476158201 ] ], [ [ 36.551227428999482, 46.429171483001483, 3.006176476158089 ], [ 36.549999999999272, 46.427356294874699, 2.999976476158054 ], [ 36.545025678326056, 46.420000000001892, 2.999976476158054 ], [ 36.542484787483772, 46.416242393745051, 2.999976476158054 ], [ 36.539244337001946, 46.411450240999329, 3.031676476158054 ], [ 36.538355379874702, 46.409999999999854, 3.04177647615802 ], [ 36.535912391000238, 46.40601451800103, 3.029576476158127 ], [ 36.533756253995307, 46.401878126996962, 3.018776476158109 ], [ 36.532777260681542, 46.400000000003274, 3.013876476158202 ], [ 36.532203073220444, 46.39889846339247, 3.010976476158021 ], [ 36.531966033999197, 46.398443721000149, 3.00987647615807 ], [ 36.530000000002474, 46.394440564972683, 2.999976476158054 ], [ 36.527819145281683, 46.390000000001237, 2.989076476158061 ], [ 36.52637173900257, 46.387052852000124, 2.98187647615805 ], [ 36.524353962999157, 46.383417224000368, 2.971776476158084 ], [ 36.524066356678304, 46.382966821662194, 2.970376476158208 ], [ 36.522171880133101, 46.380000000001019, 2.960876476158091 ], [ 36.521061396000732, 46.378260940004111, 2.972676476158085 ], [ 36.518012758962868, 46.374006379483035, 2.999976476158054 ], [ 36.517556462000357, 46.373369589000504, 3.004076476158161 ], [ 36.515005372953965, 46.370000000004438, 3.025076476158119 ], [ 36.511687439000525, 46.365617529001611, 3.008476476158194 ], [ 36.510000000002037, 46.363600583892548, 2.999976476158054 ], [ 36.506987639544604, 46.360000000002401, 2.984976476158181 ], [ 36.506936805004443, 46.359939239000596, 2.984676476158029 ], [ 36.504372132001663, 46.357450467003218, 2.971876476158059 ], [ 36.500637423698208, 46.354681288152278, 2.953176476158205 ], [ 36.500172804002432, 46.354336786003842, 2.956676476158236 ], [ 36.495606774000407, 46.351982125001086, 2.980176476158022 ], [ 36.490793183002097, 46.350441826998576, 2.995576476158021 ], [ 36.490000000001601, 46.350307063408763, 2.996976476158125 ], [ 36.488192705643087, 46.350000000002183, 2.999976476158054 ], [ 36.487458253999648, 46.349875215000793, 3.001276476158182 ], [ 36.478956810004092, 46.34929177399863, 3.00707647615809 ], [ 36.470000000001164, 46.349191935814815, 3.008076476158067 ], [ 36.468347021367663, 46.349173510685432, 3.008276476158244 ], [ 36.461989878001987, 46.349102650001441, 3.008976476158068 ], [ 36.450000000000728, 46.349183495793113, 3.008176476158042 ], [ 36.448388720777075, 46.349194360385809, 3.008076476158067 ], [ 36.430000000000291, 46.349318352535192, 3.006776476158166 ], [ 36.428654845387427, 46.349327422694842, 3.006676476158191 ], [ 36.423688344002585, 46.349360911002805, 3.006376476158039 ], [ 36.410480894999637, 46.349129235999499, 3.008676476158143 ], [ 36.409999999999854, 46.349105216801036, 3.008976476158068 ], [ 36.40801182760697, 46.34900591380574, 3.009976476158045 ], [ 36.397294464002698, 46.348470615001133, 3.015276476158078 ], [ 36.390747460000057, 46.347906753999268, 3.020976476158239 ], [ 36.389999999999418, 46.347810511631906, 3.021876476158241 ], [ 36.384102241810979, 46.347051120908873, 3.029476476158152 ], [ 36.381031541999619, 46.346655740000642, 3.033476476158057 ], [ 36.37149973400301, 46.344761890999507, 3.052376476158088 ], [ 36.370000000002619, 46.344345691577473, 3.05657647615817 ], [ 36.364553847999559, 46.342834300003233, 3.04437647615805 ], [ 36.357746936002513, 46.340512227001454, 3.033576476158032 ], [ 36.356456926883766, 46.340000000000146, 3.032276476158131 ], [ 36.351078293000683, 46.337864292998347, 3.026776476158147 ], [ 36.350000000002183, 46.337381617426217, 3.026176476158071 ], [ 36.344554078003057, 46.334943862999353, 3.023376476158091 ], [ 36.338187744000606, 46.331790960002763, 3.023076476158167 ], [ 36.334886911470676, 46.330000000003565, 3.024476476158043 ], [ 36.332000609001625, 46.328433955000946, 3.025676476158196 ], [ 36.330000000001746, 46.327248285204405, 3.027476476158199 ], [ 36.326022579001801, 46.324891049003782, 3.051076476158187 ], [ 36.323496988308762, 46.323251505846201, 3.067476476158163 ], [ 36.320292991002134, 46.321171560000948, 3.051476476158086 ], [ 36.318659072134324, 46.320000000001528, 3.043276476158098 ], [ 36.315101595877422, 46.317449202064381, 3.025476476158019 ], [ 36.314861558001212, 46.317277089001436, 3.024276476158093 ], [ 36.31000000000131, 46.313481694578513, 2.999976476158054 ], [ 36.305540263221701, 46.31000000000131, 2.999976476158054 ], [ 36.302883532001943, 46.307925903000069, 2.999976476158054 ], [ 36.29661618666978, 46.303308093336454, 2.999976476158054 ], [ 36.292728513000839, 46.300443636999262, 3.009176476158245 ], [ 36.292085534547368, 46.299999999999272, 3.010476476158146 ], [ 36.290000000000873, 46.298561039980996, 2.999976476158054 ], [ 36.286049898002602, 46.295835580998755, 2.980276476158224 ], [ 36.282462109968037, 46.293768945015472, 2.962276476158195 ], [ 36.281416010000612, 46.29316637100419, 2.968376476158028 ], [ 36.274809804137476, 46.290000000002692, 2.999976476158054 ], [ 36.272354074613759, 46.288822962696941, 3.011776476158047 ], [ 36.271806056000059, 46.288560295999559, 3.009076476158043 ], [ 36.270000000000437, 46.287816779062268, 2.999976476158054 ], [ 36.26442919100009, 46.285523389004084, 2.999976476158054 ], [ 36.25917372800177, 46.283921091000593, 2.999976476158054 ], [ 36.256738215688529, 46.283369107844919, 2.999976476158054 ], [ 36.253625947001638, 46.282663744999809, 2.991476476158141 ], [ 36.25, 46.2820528530101, 2.979476476158197 ], [ 36.247838778999721, 46.281688735001808, 2.983076476158203 ], [ 36.246864964408815, 46.281567517795338, 2.984276476158129 ], [ 36.241857032004191, 46.280944147001719, 2.990576476158139 ], [ 36.23571842200181, 46.280387479000638, 2.996076476158123 ], [ 36.229999999999563, 46.280019569196156, 2.999776476158104 ], [ 36.229695835991151, 46.280000000000655, 2.999976476158054 ], [ 36.229454562000683, 46.279984476999743, 3.000176476158231 ], [ 36.216652409002563, 46.279537747001086, 3.004576476158036 ], [ 36.209999999999127, 46.27951809987826, 3.004776476158213 ], [ 36.209030472986342, 46.279515236492443, 3.004876476158188 ], [ 36.200331812000513, 46.279489546001059, 3.005076476158138 ], [ 36.190455027001008, 46.279690342000322, 3.003076476158185 ], [ 36.190000000002328, 46.279709261087191, 3.002876476158235 ], [ 36.189463163300388, 46.279731581649685, 3.002676476158058 ], [ 36.183007375539091, 46.280000000000655, 2.999976476158054 ], [ 36.177261540000472, 46.280238900000768, 2.999976476158054 ], [ 36.171330443050465, 46.280665221524032, 2.999976476158054 ], [ 36.170000000001892, 46.280760852489038, 2.999976476158054 ], [ 36.164104296001824, 46.281184629999188, 2.999976476158054 ], [ 36.154555228617028, 46.282277614307532, 2.999976476158054 ], [ 36.151050349999423, 46.282678782001312, 2.999976476158054 ], [ 36.150000000001455, 46.28284885303583, 2.999976476158054 ], [ 36.141573474067627, 46.284213262968478, 2.999976476158054 ], [ 36.130000000001019, 46.286087221833441, 3.039176476158218 ], [ 36.129381595001178, 46.286187353003697, 3.038076476158039 ], [ 36.123906608343532, 46.28695330417213, 3.030476476158128 ], [ 36.122890270000426, 46.287095490004504, 3.029076476158025 ], [ 36.110000000000582, 46.288485558330649, 3.015176476158103 ], [ 36.095956401062722, 46.290000000002692, 2.999976476158054 ], [ 36.090000000000146, 46.290642329791808, 2.999976476158054 ], [ 36.083694629001911, 46.291322292003315, 2.999976476158054 ], [ 36.075039441589979, 46.292519720796918, 2.999976476158054 ], [ 36.070738803000495, 46.293114706000779, 2.999976476158054 ], [ 36.069999999999709, 46.29324979640478, 2.999976476158054 ], [ 36.059753112953331, 46.2951234435277, 2.999976476158054 ], [ 36.049999999999272, 46.296906803869206, 3.03097647615823 ], [ 36.049260575000517, 46.297042008001881, 3.029576476158127 ], [ 36.045298407534574, 46.297649203768742, 3.023476476158066 ], [ 36.030000000002474, 46.299993660019027, 3.000076476158029 ], [ 36.02995862935677, 46.299999999999272, 2.999976476158054 ], [ 36.02357119500266, 46.300978863999262, 2.999976476158054 ], [ 36.014862006373733, 46.302431003190577, 2.999976476158054 ], [ 36.010845945002075, 46.303100626999367, 2.999976476158054 ], [ 36.010000000002037, 46.30327396771645, 2.999976476158054 ], [ 35.998905272344928, 46.305547363826918, 2.999976476158054 ], [ 35.990000000001601, 46.307372123490495, 3.026276476158046 ], [ 35.989929028999541, 46.307386666001548, 3.026176476158071 ], [ 35.986107102542519, 46.308053551270859, 3.019476476158161 ], [ 35.974951984486324, 46.31000000000131, 2.999976476158054 ], [ 35.971281070438636, 46.310640535219136, 2.999976476158054 ], [ 35.970000000001164, 46.310864068303999, 2.999976476158054 ], [ 35.967345499555449, 46.311327250225077, 2.999976476158054 ], [ 35.965600603001803, 46.311631716000193, 2.999976476158054 ], [ 35.95407979400261, 46.313894841003275, 2.999976476158054 ], [ 35.950000000000728, 46.314824963938008, 2.999976476158054 ], [ 35.945761711001978, 46.315791221000836, 3.021176476158189 ], [ 35.942711340450842, 46.316355670229314, 3.036476476158214 ], [ 35.940049531001932, 46.316848218999439, 3.031476476158105 ], [ 35.934150695000426, 46.317694894001761, 3.023076476158167 ], [ 35.930000000000291, 46.318103934670944, 3.018976476158059 ], [ 35.92191388700121, 46.318900800997653, 3.010976476158021 ], [ 35.910906324823372, 46.319546837592497, 3.004576476158036 ], [ 35.909999999999854, 46.319600030023139, 3.003976476158186 ], [ 35.909284093508177, 46.31964204675387, 3.003576476158059 ], [ 35.909250881000844, 46.319643996002924, 3.003576476158059 ], [ 35.898915290028526, 46.320000000001528, 2.999976476158054 ], [ 35.896304131001671, 46.320089939999889, 2.999976476158054 ], [ 35.890401364273202, 46.320200682133873, 2.999976476158054 ], [ 35.889999999999418, 46.320208212149737, 2.999976476158054 ], [ 35.889567341433576, 46.32021632928263, 2.999976476158054 ], [ 35.879869660999248, 46.320398268004283, 2.999976476158054 ], [ 35.870000000004438, 46.320451227709782, 2.999976476158054 ], [ 35.851105230634857, 46.320552615319684, 2.999976476158054 ], [ 35.850000000004002, 46.320558545887252, 2.999976476158054 ], [ 35.831317588012098, 46.320658794007613, 2.999976476158054 ], [ 35.830000000001746, 46.320665864062903, 2.999976476158054 ], [ 35.828653824970388, 46.320673087513569, 2.999976476158054 ], [ 35.823205450002206, 46.320702322998841, 2.999976476158054 ], [ 35.81000000000131, 46.320677101606634, 2.999976476158054 ], [ 35.803222448001179, 46.320664156997736, 2.999976476158054 ], [ 35.79102457072986, 46.320512285365112, 2.999976476158054 ], [ 35.790000000000873, 46.320499528781511, 2.999976476158054 ], [ 35.789025215852234, 46.320487392073119, 2.999976476158054 ], [ 35.783431049001592, 46.320417741000711, 2.999976476158054 ], [ 35.772338767565088, 46.320000000001528, 2.999976476158054 ], [ 35.770163819328445, 46.319918090339343, 3.00077647615808 ], [ 35.770000000000437, 46.319911920816594, 3.000876476158055 ], [ 35.76980949240351, 46.319904746200336, 3.00097647615803 ], [ 35.764056963002076, 46.319688102998043, 3.003076476158185 ], [ 35.751561751001645, 46.318688208000822, 3.013076476158176 ], [ 35.75, 46.318497699012369, 3.014976476158154 ], [ 35.745504222002637, 46.317949285001305, 3.020476476158137 ], [ 35.739611612001681, 46.3169993169995, 3.029976476158026 ], [ 35.737077793404751, 46.316461103300753, 3.035376476158035 ], [ 35.733919017000517, 46.315790141003163, 3.019576476158136 ], [ 35.729999999999563, 46.314723795307145, 2.999976476158054 ], [ 35.712639181539998, 46.31000000000131, 2.999976476158054 ], [ 35.710930077822923, 46.309534961090321, 3.004676476158238 ], [ 35.709999999999127, 46.309281891381033, 3.007176476158065 ], [ 35.708524945001045, 46.308880536002107, 3.003776476158237 ], [ 35.706619558226521, 46.308309779115007, 2.999976476158054 ], [ 35.701980294999885, 46.306920091999928, 2.999976476158054 ], [ 35.690000000000509, 46.303042074212499, 2.999976476158054 ], [ 35.686306816378419, 46.301846591813955, 2.999976476158054 ], [ 35.680602171416467, 46.299999999999272, 2.999976476158054 ], [ 35.677018189002411, 46.29883986599998, 3.011576476158098 ], [ 35.671229252002377, 46.296682136999152, 3.033176476158133 ], [ 35.67, 46.296151936878232, 3.038476476158166 ], [ 35.664908851000291, 46.293956026003798, 3.034976476158135 ], [ 35.658783770999435, 46.290902806002123, 3.034876476158161 ], [ 35.657201005986281, 46.290000000002692, 3.035976476158112 ], [ 35.652891600999283, 46.287541924002653, 3.014476476158052 ], [ 35.650000000003274, 46.285714787529287, 2.999976476158054 ], [ 35.644951052991019, 46.282524473504964, 2.999976476158054 ], [ 35.640955856018991, 46.280000000000655, 2.999976476158054 ], [ 35.630000000002838, 46.273077245405148, 2.999976476158054 ], [ 35.625129993837618, 46.270000000000437, 2.999976476158054 ], [ 35.61571237300268, 46.264049221001187, 2.999976476158054 ], [ 35.610000000000582, 46.260212462597337, 2.999976476158054 ], [ 35.609905308001544, 46.260148862003916, 2.999976476158054 ], [ 35.609698789923641, 46.260000000000218, 2.999976476158054 ], [ 35.609016758280632, 46.259508379142062, 2.999976476158054 ], [ 35.604296904000876, 46.256106222001108, 3.010376476158171 ], [ 35.59897678100242, 46.251870186002634, 3.026176476158071 ], [ 35.596925303601893, 46.25, 3.034676476158211 ], [ 35.594050150002658, 46.24737892700432, 3.020276476158188 ], [ 35.590000000000146, 46.242968448776082, 2.999976476158054 ], [ 35.588118432000556, 46.240919484000187, 2.999976476158054 ], [ 35.58736485569716, 46.24000000000342, 2.999976476158054 ], [ 35.585535302072458, 46.237767651036847, 2.999976476158054 ], [ 35.584008116000405, 46.235904238999865, 3.010976476158021 ], [ 35.580248673999449, 46.230666810002731, 3.044576476158227 ], [ 35.579863875875162, 46.229999999999563, 3.049276476158184 ], [ 35.577031058001012, 46.225091059002807, 3.035176476158085 ], [ 35.576248140554526, 46.223124070278573, 3.031276476158155 ], [ 35.575004671742136, 46.220000000002983, 3.024976476158145 ], [ 35.574173988650728, 46.217913005673836, 3.020876476158037 ], [ 35.573788708001302, 46.216945033002048, 3.018976476158059 ], [ 35.572565734999444, 46.212627525002972, 3.012876476158226 ], [ 35.571970470413362, 46.210000000000946, 3.00987647615807 ], [ 35.571558084999197, 46.208179712000856, 3.007776476158142 ], [ 35.57025460263867, 46.200127301319299, 3.001276476158182 ], [ 35.570233995762464, 46.200000000002547, 3.001176476158207 ], [ 35.570068049000838, 46.198974844999611, 3.000376476158181 ], [ 35.569999999999709, 46.198370801430428, 2.999976476158054 ], [ 35.569536108001557, 46.194253019000826, 2.999976476158054 ], [ 35.569240484504917, 46.190379757748815, 2.999976476158054 ], [ 35.569211499805533, 46.190000000000509, 2.999976476158054 ], [ 35.569180215097731, 46.18959010754952, 2.999976476158054 ], [ 35.568802808002147, 46.184645317001923, 2.999976476158054 ], [ 35.56865555560762, 46.180000000000291, 2.999976476158054 ], [ 35.568633903592854, 46.179316951796864, 2.999976476158054 ], [ 35.568338916000357, 46.170011087000603, 2.999976476158054 ], [ 35.568338951074111, 46.17, 2.999976476158054 ], [ 35.568341574284204, 46.169170787141411, 2.999976476158054 ], [ 35.568369836000784, 46.1602370790024, 2.999976476158054 ], [ 35.568376884817553, 46.159999999999854, 2.999976476158054 ], [ 35.568400660527914, 46.159200330263047, 2.999976476158054 ], [ 35.568657817999338, 46.150551123999321, 2.999976476158054 ], [ 35.568691155218403, 46.149999999999636, 2.999976476158054 ], [ 35.56923253900095, 46.141049955000199, 2.999976476158054 ], [ 35.56930349960021, 46.140348250202806, 2.999976476158054 ], [ 35.569338716746643, 46.139999999999418, 2.999976476158054 ], [ 35.569999999999709, 46.133460798515443, 2.999976476158054 ], [ 35.570163054999284, 46.131848404000266, 3.00077647615808 ], [ 35.57042439306133, 46.130212196532739, 3.002076476158209 ], [ 35.570458285479617, 46.130000000002838, 3.002276476158158 ], [ 35.570498061098988, 46.129750969455927, 3.002476476158108 ], [ 35.57156206000036, 46.123089395001443, 3.007776476158142 ], [ 35.572333271842581, 46.1200000000008, 3.011676476158073 ], [ 35.573592672999439, 46.114954969001701, 3.017976476158083 ], [ 35.574534916295306, 46.112267458147471, 3.02267647615804 ], [ 35.574911789000907, 46.111192524002035, 3.024576476158245 ], [ 35.575443122919751, 46.110000000002401, 3.027176476158047 ], [ 35.576477515001898, 46.107678414000475, 3.032376476158106 ], [ 35.578474297024513, 46.104237148514585, 3.042376476158097 ], [ 35.578963300000396, 46.103394398000091, 3.033976476158159 ], [ 35.581398709780842, 46.100000000000364, 2.999976476158054 ], [ 35.583669655035919, 46.096834827516432, 2.999976476158054 ], [ 35.588573501248902, 46.090000000001965, 2.999976476158054 ], [ 35.588950130857484, 46.089475065431543, 2.999976476158054 ], [ 35.590000000000146, 46.088011790649034, 2.999976476158054 ], [ 35.590970485000071, 46.086659159000192, 3.004876476158188 ], [ 35.593219068001417, 46.083833361002689, 3.016076476158105 ], [ 35.594619765352036, 46.082309882676782, 3.023076476158167 ], [ 35.596743488735228, 46.08, 2.999976476158054 ], [ 35.600918354899477, 46.075459177449375, 2.999976476158054 ], [ 35.602971611002431, 46.073225939000622, 2.999976476158054 ], [ 35.605507810210838, 46.069999999999709, 2.999976476158054 ], [ 35.606775388127062, 46.068387694063858, 2.999976476158054 ], [ 35.610000000000582, 46.064286123033526, 2.999976476158054 ], [ 35.612036259002707, 46.06169608700111, 3.010176476158222 ], [ 35.612443639996854, 46.061221819998536, 3.012176476158174 ], [ 35.613493146371184, 46.059999999999491, 3.017476476158208 ], [ 35.614446047000456, 46.058890647002045, 3.02227647615814 ], [ 35.617046463001316, 46.056238114000735, 3.03527647615806 ], [ 35.619065208218672, 46.054532604110136, 3.045276476158051 ], [ 35.620881336999446, 46.052998271999968, 3.029976476158026 ], [ 35.625023315033104, 46.049999999999272, 2.999976476158054 ], [ 35.625042461999328, 46.049986140000328, 2.999976476158054 ], [ 35.627124602244294, 46.04856230112091, 2.999976476158054 ], [ 35.630000000002838, 46.046596005560787, 2.999976476158054 ], [ 35.639281675001257, 46.040248878000057, 2.999976476158054 ], [ 35.639615217354731, 46.040000000002692, 2.999976476158054 ], [ 35.644057113002418, 46.036685607999971, 2.999976476158054 ], [ 35.650000000003274, 46.031957242974386, 2.999976476158054 ], [ 35.650179957001455, 46.031814063002457, 3.000876476158055 ], [ 35.65160288696643, 46.030801443483142, 3.007976476158092 ], [ 35.652729072984584, 46.030000000000655, 3.013676476158025 ], [ 35.656501360999755, 46.027315474002535, 3.032476476158081 ], [ 35.660478450647133, 46.025239225326004, 3.052376476158088 ], [ 35.663552948002689, 46.023634176999622, 3.036376476158239 ], [ 35.67, 46.021015848828029, 3.010176476158222 ], [ 35.671121087591018, 46.020560543796819, 3.00557647615824 ], [ 35.671183560001737, 46.020535172001473, 3.005376476158062 ], [ 35.672600317386241, 46.020000000002256, 2.999976476158054 ], [ 35.682511907220032, 46.016255953609289, 2.999976476158054 ], [ 35.687004681001781, 46.014558834001946, 2.999976476158054 ], [ 35.690000000000509, 46.013199518498368, 2.999976476158054 ], [ 35.692738936000751, 46.011956553000346, 2.999976476158054 ], [ 35.696475519309388, 46.010000000000218, 2.999976476158054 ], [ 35.69823905100202, 46.009076578000531, 2.999976476158054 ], [ 35.702727888774461, 46.006363944388795, 2.999976476158054 ], [ 35.703420025000014, 46.005945681999947, 2.999976476158054 ], [ 35.709999999999127, 46.001409917980709, 2.999976476158054 ], [ 35.711185474014201, 46.000592737005718, 3.005976476158139 ], [ 35.712045350026528, 46.000000000001819, 3.010276476158197 ], [ 35.713041109000187, 45.999313595000785, 3.015176476158103 ], [ 35.716311675001634, 45.997288017999381, 3.031576476158079 ], [ 35.720397285973377, 45.995198642987816, 3.051976476158188 ], [ 35.720935515999372, 45.994923393000136, 3.049276476158184 ], [ 35.725812223001412, 45.992881434000083, 3.0287764761581 ], [ 35.729999999999563, 45.991370911406193, 3.013676476158025 ], [ 35.730854902003557, 45.991062550001516, 3.010576476158121 ], [ 35.731618520549091, 45.990809260276365, 3.008076476158067 ], [ 35.734058280584577, 45.989999999999782, 2.999976476158054 ], [ 35.743642134913898, 45.986821067455821, 2.999976476158054 ], [ 35.746128230000977, 45.985996437999347, 2.999976476158054 ], [ 35.75, 45.984568790650883, 2.999976476158054 ], [ 35.753489952001473, 45.983281931999954, 3.017476476158208 ], [ 35.755346672072847, 45.982673336036896, 3.026776476158147 ], [ 35.758843629002513, 45.981527103002009, 3.015276476158078 ], [ 35.763933385769633, 45.980000000001382, 2.999976476158054 ], [ 35.767724855806591, 45.978862427906279, 2.999976476158054 ], [ 35.770000000000437, 45.978179805984837, 2.999976476158054 ], [ 35.777915871001824, 45.975804771002004, 2.999976476158054 ], [ 35.780129920576655, 45.975064960288364, 2.999976476158054 ], [ 35.784540048000054, 45.973591343999942, 2.999976476158054 ], [ 35.790000000000873, 45.971528901894999, 2.999976476158054 ], [ 35.790950291000627, 45.971169939000902, 3.004776476158213 ], [ 35.791697488459249, 45.970848744229443, 3.008476476158194 ], [ 35.793671927613104, 45.969999999999345, 3.01837647615821 ], [ 35.799938483, 45.967306221000399, 3.049676476158083 ], [ 35.802529235421389, 45.966264617711204, 3.062676476158231 ], [ 35.808390116999362, 45.963908269999592, 3.039076476158243 ], [ 35.81000000000131, 45.963407788114637, 3.034076476158134 ], [ 35.813767932000701, 45.962236409999605, 3.022376476158115 ], [ 35.818739457999982, 45.961043414999949, 3.010476476158146 ], [ 35.823070459000519, 45.960270608002247, 3.002676476158058 ], [ 35.825376510925707, 45.960000000000946, 2.999976476158054 ], [ 35.826532135999514, 45.959864391001247, 2.999976476158054 ], [ 35.828904707999754, 45.959779493001406, 2.999976476158054 ], [ 35.830000000001746, 45.960000000000946, 2.999976476158054 ], [ 35.830965501001629, 45.960093681002036, 3.00097647615803 ], [ 35.831414847132692, 45.960000000000946, 2.999976476158054 ], [ 35.832996684001046, 45.959670214000653, 2.999976476158054 ], [ 35.835920028002874, 45.958727876999546, 2.999976476158054 ], [ 35.842266631318125, 45.956133315659827, 2.999976476158054 ], [ 35.850000000004002, 45.952971829357921, 2.999976476158054 ], [ 35.851626300000135, 45.952306980001595, 3.008176476158042 ], [ 35.853235037708146, 45.951617518854619, 3.01617647615808 ], [ 35.857009236684462, 45.950000000002547, 2.999976476158054 ], [ 35.866279840000061, 45.946026872003131, 2.999976476158054 ], [ 35.870000000004438, 45.944562598300763, 2.999976476158054 ], [ 35.875105833254565, 45.942552916627392, 3.025576476158221 ], [ 35.875823345999379, 45.942270499999722, 3.02267647615804 ], [ 35.88221187230738, 45.940000000000509, 2.999976476158054 ], [ 35.889999999999418, 45.937232077780209, 2.999976476158054 ], [ 35.894649178000691, 45.935579746999792, 3.023276476158117 ], [ 35.898873510430349, 45.934436755216666, 3.04437647615805 ], [ 35.900588705999326, 45.933972668999559, 3.039776476158067 ], [ 35.906309922000219, 45.932801512000879, 3.027976476158074 ], [ 35.909999999999854, 45.932189643504898, 3.021876476158241 ], [ 35.91216178600007, 45.931831187999705, 3.018276476158235 ], [ 35.925457366498449, 45.93000000000211, 2.999976476158054 ], [ 35.930000000000291, 45.929374347291741, 2.999976476158054 ], [ 35.930426447999707, 45.929315613002473, 2.999976476158054 ], [ 35.942755938000118, 45.927407740002309, 2.999976476158054 ], [ 35.944238520174622, 45.927119260089967, 2.999976476158054 ], [ 35.948852247000104, 45.926221523999629, 2.999976476158054 ], [ 35.950000000000728, 45.92593545341515, 2.999976476158054 ], [ 35.962146451000081, 45.922908023003401, 2.999976476158054 ], [ 35.96687072003806, 45.921564639980716, 2.999976476158054 ], [ 35.970000000001164, 45.920674804638111, 3.006776476158166 ], [ 35.970860327503033, 45.920430163751007, 3.004276476158111 ], [ 35.972373082435297, 45.92, 2.999976476158054 ], [ 35.974224809000589, 45.919473447002019, 2.999976476158054 ], [ 35.983133721407285, 45.916566860702005, 2.999976476158054 ], [ 35.984902966001755, 45.915989634002472, 2.999976476158054 ], [ 35.990000000001601, 45.91402195027149, 2.999976476158054 ], [ 35.994539217477723, 45.912269608737915, 3.02267647615804 ], [ 36.000418349743995, 45.910000000001673, 2.999976476158054 ], [ 36.005825327871207, 45.90791266393353, 2.999976476158054 ], [ 36.010000000002037, 45.906301053253628, 2.999976476158054 ], [ 36.014439003003645, 45.904587399001684, 3.022176476158165 ], [ 36.01725943344718, 45.903629716725845, 3.036276476158037 ], [ 36.019446763002634, 45.902887005002412, 3.028876476158075 ], [ 36.029592027020044, 45.899999999999636, 2.999976476158054 ], [ 36.029852025911168, 45.899926012956712, 2.999976476158054 ], [ 36.030000000002474, 45.89988390444887, 2.999976476158054 ], [ 36.030538893430275, 45.899730553286645, 2.999976476158054 ], [ 36.037646931001291, 45.897707841999363, 2.999976476158054 ], [ 36.045231132000481, 45.89529429400136, 2.999976476158054 ], [ 36.049999999999272, 45.893560865777545, 2.999976476158054 ], [ 36.054123814235936, 45.892061907119569, 3.020576476158112 ], [ 36.05745629500052, 45.890850588999456, 3.008476476158194 ], [ 36.060015726390702, 45.890000000001237, 2.999976476158054 ], [ 36.066013474825013, 45.888006737413889, 2.999976476158054 ], [ 36.069999999999709, 45.886681874993883, 2.999976476158054 ], [ 36.071261961002165, 45.886262481002632, 3.006276476158064 ], [ 36.075088931002028, 45.885052293999252, 3.025476476158019 ], [ 36.078388233479927, 45.884194116739309, 3.041976476158197 ], [ 36.080435096000656, 45.883661710000524, 3.036576476158189 ], [ 36.086040559999674, 45.882500883004468, 3.024976476158145 ], [ 36.090000000000146, 45.881826816765169, 3.018276476158235 ], [ 36.09185453200007, 45.881511096002214, 3.015076476158129 ], [ 36.092776982079158, 45.881388491041434, 3.013876476158202 ], [ 36.103223652738961, 45.8799999999992, 2.999976476158054 ], [ 36.110000000000582, 45.879099340090761, 2.999976476158054 ], [ 36.116404848002276, 45.878248057002565, 2.999976476158054 ], [ 36.124197109156739, 45.877098554579788, 2.999976476158054 ], [ 36.129033999000967, 45.876385024001138, 2.999976476158054 ], [ 36.130000000001019, 45.876207738661833, 2.999976476158054 ], [ 36.141982815148367, 45.874008592425525, 2.999976476158054 ], [ 36.150000000001455, 45.872537238521545, 3.025376476158044 ], [ 36.150313644000562, 45.872479677002048, 3.024776476158195 ], [ 36.153828366157541, 45.871914183078843, 3.019176476158236 ], [ 36.156727679999676, 45.871447703999365, 3.014476476158052 ], [ 36.167062154279847, 45.8700000000008, 2.999976476158054 ], [ 36.16935704174648, 45.869678520875823, 2.999976476158054 ], [ 36.170000000001892, 45.869588452120297, 2.999976476158054 ], [ 36.182577278999815, 45.867826564999632, 2.999976476158054 ], [ 36.184889846284932, 45.867444923142102, 2.999976476158054 ], [ 36.190000000002328, 45.86660159695748, 2.999976476158054 ], [ 36.200145380547838, 45.864927309727136, 2.999976476158054 ], [ 36.209999999999127, 45.863301006660549, 3.032976476158183 ], [ 36.210592904000805, 45.863203160000921, 3.032076476158181 ], [ 36.215328059613967, 45.862664029808002, 3.026676476158173 ], [ 36.22360995300005, 45.861721079001654, 3.017176476158056 ], [ 36.229999999999563, 45.861275432282127, 3.012776476158024 ], [ 36.236756124999374, 45.860804255000403, 3.008076476158067 ], [ 36.249433415705425, 45.860283292149688, 3.002876476158235 ], [ 36.249985955002558, 45.86026058599964, 3.002576476158083 ], [ 36.25, 45.860260306650162, 3.002576476158083 ], [ 36.250500695732626, 45.860250347866895, 3.002476476158108 ], [ 36.263087388915665, 45.860000000002401, 2.999976476158054 ], [ 36.26973553816606, 45.859867769084303, 2.999976476158054 ], [ 36.269922371000575, 45.85986405299991, 2.999976476158054 ], [ 36.270000000000437, 45.859863540534207, 2.999976476158054 ], [ 36.270276570476199, 45.859861714763611, 2.999976476158054 ], [ 36.289914885999679, 45.859732073004125, 2.999976476158054 ], [ 36.290000000000873, 45.859732001737939, 2.999976476158054 ], [ 36.309431463174406, 45.85971573158713, 2.999976476158054 ], [ 36.31000000000131, 45.859715255548508, 2.999976476158054 ], [ 36.310570444185942, 45.859714777910995, 2.999976476158054 ], [ 36.330000000001746, 45.859698509357258, 2.999976476158054 ], [ 36.3493645904, 45.8596822952004, 2.999976476158054 ], [ 36.350000000002183, 45.859681763167828, 2.999976476158054 ], [ 36.350637541307151, 45.859681229349007, 2.999976476158054 ], [ 36.370000000002619, 45.859665016978397, 2.999976476158054 ], [ 36.389297717629233, 45.85964885881549, 2.999976476158054 ], [ 36.389999999999418, 45.859648270788966, 2.999976476158054 ], [ 36.390704638430179, 45.859647680785201, 2.999976476158054 ], [ 36.409999999999854, 45.859631524595898, 2.999976476158054 ], [ 36.410738186992603, 45.859630906508755, 2.999976476158054 ], [ 36.430000000000291, 45.859614778406467, 2.999976476158054 ], [ 36.449197408470354, 45.859598704233576, 2.999976476158054 ], [ 36.450000000000728, 45.859598032217036, 2.999976476158054 ], [ 36.450805284110174, 45.859597357946768, 2.999976476158054 ], [ 36.463427791002687, 45.859586788999877, 2.999976476158054 ], [ 36.470000000001164, 45.859688131895382, 2.999976476158054 ], [ 36.489992839515253, 45.859996419758318, 2.999976476158054 ], [ 36.490000000001601, 45.859996530170974, 2.999976476158054 ], [ 36.490006020001601, 45.859996622999461, 2.999976476158054 ], [ 36.490006687785353, 45.859996656108706, 2.999976476158054 ], [ 36.490074134528186, 45.860000000002401, 2.999976476158054 ], [ 36.509781961001863, 45.860977079999429, 3.009776476158095 ], [ 36.510000000002037, 45.860998488833502, 3.009976476158045 ], [ 36.522819336001703, 45.862257194999984, 3.022576476158065 ], [ 36.524892024031942, 45.862553987988576, 3.025576476158221 ], [ 36.529271581999637, 45.863181107000855, 3.031776476158029 ], [ 36.530000000002474, 45.863322531818994, 3.033176476158133 ], [ 36.540863392354368, 45.865431696176529, 2.999976476158054 ], [ 36.543535005999729, 45.865950399000212, 2.999976476158054 ], [ 36.549999999999272, 45.86737770822765, 2.999976476158054 ], [ 36.553638155697627, 45.868180922152533, 2.999976476158054 ], [ 36.56187766480798, 45.8700000000008, 2.999976476158054 ], [ 36.567512110290409, 45.871243944855451, 3.012476476158099 ], [ 36.569654884999181, 45.871717016001639, 3.017176476158056 ], [ 36.569999999999709, 45.871811084638466, 3.018076476158058 ], [ 36.577963326950339, 45.873981663475206, 2.999976476158054 ], [ 36.590000000000146, 45.877262521833472, 2.999976476158054 ], [ 36.593543331449837, 45.878228334275263, 2.999976476158054 ], [ 36.596972716000892, 45.879163088000496, 2.999976476158054 ], [ 36.599810538367819, 45.8799999999992, 2.999976476158054 ], [ 36.609466934000011, 45.882847801001844, 3.028476476158176 ], [ 36.610000000000582, 45.883030936538489, 3.030276476158178 ], [ 36.616379604000031, 45.885222658000203, 3.020376476158162 ], [ 36.628517321230902, 45.890000000001237, 3.007376476158242 ], [ 36.630000000001019, 45.890583574609991, 3.005876476158164 ], [ 36.630060232999313, 45.890607282000929, 3.006076476158114 ], [ 36.64002383103616, 45.894988084482975, 3.049876476158033 ], [ 36.643610448001709, 45.896565050999925, 3.031976476158206 ], [ 36.650000000001455, 45.899586376302977, 2.999976476158054 ], [ 36.650874738683342, 45.899999999999636, 2.999976476158054 ], [ 36.6637881450024, 45.906106156000533, 2.999976476158054 ], [ 36.670000000001892, 45.909182817116744, 2.999976476158054 ], [ 36.671649912488647, 45.910000000001673, 2.999976476158054 ], [ 36.683821888000239, 45.916028641002413, 2.999976476158054 ], [ 36.690000000002328, 45.919203886905962, 2.999976476158054 ], [ 36.691549006291098, 45.92, 2.999976476158054 ], [ 36.700647570458386, 45.924676214770443, 3.046776476158129 ], [ 36.703618712999742, 45.926203236000219, 3.031876476158232 ], [ 36.709999999999127, 45.929638473209707, 2.999976476158054 ], [ 36.710671571156126, 45.93000000000211, 2.999976476158054 ], [ 36.71655208300399, 45.933165655000266, 2.999976476158054 ], [ 36.718039967510776, 45.934019983755206, 2.999976476158054 ], [ 36.728454662646982, 45.940000000000509, 3.007776476158142 ], [ 36.729095870001402, 45.940368175000913, 3.004476476158061 ], [ 36.729170952045024, 45.94041452397687, 3.004176476158136 ], [ 36.729999999999563, 45.940926304459936, 2.999976476158054 ], [ 36.735147314999267, 45.944103799001823, 2.999976476158054 ], [ 36.7380128677014, 45.945993566150719, 2.999976476158054 ], [ 36.74099772199952, 45.947962009999173, 2.999976476158054 ], [ 36.74384069504049, 45.950000000002547, 2.999976476158054 ], [ 36.746371531402474, 45.951814234298581, 3.018176476158033 ], [ 36.74659533600061, 45.951974669000265, 3.016976476158106 ], [ 36.75, 45.954597998999816, 2.999976476158054 ], [ 36.757010935847575, 45.960000000000946, 2.999976476158054 ], [ 36.769944480000049, 45.969965434000187, 2.999976476158054 ], [ 36.769967393696788, 45.96998369685025, 2.999976476158054 ], [ 36.769987848634628, 45.969999999999345, 3.000076476158029 ], [ 36.770000000000437, 45.970009684973775, 3.000076476158029 ], [ 36.775218758999472, 45.974169180004537, 3.01557647615823 ], [ 36.780287231002148, 45.978498857000886, 3.033576476158032 ], [ 36.781869901677055, 45.980000000001382, 3.040676476158069 ], [ 36.784676311663134, 45.982661844169343, 3.026576476158198 ], [ 36.785050034999585, 45.98301631600043, 3.024776476158195 ], [ 36.790000000000873, 45.988456983086508, 2.999976476158054 ], [ 36.791403849860217, 45.989999999999782, 2.999976476158054 ], [ 36.79257541876359, 45.99128770938114, 2.999976476158054 ], [ 36.796706109000297, 45.995827885000836, 2.999976476158054 ], [ 36.800822181943659, 46.000000000001819, 2.999976476158054 ], [ 36.801276882999446, 46.000460892000774, 2.999976476158054 ], [ 36.81000000000131, 46.008732070618862, 2.999976476158054 ], [ 36.811337209226622, 46.010000000000218, 2.999976476158054 ], [ 36.815559885002585, 46.014003902000695, 2.999976476158054 ], [ 36.817657331808732, 46.016171334096725, 2.999976476158054 ], [ 36.820074809000289, 46.018669475002753, 2.999976476158054 ], [ 36.821206220316526, 46.020000000002256, 2.999976476158054 ], [ 36.823829683291478, 46.023085158354661, 3.030876476158028 ], [ 36.824230632999388, 46.02355666999938, 3.028876476158075 ], [ 36.828740499722699, 46.030000000000655, 3.006276476158064 ], [ 36.829067011931329, 46.030466494034044, 3.004676476158238 ], [ 36.829117588002191, 46.030538753000656, 3.004376476158086 ], [ 36.830000000001746, 46.031976921140085, 2.999976476158054 ], [ 36.83492269357339, 46.040000000002692, 2.999976476158054 ], [ 36.836883662999753, 46.043196017002629, 2.999976476158054 ], [ 36.837077539814345, 46.043538769907173, 2.999976476158054 ], [ 36.840008166000189, 46.048719795000579, 3.037176476158038 ], [ 36.840616330024204, 46.049999999999272, 3.046876476158104 ], [ 36.842745805999584, 46.054482616000314, 3.036276476158037 ], [ 36.843618015811444, 46.05680900790685, 3.031876476158232 ], [ 36.844267994001711, 46.058542655000565, 3.028676476158125 ], [ 36.844713329181104, 46.059999999999491, 3.026476476158223 ], [ 36.845553383000151, 46.062749049002377, 3.02227647615814 ], [ 36.84664142100155, 46.06707742800063, 3.016776476158157 ], [ 36.846931912659784, 46.068465956330328, 3.015376476158053 ], [ 36.847252847339405, 46.069999999999709, 3.013776476158228 ], [ 36.847567855002126, 46.071505713001898, 3.012176476158174 ], [ 36.84887480173893, 46.07943740086921, 3.00557647615824 ], [ 36.84896750421467, 46.08, 3.005176476158113 ], [ 36.849063589999787, 46.080583131999447, 3.004676476158238 ], [ 36.850000000002183, 46.087950197088503, 2.999976476158054 ], [ 36.850260545539641, 46.090000000001965, 2.999976476158054 ], [ 36.850278227984745, 46.090139113992336, 2.999976476158054 ], [ 36.851531621592585, 46.100000000000364, 2.999976476158054 ], [ 36.851635568167694, 46.100817784084938, 2.999976476158054 ], [ 36.852207017002002, 46.105313572001251, 3.042076476158172 ], [ 36.852910461151623, 46.110000000002401, 3.085476476158192 ], [ 36.853123053000672, 46.111416312000074, 3.084376476158241 ], [ 36.853152061166838, 46.111576030582, 3.084276476158038 ], [ 36.854212078002092, 46.117412470001, 3.025876476158146 ], [ 36.85483858857333, 46.1200000000008, 2.999976476158054 ], [ 36.856319147003887, 46.12611480400119, 2.999976476158054 ], [ 36.856537581543307, 46.126731209231366, 2.999976476158054 ], [ 36.857695937724202, 46.130000000002838, 2.999976476158054 ], [ 36.859227816001294, 46.134322841000539, 2.999976476158054 ], [ 36.859416649778723, 46.134708324889289, 2.999976476158054 ], [ 36.862008838525071, 46.139999999999418, 2.999976476158054 ], [ 36.862032442999407, 46.140048186000058, 2.999976476158054 ], [ 36.867059660835366, 46.148529830417829, 2.999976476158054 ], [ 36.867931055860026, 46.149999999999636, 3.010376476158171 ], [ 36.870000000002619, 46.153490608341599, 2.999976476158054 ], [ 36.873858229400867, 46.159999999999854, 2.999976476158054 ], [ 36.875483233108753, 46.16274161655565, 2.999976476158054 ], [ 36.879324678999183, 46.169222692002222, 3.045576476158203 ], [ 36.879704145865617, 46.17, 3.051476476158086 ], [ 36.882125349002308, 46.17495964400041, 3.039376476158168 ], [ 36.882654079860004, 46.176327039929674, 3.036776476158138 ], [ 36.883689196001797, 46.179004042000088, 3.031576476158079 ], [ 36.884002361221064, 46.180000000000291, 3.029976476158026 ], [ 36.885008745002779, 46.183200598001349, 3.024976476158145 ], [ 36.886117474001367, 46.187528732001738, 3.019376476158186 ], [ 36.886241055879509, 46.188120527938736, 3.018776476158109 ], [ 36.886633536909358, 46.190000000000509, 3.016876476158131 ], [ 36.886951806627621, 46.191524096688227, 3.015276476158078 ], [ 36.887044978000631, 46.191970266003409, 3.014776476158204 ], [ 36.888282873669596, 46.200000000002547, 3.008576476158169 ], [ 36.88840576079383, 46.200797119603521, 3.007976476158092 ], [ 36.888457325001582, 46.201131596002597, 3.007676476158167 ], [ 36.889358783770149, 46.210000000000946, 3.00317647615816 ], [ 36.889417677002712, 46.210579382002834, 3.002876476158235 ], [ 36.889999999999418, 46.219380694219581, 2.999976476158054 ], [ 36.890039663137941, 46.219980168434631, 2.999976476158054 ], [ 36.890040975253214, 46.220000000002983, 2.999976476158054 ], [ 36.890042377157442, 46.220021188581086, 2.999976476158054 ], [ 36.890056463000292, 46.220234083999458, 2.999976476158054 ], [ 36.890392317236547, 46.229999999999563, 2.999976476158054 ], [ 36.890399181245812, 46.230199590621851, 2.999976476158054 ], [ 36.890734254000563, 46.239942783000515, 2.999976476158054 ], [ 36.89073493842443, 46.24000000000342, 2.999976476158054 ], [ 36.890739360491352, 46.240369680246658, 2.999976476158054 ], [ 36.890854557153943, 46.25, 2.999976476158054 ], [ 36.890859698962231, 46.250429849482316, 2.999976476158054 ], [ 36.890974175887095, 46.260000000000218, 2.999976476158054 ], [ 36.891033707999668, 46.264976822001699, 2.999976476158054 ], [ 36.891048814795795, 46.269475592604067, 2.999976476158054 ], [ 36.891050575744885, 46.270000000000437, 2.999976476158054 ], [ 36.891052342618423, 46.270526171310848, 2.999976476158054 ], [ 36.891084155573481, 46.280000000000655, 2.999976476158054 ], [ 36.891085978923002, 46.280542989463356, 2.999976476158054 ], [ 36.891117735400258, 46.290000000002692, 2.999976476158054 ], [ 36.891119615227581, 46.290559807615864, 2.999976476158054 ], [ 36.891151315230672, 46.299999999999272, 2.999976476158054 ], [ 36.891152248999788, 46.300278075001188, 2.999976476158054 ], [ 36.891129516450746, 46.309435241775645, 2.999976476158054 ], [ 36.891128114446474, 46.31000000000131, 2.999976476158054 ], [ 36.891126715920109, 46.310563357958017, 2.999976476158054 ], [ 36.891103289573948, 46.320000000001528, 2.999976476158054 ], [ 36.891101921819427, 46.320550960912442, 2.999976476158054 ], [ 36.891089758000817, 46.325450812004419, 2.999976476158054 ], [ 36.891022473506382, 46.330000000003565, 2.999976476158054 ], [ 36.891014967597584, 46.33050748380083, 2.999976476158054 ], [ 36.890874569098742, 46.340000000000146, 2.999976476158054 ], [ 36.890868177999437, 46.34043211000062, 2.999976476158054 ], [ 36.890868107491769, 46.340434053745412, 2.999976476158054 ], [ 36.890521103565334, 46.350000000002183, 2.999976476158054 ], [ 36.890332154001953, 46.355208821003544, 2.999976476158054 ], [ 36.889999999999418, 46.35952281327809, 2.999976476158054 ], [ 36.889964621201216, 46.359982310599662, 3.000176476158231 ], [ 36.889963259212891, 46.360000000002401, 3.000176476158231 ], [ 36.889223217480321, 46.369611608743071, 3.003876476158212 ], [ 36.889222722000341, 46.369618044000163, 3.003876476158212 ], [ 36.889171128395901, 46.370000000004438, 3.004176476158136 ], [ 36.887969421000889, 46.378896439002347, 3.010176476158222 ], [ 36.887953812232809, 46.378976906116804, 3.010276476158197 ], [ 36.887755355566696, 46.380000000001019, 3.011176476158198 ], [ 36.88751426818817, 46.381242865905733, 2.999976476158054 ], [ 36.886809691002782, 46.384875138002826, 2.999976476158054 ], [ 36.885483148251296, 46.390000000001237, 2.999976476158054 ], [ 36.885317196001779, 46.3906411270018, 2.999976476158054 ], [ 36.883415290001722, 46.396144874001038, 2.999976476158054 ], [ 36.883205883987102, 46.396602941993478, 2.999976476158054 ], [ 36.881652917174506, 46.400000000003274, 3.04177647615802 ], [ 36.880758675000834, 46.401956121999319, 3.026676476158173 ], [ 36.878762716662095, 46.405618641672845, 2.999976476158054 ], [ 36.877728584002398, 46.407516242003112, 2.999976476158054 ], [ 36.87625861651577, 46.409999999999854, 2.999976476158054 ], [ 36.870483317918115, 46.419758341042325, 2.999976476158054 ], [ 36.870340296412905, 46.420000000001892, 2.999976476158054 ], [ 36.87026259141021, 46.420131295706597, 2.999976476158054 ], [ 36.870000000002619, 46.420574988180306, 2.999976476158054 ], [ 36.868113577000258, 46.423762418002298, 3.00947647615817 ], [ 36.865777250000974, 46.427196381004251, 3.021076476158214 ], [ 36.865388490426994, 46.427694245214298, 3.023076476158167 ], [ 36.863588031124891, 46.43000000000211, 3.032076476158181 ], [ 36.861980677002066, 46.432058455000515, 3.04007647615822 ], [ 36.859583481618756, 46.434791740808578, 3.052076476158163 ], [ 36.857934501002092, 46.436671911002122, 3.033276476158107 ], [ 36.854772592854715, 46.440000000004147, 2.999976476158054 ], [ 36.850000000002183, 46.44502342668784, 2.999976476158054 ], [ 36.848277639999651, 46.446836309, 3.008576476158169 ], [ 36.846643575672715, 46.448321787838722, 3.016776476158157 ], [ 36.8447974998071, 46.450000000000728, 2.999976476158054 ], [ 36.839546696104662, 46.454773348055824, 2.999976476158054 ], [ 36.836750137001218, 46.457315616000415, 2.999976476158054 ], [ 36.834107281061733, 46.460000000002765, 2.999976476158054 ], [ 36.832752380700185, 46.461376190349256, 2.999976476158054 ], [ 36.830000000001746, 46.464171820105548, 2.999976476158054 ], [ 36.826154827042046, 46.468077413523133, 3.019176476158236 ], [ 36.82579485000133, 46.4684430469988, 3.020976476158239 ], [ 36.823986399995192, 46.470000000002983, 3.030076476158229 ], [ 36.821281847000137, 46.472328436999305, 3.020276476158188 ], [ 36.816470518999267, 46.475941183001851, 3.008276476158244 ], [ 36.811555170785141, 46.479222414609467, 2.999976476158054 ], [ 36.811466828999983, 46.479281387002629, 2.999976476158054 ], [ 36.810272778218859, 46.479999999999563, 2.999976476158054 ], [ 36.81000000000131, 46.48016416552673, 2.999976476158054 ], [ 36.808029758001794, 46.481349912000951, 3.00987647615807 ], [ 36.80445358399993, 46.483205654003541, 3.027776476158124 ], [ 36.799988742264759, 46.484994371132416, 3.05007647615821 ], [ 36.799351939000189, 46.485249488998306, 3.047476476158181 ], [ 36.793904230000408, 46.486855319004462, 3.031476476158105 ], [ 36.790000000000873, 46.487706981431984, 3.022976476158192 ], [ 36.788174922001417, 46.488105100999746, 3.018976476158059 ], [ 36.782218038000792, 46.489067232001617, 3.009376476158195 ], [ 36.776078564000272, 46.489798285001598, 3.001976476158234 ], [ 36.773371904257147, 46.490000000001601, 2.999976476158054 ], [ 36.770000000000437, 46.490251292636458, 2.999976476158054 ], [ 36.76339433099929, 46.490743583000949, 2.999976476158054 ], [ 36.752149897591153, 46.491074948795358, 2.999976476158054 ], [ 36.75, 46.491138304812921, 2.999976476158054 ], [ 36.747580806402766, 46.491209596802946, 2.999976476158054 ], [ 36.743738668001242, 46.491322822001166, 2.999976476158054 ], [ 36.729999999999563, 46.491302829052074, 2.999976476158054 ], [ 36.723728799001037, 46.491293703002157, 2.999976476158054 ], [ 36.711890817205131, 46.490945408602784, 2.999976476158054 ], [ 36.709999999999127, 46.490889777411212, 2.999976476158054 ], [ 36.708319341107199, 46.490840329446655, 2.999976476158054 ], [ 36.700304478999897, 46.490604518001419, 2.999976476158054 ], [ 36.691465762278312, 46.490000000001601, 2.999976476158054 ], [ 36.690000000002328, 46.489899750193217, 3.00097647615803 ], [ 36.683695263000118, 46.489468542002214, 3.005276476158087 ], [ 36.673496549017727, 46.488251725493683, 3.017476476158208 ], [ 36.670586371999889, 46.487904510004228, 3.020976476158239 ], [ 36.670000000001892, 46.487806179173276, 3.021976476158216 ], [ 36.663398198686991, 46.486699099343241, 2.999976476158054 ], [ 36.663357891002306, 46.486692340002264, 2.999976476158054 ], [ 36.650000000001455, 46.484129572247184, 2.999976476158054 ], [ 36.644031152625757, 46.48298442369196, 2.999976476158054 ], [ 36.630092101999253, 46.480310158003704, 2.999976476158054 ], [ 36.630000000001019, 46.480289711718797, 2.999976476158054 ], [ 36.628694969531352, 46.479999999999563, 2.999976476158054 ], [ 36.623915616002705, 46.478939002003244, 3.010576476158121 ], [ 36.617862320001223, 46.477364489001047, 3.026376476158021 ], [ 36.61197086300308, 46.475501312002962, 3.044976476158126 ], [ 36.610000000000582, 46.474721866794425, 3.052776476158215 ], [ 36.60562361600023, 46.472991075999744, 3.070076476158192 ], [ 36.604809115484386, 46.472595442259262, 3.074076476158098 ], [ 36.599562497003717, 46.470046960999753, 3.047776476158106 ], [ 36.599482104884373, 46.470000000002983, 3.047376476158206 ], [ 36.593827768001574, 46.466697023004599, 3.019176476158236 ], [ 36.590170138002577, 46.464240347004306, 3.000876476158055 ], [ 36.590000000000146, 46.464117495264873, 2.999976476158054 ], [ 36.58429765976507, 46.460000000002765, 2.999976476158054 ], [ 36.581218970002737, 46.457776967001337, 2.999976476158054 ], [ 36.573083409339233, 46.451541704667761, 2.999976476158054 ], [ 36.571071844917242, 46.450000000000728, 3.005376476158062 ], [ 36.570648666074703, 46.449675666966868, 3.003276476158135 ], [ 36.570614934000332, 46.449649814001532, 3.003476476158085 ], [ 36.569999999999709, 46.449128612557615, 3.008676476158143 ], [ 36.565548004000448, 46.445355220999772, 3.024176476158118 ], [ 36.560769260000598, 46.440844339002069, 3.045376476158026 ], [ 36.559997503380146, 46.440000000004147, 3.049976476158236 ], [ 36.556393518001641, 46.436057065999194, 3.031976476158206 ], [ 36.552959126762289, 46.431479563381799, 3.014776476158204 ], [ 36.551849045581548, 46.43000000000211, 3.00927647615822 ], [ 36.551227428999482, 46.429171483001483, 3.006176476158089 ] ] ] ] } },
{ "type": "Feature", "properties": { "gid": 23, "objectid": 23.0, "shape_leng": 0.34604743216200001, "shape_area": 0.0024153041275399999, "z_mean": 0.84583620178700003 }, "geometry": { "type": "MultiPolygon", "coordinates": [ [ [ [ 37.260752800002592, 46.932684637004058, 0.819376476158141 ], [ 37.268227672237117, 46.930000000003929, 0.808876476158048 ], [ 37.269259108921688, 46.929629554460917, 0.807376476158197 ], [ 37.270000000002256, 46.929363459799788, 0.812776476158206 ], [ 37.280898453558621, 46.925449226779165, 0.836476476158168 ], [ 37.290000000004511, 46.922180361762003, 0.778176476158023 ], [ 37.295420769003613, 46.920233466002173, 0.770576476158112 ], [ 37.295685070128457, 46.920000000001892, 0.771576476158089 ], [ 37.300859141076216, 46.915429570541164, 0.791376476158121 ], [ 37.307005824541193, 46.909999999999854, 0.814976476158108 ], [ 37.308088056617635, 46.909044028307108, 0.819076476158216 ], [ 37.31000000000131, 46.907355144936446, 0.826476476158177 ], [ 37.317393425002592, 46.900824286003626, 0.706876476158186 ], [ 37.31667006522548, 46.896664967387551, 0.766576476158207 ], [ 37.31551094043607, 46.890000000003056, 0.789776476158067 ], [ 37.31413102996521, 46.882065514982969, 0.896676476158063 ], [ 37.313867907001622, 46.880552558002819, 0.999976476158054 ], [ 37.311009404002107, 46.880203370001254, 0.995876476158173 ], [ 37.310392840185159, 46.880196420092034, 0.99017647615824 ], [ 37.31000000000131, 46.880191991998799, 0.998076476158076 ], [ 37.308349451002869, 46.880173386998649, 0.998276476158026 ], [ 37.305214259000422, 46.880370769004003, 0.996276476158073 ], [ 37.301880067001548, 46.880899502004468, 0.990976476158039 ], [ 37.298630930998115, 46.881869908998851, 0.9812764761582 ], [ 37.296262914387626, 46.883131457196214, 0.96867647615818 ], [ 37.29575850800029, 46.883400177001022, 0.971176476158234 ], [ 37.293501734002348, 46.885556994999206, 0.982476476158126 ], [ 37.291859811002723, 46.888168792003853, 0.990676476158114 ], [ 37.291137875941786, 46.890000000003056, 0.99427647615812 ], [ 37.290950511260235, 46.89047525562637, 0.995276476158097 ], [ 37.290750243997536, 46.890983238999979, 0.996276476158073 ], [ 37.290000000004511, 46.893448395847372, 0.999976476158054 ], [ 37.289013277000777, 46.896690577003028, 1.00987647615807 ], [ 37.287856253999053, 46.899499077000655, 1.021476476158114 ], [ 37.287580982894724, 46.899999999997817, 1.024176476158118 ], [ 37.286461719002546, 46.902036773999498, 1.014976476158154 ], [ 37.284814624998035, 46.904466582001987, 1.007176476158065 ], [ 37.283147995060062, 46.906573997530359, 1.002776476158033 ], [ 37.282973278999634, 46.906794922002518, 1.002276476158158 ], [ 37.279884239784224, 46.909999999999854, 1.001176476158207 ], [ 37.278308605002167, 46.911634822998167, 1.00057647615813 ], [ 37.276383412607174, 46.913191706302314, 1.004276476158111 ], [ 37.274276370004372, 46.91489564999938, 1.008276476158244 ], [ 37.271811744998558, 46.916470397001831, 1.017176476158056 ], [ 37.270000000002256, 46.917365753661215, 1.026376476158021 ], [ 37.269209606001823, 46.917756363001899, 1.026376476158021 ], [ 37.267006242387652, 46.918503121190952, 1.029976476158026 ], [ 37.266283046001263, 46.918748225003583, 1.025076476158119 ], [ 37.263220148002802, 46.919428926999899, 1.011376476158148 ], [ 37.26005989299847, 46.919882986998346, 1.002376476158133 ], [ 37.258412537350523, 46.920000000001892, 0.999976476158054 ], [ 37.253555687004337, 46.92034498600151, 0.993076476158194 ], [ 37.250731952015485, 46.920365976007815, 0.992676476158067 ], [ 37.250000000003638, 46.920371416917988, 0.996276476158073 ], [ 37.249245955918013, 46.920377022044704, 0.992476476158117 ], [ 37.243583157001922, 46.92041911600063, 0.991576476158116 ], [ 37.23355094100225, 46.920023722997939, 0.999476476158179 ], [ 37.233320832458048, 46.920000000001892, 0.999976476158054 ], [ 37.230000000001382, 46.919657639396974, 1.006876476158141 ], [ 37.2291374247161, 46.919568712359251, 1.008576476158169 ], [ 37.223472985000626, 46.91898473800029, 0.997776476158151 ], [ 37.210000000002765, 46.916893478659404, 0.993176476158169 ], [ 37.200989878430846, 46.915494939215932, 0.990076476158038 ], [ 37.199489143002211, 46.915261996999106, 0.989576476158163 ], [ 37.190819133002151, 46.914238013001523, 0.976976476158143 ], [ 37.190000000000509, 46.914176395312097, 0.974676476158038 ], [ 37.182147536997945, 46.913585709002291, 0.992476476158117 ], [ 37.176791082116324, 46.913395541059799, 0.998176476158051 ], [ 37.174982760998319, 46.91333134100023, 1.000076476158029 ], [ 37.170244249004099, 46.913333334003255, 0.999976476158054 ], [ 37.182735942029467, 46.920000000001892, 0.799976476158236 ], [ 37.190000000000509, 46.923876740183914, 0.722476476158135 ], [ 37.195923702451182, 46.927038148776774, 0.688876476158157 ], [ 37.201473483446534, 46.930000000003929, 0.657376476158106 ], [ 37.208181186000729, 46.933579820002706, 0.61927647615812 ], [ 37.222255520018734, 46.936127760011004, 0.638676476158025 ], [ 37.227061393999975, 46.936997788998269, 0.645376476158162 ], [ 37.230000000001382, 46.936621590561117, 0.667576476158047 ], [ 37.239082218300609, 46.935458890848167, 0.736276476158082 ], [ 37.250000000003638, 46.934061203504825, 0.818776476158064 ], [ 37.25646668527952, 46.93323334264096, 0.835376476158217 ], [ 37.260752800002592, 46.932684637004058, 0.819376476158141 ] ] ] ] } },
{ "type": "Feature", "properties": { "gid": 24, "objectid": 24.0, "shape_leng": 20.1298299557, "shape_area": 1.2437728512699999, "z_mean": 1.43248162941 }, "geometry": { "type": "MultiPolygon", "coordinates": [ [ [ [ 38.874104455000634, 47.104632904000027, 0.999976476158054 ], [ 38.881254478761548, 47.104372760621118, 0.999976476158054 ], [ 38.883092111002043, 47.10430590100259, 0.999976476158054 ], [ 38.889999999999418, 47.104470968150054, 0.999976476158054 ], [ 38.892142368003988, 47.104522161003842, 0.999976476158054 ], [ 38.900098971869738, 47.105049485933705, 0.999976476158054 ], [ 38.910000000003492, 47.105705677833612, 1.042976476158174 ], [ 38.911737668004207, 47.105820841999957, 1.04177647615802 ], [ 38.918510289189726, 47.105744855403827, 1.042576476158047 ], [ 38.919855819003715, 47.105729759001406, 1.042676476158022 ], [ 38.927176028004396, 47.104862336000224, 1.051376476158111 ], [ 38.930000000000291, 47.10413953983516, 1.058576476158123 ], [ 38.931404003002172, 47.103780184999778, 1.062176476158129 ], [ 38.93467456567123, 47.102337282838562, 1.076676476158127 ], [ 38.934931391000646, 47.102223977004542, 1.075376476158226 ], [ 38.937573539002187, 47.100115078001181, 1.062176476158129 ], [ 38.937648746999912, 47.100000000002183, 1.061776476158229 ], [ 38.938866975002384, 47.098135952997836, 1.055676476158169 ], [ 38.939569999003652, 47.095879751999746, 1.052176476158138 ], [ 38.939626556073563, 47.09481327803951, 1.051876476158213 ], [ 38.939699963002568, 47.09342907300379, 1.051476476158086 ], [ 38.939262361003784, 47.090862620003463, 1.053676476158216 ], [ 38.938897844398525, 47.090000000000146, 1.055476476158219 ], [ 38.937606528003016, 47.086944130001939, 1.03137647615813 ], [ 38.935006645002431, 47.082933579000382, 1.004276476158111 ], [ 38.934442284264151, 47.082221142130948, 0.999976476158054 ], [ 38.93268279444419, 47.079999999998108, 0.999976476158054 ], [ 38.931748820999928, 47.078820971999448, 0.999976476158054 ], [ 38.930000000000291, 47.076912317172173, 0.999976476158054 ], [ 38.926612019002278, 47.073214691003159, 1.016976476158106 ], [ 38.923010000627983, 47.070000000003347, 1.034976476158135 ], [ 38.922097705999477, 47.069185805003144, 1.03137647615813 ], [ 38.917090914002983, 47.065331126001183, 1.017876476158108 ], [ 38.911736956999448, 47.061641566000617, 1.007776476158142 ], [ 38.910000000003492, 47.06054328236678, 1.005476476158037 ], [ 38.909140788340665, 47.06000000000131, 1.004276476158111 ], [ 38.906159167001533, 47.058114711002418, 1.000376476158181 ], [ 38.905676220356327, 47.057838110174998, 0.999976476158054 ], [ 38.89474510799846, 47.051577471003839, 0.999976476158054 ], [ 38.89157136761969, 47.049999999999272, 0.999976476158054 ], [ 38.889999999999418, 47.049218969870708, 0.999976476158054 ], [ 38.887021955002638, 47.047738766999828, 1.014876476158179 ], [ 38.879758606142786, 47.045120696928279, 1.051176476158162 ], [ 38.878802758003076, 47.044776161999835, 1.047776476158106 ], [ 38.870161841001391, 47.042533346002529, 1.025376476158044 ], [ 38.870000000002619, 47.042502061998675, 1.024976476158145 ], [ 38.857056125449162, 47.040000000004511, 0.999976476158054 ], [ 38.851967335054724, 47.039016332475512, 0.999976476158054 ], [ 38.850000000004002, 47.038636044928353, 0.999976476158054 ], [ 38.846662131001722, 47.037990832002833, 0.999976476158054 ], [ 38.845483210212478, 47.037741605108749, 0.999976476158054 ], [ 38.840995308004494, 47.036792851000428, 0.999976476158054 ], [ 38.835530017004203, 47.035429012999884, 0.999976476158054 ], [ 38.830000000001746, 47.033828593988801, 0.999976476158054 ], [ 38.825150030605073, 47.032424984699901, 1.024276476158093 ], [ 38.816770845849533, 47.030000000002474, 0.999976476158054 ], [ 38.812482274739523, 47.028758862630639, 0.999976476158054 ], [ 38.811846107004385, 47.028574751999258, 0.999976476158054 ], [ 38.810000000003129, 47.027985075219476, 0.999976476158054 ], [ 38.806693381000514, 47.026928887004033, 0.999976476158054 ], [ 38.801728517000811, 47.025068096003452, 0.999976476158054 ], [ 38.797034028004418, 47.022897003003891, 0.999976476158054 ], [ 38.793721567002649, 47.021025173002272, 0.999976476158054 ], [ 38.792110899472391, 47.020000000000437, 0.999976476158054 ], [ 38.790000000000873, 47.01865643461133, 0.999976476158054 ], [ 38.784057433000271, 47.014874052998493, 1.029676476158102 ], [ 38.78223832869844, 47.013880835649616, 1.038776476158091 ], [ 38.775130473744866, 47.009999999998399, 0.999976476158054 ], [ 38.770000000002256, 47.007198799701655, 0.999976476158054 ], [ 38.764167428000292, 47.00401425900418, 0.999976476158054 ], [ 38.758613975003755, 47.000714585999958, 0.999976476158054 ], [ 38.757526098384915, 47.000000000003638, 0.999976476158054 ], [ 38.75, 46.995056383755582, 0.999976476158054 ], [ 38.745873826999741, 46.992346053004439, 1.020676476158087 ], [ 38.742117133653664, 46.990000000001601, 1.039376476158168 ], [ 38.740213091999976, 46.988810926997758, 1.037076476158063 ], [ 38.734303997998722, 46.985429401000147, 1.032776476158233 ], [ 38.730000000001382, 46.983162662727409, 1.031676476158054 ], [ 38.728193869003007, 46.982211448001181, 1.02207647615819 ], [ 38.726864817597743, 46.981567591203202, 1.015676476158205 ], [ 38.723628990475845, 46.979999999999563, 1.031876476158232 ], [ 38.721922208003889, 46.979173152001749, 1.032076476158181 ], [ 38.71552197100209, 46.976337544001581, 1.035776476158162 ], [ 38.709999999999127, 46.974127322351706, 1.041276476158146 ], [ 38.709020836997297, 46.973735403000319, 1.037376476158215 ], [ 38.698430573263977, 46.969999999997526, 0.999976476158054 ], [ 38.693487234046188, 46.968256382979234, 0.999976476158054 ], [ 38.690000000002328, 46.967026364078265, 0.999976476158054 ], [ 38.684959425003399, 46.965248450002036, 0.999976476158054 ], [ 38.672498963003818, 46.960380667002028, 0.999976476158054 ], [ 38.671616432660812, 46.960000000002765, 0.999976476158054 ], [ 38.670000000003711, 46.959302774594107, 0.999976476158054 ], [ 38.66208460100097, 46.955888579002931, 0.999976476158054 ], [ 38.657295164999596, 46.953388675001406, 0.999976476158054 ], [ 38.652054821963247, 46.950000000000728, 0.999976476158054 ], [ 38.650000000001455, 46.948671246565937, 0.999976476158054 ], [ 38.644155182000759, 46.944891687000563, 1.029176476158227 ], [ 38.642280966832914, 46.943859516586599, 1.038576476158141 ], [ 38.637132526002461, 46.941024159998051, 1.010276476158197 ], [ 38.635073038642076, 46.93999999999869, 0.999976476158054 ], [ 38.632529623613664, 46.938735188194187, 0.999976476158054 ], [ 38.630000000002838, 46.937477234703692, 0.999976476158054 ], [ 38.624093282000103, 46.934539890004089, 0.999976476158054 ], [ 38.615292016893363, 46.930000000003929, 0.999976476158054 ], [ 38.610000000000582, 46.927270258960561, 0.999976476158054 ], [ 38.60914036900067, 46.92682684200372, 1.004276476158111 ], [ 38.605358377000812, 46.924991746001979, 1.023176476158142 ], [ 38.602391617283502, 46.92380419136316, 1.038076476158039 ], [ 38.59736357100337, 46.921791530998235, 1.017876476158108 ], [ 38.591909684644634, 46.920000000001892, 0.999976476158054 ], [ 38.590000000001965, 46.919372693344485, 0.999976476158054 ], [ 38.588897577999887, 46.919010562000039, 0.999976476158054 ], [ 38.586889044940108, 46.918444522472782, 0.999976476158054 ], [ 38.57568968799751, 46.915288349004186, 1.024476476158043 ], [ 38.569999999999709, 46.9140219669207, 1.040176476158194 ], [ 38.568850809997457, 46.91376618600043, 1.03767647615814 ], [ 38.559439487999043, 46.912246881000101, 1.02247647615809 ], [ 38.553152121066887, 46.911576060538209, 1.01577647615818 ], [ 38.550000000001091, 46.911239750064851, 1.012376476158124 ], [ 38.549818020002931, 46.911220334002792, 1.012176476158174 ], [ 38.540046931004326, 46.910551841998313, 1.005476476158037 ], [ 38.530422460586124, 46.910211230293498, 1.002076476158209 ], [ 38.530000000004293, 46.910196279335651, 1.001976476158234 ], [ 38.524453846928736, 46.909999999999854, 0.999976476158054 ], [ 38.523545318003016, 46.909967847001099, 0.999976476158054 ], [ 38.510226008002064, 46.909795514002326, 0.999976476158054 ], [ 38.510000000000218, 46.909795871928509, 0.999976476158054 ], [ 38.509593032869816, 46.909796516436472, 0.997976476158101 ], [ 38.49000000000342, 46.909827545539883, 0.998276476158026 ], [ 38.489656180074235, 46.909828090034352, 0.998276476158026 ], [ 38.470000000001164, 46.909859219145801, 0.998576476158178 ], [ 38.46971932728411, 46.909859663644966, 0.998576476158178 ], [ 38.459951344999354, 46.909875133003879, 0.998776476158127 ], [ 38.450000000002547, 46.909798975771992, 0.997976476158101 ], [ 38.449591702174075, 46.909795851088347, 0.997976476158101 ], [ 38.43648172900248, 46.909695521002504, 0.996976476158125 ], [ 38.430000000000291, 46.909498967434047, 0.994976476158172 ], [ 38.42893323730641, 46.909466618650185, 0.99467647615802 ], [ 38.419773318999432, 46.909188850999271, 0.991876476158041 ], [ 38.410000000001673, 46.908631942269494, 0.986276476158082 ], [ 38.409793283000909, 46.908620163001615, 0.987276476158058 ], [ 38.406657227160395, 46.908328613582853, 0.999976476158054 ], [ 38.396574257001703, 46.907391230999565, 0.999976476158054 ], [ 38.390018535001218, 46.906504530001257, 0.999976476158054 ], [ 38.389999999999418, 46.906501380037298, 0.999976476158054 ], [ 38.382739022999885, 46.905267399002696, 0.999976476158054 ], [ 38.379167726081505, 46.904583863044536, 0.999976476158054 ], [ 38.3700000000008, 46.902829186628878, 1.028276476158226 ], [ 38.355218238633825, 46.899999999997817, 0.999976476158054 ], [ 38.351444547333813, 46.899277726339278, 0.999976476158054 ], [ 38.350000000004002, 46.899001244131796, 0.999976476158054 ], [ 38.348757849002141, 46.898763499999404, 0.999976476158054 ], [ 38.346709770477901, 46.898354885241133, 0.999976476158054 ], [ 38.33, 46.895021097610879, 1.050176476158185 ], [ 38.327170603002742, 46.894456601003185, 1.044576476158227 ], [ 38.322545068620457, 46.893727465689153, 1.03727647615824 ], [ 38.317574209999293, 46.892943896000361, 1.029476476158152 ], [ 38.310000000003129, 46.891927528673477, 1.019276476158211 ], [ 38.295953475002534, 46.890042655002617, 1.000476476158155 ], [ 38.295682035315622, 46.890000000003056, 0.999976476158054 ], [ 38.290201212999818, 46.889138724001896, 0.991376476158166 ], [ 38.289999999999054, 46.889097756456977, 0.990976476158039 ], [ 38.286955963880246, 46.888477981936376, 0.999976476158054 ], [ 38.282190506004554, 46.887507720997746, 0.999976476158054 ], [ 38.275217160002285, 46.885346858001867, 0.999976476158054 ], [ 38.270937754001352, 46.883269546002339, 0.999976476158054 ], [ 38.270000000002256, 46.882572357772005, 0.999976476158054 ], [ 38.267648260001806, 46.880823918998431, 0.999976476158054 ], [ 38.267028425354511, 46.880000000001019, 0.999976476158054 ], [ 38.265573398000924, 46.878065895998589, 0.999976476158054 ], [ 38.265533223824605, 46.877766611913103, 0.999976476158054 ], [ 38.265033728002891, 46.874045536003905, 0.999976476158054 ], [ 38.266049022000516, 46.871371259001535, 0.999976476158054 ], [ 38.266977787716314, 46.870000000004438, 0.999976476158054 ], [ 38.26774235056655, 46.868871175283857, 1.011276476158173 ], [ 38.267892142999699, 46.868650017002437, 1.010576476158121 ], [ 38.270000000002256, 46.866092178752297, 0.999976476158054 ], [ 38.270281638999222, 46.865750416000083, 0.999976476158054 ], [ 38.274508139002137, 46.860941684000863, 0.999976476158054 ], [ 38.275447401054407, 46.86000000000422, 0.999976476158054 ], [ 38.280866853230691, 46.854566573383636, 0.999976476158054 ], [ 38.285421681674052, 46.850000000002183, 1.022876476158217 ], [ 38.286006762000397, 46.849413411004207, 1.019976476158035 ], [ 38.289999999999054, 46.845014681932298, 0.999976476158054 ], [ 38.293131153801369, 46.841565576900393, 0.984376476158104 ], [ 38.294187515999511, 46.840401947003556, 0.995976476158148 ], [ 38.294511850024719, 46.840000000000146, 0.999976476158054 ], [ 38.297125169001447, 46.836761315003969, 1.032376476158106 ], [ 38.298657021156032, 46.834328510576597, 1.056676476158145 ], [ 38.299570563001907, 46.832877673001349, 1.052176476158138 ], [ 38.300831231767006, 46.829999999998108, 1.045876476158128 ], [ 38.300955144000909, 46.829717151003933, 1.045176476158076 ], [ 38.301945207000244, 46.826369483000235, 1.040276476158169 ], [ 38.301990117117384, 46.825995058559784, 1.04007647615822 ], [ 38.302709190866153, 46.820000000003347, 1.036476476158214 ], [ 38.302791739004533, 46.819311779998316, 1.036076476158087 ], [ 38.302678565120004, 46.816339282559056, 1.036576476158189 ], [ 38.302654083001471, 46.815696263003701, 1.036776476158138 ], [ 38.30213343899959, 46.812084031003906, 1.039376476158168 ], [ 38.301595189390355, 46.81000000000131, 1.041976476158197 ], [ 38.301213066002674, 46.80852046900327, 1.04397647615815 ], [ 38.299868017002154, 46.80505145799907, 1.05067647615806 ], [ 38.299774929975683, 46.804887464990315, 1.051076476158187 ], [ 38.297066813001948, 46.80011652900248, 1.064676476158184 ], [ 38.296978496076918, 46.799999999999272, 1.065076476158083 ], [ 38.293501162999746, 46.795411863004119, 1.036576476158189 ], [ 38.289999999999054, 46.791534179694281, 1.015376476158053 ], [ 38.289391196, 46.790859904000172, 1.011676476158073 ], [ 38.28851511528228, 46.790000000004511, 1.007376476158242 ], [ 38.28697329138231, 46.788486645691592, 0.999976476158054 ], [ 38.278326992855, 46.780000000002474, 0.999976476158054 ], [ 38.275516734525809, 46.777241632742516, 0.972376476158161 ], [ 38.270000000002256, 46.771826764039361, 0.999976476158054 ], [ 38.269412779000049, 46.771250385998428, 1.00297647615821 ], [ 38.268066379459924, 46.770000000000437, 1.00967647615812 ], [ 38.261743665541871, 46.76412816723132, 0.982576476158101 ], [ 38.257298508226086, 46.760000000003856, 0.963476476158121 ], [ 38.25, 46.7532219581135, 0.999976476158054 ], [ 38.248426591002499, 46.75176075100353, 1.007876476158117 ], [ 38.247719598684853, 46.751140200662121, 1.011376476158148 ], [ 38.246420569334077, 46.750000000003638, 1.017876476158108 ], [ 38.244703017002394, 46.748492447999524, 1.011376476158148 ], [ 38.240275810045205, 46.744862094979908, 0.997276476158049 ], [ 38.237013199001012, 46.742186722000042, 0.986776476158184 ], [ 38.234228410994547, 46.740000000001601, 0.978876476158121 ], [ 38.230000000001382, 46.73667969005146, 0.999976476158054 ], [ 38.229647795998972, 46.736403126002187, 1.001776476158057 ], [ 38.226090997000938, 46.733783977002531, 1.019576476158136 ], [ 38.220499148003, 46.730152409001676, 1.047476476158181 ], [ 38.220225326012951, 46.729999999999563, 1.048876476158057 ], [ 38.214581472999271, 46.72685863800325, 1.045676476158178 ], [ 38.209999999999127, 46.724671947547904, 1.046676476158154 ], [ 38.208389116003673, 46.723903088999577, 1.039076476158243 ], [ 38.19973468000353, 46.720415358000537, 1.004176476158136 ], [ 38.198614318414911, 46.719999999997526, 0.999976476158054 ], [ 38.190000000000509, 46.716806364918739, 0.968076476158103 ], [ 38.182183201883163, 46.713908399064167, 0.978176476158069 ], [ 38.171640922266306, 46.710000000002765, 0.991776476158066 ], [ 38.170000000003711, 46.709391651589613, 0.987876476158135 ], [ 38.165293764381204, 46.707646882190602, 0.999976476158054 ], [ 38.156863941001575, 46.704521646001012, 1.010876476158046 ], [ 38.149999999999636, 46.702282561434913, 1.022776476158242 ], [ 38.14300278014889, 46.700000000000728, 0.999976476158054 ], [ 38.131289498001934, 46.696179013004439, 0.961776476158093 ], [ 38.130000000002838, 46.695720724696002, 0.957176476158111 ], [ 38.124383102003776, 46.693724475999261, 0.965376476158099 ], [ 38.114902487948711, 46.690000000004147, 0.975476476158065 ], [ 38.11068656700445, 46.688343768000777, 0.979976476158072 ], [ 38.109999999998763, 46.688055260330657, 0.980576476158149 ], [ 38.101246354564864, 46.684376822722697, 0.98757647615821 ], [ 38.090830749266388, 46.680000000003929, 0.995876476158173 ], [ 38.090000000001965, 46.679650904372465, 0.996476476158023 ], [ 38.079512369358781, 46.675243815319845, 1.004876476158188 ], [ 38.075029735999124, 46.673360133003371, 1.008476476158194 ], [ 38.06999999999789, 46.671444530316876, 1.014476476158052 ], [ 38.066207143483552, 46.670000000001892, 1.018976476158059 ], [ 38.063622879999457, 46.669015769004545, 1.012176476158174 ], [ 38.056672233378777, 46.666663883315778, 0.999876476158079 ], [ 38.050000000001091, 46.664406204125044, 1.044076476158125 ], [ 38.048649434002073, 46.663949214002059, 1.039476476158143 ], [ 38.039303634999669, 46.661439183000766, 1.014376476158077 ], [ 38.032727373980379, 46.659999999999854, 0.999976476158054 ], [ 38.030000000004293, 46.659403127361657, 0.988076476158085 ], [ 38.027877067765075, 46.658938533882974, 0.989376476158213 ], [ 38.023253448003743, 46.657926677002251, 0.992276476158167 ], [ 38.010032446003606, 46.655420075003349, 1.008276476158244 ], [ 38.010000000000218, 46.655415037221246, 1.008276476158244 ], [ 38.001736131553116, 46.654131934225006, 0.982676476158076 ], [ 37.99000000000342, 46.652309704644722, 1.023076476158167 ], [ 37.989515423001649, 46.652234466004302, 1.022376476158115 ], [ 37.983003445000577, 46.651494285004446, 1.014976476158154 ], [ 37.971140807314441, 46.650570403657184, 1.005676476158214 ], [ 37.969999999999345, 46.6504815557455, 1.004776476158213 ], [ 37.969881978000558, 46.650472364000962, 1.004676476158238 ], [ 37.969128020991775, 46.650435989507969, 1.004376476158086 ], [ 37.960090993150516, 46.650000000003274, 0.999976476158054 ], [ 37.959983251001177, 46.649994802002766, 0.999976476158054 ], [ 37.950000000002547, 46.649726355382882, 0.997276476158049 ], [ 37.949421605033422, 46.649710802519621, 0.997076476158099 ], [ 37.929999999998472, 46.649188561390474, 0.991876476158041 ], [ 37.929948107002929, 46.649187166003685, 0.991876476158041 ], [ 37.928127700948608, 46.649063850476523, 0.990676476158114 ], [ 37.918609364998701, 46.648419072002071, 0.984176476158154 ], [ 37.910000000001673, 46.647439934209615, 0.974376476158113 ], [ 37.906580450999172, 46.647051031000956, 0.970476476158183 ], [ 37.902962881953499, 46.64648144097373, 0.964776476158022 ], [ 37.898488195998652, 46.645776896997631, 0.957776476158188 ], [ 37.890553925999484, 46.644194466000044, 0.941976476158061 ], [ 37.889999999997599, 46.644055695329371, 0.940576476158185 ], [ 37.884596167634299, 46.642701916183796, 0.926976476158188 ], [ 37.882960258997628, 46.642292085003646, 0.935176476158176 ], [ 37.882048082625261, 46.641987979348414, 0.939776476158158 ], [ 37.872592786001405, 46.63883572800296, 0.966976476158152 ], [ 37.863933393002299, 46.63472287300101, 0.987476476158236 ], [ 37.860371873002805, 46.632499731002099, 0.993976476158196 ], [ 37.854919203000463, 46.628321944002892, 1.001076476158232 ], [ 37.851579221000065, 46.62498856500315, 1.002576476158083 ], [ 37.850595133997558, 46.623169526003039, 0.999976476158054 ], [ 37.840858939487589, 46.62714734871588, 1.054276476158066 ], [ 37.831124467616974, 46.631124467618065, 1.00557647615824 ], [ 37.820350779393266, 46.635526169089644, 1.027676476158149 ], [ 37.810394727001039, 46.639593816998968, 1.000476476158155 ], [ 37.809826295926541, 46.639913147964762, 0.999176476158027 ], [ 37.797075973649044, 46.647075973651226, 1.003076476158185 ], [ 37.796666664000441, 46.647305914004392, 0.999976476158054 ], [ 37.796747723999943, 46.647528116000103, 1.00057647615813 ], [ 37.796242479002103, 46.648677045002842, 0.996776476158175 ], [ 37.795820224986528, 46.64936516873604, 0.993676476158043 ], [ 37.795043411002553, 46.650631099000748, 0.993976476158196 ], [ 37.793199465999351, 46.653211119004482, 0.993376476158119 ], [ 37.790272426000229, 46.656818957002542, 0.990776476158089 ], [ 37.788890266067028, 46.658335399100906, 0.988876476158111 ], [ 37.786632807001297, 46.66081217899773, 0.980976476158048 ], [ 37.784820972157831, 46.662589513924104, 0.974076476158189 ], [ 37.782405183002993, 46.664959303003343, 0.973676476158062 ], [ 37.778736668999045, 46.668203983999774, 0.969376476158232 ], [ 37.776436175448907, 46.670000000001892, 0.964376476158122 ], [ 37.770935989003192, 46.67429404500399, 0.995276476158097 ], [ 37.770000000002256, 46.674930174818655, 0.998576476158178 ], [ 37.765702204391346, 46.677851102194836, 1.035576476158212 ], [ 37.763814063002428, 46.679134346997671, 1.029476476158152 ], [ 37.762417922267559, 46.680000000003929, 1.024176476158118 ], [ 37.759351294000226, 46.681901410000137, 1.012576476158074 ], [ 37.756688627910989, 46.683344313956695, 1.000376476158181 ], [ 37.755365524999434, 46.68406130600124, 0.99427647615812 ], [ 37.751472023002862, 46.685824010000943, 0.972976476158237 ], [ 37.749999999998181, 46.686306690178753, 0.963076476158221 ], [ 37.74755646700396, 46.687107931003993, 0.971076476158032 ], [ 37.743375521004054, 46.687792290002108, 0.977876476158144 ], [ 37.739257847000772, 46.68779246899976, 0.977876476158144 ], [ 37.735651676297493, 46.687174161850635, 0.971776476158084 ], [ 37.735325544999796, 46.687118244000885, 0.971176476158234 ], [ 37.731714832998478, 46.685723002003215, 0.957276476158086 ], [ 37.730000000001382, 46.68456287565823, 0.945676476158042 ], [ 37.728728206002415, 46.683702476002509, 0.949776476158149 ], [ 37.726211368004442, 46.681097799999407, 0.948876476158148 ], [ 37.725509371541193, 46.680000000003929, 0.944876476158242 ], [ 37.724238302000231, 46.678012269003375, 0.957576476158238 ], [ 37.722805818999404, 46.674310132002574, 0.971976476158034 ], [ 37.722667674694094, 46.673666162658265, 0.973276476158162 ], [ 37.721949910999683, 46.670320257004278, 0.980476476158174 ], [ 37.721919556704961, 46.670000000001892, 0.980776476158098 ], [ 37.721558730998368, 46.66619306100074, 0.984376476158104 ], [ 37.721558751827615, 46.66577937591137, 0.984376476158104 ], [ 37.721558939001625, 46.662061177999931, 0.984376476158104 ], [ 37.721738808839291, 46.659999999999854, 0.982576476158101 ], [ 37.72190902300099, 46.658049468998797, 0.980876476158073 ], [ 37.722192501867539, 46.656096250932023, 0.978076476158094 ], [ 37.723077276757977, 46.650000000003274, 1.034576476158236 ], [ 37.723123137004222, 46.649684015001185, 1.034376476158059 ], [ 37.72305393874376, 46.646526969376282, 1.034776476158186 ], [ 37.723042790001273, 46.646018327999627, 1.034776476158186 ], [ 37.722336917004213, 46.64246595700024, 1.038276476158217 ], [ 37.721384659760588, 46.640000000003056, 1.043076476158149 ], [ 37.721182562998365, 46.639476652004305, 1.038876476158066 ], [ 37.718495448913018, 46.634247724456145, 0.999976476158054 ], [ 37.716881054002442, 46.631106229999205, 0.976676476158218 ], [ 37.716525725898464, 46.630000000001019, 0.967376476158051 ], [ 37.715984295002272, 46.628314383002362, 0.970076476158056 ], [ 37.715905428249243, 46.627047285877779, 0.970476476158183 ], [ 37.715785313001106, 46.625117478002721, 0.971076476158032 ], [ 37.716532505000941, 46.621978800001671, 0.967376476158051 ], [ 37.717611583064354, 46.620000000004438, 0.961976476158043 ], [ 37.717735815002015, 46.619772185002148, 0.963576476158096 ], [ 37.719414084003802, 46.617679025001053, 0.976176476158116 ], [ 37.721435932577151, 46.615717966287775, 0.985676476158233 ], [ 37.721476779999648, 46.61567834699963, 0.985876476158182 ], [ 37.726465733001532, 46.611885705000532, 0.998776476158127 ], [ 37.729484722745838, 46.610000000002401, 1.002576476158083 ], [ 37.729713813347189, 46.609856906672576, 1.001476476158132 ], [ 37.730000000001382, 46.609678150312902, 1.00317647615816 ], [ 37.732237637999788, 46.608280489002937, 1.005976476158139 ], [ 37.738994780402209, 46.604497390204415, 1.010076476158019 ], [ 37.747027746929234, 46.600000000002183, 1.014876476158179 ], [ 37.749999999998181, 46.598335934577335, 1.016676476158182 ], [ 37.752511808002964, 46.596929657000146, 1.018176476158033 ], [ 37.757517322766944, 46.593758661383617, 1.02487647615817 ], [ 37.760425874002976, 46.59191609300251, 1.028676476158125 ], [ 37.763176438356822, 46.590000000000146, 1.034076476158134 ], [ 37.764258519002396, 46.589246203000585, 1.028676476158125 ], [ 37.765904133791992, 46.587952066896833, 1.020476476158137 ], [ 37.770000000002256, 46.584731016402657, 0.999976476158054 ], [ 37.77116881600341, 46.583811841997885, 0.994176476158145 ], [ 37.775409585350644, 46.580000000003565, 0.972976476158237 ], [ 37.78042550200189, 46.575491412002521, 0.992976476158219 ], [ 37.780642610268842, 46.575321305133912, 0.993576476158069 ], [ 37.782127242999195, 46.574158077999527, 0.997776476158151 ], [ 37.7838988780004, 46.573050561004493, 0.999976476158054 ], [ 37.785519649800335, 46.570000000003347, 1.022376476158115 ], [ 37.790000000004511, 46.561567238748466, 0.999976476158054 ], [ 37.791133900809655, 46.5594330495951, 0.994376476158095 ], [ 37.796145707075993, 46.549999999999272, 1.038576476158141 ], [ 37.799053626788009, 46.54452681339535, 1.00947647615817 ], [ 37.801458735712004, 46.540000000002692, 1.042676476158022 ], [ 37.802093946003879, 46.538804429001175, 1.051476476158086 ], [ 37.802873479980917, 46.536436739992496, 1.071276476158118 ], [ 37.80499270150176, 46.530000000002474, 1.125076476158029 ], [ 37.805700484204863, 46.527850242100612, 1.142976476158083 ], [ 37.808285084800445, 46.520000000000437, 1.208576476158214 ], [ 37.80852748842517, 46.519263744214186, 1.207376476158061 ], [ 37.810000000003129, 46.514791265022723, 1.199976476158099 ], [ 37.811354492649116, 46.510677246322302, 1.193276476158189 ], [ 37.811577468093674, 46.510000000003856, 1.192076476158036 ], [ 37.81188832209773, 46.509055838951099, 1.199976476158099 ], [ 37.812998893999975, 46.505682684004569, 1.199976476158099 ], [ 37.815788719475677, 46.500000000001819, 1.199976476158099 ], [ 37.817671925928153, 46.496164037036579, 1.199976476158099 ], [ 37.820698064195312, 46.490000000001601, 1.246476476158023 ], [ 37.824178395831041, 46.482910802087645, 1.22907647615807 ], [ 37.825607408920405, 46.479999999999563, 1.221976476158034 ], [ 37.827321811004367, 46.476507880002828, 1.248276476158026 ], [ 37.83, 46.475075142487185, 1.249276476158229 ], [ 37.834903684879464, 46.472451842442752, 1.25097647615803 ], [ 37.839486867316737, 46.470000000002983, 1.205176476158158 ], [ 37.844565846868136, 46.46728292343505, 1.154376476158177 ], [ 37.850000000004002, 46.464375841407673, 1.156276476158155 ], [ 37.850596550000773, 46.464056708004136, 1.150476476158019 ], [ 37.862966341999709, 46.454779363999478, 1.057676476158122 ], [ 37.865305878469371, 46.452347060769171, 1.046976476158079 ], [ 37.867563423576939, 46.450000000000728, 1.024376476158068 ], [ 37.8700000000008, 46.447466809002435, 0.999976476158054 ], [ 37.869760122002845, 46.446378515000106, 1.002376476158133 ], [ 37.8700000000008, 46.445164001192097, 0.999976476158054 ], [ 37.870095882004534, 46.444678546002251, 0.999076476158052 ], [ 37.870859714999824, 46.442316837999897, 0.991376476158166 ], [ 37.872483481032759, 46.438758259486349, 0.97517647615814 ], [ 37.873558908999257, 46.43640139600393, 0.964376476158122 ], [ 37.874896308003372, 46.433932416004609, 0.95107647615805 ], [ 37.877317568774743, 46.43000000000211, 0.926776476158238 ], [ 37.879096968999875, 46.427110042001004, 0.937976476158155 ], [ 37.88042441539983, 46.425212207701406, 0.943676476158089 ], [ 37.884070111098481, 46.420000000001892, 0.888976476158177 ], [ 37.884369467999932, 46.419572013002835, 0.892976476158083 ], [ 37.889999999997599, 46.412212762528725, 0.955776476158235 ], [ 37.891322020997904, 46.410484847001499, 0.977076476158118 ], [ 37.89172513997255, 46.409999999999854, 0.982776476158051 ], [ 37.897091452014138, 46.403545726008815, 0.993676476158043 ], [ 37.900039494219527, 46.400000000003274, 0.999576476158154 ], [ 37.900985987003878, 46.398861616000431, 1.001476476158132 ], [ 37.90705030800018, 46.392050669999662, 1.008976476158068 ], [ 37.908092391726314, 46.390953804140736, 1.009576476158145 ], [ 37.908998558834355, 46.390000000001237, 1.009976476158045 ], [ 37.909321069671932, 46.389660534834547, 1.010176476158222 ], [ 37.910000000001673, 46.388945913269708, 1.010576476158121 ], [ 37.915152830000807, 46.383522199999788, 1.013276476158126 ], [ 37.915800378737913, 46.382900189371867, 1.012976476158201 ], [ 37.918819642187373, 46.380000000001019, 1.011776476158047 ], [ 37.922647058878283, 46.376323529439105, 1.010276476158197 ], [ 37.922970748002626, 46.376012606002405, 1.010176476158222 ], [ 37.929999999998472, 46.370064501050365, 0.999376476158204 ], [ 37.930047913667295, 46.370023956835212, 0.999076476158052 ], [ 37.930076224969525, 46.370000000004438, 0.998876476158102 ], [ 37.930247700003747, 46.36985489899962, 0.997776476158151 ], [ 37.937254449001557, 46.364617999002803, 0.944976476158217 ], [ 37.938110183025856, 46.364055091517002, 0.937776476158206 ], [ 37.941771344998415, 46.361646755000038, 0.949376476158022 ], [ 37.944548930210658, 46.360000000002401, 0.954476476158106 ], [ 37.946417135004594, 46.358892392003327, 0.957976476158137 ], [ 37.947077749677192, 46.358538874841543, 0.958476476158239 ], [ 37.950000000002547, 46.356975080248958, 0.960476476158192 ], [ 37.951175759000762, 46.356345891999808, 0.961276476158218 ], [ 37.956034882003223, 46.354005009001412, 0.95957647615819 ], [ 37.960985561003326, 46.351874141000735, 0.952676476158103 ], [ 37.965927757717509, 46.350000000002183, 0.94067647615816 ], [ 37.966021924003144, 46.349964291001015, 0.94047647615821 ], [ 37.968385399137333, 46.349192699572086, 0.932276476158222 ], [ 37.969999999999345, 46.348665589222946, 0.926676476158036 ], [ 37.971140920002654, 46.348293119002847, 0.928476476158039 ], [ 37.977541747000942, 46.346590151997589, 0.930476476158219 ], [ 37.981553271776647, 46.345776635891525, 0.926676476158036 ], [ 37.98404375499922, 46.345271578999018, 0.924376476158159 ], [ 37.99000000000342, 46.344429601338561, 0.911376476158239 ], [ 37.990628983003262, 46.344340687997828, 0.913176476158242 ], [ 37.997713671011297, 46.343856835504994, 0.922876476158081 ], [ 38.000327876001393, 46.343678297000224, 0.926476476158086 ], [ 38.010000000000218, 46.34373432135726, 0.92527647615816 ], [ 38.010112674000993, 46.343734974001563, 0.925876476158237 ], [ 38.01686137100296, 46.344131656000172, 0.951676476158127 ], [ 38.018564971273008, 46.344282485631993, 0.957176476158111 ], [ 38.023622330001672, 46.344730243001322, 0.973476476158112 ], [ 38.030000000004293, 46.345404500487348, 0.991876476158041 ], [ 38.043707320774047, 46.346853660390479, 1.031476476158105 ], [ 38.043948091002676, 46.346879115000775, 1.03117647615818 ], [ 38.050000000001091, 46.347383389134848, 1.026176476158071 ], [ 38.050728232999973, 46.347444069004268, 1.025576476158221 ], [ 38.060582858999624, 46.347905911003181, 1.020976476158239 ], [ 38.065802005376099, 46.347901002689468, 1.020976476158239 ], [ 38.06999999999789, 46.347897054709392, 1.021076476158214 ], [ 38.070383550004408, 46.347896694001975, 1.021076476158214 ], [ 38.076860425002451, 46.347602134001136, 1.023976476158168 ], [ 38.083269456999915, 46.347045372000139, 1.029576476158127 ], [ 38.083915480736323, 46.346957740368453, 1.030376476158153 ], [ 38.089587913002106, 46.346188288000121, 1.038076476158039 ], [ 38.090000000001965, 46.346111475184443, 1.038876476158066 ], [ 38.094800212003975, 46.345216718002121, 1.023876476158193 ], [ 38.098671595605992, 46.344335797804888, 1.013276476158126 ], [ 38.099931719003507, 46.344049060999168, 1.00987647615807 ], [ 38.109945877004066, 46.341295790003642, 0.987276476158058 ], [ 38.109999999998763, 46.341278657371731, 0.987176476158083 ], [ 38.111565926608819, 46.340782963306992, 0.992176476158193 ], [ 38.114039353580665, 46.340000000000146, 0.999976476158054 ], [ 38.115739660002873, 46.339461768004185, 1.005376476158062 ], [ 38.121351665002294, 46.337422124997829, 1.025776476158171 ], [ 38.123215276416886, 46.33660763820626, 1.033876476158184 ], [ 38.126723600000332, 46.335074333999728, 1.01637647615803 ], [ 38.130000000002838, 46.333284970693057, 0.999976476158054 ], [ 38.133140096038915, 46.331570048021604, 0.984276476158129 ], [ 38.134362857002998, 46.330902252999294, 0.978176476158069 ], [ 38.135873854744204, 46.330000000003565, 0.970676476158133 ], [ 38.140030015001685, 46.327518257003248, 0.974676476158038 ], [ 38.149999999999636, 46.32107601405005, 0.989276476158238 ], [ 38.15093879608321, 46.320469398040586, 0.990576476158139 ], [ 38.151296074000129, 46.320238538002741, 0.991176476158216 ], [ 38.151617929763233, 46.320000000001528, 0.991876476158041 ], [ 38.15902328708944, 46.314511643544392, 1.009776476158095 ], [ 38.159363026999927, 46.314259851002134, 1.010576476158121 ], [ 38.163157992001288, 46.311062038997989, 1.023576476158041 ], [ 38.164284627118832, 46.31000000000131, 1.02857647615815 ], [ 38.166265466275945, 46.308132733136517, 1.018676476158134 ], [ 38.166728855003385, 46.307695913003045, 1.01637647615803 ], [ 38.170000000003711, 46.304072331889984, 0.999976476158054 ], [ 38.172536278003463, 46.301262793003843, 0.987276476158058 ], [ 38.173565612816674, 46.299999999999272, 0.982176476158202 ], [ 38.175583473997904, 46.297524478002742, 0.99687647615815 ], [ 38.178157858996201, 46.294078929497118, 1.01837647615821 ], [ 38.178460188997633, 46.293674292002834, 1.020976476158239 ], [ 38.18086822535588, 46.290000000002692, 1.045676476158178 ], [ 38.181085863998305, 46.28966791700077, 1.044576476158227 ], [ 38.182847112233503, 46.286423556119189, 1.035776476158162 ], [ 38.183372167004563, 46.285456363000776, 1.033176476158133 ], [ 38.185070195002481, 46.281483770002524, 1.02467647615822 ], [ 38.185568376593437, 46.280000000000655, 1.022176476158165 ], [ 38.186205402138512, 46.278102701067837, 1.018976476158059 ], [ 38.18646296100269, 46.277335594999386, 1.017676476158158 ], [ 38.187588192004114, 46.273040343003231, 1.0120764761582 ], [ 38.188200429251083, 46.270000000000437, 1.008976476158068 ], [ 38.188477618998149, 46.268623488003868, 1.007576476158192 ], [ 38.189557517072899, 46.260221241467661, 1.002176476158184 ], [ 38.189585952111884, 46.260000000000218, 1.002076476158209 ], [ 38.189610953219017, 46.259805476607653, 1.001976476158234 ], [ 38.189648389003196, 46.259514204004518, 1.001776476158057 ], [ 38.190000000000509, 46.252593631697891, 0.999976476158054 ], [ 38.19012332100101, 46.250166370000443, 0.999376476158204 ], [ 38.190121665107654, 46.250060832555391, 0.999376476158204 ], [ 38.190120710640258, 46.25, 0.999376476158204 ], [ 38.190000000000509, 46.242306579344586, 0.999976476158054 ], [ 38.189975031000358, 46.240715194999211, 1.000076476158029 ], [ 38.189916697338049, 46.24000000000342, 1.000376476158181 ], [ 38.189913155687464, 46.239956577846897, 1.000476476158155 ], [ 38.189205767999738, 46.231283709999843, 1.003976476158186 ], [ 38.189004440986537, 46.229999999999563, 1.004976476158163 ], [ 38.188919730479029, 46.229459865240642, 1.005376476158062 ], [ 38.187748742002441, 46.221993358001782, 1.011276476158173 ], [ 38.187299184586664, 46.220000000002983, 1.013476476158075 ], [ 38.186722089003524, 46.217441131999294, 1.01637647615803 ], [ 38.185465911998108, 46.212974165999185, 1.02267647615804 ], [ 38.185252995017436, 46.212373502490664, 1.023776476158218 ], [ 38.184411660444312, 46.210000000000946, 1.027976476158074 ], [ 38.183284955999625, 46.20682143600061, 1.033576476158032 ], [ 38.18318938577977, 46.206594692890576, 1.034076476158134 ], [ 38.180757745003575, 46.200825555000847, 1.000676476158105 ], [ 38.180369939138473, 46.200000000002547, 0.996276476158073 ], [ 38.177413727733438, 46.193706863869011, 0.962976476158019 ], [ 38.175672422126809, 46.190000000000509, 0.971676476158109 ], [ 38.171442736000245, 46.180995910999627, 0.992776476158042 ], [ 38.1712520364581, 46.180626018229304, 0.993776476158246 ], [ 38.170929290514323, 46.180000000000291, 0.995376476158071 ], [ 38.170738835789962, 46.179630582106256, 0.996276476158073 ], [ 38.170000000003711, 46.178197489978629, 0.999976476158054 ], [ 38.167403419001857, 46.173160999000174, 1.012976476158201 ], [ 38.165506025165087, 46.17, 1.02247647615809 ], [ 38.164078349000192, 46.167621536002116, 1.005776476158189 ], [ 38.163529708344868, 46.166764854171561, 0.999976476158054 ], [ 38.159197325072455, 46.159999999999854, 0.953976476158232 ], [ 38.157239264002783, 46.156942560999596, 0.963776476158046 ], [ 38.154407344440187, 46.152203672218093, 0.977976476158119 ], [ 38.153090448693547, 46.149999999999636, 0.984576476158054 ], [ 38.149999999999636, 46.144828492724628, 0.999976476158054 ], [ 38.148821689002943, 46.1428567260009, 1.005876476158164 ], [ 38.147601478653087, 46.141199260675421, 1.011976476158225 ], [ 38.146718594249251, 46.139999999999418, 1.01637647615803 ], [ 38.144147378001435, 46.136507404002259, 1.029276476158202 ], [ 38.141760816628448, 46.134119591684794, 1.041176476158171 ], [ 38.138622373002363, 46.130979502999253, 1.009776476158095 ], [ 38.137441930404748, 46.130000000002838, 0.999976476158054 ], [ 38.134643741042964, 46.127678129480046, 0.976776476158193 ], [ 38.130000000002838, 46.123824864367634, 0.999976476158054 ], [ 38.126164637000329, 46.120642371999566, 1.019176476158236 ], [ 38.125274836447716, 46.1200000000008, 1.023576476158041 ], [ 38.120976767002503, 46.116897103001975, 1.014076476158152 ], [ 38.115416808002919, 46.11328784699981, 1.005776476158189 ], [ 38.109999999998763, 46.110056758714563, 1.00057647615813 ], [ 38.109948236142372, 46.110025881931506, 1.000476476158155 ], [ 38.109904845980054, 46.110000000002401, 1.000476476158155 ], [ 38.109558453003046, 46.109793379000621, 1.000176476158231 ], [ 38.100326670311915, 46.104836664848335, 0.996776476158175 ], [ 38.095573807000619, 46.102284765000149, 0.994976476158172 ], [ 38.090849265110592, 46.100000000000364, 0.995776476158198 ], [ 38.090000000001965, 46.099589299612489, 0.995876476158173 ], [ 38.084153544999936, 46.096761983000761, 0.99687647615815 ], [ 38.078906469922003, 46.094453234964021, 0.999976476158054 ], [ 38.07069351499922, 46.090839480002614, 1.004976476158163 ], [ 38.06999999999789, 46.090563473473594, 1.005676476158214 ], [ 38.068584173688578, 46.090000000001965, 1.00707647615809 ], [ 38.051451115001328, 46.083181350000814, 0.956376476158084 ], [ 38.050000000001091, 46.082569406351467, 0.951376476158202 ], [ 38.043907112018132, 46.08, 0.960976476158066 ], [ 38.039470460002121, 46.078129038003681, 0.967876476158153 ], [ 38.036448504703003, 46.076775747647844, 0.971076476158032 ], [ 38.030000000004293, 46.073887981827284, 0.977776476158169 ], [ 38.026419908001117, 46.072284747000595, 0.963576476158096 ], [ 38.021633052665493, 46.069999999999709, 0.941876476158086 ], [ 38.010083147002661, 46.064487276000364, 0.889376476158077 ], [ 38.010000000000218, 46.064444014273249, 0.888876476158202 ], [ 38.002251406003779, 46.060412389002522, 0.924476476158134 ], [ 38.001520909541796, 46.059999999999491, 0.927176476158138 ], [ 37.99610965651118, 46.056945171749248, 0.947276476158095 ], [ 37.993405384002472, 46.055418522000764, 0.957276476158086 ], [ 37.99000000000342, 46.053340596392445, 0.966776476158202 ], [ 37.98551713100278, 46.050605202000952, 0.956976476158161 ], [ 37.984590663725612, 46.049999999999272, 0.954076476158207 ], [ 37.978838192002513, 46.046242276999692, 0.974076476158189 ], [ 37.97224259000177, 46.041525318001732, 0.992876476158244 ], [ 37.971036827289936, 46.040518413645259, 0.994776476158222 ], [ 37.970416029655098, 46.040000000002692, 0.993776476158246 ], [ 37.969999999999345, 46.039652583329371, 0.996476476158023 ], [ 37.969742743001916, 46.039437753999664, 0.998276476158026 ], [ 37.968711359004374, 46.038250118999713, 1.001876476158031 ], [ 37.968721167000695, 46.038081752001744, 0.999976476158054 ], [ 37.962079265780631, 46.033960367110922, 1.058376476158173 ], [ 37.955696856013674, 46.030000000000655, 1.114576476158163 ], [ 37.950000000002547, 46.026465027785889, 1.199976476158099 ], [ 37.940114780003569, 46.020331122001153, 1.298876476158057 ], [ 37.939869814921622, 46.020000000002256, 1.301276476158137 ], [ 37.933922853475451, 46.011961426738708, 1.280376476158153 ], [ 37.932471783888104, 46.010000000000218, 1.262876476158226 ], [ 37.929999999998472, 46.006658862503173, 1.299976476158236 ], [ 37.925073752861863, 46.000000000001819, 1.373876476158102 ], [ 37.922181781825202, 45.996090890912456, 1.37817647615816 ], [ 37.918711785001506, 45.991400458000498, 1.383376476158219 ], [ 37.918137022448718, 45.989999999999782, 1.37797647615821 ], [ 37.915074162934616, 45.982537081465125, 1.423876476158057 ], [ 37.914032918264638, 45.980000000001382, 1.41937647615805 ], [ 37.910000000001673, 45.970173450563379, 1.499976476158054 ], [ 37.909928814086015, 45.969999999999345, 1.501076476158232 ], [ 37.909910434849735, 45.969955217424285, 1.501376476158157 ], [ 37.905824709901935, 45.960000000000946, 1.641776476158157 ], [ 37.904746706766673, 45.957373353381627, 1.626276476158182 ], [ 37.902028841999709, 45.950751043999844, 1.58717647615822 ], [ 37.901842821458558, 45.950000000002547, 1.581576476158034 ], [ 37.900537805817294, 45.944731097093609, 1.541976476158197 ], [ 37.899365995321205, 45.940000000000509, 1.559476476158125 ], [ 37.897862923960929, 45.933931461981047, 1.521376476158139 ], [ 37.896889169180213, 45.93000000000211, 1.4966764761582 ], [ 37.895036008974785, 45.922518004486847, 1.599276476158138 ], [ 37.89257273982912, 45.912572739829557, 1.561376476158102 ], [ 37.889999999997599, 45.902185495500817, 1.521876476158241 ], [ 37.889458690764513, 45.899999999999636, 1.508076476158067 ], [ 37.889382179006134, 45.899691089500266, 1.506176476158089 ], [ 37.886981864621703, 45.890000000001237, 1.530176476158204 ], [ 37.886555264019989, 45.888277632009704, 1.534476476158034 ], [ 37.884505038486168, 45.8799999999992, 1.409876476158161 ], [ 37.883728349030207, 45.876864174515504, 1.42547647615811 ], [ 37.882695953041548, 45.872695953039511, 1.446076476158169 ], [ 37.881256689475777, 45.866885034214647, 1.431176476158043 ], [ 37.879111012913199, 45.858222025828582, 1.408876476158184 ], [ 37.87556970636615, 45.843924265909664, 1.372176476158074 ], [ 37.874847852002858, 45.841009833000498, 1.364676476158138 ], [ 37.8700000000008, 45.828703746741667, 1.3870764761582 ], [ 37.866571251395726, 45.820000000001528, 1.334276476158038 ], [ 37.865730237619573, 45.817865118811824, 1.342676476158204 ], [ 37.864342564926119, 45.814342564926847, 1.32827647615818 ], [ 37.861618614922918, 45.807427922383795, 1.258076476158067 ], [ 37.861094597001284, 45.806097723001585, 1.248276476158026 ], [ 37.85458173898769, 45.793970840457405, 1.184776476158049 ], [ 37.849040439998134, 45.783652992000498, 0.999976476158054 ], [ 37.840138360639685, 45.775207540955307, 1.002776476158033 ], [ 37.839490618003765, 45.774593023999842, 1.000476476158155 ], [ 37.834257767004601, 45.770303776000219, 1.002676476158058 ], [ 37.831218246001299, 45.768243710999741, 1.016876476158131 ], [ 37.83, 45.767537390122015, 1.026076476158096 ], [ 37.829637976003141, 45.767327494002529, 1.023476476158066 ], [ 37.82622715800062, 45.76571179900202, 1.009076476158043 ], [ 37.811882475001767, 45.760439109000799, 0.994376476158095 ], [ 37.810833156070657, 45.760000000000218, 0.991676476158091 ], [ 37.810000000003129, 45.75965134877697, 0.993076476158194 ], [ 37.806370275002337, 45.758132416001899, 0.998976476158077 ], [ 37.801382762712819, 45.755691381358702, 0.999976476158054 ], [ 37.797257161002562, 45.753672191001897, 1.001276476158182 ], [ 37.796473606527798, 45.753236803262553, 0.999976476158054 ], [ 37.79372537600284, 45.751709729003778, 0.996976476158125 ], [ 37.791063990296607, 45.750000000001819, 0.989376476158213 ], [ 37.790343123002458, 45.749536900000749, 0.991976476158243 ], [ 37.785878537168173, 45.745878537169119, 0.999976476158054 ], [ 37.785704760004592, 45.745736140999725, 1.000676476158105 ], [ 37.779805919004502, 45.740039926002282, 1.004676476158238 ], [ 37.775360626375914, 45.73536062637686, 0.999976476158054 ], [ 37.772638061001999, 45.732494740999755, 0.998576476158178 ], [ 37.7708401018117, 45.730420050906105, 0.995776476158198 ], [ 37.768798430455718, 45.728064137960246, 0.997976476158101 ], [ 37.768632227920534, 45.727872354540523, 0.998476476158203 ], [ 37.767380563002007, 45.726428040999963, 0.999976476158054 ], [ 37.763682488002814, 45.724758205000398, 1.019576476158136 ], [ 37.746996268280782, 45.714931202726802, 1.094376476158232 ], [ 37.74681507097921, 45.714824490341925, 1.097976476158237 ], [ 37.746610609154231, 45.714704076795897, 1.09997647615819 ], [ 37.72548730006929, 45.702263942970603, 1.19677647615822 ], [ 37.72518145779577, 45.702083823520297, 1.199976476158099 ], [ 37.724831145518692, 45.701877514387888, 1.20367647615808 ], [ 37.724425903801603, 45.701638855702186, 1.203976476158232 ], [ 37.723951714055147, 45.701359591506844, 1.208676476158189 ], [ 37.723389343902454, 45.70102839529136, 1.214176476158173 ], [ 37.722711674789025, 45.700629296152329, 1.215576476158049 ], [ 37.721879198177703, 45.700139026357647, 1.223176476158187 ], [ 37.720832027162032, 45.699522316752336, 1.226176476158116 ], [ 37.674001498004145, 45.671942450000643, 1.494876476158197 ], [ 37.670280017116966, 45.670420025669955, 1.519676476158111 ], [ 37.668289926919897, 45.669605897688598, 1.521676476158063 ], [ 37.666840040001262, 45.66901276200042, 1.537576476158165 ], [ 37.666840040001262, 45.667576056004691, 1.523176476158142 ], [ 37.666840040001262, 45.665260060004584, 1.523176476158142 ], [ 37.666840040001262, 45.663763738999478, 1.515376476158053 ], [ 37.676036004004345, 45.6491153019997, 1.358276476158153 ], [ 37.67643779761238, 45.648786054414813, 1.353076476158094 ], [ 37.678319006568927, 45.647244507979849, 1.347676476158085 ], [ 37.680072555736842, 45.645807571661862, 1.30697647615807 ], [ 37.681711013257882, 45.644464946566586, 1.303476476158039 ], [ 37.683245349920981, 45.643207642742709, 1.266776476158157 ], [ 37.684685185096896, 45.642027777646945, 1.232376476158151 ], [ 37.684825066000485, 45.641913153000132, 1.232276476158177 ], [ 37.686370723509754, 45.641439708368125, 1.231176476158225 ], [ 37.68796955140715, 45.640949977307173, 1.199976476158099 ], [ 37.689455341151188, 45.640494870545808, 1.171076476158078 ], [ 37.693858269003613, 45.639146226001685, 1.13227647615804 ], [ 37.69695563924688, 45.637118186317821, 1.09997647615819 ], [ 37.69840985808878, 45.636166019387019, 1.067776476158087 ], [ 37.699786469307583, 45.635264666960211, 1.005876476158164 ], [ 37.700694207003835, 45.634670314999312, 0.995276476158097 ], [ 37.702374714413963, 45.62480511130525, 0.924876476158033 ], [ 37.70287688226199, 45.621857199197621, 0.888176476158151 ], [ 37.702891471999465, 45.6217715519997, 0.887476476158099 ], [ 37.702837990214903, 45.621794539783878, 0.888076476158176 ], [ 37.700958640862154, 45.62260233023153, 0.923276476158208 ], [ 37.698252800000773, 45.623765367003216, 0.951376476158202 ], [ 37.693689503588757, 45.624976037304805, 0.994376476158095 ], [ 37.691827685519456, 45.625469988965051, 1.063676476158207 ], [ 37.689838541435165, 45.625997720992018, 1.09997647615819 ], [ 37.68230228000175, 45.627997137004058, 1.164776476158067 ], [ 37.678884311004367, 45.610785223001585, 1.108976476158205 ], [ 37.671534069488189, 45.609772690555474, 1.158276476158107 ], [ 37.670909050004411, 45.609686591002173, 1.167676476158022 ], [ 37.669571771348274, 45.610725052933049, 1.199976476158099 ], [ 37.667733464739285, 45.612152587440505, 1.24447647615807 ], [ 37.665779801383906, 45.613669702072002, 1.245876476158173 ], [ 37.663699571328834, 45.615285101903282, 1.294676476158202 ], [ 37.661480063543422, 45.617008657667611, 1.346876476158059 ], [ 37.659106805942429, 45.618851607641773, 1.351876476158168 ], [ 37.656563249496685, 45.620826802958618, 1.409776476158186 ], [ 37.653830381745138, 45.622949007705756, 1.417676476158022 ], [ 37.652517123002326, 45.623968817002606, 1.434476476158125 ], [ 37.644853751849951, 45.632280627771252, 1.545176476158076 ], [ 37.643036720241071, 45.634251408335331, 1.546976476158079 ], [ 37.64193769600206, 45.635443427001519, 1.575376476158226 ], [ 37.640598613537804, 45.635778197596665, 1.598776476158037 ], [ 37.637191621322927, 45.636629945587629, 1.605576476158149 ], [ 37.633279889516416, 45.637607878466952, 1.613476476158212 ], [ 37.628742280609004, 45.638742280607403, 1.683776476158073 ], [ 37.617673057462525, 45.641509586193934, 1.661676476158163 ], [ 37.614593946003879, 45.642279363999478, 1.659076476158134 ], [ 37.619521217646252, 45.64428182647498, 1.652376476158224 ], [ 37.631114129004345, 45.64899323100326, 1.645176476158213 ], [ 37.634776237999176, 45.660711980999622, 1.601976476158143 ], [ 37.632100862700099, 45.663151294051204, 1.589476476158097 ], [ 37.626475457000197, 45.668280341000354, 1.57237647615807 ], [ 37.617452297052296, 45.665589222788185, 1.581376476158084 ], [ 37.614797416090369, 45.664797416086003, 1.623976476158077 ], [ 37.61000000000422, 45.663366607604985, 1.667376476158097 ], [ 37.607920768998156, 45.662746485999378, 1.686076476158178 ], [ 37.607072634542419, 45.661463682732574, 1.673176476158233 ], [ 37.606104910359136, 45.660000000001673, 1.67787647615819 ], [ 37.604181409091325, 45.657090704544316, 1.716376476158075 ], [ 37.601410352001039, 45.652899481001441, 1.743776476158246 ], [ 37.600568670444773, 45.650568670447683, 1.741476476158141 ], [ 37.596853298518909, 45.640279947776435, 1.797176476158029 ], [ 37.59506269600206, 45.635321355999622, 1.801376476158111 ], [ 37.593010508846419, 45.626021017700623, 1.769876476158061 ], [ 37.590000000001965, 45.612377646673849, 1.799976476158236 ], [ 37.589475355005561, 45.610000000002401, 1.805276476158042 ], [ 37.58941029349262, 45.609705146747729, 1.802976476158165 ], [ 37.587412957002016, 45.60065338700042, 1.812976476158155 ], [ 37.587388667529012, 45.600000000000364, 1.81307647615813 ], [ 37.587339210476785, 45.598669605238683, 1.81327647615808 ], [ 37.587016920353562, 45.590000000001965, 1.729876476158097 ], [ 37.586706392638007, 45.581646803684635, 1.732976476158228 ], [ 37.586645173178113, 45.58, 1.733576476158078 ], [ 37.586581634795948, 45.578290817396919, 1.734176476158154 ], [ 37.586273425999025, 45.570000000001528, 1.737276476158058 ], [ 37.586202846956439, 45.568101423476037, 1.718976476158105 ], [ 37.586192253998888, 45.567816472999766, 1.7162764761581 ], [ 37.587217188240174, 45.559999999999491, 1.627876476158235 ], [ 37.587388410453059, 45.558694205225038, 1.626076476158232 ], [ 37.588528437245259, 45.550000000001091, 1.614676476158138 ], [ 37.588618980282263, 45.549309490141241, 1.613776476158137 ], [ 37.589839686243067, 45.540000000002692, 1.601576476158243 ], [ 37.590000000001965, 45.538777396552177, 1.587776476158069 ], [ 37.590984892971392, 45.531266290963686, 1.497876476158126 ], [ 37.59209021888455, 45.522836725627712, 1.495476476158046 ], [ 37.593178106295454, 45.51454015184936, 1.395476476158137 ], [ 37.593923373000507, 45.508856512002239, 1.326876476158077 ], [ 37.593953387688089, 45.505930081531915, 1.297176476158029 ], [ 37.594051474696244, 45.496366603098068, 1.297076476158054 ], [ 37.59414942037256, 45.486816904900479, 1.199976476158099 ], [ 37.594247225018989, 45.477280957171388, 1.103076476158094 ], [ 37.594248894003613, 45.477118231001441, 1.102276476158067 ], [ 37.594073927937643, 45.476365512400662, 1.09997647615819 ], [ 37.590433630541156, 45.460704649623949, 1.000276476158206 ], [ 37.590428627003348, 45.460683124001662, 0.999976476158054 ], [ 37.590408976602703, 45.460664586984421, 1.000276476158206 ], [ 37.590000000001965, 45.460278782742535, 1.002776476158033 ], [ 37.589704472869926, 45.460000000000946, 1.004476476158061 ], [ 37.589585607001936, 45.459887868999431, 1.005076476158138 ], [ 37.589503893486835, 45.45975194674611, 1.004976476158163 ], [ 37.588098604997867, 45.457414390002668, 0.986276476158082 ], [ 37.584236426137068, 45.450000000002547, 0.915276476158169 ], [ 37.581294703106323, 45.44435264844833, 0.917676476158022 ], [ 37.579027394969671, 45.440000000000509, 0.919476476158025 ], [ 37.578175921000366, 45.438365388999955, 0.936476476158077 ], [ 37.574739188086824, 45.432369594045667, 1.005176476158113 ], [ 37.574342378000438, 45.431677311002204, 1.008176476158042 ], [ 37.570000000003347, 45.424906786984138, 1.049076476158234 ], [ 37.56842577700445, 45.422452299002543, 1.055976476158094 ], [ 37.566589252348422, 45.42, 1.068176476158214 ], [ 37.562069742389212, 45.413965128806012, 1.098276476158162 ], [ 37.56131565800024, 45.412958205004543, 1.103276476158044 ], [ 37.558726816765557, 45.410000000001673, 1.125476476158155 ], [ 37.554293736000545, 45.404934427999251, 1.11277647615816 ], [ 37.550000000001091, 45.400677099136374, 1.113576476158187 ], [ 37.549317110559059, 45.399999999999636, 1.110276476158106 ], [ 37.548622440726831, 45.399311220362506, 1.10687647615805 ], [ 37.54692057200009, 45.397623782000665, 1.090276476158124 ], [ 37.539481782001531, 45.391255159000139, 1.047976476158055 ], [ 37.534241905997987, 45.387372106000839, 1.036276476158037 ], [ 37.530000000004293, 45.384730958361615, 1.041976476158197 ], [ 37.52578583441209, 45.382107082798029, 1.005376476158062 ], [ 37.525648590004494, 45.382021629999144, 1.005676476158214 ], [ 37.521979932902468, 45.3799999999992, 1.020276476158188 ], [ 37.519205435999538, 45.378471101001196, 1.03137647615813 ], [ 37.51461059434223, 45.376152648585048, 1.053876476158166 ], [ 37.514454404998105, 45.376073839001037, 1.053076476158139 ], [ 37.509630721002395, 45.373811497001952, 1.03787647615809 ], [ 37.503195107647116, 45.371065035884385, 1.033976476158159 ], [ 37.501033603999531, 45.370142593001219, 1.020576476158112 ], [ 37.492295789001219, 45.366815899003996, 1.014576476158027 ], [ 37.48345098900063, 45.36382142399998, 1.053276476158089 ], [ 37.474518994000391, 45.361184122999475, 1.138776476158228 ], [ 37.470809774065856, 45.360269924689419, 1.195976476158194 ], [ 37.470277448659544, 45.360138724332501, 1.201376476158202 ], [ 37.469999999999345, 45.360070342539984, 1.201376476158202 ], [ 37.469714595892583, 45.360000000002401, 1.199976476158099 ], [ 37.465508550998493, 45.358963351000057, 1.168876476158175 ], [ 37.456419266998637, 45.357254263002687, 1.117676476158067 ], [ 37.450000000002547, 45.35641256271083, 1.092376476158051 ], [ 37.449988509002651, 45.35641105600007, 1.092376476158051 ], [ 37.443530763999661, 45.355828608000593, 1.074876476158124 ], [ 37.441416558525816, 45.355708279261307, 1.071276476158118 ], [ 37.437060362999546, 45.355460348999259, 1.044476476158025 ], [ 37.430000000003929, 45.355250045522553, 1.004976476158163 ], [ 37.419898302696311, 45.354949151347682, 0.897976476158192 ], [ 37.417672786001276, 45.354882861001897, 0.895276476158188 ], [ 37.410379841001486, 45.35449267399963, 0.879676476158238 ], [ 37.410000000001673, 45.354462379922552, 0.878476476158085 ], [ 37.403101442001571, 45.35391218800396, 0.85647647615815 ], [ 37.402346579170626, 45.353826710415888, 0.853076476158094 ], [ 37.3958545100013, 45.353091575001599, 0.823676476158198 ], [ 37.391049459001806, 45.352382683000542, 0.795276476158051 ], [ 37.390000000003056, 45.352189038723736, 0.787576476158165 ], [ 37.384251804000087, 45.351128391999737, 0.831376476158084 ], [ 37.379135234603382, 45.350000000000364, 0.86297647615811 ], [ 37.377502232999177, 45.349639863003176, 0.876676476158082 ], [ 37.3700000000008, 45.347751503710242, 0.932576476158147 ], [ 37.360944207321154, 45.34547210366145, 1.045276476158051 ], [ 37.353847656004291, 45.343685857002129, 1.115976476158039 ], [ 37.350000000002183, 45.342872850629647, 1.157476476158081 ], [ 37.348853484998472, 45.342630593000649, 1.164076476158243 ], [ 37.33613933000197, 45.340520805002598, 1.248976476158077 ], [ 37.331914386633798, 45.340000000001965, 1.280876476158028 ], [ 37.328396067998256, 45.339566299999206, 1.242276476158167 ], [ 37.328182093162468, 45.339545523291235, 1.240876476158064 ], [ 37.320602936999421, 45.338809596001738, 1.145276476158188 ], [ 37.313014460001796, 45.338240827999471, 1.071276476158118 ], [ 37.305728710813128, 45.337864355404236, 1.022376476158115 ], [ 37.297753004000697, 45.337452231002317, 1.004576476158036 ], [ 37.290000000004511, 45.337254991673035, 1.015676476158205 ], [ 37.276192550078122, 45.336903724963122, 0.96647647615805 ], [ 37.275840276999588, 45.336894763002419, 0.965276476158124 ], [ 37.262519387462817, 45.336870153138079, 0.961776476158093 ], [ 37.248929719746229, 45.336845046709641, 0.958276476158062 ], [ 37.235439015090378, 45.336820123113284, 0.954776476158031 ], [ 37.222046196407973, 45.336795380359035, 0.883376476158219 ], [ 37.195860382000319, 45.336747003002529, 0.948676476158198 ], [ 37.161389566001162, 45.336276835001627, 0.992776476158042 ], [ 37.139026992001163, 45.335764617000677, 0.999976476158054 ], [ 37.134992823877838, 45.338343157347481, 1.276776476158147 ], [ 37.13152103000175, 45.340562241999578, 1.23777647615816 ], [ 37.108734571003879, 45.3424746769997, 1.186076476158178 ], [ 37.080241624562404, 45.350162812543203, 1.035776476158162 ], [ 37.066661004002526, 45.353827216003992, 1.07807647615823 ], [ 37.058868585429082, 45.357290513167754, 1.144876476158061 ], [ 37.042930523482937, 45.364374096294341, 1.281276476158155 ], [ 37.025504909073788, 45.372118813855195, 1.34107647615815 ], [ 36.98527224047757, 45.390000000001237, 1.583276476158062 ], [ 36.98340207379988, 45.390831185195566, 1.650176476158094 ], [ 36.980537137622377, 45.392104490172642, 1.647376476158115 ], [ 36.960192768678098, 45.401146431973757, 1.642676476158158 ], [ 36.940272240733975, 45.410000000001673, 1.55047647615811 ], [ 36.936289014001886, 45.411770323004021, 1.549676476158083 ], [ 36.916830575662971, 45.418492298893398, 1.539676476158093 ], [ 36.912466158193638, 45.42, 1.543676476158225 ], [ 36.878103061000729, 45.431870835000154, 1.486176476158107 ], [ 36.862478061004367, 45.431830145002095, 1.462776476158069 ], [ 36.848060432024795, 45.434008633148551, 1.440076476158083 ], [ 36.847666862999176, 45.434068100999866, 1.439076476158107 ], [ 36.844255782021719, 45.436187981835246, 1.423776476158082 ], [ 36.83812189825403, 45.440000000000509, 1.396276476158164 ], [ 36.833262566002304, 45.4430199239996, 1.362376476158033 ], [ 36.825819091312951, 45.440000000000509, 1.3716764761582 ], [ 36.809228752910713, 45.433269062741601, 1.36537647615819 ], [ 36.790938162374005, 45.425848308910645, 1.358476476158103 ], [ 36.776523316386374, 45.42, 1.339776476158022 ], [ 36.754635486662664, 45.411119794849583, 1.244776476158222 ], [ 36.751875428924905, 45.410000000001673, 1.236476476158032 ], [ 36.749981218095854, 45.409231491612445, 1.238376476158237 ], [ 36.748600664099285, 45.408671381139357, 1.233176476158178 ], [ 36.72456517129649, 45.398919838398797, 1.164776476158067 ], [ 36.72061169600056, 45.397315857000649, 0.999976476158054 ], [ 36.698450829002468, 45.398513942000136, 1.004476476158061 ], [ 36.68837916800112, 45.39884173199971, 0.986776476158184 ], [ 36.68503596280425, 45.398758990702845, 0.963476476158121 ], [ 36.680641914999796, 45.398650241999349, 0.991076476158241 ], [ 36.665496757867004, 45.397748378933102, 1.00727647615804 ], [ 36.665377477002039, 45.397741276001398, 1.006876476158141 ], [ 36.655762527001571, 45.397335420999298, 0.998176476158051 ], [ 36.650000000001455, 45.3972695864868, 1.017776476158133 ], [ 36.648070872999597, 45.397247547, 1.004976476158163 ], [ 36.64231319800092, 45.397428935000789, 1.001576476158107 ], [ 36.636589924000873, 45.397889380999914, 1.03747647615819 ], [ 36.632927332038889, 45.398536333979791, 1.109676476158029 ], [ 36.632275864003532, 45.398651408002479, 1.081476476158059 ], [ 36.625053349001973, 45.40055396200114, 0.978576476158196 ], [ 36.61643239499972, 45.40325576000032, 0.999976476158054 ], [ 36.615936379675986, 45.404219086100056, 1.271876476158241 ], [ 36.615263320183658, 45.405526254931829, 1.244776476158222 ], [ 36.613985983640305, 45.408007008181812, 1.193276476158189 ], [ 36.613536004004345, 45.408880927001519, 1.19457647615809 ], [ 36.598806186002548, 45.421210028001951, 1.129476476158061 ], [ 36.583262566002304, 45.427394924001419, 1.015276476158078 ], [ 36.576895541245904, 45.426552229379013, 0.945976476158194 ], [ 36.566661004002526, 45.425197657999888, 1.0287764761581 ], [ 36.565333563725289, 45.424249913605308, 1.057476476158172 ], [ 36.560550372852958, 45.420834888143872, 1.161076476158087 ], [ 36.560078873999373, 45.420498254999984, 0.999976476158054 ], [ 36.545479551001335, 45.425027203000354, 1.020776476158062 ], [ 36.5432531332699, 45.425582288911755, 0.978476476158221 ], [ 36.5427253450016, 45.425713876000373, 0.982376476158151 ], [ 36.539910310002597, 45.426071647001663, 0.995676476158224 ], [ 36.535048338000706, 45.425885513999674, 1.001176476158207 ], [ 36.511577229002796, 45.423701846999393, 0.999976476158054 ], [ 36.507207070064396, 45.42772070700812, 1.095476476158183 ], [ 36.502210298971477, 45.432315808418934, 0.972676476158085 ], [ 36.499134641684577, 45.435144226388729, 1.074276476158047 ], [ 36.497704923725905, 45.436459015256332, 1.003076476158185 ], [ 36.490570509002282, 45.4430199239996, 1.17567647615806 ], [ 36.47055097699922, 45.445786850999866, 1.068876476158039 ], [ 36.466427631999977, 45.445115808000992, 0.999976476158054 ], [ 36.462905922002392, 45.446205397000085, 1.003976476158186 ], [ 36.453771587002848, 45.448313793000125, 0.987176476158083 ], [ 36.447771116001604, 45.449462566002694, 0.967276476158077 ], [ 36.4398591879999, 45.450656575001631, 0.928876476158166 ], [ 36.434786815667394, 45.451196703917958, 0.895776476158062 ], [ 36.434731773999374, 45.451202565000131, 0.895076476158238 ], [ 36.432688350023454, 45.451344175013219, 0.867176476158193 ], [ 36.430000000000291, 45.451530478629138, 0.861176476158107 ], [ 36.428112039002372, 45.45166131500082, 0.885376476158171 ], [ 36.414535517675176, 45.452267758839298, 1.045376476158026 ], [ 36.409999999999854, 45.452470353940953, 1.074076476158098 ], [ 36.409978910001882, 45.452471296001022, 1.074176476158073 ], [ 36.404470876001142, 45.453059974001008, 1.091776476158202 ], [ 36.403599461718841, 45.453200269141234, 1.095976476158057 ], [ 36.398988453003767, 45.453942628000732, 1.067476476158163 ], [ 36.393515573001423, 45.455051965001985, 1.047876476158081 ], [ 36.38261392500317, 45.457777551000618, 1.041076476158196 ], [ 36.37528758514236, 45.460000000000946, 1.060876476158228 ], [ 36.371810047001418, 45.461054912999316, 1.049276476158184 ], [ 36.362415629000679, 45.464362561999224, 1.037176476158038 ], [ 36.354500810761238, 45.46741680179548, 1.038376476158192 ], [ 36.343312945000434, 45.471734074002597, 0.993676476158043 ], [ 36.337490687566969, 45.473745343784685, 0.96217647615822 ], [ 36.333270956001797, 45.475203029000113, 0.957176476158111 ], [ 36.328112428001987, 45.476642458001152, 0.937376476158079 ], [ 36.326903643503101, 45.476903643502737, 0.929676476158193 ], [ 36.324741603335497, 45.477370801667348, 0.810776476158026 ], [ 36.322982209001566, 45.477750959000332, 0.839976476158199 ], [ 36.318645032000859, 45.478435858000012, 0.886776476158047 ], [ 36.31000000000131, 45.479244034973817, 0.924376476158159 ], [ 36.309859891000087, 45.479257132999919, 0.92567647615806 ], [ 36.304997930999889, 45.479426975000024, 0.942676476158113 ], [ 36.29526316600095, 45.479217108000739, 0.921676476158154 ], [ 36.29207646123723, 45.478961769382295, 0.896176476158189 ], [ 36.290417161999358, 45.478828816001624, 0.930976476158094 ], [ 36.290000000000873, 45.478776410853243, 0.938776476158182 ], [ 36.284965303004356, 45.478143936999913, 0.957576476158238 ], [ 36.27956881800128, 45.477237826002238, 0.966176476158125 ], [ 36.273966656073753, 45.476033343928066, 0.961976476158043 ], [ 36.272810198654042, 45.475784702019155, 1.03137647615813 ], [ 36.264898391002134, 45.474083638999218, 1.053776476158191 ], [ 36.259282936485761, 45.473037797637517, 1.075076476158074 ], [ 36.255403192999438, 45.472315221002646, 1.065576476158185 ], [ 36.247486980919348, 45.47125650954149, 1.062776476158206 ], [ 36.245447335002609, 45.470983728002466, 1.049176476158209 ], [ 36.236439481912385, 45.470085194285275, 1.004276476158111 ], [ 36.215179518001605, 45.467964512001345, 0.978976476158095 ], [ 36.200171439999394, 45.466116447001696, 0.946376476158093 ], [ 36.19667830844628, 45.465553615258614, 0.933176476158224 ], [ 36.187768835001407, 45.464118074, 0.976576476158243 ], [ 36.183382159002576, 45.463150748004409, 0.993876476158221 ], [ 36.180700909000734, 45.462350742000126, 1.001176476158207 ], [ 36.179806605001431, 45.461853117001738, 0.999976476158054 ], [ 36.156613360342817, 45.461968016206811, 1.173276476158208 ], [ 36.139404359337277, 45.462053269500757, 1.346976476158034 ], [ 36.137461785001506, 45.462062893004259, 1.337276476158195 ], [ 36.117930534999687, 45.457098700000643, 1.239676476158138 ], [ 36.09636478000175, 45.441961980999622, 1.131776476158166 ], [ 36.095145288316417, 45.44143161039392, 1.125676476158105 ], [ 36.083095514297383, 45.436191028587928, 1.06547647615821 ], [ 36.079854241934299, 45.434781362902868, 1.049276476158184 ], [ 36.070877105725231, 45.430877105727632, 1.09997647615819 ], [ 36.069999999999709, 45.430495642613096, 1.104976476158072 ], [ 36.068860359078826, 45.43000000000211, 1.105676476158123 ], [ 36.068858269001794, 45.429999091002173, 1.105676476158123 ], [ 36.068109669595287, 45.42905483479808, 1.09997647615819 ], [ 36.065277539999443, 45.425482489001297, 1.07847647615813 ], [ 36.062831052860929, 45.42, 1.035876476158137 ], [ 36.060490443123854, 45.414754778439601, 1.047576476158156 ], [ 36.058368687055918, 45.410000000001673, 1.058176476158224 ], [ 36.055028205972121, 45.402514102990608, 0.999976476158054 ], [ 36.051768425002592, 45.3952090519997, 0.999976476158054 ], [ 36.049999999999272, 45.393582296443128, 0.999976476158054 ], [ 36.047477059672019, 45.391261470167592, 1.012576476158074 ], [ 36.046105731715215, 45.390000000001237, 1.019476476158161 ], [ 36.041468478999377, 45.385734240002421, 0.999976476158054 ], [ 36.041468480007097, 45.385734240002421, 0.999976476158054 ], [ 36.030000000002474, 45.3799999999992, 0.999976476158054 ], [ 36.015218892000121, 45.380002919002436, 1.000076476158029 ], [ 36.015160280139753, 45.3799999999992, 0.999976476158054 ], [ 36.006923378554347, 45.379589783808115, 0.99687647615815 ], [ 36.00667421700382, 45.379577375002555, 0.997576476158201 ], [ 35.945090237000841, 45.372787804002655, 0.999976476158054 ], [ 35.943683831697854, 45.373383404530614, 1.033876476158184 ], [ 35.939235906460453, 45.375267062532657, 1.140876476158155 ], [ 35.934256016942527, 45.377376002823439, 1.073776476158173 ], [ 35.933403849183378, 45.37773688852576, 1.06977647615804 ], [ 35.912643528041372, 45.386528705608725, 1.156576476158079 ], [ 35.909757650168103, 45.387750850019074, 1.143776476158109 ], [ 35.889784030643568, 45.396209505744991, 1.136776476158047 ], [ 35.871104363000995, 45.40412018400275, 1.130376476158062 ], [ 35.870547761702255, 45.404442217630276, 1.13057647615824 ], [ 35.854869839335151, 45.413513016066645, 1.129776476158213 ], [ 35.854014518999975, 45.414007880001009, 1.126676476158082 ], [ 35.85064365564358, 45.419839086089269, 1.101576476158243 ], [ 35.846934441002304, 45.426255600999866, 1.110676476158233 ], [ 35.848040740595025, 45.43000000000211, 1.126776476158057 ], [ 35.848713569999745, 45.432277268999314, 0.999976476158054 ], [ 35.855227317004392, 45.432513077001204, 1.008376476158219 ], [ 35.859613308000917, 45.433072586001799, 0.991276476158191 ], [ 35.86169499099924, 45.433562905000144, 0.970376476158208 ], [ 35.863533374000326, 45.43423619799978, 0.938376476158055 ], [ 35.86492229376563, 45.43507770623728, 0.895376476158162 ], [ 35.865000800002235, 45.435125271002107, 0.900076476158119 ], [ 35.86594377199981, 45.436146178000854, 0.956576476158034 ], [ 35.86663615100224, 45.437305921999723, 0.998176476158051 ], [ 35.868350486163763, 45.440824756917209, 1.101076476158141 ], [ 35.86853798500124, 45.441209615999469, 1.093176476158078 ], [ 35.870000000004438, 45.443652807887702, 1.053876476158166 ], [ 35.871547609000118, 45.446239037000851, 1.012376476158124 ], [ 35.872846050002408, 45.448955816000307, 0.955576476158058 ], [ 35.873036545868672, 45.450000000002547, 0.921476476158205 ], [ 35.873260132002542, 45.451225565000641, 0.942676476158113 ], [ 35.873214574859958, 45.451607287430306, 0.944676476158065 ], [ 35.87305098700017, 45.452977987004488, 0.937276476158104 ], [ 35.873029223123012, 45.45302922312294, 0.936276476158127 ], [ 35.87218718999975, 45.455011522002678, 0.983176476158178 ], [ 35.87140956499934, 45.456173357000807, 1.006376476158039 ], [ 35.870000000004438, 45.45786985317136, 1.036076476158087 ], [ 35.866942480999569, 45.461549760999333, 1.024176476158118 ], [ 35.864289130000543, 45.464202363002187, 0.997676476158176 ], [ 35.862856998999632, 45.465371197000422, 0.97537647615809 ], [ 35.861322699000084, 45.466363006000392, 0.943776476158064 ], [ 35.861007903271457, 45.466511854909186, 0.935676476158051 ], [ 35.859900956000274, 45.467035267001847, 0.958076476158112 ], [ 35.858400508001068, 45.467561488001593, 0.978576476158196 ], [ 35.855236450999655, 45.468291642000622, 1.001776476158057 ], [ 35.851938977999453, 45.468713801001286, 1.007776476158142 ], [ 35.850000000004002, 45.468784185388358, 1.001776476158057 ], [ 35.846612712999558, 45.46890714300207, 1.013976476158177 ], [ 35.842803090001325, 45.468748885999958, 1.011976476158225 ], [ 35.838364708999507, 45.468104416999267, 0.984976476158181 ], [ 35.833939113999804, 45.466960399999152, 0.931276476158246 ], [ 35.833286889361261, 45.466713110641649, 0.9191764761581 ], [ 35.831972728999972, 45.466214849999233, 0.946176476158143 ], [ 35.829044678001083, 45.464558598001531, 0.992576476158092 ], [ 35.828139769002519, 45.463811223004086, 1.001076476158232 ], [ 35.827474445002736, 45.462969333004366, 0.999976476158054 ], [ 35.82339857559964, 45.463398575599058, 1.132976476158092 ], [ 35.817945675284136, 45.463972837642359, 1.16027647615806 ], [ 35.817149285001506, 45.464056708002317, 1.169076476158125 ], [ 35.816383651521392, 45.463191825761896, 1.168076476158149 ], [ 35.81000000000131, 45.455980664053641, 1.199976476158099 ], [ 35.804705641512555, 45.450000000002547, 1.199976476158099 ], [ 35.803965691000485, 45.44916412999919, 1.199976476158099 ], [ 35.802566138583643, 45.446283069293713, 1.199976476158099 ], [ 35.799513969363034, 45.440000000000509, 1.152476476158199 ], [ 35.796149953908753, 45.43307497695605, 1.09997647615819 ], [ 35.794932488000995, 45.430568752002728, 1.080976476158185 ], [ 35.794833684802143, 45.43000000000211, 1.075876476158101 ], [ 35.793391036002504, 45.421695518001798, 0.999976476158054 ], [ 35.790000000000873, 45.42, 0.999976476158054 ], [ 35.785223484999733, 45.417755698999827, 1.001476476158132 ], [ 35.782198771863477, 45.416099385933194, 0.999976476158054 ], [ 35.773553263001304, 45.411365162002767, 0.995876476158173 ], [ 35.769468266764306, 45.408936533527594, 0.991976476158243 ], [ 35.769174645914973, 45.408761968870749, 0.991776476158066 ], [ 35.768156886324505, 45.408156886325742, 0.990776476158089 ], [ 35.766193564000787, 45.406989643999623, 0.988976476158086 ], [ 35.758395604001635, 45.402013180002541, 0.978176476158069 ], [ 35.752523930001189, 45.397966557002292, 0.967076476158127 ], [ 35.75, 45.396077619110656, 0.960776476158117 ], [ 35.746839186002035, 45.393712029999733, 0.952876476158053 ], [ 35.745216813340448, 45.392391593330103, 0.947876476158171 ], [ 35.742278349331173, 45.390000000001237, 0.977176476158093 ], [ 35.742029814000489, 45.389797719000853, 0.977676476158194 ], [ 35.737787664404095, 45.386106167801699, 0.983176476158178 ], [ 35.730770755828416, 45.3799999999992, 0.992276476158167 ], [ 35.729999999999563, 45.379329282353865, 0.993276476158144 ], [ 35.724782105000486, 45.374788630000694, 1.000076476158029 ], [ 35.719519199001297, 45.370401906999177, 1.008876476158093 ], [ 35.718995819313932, 45.3700000000008, 1.010076476158019 ], [ 35.714095818000715, 45.366237254000225, 1.021376476158139 ], [ 35.709999999999127, 45.363438761833095, 1.034376476158059 ], [ 35.70846621200144, 45.362390792000951, 1.031576476158079 ], [ 35.704369706740181, 45.360000000002401, 1.028176476158023 ], [ 35.702268589002415, 45.358773751000626, 1.026376476158021 ], [ 35.695836310000232, 45.355598892001581, 1.026776476158147 ], [ 35.690000000000509, 45.353190161275052, 1.031876476158232 ], [ 35.689207854002234, 45.35286323100263, 1.028676476158125 ], [ 35.68623107730491, 45.351884461349982, 1.018876476158084 ], [ 35.680499779240563, 45.350000000000364, 0.999976476158054 ], [ 35.67, 45.346547653269226, 0.965476476158074 ], [ 35.663951574999373, 45.344558920003692, 0.975876476158192 ], [ 35.651674076907511, 45.340000000001965, 0.991676476158091 ], [ 35.650000000003274, 45.339378376389504, 0.993776476158246 ], [ 35.645169108505797, 45.337584554252317, 0.999976476158054 ], [ 35.643389720002233, 45.336923826002021, 1.002276476158158 ], [ 35.636497468000016, 45.334484863000398, 1.012376476158124 ], [ 35.630000000002838, 45.332403630171029, 1.024076476158143 ], [ 35.629550538000331, 45.332259660999625, 1.022576476158065 ], [ 35.621184429026471, 45.33, 0.999976476158054 ], [ 35.610679781000727, 45.327162726001916, 0.971676476158109 ], [ 35.610000000000582, 45.326960136540947, 0.969576476158181 ], [ 35.601278261092375, 45.324360869455631, 0.987176476158083 ], [ 35.590000000000146, 45.320999703393682, 1.009976476158045 ], [ 35.586645534411218, 45.320000000001528, 1.016776476158157 ], [ 35.583143600999392, 45.318956348002757, 1.013376476158101 ], [ 35.569999999999709, 45.315717541703634, 1.014376476158077 ], [ 35.569999847000872, 45.315717504001441, 1.014376476158077 ], [ 35.561857744700319, 45.314071127650095, 0.981376476158175 ], [ 35.549999999999272, 45.311673428663198, 1.016776476158157 ], [ 35.549637212001471, 45.311600071001521, 1.01597647615813 ], [ 35.53835308206726, 45.309999999999491, 0.999976476158054 ], [ 35.536694177002573, 45.309764769999674, 0.992976476158219 ], [ 35.531558314771246, 45.309220842615105, 0.976576476158243 ], [ 35.530000000000655, 45.309055805073513, 0.990576476158139 ], [ 35.527604127411905, 45.308802063706025, 0.98797647615811 ], [ 35.523486054000387, 45.308365928000057, 0.999876476158079 ], [ 35.516731074001655, 45.307846552999763, 1.023276476158117 ], [ 35.510000000000218, 45.307716667304703, 1.054376476158041 ], [ 35.509182630999931, 45.307700895002199, 1.049976476158236 ], [ 35.500835642000311, 45.308055605000845, 1.015276476158078 ], [ 35.49248873054421, 45.308755634730915, 0.98757647615821 ], [ 35.492011030000867, 45.308795697999813, 0.98797647615811 ], [ 35.489999999999782, 45.309023627061833, 0.990276476158215 ], [ 35.481385410577786, 45.309999999999491, 0.999976476158054 ], [ 35.474476396002501, 45.310783064001953, 1.007876476158117 ], [ 35.472183060219322, 45.311091530109479, 1.010876476158046 ], [ 35.469999999999345, 45.311385163557134, 1.013876476158202 ], [ 35.466389725999761, 45.311870764999185, 1.000676476158105 ], [ 35.466192581927316, 45.311903709038234, 0.999976476158054 ], [ 35.450000000002547, 45.320000000001528, 0.999976476158054 ], [ 35.43000000000211, 45.33, 1.09997647615819 ], [ 35.410000000001673, 45.340000000001965, 1.09997647615819 ], [ 35.390000000001237, 45.350000000000364, 1.09997647615819 ], [ 35.350000000000364, 45.3799999999992, 1.09997647615819 ], [ 35.290000000002692, 45.43000000000211, 1.09997647615819 ], [ 35.142126443006418, 45.568631459684184, 1.09997647615819 ], [ 35.141141169267939, 45.569654628536227, 1.09997647615819 ], [ 35.140052182825457, 45.570785499077829, 1.09997647615819 ], [ 35.138842197879057, 45.57204202190951, 1.09997647615819 ], [ 35.137489861757786, 45.573446370963211, 1.090676476158023 ], [ 35.135968483606121, 45.57502626366113, 1.09997647615819 ], [ 35.134244255026715, 45.576816808732474, 1.09997647615819 ], [ 35.132273708059074, 45.578863145970899, 1.09997647615819 ], [ 35.131178959738463, 45.58, 1.111776476158184 ], [ 35.1299999999992, 45.581224304345596, 1.124476476158179 ], [ 35.113702279584686, 45.598148860210131, 1.136976476158225 ], [ 35.111919700530052, 45.600000000000364, 1.119176476158145 ], [ 35.111295797860294, 45.600647898931129, 1.11947647615807 ], [ 35.110000000002401, 45.60199353517055, 1.139876476158179 ], [ 35.095130851108479, 45.617434574447543, 1.151276476158046 ], [ 35.09266044132346, 45.6200000000008, 1.126576476158107 ], [ 35.090000000001965, 45.622762765999141, 1.155276476158178 ], [ 35.076559422634091, 45.636720288684955, 1.232776476158051 ], [ 35.073401182115049, 45.640000000001237, 1.233976476158205 ], [ 35.072295797928746, 45.641147898966665, 1.222976476158237 ], [ 35.070000000001528, 45.643531996822276, 1.235276476158106 ], [ 35.062347340177439, 45.651478989741008, 1.199976476158099 ], [ 35.058021923729029, 45.655970768366387, 1.219976476158081 ], [ 35.058021923758133, 45.655970768322732, 1.219976476158081 ], [ 35.010000000000218, 45.719999999999345, 1.299976476158236 ], [ 34.989999999999782, 45.750000000001819, 1.299976476158236 ], [ 34.969999999999345, 45.780000000000655, 1.299976476158236 ], [ 34.950000000002547, 45.809999999999491, 1.299976476158236 ], [ 34.935706545280482, 45.831440182084407, 1.299976476158236 ], [ 34.932405948258747, 45.837594051741689, 1.312076476158154 ], [ 34.93152430729242, 45.839237846354081, 1.315276476158033 ], [ 34.931115530020179, 45.840000000001965, 1.311176476158153 ], [ 34.930879635883684, 45.840439817942752, 1.313176476158105 ], [ 34.93000000000211, 45.842079874128103, 1.341576476158025 ], [ 34.914653583189647, 45.870692833621433, 1.223276476158162 ], [ 34.910000000001673, 45.8799999999992, 1.199976476158099 ], [ 34.890000000001237, 45.92, 1.299976476158236 ], [ 34.8700000000008, 45.960000000000946, 1.09997647615819 ], [ 34.856700216198078, 45.999899351420027, 0.966976476158152 ], [ 34.855915126092441, 46.005212184772972, 1.018276476158235 ], [ 34.855581877000077, 46.007467335999536, 1.025876476158146 ], [ 34.854988727085583, 46.010022545835454, 1.02467647615822 ], [ 34.854100378308431, 46.013849432538336, 1.002476476158108 ], [ 34.853480586061778, 46.016519413940841, 0.986976476158134 ], [ 34.853023560148358, 46.018488219926439, 0.975576476158039 ], [ 34.852672625282139, 46.020000000002256, 0.966776476158202 ], [ 34.852394682244267, 46.021197341120569, 0.959876476158115 ], [ 34.850837166002748, 46.027906911001992, 0.995776476158198 ], [ 34.850409551276243, 46.030000000000655, 1.008176476158042 ], [ 34.850000000000364, 46.032004671997129, 1.04007647615822 ], [ 34.84840611600157, 46.039806417000364, 1.012876476158226 ], [ 34.846186213000692, 46.052055317999475, 1.002476476158108 ], [ 34.844330741001613, 46.064162963999479, 1.031276476158155 ], [ 34.844000525023148, 46.066997637397435, 1.049976476158236 ], [ 34.84299422299955, 46.075636037001459, 1.02487647615817 ], [ 34.842731510449084, 46.079073958200752, 1.018276476158235 ], [ 34.842474121000123, 46.082442220000303, 1.011876476158022 ], [ 34.842296034632454, 46.086963878791721, 1.007376476158242 ], [ 34.842229679999946, 46.088648639999519, 1.005776476158189 ], [ 34.84225071155015, 46.093247865353987, 1.006276476158064 ], [ 34.842278405263642, 46.099303986851737, 1.006976476158115 ], [ 34.842283507001412, 46.100419647000308, 1.00707647615809 ], [ 34.84254304210117, 46.104913915803991, 1.01357647615805 ], [ 34.842876339122085, 46.110685491317781, 0.957576476158238 ], [ 34.843227638000826, 46.116768798001431, 0.964576476158072 ], [ 34.84322794030777, 46.116772059691357, 0.964576476158072 ], [ 34.843813800856879, 46.123093099573452, 0.976276476158091 ], [ 34.844453961419276, 46.130000000002838, 0.989076476158061 ], [ 34.844575169001473, 46.131307748000836, 0.978376476158246 ], [ 34.845444288388535, 46.137722144196232, 0.931676476158145 ], [ 34.845752926736168, 46.139999999999418, 0.936276476158127 ], [ 34.846897705028823, 46.148448852516594, 0.95347647615813 ], [ 34.847107877943927, 46.149999999999636, 0.956576476158034 ], [ 34.847967585003062, 46.15634492999925, 0.969476476158206 ], [ 34.848478855214125, 46.159239427606735, 0.977176476158093 ], [ 34.848613199084866, 46.159999999999854, 0.979176476158045 ], [ 34.84961087100055, 46.165648205000252, 0.994176476158145 ], [ 34.850000000000364, 46.167415473319124, 0.999976476158054 ], [ 34.850569078433182, 46.17, 1.005676476158214 ], [ 34.85061053100253, 46.170188261003204, 1.006076476158114 ], [ 34.851774107999518, 46.174629200002528, 1.017776476158133 ], [ 34.852998303837012, 46.178500848081967, 1.029976476158026 ], [ 34.853140147000886, 46.178949442002704, 1.03137647615813 ], [ 34.853545639483855, 46.180000000000291, 1.035476476158237 ], [ 34.85439354596565, 46.182196772982934, 1.021976476158216 ], [ 34.854751632999978, 46.183124512001086, 1.023776476158218 ], [ 34.856656657000713, 46.187126617001923, 1.033276476158107 ], [ 34.858414469397758, 46.190000000000509, 1.042076476158172 ], [ 34.859912043999429, 46.192447989000357, 1.049576476158109 ], [ 34.863136762332942, 46.196568381166799, 1.06567647615816 ], [ 34.863763605000713, 46.197369331001028, 1.063976476158132 ], [ 34.866227895010525, 46.200000000002547, 1.062276476158104 ], [ 34.866625475002365, 46.200424423001095, 1.061976476158179 ], [ 34.86754749328793, 46.201226253358982, 1.063176476158105 ], [ 34.8700000000008, 46.203359068253121, 1.066376476158212 ], [ 34.87298832399938, 46.205957854999724, 1.055376476158244 ], [ 34.875149745064846, 46.207425127469833, 1.051476476158086 ], [ 34.878572912999516, 46.209748932000366, 1.045376476158026 ], [ 34.879030229956697, 46.210000000000946, 1.045176476158076 ], [ 34.884567658002197, 46.213040060001731, 1.042476476158072 ], [ 34.890000000001237, 46.215443477818553, 1.045576476158203 ], [ 34.890906038001049, 46.215844333999485, 1.046076476158078 ], [ 34.895226808117513, 46.217386595941207, 1.052276476158113 ], [ 34.896822196000358, 46.21795605600164, 1.040876476158246 ], [ 34.904010999949605, 46.220000000002983, 0.999976476158054 ], [ 34.90915265500189, 46.221461892000661, 0.970776476158107 ], [ 34.910000000001673, 46.221670328504842, 0.966576476158025 ], [ 34.921165962572559, 46.22441701871503, 0.967476476158026 ], [ 34.922281754999858, 46.224691490002442, 0.967576476158229 ], [ 34.93000000000211, 46.226469240669758, 0.970576476158158 ], [ 34.935640277002676, 46.227768370999911, 0.972876476158035 ], [ 34.94582938415806, 46.229999999999563, 0.979176476158045 ], [ 34.950000000002547, 46.230913452682216, 0.981776476158075 ], [ 34.962635362000583, 46.2336808630007, 0.989576476158163 ], [ 34.962637423359411, 46.233681288322259, 0.989576476158163 ], [ 34.969999999999345, 46.235200404835268, 0.995976476158148 ], [ 34.987708296390338, 46.23885414819415, 1.011476476158123 ], [ 34.989999999999782, 46.239326994180374, 1.006776476158166 ], [ 34.993261801764675, 46.24000000000342, 0.999976476158054 ], [ 35.002697628002352, 46.241946889000246, 0.961076476158041 ], [ 35.005042986000262, 46.24247850699976, 0.950476476158201 ], [ 35.009165219000351, 46.243412886000442, 0.93177647615812 ], [ 35.010000000000218, 46.243637072224374, 0.927276476158113 ], [ 35.023474293000618, 46.247255686999779, 0.989676476158138 ], [ 35.026024473794678, 46.248012236897921, 0.999976476158054 ], [ 35.030000000000655, 46.249191637178228, 1.008076476158067 ], [ 35.032724831964515, 46.25, 1.01357647615805 ], [ 35.043567007583988, 46.253216496208552, 1.003476476158085 ], [ 35.043692512001144, 46.253253729002608, 1.002376476158133 ], [ 35.050000000001091, 46.255284152341119, 0.941476476158186 ], [ 35.056651250002687, 46.257425235002302, 0.943776476158064 ], [ 35.063223986999219, 46.259788528999707, 0.938576476158232 ], [ 35.063745855604793, 46.260000000000218, 0.937476476158054 ], [ 35.070000000001528, 46.262534297260572, 0.949276476158047 ], [ 35.07600628200089, 46.264968155999668, 0.930676476158169 ], [ 35.078108919176884, 46.265945540413668, 0.921676476158154 ], [ 35.082177882999531, 46.267836947001342, 0.943376476158164 ], [ 35.086323716594052, 46.270000000000437, 0.963276476158171 ], [ 35.090000000001965, 46.271918069227468, 0.961676476158118 ], [ 35.090455342002315, 46.272155639999255, 0.961476476158168 ], [ 35.096898596999381, 46.275777752001886, 0.95347647615813 ], [ 35.103808492114695, 46.280000000000655, 0.93807647615813 ], [ 35.106594839666286, 46.281702580166893, 0.931876476158095 ], [ 35.109493794001537, 46.28347396800018, 0.92547647615811 ], [ 35.110000000002401, 46.283812372486864, 0.923776476158082 ], [ 35.116308843002116, 46.288029905999792, 0.934076476158225 ], [ 35.119081893433759, 46.290000000002692, 0.936276476158127 ], [ 35.1299999999992, 46.297756691337781, 1.02247647615809 ], [ 35.131853295726614, 46.299073352140113, 1.00927647615822 ], [ 35.132280003999767, 46.299376504000975, 1.011376476158148 ], [ 35.133218016073442, 46.299999999999272, 1.016076476158105 ], [ 35.140422443631905, 46.304788778186776, 1.004176476158136 ], [ 35.140893350999249, 46.305101789999753, 1.008976476158068 ], [ 35.148371328999929, 46.309470057001818, 1.083676476158189 ], [ 35.149576379761129, 46.31000000000131, 1.095776476158107 ], [ 35.149801765255688, 46.310099117374193, 1.096976476158034 ], [ 35.149999999999636, 46.310186294707819, 1.098176476158187 ], [ 35.153092962411392, 46.311546481205369, 1.08457647615819 ], [ 35.155864538000969, 46.312765332000708, 1.07237647615807 ], [ 35.161315809000371, 46.314348678000897, 1.056476476158196 ], [ 35.166826368002148, 46.315317616003085, 1.046776476158129 ], [ 35.17, 46.315541683665288, 1.044576476158227 ], [ 35.172311680000348, 46.315704894999726, 1.042976476158174 ], [ 35.17768187799993, 46.31551992400091, 1.044776476158177 ], [ 35.180266661835049, 46.31513333091425, 1.048676476158107 ], [ 35.182838741002342, 46.314748638003948, 1.052476476158063 ], [ 35.187672364001628, 46.31335302700063, 1.066476476158186 ], [ 35.190000000000509, 46.312233582802946, 1.077676476158103 ], [ 35.192546893000326, 46.311008689999653, 1.077176476158229 ], [ 35.193887128825736, 46.31000000000131, 1.080576476158058 ], [ 35.196703928000716, 46.307880017004209, 1.066476476158186 ], [ 35.199377353515956, 46.304688676758815, 1.053076476158139 ], [ 35.199950610001906, 46.304004365003493, 1.05027647615816 ], [ 35.201522671002749, 46.301000549001401, 1.042376476158097 ], [ 35.201857378146087, 46.299999999999272, 1.040676476158069 ], [ 35.202617178001674, 46.297728710003867, 1.036876476158113 ], [ 35.203134660572687, 46.293432669715912, 1.034376476158059 ], [ 35.203473534000295, 46.290619408002385, 1.032676476158031 ], [ 35.203438306511089, 46.290000000002692, 1.032776476158233 ], [ 35.203261427999678, 46.286889929999234, 1.033676476158234 ], [ 35.20271404509549, 46.283642977452473, 1.036476476158214 ], [ 35.202624237002965, 46.283110255999418, 1.036876476158113 ], [ 35.201693679971868, 46.280000000000655, 1.04157647615807 ], [ 35.201020910000807, 46.2777513609999, 1.044876476158151 ], [ 35.199818359493293, 46.274909179745009, 1.050876476158237 ], [ 35.198757311003646, 46.272401433001505, 1.036476476158214 ], [ 35.19752141875324, 46.270000000000437, 1.024776476158195 ], [ 35.196014847999322, 46.267072618002203, 1.010576476158121 ], [ 35.192950181999549, 46.261774765000155, 0.988276476158035 ], [ 35.192665277943888, 46.261332638974636, 0.986676476158209 ], [ 35.191806531291149, 46.260000000000218, 0.990976476158039 ], [ 35.190000000000509, 46.257196549193395, 0.999976476158054 ], [ 35.188201294002283, 46.254405242001667, 1.008976476158068 ], [ 35.184885747787121, 46.25, 1.025576476158221 ], [ 35.184229463002339, 46.249128019000636, 1.020176476158213 ], [ 35.181349146252614, 46.245674573125143, 0.999976476158054 ], [ 35.17661631746887, 46.24000000000342, 0.966876476158177 ], [ 35.17, 46.232067159189683, 0.999976476158054 ], [ 35.169978198000535, 46.232041019000462, 1.000076476158029 ], [ 35.168137574755747, 46.229999999999563, 1.00927647615822 ], [ 35.166608173200075, 46.228304086604112, 0.999976476158054 ], [ 35.159119416437534, 46.220000000002983, 0.954376476158131 ], [ 35.156601828002749, 46.217208312002185, 0.966976476158152 ], [ 35.150846812000964, 46.210517270001219, 0.995776476158198 ], [ 35.150683286708954, 46.210341643356514, 0.996576476158225 ], [ 35.150365183904796, 46.210000000000946, 0.998176476158051 ], [ 35.149999999999636, 46.209607791410235, 0.999976476158054 ], [ 35.144828282000162, 46.204053351000766, 1.025876476158146 ], [ 35.143788425546518, 46.203105787228196, 1.031076476158205 ], [ 35.141126967000673, 46.200680546999138, 1.04437647615805 ], [ 35.140284195518689, 46.200000000002547, 1.048576476158132 ], [ 35.137175064000985, 46.197489342999688, 1.038976476158041 ], [ 35.136297543991532, 46.196851228003652, 1.036976476158088 ], [ 35.133009650999156, 46.194460337999772, 1.029576476158127 ], [ 35.1299999999992, 46.192465069338141, 1.02467647615822 ], [ 35.128662389000965, 46.191578291000042, 1.02247647615809 ], [ 35.126041170207827, 46.190000000000509, 1.019776476158086 ], [ 35.122628760000225, 46.187945316001787, 1.016276476158055 ], [ 35.116370291003477, 46.184538185001657, 1.01357647615805 ], [ 35.110000000002401, 46.181389504054096, 1.013876476158202 ], [ 35.109926199000256, 46.181353026000579, 1.013876476158202 ], [ 35.106903744479496, 46.180000000000291, 1.015476476158028 ], [ 35.103325101999872, 46.1783979920001, 1.017376476158233 ], [ 35.096586322000803, 46.175693546003458, 1.023976476158168 ], [ 35.090000000001965, 46.173371407892773, 1.033676476158234 ], [ 35.089720952000789, 46.173273024000082, 1.032776476158233 ], [ 35.085834433983109, 46.17208278301041, 1.020876476158037 ], [ 35.083482044999982, 46.171362367000256, 1.01357647615805 ], [ 35.078438377040584, 46.17, 0.999976476158054 ], [ 35.070000000001528, 46.167720673427539, 0.977176476158093 ], [ 35.063734322002347, 46.16602822400273, 0.991576476158116 ], [ 35.060326008631819, 46.165163004316128, 0.999976476158054 ], [ 35.050000000001091, 46.162541688441706, 1.025376476158044 ], [ 35.049454002999482, 46.162403084003017, 1.024076476158143 ], [ 35.038575618842515, 46.159999999999854, 0.999976476158054 ], [ 35.030000000000655, 46.158105607217294, 0.962076476158245 ], [ 35.023535984000773, 46.156677677001426, 0.965876476158201 ], [ 35.023150542607254, 46.156575271303154, 0.965776476158226 ], [ 35.010553512000115, 46.153228438999577, 0.961776476158093 ], [ 35.010000000000218, 46.153056235451004, 0.961076476158041 ], [ 35.004228241001329, 46.151260579001246, 0.954076476158207 ], [ 35.000656497608361, 46.149999999999636, 0.946676476158245 ], [ 34.998066489999474, 46.149085906003165, 0.950576476158176 ], [ 34.992121303001113, 46.146657567000148, 0.955976476158185 ], [ 34.989999999999782, 46.145628278090953, 0.956276476158109 ], [ 34.985990391000087, 46.143682754001929, 0.956876476158186 ], [ 34.980267147999257, 46.140339649000452, 0.952076476158027 ], [ 34.979819430305724, 46.139999999999418, 0.950876476158101 ], [ 34.975078692999887, 46.136403566999434, 0.974576476158063 ], [ 34.969999999999345, 46.130532168606805, 0.999976476158054 ], [ 34.969678658548219, 46.130160670725672, 1.001576476158107 ], [ 34.96953968019443, 46.130000000002838, 1.002276476158158 ], [ 34.96926863599947, 46.129686650001531, 1.000476476158155 ], [ 34.96657733900247, 46.12544500399963, 0.971576476158134 ], [ 34.96511069301414, 46.122444653492494, 0.948876476158148 ], [ 34.964379180999458, 46.1209481829992, 0.937576476158029 ], [ 34.964060901969788, 46.1200000000008, 0.929676476158193 ], [ 34.96279861900075, 46.116239540999231, 0.898376476158091 ], [ 34.962376290024622, 46.113811854987944, 0.876276476158182 ], [ 34.961950940001771, 46.111366802999328, 0.880476476158037 ], [ 34.962023175114155, 46.110000000002401, 0.879776476158213 ], [ 34.962349508969055, 46.103825245518237, 0.814776476158158 ], [ 34.962419232002503, 46.102505975000895, 0.813676476158207 ], [ 34.963065525020284, 46.100000000000364, 0.803976476158141 ], [ 34.963526009001725, 46.098214492003535, 0.814976476158108 ], [ 34.964006526759476, 46.09700326337952, 0.819876476158242 ], [ 34.965137526000035, 46.094152383000619, 0.831376476158084 ], [ 34.967645679946145, 46.090000000001965, 0.835276476158242 ], [ 34.968191785637828, 46.089095892817568, 0.836176476158244 ], [ 34.96904003900454, 46.087691564001943, 0.874076476158052 ], [ 34.969999999999345, 46.086495219255085, 0.905176476158204 ], [ 34.970523500000127, 46.085842811002294, 0.919476476158025 ], [ 34.973589778002861, 46.082682174999718, 0.983676476158053 ], [ 34.976125500999842, 46.080615946999387, 1.020276476158188 ], [ 34.977061872530612, 46.08, 1.029376476158177 ], [ 34.978426528001364, 46.079102326999418, 1.02467647615822 ], [ 34.980378291002125, 46.078117344002749, 1.015076476158129 ], [ 34.9817020160026, 46.077763966999555, 1.005376476158062 ], [ 34.98212382300153, 46.077876175999336, 0.999976476158054 ], [ 34.982106966999709, 46.077826238999478, 1.000676476158105 ], [ 34.982194176000121, 46.07780582399937, 0.999976476158054 ], [ 34.983104746999743, 46.076962425000602, 0.999376476158204 ], [ 34.983490023090781, 46.076745011545427, 0.997676476158176 ], [ 34.983751728001153, 46.076597330000368, 0.999276476158229 ], [ 34.98878767899987, 46.075295245000234, 1.000176476158231 ], [ 34.989999999999782, 46.075134726506803, 0.997276476158049 ], [ 34.990225175000887, 46.075104912000825, 0.999076476158052 ], [ 34.992021421001482, 46.075505355000132, 0.999976476158054 ], [ 35.000010613000995, 46.073635157999888, 1.077376476158179 ], [ 35.001662971528276, 46.07416851423659, 1.074976476158099 ], [ 35.010000000000218, 46.076859580396558, 0.994176476158145 ], [ 35.019729143048608, 46.08, 0.997276476158049 ], [ 35.028572714696566, 46.082854570609925, 1.064276476158057 ], [ 35.030000000000655, 46.083315276624489, 1.060176476158176 ], [ 35.038584832002016, 46.086086330000398, 1.121376476158048 ], [ 35.049158888677994, 46.091682222646341, 1.170576476158203 ], [ 35.062266472001284, 46.098618882000665, 1.23147647615815 ], [ 35.069635887692129, 46.099817943844755, 1.298176476158233 ], [ 35.070000000001528, 46.099877187778475, 1.301276476158137 ], [ 35.070754802025476, 46.100000000000364, 1.303776476158191 ], [ 35.090000000001965, 46.103131344949361, 1.368676476158043 ], [ 35.096527539999443, 46.104193427001519, 1.423376476158182 ], [ 35.109343544772855, 46.11164113806808, 1.476976476158143 ], [ 35.110000000002401, 46.11202262113693, 1.467676476158204 ], [ 35.111054066570432, 46.112635166417022, 1.452576476158129 ], [ 35.121104363002814, 46.118475653001951, 1.347476476158135 ], [ 35.1299999999992, 46.12061060589258, 1.308976476158023 ], [ 35.14758455093579, 46.124830898130313, 1.391276476158055 ], [ 35.157119218312801, 46.127119218310327, 1.464376476158122 ], [ 35.161794466999709, 46.128241278000132, 1.5120764761582 ], [ 35.17, 46.13440997644102, 1.511776476158047 ], [ 35.177435786208662, 46.139999999999418, 1.511576476158098 ], [ 35.184743686002548, 46.145493882000665, 1.511276476158173 ], [ 35.188614195156333, 46.149307097579367, 1.493076476158194 ], [ 35.189729442452517, 46.150405836322534, 1.489176476158036 ], [ 35.190000000000509, 46.150672388917883, 1.486576476158234 ], [ 35.209483268999975, 46.16986725499919, 1.200076476158074 ], [ 35.209760869302045, 46.170239130697155, 1.193976476158241 ], [ 35.219084330301484, 46.182728917427085, 0.990876476158064 ], [ 35.22056775330384, 46.184716123347243, 1.029276476158202 ], [ 35.225480882820193, 46.191297792947807, 1.032176476158156 ], [ 35.242311511308799, 46.213844244348365, 1.123076476158076 ], [ 35.245036005002476, 46.217493999001817, 0.999976476158054 ], [ 35.245828946002803, 46.217336232000889, 1.00077647615808 ], [ 35.247788299000604, 46.217460240000946, 0.987276476158058 ], [ 35.250000000001819, 46.218065982930057, 0.957976476158137 ], [ 35.250269380001555, 46.218139761000202, 0.961176476158244 ], [ 35.25294911400124, 46.219350580002356, 0.978476476158221 ], [ 35.253982555403127, 46.220000000002983, 0.979676476158147 ], [ 35.255674688, 46.221063345001312, 0.992276476158167 ], [ 35.256928221002454, 46.222049991001768, 0.997576476158201 ], [ 35.260026351999841, 46.224961826999788, 1.001276476158182 ], [ 35.260126919827599, 46.225063459913144, 1.001276476158182 ], [ 35.270000000002256, 46.235041103163894, 0.999176476158027 ], [ 35.271628013000736, 46.23668635800459, 0.998876476158102 ], [ 35.273137707006754, 46.238431146499352, 0.994176476158145 ], [ 35.274495171675881, 46.24000000000342, 0.989876476158088 ], [ 35.274689829000636, 46.240224970000781, 0.991576476158116 ], [ 35.277280261447231, 46.243640130725908, 1.009176476158245 ], [ 35.287328702001105, 46.256887741001265, 0.995476476158046 ], [ 35.287910972558166, 46.25791097255933, 0.989576476158163 ], [ 35.28921185809304, 46.260197035478996, 0.99407647615817 ], [ 35.289514309044534, 46.260728536433817, 0.990276476158215 ], [ 35.290023942001426, 46.26162412100166, 0.993876476158221 ], [ 35.291309234002256, 46.264778062002733, 0.999176476158027 ], [ 35.292328232999353, 46.268148819000999, 0.999976476158054 ], [ 35.30401117812653, 46.28149720546935, 1.110176476158131 ], [ 35.304922689216255, 46.282538655392273, 1.123876476158102 ], [ 35.305593385126485, 46.283304961156318, 1.133876476158093 ], [ 35.327805161001379, 46.308683097002358, 0.999976476158054 ], [ 35.329814335398623, 46.31000000000131, 0.998776476158127 ], [ 35.329851975184283, 46.310024670803614, 0.998776476158127 ], [ 35.33, 46.31012169290625, 0.996376476158048 ], [ 35.347204029430941, 46.32139798528442, 1.002176476158184 ], [ 35.350000000000364, 46.323230589776358, 1.003076476158185 ], [ 35.353436320001492, 46.325482908001504, 1.004276476158111 ], [ 35.356666102001327, 46.327805147004256, 0.999176476158027 ], [ 35.359086429261879, 46.330000000003565, 0.981776476158075 ], [ 35.359554671000296, 46.330424621002749, 0.986876476158159 ], [ 35.361642887000926, 46.333368453997537, 0.999176476158027 ], [ 35.363224453960356, 46.336612226979923, 0.998376476158228 ], [ 35.363774241999636, 46.33773983500032, 0.998076476158076 ], [ 35.364530830209333, 46.340000000000146, 0.990576476158139 ], [ 35.364543155003048, 46.340036817999135, 0.990876476158064 ], [ 35.3654657770021, 46.344875496000896, 1.00927647615822 ], [ 35.366206786002294, 46.347753920001196, 1.024176476158118 ], [ 35.366378061582509, 46.34818903078849, 1.027576476158174 ], [ 35.367569326659577, 46.351215336671885, 0.9662764761581 ], [ 35.368266494002455, 46.352986430001692, 0.983476476158103 ], [ 35.369194529999731, 46.355972653000208, 0.999976476158054 ], [ 35.3700000000008, 46.356892945268555, 1.031076476158205 ], [ 35.37271939628954, 46.360000000002401, 1.054376476158041 ], [ 35.374835483014976, 46.36241774150767, 1.096676476158109 ], [ 35.380137566000485, 46.368475653001951, 1.134576476158145 ], [ 35.390000000001237, 46.375185341808901, 1.296276476158027 ], [ 35.395030143999975, 46.378607489003116, 1.303276476158089 ], [ 35.39790198933224, 46.380000000001019, 1.318576476158114 ], [ 35.410000000001673, 46.385866128210182, 1.441376476158212 ], [ 35.414197319725645, 46.387901340140161, 1.462976476158019 ], [ 35.418525491306355, 46.390000000001237, 1.485276476158106 ], [ 35.424350802793924, 46.392824598606239, 1.486976476158134 ], [ 35.43000000000211, 46.395563802263496, 1.488676476158162 ], [ 35.430023634000463, 46.395575262004058, 1.488776476158137 ], [ 35.436591604007845, 46.400000000003274, 1.465876476158201 ], [ 35.445485873002326, 46.405991929002994, 1.494976476158172 ], [ 35.449124838438365, 46.409562419221402, 1.495576476158021 ], [ 35.449570811188096, 46.409999999999854, 1.495676476158224 ], [ 35.450000000002547, 46.410421112674157, 1.495776476158198 ], [ 35.456467052865264, 46.416766473565076, 1.496976476158125 ], [ 35.459762592192419, 46.420000000001892, 1.448776476158173 ], [ 35.463218414108269, 46.423390792948339, 1.398276476158117 ], [ 35.469954373198561, 46.43000000000211, 1.299776476158058 ], [ 35.469999999999345, 46.430044768236257, 1.299076476158234 ], [ 35.475759311002548, 46.435695705004036, 1.214876476158224 ], [ 35.482708021681901, 46.440000000004147, 1.163576476158141 ], [ 35.491307586360563, 46.445326896588085, 1.09997647615819 ], [ 35.497513820666427, 46.449171273552565, 1.054176476158091 ], [ 35.510508659999687, 46.457220770003914, 0.975976476158166 ], [ 35.517154214856419, 46.459541221958716, 0.963276476158171 ], [ 35.553173659000095, 46.472118259000126, 1.098076476158212 ], [ 35.556697109655943, 46.473348554829499, 1.111276476158082 ], [ 35.605676069058973, 46.49045071270848, 1.647776476158242 ], [ 35.614891182114661, 46.493668386588979, 1.675576476158085 ], [ 35.62299848459952, 46.496499242299251, 1.634976476158045 ], [ 35.628672722001284, 46.498480536003626, 1.63227647615804 ], [ 35.630000000002838, 46.499326220589865, 1.620176476158122 ], [ 35.630592512163275, 46.499703743918872, 1.611876476158159 ], [ 35.631057477687136, 46.500000000001819, 1.615876476158064 ], [ 35.634912464985973, 46.502456232496115, 1.624576476158154 ], [ 35.650000000003274, 46.512069362417606, 1.658576476158032 ], [ 35.661306186000729, 46.519273178999356, 1.6841764761582 ], [ 35.662205973139862, 46.520000000000437, 1.683076476158021 ], [ 35.67, 46.526295780586224, 1.611176476158107 ], [ 35.672832470230787, 46.528583764884388, 1.556676476158145 ], [ 35.674585735674555, 46.530000000002474, 1.568776476158064 ], [ 35.682035676562009, 46.536017838283442, 1.560176476158176 ], [ 35.690000000000509, 46.542451179322597, 1.526476476158223 ], [ 35.69934526074212, 46.549999999999272, 1.440176476158058 ], [ 35.709999999999127, 46.558606578058971, 1.42787647615819 ], [ 35.711725023276813, 46.56000000000131, 1.425876476158237 ], [ 35.714527479052776, 46.562263739524496, 1.422676476158131 ], [ 35.729999999999563, 46.574761976795344, 1.357176476158202 ], [ 35.734005309388522, 46.577997345304539, 1.280076476158229 ], [ 35.736484548344379, 46.580000000003565, 1.264876476158179 ], [ 35.741953971999465, 46.584418036001807, 1.231176476158225 ], [ 35.75, 46.589057389126538, 1.21887647615813 ], [ 35.751634769607335, 46.590000000000146, 1.216376476158075 ], [ 35.762305357860896, 46.596152678930594, 1.199976476158099 ], [ 35.768027525869911, 46.599452090520572, 1.196376476158093 ], [ 35.771169466999709, 46.601263738999478, 1.164876476158042 ], [ 35.827159050002592, 46.623358466002173, 1.008876476158093 ], [ 35.830349391000709, 46.624617168998157, 0.999976476158054 ], [ 35.834662092085637, 46.625864836832989, 1.005976476158139 ], [ 35.837516575000336, 46.626690641000096, 1.003776476158237 ], [ 35.853144714956215, 46.631572357477125, 0.984276476158129 ], [ 35.870000000004438, 46.636837393687529, 0.963276476158171 ], [ 35.878526879001583, 46.639500909999697, 0.995276476158097 ], [ 35.880248108927844, 46.640000000003056, 1.002476476158108 ], [ 35.888576249000835, 46.642414838001059, 1.013276476158126 ], [ 35.898621299000297, 46.645114865001233, 1.032776476158233 ], [ 35.901719769262854, 46.645859884632955, 1.041376476158121 ], [ 35.908388992000255, 46.647463482999228, 1.042676476158022 ], [ 35.909999999999854, 46.647787943060393, 1.044276476158075 ], [ 35.918770403999588, 46.649554319001254, 1.052776476158215 ], [ 35.921645628030092, 46.650000000003274, 1.058276476158198 ], [ 35.928038239000671, 46.650990902000558, 1.050576476158085 ], [ 35.93306344253142, 46.651531721268839, 1.054076476158116 ], [ 35.943490208001094, 46.652653864000968, 1.020376476158162 ], [ 35.950000000000728, 46.653139408894276, 1.005776476158189 ], [ 35.956740050001827, 46.653642127999774, 0.990776476158089 ], [ 35.962031635781386, 46.653984182110435, 0.980476476158174 ], [ 35.970000000001164, 46.654499266220228, 0.964976476158199 ], [ 35.980334614907406, 46.655167307455486, 0.9966764761582 ], [ 35.990000000001601, 46.655792088917224, 0.984176476158154 ], [ 35.997452363677439, 46.656273818165573, 0.974476476158088 ], [ 36.005032488001234, 46.656763806000527, 0.964676476158047 ], [ 36.010000000002037, 46.657152323583432, 0.956976476158161 ], [ 36.026957140955346, 46.658478570474472, 1.015176476158103 ], [ 36.030000000002474, 46.658716557671141, 1.025676476158196 ], [ 36.030536906000634, 46.658758550001949, 1.02487647615817 ], [ 36.032295306036758, 46.658852346979984, 1.022976476158192 ], [ 36.040528033001465, 46.659291498999664, 1.059676476158074 ], [ 36.049999999999272, 46.659588208167406, 1.10407647615807 ], [ 36.050545916999909, 46.659605309001563, 1.101176476158116 ], [ 36.069334668805823, 46.65966733440473, 1.006676476158191 ], [ 36.069999999999709, 46.659669530798055, 1.006576476158216 ], [ 36.070632863002174, 46.659671620000154, 1.00337647615811 ], [ 36.070657986620063, 46.659671006691497, 1.003276476158135 ], [ 36.080686691000665, 46.659426189002261, 1.005776476158189 ], [ 36.090000000000146, 46.658999935048996, 1.009976476158045 ], [ 36.090734899000381, 46.658966300001339, 1.010376476158171 ], [ 36.092277796882627, 46.658861101559523, 1.011376476158148 ], [ 36.118317510999987, 46.657085652001115, 0.916676476158045 ], [ 36.12368027825687, 46.656840139126871, 0.894776476158086 ], [ 36.125013039001715, 46.656779124001332, 0.896576476158089 ], [ 36.130000000001019, 46.656656238526921, 0.900276476158069 ], [ 36.137034186747769, 46.656482906628298, 0.905476476158128 ], [ 36.138379755002461, 46.65644975000032, 0.91287647615809 ], [ 36.150000000001455, 46.656335896623204, 0.973276476158162 ], [ 36.158574805000171, 46.656251881999196, 1.017876476158108 ], [ 36.162198565785729, 46.656099282894502, 1.038976476158041 ], [ 36.16524142399976, 46.65597114600132, 1.040276476158169 ], [ 36.170000000001892, 46.655547719721653, 1.044476476158025 ], [ 36.171807413000352, 46.655386893000468, 1.046176476158053 ], [ 36.178242183001203, 46.654391908001344, 1.056076476158069 ], [ 36.183666270093454, 46.653166864953164, 1.068376476158164 ], [ 36.18450619900068, 46.652977165000266, 1.067876476158062 ], [ 36.190000000002328, 46.651311957548387, 1.073776476158173 ], [ 36.190549165001357, 46.651145502000873, 1.074376476158022 ], [ 36.191524535330245, 46.650762267665414, 1.077176476158229 ], [ 36.193464584002868, 46.650000000003274, 1.065376476158235 ], [ 36.196307885003989, 46.648882834000688, 1.04807647615803 ], [ 36.200058935002744, 46.647074585001974, 1.028676476158125 ], [ 36.201997018453767, 46.645998509227866, 1.020076476158238 ], [ 36.203639256002134, 46.645086695003556, 1.030076476158229 ], [ 36.208526640002674, 46.641909300004045, 1.069176476158191 ], [ 36.209999999999127, 46.640714998056865, 1.085676476158142 ], [ 36.210545551210089, 46.640272775604899, 1.091776476158202 ], [ 36.21088206298009, 46.640000000003056, 1.091176476158125 ], [ 36.212916218002647, 46.638351119001527, 1.08737647615817 ], [ 36.215568715002519, 46.635654616000465, 1.087776476158069 ], [ 36.217212058616497, 46.633606029310613, 1.091776476158202 ], [ 36.217891889000384, 46.632758555002511, 1.09347647615823 ], [ 36.219426673877024, 46.630000000001019, 1.105776476158098 ], [ 36.221412790002432, 46.626430242002243, 1.085876476158091 ], [ 36.222037830859335, 46.623981084572733, 1.079576476158081 ], [ 36.223053829455239, 46.620000000004438, 1.069476476158115 ], [ 36.223291160000372, 46.619070045000626, 1.067076476158036 ], [ 36.223439203953603, 46.616719601972363, 1.065576476158185 ], [ 36.223532535999766, 46.615237801001058, 1.064676476158184 ], [ 36.223322453000947, 46.611362682999243, 1.066776476158111 ], [ 36.223089008757597, 46.610000000002401, 1.069076476158216 ], [ 36.222658471002433, 46.607486824001171, 1.073376476158046 ], [ 36.222258251069434, 46.606129125535517, 1.077376476158179 ], [ 36.221527993000564, 46.603651812001772, 1.084676476158165 ], [ 36.219767761000185, 46.600000000002183, 1.102276476158067 ], [ 36.218145790002382, 46.596635027002776, 1.118576476158069 ], [ 36.215344263349834, 46.59267213167368, 1.146576476158089 ], [ 36.213409659001627, 46.589935539999715, 1.130476476158037 ], [ 36.209999999999127, 46.586210095769275, 1.124176476158027 ], [ 36.207603725002627, 46.583591889999298, 1.083776476158164 ], [ 36.205899782889901, 46.582050108558178, 1.061476476158077 ], [ 36.203634049104949, 46.580000000003565, 1.063676476158207 ], [ 36.20198659199923, 46.578509328001019, 1.065276476158033 ], [ 36.195882152000195, 46.5736892990044, 1.07807647615823 ], [ 36.192272164706083, 46.571136082355224, 1.088676476158071 ], [ 36.190000000002328, 46.56952906042352, 1.085876476158091 ], [ 36.189403319000121, 46.569107048999285, 1.079176476158182 ], [ 36.175046607879267, 46.56000000000131, 0.9495764761582 ], [ 36.170000000001892, 46.55679873023837, 0.935976476158203 ], [ 36.164177099000881, 46.553105025997866, 0.949476476158225 ], [ 36.15950725600851, 46.549999999999272, 0.957376476158061 ], [ 36.157082951001939, 46.548388054998213, 0.945376476158117 ], [ 36.150856181000563, 46.544073481003579, 0.909376476158059 ], [ 36.150000000001455, 46.543430148743937, 0.902876476158099 ], [ 36.145434974490854, 46.540000000002692, 0.891276476158055 ], [ 36.141228788001172, 46.536839481999777, 0.943776476158064 ], [ 36.139390760648894, 46.535304619679664, 0.965276476158124 ], [ 36.134116475001065, 46.53090027700091, 0.956276476158109 ], [ 36.133138158624206, 46.530000000002474, 0.952976476158028 ], [ 36.130000000001019, 46.527112169334941, 0.971076476158032 ], [ 36.126457741002014, 46.523852472999351, 0.991676476158091 ], [ 36.122729442373384, 46.520000000000437, 1.009076476158043 ], [ 36.118168671002422, 46.515287328002159, 0.936076476158178 ], [ 36.116466557628883, 46.513233278818007, 0.899976476158145 ], [ 36.114297190000798, 46.51061536400266, 0.853976476158095 ], [ 36.113879013393671, 46.510000000003856, 0.841776476158202 ], [ 36.111733612000535, 46.506842954004242, 0.810876476158228 ], [ 36.110000000000582, 46.503341432198795, 0.766876476158131 ], [ 36.109531985999638, 46.502396145002422, 0.75727647615804 ], [ 36.109040539331545, 46.500479730339066, 0.728776476158146 ], [ 36.108917516958172, 46.500000000001819, 0.721676476158109 ], [ 36.10840188399925, 46.497989270001199, 0.731976476158025 ], [ 36.108300092002537, 46.496453646002919, 0.733976476158205 ], [ 36.109058620000724, 46.491673275004359, 0.71887647615813 ], [ 36.109953094341108, 46.490023452830428, 0.700976476158075 ], [ 36.109965809624555, 46.490000000001601, 0.700876476158101 ], [ 36.110000000000582, 46.489936937214225, 0.701276476158228 ], [ 36.11152433999996, 46.48712535300001, 0.742276476158167 ], [ 36.113327435001338, 46.48512167300396, 0.764276476158102 ], [ 36.115719361001538, 46.483165278999877, 0.779476476158152 ], [ 36.116002572454818, 46.483001286227591, 0.779976476158026 ], [ 36.119323951999831, 46.481078051001532, 0.821076476158169 ], [ 36.122024307580432, 46.479999999999563, 0.839876476158224 ], [ 36.123426853002456, 46.479440068002077, 0.855276476158224 ], [ 36.127090818252327, 46.478545409127037, 0.872776476158151 ], [ 36.12979250200442, 46.477885718000834, 0.865476476158165 ], [ 36.130000000001019, 46.47786337063917, 0.864076476158061 ], [ 36.135228533001282, 46.477300262004064, 0.880976476158139 ], [ 36.135400490051325, 46.477299754977139, 0.880976476158139 ], [ 36.140913985000225, 46.47728349800127, 0.908876476158184 ], [ 36.146943714000372, 46.477850859002501, 0.92767647615824 ], [ 36.150000000001455, 46.478380409760575, 0.932376476158197 ], [ 36.151924394001981, 46.478713842001525, 0.944976476158217 ], [ 36.156944845002727, 46.479882006002299, 0.971776476158084 ], [ 36.157363234327931, 46.479999999999563, 0.973676476158062 ], [ 36.161589068000467, 46.481191768001736, 0.968176476158078 ], [ 36.166223071999411, 46.482717987997603, 0.95347647615813 ], [ 36.170000000001892, 46.484154414332806, 0.933776476158073 ], [ 36.170820472001651, 46.484466453001005, 0.929576476158218 ], [ 36.175354379001874, 46.486449722999168, 0.895576476158112 ], [ 36.176222962012616, 46.486888518997148, 0.886676476158073 ], [ 36.180170113999338, 46.488882565001404, 0.886076476158223 ], [ 36.182090198863079, 46.490000000001601, 0.881376476158039 ], [ 36.184854774999621, 46.491608904998429, 0.890676476158205 ], [ 36.190000000002328, 46.495149558457342, 0.896976476158216 ], [ 36.192206147999968, 46.496667704999709, 0.921776476158129 ], [ 36.193903198274711, 46.498048400866537, 0.936576476158052 ], [ 36.196301961061181, 46.500000000001819, 0.926076476158187 ], [ 36.199739486999533, 46.502796721999403, 0.938876476158157 ], [ 36.201352583006155, 46.504323708497395, 0.940576476158185 ], [ 36.206531239002288, 46.50922592000461, 0.946076476158169 ], [ 36.207244934183109, 46.510000000003856, 0.944876476158242 ], [ 36.209999999999127, 46.512988168333322, 0.970076476158056 ], [ 36.214100154002153, 46.517435231000491, 1.007676476158167 ], [ 36.216289441692425, 46.520000000000437, 1.025776476158171 ], [ 36.218713962001857, 46.522840346004159, 1.017476476158208 ], [ 36.220310060662086, 46.524844969668266, 1.00927647615822 ], [ 36.223389440001483, 46.528712523002469, 0.993576476158069 ], [ 36.224340803413725, 46.530000000002474, 0.986776476158184 ], [ 36.227266034002241, 46.533958705000259, 1.005776476158189 ], [ 36.229999999999563, 46.537899405346252, 1.020976476158239 ], [ 36.231457343585134, 46.540000000002692, 1.029176476158227 ], [ 36.232231385032719, 46.541115692514722, 1.033476476158057 ], [ 36.235339448003288, 46.545595611003591, 1.050876476158237 ], [ 36.238243289441016, 46.549999999999272, 1.064876476158133 ], [ 36.242297051110654, 46.556148525556637, 1.022976476158192 ], [ 36.249827083000127, 46.567569668999568, 0.945176476158167 ], [ 36.25, 46.567847737560442, 0.94307647615824 ], [ 36.251338384927294, 46.570000000003347, 0.926776476158238 ], [ 36.251942292443346, 46.57097114622411, 0.91937647615805 ], [ 36.254635568000595, 46.575302213999748, 0.968776476158155 ], [ 36.258986119999463, 46.582716307002556, 1.051576476158061 ], [ 36.260174605344218, 46.584912697329855, 1.075476476158201 ], [ 36.2627370350001, 46.589648216999194, 1.029176476158227 ], [ 36.264591217972338, 46.593521955070173, 0.991776476158066 ], [ 36.266700610000044, 46.597928872999546, 0.997676476158176 ], [ 36.269153491002726, 46.603830425003252, 1.001676476158082 ], [ 36.270581724000294, 46.607794293000552, 1.001976476158234 ], [ 36.270882616003291, 46.609167417002027, 0.999976476158054 ], [ 36.270843946000241, 46.607407945004525, 1.006176476158089 ], [ 36.278330925000773, 46.607407945004525, 1.085776476158117 ], [ 36.279915595659986, 46.615042202172845, 1.073976476158123 ], [ 36.281391431863085, 46.622152142032064, 1.013876476158202 ], [ 36.281796154926269, 46.624101922538102, 1.017976476158083 ], [ 36.284353061000729, 46.636419989003116, 0.952876476158053 ], [ 36.287352357265263, 46.640000000003056, 0.948976476158123 ], [ 36.297248416110961, 46.651812104028068, 0.936276476158127 ], [ 36.301740608170803, 46.657174060816033, 1.015176476158103 ], [ 36.303477409999687, 46.65924713700042, 1.02467647615822 ], [ 36.322584053756145, 46.67314601344151, 1.108576476158078 ], [ 36.327608899564439, 46.676801271369186, 1.135976476158021 ], [ 36.354001822421196, 46.696000455609465, 1.069976476158217 ], [ 36.354881436374853, 46.696640319198195, 1.083176476158087 ], [ 36.363198593999186, 46.702690526004517, 0.999976476158054 ], [ 36.378583859001083, 46.706898796001042, 0.999776476158104 ], [ 36.385935308999251, 46.708588207999128, 1.006676476158191 ], [ 36.387643911642954, 46.708821955820895, 1.011776476158047 ], [ 36.389999999999418, 46.709144283851856, 1.017076476158081 ], [ 36.392324753001958, 46.709462324999549, 1.010776476158071 ], [ 36.403923513813425, 46.710000000002765, 0.999976476158054 ], [ 36.405590258000302, 46.710077264002393, 0.998476476158203 ], [ 36.409962985002494, 46.710507802999928, 0.989876476158088 ], [ 36.409999999999854, 46.710514897782559, 0.989676476158138 ], [ 36.414381366999805, 46.711354688004576, 0.994776476158222 ], [ 36.418669366001268, 46.712604104002821, 0.991276476158191 ], [ 36.420741084999463, 46.713396004999595, 0.985776476158208 ], [ 36.42196537768541, 46.714017311158386, 0.979476476158197 ], [ 36.424331235999489, 46.715217941004084, 0.991176476158216 ], [ 36.430000000000291, 46.718942477411474, 1.010576476158121 ], [ 36.431609554947499, 46.719999999997526, 1.016076476158105 ], [ 36.432322516999193, 46.720468435998555, 1.013876476158202 ], [ 36.440049425002144, 46.724855579999712, 1.00337647615811 ], [ 36.450000000000728, 46.729887268582388, 1.002276476158158 ], [ 36.450222935589409, 46.729999999999563, 1.002276476158158 ], [ 36.469888581001214, 46.739944289998675, 0.999976476158054 ], [ 36.470000000001164, 46.739959458996964, 1.00077647615808 ], [ 36.470297780988403, 46.740000000001601, 0.999976476158054 ], [ 36.470297780999317, 46.740000000001601, 0.999976476158054 ], [ 36.478789864000646, 46.740007423004499, 0.999876476158079 ], [ 36.490700817043034, 46.740350408525046, 0.992976476158219 ], [ 36.491888958000345, 46.74038462200042, 0.992276476158167 ], [ 36.508585726000092, 46.741335466003875, 0.973276476158162 ], [ 36.510000000002037, 46.741446538777382, 0.971076476158032 ], [ 36.524784641063889, 46.742607679470893, 1.021776476158038 ], [ 36.530000000002474, 46.743017277880426, 1.00947647615817 ], [ 36.542069621587871, 46.74396518921094, 0.981076476158023 ], [ 36.542877990001216, 46.744028676001108, 0.979176476158045 ], [ 36.549999999999272, 46.744877278180866, 0.95367647615808 ], [ 36.554987600000459, 46.745471561001978, 0.960776476158117 ], [ 36.558045783680427, 46.745977108161242, 0.960876476158091 ], [ 36.569902625002214, 46.747937157999331, 0.961376476158193 ], [ 36.569999999999709, 46.747957209476226, 0.961276476158218 ], [ 36.579920304573534, 46.750000000003638, 0.9495764761582 ], [ 36.583026533002339, 46.75063963499997, 0.945976476158194 ], [ 36.586837157174159, 46.751581421416631, 0.936776476158229 ], [ 36.590000000000146, 46.752363110255828, 0.952776476158078 ], [ 36.596067321999726, 46.753862633999233, 0.95307647615823 ], [ 36.600038408929322, 46.754980795540177, 0.950576476158176 ], [ 36.610000000000582, 46.757785737403537, 1.022176476158165 ], [ 36.611372198003664, 46.75817211499816, 1.025176476158094 ], [ 36.617781773000388, 46.759716435999508, 1.04177647615802 ], [ 36.619233149303909, 46.760000000003856, 1.046176476158053 ], [ 36.624278264001987, 46.760985693998009, 1.04177647615802 ], [ 36.630000000001019, 46.761847552068502, 1.044576476158227 ], [ 36.630845980000231, 46.761974980998275, 1.040776476158044 ], [ 36.637380962001771, 46.762668422999923, 1.019976476158035 ], [ 36.643798401428285, 46.763100799285894, 1.006976476158115 ], [ 36.64395715000137, 46.763111495003614, 1.006676476158191 ], [ 36.650000000001455, 46.763311963153683, 1.000676476158105 ], [ 36.650560215999576, 46.763330548003069, 1.000076476158029 ], [ 36.656669237647293, 46.763334618823137, 0.999976476158054 ], [ 36.657176738000999, 46.763334957002371, 0.999976476158054 ], [ 36.663793294999778, 46.76311730800262, 1.006476476158241 ], [ 36.670000000001892, 46.762680710880886, 1.019576476158136 ], [ 36.670395490000374, 46.762652891000471, 1.018476476158185 ], [ 36.677058439001485, 46.761900316001629, 1.007676476158167 ], [ 36.683676508002463, 46.760871106000195, 1.005476476158037 ], [ 36.68805065995366, 46.760000000003856, 1.009776476158095 ], [ 36.689444741408806, 46.759722370707095, 1.008376476158219 ], [ 36.690000000002328, 46.759611791761927, 1.007776476158142 ], [ 36.690231881000727, 46.759565612999722, 1.007576476158192 ], [ 36.691490976580099, 46.759254511713152, 1.007476476158217 ], [ 36.696809675002442, 46.757940351000798, 1.007176476158065 ], [ 36.703273770999658, 46.756005288003507, 1.013476476158075 ], [ 36.709589640002378, 46.753733454997928, 1.027376476158224 ], [ 36.709999999999127, 46.753559283888535, 1.0287764761581 ], [ 36.713850226627983, 46.751925113314428, 1.022976476158192 ], [ 36.714589700000943, 46.751611254998352, 1.021876476158241 ], [ 36.717908352606173, 46.750000000003638, 1.020876476158037 ], [ 36.71945052800038, 46.749251251001624, 1.012976476158201 ], [ 36.723434323001129, 46.74709058800363, 0.994776476158222 ], [ 36.723772825085689, 46.746886412540334, 0.993376476158119 ], [ 36.729056244999811, 46.743699594000645, 1.030776476158053 ], [ 36.729999999999563, 46.743025932037199, 1.039476476158143 ], [ 36.734239126801185, 46.740000000001601, 1.036376476158239 ], [ 36.735485056000471, 46.739110643004096, 1.026576476158198 ], [ 36.73982563500067, 46.735495639000874, 0.997676476158176 ], [ 36.740234814064024, 46.735117407031794, 0.995276476158097 ], [ 36.743654443000196, 46.731956411998908, 1.024376476158068 ], [ 36.745521834363899, 46.729999999999563, 1.044776476158177 ], [ 36.74696857766321, 46.728484288832988, 1.045476476158228 ], [ 36.747224655000537, 46.728216003999478, 1.045576476158203 ], [ 36.749863130000449, 46.725021436999668, 1.051176476158162 ], [ 36.75, 46.724822914275137, 1.051776476158238 ], [ 36.752472722142556, 46.72123636107608, 1.050576476158085 ], [ 36.753325121990201, 46.719999999997526, 1.05007647615821 ], [ 36.753754080000363, 46.719377819003057, 1.043676476158225 ], [ 36.756693549999909, 46.714109446003931, 0.999576476158154 ], [ 36.756993187958869, 46.713496593980381, 0.995076476158147 ], [ 36.758557708002627, 46.71029666800132, 1.011476476158123 ], [ 36.758684762842677, 46.710000000002765, 1.013176476158151 ], [ 36.76021929000126, 46.706416940003692, 1.033676476158234 ], [ 36.760640091608366, 46.70532004580491, 1.040376476158144 ], [ 36.762681021187746, 46.700000000000728, 1.009776476158095 ], [ 36.763858964202882, 46.69692948210286, 0.992076476158218 ], [ 36.76651732195387, 46.690000000004147, 0.952276476158204 ], [ 36.766901622999285, 46.688998251000157, 0.946476476158068 ], [ 36.767118677380495, 46.688559338692357, 0.943176476158214 ], [ 36.769441993001237, 46.683861291001449, 0.908376476158082 ], [ 36.770000000000437, 46.682961394666563, 0.899976476158145 ], [ 36.770830927001953, 46.681621361003636, 0.887576476158074 ], [ 36.771200924100413, 46.681200924102086, 0.881976476158115 ], [ 36.772894609102877, 46.679276347726045, 0.921676476158154 ], [ 36.774328961002539, 46.67764645799798, 0.934976476158226 ], [ 36.778109642000345, 46.675411677997545, 0.965976476158176 ], [ 36.7820560880009, 46.674488566999571, 0.995376476158071 ], [ 36.785730530004003, 46.674712639000063, 1.020676476158087 ], [ 36.788067056575528, 46.675483235860156, 1.035476476158237 ], [ 36.788480122999317, 46.675619466999706, 1.034276476158084 ], [ 36.790660810002009, 46.676755614002104, 1.020376476158162 ], [ 36.792611536002369, 46.678213035002045, 0.999976476158054 ], [ 36.791417021975576, 46.674645744509689, 1.060676476158051 ], [ 36.790293816000485, 46.671291408003526, 1.059476476158125 ], [ 36.78303392061207, 46.660449119086479, 1.030376476158153 ], [ 36.77803945532105, 46.652990136170047, 1.09997647615819 ], [ 36.771657748000507, 46.643459377002728, 1.233476476158103 ], [ 36.758360585849005, 46.647459121231805, 1.22537647615809 ], [ 36.751231316000485, 46.649603583002317, 1.232476476158126 ], [ 36.75, 46.649603583002317, 1.238576476158187 ], [ 36.743825716999709, 46.649603583002317, 1.351776476158193 ], [ 36.743825716999709, 46.642157293999844, 1.45107647615805 ], [ 36.75, 46.641003314625777, 1.353276476158044 ], [ 36.764467062032054, 46.638299406957231, 1.316976476158061 ], [ 36.769297722001284, 46.637396552003338, 1.313376476158055 ], [ 36.788728342995455, 46.65031791425281, 1.09997647615819 ], [ 36.789462556060244, 46.65080616591149, 1.094576476158181 ], [ 36.793473331297719, 46.653473331296482, 1.117376476158142 ], [ 36.793711784999687, 46.653631903000132, 1.120176476158122 ], [ 36.793888611156945, 46.653888611159346, 1.11947647615807 ], [ 36.805723007315464, 46.67106924817017, 1.167876476158199 ], [ 36.807534215187843, 46.673698677221182, 1.126076476158232 ], [ 36.812266471999465, 46.680568752000909, 1.156276476158155 ], [ 36.815776505069152, 46.693555873731384, 1.115576476158139 ], [ 36.816623141708988, 46.696688429150527, 1.132476476158217 ], [ 36.817374650632701, 46.699469012030022, 1.14747647615809 ], [ 36.819590691000485, 46.707668361003016, 1.191776476158111 ], [ 36.824689150334962, 46.719999999997526, 1.2937764761582 ], [ 36.827256398024474, 46.72620939967419, 1.220976476158057 ], [ 36.828823604268109, 46.729999999999563, 1.247076476158099 ], [ 36.829600457000197, 46.731878973001585, 1.241176476158216 ], [ 36.830750152108521, 46.733208307983659, 1.247076476158099 ], [ 36.849131707002016, 46.75446198100326, 1.266076476158105 ], [ 36.855028373853202, 46.764385640195542, 1.231576476158125 ], [ 36.856795173416685, 46.767359034685796, 1.28117647615818 ], [ 36.862478061004367, 46.776922919003482, 1.209176476158063 ], [ 36.858729667672378, 46.786970694865886, 1.017576476158183 ], [ 36.857349171310489, 46.790671191803995, 1.060076476158201 ], [ 36.856231069526984, 46.79366832553751, 1.073376476158046 ], [ 36.855307044001165, 46.79614522711563, 1.065076476158083 ], [ 36.853688998004145, 46.800482488999478, 1.067776476158087 ], [ 36.886241082000197, 46.804022528000132, 1.194276476158166 ], [ 36.933397298138516, 46.835849324534138, 1.430776476158144 ], [ 36.934116155052834, 46.836334497320422, 1.438876476158157 ], [ 36.938812696000241, 46.839504299001419, 1.388476476158075 ], [ 36.959299787389682, 46.84464989369917, 1.45347647615813 ], [ 36.969999999999345, 46.847337388770029, 1.479876476158097 ], [ 36.973806186000729, 46.848293361003016, 1.470276476158233 ], [ 36.978313038072884, 46.850000000002183, 1.441576476158161 ], [ 36.984873894001794, 46.852484442000787, 1.39987647615817 ], [ 36.989999999999782, 46.85541545804881, 1.337576476158119 ], [ 36.994277494111884, 46.857861252947259, 1.30697647615807 ], [ 36.998017986799823, 46.86000000000422, 1.240076476158038 ], [ 37.004247345794283, 46.863561836446024, 1.164376476158168 ], [ 37.006868442205814, 46.865060532662028, 1.233776476158027 ], [ 37.010671372270735, 46.867234980292778, 1.137976476158201 ], [ 37.017751498000507, 46.871283270000276, 1.05937647615815 ], [ 37.028819207000197, 46.875555730999622, 1.011676476158073 ], [ 37.037525980013015, 46.876634093006942, 1.057376476158197 ], [ 37.046560091999709, 46.877752996999334, 1.234576476158054 ], [ 37.073392458369199, 46.885017737511589, 1.366776476158066 ], [ 37.082237373637327, 46.887412457879691, 1.361176476158107 ], [ 37.087880755350852, 46.8889403776775, 1.410576476158212 ], [ 37.090000000000146, 46.88951415347583, 1.414576476158118 ], [ 37.090630359271017, 46.88968482036762, 1.412576476158165 ], [ 37.091794477304575, 46.890000000003056, 1.417976476158174 ], [ 37.113419450806759, 46.895854862703345, 1.282876476158208 ], [ 37.131500387029519, 46.900750193515705, 1.184976476158226 ], [ 37.149999999999636, 46.905758879143832, 1.169676476158202 ], [ 37.162282748002326, 46.909084377004547, 1.098076476158212 ], [ 37.163998400434139, 46.909999999999854, 1.069976476158217 ], [ 37.170000000001892, 46.913202981259019, 1.003876476158212 ], [ 37.170244249004099, 46.913333334003255, 0.999976476158054 ], [ 37.174982760998319, 46.91333134100023, 1.000076476158029 ], [ 37.176791082116324, 46.913395541059799, 0.998176476158051 ], [ 37.182147536997945, 46.913585709002291, 0.992476476158117 ], [ 37.190000000000509, 46.914176395312097, 0.974676476158038 ], [ 37.190819133002151, 46.914238013001523, 0.976976476158143 ], [ 37.199489143002211, 46.915261996999106, 0.989576476158163 ], [ 37.200989878430846, 46.915494939215932, 0.990076476158038 ], [ 37.210000000002765, 46.916893478659404, 0.993176476158169 ], [ 37.223472985000626, 46.91898473800029, 0.997776476158151 ], [ 37.2291374247161, 46.919568712359251, 1.008576476158169 ], [ 37.230000000001382, 46.919657639396974, 1.006876476158141 ], [ 37.233320832458048, 46.920000000001892, 0.999976476158054 ], [ 37.23355094100225, 46.920023722997939, 0.999476476158179 ], [ 37.243583157001922, 46.92041911600063, 0.991576476158116 ], [ 37.249245955918013, 46.920377022044704, 0.992476476158117 ], [ 37.250000000003638, 46.920371416917988, 0.996276476158073 ], [ 37.250731952015485, 46.920365976007815, 0.992676476158067 ], [ 37.253555687004337, 46.92034498600151, 0.993076476158194 ], [ 37.258412537350523, 46.920000000001892, 0.999976476158054 ], [ 37.26005989299847, 46.919882986998346, 1.002376476158133 ], [ 37.263220148002802, 46.919428926999899, 1.011376476158148 ], [ 37.266283046001263, 46.918748225003583, 1.025076476158119 ], [ 37.267006242387652, 46.918503121190952, 1.029976476158026 ], [ 37.269209606001823, 46.917756363001899, 1.026376476158021 ], [ 37.270000000002256, 46.917365753661215, 1.026376476158021 ], [ 37.271811744998558, 46.916470397001831, 1.017176476158056 ], [ 37.274276370004372, 46.91489564999938, 1.008276476158244 ], [ 37.276383412607174, 46.913191706302314, 1.004276476158111 ], [ 37.278308605002167, 46.911634822998167, 1.00057647615813 ], [ 37.279884239784224, 46.909999999999854, 1.001176476158207 ], [ 37.282973278999634, 46.906794922002518, 1.002276476158158 ], [ 37.283147995060062, 46.906573997530359, 1.002776476158033 ], [ 37.284814624998035, 46.904466582001987, 1.007176476158065 ], [ 37.286461719002546, 46.902036773999498, 1.014976476158154 ], [ 37.287580982894724, 46.899999999997817, 1.024176476158118 ], [ 37.287856253999053, 46.899499077000655, 1.021476476158114 ], [ 37.289013277000777, 46.896690577003028, 1.00987647615807 ], [ 37.290000000004511, 46.893448395847372, 0.999976476158054 ], [ 37.290750243997536, 46.890983238999979, 0.996276476158073 ], [ 37.290950511260235, 46.89047525562637, 0.995276476158097 ], [ 37.291137875941786, 46.890000000003056, 0.99427647615812 ], [ 37.291859811002723, 46.888168792003853, 0.990676476158114 ], [ 37.293501734002348, 46.885556994999206, 0.982476476158126 ], [ 37.29575850800029, 46.883400177001022, 0.971176476158234 ], [ 37.296262914387626, 46.883131457196214, 0.96867647615818 ], [ 37.298630930998115, 46.881869908998851, 0.9812764761582 ], [ 37.301880067001548, 46.880899502004468, 0.990976476158039 ], [ 37.305214259000422, 46.880370769004003, 0.996276476158073 ], [ 37.308349451002869, 46.880173386998649, 0.998276476158026 ], [ 37.31000000000131, 46.880191991998799, 0.998076476158076 ], [ 37.310392840185159, 46.880196420092034, 0.99017647615824 ], [ 37.311009404002107, 46.880203370001254, 0.995876476158173 ], [ 37.313867907001622, 46.880552558002819, 0.999976476158054 ], [ 37.313771810002436, 46.880000000001019, 1.03767647615814 ], [ 37.312998893998156, 46.875555730999622, 1.074476476158225 ], [ 37.327272839800571, 46.880000000001019, 1.172776476158106 ], [ 37.33, 46.880849115843375, 1.14057647615823 ], [ 37.334501138637279, 46.882250569320604, 1.267476476158208 ], [ 37.335215691000485, 46.8824730489996, 1.279576476158127 ], [ 37.3354934949366, 46.882746747467536, 1.282376476158106 ], [ 37.342855545974089, 46.890000000003056, 1.142776476158133 ], [ 37.350000000002183, 46.897038871229597, 1.359176476158154 ], [ 37.351735873002326, 46.898749090998535, 1.351076476158141 ], [ 37.35194382771806, 46.899028086143517, 1.348576476158087 ], [ 37.35266826350562, 46.899999999997817, 1.339976476158199 ], [ 37.354253468016395, 46.902126734004923, 1.321276476158118 ], [ 37.360478998394683, 46.910478998395774, 1.247576476158201 ], [ 37.367575670863516, 46.920000000001892, 1.179776476158167 ], [ 37.377940300004411, 46.933905341003992, 1.219776476158131 ], [ 37.382205310219433, 46.938051327557332, 1.241576476158116 ], [ 37.383545996905013, 46.939354599693615, 1.261276476158173 ], [ 37.401754858003187, 46.957055305998438, 0.999976476158054 ], [ 37.403151431000879, 46.957527306001793, 1.00057647615813 ], [ 37.405090749607552, 46.958772687405144, 0.98777647615816 ], [ 37.406144169570325, 46.959449167083221, 0.991776476158066 ], [ 37.407248657003947, 46.960158440999294, 0.992176476158193 ], [ 37.413543744001799, 46.964681033003217, 0.992876476158244 ], [ 37.421553824002331, 46.970725474002393, 0.992776476158042 ], [ 37.440792389001217, 46.985888995997811, 0.99017647615824 ], [ 37.443730829911146, 46.988258563866111, 0.989576476158163 ], [ 37.457470841442046, 46.999338551799156, 0.962676476158094 ], [ 37.467118260330608, 47.007118260336938, 0.999976476158054 ], [ 37.469333425004152, 47.008904575997803, 1.008576476158169 ], [ 37.469999999999345, 47.009408107298441, 1.011876476158022 ], [ 37.470783547865722, 47.009999999998399, 1.007876476158117 ], [ 37.472317505060346, 47.011158752533447, 1.011576476158098 ], [ 37.476923704, 47.014638279002611, 1.011076476158223 ], [ 37.48382091500207, 47.019507317003445, 1.017176476158056 ], [ 37.49000000000342, 47.023541490885691, 1.029176476158227 ], [ 37.490702185999908, 47.023999930997888, 1.026976476158097 ], [ 37.495403957000235, 47.026856484999371, 1.016876476158131 ], [ 37.501003074507025, 47.030000000002474, 1.010076476158019 ], [ 37.50422650499786, 47.031809731999601, 1.024176476158118 ], [ 37.505307854671628, 47.032346072663131, 1.029576476158127 ], [ 37.510000000000218, 47.034673338663197, 1.006576476158216 ], [ 37.515176787002929, 47.037240983001539, 1.006976476158115 ], [ 37.521409427827166, 47.040000000004511, 1.014076476158152 ], [ 37.524421329000688, 47.04133328500393, 1.030876476158028 ], [ 37.526051086351799, 47.041974456828029, 1.040776476158044 ], [ 37.530000000004293, 47.043528020709346, 1.029476476158152 ], [ 37.530706859004567, 47.043806110003061, 1.027376476158224 ], [ 37.543537309004023, 47.048211073004495, 1.003476476158085 ], [ 37.549525424041349, 47.049999999999272, 0.997676476158176 ], [ 37.550000000001091, 47.050141777797762, 0.997176476158074 ], [ 37.556601864003824, 47.052114060001259, 0.990776476158089 ], [ 37.562600571443909, 47.053699714277172, 0.988976476158086 ], [ 37.570000000003347, 47.055655624888459, 0.986876476158159 ], [ 37.576452109000456, 47.057361128001503, 0.985076476158156 ], [ 37.587781028014433, 47.06000000000131, 0.988876476158111 ], [ 37.590000000001965, 47.060516870413267, 0.989676476158138 ], [ 37.59193535405393, 47.060967677023655, 0.990276476158215 ], [ 37.596476818000156, 47.06202553100411, 0.991876476158041 ], [ 37.609898104001331, 47.064747218999401, 1.004576476158036 ], [ 37.61000000000422, 47.0647643110442, 1.004676476158238 ], [ 37.623383206999279, 47.067009211003096, 1.026776476158147 ], [ 37.624245661858367, 47.067122830931112, 1.0287764761581 ], [ 37.630000000002838, 47.067880908251027, 1.042376476158097 ], [ 37.630156154003998, 47.067901479998909, 1.041976476158197 ], [ 37.640054027002407, 47.068861762003507, 1.022776476158242 ], [ 37.648699097906501, 47.069349548952232, 1.012976476158201 ], [ 37.649999999999636, 47.069422950669832, 1.011576476158098 ], [ 37.656631261001166, 47.069797111000298, 1.004076476158161 ], [ 37.665943257683466, 47.070000000003347, 0.999976476158054 ], [ 37.670000000003711, 47.070088387959913, 0.998276476158026 ], [ 37.679934316000072, 47.070304836001014, 0.993876476158221 ], [ 37.689376065802207, 47.070311967099769, 0.993776476158246 ], [ 37.690000000000509, 47.070312438339897, 0.990676476158114 ], [ 37.709345900444532, 47.070327049779735, 0.99017647615824 ], [ 37.710656078643296, 47.070328039320884, 0.99017647615824 ], [ 37.730000000001382, 47.070342649263694, 0.989676476158138 ], [ 37.730686335269638, 47.070343167633837, 0.989676476158138 ], [ 37.749999999998181, 47.070357754721044, 0.989276476158238 ], [ 37.750716591894161, 47.070358295948608, 0.989276476158238 ], [ 37.756690659000014, 47.070362807997299, 0.989076476158061 ], [ 37.770000000002256, 47.070520538731216, 0.984376476158104 ], [ 37.788519957666722, 47.070740021172242, 0.977776476158169 ], [ 37.790000000004511, 47.07075756134509, 0.977276476158067 ], [ 37.790016341003138, 47.070757755001978, 0.977276476158067 ], [ 37.791624847219282, 47.070812423609823, 0.975676476158242 ], [ 37.80993802300145, 47.071434837002016, 0.956976476158161 ], [ 37.810000000003129, 47.071438291581217, 0.956876476158186 ], [ 37.819857042004514, 47.071987720002653, 0.940376476158235 ], [ 37.825208194753941, 47.072395902623612, 0.928076476158139 ], [ 37.829733184000361, 47.0727410660038, 0.943876476158039 ], [ 37.83, 47.072767450774336, 0.944676476158065 ], [ 37.836899438048931, 47.073449719020573, 0.965476476158074 ], [ 37.850000000004002, 47.074745200980033, 1.005076476158138 ], [ 37.858774267182525, 47.075612866414303, 0.98777647615816 ], [ 37.85966209000253, 47.075700660998336, 0.991276476158191 ], [ 37.8700000000008, 47.076446654611573, 1.035576476158212 ], [ 37.8704852400042, 47.076481670001158, 1.035176476158085 ], [ 37.880167896000785, 47.076625069998045, 1.033776476158209 ], [ 37.882964819593326, 47.0764824097987, 1.035176476158085 ], [ 37.889838423003312, 47.076131814001201, 1.038676476158116 ], [ 37.889999999997599, 47.076114079338367, 1.038876476158066 ], [ 37.896459088004121, 47.075405130997751, 1.045976476158103 ], [ 37.900393723131856, 47.074803138437346, 1.051976476158188 ], [ 37.903053362999344, 47.07439621800404, 1.046776476158129 ], [ 37.909617277000507, 47.073143316998539, 1.039076476158243 ], [ 37.910000000001673, 47.073057228095422, 1.038876476158066 ], [ 37.914217227576955, 47.07210861378735, 1.036776476158138 ], [ 37.916145670002152, 47.071674834000078, 1.035776476158162 ], [ 37.922632082003474, 47.070010262001233, 1.036676476158163 ], [ 37.922667799955889, 47.070000000003347, 1.036676476158163 ], [ 37.927324309066535, 47.06866215453374, 1.026776476158147 ], [ 37.929068642999482, 47.068160996002916, 1.023076476158167 ], [ 37.929999999998472, 47.067870465527449, 1.021276476158164 ], [ 37.939693369635279, 47.064846684816075, 0.954576476158081 ], [ 37.950000000002547, 47.061631601600311, 0.967376476158051 ], [ 37.950741342003312, 47.061400345002767, 0.968276476158053 ], [ 37.952036525151925, 47.061018262576908, 0.969476476158206 ], [ 37.955488231991694, 47.06000000000131, 0.97257647615811 ], [ 37.969999999999345, 47.055718990355672, 0.98557647615803 ], [ 37.977193674820228, 47.053596837409714, 0.992076476158218 ], [ 37.989386235538404, 47.049999999999272, 1.003076476158185 ], [ 37.989772249649832, 47.049886124827026, 1.002276476158158 ], [ 37.98998782000308, 47.049822531003883, 1.001876476158031 ], [ 37.99000000000342, 47.049818802417576, 1.001776476158057 ], [ 37.990934605155417, 47.049532697426912, 1.004676476158238 ], [ 38.009515104999082, 47.043844761999935, 1.025576476158221 ], [ 38.010000000000218, 47.043682823066774, 1.026376476158021 ], [ 38.014416029694985, 47.042208014847347, 1.055876476158119 ], [ 38.018852180002796, 47.040726487002757, 1.048476476158157 ], [ 38.020754749288244, 47.040000000004511, 1.046176476158053 ], [ 38.025996740978371, 47.037998370487912, 1.04007647615822 ], [ 38.02911011100332, 47.036809544999414, 1.036376476158239 ], [ 38.030000000004293, 47.036423579658731, 1.035776476158162 ], [ 38.04481032674812, 47.030000000002474, 1.025976476158121 ], [ 38.047589348541806, 47.028794674271921, 1.024076476158143 ], [ 38.050000000001091, 47.027749119239161, 1.02247647615809 ], [ 38.061567315999127, 47.022732108000127, 0.956976476158161 ], [ 38.066546719001053, 47.020884350002234, 0.92567647615806 ], [ 38.069319032285421, 47.020000000000437, 0.906776476158029 ], [ 38.06999999999789, 47.019782775703789, 0.904376476158177 ], [ 38.071582422999199, 47.019277993003925, 0.906576476158079 ], [ 38.077848933002315, 47.017685948003418, 0.907076476158181 ], [ 38.083381810112769, 47.016690905058567, 0.899276476158093 ], [ 38.084183954002583, 47.016546646003917, 0.898176476158142 ], [ 38.090000000001965, 47.015958205573043, 0.880876476158164 ], [ 38.090569255004084, 47.015900611000689, 0.88487647615807 ], [ 38.096988086997953, 47.015779190003741, 0.91937647615805 ], [ 38.098302332988169, 47.015848833505515, 0.924576476158109 ], [ 38.103424700002506, 47.016120274000059, 0.916376476158121 ], [ 38.109670122001262, 47.016838173001815, 0.894876476158061 ], [ 38.109999999998763, 47.016896782903132, 0.893076476158058 ], [ 38.116233293003461, 47.018004261004535, 0.922176476158029 ], [ 38.122764136003752, 47.019542194002497, 0.941376476158212 ], [ 38.124362182168625, 47.020000000000437, 0.943576476158114 ], [ 38.129252648997863, 47.021401013998911, 0.964476476158097 ], [ 38.130000000002838, 47.021650215412592, 0.966976476158152 ], [ 38.13554445400041, 47.023498993003159, 0.957776476158188 ], [ 38.139772265256397, 47.025113867377513, 0.946576476158043 ], [ 38.141764865004006, 47.025874970004224, 0.958876476158139 ], [ 38.149999999999636, 47.029471324014594, 1.005276476158087 ], [ 38.150181968001561, 47.029550790999565, 1.005376476158062 ], [ 38.151145093796003, 47.030000000002474, 1.005676476158214 ], [ 38.156813042001886, 47.032643573002133, 1.007676476158167 ], [ 38.170000000003711, 47.039102661257857, 1.008976476158068 ], [ 38.170906577845017, 47.039546711082949, 1.009076476158043 ], [ 38.171832018362693, 47.040000000004511, 1.009176476158245 ], [ 38.190000000000509, 47.048898837543675, 1.010976476158021 ], [ 38.191112500155214, 47.04944374992192, 1.011076476158223 ], [ 38.192248147493956, 47.049999999999272, 1.011276476158173 ], [ 38.201215461313041, 47.054392269348682, 0.968276476158053 ], [ 38.209999999999127, 47.058695013824035, 1.013076476158176 ], [ 38.210542607999741, 47.058960788002878, 1.013076476158176 ], [ 38.212738194295525, 47.06000000000131, 1.013676476158025 ], [ 38.223821334000604, 47.065245856998445, 1.016676476158182 ], [ 38.230000000001382, 47.0679375959553, 1.020576476158112 ], [ 38.230539545003921, 47.068172649003827, 1.020976476158239 ], [ 38.235071932769642, 47.070000000003347, 1.025376476158044 ], [ 38.237317462004285, 47.070905344004132, 1.027576476158174 ], [ 38.244163731002118, 47.073395704002905, 1.036876476158113 ], [ 38.25, 47.075240481844958, 1.047576476158156 ], [ 38.251090002004275, 47.075585019003483, 1.0441764761581 ], [ 38.256140442326796, 47.076929778837439, 1.030676476158078 ], [ 38.257359360000919, 47.07725433500309, 1.027476476158199 ], [ 38.263683898003364, 47.078709892999541, 1.012876476158226 ], [ 38.270000000002256, 47.079985929385657, 1.000176476158231 ], [ 38.270069646468983, 47.079999999998108, 0.999976476158054 ], [ 38.289173652003228, 47.083859565000239, 0.961376476158193 ], [ 38.289999999999054, 47.084050660407229, 0.959476476158216 ], [ 38.305072389728593, 47.087536194863787, 0.999976476158054 ], [ 38.310000000003129, 47.088675719234743, 1.013276476158126 ], [ 38.310429693003243, 47.088775087004251, 1.012276476158149 ], [ 38.316246333968593, 47.090000000000146, 0.999976476158054 ], [ 38.319981652002753, 47.090786612003285, 0.992176476158193 ], [ 38.33, 47.092835040471982, 0.971676476158109 ], [ 38.339592996662759, 47.094796498331561, 0.999976476158054 ], [ 38.343789932003347, 47.095654636003019, 1.012376476158124 ], [ 38.350000000004002, 47.09674373712005, 1.032576476158056 ], [ 38.350949698000477, 47.096910292004395, 1.030876476158028 ], [ 38.360641980001674, 47.098151472999234, 1.018476476158185 ], [ 38.367392901822313, 47.09869645091203, 1.013076476158176 ], [ 38.3700000000008, 47.098906912675375, 1.010976476158021 ], [ 38.370409399001801, 47.098939961999349, 1.010576476158121 ], [ 38.380216445002588, 47.09935686100107, 1.006476476158241 ], [ 38.388875155384085, 47.099437577691788, 1.00557647615824 ], [ 38.389999999999418, 47.09944806351632, 1.005476476158037 ], [ 38.390029445001346, 47.09944833800364, 1.005476476158037 ], [ 38.40306278999924, 47.09908257099778, 1.009176476158245 ], [ 38.40759592075301, 47.098797960374213, 1.011976476158225 ], [ 38.409532183002739, 47.09867639299955, 1.013276476158126 ], [ 38.410000000001673, 47.098630933465756, 1.013676476158025 ], [ 38.419139633004306, 47.097742801002823, 1.022576476158065 ], [ 38.424032575159799, 47.097016287581937, 1.029876476158051 ], [ 38.42858222400173, 47.096340747004433, 1.036576476158189 ], [ 38.430000000000291, 47.096043090732564, 1.039576476158118 ], [ 38.438512043838273, 47.094256021920955, 1.014876476158179 ], [ 38.438887302001604, 47.094177237999247, 1.013776476158228 ], [ 38.450000000002547, 47.091440378850166, 0.98557647615803 ], [ 38.45193007276248, 47.090965036381021, 0.99037647615819 ], [ 38.455848490646531, 47.090000000000146, 0.999976476158054 ], [ 38.457723523000823, 47.089538213000196, 1.004576476158036 ], [ 38.465006122838531, 47.087503061422467, 1.024976476158145 ], [ 38.470000000001164, 47.086107502524101, 0.999976476158054 ], [ 38.474420725999153, 47.084872113004167, 0.977876476158144 ], [ 38.477999976306819, 47.083999988151845, 0.95997647615809 ], [ 38.480064605000734, 47.083496918001401, 0.965076476158174 ], [ 38.485888004999651, 47.08232739000232, 0.976676476158218 ], [ 38.49000000000342, 47.081692317851775, 0.983076476158203 ], [ 38.492585887190216, 47.081292943597873, 0.974176476158163 ], [ 38.500957499123615, 47.079999999998108, 0.999976476158054 ], [ 38.501004118001219, 47.079992800003311, 1.000076476158029 ], [ 38.510000000000218, 47.078847739390767, 1.011476476158123 ], [ 38.515548825002043, 47.078141444999346, 0.990876476158064 ], [ 38.524485260266374, 47.077242630135515, 0.955176476158158 ], [ 38.525557795002896, 47.077134756002124, 0.957276476158086 ], [ 38.530000000004293, 47.07690901046044, 0.961776476158093 ], [ 38.536881379857732, 47.076559310071389, 0.968776476158155 ], [ 38.539863669999249, 47.076407754999309, 0.985276476158106 ], [ 38.550000000001091, 47.076207929740121, 1.03787647615809 ], [ 38.550538392000817, 47.076197316002435, 1.038076476158039 ], [ 38.56010554400018, 47.075811944003362, 1.041876476158222 ], [ 38.561428747732862, 47.075714373868323, 1.042876476158199 ], [ 38.569647244003136, 47.075108360002559, 1.048876476158057 ], [ 38.569999999999709, 47.075074115662574, 1.049276476158184 ], [ 38.582225361053133, 47.073887319475034, 0.999976476158054 ], [ 38.590000000001965, 47.073132584153427, 0.96867647615818 ], [ 38.590751738000108, 47.073059608001131, 0.969376476158232 ], [ 38.595833868163027, 47.07291693408115, 0.970876476158082 ], [ 38.600132065997968, 47.072796267997546, 0.972076476158236 ], [ 38.60941225300121, 47.073201868004617, 0.967976476158128 ], [ 38.610000000000582, 47.073267616468002, 0.967276476158077 ], [ 38.615493561001131, 47.073882155002138, 0.961176476158244 ], [ 38.619006445167543, 47.074503222584099, 0.954976476158208 ], [ 38.621450357000867, 47.074935299002391, 0.950676476158151 ], [ 38.62724289700418, 47.076415360997999, 0.935876476158228 ], [ 38.630000000002838, 47.077357382326227, 0.926376476158111 ], [ 38.631943698002942, 47.078021486999205, 0.929476476158243 ], [ 38.633034787131692, 47.078482606433681, 0.930376476158244 ], [ 38.636486343999422, 47.079941314001189, 0.932976476158046 ], [ 38.636602590391703, 47.079999999998108, 0.932976476158046 ], [ 38.640856509999139, 47.082147554998301, 0.954276476158157 ], [ 38.645036041001731, 47.084619960001874, 0.97517647615814 ], [ 38.648614935003934, 47.087033015999623, 0.993076476158194 ], [ 38.650000000001455, 47.088045325021085, 0.999976476158054 ], [ 38.652674432254571, 47.090000000000146, 1.013376476158101 ], [ 38.657385888001954, 47.093443484001909, 1.002476476158108 ], [ 38.658369973400113, 47.094184986703112, 0.999976476158054 ], [ 38.662652812003216, 47.097412081000584, 0.989176476158036 ], [ 38.66593231328261, 47.100000000002183, 0.979676476158147 ], [ 38.670000000003711, 47.103209891645747, 0.999976476158054 ], [ 38.674785138999141, 47.106985939000879, 1.023876476158193 ], [ 38.678947532798702, 47.11000000000422, 1.044776476158177 ], [ 38.680201200002557, 47.110907802003567, 1.041976476158197 ], [ 38.685865234998346, 47.11460958200405, 1.033276476158107 ], [ 38.690000000002328, 47.117062098526731, 1.029376476158177 ], [ 38.69172234600228, 47.118083699999261, 1.019176476158236 ], [ 38.692738939265837, 47.118630530367227, 1.013676476158025 ], [ 38.695284872510456, 47.119999999998981, 1.026376476158021 ], [ 38.697724691000985, 47.121312390003368, 1.025476476158019 ], [ 38.70383023800423, 47.124266215998432, 1.026476476158223 ], [ 38.709999999999127, 47.126901804096633, 1.03097647615823 ], [ 38.710001505003675, 47.126902447000248, 1.03097647615823 ], [ 38.713623885716515, 47.128188057145962, 1.018076476158058 ], [ 38.718729280144544, 47.130000000001019, 0.999976476158054 ], [ 38.721053541999936, 47.130824898002174, 0.999976476158054 ], [ 38.730000000001382, 47.13364075617028, 0.999976476158054 ], [ 38.730471627999577, 47.133789199002422, 1.002376476158133 ], [ 38.734495990003779, 47.134887463002087, 1.02247647615809 ], [ 38.738702193802965, 47.135648903100446, 1.043476476158048 ], [ 38.742894360004357, 47.136407802003305, 1.035876476158137 ], [ 38.75, 47.136951000305999, 1.030476476158128 ], [ 38.75167745300314, 47.137079235002602, 1.029176476158227 ], [ 38.75767198000176, 47.137093966999601, 1.029076476158025 ], [ 38.763557625683461, 47.136778812839111, 1.032176476158156 ], [ 38.763730631999351, 47.136769549004384, 1.032276476158131 ], [ 38.769815388001007, 47.136097095000878, 1.039076476158243 ], [ 38.770000000002256, 47.136065631346355, 1.039376476158168 ], [ 38.776611524002874, 47.134938821000105, 1.017576476158183 ], [ 38.783126115065897, 47.133436942467597, 0.999976476158054 ], [ 38.790000000000873, 47.131852232068923, 0.999976476158054 ], [ 38.790143463000277, 47.131819158001235, 0.999976476158054 ], [ 38.792418744797033, 47.131209372399098, 0.999976476158054 ], [ 38.796931253735238, 47.130000000001019, 0.999976476158054 ], [ 38.802097575004154, 47.128615403000367, 1.013876476158202 ], [ 38.805254099870581, 47.127627049934745, 1.023776476158218 ], [ 38.807933923002565, 47.126787958997738, 1.032076476158181 ], [ 38.810000000003129, 47.126037503472617, 1.039576476158118 ], [ 38.81428115000017, 47.124482472998352, 1.033776476158209 ], [ 38.820409145002486, 47.12195499399968, 1.028376476158201 ], [ 38.824608897313738, 47.119999999998981, 1.026976476158097 ], [ 38.830000000001746, 47.117490429762256, 0.999976476158054 ], [ 38.83385277600064, 47.115696954002487, 0.999976476158054 ], [ 38.837961031906161, 47.113980515956428, 0.999976476158054 ], [ 38.838965244003703, 47.113560954003333, 0.999976476158054 ], [ 38.848782153629145, 47.11000000000422, 0.999976476158054 ], [ 38.849319207003646, 47.109805190997577, 1.001976476158234 ], [ 38.849496742157498, 47.109748371076421, 1.002476476158108 ], [ 38.850000000004002, 47.109587303979424, 0.999976476158054 ], [ 38.857099138000194, 47.107315233004556, 0.999976476158054 ], [ 38.862415966399567, 47.106207983199056, 0.999976476158054 ], [ 38.86537356500412, 47.105592051999338, 0.999976476158054 ], [ 38.870000000002619, 47.105083806463881, 0.999976476158054 ], [ 38.874104455000634, 47.104632904000027, 0.999976476158054 ] ], [ [ 37.38602145400364, 46.883096301002297, 2.029276476158202 ], [ 37.381284360375503, 46.880000000001019, 2.012876476158226 ], [ 37.3700000000008, 46.872624216643089, 1.973776476158037 ], [ 37.368517516999418, 46.871655223001653, 1.968576476158205 ], [ 37.365799073792004, 46.870000000004438, 1.957976476158137 ], [ 37.362233506997654, 46.867828975000521, 1.965776476158226 ], [ 37.350000000002183, 46.861049182600254, 1.978976476158095 ], [ 37.34938149500158, 46.860706407998805, 1.976576476158243 ], [ 37.347969022948746, 46.86000000000422, 1.969576476158181 ], [ 37.342835474999447, 46.857432601003893, 1.969576476158181 ], [ 37.336217983001916, 46.854382990004524, 1.961776476158093 ], [ 37.33, 46.851792895166, 1.946176476158143 ], [ 37.329530960001648, 46.851597517003029, 1.945076476158192 ], [ 37.327968072810108, 46.851015963595273, 1.939076476158107 ], [ 37.325237736327836, 46.850000000002183, 1.952376476158179 ], [ 37.324469240003964, 46.849714041001789, 1.950376476158226 ], [ 37.319365596002172, 46.848038841999369, 1.932876476158071 ], [ 37.315867565595909, 46.847066217203974, 1.917376476158097 ], [ 37.314216879003652, 46.846607244999177, 1.909976476158135 ], [ 37.31000000000131, 46.845677638515554, 1.886476476158123 ], [ 37.309018750003816, 46.845461323000563, 1.89077647615818 ], [ 37.299597498002186, 46.844204690003608, 1.915876476158246 ], [ 37.298325369607483, 46.844162684807088, 1.91677647615802 ], [ 37.290072586003589, 46.843890181000461, 1.883676476158143 ], [ 37.290000000004511, 46.84389332894898, 1.883176476158042 ], [ 37.283608241003094, 46.844170530001065, 1.906876476158232 ], [ 37.281186827145575, 46.844406586429614, 1.911876476158113 ], [ 37.277139780002472, 46.844801121002092, 1.920276476158051 ], [ 37.270680472001914, 46.845743154000957, 1.924276476158184 ], [ 37.270000000002256, 46.845869200409652, 1.923876476158057 ], [ 37.265849890000027, 46.846637941003792, 1.92157647615818 ], [ 37.264098324814768, 46.847049162408439, 1.918076476158149 ], [ 37.255755249001595, 46.849007897004412, 1.962276476158195 ], [ 37.25231412006724, 46.850000000002183, 1.976876476158168 ], [ 37.250846342387376, 46.850423171195871, 1.983076476158203 ], [ 37.250000000003638, 46.850667177977812, 1.986676476158209 ], [ 37.246848363942263, 46.851575818029232, 1.999976476158054 ], [ 37.230000000001382, 46.8564333263148, 2.035676476158187 ], [ 37.229458912002883, 46.856589326000176, 2.034076476158134 ], [ 37.219970118003403, 46.859039750001102, 2.009576476158145 ], [ 37.215987254436186, 46.86000000000422, 1.999976476158054 ], [ 37.211947791629427, 46.860973895814823, 1.980476476158174 ], [ 37.210000000002765, 46.86144349937058, 1.98557647615803 ], [ 37.204424590167037, 46.862787704918446, 1.999976476158054 ], [ 37.19625451200227, 46.864757473002101, 2.021176476158189 ], [ 37.190000000000509, 46.866033021455223, 2.039676476158093 ], [ 37.189107340000191, 46.866215071000624, 2.03787647615809 ], [ 37.183998121987315, 46.866999060996022, 2.029976476158026 ], [ 37.179420529999334, 46.867701475002832, 2.022976476158192 ], [ 37.170000000001892, 46.868677901893534, 2.013176476158151 ], [ 37.169643033999819, 46.868714900998384, 2.012876476158226 ], [ 37.167661583484005, 46.868830791740038, 2.011676476158073 ], [ 37.156517842002359, 46.869482565001817, 2.005176476158113 ], [ 37.149999999999636, 46.869649996260705, 2.003476476158085 ], [ 37.149934648998169, 46.869651675002387, 2.003476476158085 ], [ 37.140053700999488, 46.869653694004228, 2.003476476158085 ], [ 37.131247449131479, 46.869376275437389, 2.006276476158064 ], [ 37.130185677002373, 46.869342827003493, 2.006576476158216 ], [ 37.130000000001019, 46.869330235729649, 2.006676476158191 ], [ 37.128450291294939, 46.869225145652308, 2.007776476158142 ], [ 37.12035449400355, 46.868676147003498, 2.013276476158126 ], [ 37.110586958000567, 46.867574815998523, 2.024276476158093 ], [ 37.11000000000422, 46.867474023669274, 2.025276476158069 ], [ 37.098873302189531, 46.865563348905198, 1.988776476158137 ], [ 37.094921849000457, 46.864884806000191, 2.002276476158158 ], [ 37.090000000000146, 46.863819564376172, 2.023576476158041 ], [ 37.083484745002352, 46.862409459999981, 2.019276476158211 ], [ 37.074421241051823, 46.86000000000422, 2.02207647615819 ], [ 37.071534718073963, 46.859232640968912, 2.007676476158167 ], [ 37.070349202000216, 46.858917481004028, 2.010776476158071 ], [ 37.070000000003347, 46.858806219850521, 2.011976476158225 ], [ 37.06341851201978, 46.856709256011527, 1.999976476158054 ], [ 37.05000000000291, 46.852433910591571, 1.926976476158188 ], [ 37.047026796213686, 46.851486601897705, 1.910776476158162 ], [ 37.042360977797216, 46.850000000002183, 1.923576476158132 ], [ 37.035865047002517, 46.847930296004051, 1.920776476158153 ], [ 37.030000000002474, 46.846136281663348, 1.915876476158246 ], [ 37.022385635840692, 46.843807182081946, 1.947676476158222 ], [ 37.010000000000218, 46.840018634718945, 1.999476476158179 ], [ 37.009939078809111, 46.840000000000146, 1.999676476158129 ], [ 37.009886369000014, 46.839983877000122, 1.999776476158104 ], [ 36.996984932002306, 46.835609723999369, 2.022776476158242 ], [ 36.989999999999782, 46.832826150393885, 2.043476476158048 ], [ 36.985552533000373, 46.831053785001131, 2.034476476158034 ], [ 36.983296931712175, 46.829999999998108, 2.032976476158183 ], [ 36.975578620002125, 46.826394113999413, 2.027876476158099 ], [ 36.969999999999345, 46.823408568669038, 2.031876476158232 ], [ 36.965903574999174, 46.82121625900254, 2.034676476158211 ], [ 36.963852340997619, 46.820000000003347, 2.038476476158166 ], [ 36.961197013999481, 46.818425550003667, 2.027676476158149 ], [ 36.955380351002532, 46.81470089800132, 2.006776476158166 ], [ 36.950000000000728, 46.810937670055864, 1.990576476158139 ], [ 36.948659397179654, 46.81000000000131, 1.986576476158234 ], [ 36.94529846466321, 46.807649232336189, 1.999976476158054 ], [ 36.943789721002759, 46.806593957999212, 2.00297647615821 ], [ 36.938039725999261, 46.802213951001249, 2.018076476158058 ], [ 36.93537361367089, 46.799999999999272, 2.026876476158122 ], [ 36.932496585999615, 46.797610904000976, 2.036376476158239 ], [ 36.930000000000291, 46.795332035877436, 2.046676476158154 ], [ 36.928213475002849, 46.793701307004085, 2.036176476158062 ], [ 36.92453100687635, 46.790000000004511, 2.017976476158083 ], [ 36.920039042999633, 46.785485055999743, 1.995776476158198 ], [ 36.919216797841727, 46.78460839892432, 1.992176476158193 ], [ 36.91489443075443, 46.780000000002474, 1.973376476158137 ], [ 36.913331887826644, 46.77833405608726, 1.949976476158099 ], [ 36.909999999999854, 46.77478168120615, 1.952176476158229 ], [ 36.907669366999471, 46.772296819000985, 1.942076476158036 ], [ 36.905474350540317, 46.770000000000437, 1.932076476158045 ], [ 36.900470935754129, 46.764764532123081, 1.961776476158093 ], [ 36.895917583300616, 46.760000000003856, 1.988776476158137 ], [ 36.889999999999418, 46.753807965445958, 1.961876476158068 ], [ 36.888326537000466, 46.752056889001324, 1.954376476158131 ], [ 36.88758327396863, 46.751208363019032, 1.951676476158127 ], [ 36.886524813093274, 46.750000000003638, 1.965276476158124 ], [ 36.881491740452475, 46.744254129775072, 2.029876476158051 ], [ 36.880040806001489, 46.742597710002883, 2.048476476158157 ], [ 36.877954702300485, 46.740000000001601, 2.079576476158081 ], [ 36.8758909950011, 46.73743017900415, 2.058876476158048 ], [ 36.871890630001872, 46.732005579004181, 2.018876476158084 ], [ 36.870817031884144, 46.730408515939416, 2.008176476158042 ], [ 36.870542414080774, 46.729999999999563, 2.008176476158042 ], [ 36.870000000002619, 46.729193115681483, 2.008076476158067 ], [ 36.86850806899929, 46.726973749002354, 2.007876476158117 ], [ 36.86423534831556, 46.719999999997526, 2.01357647615805 ], [ 36.861616189002234, 46.715725122003278, 2.016976476158106 ], [ 36.860935710146805, 46.714532144929763, 2.018676476158134 ], [ 36.858350556698497, 46.710000000002765, 2.083476476158239 ], [ 36.858196579001742, 46.709730055003092, 2.081976476158161 ], [ 36.854201664278662, 46.702100832140786, 2.041976476158197 ], [ 36.853101598728244, 46.700000000000728, 2.046476476158205 ], [ 36.852566378001939, 46.698977871001262, 2.038476476158166 ], [ 36.850453486000333, 46.694329865003965, 2.006776476158166 ], [ 36.850000000002183, 46.693180655414835, 1.999976476158054 ], [ 36.848957484002312, 46.690538745004233, 1.96867647615818 ], [ 36.848772343868404, 46.690000000004147, 1.963176476158196 ], [ 36.848517636122779, 46.689258818059898, 1.970376476158208 ], [ 36.847804880002514, 46.687184746999264, 1.973276476158162 ], [ 36.846377522999319, 46.682172811999408, 1.987676476158185 ], [ 36.846000003000881, 46.680000000003929, 1.999976476158054 ], [ 36.846000002993605, 46.680000000003929, 1.999976476158054 ], [ 36.844623797376698, 46.677311898689368, 2.019376476158186 ], [ 36.842902499001866, 46.673949738002193, 2.018576476158159 ], [ 36.840562201110515, 46.670000000001892, 2.011276476158173 ], [ 36.839053134999631, 46.667453137999473, 2.006576476158216 ], [ 36.836185120646405, 46.663092560327641, 1.992776476158042 ], [ 36.83603963600217, 46.662871363001614, 1.992076476158218 ], [ 36.833960057096192, 46.659999999999854, 1.979176476158045 ], [ 36.831957318001514, 46.657234733000223, 1.966776476158202 ], [ 36.830000000001746, 46.654807200553478, 1.951976476158052 ], [ 36.827243665000424, 46.651388700003736, 1.917176476158147 ], [ 36.827237053672434, 46.651381473166111, 1.917076476158172 ], [ 36.82597324074959, 46.650000000003274, 1.919476476158025 ], [ 36.822578565959702, 46.646289282982252, 1.888676476158025 ], [ 36.820728930000769, 46.644267446999947, 1.882876476158117 ], [ 36.816216385081134, 46.640000000003056, 1.855376476158199 ], [ 36.813528147000397, 46.637457773002097, 1.864476476158188 ], [ 36.81000000000131, 46.63463542129648, 1.860976476158157 ], [ 36.805302016000496, 46.630877255000087, 1.903176476158023 ], [ 36.803947349260852, 46.630000000001019, 1.909176476158109 ], [ 36.796762924999712, 46.625347511000655, 1.894476476158161 ], [ 36.790000000000873, 46.622015704857404, 1.859676476158029 ], [ 36.789081824999812, 46.621563359, 1.854976476158072 ], [ 36.787799969819389, 46.621100015090633, 1.844976476158081 ], [ 36.784756744211336, 46.620000000004438, 1.873776476158127 ], [ 36.783956871002374, 46.619710875002056, 1.878476476158085 ], [ 36.779009850000875, 46.618467665002754, 1.89097647615813 ], [ 36.774304975002451, 46.617822503998468, 1.886876476158022 ], [ 36.770000000000437, 46.617570061753213, 1.872876476158126 ], [ 36.769638730002043, 46.617548877004083, 1.875376476158181 ], [ 36.765159442053118, 46.617579721025322, 1.896776476158038 ], [ 36.764956277000238, 46.617581120002797, 1.896776476158038 ], [ 36.760271668001224, 46.617893708003976, 1.88427647615822 ], [ 36.755661945999236, 46.618455791003726, 1.861776476158184 ], [ 36.751077268003428, 46.619271907000439, 1.829076476158207 ], [ 36.75, 46.619548051550737, 1.81807647615824 ], [ 36.749402451619972, 46.619701225814424, 1.814976476158108 ], [ 36.748236903089492, 46.620000000004438, 1.826476476158177 ], [ 36.743772529000125, 46.621144388000175, 1.85907647615818 ], [ 36.737838315999397, 46.623198733997924, 1.886476476158123 ], [ 36.737037644812517, 46.623518822409096, 1.888876476158202 ], [ 36.734557689000212, 46.624510247002036, 1.896376476158139 ], [ 36.729999999999563, 46.626624293929126, 1.901276476158046 ], [ 36.724869843999841, 46.629003875003036, 1.906876476158232 ], [ 36.723010264229742, 46.630000000001019, 1.904876476158051 ], [ 36.71855206300279, 46.632388134003122, 1.923976476158032 ], [ 36.716811755071831, 46.633405877535552, 1.929676476158193 ], [ 36.709999999999127, 46.637389436729791, 2.026076476158096 ], [ 36.707593521910894, 46.638796760955302, 2.024076476158143 ], [ 36.705536022755041, 46.640000000003056, 2.02227647615814 ], [ 36.698375288748139, 46.644187644373233, 2.016276476158055 ], [ 36.694197992001136, 46.646630555002048, 2.012676476158049 ], [ 36.690000000002328, 46.648887938192274, 2.011076476158223 ], [ 36.688928370009307, 46.649464185004035, 2.010676476158096 ], [ 36.687931929938713, 46.650000000003274, 2.010376476158171 ], [ 36.679744745000789, 46.654402489002678, 2.00727647615804 ], [ 36.679274059260933, 46.654637029634614, 2.00727647615804 ], [ 36.670036120000077, 46.659240254004544, 2.007376476158242 ], [ 36.670000000001892, 46.65925680251712, 2.007476476158217 ], [ 36.669224344143004, 46.659612172075867, 2.007776476158142 ], [ 36.668377842246628, 46.659999999999854, 2.008076476158067 ], [ 36.660322789000929, 46.663690451998264, 2.011476476158123 ], [ 36.658697389555527, 46.664348694775981, 2.012976476158201 ], [ 36.650648492999608, 46.66760828000406, 2.020676476158087 ], [ 36.650000000001455, 46.667829557251025, 2.021676476158063 ], [ 36.643639124798938, 46.670000000001892, 1.999976476158054 ], [ 36.639271531003033, 46.671490299999277, 1.999976476158054 ], [ 36.630000000001019, 46.674357534413502, 1.999976476158054 ], [ 36.625595579002038, 46.675719607999781, 2.021976476158216 ], [ 36.62271786349811, 46.676358931747018, 2.036376476158239 ], [ 36.619975870002236, 46.676968102998217, 2.030276476158178 ], [ 36.614162297999428, 46.677866526002617, 2.021376476158139 ], [ 36.610000000000582, 46.678275046160707, 2.017276476158031 ], [ 36.608195681001234, 46.678452136002306, 2.015476476158028 ], [ 36.602112245000171, 46.678749135002363, 2.012476476158099 ], [ 36.595944484999563, 46.678769098001794, 2.012276476158149 ], [ 36.592728421113861, 46.678635789443433, 2.013676476158025 ], [ 36.590000000000146, 46.678522694090134, 2.014776476158204 ], [ 36.589722030001212, 46.678511172000071, 2.014876476158179 ], [ 36.583472508003979, 46.67796203400394, 2.020376476158162 ], [ 36.577222378002261, 46.677095602004556, 2.029076476158025 ], [ 36.576207589254409, 46.676896205377489, 2.031076476158205 ], [ 36.57099775000097, 46.675872519999757, 2.041276476158146 ], [ 36.569999999999709, 46.67560915150716, 2.043876476158175 ], [ 36.564093407001565, 46.674050033003368, 2.029976476158026 ], [ 36.557245482999861, 46.671819500003039, 2.018076476158058 ], [ 36.552402421299121, 46.670000000001892, 2.011976476158225 ], [ 36.551030694121437, 46.669484652938991, 2.005176476158113 ], [ 36.550447291003366, 46.669265472999541, 2.007376476158242 ], [ 36.549999999999272, 46.669079335675633, 2.009176476158245 ], [ 36.54369413799941, 46.66645519100166, 2.003876476158212 ], [ 36.536983338999562, 46.663441238004452, 2.000476476158155 ], [ 36.533568885799468, 46.661784442900171, 1.999976476158054 ], [ 36.530000000002474, 46.660052712464676, 1.999976476158054 ], [ 36.529946497299534, 46.660026751351324, 1.999776476158104 ], [ 36.52989136602082, 46.659999999999854, 1.999476476158179 ], [ 36.525340554999275, 46.657791809997434, 1.998776476158127 ], [ 36.519987073179436, 46.655006463412064, 1.999876476158079 ], [ 36.515472154000236, 46.652657410002575, 2.00077647615808 ], [ 36.510741361709734, 46.650000000003274, 2.003676476158034 ], [ 36.510000000002037, 46.649583557702499, 2.004176476158136 ], [ 36.497723582000617, 46.642687572004434, 2.011776476158047 ], [ 36.493355730122857, 46.640000000003056, 2.016776476158157 ], [ 36.490000000001601, 46.637935194101374, 2.020676476158087 ], [ 36.477103693445315, 46.630000000001019, 1.971076476158032 ], [ 36.473778621002566, 46.627954057999887, 1.958276476158062 ], [ 36.470000000001164, 46.625796798962256, 1.942076476158036 ], [ 36.467834047001816, 46.624560230999123, 1.954376476158131 ], [ 36.46440367825744, 46.622798160871753, 1.971976476158034 ], [ 36.461446721001266, 46.621279267003047, 1.957276476158086 ], [ 36.45862017662148, 46.620000000004438, 1.94307647615824 ], [ 36.454937029999201, 46.618333042999438, 1.941376476158212 ], [ 36.450000000000728, 46.61640408340827, 1.935976476158203 ], [ 36.44831635200353, 46.615746261002641, 1.942576476158138 ], [ 36.442312756000319, 46.613743508001789, 1.962576476158119 ], [ 36.430950278285309, 46.610475139146729, 1.995276476158097 ], [ 36.430000000000291, 46.610201795594548, 1.997976476158101 ], [ 36.42929845801882, 46.610000000002401, 1.999976476158054 ], [ 36.418216415004281, 46.606812297000943, 2.031876476158232 ], [ 36.412360082000305, 46.604847358003099, 2.051476476158086 ], [ 36.409999999999854, 46.603912830669287, 2.060876476158228 ], [ 36.405983630000264, 46.602322459002608, 2.056676476158145 ], [ 36.400976080050896, 46.600000000002183, 2.054876476158142 ], [ 36.399813411002469, 46.599460764002288, 2.049076476158234 ], [ 36.393876166999689, 46.596289665003496, 2.019376476158186 ], [ 36.389999999999418, 46.593984590694163, 1.999976476158054 ], [ 36.386360036647602, 46.591819981676963, 1.981776476158075 ], [ 36.383299591749164, 46.590000000000146, 1.999976476158054 ], [ 36.38030041300226, 46.588216452004417, 2.017876476158108 ], [ 36.377133818432412, 46.58643309078434, 2.035676476158187 ], [ 36.374246711000524, 46.584807131001071, 2.021276476158164 ], [ 36.370000000002619, 46.582546953230121, 1.999976476158054 ], [ 36.365214458608534, 46.580000000003565, 1.999976476158054 ], [ 36.361735308000789, 46.578148331998818, 2.018476476158185 ], [ 36.357685251085059, 46.576157374460308, 2.038376476158192 ], [ 36.350000000002183, 46.572379400742648, 1.999976476158054 ], [ 36.345159761955074, 46.570000000003347, 1.999976476158054 ], [ 36.342342573003407, 46.568615104997662, 1.999976476158054 ], [ 36.330000000001746, 46.563011826114234, 1.999976476158054 ], [ 36.326842882735946, 46.561578558632391, 1.96847647615823 ], [ 36.323365726666452, 46.56000000000131, 1.999976476158054 ], [ 36.317613473000165, 46.557388593002543, 2.026076476158096 ], [ 36.311941586000103, 46.554529917002583, 2.054676476158193 ], [ 36.31000000000131, 46.553408247233165, 2.06587647615811 ], [ 36.306094401999871, 46.551151952002328, 2.049376476158159 ], [ 36.304319527806001, 46.549999999999272, 2.043176476158123 ], [ 36.300401432999934, 46.547457027003475, 2.029476476158152 ], [ 36.294831880999482, 46.543515855000805, 2.013176476158151 ], [ 36.29050602195457, 46.540253010976812, 2.002576476158083 ], [ 36.290170581520215, 46.540000000002692, 2.000876476158055 ], [ 36.290000000000873, 46.539871336335636, 2.001276476158182 ], [ 36.289361057002679, 46.539389404000758, 1.999676476158129 ], [ 36.282400037103798, 46.533799981451011, 1.985976476158157 ], [ 36.278645212003539, 46.530785005998041, 1.978576476158196 ], [ 36.27772160749555, 46.530000000002474, 1.977176476158093 ], [ 36.270390951000081, 46.523769400999299, 2.028476476158176 ], [ 36.270000000000437, 46.523412138307322, 2.031776476158029 ], [ 36.266266111986624, 46.520000000000437, 2.025276476158069 ], [ 36.265361494999524, 46.519173333997969, 2.032076476158181 ], [ 36.262302927849305, 46.516151463927599, 2.061476476158077 ], [ 36.259233955001037, 46.513119313003699, 2.061176476158153 ], [ 36.256435104653065, 46.510000000003856, 2.064376476158031 ], [ 36.253550072002326, 46.506784637000237, 2.067676476158113 ], [ 36.25, 46.502165885563954, 2.078376476158155 ], [ 36.248797418624235, 46.500601290690611, 2.063876476158157 ], [ 36.248449500000788, 46.50014863800061, 2.072276476158095 ], [ 36.24834613657913, 46.500000000001819, 2.075176476158049 ], [ 36.246482586000639, 46.497320189004313, 2.074076476158098 ], [ 36.243799884920008, 46.493100057543415, 2.075976476158075 ], [ 36.24352226100018, 46.492663330000141, 2.076176476158025 ], [ 36.242071762779233, 46.490000000001601, 2.081076476158159 ], [ 36.239614785999947, 46.485488626, 2.089376476158122 ], [ 36.239509149529113, 46.485245425239555, 2.090176476158149 ], [ 36.237230751154129, 46.479999999999563, 2.108476476158103 ], [ 36.236427334000837, 46.47815033900406, 2.077876476158053 ], [ 36.236031649863435, 46.476984175073085, 2.060276476158151 ], [ 36.234865697999339, 46.473547870999028, 2.088876476158021 ], [ 36.233933113155217, 46.470000000002983, 2.11967647615802 ], [ 36.233653005001543, 46.468934373002412, 2.107576476158101 ], [ 36.233052448002127, 46.465865942998789, 2.073876476158148 ], [ 36.232533314308967, 46.461266657155647, 2.025376476158044 ], [ 36.232390343333464, 46.460000000002765, 2.023876476158193 ], [ 36.232183053001791, 46.458163503002652, 2.021876476158241 ], [ 36.231792212651271, 46.450896106325672, 2.017876476158108 ], [ 36.231744020084079, 46.450000000000728, 2.017476476158208 ], [ 36.231239551951148, 46.440619775974483, 2.012376476158124 ], [ 36.231206220420063, 46.440000000004147, 2.006076476158114 ], [ 36.231124937001368, 46.438488593003058, 1.990476476158165 ], [ 36.230661416999283, 46.434692250002627, 1.950276476158024 ], [ 36.229999999999563, 46.431875620472056, 1.9187764761582 ], [ 36.229900419000842, 46.431451557004038, 1.913976476158041 ], [ 36.229352602242216, 46.43000000000211, 1.896776476158038 ], [ 36.229202024494953, 46.429601012247076, 1.899976476158145 ], [ 36.228749915000662, 46.428403052002977, 1.899976476158145 ], [ 36.227165701000558, 46.425610079997568, 1.899976476158145 ], [ 36.225241757001641, 46.423267397998643, 1.899976476158145 ], [ 36.221739819000504, 46.420405954999296, 1.899976476158145 ], [ 36.220976235978014, 46.420000000001892, 1.899976476158145 ], [ 36.217544557999645, 46.418175565997444, 1.918276476158098 ], [ 36.212791993000792, 46.416554288003681, 1.934476476158125 ], [ 36.209999999999127, 46.416012231858986, 1.939876476158133 ], [ 36.20759631799956, 46.415545565003413, 1.94457647615809 ], [ 36.202053177001289, 46.415149914000722, 1.948476476158021 ], [ 36.199590350443032, 46.415204824779721, 1.947976476158146 ], [ 36.196242674999667, 46.415279464003106, 1.963176476158196 ], [ 36.190232112001468, 46.415840787001798, 1.981976476158025 ], [ 36.190000000002328, 46.415879167267121, 1.982376476158151 ], [ 36.18380654055909, 46.416903270279363, 1.961976476158043 ], [ 36.181248671000503, 46.417326219998358, 1.970476476158183 ], [ 36.176158308002414, 46.41851069200311, 1.98407647615818 ], [ 36.171036846002607, 46.419909500000358, 1.995676476158224 ], [ 36.170757611889712, 46.420000000001892, 1.996176476158098 ], [ 36.170297952166948, 46.42014897608351, 1.996976476158125 ], [ 36.170000000001892, 46.420245542618432, 1.997576476158201 ], [ 36.158163514241096, 46.424081757120803, 2.01837647615821 ], [ 36.155537958000423, 46.424932701998841, 2.022976476158192 ], [ 36.150000000001455, 46.426929035449575, 2.030676476158078 ], [ 36.146431110682897, 46.428215555342831, 2.035676476158187 ], [ 36.141480945880176, 46.43000000000211, 2.042576476158047 ], [ 36.136182230000486, 46.431910091003374, 2.011776476158047 ], [ 36.134878507946269, 46.432439253972916, 2.002476476158108 ], [ 36.130000000001019, 46.434419373685159, 2.011576476158098 ], [ 36.124736570001915, 46.436555727999803, 1.995176476158122 ], [ 36.123878701477224, 46.43693935074225, 1.991776476158066 ], [ 36.118538276003164, 46.43932748899897, 1.970776476158107 ], [ 36.117167617956511, 46.440000000004147, 1.964176476158173 ], [ 36.11354997779199, 46.441774988896213, 1.928976476158141 ], [ 36.112462233002589, 46.44230868899831, 1.939976476158108 ], [ 36.110000000000582, 46.443667198065668, 1.963376476158146 ], [ 36.10435594000046, 46.446781243997975, 1.988676476158162 ], [ 36.103996229570839, 46.446998114783128, 1.990076476158038 ], [ 36.099017184520562, 46.450000000000728, 2.00987647615807 ], [ 36.095092993002254, 46.452365910003209, 1.978076476158094 ], [ 36.094936915051221, 46.452468457526265, 1.976576476158243 ], [ 36.090000000000146, 46.455712146962469, 1.985776476158208 ], [ 36.086294078853825, 46.458147039427786, 1.955576476158058 ], [ 36.085405301004357, 46.458730991002085, 1.958676476158189 ], [ 36.08367962182092, 46.460000000002765, 1.963176476158196 ], [ 36.078142962531274, 46.464071481266728, 1.937176476158129 ], [ 36.077324940999461, 46.464673028001926, 1.943376476158164 ], [ 36.070749805759988, 46.470000000002983, 1.988776476158137 ], [ 36.070521724999708, 46.470184784002413, 1.986676476158209 ], [ 36.070465561291712, 46.470232780646256, 1.986076476158132 ], [ 36.069999999999709, 46.47063064219401, 1.993676476158043 ], [ 36.060112939001556, 46.479079973001717, 2.008076476158067 ], [ 36.059063913549835, 46.479999999999563, 2.009376476158195 ], [ 36.055772804331355, 46.482886402165605, 1.984576476158054 ], [ 36.049999999999272, 46.487949325879526, 2.020476476158137 ], [ 36.047661797585533, 46.490000000001601, 2.011676476158073 ], [ 36.04124879457413, 46.49562439728652, 1.987476476158236 ], [ 36.037797729000886, 46.49865108600352, 1.974476476158088 ], [ 36.036338667609016, 46.500000000001819, 1.968276476158053 ], [ 36.034113805621018, 46.50205690281291, 1.979476476158197 ], [ 36.030000000002474, 46.505860149207365, 1.999976476158054 ], [ 36.025522104097035, 46.510000000003856, 2.022376476158115 ], [ 36.022459750000053, 46.512831171003199, 2.03767647615814 ], [ 36.019946002497818, 46.51497300124538, 2.05027647615816 ], [ 36.014046092550416, 46.520000000000437, 1.999976476158054 ], [ 36.012549808223412, 46.521274904112943, 1.999976476158054 ], [ 36.012268082000446, 46.521514948004551, 1.999976476158054 ], [ 36.010000000002037, 46.523365453414954, 1.999976476158054 ], [ 36.005373693000365, 46.527140011001393, 2.023176476158142 ], [ 36.004921641169858, 46.527460820585475, 2.025376476158044 ], [ 36.001343690984868, 46.530000000002474, 2.043276476158098 ], [ 35.999905544003923, 46.531020616002934, 2.040276476158169 ], [ 35.994121797999469, 46.5345901769997, 2.033476476158057 ], [ 35.990000000001601, 46.536810244517255, 2.031876476158232 ], [ 35.988070076002259, 46.537849733002076, 2.021476476158114 ], [ 35.986844469138305, 46.538422234569225, 2.01577647615818 ], [ 35.983466801280883, 46.540000000002692, 1.999976476158054 ], [ 35.981786288000876, 46.540784995999275, 1.999976476158054 ], [ 35.976095233465458, 46.54304761673302, 1.999976476158054 ], [ 35.975295532000018, 46.543365558001824, 1.999976476158054 ], [ 35.970000000001164, 46.545091707936081, 1.999976476158054 ], [ 35.968612874999963, 46.54554386000018, 2.006976476158115 ], [ 35.963645370015001, 46.546822685006191, 2.031776476158029 ], [ 35.962483614999655, 46.547121765001066, 2.0287764761581 ], [ 35.956237473001238, 46.548408585002107, 2.015876476158155 ], [ 35.950000000000728, 46.549460279935374, 2.005376476158062 ], [ 35.949901636000504, 46.549476865000543, 2.005276476158087 ], [ 35.949164178557112, 46.549582089281103, 2.004176476158136 ], [ 35.946235278661334, 46.549999999999272, 1.999976476158054 ], [ 35.943499326001984, 46.550390380003591, 1.999976476158054 ], [ 35.93328360763735, 46.55164180382053, 1.999976476158054 ], [ 35.930000000000291, 46.552044045212824, 1.999976476158054 ], [ 35.917591282999638, 46.553564110998195, 1.999976476158054 ], [ 35.917236944944307, 46.553618472475137, 1.999976476158054 ], [ 35.909999999999854, 46.554728742707084, 1.999976476158054 ], [ 35.901932781882351, 46.555966390942558, 1.999976476158054 ], [ 35.889999999999418, 46.557797082294201, 1.999976476158054 ], [ 35.889448706999246, 46.55788166000093, 2.002776476158033 ], [ 35.886442185465057, 46.558221092735039, 2.017776476158133 ], [ 35.879658640000343, 46.558986947002268, 2.010176476158222 ], [ 35.870000000004438, 46.559639989207426, 2.003576476158059 ], [ 35.869365745176765, 46.55968287259202, 2.00317647615816 ], [ 35.864675359947796, 46.56000000000131, 1.999976476158054 ], [ 35.863189120002062, 46.56010048799908, 1.998976476158077 ], [ 35.850955072710349, 46.560477536357212, 1.995176476158122 ], [ 35.850000000004002, 46.560506971311042, 1.994976476158172 ], [ 35.849938879999172, 46.56050885500008, 1.994876476158197 ], [ 35.836672715999157, 46.560566352000023, 1.994376476158095 ], [ 35.830866096286627, 46.56043304814375, 1.995676476158224 ], [ 35.830000000001746, 46.560413164977945, 1.995876476158173 ], [ 35.829209944979084, 46.560395027509003, 1.996076476158123 ], [ 35.82343500800016, 46.560262451001108, 1.997376476158024 ], [ 35.818873407890351, 46.56000000000131, 1.999976476158054 ], [ 35.810275976002231, 46.559505348002858, 2.004976476158163 ], [ 35.81000000000131, 46.559475754085724, 2.005276476158087 ], [ 35.808665247330282, 46.559332623666705, 2.006676476158191 ], [ 35.797259793000194, 46.558109575000344, 2.018876476158084 ], [ 35.790831364000042, 46.557083592999334, 2.029176476158227 ], [ 35.790000000000873, 46.556913927439382, 2.030876476158028 ], [ 35.783720822999385, 46.555632467001487, 2.012276476158149 ], [ 35.779004818099565, 46.554502409047927, 1.999976476158054 ], [ 35.776674196000386, 46.553943941004036, 1.993976476158196 ], [ 35.770000000000437, 46.55217380824979, 1.978276476158044 ], [ 35.76343179700234, 46.550431787001799, 1.995676476158224 ], [ 35.76194779438265, 46.549999999999272, 1.999976476158054 ], [ 35.757234786000481, 46.548628698003085, 2.013676476158025 ], [ 35.751103272001274, 46.546624650001831, 2.033776476158209 ], [ 35.75, 46.546205787775762, 2.037976476158065 ], [ 35.744350757000575, 46.544061027003409, 2.03117647615818 ], [ 35.737708260001455, 46.54117791900353, 2.026776476158147 ], [ 35.735276823694221, 46.540000000002692, 2.026376476158021 ], [ 35.731175139999323, 46.538012923001588, 2.025776476158171 ], [ 35.729999999999563, 46.537386840651379, 2.026176476158071 ], [ 35.723046390003219, 46.533682147999571, 1.993676476158043 ], [ 35.722852108505322, 46.533573945751414, 1.992776476158042 ], [ 35.716434945179572, 46.530000000002474, 1.964376476158122 ], [ 35.709999999999127, 46.526416150913064, 1.971676476158109 ], [ 35.698479542990754, 46.520000000000437, 1.984776476158231 ], [ 35.694906882999931, 46.518010259000221, 1.988876476158111 ], [ 35.690000000000509, 46.515186294534942, 1.996276476158073 ], [ 35.680988363779761, 46.510000000003856, 2.00987647615807 ], [ 35.67, 46.503676077289128, 1.963276476158171 ], [ 35.668475891001435, 46.502798936000545, 1.964376476158122 ], [ 35.6633856618555, 46.500000000001819, 1.966976476158152 ], [ 35.662058402002003, 46.499270187003276, 1.967576476158229 ], [ 35.650000000003274, 46.493122938893066, 1.968776476158155 ], [ 35.649048033001236, 46.492637635999927, 1.959376476158241 ], [ 35.646842393087354, 46.491578803454104, 1.936876476158204 ], [ 35.643553608721049, 46.490000000001601, 1.967776476158178 ], [ 35.63663890333919, 46.486680548330696, 1.999576476158154 ], [ 35.630000000002838, 46.483493497324162, 2.030176476158204 ], [ 35.625045733999286, 46.481115168002361, 2.05287647615819 ], [ 35.622973693722088, 46.479999999999563, 2.064876476158133 ], [ 35.619256927999231, 46.477999644001102, 2.066276476158237 ], [ 35.613640723000572, 46.474637446999623, 2.071876476158195 ], [ 35.610000000000582, 46.472138703060409, 2.078576476158105 ], [ 35.6081972134034, 46.470901393297027, 2.063976476158132 ], [ 35.606883864220435, 46.470000000002983, 2.053276476158089 ], [ 35.606568507999327, 46.46978356100044, 2.05067647615806 ], [ 35.600618083557492, 46.465309041775981, 2.006176476158089 ], [ 35.593557872081874, 46.460000000002765, 1.953376476158155 ], [ 35.590000000000146, 46.457324599756248, 1.95347647615813 ], [ 35.582170701, 46.451437230003648, 1.953776476158055 ], [ 35.580140554315221, 46.450000000000728, 1.952076476158027 ], [ 35.577400600001056, 46.448060266002358, 1.930376476158244 ], [ 35.575879633950535, 46.447060183027133, 1.917576476158047 ], [ 35.569999999999709, 46.443194138935723, 1.936076476158178 ], [ 35.568276629999673, 46.44206096900416, 1.950176476158049 ], [ 35.564850301348997, 46.440000000004147, 1.974276476158138 ], [ 35.555728870003804, 46.434513373003938, 1.983476476158103 ], [ 35.549999999999272, 46.431286983472091, 1.987176476158083 ], [ 35.547714795151478, 46.43000000000211, 1.988576476158187 ], [ 35.530000000000655, 46.420023367680187, 1.999776476158104 ], [ 35.529958507679112, 46.420000000001892, 1.999776476158104 ], [ 35.525399571999515, 46.417432495003595, 2.002676476158058 ], [ 35.52065182961087, 46.414674085195657, 2.006476476158241 ], [ 35.516005079000024, 46.411974351003664, 2.010276476158197 ], [ 35.512832807677114, 46.409999999999854, 2.014176476158127 ], [ 35.511570840511922, 46.409214579745822, 2.007876476158117 ], [ 35.510000000000218, 46.408236923609365, 2.017676476158158 ], [ 35.505391067999881, 46.405368427002031, 2.023276476158117 ], [ 35.499573831000816, 46.401413108002089, 2.033776476158209 ], [ 35.497670423927048, 46.400000000003274, 2.038376476158192 ], [ 35.494583510037046, 46.397708244981914, 2.022876476158217 ], [ 35.494000386001062, 46.397275328003161, 2.019976476158035 ], [ 35.489999999999782, 46.394018291945031, 1.999976476158054 ], [ 35.485064617483658, 46.390000000001237, 1.975276476158115 ], [ 35.47721024180828, 46.383605120903667, 1.999976476158054 ], [ 35.476031206000698, 46.382645173003766, 2.003676476158034 ], [ 35.472853221339392, 46.380000000001019, 2.014276476158102 ], [ 35.470592784000473, 46.378118541004369, 2.00297647615821 ], [ 35.469999999999345, 46.377598834176752, 1.999976476158054 ], [ 35.463808446000257, 46.372170561999155, 1.969076476158079 ], [ 35.461500337085454, 46.370000000004438, 1.957476476158035 ], [ 35.451850557343278, 46.360925278675495, 1.999976476158054 ], [ 35.450866644443522, 46.360000000002401, 1.999976476158054 ], [ 35.450574958000288, 46.359725696000169, 2.002776476158033 ], [ 35.450566185536445, 46.359716907232723, 2.002876476158235 ], [ 35.450000000002547, 46.359149669657199, 1.999976476158054 ], [ 35.440867300079844, 46.350000000002183, 1.954376476158131 ], [ 35.437795974001347, 46.346922967000864, 1.969776476158131 ], [ 35.43214083534258, 46.341070417674928, 1.999976476158054 ], [ 35.431106523623384, 46.340000000000146, 2.00557647615824 ], [ 35.43000000000211, 46.338854849636846, 1.999976476158054 ], [ 35.425104111001929, 46.333788054002071, 1.975476476158065 ], [ 35.42130606200044, 46.330176186003882, 1.956576476158034 ], [ 35.421105309893392, 46.330000000003565, 1.955576476158058 ], [ 35.417074723811311, 46.326462638096928, 1.970776476158107 ], [ 35.413353284999175, 46.323196593004468, 1.984776476158231 ], [ 35.410000000001673, 46.320417746224848, 1.995776476158198 ], [ 35.409495898024034, 46.320000000001528, 1.994976476158172 ], [ 35.408729072118149, 46.319364536058856, 1.993676476158043 ], [ 35.39742871596718, 46.31000000000131, 1.974276476158138 ], [ 35.394633220314063, 46.307683389843078, 1.992676476158067 ], [ 35.390000000001237, 46.30384386849255, 2.023076476158167 ], [ 35.385361533910327, 46.299999999999272, 2.030376476158153 ], [ 35.384233326001777, 46.299065061004512, 2.022876476158217 ], [ 35.379711097735708, 46.295144451136366, 1.994176476158145 ], [ 35.375767494002503, 46.291725487999429, 2.023176476158142 ], [ 35.373848133576757, 46.290000000002692, 2.038476476158166 ], [ 35.372472809065584, 46.288763595472119, 2.037076476158063 ], [ 35.371760836002068, 46.288123538000946, 2.036376476158239 ], [ 35.3700000000008, 46.286441316537093, 2.035576476158212 ], [ 35.363406541999211, 46.280142231002174, 1.999676476158129 ], [ 35.363267746173733, 46.280000000000655, 1.998976476158077 ], [ 35.356853019473419, 46.273426509738783, 2.034276476158084 ], [ 35.353509267126356, 46.270000000000437, 2.03507647615811 ], [ 35.35235849898163, 46.268820750508894, 2.035376476158035 ], [ 35.352300053002182, 46.268760857999951, 2.036276476158037 ], [ 35.350000000000364, 46.266148250146216, 2.077076476158027 ], [ 35.3471054799993, 46.262860393000665, 2.099376476158113 ], [ 35.344857034502638, 46.260000000000218, 2.122876476158126 ], [ 35.342290877000778, 46.256735425000443, 2.084376476158241 ], [ 35.341680220428316, 46.255840110216013, 2.075176476158049 ], [ 35.337696926793797, 46.25, 2.015476476158028 ], [ 35.337050755999371, 46.249052616001791, 2.015276476158078 ], [ 35.331932763912846, 46.24096638195806, 2.019376476158186 ], [ 35.331321115132596, 46.24000000000342, 2.013176476158151 ], [ 35.33, 46.23791268802961, 1.999976476158054 ], [ 35.326195753932552, 46.231902123035979, 1.942976476158037 ], [ 35.326051953001297, 46.231674923001265, 1.940776476158135 ], [ 35.324900576868458, 46.229999999999563, 1.923476476158157 ], [ 35.321253138999964, 46.224694021000687, 1.921876476158104 ], [ 35.321076439347962, 46.224461780328056, 1.92157647615818 ], [ 35.317681706443182, 46.220000000002983, 1.976776476158193 ], [ 35.315564745886149, 46.217217627059654, 1.983476476158103 ], [ 35.31535113800237, 46.21693687700099, 1.984176476158154 ], [ 35.309999999999491, 46.21036405529594, 1.996376476158048 ], [ 35.309703611294026, 46.209999999999127, 1.997076476158099 ], [ 35.309500132461835, 46.209750066231209, 1.997476476158226 ], [ 35.305424603000574, 46.204744079001102, 2.006776476158166 ], [ 35.30143136422339, 46.200000000002547, 2.014276476158102 ], [ 35.29520441033128, 46.192602205166622, 2.025976476158121 ], [ 35.293014053348088, 46.190000000000509, 2.030176476158204 ], [ 35.290000000002692, 46.186419220592143, 1.999976476158054 ], [ 35.289469049001127, 46.185788435999712, 1.99467647615802 ], [ 35.286403763000635, 46.182277492000139, 1.964076476158198 ], [ 35.284204156112537, 46.180000000000291, 1.942076476158036 ], [ 35.280277633000878, 46.175934444001541, 1.943476476158139 ], [ 35.279528119373936, 46.175235940312632, 1.942876476158062 ], [ 35.27703930700045, 46.172916510004143, 1.941276476158237 ], [ 35.273609040637893, 46.17, 1.936076476158178 ], [ 35.271967856999254, 46.168604619002508, 1.933676476158098 ], [ 35.270000000002256, 46.167120559450268, 1.928776476158191 ], [ 35.266636478001601, 46.164583959000083, 1.937376476158079 ], [ 35.26120981400345, 46.160973035001007, 1.946276476158118 ], [ 35.259604659324395, 46.159999999999854, 1.947976476158146 ], [ 35.255598146000921, 46.157571276000454, 1.976576476158243 ], [ 35.250000000001819, 46.154393357306617, 2.012176476158174 ], [ 35.242260766261097, 46.149999999999636, 2.022576476158065 ], [ 35.236518951393009, 46.146740524303823, 1.997776476158151 ], [ 35.230569199000456, 46.14336300800278, 2.035576476158212 ], [ 35.230000000001382, 46.143029642887996, 2.039376476158168 ], [ 35.224827084091885, 46.139999999999418, 2.048276476158208 ], [ 35.221088061000046, 46.137810151001759, 2.032776476158233 ], [ 35.210000000000946, 46.130866873851119, 1.991376476158166 ], [ 35.2092302624078, 46.130384868796682, 1.988476476158212 ], [ 35.208615646488397, 46.130000000002838, 1.986176476158107 ], [ 35.203130624897312, 46.126565312450111, 1.999976476158054 ], [ 35.203002996002397, 46.126485392001996, 2.000176476158231 ], [ 35.193039371844861, 46.1200000000008, 2.015176476158103 ], [ 35.191718947156915, 46.119140526423507, 2.017176476158056 ], [ 35.190613767001196, 46.11842115699983, 2.018876476158084 ], [ 35.190000000000509, 46.117990282094979, 2.020076476158238 ], [ 35.178618108373485, 46.110000000002401, 1.986176476158107 ], [ 35.17, 46.103949940901657, 1.960476476158192 ], [ 35.164373440296913, 46.100000000000364, 1.971876476158059 ], [ 35.155703943000844, 46.093913864999195, 1.989376476158213 ], [ 35.151092329240782, 46.090546164621628, 1.999976476158054 ], [ 35.150344430081532, 46.090000000001965, 2.001676476158082 ], [ 35.149999999999636, 46.089748474747466, 2.002476476158108 ], [ 35.144034617000216, 46.085392163999131, 2.016276476158055 ], [ 35.138510463000785, 46.080905821001579, 2.033476476158057 ], [ 35.137516577209681, 46.08, 2.037576476158165 ], [ 35.134853755871518, 46.077573122065587, 2.024276476158093 ], [ 35.133309651002492, 46.076165835000211, 2.016576476158207 ], [ 35.1300340100006, 46.072811882000678, 2.000176476158231 ], [ 35.1299999999992, 46.072773465723003, 1.999976476158054 ], [ 35.127544645916714, 46.069999999999709, 1.999976476158054 ], [ 35.125594585160798, 46.067797292582327, 1.999976476158054 ], [ 35.121009481999863, 46.062618150999697, 1.999976476158054 ], [ 35.118889902285446, 46.059999999999491, 1.999976476158054 ], [ 35.115363780001644, 46.055644457001108, 1.999976476158054 ], [ 35.111956542155895, 46.050978271077838, 1.999976476158054 ], [ 35.111242210947239, 46.049999999999272, 2.006176476158089 ], [ 35.110077269000612, 46.048404621002192, 2.000376476158181 ], [ 35.110000000002401, 46.04828283329698, 1.999976476158054 ], [ 35.106010488423635, 46.041994755791166, 1.980076476158047 ], [ 35.105512753001676, 46.041210249002688, 1.987876476158135 ], [ 35.104865906225314, 46.040000000002692, 1.999976476158054 ], [ 35.10173095915161, 46.034134520425141, 1.999976476158054 ], [ 35.101538405002429, 46.033774252002331, 1.999976476158054 ], [ 35.099938503783051, 46.030000000000655, 1.999976476158054 ], [ 35.098294355999315, 46.026121368000531, 1.999976476158054 ], [ 35.098225439940506, 46.025887280031384, 1.999976476158054 ], [ 35.096492210634096, 46.020000000002256, 1.999976476158054 ], [ 35.095980370000689, 46.018261425000674, 2.017376476158233 ], [ 35.095773961127634, 46.017113019439421, 2.028876476158075 ], [ 35.095181241000319, 46.013815278001857, 2.025876476158146 ], [ 35.094798976755555, 46.010000000000218, 2.023976476158168 ], [ 35.094731366001724, 46.009325195000201, 2.023676476158244 ], [ 35.09481719746509, 46.002408598731563, 2.024076476158143 ], [ 35.094843461001801, 46.000292192002235, 2.002876476158235 ], [ 35.094887319834015, 46.000000000001819, 1.999976476158054 ], [ 35.095942364912844, 45.992971182458859, 1.999976476158054 ], [ 35.096054913999978, 45.992221369002436, 1.999976476158054 ], [ 35.096641035223001, 45.989999999999782, 1.999976476158054 ], [ 35.098156223000842, 45.984257517002334, 1.999976476158054 ], [ 35.098211748156245, 45.984105874078523, 1.999976476158054 ], [ 35.099715143633148, 45.980000000001382, 1.999976476158054 ], [ 35.101008575002197, 45.976467552000031, 1.999976476158054 ], [ 35.101373821884408, 45.975686910944205, 1.999976476158054 ], [ 35.104034617739671, 45.969999999999345, 1.999976476158054 ], [ 35.104534909, 45.96893072900275, 1.999976476158054 ], [ 35.108714865002185, 45.961743658999694, 1.999976476158054 ], [ 35.109965616169575, 45.960017191919178, 1.999976476158054 ], [ 35.10997807097192, 45.960000000000946, 1.999976476158054 ], [ 35.110000000002401, 45.959969730394732, 1.999976476158054 ], [ 35.11358177799957, 45.955025643999761, 1.999976476158054 ], [ 35.115573546299856, 45.952786773154003, 1.999976476158054 ], [ 35.11805274532162, 45.950000000002547, 2.040276476158169 ], [ 35.118166554000709, 45.949872072000289, 2.040876476158246 ], [ 35.122086185509033, 45.946043092755644, 2.060476476158101 ], [ 35.12312462400223, 45.945028671001637, 2.05027647615816 ], [ 35.128316827001981, 45.940393916001995, 2.003976476158186 ], [ 35.128775899662287, 45.940000000000509, 1.999976476158054 ], [ 35.129226576455039, 45.939613288230248, 1.999976476158054 ], [ 35.1299999999992, 45.938949637484257, 1.999976476158054 ], [ 35.140429974539074, 45.93000000000211, 1.999976476158054 ], [ 35.144094799999948, 45.92685532699943, 1.999976476158054 ], [ 35.149999999999636, 45.921536993213522, 1.999976476158054 ], [ 35.151097367306647, 45.920548683656307, 2.005476476158037 ], [ 35.151706596971053, 45.92, 1.999976476158054 ], [ 35.157351082001696, 45.914916470999742, 1.999976476158054 ], [ 35.15829561031569, 45.914147805156972, 1.999976476158054 ], [ 35.163392388631109, 45.910000000001673, 1.999976476158054 ], [ 35.164105181002014, 45.909419923000314, 1.999976476158054 ], [ 35.1660162415792, 45.908008120790328, 1.999976476158054 ], [ 35.17, 45.905065106309848, 1.999976476158054 ], [ 35.171082730001217, 45.904265236000356, 2.005376476158062 ], [ 35.174244944240854, 45.902122472120027, 2.021176476158189 ], [ 35.177377212627107, 45.899999999999636, 1.999976476158054 ], [ 35.186222443000588, 45.894006339001862, 1.999976476158054 ], [ 35.190000000000509, 45.891060240175648, 1.999976476158054 ], [ 35.190828380415041, 45.890414190207593, 2.004176476158136 ], [ 35.191359464810375, 45.890000000001237, 1.999976476158054 ], [ 35.192794845999742, 45.888880553002309, 1.999976476158054 ], [ 35.198238648257757, 45.884119324129642, 1.999976476158054 ], [ 35.202948521819053, 45.8799999999992, 1.999976476158054 ], [ 35.210000000000946, 45.873832674309597, 1.999976476158054 ], [ 35.212080741999671, 45.872012826999708, 2.010376476158171 ], [ 35.212807251256891, 45.871403625631501, 2.014076476158152 ], [ 35.214481159200659, 45.8700000000008, 2.022376476158115 ], [ 35.220278121487354, 45.865139060748334, 2.051376476158111 ], [ 35.226406760370082, 45.860000000002401, 1.999976476158054 ], [ 35.228703270999176, 45.858074302001114, 1.999976476158054 ], [ 35.230000000001382, 45.856936931575547, 1.999976476158054 ], [ 35.235655057000258, 45.851976840001953, 1.999976476158054 ], [ 35.23781473587951, 45.850000000000364, 1.999976476158054 ], [ 35.242504709001878, 45.845707081001819, 1.999976476158054 ], [ 35.246778631091729, 45.841610684454281, 1.999976476158054 ], [ 35.24845911777993, 45.840000000001965, 1.999976476158054 ], [ 35.250000000001819, 45.838523121277831, 1.999976476158054 ], [ 35.255843906075825, 45.832921953038749, 2.029176476158227 ], [ 35.255937531001109, 45.832832217000032, 2.028276476158226 ], [ 35.258771135981078, 45.83, 1.999976476158054 ], [ 35.262515313324911, 45.826257656663074, 1.999976476158054 ], [ 35.26877603666253, 45.820000000001528, 1.999976476158054 ], [ 35.269027838001421, 45.819748322001033, 1.999976476158054 ], [ 35.269181029230822, 45.819590514614902, 1.999976476158054 ], [ 35.270000000002256, 45.818746865543289, 1.999976476158054 ], [ 35.275716407497384, 45.812858203749784, 1.999976476158054 ], [ 35.278491003478848, 45.809999999999491, 1.999976476158054 ], [ 35.286499369743979, 45.80175031512772, 1.999976476158054 ], [ 35.28819848490275, 45.800000000001091, 1.999976476158054 ], [ 35.288787164035966, 45.799393582019547, 1.999976476158054 ], [ 35.290000000002692, 45.798144199285161, 1.999976476158054 ], [ 35.294340288999592, 45.79367312300019, 2.021676476158063 ], [ 35.29540207518221, 45.79270103759518, 2.026976476158097 ], [ 35.29835235543942, 45.790000000002692, 1.999976476158054 ], [ 35.299417998001445, 45.789024384001095, 1.999976476158054 ], [ 35.302647223092208, 45.786323611548141, 1.999976476158054 ], [ 35.304714964000596, 45.784594250002556, 1.999976476158054 ], [ 35.309999999999491, 45.780433993462793, 1.999976476158054 ], [ 35.31015081300211, 45.780315276999318, 2.00077647615808 ], [ 35.310340015585098, 45.780170007794368, 2.001676476158082 ], [ 35.310561438371224, 45.780000000000655, 2.002776476158033 ], [ 35.311609691319973, 45.779195154340414, 1.999976476158054 ], [ 35.323585711254054, 45.770000000002256, 1.999976476158054 ], [ 35.33, 45.7650751271849, 1.999976476158054 ], [ 35.33375140499993, 45.762194809001812, 2.018776476158109 ], [ 35.334013759475056, 45.762006879736873, 2.020076476158238 ], [ 35.336815419359482, 45.760000000000218, 2.034076476158134 ], [ 35.339352651000809, 45.758182535002561, 2.046776476158129 ], [ 35.342378598827054, 45.756189299414473, 2.061876476158204 ], [ 35.345197947000997, 45.754332153999712, 2.043276476158098 ], [ 35.350000000000364, 45.751373630508169, 2.013776476158228 ], [ 35.351230746333385, 45.750615373166511, 2.006176476158089 ], [ 35.351238734001527, 45.750610451999819, 2.006176476158089 ], [ 35.352305485310353, 45.750000000001819, 2.011576476158098 ], [ 35.360556573938084, 45.745278286969551, 2.052776476158215 ], [ 35.36375322800086, 45.743448990999241, 2.034476476158034 ], [ 35.3700000000008, 45.740136752598119, 2.001376476158157 ], [ 35.37025791087035, 45.739999999999782, 2.001276476158182 ], [ 35.379839291159442, 45.734919645577975, 2.049176476158209 ], [ 35.383199180001611, 45.733138125000551, 2.03137647615813 ], [ 35.389389349604244, 45.730000000001382, 1.999976476158054 ], [ 35.389692566535814, 45.72984628326958, 1.999976476158054 ], [ 35.390000000001237, 45.729690428957838, 1.999976476158054 ], [ 35.399623516719657, 45.724811758358555, 2.04807647615803 ], [ 35.403047326000888, 45.723076047999712, 2.030776476158053 ], [ 35.409231917949, 45.719999999999345, 1.999976476158054 ], [ 35.410000000001673, 45.719617976856171, 1.999976476158054 ], [ 35.4196433114721, 45.714821655736159, 2.048176476158233 ], [ 35.42933755982267, 45.710000000000946, 1.999976476158054 ], [ 35.429669652374287, 45.709834826187944, 1.999976476158054 ], [ 35.43000000000211, 45.709670520256623, 1.999976476158054 ], [ 35.439695993274654, 45.704847996637909, 2.048476476158157 ], [ 35.449443201692702, 45.700000000002547, 1.999976476158054 ], [ 35.44972233417684, 45.699861167089693, 1.999976476158054 ], [ 35.450000000002547, 45.699723063651618, 1.999976476158054 ], [ 35.459748675079027, 45.69487433753784, 2.048776476158082 ], [ 35.469548843564553, 45.690000000000509, 1.999976476158054 ], [ 35.469999999999345, 45.689775607046613, 1.999976476158054 ], [ 35.479801356876123, 45.68490067843959, 2.048976476158032 ], [ 35.489654485438223, 45.68000000000211, 1.999976476158054 ], [ 35.48982769777831, 45.679913848891374, 1.999976476158054 ], [ 35.489999999999782, 45.679828150447065, 1.999976476158054 ], [ 35.509760127311893, 45.67, 1.999976476158054 ], [ 35.509880379580864, 45.669940189789486, 1.999976476158054 ], [ 35.510000000000218, 45.669880693843879, 1.999976476158054 ], [ 35.516607932000625, 45.666594088001148, 1.999976476158054 ], [ 35.529757500577034, 45.660000000001673, 1.999976476158054 ], [ 35.530000000000655, 45.659878394297266, 1.999976476158054 ], [ 35.539863913960289, 45.654931956980363, 2.049276476158184 ], [ 35.549698952030667, 45.649999999999636, 1.999976476158054 ], [ 35.549849255368827, 45.649924627685323, 1.999976476158054 ], [ 35.549999999999272, 45.649849034072759, 1.999976476158054 ], [ 35.559834596775545, 45.644917298390283, 2.049176476158209 ], [ 35.569640403486119, 45.640000000001237, 1.999976476158054 ], [ 35.569819938182263, 45.639909969091605, 1.999976476158054 ], [ 35.569999999999709, 45.63981967385007, 1.999976476158054 ], [ 35.57980527959262, 45.634902639796564, 2.048976476158032 ], [ 35.589581854937933, 45.6299999999992, 1.999976476158054 ], [ 35.590000000000146, 45.629790313629201, 1.999976476158054 ], [ 35.599775962404237, 45.624887981202846, 2.048876476158057 ], [ 35.609523306393385, 45.6200000000008, 1.999976476158054 ], [ 35.609761303812775, 45.619880651907806, 1.999976476158054 ], [ 35.610000000000582, 45.619760953404693, 1.999976476158054 ], [ 35.619746645219493, 45.614873322609128, 2.048776476158082 ], [ 35.629464757845199, 45.610000000002401, 1.999976476158054 ], [ 35.629731986629849, 45.609865993314088, 1.999976476158054 ], [ 35.630000000002838, 45.609731593180186, 1.999976476158054 ], [ 35.639717328036568, 45.604858664019048, 2.048576476158132 ], [ 35.643271139999342, 45.603076540999609, 2.030776476158053 ], [ 35.649544810979933, 45.600000000000364, 1.999976476158054 ], [ 35.650000000003274, 45.599776780187312, 1.999976476158054 ], [ 35.659871653879236, 45.594935826939036, 2.049376476158159 ], [ 35.66331240800173, 45.593248518000109, 2.032476476158081 ], [ 35.67, 45.590082835055, 2.000876476158055 ], [ 35.670085101593941, 45.590042550798898, 2.000376476158181 ], [ 35.67017499132271, 45.590000000001965, 2.000876476158055 ], [ 35.676721399000598, 45.586901148999459, 2.002576476158083 ], [ 35.690000000000509, 45.580947163150995, 2.00947647615817 ], [ 35.690201806999539, 45.580856675001996, 2.008576476158169 ], [ 35.691022788641931, 45.580511394322457, 2.005076476158138 ], [ 35.692238742425616, 45.58, 1.999976476158054 ], [ 35.696982256002229, 45.578005018001932, 1.999976476158054 ], [ 35.709999999999127, 45.573057043884546, 1.999976476158054 ], [ 35.710662027000581, 45.572805411000445, 2.003276476158135 ], [ 35.713653592567425, 45.571826796285677, 2.018276476158235 ], [ 35.719237997502205, 45.570000000001528, 1.999976476158054 ], [ 35.725743669305302, 45.567871834653488, 1.999976476158054 ], [ 35.729999999999563, 45.566479484137744, 1.999976476158054 ], [ 35.73614761799945, 45.564468447000763, 1.999976476158054 ], [ 35.748945835090126, 45.559999999999491, 1.999976476158054 ], [ 35.749566555698038, 45.5597832778476, 1.999976476158054 ], [ 35.75, 45.559631942478518, 1.999976476158054 ], [ 35.756805668999732, 45.557255769999756, 1.999976476158054 ], [ 35.761522199645697, 45.555761099822121, 1.999976476158054 ], [ 35.770000000000437, 45.553074481986187, 1.999976476158054 ], [ 35.770675228000982, 45.55286050200084, 2.00337647615811 ], [ 35.77394116150208, 45.551970580749185, 2.019676476158111 ], [ 35.77693898400139, 45.551153716000044, 2.011576476158098 ], [ 35.781568520103974, 45.550000000001091, 1.999976476158054 ], [ 35.787195451062871, 45.548597725533909, 1.999976476158054 ], [ 35.790000000000873, 45.547898810369588, 1.999976476158054 ], [ 35.800542884797323, 45.545271442397279, 1.999976476158054 ], [ 35.803610380000464, 45.544506999001896, 1.999976476158054 ], [ 35.81000000000131, 45.543071316104033, 1.999976476158054 ], [ 35.810688505001963, 45.542916616001094, 2.003476476158085 ], [ 35.814386647351057, 45.542193323673928, 2.021976476158216 ], [ 35.817060953000691, 45.541670275999422, 2.016676476158182 ], [ 35.826796169665613, 45.540000000002692, 1.999976476158054 ], [ 35.830000000001746, 45.539450317224691, 1.999976476158054 ], [ 35.844071965955663, 45.537035982977613, 1.999976476158054 ], [ 35.849096769001335, 45.536173875001623, 1.999976476158054 ], [ 35.850000000004002, 45.535975948012492, 1.999976476158054 ], [ 35.864327209766998, 45.532836395117556, 1.999976476158054 ], [ 35.870000000004438, 45.531593304152921, 1.999976476158054 ], [ 35.870357625002725, 45.531514937001702, 2.001776476158057 ], [ 35.872256028851552, 45.53112801442694, 2.011276476158173 ], [ 35.877790539021589, 45.530000000000655, 1.999976476158054 ], [ 35.886464314449768, 45.52823215722492, 1.999976476158054 ], [ 35.889999999999418, 45.527511532600329, 1.999976476158054 ], [ 35.900672600046164, 45.525336300024719, 1.999976476158054 ], [ 35.903662320999501, 45.524726951000048, 1.999976476158054 ], [ 35.909999999999854, 45.5235941286046, 1.999976476158054 ], [ 35.910814106000544, 45.52344861200072, 2.004076476158161 ], [ 35.915662814033567, 45.522831407015474, 2.028276476158226 ], [ 35.923758465001811, 45.521800889999213, 2.017976476158083 ], [ 35.930000000000291, 45.521321393820472, 2.013176476158151 ], [ 35.932290811593703, 45.521145405797142, 2.011476476158123 ], [ 35.936854299001425, 45.520794823001779, 2.007976476158092 ], [ 35.950000000000728, 45.520212047167661, 2.002076476158209 ], [ 35.950049539002066, 45.52020985099989, 2.002076476158209 ], [ 35.950405144558317, 45.520202572279231, 2.001976476158234 ], [ 35.960301912773502, 45.520000000002256, 1.999976476158054 ], [ 35.969618602164701, 45.519809301084024, 1.999976476158054 ], [ 35.969953364001412, 45.519802449000053, 1.999976476158054 ], [ 35.970000000001164, 45.519802297279966, 1.999976476158054 ], [ 35.989477860048282, 45.519738930024687, 1.999976476158054 ], [ 35.990000000001601, 45.51973723134688, 1.999976476158054 ], [ 36.003261117000875, 45.519694089000041, 1.999976476158054 ], [ 36.009419132395124, 45.51970956619698, 1.999976476158054 ], [ 36.010000000002037, 45.519711026116056, 1.999976476158054 ], [ 36.029520173971832, 45.519760086986935, 1.999976476158054 ], [ 36.030000000002474, 45.519761292955081, 1.999976476158054 ], [ 36.049621215548541, 45.519810607773252, 1.999976476158054 ], [ 36.049999999999272, 45.51981155978865, 1.999976476158054 ], [ 36.069722257121612, 45.519861128563207, 1.999976476158054 ], [ 36.069999999999709, 45.519861826625856, 1.999976476158054 ], [ 36.08982329869832, 45.519911649349524, 1.999976476158054 ], [ 36.090000000000146, 45.519912093459425, 1.999976476158054 ], [ 36.10992434027321, 45.519962170139479, 2.099576476158063 ], [ 36.110000000000582, 45.519962360296631, 2.099576476158063 ], [ 36.124975959357471, 45.520000000002256, 2.025076476158119 ], [ 36.130000000001019, 45.520012627135657, 2.000076476158029 ], [ 36.130025381849919, 45.520012690923977, 2.000176476158231 ], [ 36.150000000001455, 45.520062893967406, 2.000676476158105 ], [ 36.150126423426627, 45.520063211713932, 2.000676476158105 ], [ 36.170000000001892, 45.520113160802794, 2.001176476158207 ], [ 36.170227465001517, 45.520113732500249, 2.001176476158207 ], [ 36.190000000002328, 45.52016342764, 2.001676476158082 ], [ 36.190328506578226, 45.520164253290204, 2.001676476158082 ], [ 36.200044540000818, 45.52018867300103, 2.001876476158031 ], [ 36.209999999999127, 45.520079878542674, 2.00077647615808 ], [ 36.210156340075628, 45.520078170036868, 2.00077647615808 ], [ 36.217309449548338, 45.520000000002256, 1.999976476158054 ], [ 36.229728564840116, 45.519864282419803, 1.999976476158054 ], [ 36.229967345001569, 45.519861673001287, 1.998776476158127 ], [ 36.229999999999563, 45.519860695094394, 1.998576476158178 ], [ 36.243207081002765, 45.519465187002424, 1.99467647615802 ], [ 36.248392403209436, 45.519196201605155, 1.991976476158243 ], [ 36.25, 45.519112808511636, 1.991176476158216 ], [ 36.256379111999195, 45.518781896000291, 1.98777647615816 ], [ 36.265926965976178, 45.517963482987398, 1.979676476158147 ], [ 36.269447996000963, 45.517661670999587, 1.976576476158243 ], [ 36.270000000000437, 45.517593751326785, 1.975976476158166 ], [ 36.282188185368796, 45.516094092685307, 2.021876476158241 ], [ 36.290000000000873, 45.515132911430555, 2.002676476158058 ], [ 36.290030489000856, 45.515129160001379, 2.002576476158083 ], [ 36.298037205075161, 45.514018602534634, 1.980376476158199 ], [ 36.31000000000131, 45.512359324113277, 2.023576476158041 ], [ 36.313693928514112, 45.51184696425662, 2.018476476158185 ], [ 36.327009870137772, 45.510000000000218, 1.999976476158054 ], [ 36.330000000001746, 45.509585259298547, 1.991676476158091 ], [ 36.342815795002025, 45.507807666999724, 1.956176476158134 ], [ 36.344852490999983, 45.507426245501847, 1.948476476158021 ], [ 36.350000000002183, 45.506462247631134, 1.964576476158072 ], [ 36.354553705999933, 45.505609453999568, 1.978876476158121 ], [ 36.3591794319982, 45.504589716001647, 1.991776476158066 ], [ 36.370000000002619, 45.502204329493907, 2.02207647615819 ], [ 36.370494633001726, 45.502095288000419, 2.020976476158239 ], [ 36.380470525236888, 45.500000000001819, 1.999976476158054 ], [ 36.389999999999418, 45.497998475360873, 1.979976476158072 ], [ 36.40126490059447, 45.495632450300036, 2.012676476158049 ], [ 36.405528097999195, 45.494737028999225, 2.024976476158145 ], [ 36.409999999999854, 45.493953306737239, 2.039576476158118 ], [ 36.417297990001316, 45.492674298999191, 2.026776476158147 ], [ 36.427174261312757, 45.491412869343549, 2.014176476158127 ], [ 36.430000000000291, 45.49105195676384, 2.010476476158146 ], [ 36.43024107400197, 45.491021166002611, 2.010176476158222 ], [ 36.431722073222772, 45.490861036612841, 2.008576476158169 ], [ 36.439685599038057, 45.489999999999782, 1.999976476158054 ], [ 36.44816612750401, 45.489083063752332, 1.9816764761581 ], [ 36.450000000000728, 45.488884780810622, 1.988876476158111 ], [ 36.452845836511187, 45.488577081743642, 1.999976476158054 ], [ 36.462744787999327, 45.487506782001219, 1.999976476158054 ], [ 36.46919803000128, 45.486602682000012, 1.999976476158054 ], [ 36.470000000001164, 45.486469594494338, 1.999976476158054 ], [ 36.479714824539769, 45.484857412269776, 2.048576476158132 ], [ 36.490000000001601, 45.483150579895664, 2.031476476158105 ], [ 36.490715759999148, 45.483031798999946, 2.030276476158178 ], [ 36.4971715089996, 45.482138294000833, 2.021376476158139 ], [ 36.508177187011825, 45.480911406497398, 2.009076476158043 ], [ 36.510000000002037, 45.480708203525865, 2.00707647615809 ], [ 36.510162979002416, 45.480690035001317, 2.006876476158141 ], [ 36.511179389392055, 45.480589694696391, 2.005876476158164 ], [ 36.517152779615571, 45.480000000001382, 1.999976476158054 ], [ 36.530000000002474, 45.478731718940253, 1.999976476158054 ], [ 36.539479856002799, 45.47779586499928, 1.999976476158054 ], [ 36.544334957710817, 45.477167478855336, 1.999976476158054 ], [ 36.549183428001925, 45.476539950999722, 1.999976476158054 ], [ 36.549999999999272, 45.476412390467885, 1.999976476158054 ], [ 36.560435609997512, 45.474782195004082, 1.999976476158054 ], [ 36.569999999999709, 45.473288096891338, 2.032876476158208 ], [ 36.570749007001723, 45.47317109100004, 2.031676476158054 ], [ 36.575343426662585, 45.472671713334421, 2.026676476158173 ], [ 36.583748944001854, 45.471758099, 2.017576476158183 ], [ 36.590000000000146, 45.471286131905799, 2.012876476158226 ], [ 36.590298970999356, 45.471263559002182, 2.012676476158049 ], [ 36.603470759000629, 45.470578095002566, 2.005776476158189 ], [ 36.609104867668066, 45.470447566165603, 2.004476476158061 ], [ 36.610000000000582, 45.47042682808933, 2.004276476158111 ], [ 36.610815853427994, 45.47040792671396, 2.004076476158161 ], [ 36.628423483325605, 45.469999999999345, 1.999976476158054 ], [ 36.629930186571073, 45.469965093285282, 1.999676476158129 ], [ 36.629993260999981, 45.469963632001964, 1.999976476158054 ], [ 36.630000000001019, 45.469963604880832, 1.999976476158054 ], [ 36.649768097377091, 45.469884048688982, 1.999976476158054 ], [ 36.650000000001455, 45.469883115401899, 1.999976476158054 ], [ 36.663297242001136, 45.469829600999219, 1.999976476158054 ], [ 36.669684241625873, 45.469842120814064, 1.999976476158054 ], [ 36.670000000001892, 45.469842739763408, 1.999976476158054 ], [ 36.689762958332722, 45.469881479166361, 1.999976476158054 ], [ 36.690000000002328, 45.46988194381629, 1.999976476158054 ], [ 36.709841675037751, 45.469920837518657, 1.999976476158054 ], [ 36.709999999999127, 45.469921147867353, 1.999976476158054 ], [ 36.72992039174278, 45.469960195870954, 1.999976476158054 ], [ 36.729999999999563, 45.469960351920236, 1.999576476158154 ], [ 36.74999910844781, 45.46999955422325, 1.999976476158054 ], [ 36.75, 45.469999555973118, 1.999976476158054 ], [ 36.75022652192456, 45.469999999999345, 1.999976476158054 ], [ 36.770000000000437, 45.470038760024181, 2.000376476158181 ], [ 36.789844680764872, 45.470077659618255, 2.00077647615808 ], [ 36.790000000000873, 45.470077964077063, 2.00077647615808 ], [ 36.790085156999339, 45.470078131000264, 2.00077647615808 ], [ 36.790154891607017, 45.470077445801508, 2.00077647615808 ], [ 36.798036776393928, 45.469999999999345, 1.999976476158054 ], [ 36.809769434557893, 45.469884717278546, 1.998876476158102 ], [ 36.81000000000131, 45.469882451790909, 1.998776476158127 ], [ 36.816730832002577, 45.469816315999196, 1.998176476158051 ], [ 36.828930994550319, 45.46946549727727, 1.99467647615802 ], [ 36.830000000001746, 45.469434757758791, 1.988676476158162 ], [ 36.836634154000421, 45.46924399099953, 1.984876476158206 ], [ 36.84732106742922, 45.468660533715592, 1.973176476158187 ], [ 36.84982383300121, 45.4685238940001, 1.984376476158104 ], [ 36.850000000002183, 45.468508366455353, 1.985076476158156 ], [ 36.862906953001584, 45.467370734000724, 1.973676476158062 ], [ 36.864378633523302, 45.467189316761505, 1.971876476158059 ], [ 36.869391936999818, 45.466571315999317, 1.996976476158125 ], [ 36.870000000002619, 45.466476191919355, 1.999976476158054 ], [ 36.879865658547715, 45.464932829274403, 2.049376476158159 ], [ 36.889999999999418, 45.463347434448224, 2.033476476158057 ], [ 36.890935518002152, 45.463201084001412, 2.031976476158206 ], [ 36.895338225003798, 45.462669112501317, 2.026676476158173 ], [ 36.90382356900227, 45.461643843002093, 2.016476476158232 ], [ 36.909999999999854, 45.461098100668096, 2.010976476158021 ], [ 36.911866379117782, 45.460933189560819, 2.009376476158195 ], [ 36.916717354000866, 45.46050456300145, 2.005076476158138 ], [ 36.923579699707261, 45.460000000000946, 1.999976476158054 ], [ 36.929176914785785, 45.459588457393693, 1.995876476158173 ], [ 36.930000000000291, 45.459527938968677, 1.995276476158097 ], [ 36.946612906325754, 45.458306453163459, 1.983076476158203 ], [ 36.948206405999372, 45.458189289001893, 1.991076476158241 ], [ 36.950000000000728, 45.458021740379991, 1.999976476158054 ], [ 36.957173389999298, 45.457351638002365, 1.999976476158054 ], [ 36.9631809562743, 45.456590478135695, 1.999976476158054 ], [ 36.969999999999345, 45.455726503914775, 1.999976476158054 ], [ 36.97400020600071, 45.455219677000059, 2.019976476158035 ], [ 36.979577859103301, 45.454788929555434, 2.047876476158081 ], [ 36.979621153999688, 45.454785586000071, 2.047876476158081 ], [ 36.985388441002215, 45.454676985000333, 2.046776476158129 ], [ 36.989999999999782, 45.454846889055261, 2.048476476158157 ], [ 36.991264225001942, 45.454893467001966, 2.042576476158047 ], [ 36.99792683799933, 45.455499162999331, 2.015376476158053 ], [ 37.002091994247166, 45.45604599712351, 1.999976476158054 ], [ 37.010000000000218, 45.45708422165626, 1.999976476158054 ], [ 37.02921341714864, 45.459606708573119, 1.999976476158054 ], [ 37.030000000002474, 45.459709977290913, 1.999976476158054 ], [ 37.032209060922469, 45.460000000000946, 1.999976476158054 ], [ 37.043005076999179, 45.461417385002278, 2.014176476158127 ], [ 37.05000000000291, 45.462687460294546, 2.026876476158122 ], [ 37.056289620000825, 45.463829473001169, 2.006876476158141 ], [ 37.058636732781451, 45.464318366390216, 1.999976476158054 ], [ 37.070000000003347, 45.466685285555286, 1.999976476158054 ], [ 37.070123130002685, 45.466710933000286, 1.999976476158054 ], [ 37.087453568681667, 45.469999999999345, 1.999976476158054 ], [ 37.090000000000146, 45.470483275894367, 2.004876476158188 ], [ 37.094207523003206, 45.471281803000238, 2.012776476158024 ], [ 37.09991828999955, 45.472553113999311, 2.025576476158221 ], [ 37.103182339111299, 45.473408830446715, 2.034076476158134 ], [ 37.105423308001264, 45.473996332000752, 2.022876476158217 ], [ 37.11000000000422, 45.475411949973932, 1.999976476158054 ], [ 37.113364394999735, 45.476452591999987, 1.999976476158054 ], [ 37.125831908353575, 45.480000000001382, 1.999976476158054 ], [ 37.129654830001527, 45.481087743999524, 2.010876476158046 ], [ 37.130000000001019, 45.481193541958419, 2.011976476158225 ], [ 37.13781543600453, 45.48358904899942, 2.035876476158137 ], [ 37.140673250496548, 45.484663374752927, 2.046676476158154 ], [ 37.145738978999361, 45.486567711999669, 2.021276476158164 ], [ 37.149999999999636, 45.488531263377809, 1.999976476158054 ], [ 37.153187244122819, 45.489999999999782, 1.999976476158054 ], [ 37.165396602002147, 45.495626280999204, 1.999976476158054 ], [ 37.170000000001892, 45.497538842568247, 1.999976476158054 ], [ 37.171685112998603, 45.498238951999156, 1.999976476158054 ], [ 37.176346501666558, 45.500000000001819, 1.999976476158054 ], [ 37.178144629002418, 45.500679323002259, 1.999976476158054 ], [ 37.184765587002403, 45.502874066, 1.999976476158054 ], [ 37.190000000000509, 45.504314320109188, 1.999976476158054 ], [ 37.191545717998451, 45.504739626001538, 1.999976476158054 ], [ 37.197743159000311, 45.506074573002479, 1.999976476158054 ], [ 37.197823776295991, 45.506088111853387, 1.999976476158054 ], [ 37.204046281003684, 45.507133118000638, 1.999976476158054 ], [ 37.210000000002765, 45.507913594512502, 1.999976476158054 ], [ 37.210433536001801, 45.507970426999236, 1.999976476158054 ], [ 37.22013317800338, 45.508913957999539, 1.999976476158054 ], [ 37.229082569630918, 45.509541284814986, 1.999976476158054 ], [ 37.229931808004039, 45.509600814000805, 1.999976476158054 ], [ 37.230000000001382, 45.509604466424207, 1.999976476158054 ], [ 37.230714525900112, 45.509642737053582, 1.999976476158054 ], [ 37.237384748947079, 45.510000000000218, 1.999976476158054 ], [ 37.250000000003638, 45.510675683821319, 2.006776476158166 ], [ 37.251513495957624, 45.51075674797903, 2.007576476158192 ], [ 37.259558249999827, 45.511187632002475, 2.011876476158022 ], [ 37.269413896001424, 45.511875616002726, 2.018776476158109 ], [ 37.270000000002256, 45.511934869313336, 2.019376476158186 ], [ 37.274850474766936, 45.512425237382558, 2.024276476158093 ], [ 37.282464045998495, 45.513194945999203, 2.031976476158206 ], [ 37.288930088001507, 45.514107700002569, 2.041076476158196 ], [ 37.290000000004511, 45.514294971173513, 2.042976476158174 ], [ 37.296103944003335, 45.51536336999925, 2.023076476158167 ], [ 37.30365334551243, 45.516826672759635, 1.999976476158054 ], [ 37.31000000000131, 45.518056846698528, 1.999976476158054 ], [ 37.320025023467679, 45.520000000002256, 1.999976476158054 ], [ 37.33, 45.521933452691883, 2.019376476158186 ], [ 37.336314970716558, 45.523157485356933, 1.999976476158054 ], [ 37.343845809002232, 45.524617189999844, 1.999976476158054 ], [ 37.350000000002183, 45.52566815416867, 1.999976476158054 ], [ 37.351028188000782, 45.52584374000071, 1.999976476158054 ], [ 37.360761574998833, 45.527085027002613, 1.999976476158054 ], [ 37.364881660156243, 45.527440830075648, 1.999976476158054 ], [ 37.3700000000008, 45.527882840613529, 1.999976476158054 ], [ 37.370590267000807, 45.527933814999415, 1.999976476158054 ], [ 37.383800580997558, 45.528641295999478, 1.999976476158054 ], [ 37.387469472681914, 45.528734736339175, 1.999976476158054 ], [ 37.390000000003056, 45.52879918450526, 1.999976476158054 ], [ 37.40854287928596, 45.529271439643708, 1.999976476158054 ], [ 37.410000000001673, 45.529308549992493, 1.999976476158054 ], [ 37.423736463000751, 45.529658394001672, 1.999976476158054 ], [ 37.429859303696503, 45.52992965184967, 1.999976476158054 ], [ 37.430000000003929, 45.529935885062514, 1.999976476158054 ], [ 37.431447204426149, 45.530000000000655, 1.999976476158054 ], [ 37.440316794001774, 45.530392946000575, 2.003976476158186 ], [ 37.450000000002547, 45.53117181878406, 2.011676476158073 ], [ 37.450178444001722, 45.5311861720038, 2.011876476158022 ], [ 37.459929712000303, 45.532405285001005, 2.024076476158143 ], [ 37.463740900429912, 45.533129549785372, 2.031276476158155 ], [ 37.469518861003962, 45.534227572999953, 2.042276476158122 ], [ 37.469999999999345, 45.534354638370132, 2.043576476158023 ], [ 37.476528460003465, 45.536078757999348, 2.028176476158023 ], [ 37.483421615001134, 45.538307083003019, 2.01597647615813 ], [ 37.48794221154094, 45.540000000002692, 2.010276476158197 ], [ 37.49000000000342, 45.540770620658805, 2.007676476158167 ], [ 37.490202901002704, 45.540846604999388, 2.007476476158217 ], [ 37.496869843003878, 45.543647527003486, 2.002076476158209 ], [ 37.50256831284787, 45.546284156424008, 1.999976476158054 ], [ 37.503412474001379, 45.546674742003233, 1.999976476158054 ], [ 37.509731588470459, 45.549865794237121, 1.999976476158054 ], [ 37.509812646003411, 45.549906726999325, 1.999976476158054 ], [ 37.509982167022827, 45.550000000001091, 2.000076476158029 ], [ 37.510000000000218, 45.550009811973723, 2.000076476158029 ], [ 37.516043079998781, 45.553334804999395, 2.00317647615816 ], [ 37.5220661270032, 45.556962798000313, 2.00927647615822 ], [ 37.526621692588378, 45.559999999999491, 2.016876476158131 ], [ 37.527832227002364, 45.560807065001427, 2.010876476158046 ], [ 37.528053506133801, 45.560973246934736, 2.009776476158095 ], [ 37.530000000004293, 45.562435075325993, 2.024376476158068 ], [ 37.533278063001489, 45.564896919999228, 2.032576476158056 ], [ 37.538324424000166, 45.569275401001505, 2.051176476158162 ], [ 37.539022101838782, 45.570000000001528, 2.054876476158142 ], [ 37.542873828000666, 45.574000352000439, 2.035676476158187 ], [ 37.545877112490416, 45.577938556245499, 2.020576476158112 ], [ 37.547449174691792, 45.58, 2.012776476158024 ], [ 37.548147788000279, 45.580916090999381, 2.00927647615822 ], [ 37.548152703295273, 45.580923648352837, 2.00927647615822 ], [ 37.550000000001091, 45.583763901064231, 1.999976476158054 ], [ 37.554055950722613, 45.590000000001965, 1.979676476158147 ], [ 37.555588067001736, 45.592355657001463, 1.995576476158021 ], [ 37.557843559394314, 45.596078220303752, 2.021576476158089 ], [ 37.560219756533115, 45.600000000000364, 1.997776476158151 ], [ 37.560462178002126, 45.600400103001448, 1.999376476158204 ], [ 37.564102333537448, 45.607051166767633, 2.029476476158152 ], [ 37.565716242528651, 45.610000000002401, 2.021376476158139 ], [ 37.566592151000805, 45.611600405, 2.017076476158081 ], [ 37.570000000003347, 45.618601022588336, 1.999976476158054 ], [ 37.570681011888155, 45.6200000000008, 1.993176476158169 ], [ 37.574462726855927, 45.627768636570181, 1.955376476158108 ], [ 37.574603673003367, 45.628058177000639, 1.957576476158238 ], [ 37.575658102739908, 45.6299999999992, 1.971676476158109 ], [ 37.577724457003569, 45.633805369001493, 1.961376476158193 ], [ 37.577771464244506, 45.633885732122508, 1.961176476158244 ], [ 37.58104296500278, 45.639478658000371, 1.984376476158104 ], [ 37.581366085245463, 45.640000000001237, 1.986376476158057 ], [ 37.586470027979885, 45.648235013988597, 2.017676476158158 ], [ 37.587563940818654, 45.649999999999636, 2.012176476158174 ], [ 37.590000000001965, 45.653930487178513, 1.999976476158054 ], [ 37.590434715000811, 45.654631883000548, 1.991276476158191 ], [ 37.592965109000943, 45.658531291001054, 1.94067647615816 ], [ 37.594016807310254, 45.660000000001673, 1.919676476158202 ], [ 37.597819402002642, 45.665310368001883, 1.896676476158063 ], [ 37.598262311161307, 45.665868844420402, 1.893476476158185 ], [ 37.59975537900209, 45.667751495004268, 1.908676476158234 ], [ 37.601679833198432, 45.67, 1.924776476158058 ], [ 37.603414731003795, 45.672027030001118, 1.919076476158125 ], [ 37.604244641479454, 45.672877679262456, 1.91507647615822 ], [ 37.61000000000422, 45.678776859531354, 1.975576476158039 ], [ 37.610759106999467, 45.679554935999477, 1.979676476158147 ], [ 37.611236206226749, 45.68000000000211, 1.98147647615815 ], [ 37.612664177053375, 45.681332088526688, 1.973376476158137 ], [ 37.614918367000428, 45.683434919001229, 1.960576476158167 ], [ 37.619232138004008, 45.687177865002013, 1.933276476158198 ], [ 37.622853931863574, 45.690000000000509, 1.907176476158156 ], [ 37.625512878998052, 45.692071875999318, 1.908776476158209 ], [ 37.630000000002838, 45.69514786137006, 1.902976476158074 ], [ 37.632121136999558, 45.696601931000259, 1.910876476158137 ], [ 37.637692909782345, 45.700000000002547, 1.92307647615803 ], [ 37.637922957999763, 45.700140300001294, 1.924976476158236 ], [ 37.643883403003201, 45.703485911999451, 1.965776476158226 ], [ 37.649999999999636, 45.706703330226446, 2.001076476158232 ], [ 37.656267261216271, 45.710000000000946, 2.037376476158215 ], [ 37.668902564999371, 45.71664635200068, 2.043876476158175 ], [ 37.670000000003711, 45.717255759709587, 2.045076476158101 ], [ 37.672600431567844, 45.718699784216369, 2.047976476158055 ], [ 37.674941889170441, 45.719999999999345, 2.050576476158085 ], [ 37.678559725001833, 45.722008991000621, 2.034476476158034 ], [ 37.690000000000509, 45.728735612041419, 1.987376476158033 ], [ 37.692150402979678, 45.730000000001382, 1.989276476158238 ], [ 37.704371765988981, 45.737185882995618, 1.999976476158054 ], [ 37.709157864721419, 45.739999999999782, 2.004176476158136 ], [ 37.709544883520721, 45.740227558238985, 2.004576476158036 ], [ 37.709580858998379, 45.740248710999367, 2.004576476158036 ], [ 37.709999999997308, 45.740507930959211, 2.005076476158138 ], [ 37.721959135000361, 45.747904121000829, 2.019276476158211 ], [ 37.725105590348903, 45.750000000001819, 2.024476476158043 ], [ 37.727958265999405, 45.751900190001834, 2.029176476158227 ], [ 37.730000000001382, 45.753352221079695, 2.033476476158057 ], [ 37.735006060003798, 45.756912408000062, 1.99407647615817 ], [ 37.735481577683458, 45.757259211164637, 1.99037647615819 ], [ 37.739239598613494, 45.760000000000218, 2.007576476158192 ], [ 37.743616175495845, 45.763191912257753, 1.963876476158021 ], [ 37.749999999998181, 45.767847744480605, 1.978476476158221 ], [ 37.752951055981612, 45.770000000002256, 1.970476476158183 ], [ 37.759385500432472, 45.774692750215763, 1.999976476158054 ], [ 37.763423464002699, 45.777637706001769, 2.00927647615822 ], [ 37.766479316827827, 45.780000000000655, 2.017576476158183 ], [ 37.769132833000185, 45.782051272002718, 2.02487647615817 ], [ 37.770000000002256, 45.782768609076811, 2.027676476158149 ], [ 37.774411523001618, 45.786417904999325, 2.020076476158238 ], [ 37.778476095627411, 45.790000000002692, 2.015276476158078 ], [ 37.779548606004028, 45.790945200000351, 2.013976476158177 ], [ 37.787870841379117, 45.798935420691123, 2.010676476158096 ], [ 37.788979656761512, 45.800000000001091, 2.005076476158138 ], [ 37.789329064222329, 45.800335467889454, 2.006676476158191 ], [ 37.789384301000609, 45.800388501002089, 2.006976476158115 ], [ 37.790000000004511, 45.801031960034379, 2.010276476158197 ], [ 37.794057574998078, 45.805272478999541, 2.012176476158174 ], [ 37.798310460004359, 45.809999999999491, 2.016876476158131 ], [ 37.798537352999119, 45.810252215003857, 2.017176476158056 ], [ 37.802789432998907, 45.815324563000104, 2.025376476158044 ], [ 37.804130215450641, 45.817065107725284, 2.029376476158177 ], [ 37.80639103185058, 45.820000000001528, 2.018076476158058 ], [ 37.80676933000359, 45.820491090002179, 2.01617647615808 ], [ 37.810000000003129, 45.825181819178397, 1.999976476158054 ], [ 37.813318450425868, 45.83, 1.983376476158128 ], [ 37.814743524002552, 45.832069116999264, 1.996976476158125 ], [ 37.817385719918093, 45.836307140043573, 2.026176476158071 ], [ 37.819688033841885, 45.840000000001965, 2.003076476158185 ], [ 37.819716681997306, 45.84004595100123, 2.002876476158235 ], [ 37.821966797684581, 45.844016601160547, 1.980376476158199 ], [ 37.824329909999506, 45.84818665000239, 2.010176476158222 ], [ 37.825241952605211, 45.850000000000364, 2.023776476158218 ], [ 37.826198063650736, 45.851900968174959, 2.018976476158059 ], [ 37.828546124002969, 45.856569451001633, 2.00727647615804 ], [ 37.83, 45.859986746398135, 1.999976476158054 ], [ 37.830005638696093, 45.860000000002401, 1.999976476158054 ], [ 37.83000716227798, 45.860003581141427, 1.999976476158054 ], [ 37.834260102621556, 45.8700000000008, 1.978676476158171 ], [ 37.835411187776117, 45.872705593888895, 1.972976476158237 ], [ 37.838514566539743, 45.8799999999992, 2.014876476158179 ], [ 37.838849489000495, 45.880787226000393, 2.011476476158123 ], [ 37.840552360234142, 45.885276180117216, 1.99447647615807 ], [ 37.842344327091268, 45.890000000001237, 1.976576476158243 ], [ 37.844382027004031, 45.895371598999191, 2.00987647615807 ], [ 37.8451316885712, 45.897565844286873, 2.024376476158068 ], [ 37.845963315287008, 45.899999999999636, 2.020176476158213 ], [ 37.846474432002651, 45.901496029000555, 2.017676476158158 ], [ 37.848706315780873, 45.909353157891019, 2.006476476158241 ], [ 37.848890056744494, 45.910000000001673, 2.00557647615824 ], [ 37.848981006003669, 45.910320177999893, 2.005076476158138 ], [ 37.850000000004002, 45.914548488830405, 1.999976476158054 ], [ 37.851313776915049, 45.92, 1.986876476158159 ], [ 37.85149377124435, 45.920746885620247, 1.992576476158092 ], [ 37.853723708532925, 45.93000000000211, 1.981376476158175 ], [ 37.854233876134458, 45.932116938067338, 1.978876476158121 ], [ 37.855358844002694, 45.936784986999555, 1.973176476158187 ], [ 37.856229286968301, 45.940000000000509, 1.96887647615813 ], [ 37.857871184271062, 45.946064407868107, 2.021276476158164 ], [ 37.858936719145277, 45.950000000002547, 2.010676476158096 ], [ 37.859062343997721, 45.950464000001375, 2.009376476158195 ], [ 37.860063602063747, 45.955031801033329, 1.999376476158204 ], [ 37.860928504003823, 45.958977537002283, 1.990676476158114 ], [ 37.861121607793393, 45.960000000000946, 1.988776476158137 ], [ 37.862061967000045, 45.96497909700156, 2.029176476158227 ], [ 37.862212148909748, 45.966106074454729, 2.038976476158041 ], [ 37.862731056520715, 45.969999999999345, 2.036376476158239 ], [ 37.862864278000416, 45.970999704999485, 2.035676476158187 ], [ 37.863119804003873, 45.975293470999532, 2.034376476158059 ], [ 37.863113610299479, 45.976556805147993, 2.034476476158034 ], [ 37.863098653999259, 45.979607449002287, 2.034476476158034 ], [ 37.863058981869472, 45.980000000001382, 2.034676476158211 ], [ 37.862689577603305, 45.983655211201039, 2.036576476158189 ], [ 37.862227813999198, 45.988224307000564, 2.038876476158066 ], [ 37.861838137578161, 45.989999999999782, 2.040776476158044 ], [ 37.860667630086027, 45.995333815044432, 2.046676476158154 ], [ 37.860461523001504, 45.996273012000529, 2.047676476158131 ], [ 37.859446869757448, 46.000000000001819, 2.052776476158215 ], [ 37.858315010424121, 46.004157505212788, 2.058376476158173 ], [ 37.856724421373656, 46.010000000000218, 1.999976476158054 ], [ 37.856014724000488, 46.012606835001861, 1.999976476158054 ], [ 37.855940453984658, 46.012970226991456, 1.999976476158054 ], [ 37.854503709655546, 46.020000000002256, 1.999976476158054 ], [ 37.854157803001726, 46.02169246899939, 1.999976476158054 ], [ 37.854104838685089, 46.022052419342799, 1.999976476158054 ], [ 37.852935404678647, 46.030000000000655, 1.999976476158054 ], [ 37.852778262003994, 46.031067956002516, 1.999976476158054 ], [ 37.852231659004246, 46.035839727999701, 1.999976476158054 ], [ 37.85196923967851, 46.0390153801618, 1.999976476158054 ], [ 37.851887875835018, 46.040000000002692, 1.999976476158054 ], [ 37.851812968696322, 46.040906484349762, 1.999976476158054 ], [ 37.85106152800472, 46.049999999999272, 1.999976476158054 ], [ 37.851028514003701, 46.050399517002006, 1.999976476158054 ], [ 37.85102255687525, 46.050511278437625, 1.999976476158054 ], [ 37.850516787124434, 46.059999999999491, 1.999976476158054 ], [ 37.85050341600072, 46.060250855001868, 1.999976476158054 ], [ 37.850503388141078, 46.060251694072576, 1.999976476158054 ], [ 37.850179719715015, 46.069999999999709, 1.999976476158054 ], [ 37.850008534998778, 46.075155773, 1.999976476158054 ], [ 37.850000000004002, 46.076023446848922, 1.999976476158054 ], [ 37.849961075509782, 46.079980537753727, 2.000176476158231 ], [ 37.849960884062966, 46.08, 2.000176476158231 ], [ 37.849863190496762, 46.089931595248345, 2.000676476158105 ], [ 37.849862517623478, 46.090000000001965, 2.000676476158105 ], [ 37.8497653054892, 46.099882652742963, 2.001176476158207 ], [ 37.84976415118399, 46.100000000000364, 2.001176476158207 ], [ 37.849762959001964, 46.100121198000124, 2.001176476158207 ], [ 37.849924295431265, 46.109962147716942, 2.000376476158181 ], [ 37.849924916001328, 46.110000000002401, 2.000376476158181 ], [ 37.850000000004002, 46.114579857745412, 1.999976476158054 ], [ 37.850088731001961, 46.119992133999403, 1.999976476158054 ], [ 37.850089058110825, 46.1200000000008, 1.999976476158054 ], [ 37.850494622014594, 46.129752688993904, 1.999976476158054 ], [ 37.850497210001777, 46.129814923000595, 1.999976476158054 ], [ 37.850509550504285, 46.130000000002838, 1.999976476158054 ], [ 37.850527124199289, 46.130263562101391, 1.999976476158054 ], [ 37.851143512003546, 46.139507857000353, 1.999976476158054 ], [ 37.851193713362591, 46.139999999999418, 1.999976476158054 ], [ 37.851257868174798, 46.140628934088454, 1.993676476158043 ], [ 37.852113153001483, 46.14901361700322, 1.989476476158188 ], [ 37.85225596788041, 46.149999999999636, 1.988676476158162 ], [ 37.852432030380442, 46.151216015188766, 1.987876476158135 ], [ 37.853121124002428, 46.155975395002315, 1.984376476158104 ], [ 37.853903597724639, 46.159999999999854, 1.980476476158174 ], [ 37.854323932593616, 46.162161966294661, 1.999976476158054 ], [ 37.854438132997529, 46.162749348999569, 1.999976476158054 ], [ 37.856140552001307, 46.169286125003055, 1.999976476158054 ], [ 37.856389959901207, 46.17, 1.999976476158054 ], [ 37.858320560997527, 46.175525918999483, 1.999976476158054 ], [ 37.858437144876007, 46.175781427564289, 1.999976476158054 ], [ 37.86036200225135, 46.180000000000291, 1.999976476158054 ], [ 37.861002212002859, 46.181403102000331, 1.999976476158054 ], [ 37.863925291982014, 46.186962645992026, 1.999976476158054 ], [ 37.86552226265303, 46.190000000000509, 2.022376476158115 ], [ 37.868958829001713, 46.19653616800133, 2.005176476158113 ], [ 37.8700000000008, 46.198637388837597, 1.999976476158054 ], [ 37.87054111976795, 46.199729440117153, 1.999976476158054 ], [ 37.87067518425647, 46.200000000002547, 1.999976476158054 ], [ 37.87451231697014, 46.207743841514457, 1.999976476158054 ], [ 37.875630260761682, 46.210000000000946, 1.999976476158054 ], [ 37.87748459872455, 46.213742299360092, 1.999976476158054 ], [ 37.880156683999303, 46.219134921000659, 2.040576476158094 ], [ 37.880500501545612, 46.220000000002983, 2.047476476158181 ], [ 37.882075300356519, 46.223962349820795, 2.039576476158118 ], [ 37.88242485900264, 46.224841874000049, 2.03787647615809 ], [ 37.883685225535373, 46.229999999999563, 2.031576476158079 ], [ 37.884372725975481, 46.232813637010622, 2.028176476158023 ], [ 37.884390940002049, 46.232888179001748, 2.028076476158049 ], [ 37.884912376001012, 46.237041755000973, 2.025476476158019 ], [ 37.885071157299535, 46.24000000000342, 2.02467647615822 ], [ 37.885138164001546, 46.241248398002426, 2.024276476158093 ], [ 37.884820435785514, 46.247410217896686, 2.025876476158146 ], [ 37.884701155000585, 46.249723474000348, 2.026476476158223 ], [ 37.884656618623922, 46.25, 2.026676476158173 ], [ 37.884021454001413, 46.253943732001062, 2.029876476158051 ], [ 37.883360074036318, 46.256680037020487, 2.033176476158133 ], [ 37.883012029000383, 46.258119992000502, 2.034976476158135 ], [ 37.882332227696679, 46.260000000000218, 2.038376476158192 ], [ 37.880443982314318, 46.265221991157887, 2.047776476158106 ], [ 37.880224171, 46.265829885001949, 2.041676476158045 ], [ 37.878209869415514, 46.270000000000437, 1.999976476158054 ], [ 37.876612776119146, 46.2733063880587, 1.999976476158054 ], [ 37.876577081000505, 46.273380286002066, 1.999976476158054 ], [ 37.87280202940201, 46.280000000000655, 1.999976476158054 ], [ 37.870070092998503, 46.284790567002347, 1.999976476158054 ], [ 37.8700000000008, 46.28490183390204, 1.999976476158054 ], [ 37.867607910000515, 46.288699081002051, 2.011976476158225 ], [ 37.867553174159184, 46.288776587080065, 2.012276476158149 ], [ 37.866689183381823, 46.290000000002692, 2.016576476158207 ], [ 37.862516801003949, 46.295908103002148, 2.037376476158215 ], [ 37.862318071900518, 46.29615903595186, 2.038376476158192 ], [ 37.859276178211076, 46.299999999999272, 2.053576476158241 ], [ 37.856958619997386, 46.302926353999283, 2.035976476158112 ], [ 37.851573503481632, 46.309213248257947, 1.999976476158054 ], [ 37.85108534200117, 46.309783156004414, 1.999976476158054 ], [ 37.850889248329622, 46.31000000000131, 1.999976476158054 ], [ 37.850612365111374, 46.310306182556815, 1.999976476158054 ], [ 37.850000000004002, 46.310983347169895, 1.999976476158054 ], [ 37.845016965000468, 46.316493679001724, 2.02487647615817 ], [ 37.844362221247138, 46.317181110620368, 2.028176476158023 ], [ 37.841677372072809, 46.320000000001528, 2.04157647615807 ], [ 37.837910294771063, 46.323955147387096, 2.060476476158101 ], [ 37.832660248001048, 46.329467300998658, 2.005376476158062 ], [ 37.832119179460278, 46.330000000003565, 1.999976476158054 ], [ 37.831405425820776, 46.330702712912171, 1.992976476158219 ], [ 37.83, 46.332086398850151, 1.999976476158054 ], [ 37.826016958000764, 46.336007829002483, 2.019876476158061 ], [ 37.82455104683504, 46.33727552342134, 2.027276476158022 ], [ 37.821400570977858, 46.340000000000146, 2.042976476158174 ], [ 37.820744390999607, 46.340567453004041, 2.046276476158027 ], [ 37.816988376545851, 46.343494188273326, 2.065076476158083 ], [ 37.815202448000491, 46.344885807000537, 2.051176476158162 ], [ 37.810000000003129, 46.348654907447781, 2.013476476158075 ], [ 37.809475644000486, 46.349034795999614, 2.00967647615812 ], [ 37.80888347911241, 46.349441739555914, 2.00557647615824 ], [ 37.808071125076822, 46.350000000002183, 2.00967647615812 ], [ 37.800460392450987, 46.355230196224511, 2.047676476158131 ], [ 37.793519601005755, 46.360000000002401, 1.999976476158054 ], [ 37.792037305796839, 46.361018652898565, 1.989776476158113 ], [ 37.791927024003598, 46.361094440002489, 1.989076476158061 ], [ 37.790000000004511, 46.362486284688202, 1.97517647615814 ], [ 37.783852689117339, 46.366926344562671, 1.961476476158168 ], [ 37.783375682998667, 46.367270875000031, 1.960376476158217 ], [ 37.780009289825102, 46.370000000004438, 1.949976476158099 ], [ 37.776190981898253, 46.373095490949709, 1.969076476158079 ], [ 37.775297040001533, 46.3738202070017, 1.973476476158112 ], [ 37.770000000002256, 46.378732398756256, 1.999976476158054 ], [ 37.769111917668852, 46.379555958839774, 2.004476476158061 ], [ 37.768633087869603, 46.380000000001019, 2.006876476158141 ], [ 37.768537499003287, 46.38008864400399, 2.006376476158039 ], [ 37.762247951757672, 46.386123975877126, 1.977476476158245 ], [ 37.761001162003595, 46.387320371999522, 1.971776476158084 ], [ 37.75834394161393, 46.390000000001237, 1.958276476158062 ], [ 37.755578176365816, 46.392789088182326, 1.972076476158236 ], [ 37.749999999998181, 46.398414303766913, 1.999976476158054 ], [ 37.748427563688892, 46.400000000003274, 2.007876476158117 ], [ 37.746881207373008, 46.401559396315861, 1.999976476158054 ], [ 37.738511185767493, 46.409999999999854, 1.957476476158035 ], [ 37.736012558001676, 46.412519698003962, 1.969976476158081 ], [ 37.730000000001382, 46.418331118878996, 1.999976476158054 ], [ 37.728862033785845, 46.419431016896851, 2.005676476158214 ], [ 37.728273357795842, 46.420000000001892, 2.008676476158143 ], [ 37.722043296376796, 46.426021648187088, 1.979576476158172 ], [ 37.721583528003976, 46.426466036002239, 1.977376476158042 ], [ 37.718020036332746, 46.43000000000211, 1.959876476158115 ], [ 37.715331841007355, 46.432665920501677, 1.973376476158137 ], [ 37.709999999997308, 46.437953581005786, 1.999976476158054 ], [ 37.708628142376256, 46.439314071190893, 2.006876476158141 ], [ 37.707936482358491, 46.440000000004147, 2.010276476158197 ], [ 37.701924443750613, 46.445962221874652, 1.980776476158098 ], [ 37.701405793002778, 46.446476574998087, 1.978176476158069 ], [ 37.697939669069456, 46.450000000000728, 1.960276476158242 ], [ 37.695321962874004, 46.452660981440204, 1.973376476158137 ], [ 37.690000000000509, 46.45807092562427, 1.999976476158054 ], [ 37.688727969671163, 46.459363984837182, 2.006376476158039 ], [ 37.688102297946898, 46.460000000002765, 2.00947647615817 ], [ 37.682133976468322, 46.466066988234161, 1.978676476158171 ], [ 37.678264926829797, 46.470000000002983, 1.958676476158189 ], [ 37.675539983258204, 46.472769991631139, 1.972276476158186 ], [ 37.670000000003711, 46.478401560460043, 1.999976476158054 ], [ 37.668945990055363, 46.479472995028118, 2.005276476158087 ], [ 37.668427555705421, 46.479999999999563, 2.007876476158117 ], [ 37.662351996852522, 46.486175998425097, 1.976476476158041 ], [ 37.658590184582863, 46.490000000001601, 1.957076476158136 ], [ 37.65575800364968, 46.492879001822075, 1.971176476158234 ], [ 37.649999999999636, 46.498732195295815, 1.999976476158054 ], [ 37.648752813465762, 46.500000000001819, 2.006276476158064 ], [ 37.647545543479282, 46.501227228261996, 1.999976476158054 ], [ 37.642557487000886, 46.5062977460002, 1.974276476158138 ], [ 37.638677059650945, 46.510000000003856, 1.956576476158034 ], [ 37.635836896999535, 46.512709754004391, 1.970776476158107 ], [ 37.635688279640817, 46.512844139821027, 1.971576476158134 ], [ 37.630000000002838, 46.517987711862588, 1.999976476158054 ], [ 37.628956942004152, 46.518930887001261, 2.005176476158113 ], [ 37.628547788270225, 46.51927389413504, 2.00727647615804 ], [ 37.627681657791982, 46.520000000000437, 2.011576476158098 ], [ 37.6210758070265, 46.525537903513396, 1.989276476158238 ], [ 37.615753225407389, 46.530000000002474, 1.971276476158209 ], [ 37.613789443999849, 46.531646303001253, 1.981076476158023 ], [ 37.61359317491042, 46.531796587454664, 1.982076476158227 ], [ 37.61000000000422, 46.534547903631392, 1.999976476158054 ], [ 37.606787415999861, 46.537007798999184, 2.016076476158105 ], [ 37.605618805782797, 46.53780940289289, 2.021876476158241 ], [ 37.60242526568436, 46.540000000002692, 1.999976476158054 ], [ 37.600757504000285, 46.541143995003949, 1.988576476158187 ], [ 37.596983927593101, 46.543491963793713, 1.965076476158174 ], [ 37.594524208998337, 46.545022432997939, 1.977376476158042 ], [ 37.590000000001965, 46.547531107024042, 1.999976476158054 ], [ 37.58765870753632, 46.54882935376736, 2.011676476158073 ], [ 37.585547533197314, 46.549999999999272, 2.02227647615814 ], [ 37.583230738000566, 46.551284663004481, 2.020976476158239 ], [ 37.578270560001329, 46.553785320002135, 2.020776476158062 ], [ 37.577907762934046, 46.553953881466441, 2.020876476158037 ], [ 37.570000000003347, 46.557627957769, 2.023676476158244 ], [ 37.568181495003955, 46.558472865002841, 2.015276476158078 ], [ 37.567511809362259, 46.558755904683494, 2.012476476158099 ], [ 37.564568219335342, 46.56000000000131, 1.999976476158054 ], [ 37.561352886999885, 46.561358946002656, 1.999976476158054 ], [ 37.554458734000946, 46.564036728002975, 1.999976476158054 ], [ 37.550000000001091, 46.565605649349891, 1.999976476158054 ], [ 37.547512058999928, 46.566481096000643, 2.012476476158099 ], [ 37.54470019083783, 46.567350095418078, 2.026476476158223 ], [ 37.536125752045336, 46.570000000003347, 1.999976476158054 ], [ 37.530000000004293, 46.571893145288414, 1.981076476158023 ], [ 37.5288771070027, 46.57224017199951, 1.983176476158178 ], [ 37.520259069693566, 46.575129534845473, 1.997376476158024 ], [ 37.518794854997395, 46.575620441000865, 1.999776476158104 ], [ 37.510000000000218, 46.578879420976591, 2.011176476158198 ], [ 37.509169414001008, 46.579187199002263, 2.012276476158149 ], [ 37.50723080595526, 46.580000000003565, 2.013876476158202 ], [ 37.49831493000238, 46.583738163000817, 1.983676476158053 ], [ 37.49789803575004, 46.583949017876876, 1.981576476158125 ], [ 37.493513299003098, 46.586166709999816, 1.959076476158089 ], [ 37.490381064002577, 46.588045794003847, 1.937176476158129 ], [ 37.49000000000342, 46.588326141541984, 1.933476476158148 ], [ 37.488645413202903, 46.589322706598978, 1.913576476158141 ], [ 37.487724798245836, 46.590000000000146, 1.911376476158239 ], [ 37.487623550001445, 46.590074488001846, 1.911176476158062 ], [ 37.485070583999914, 46.59257966700352, 1.898876476158193 ], [ 37.483172762000322, 46.595351725001819, 1.88057647615824 ], [ 37.482764293619766, 46.596382146812175, 1.872376476158024 ], [ 37.482101767003769, 46.598053468003855, 1.878976476158186 ], [ 37.481771623117311, 46.600000000002183, 1.88227647615804 ], [ 37.481616552002379, 46.600914300999648, 1.892976476158083 ], [ 37.481700646001627, 46.603874458001883, 1.921776476158129 ], [ 37.482178960726742, 46.606089480363153, 1.939076476158107 ], [ 37.4823489360042, 46.606876616999216, 1.93827647615808 ], [ 37.483719125762946, 46.610000000002401, 1.931376476158221 ], [ 37.484311960004561, 46.61135138100326, 1.941976476158061 ], [ 37.487207227002727, 46.615864356997918, 1.97257647615811 ], [ 37.49000000000342, 46.619438326511954, 1.994376476158095 ], [ 37.490438903168979, 46.620000000004438, 1.997776476158151 ], [ 37.495934455486349, 46.627032772257735, 2.040676476158069 ], [ 37.498253108036806, 46.630000000001019, 2.058776476158073 ], [ 37.501568093004607, 46.634242255002391, 2.042176476158147 ], [ 37.503245043997595, 46.636622521997197, 2.033776476158209 ], [ 37.505624552297377, 46.640000000003056, 2.021876476158241 ], [ 37.506374345004588, 46.641064257002654, 2.0287764761581 ], [ 37.510000000000218, 46.646715951988881, 2.067176476158238 ], [ 37.510969228000249, 46.648226791003253, 2.077376476158179 ], [ 37.511981240564637, 46.650000000003274, 2.090076476158174 ], [ 37.515228034004394, 46.655688905002535, 2.073876476158148 ], [ 37.515894160025709, 46.657052919992566, 2.070576476158067 ], [ 37.51733338664053, 46.659999999999854, 2.063376476158055 ], [ 37.519010381001863, 46.663433953001004, 2.054976476158117 ], [ 37.519684156681251, 46.665157921663194, 2.051576476158061 ], [ 37.521576577741143, 46.670000000001892, 2.042076476158172 ], [ 37.522150400003738, 46.671468221004034, 2.039276476158193 ], [ 37.523555604000649, 46.676055348003501, 2.032176476158156 ], [ 37.523764911491526, 46.676882455747545, 2.03117647615818 ], [ 37.524553835743063, 46.680000000003929, 2.027276476158022 ], [ 37.52473729200392, 46.680724953002937, 2.026276476158046 ], [ 37.525097714351432, 46.68245114282945, 2.024476476158043 ], [ 37.525726786001542, 46.685463989002528, 2.021376476158139 ], [ 37.526507036624025, 46.690000000004147, 2.017476476158208 ], [ 37.526551941002253, 46.69026105300145, 2.017276476158031 ], [ 37.527655703614073, 46.698827851805618, 2.011676476158073 ], [ 37.527805517000161, 46.699990621003963, 2.010976476158021 ], [ 37.527806335119749, 46.700000000000728, 2.010976476158021 ], [ 37.528618365584407, 46.70930918279555, 2.006876476158141 ], [ 37.528665335001278, 46.709847644002366, 2.006676476158191 ], [ 37.528674546880211, 46.710000000002765, 2.006676476158191 ], [ 37.529256704290674, 46.719628352147993, 2.003676476158034 ], [ 37.529265892999319, 46.719780325000102, 2.003676476158034 ], [ 37.529275515997142, 46.719999999997526, 2.003576476158059 ], [ 37.529707157955272, 46.729853578975963, 2.001476476158132 ], [ 37.52971357201568, 46.729999999999563, 2.001476476158132 ], [ 37.530000000004293, 46.736538615461541, 1.999976476158054 ], [ 37.530151628032399, 46.740000000001601, 1.999976476158054 ], [ 37.53015502348353, 46.740077511742129, 1.999176476158027 ], [ 37.530573338999602, 46.749626873002853, 1.997176476158074 ], [ 37.530595875774452, 46.750000000003638, 1.996976476158125 ], [ 37.530614431529102, 46.750307215765133, 1.996976476158125 ], [ 37.531167537999863, 46.759464647004279, 1.994176476158145 ], [ 37.53121971620385, 46.760000000003856, 1.993876476158221 ], [ 37.532092398760142, 46.768953800617965, 1.989576476158163 ], [ 37.532194366627664, 46.770000000000437, 1.989076476158061 ], [ 37.532306781929947, 46.771153390964173, 1.988476476158212 ], [ 37.532580428000074, 46.773961023998709, 1.987076476158109 ], [ 37.533542643255714, 46.780000000002474, 1.982276476158177 ], [ 37.533849306269985, 46.781924653138049, 1.980776476158098 ], [ 37.534078014999977, 46.783360056000674, 1.979576476158172 ], [ 37.535060090000115, 46.787949997000396, 1.974676476158038 ], [ 37.535652368229421, 46.790000000004511, 1.971776476158084 ], [ 37.536606768022466, 46.793303384010869, 1.966976476158152 ], [ 37.537630530998285, 46.796846849001668, 1.961876476158068 ], [ 37.538842380095957, 46.799999999999272, 1.955776476158235 ], [ 37.539471355001297, 46.8016365509975, 1.968976476158105 ], [ 37.540796425708322, 46.804601787151114, 1.992076476158218 ], [ 37.54320871712298, 46.81000000000131, 1.967876476158153 ], [ 37.543461595998451, 46.810565891004444, 1.971076476158032 ], [ 37.547625673960283, 46.818812836980214, 2.011876476158022 ], [ 37.54822510062877, 46.820000000003347, 2.008876476158093 ], [ 37.550000000001091, 46.823515183761629, 1.999976476158054 ], [ 37.553274337002222, 46.829999999998108, 1.999976476158054 ], [ 37.553778426003191, 46.830998347002605, 2.009976476158045 ], [ 37.556867626059102, 46.83656618697205, 2.06567647615816 ], [ 37.558772805705303, 46.840000000000146, 2.056176476158043 ], [ 37.561211001962874, 46.844394499021291, 2.04397647615815 ], [ 37.564321097443099, 46.850000000002183, 2.028376476158201 ], [ 37.569819245150939, 46.859909622578925, 2.000876476158055 ], [ 37.569869389186351, 46.86000000000422, 2.000676476158105 ], [ 37.569897753775876, 46.860051123114317, 2.000476476158155 ], [ 37.570000000003347, 46.860235407264554, 2.002376476158133 ], [ 37.570815824001329, 46.861705813002118, 2.012976476158201 ], [ 37.574771014000362, 46.869336427003873, 2.069476476158115 ], [ 37.575077279128891, 46.870000000004438, 2.0745764761582 ], [ 37.576600467175012, 46.873300233590271, 2.066976476158061 ], [ 37.578271177000715, 46.876920097003676, 2.058676476158098 ], [ 37.579428498924244, 46.880000000001019, 2.05287647615819 ], [ 37.581091609003124, 46.884425923002709, 2.044576476158227 ], [ 37.581414626367405, 46.885707313182138, 2.042976476158174 ], [ 37.582496742026706, 46.890000000003056, 2.03747647615819 ], [ 37.582952685002965, 46.891808697997476, 2.03527647615806 ], [ 37.583080413183779, 46.893459793411239, 2.034576476158236 ], [ 37.583566743001938, 46.899746401000812, 2.032176476158156 ], [ 37.583547073127193, 46.899999999997817, 2.032276476158131 ], [ 37.583272911002496, 46.903534706001665, 2.033676476158234 ], [ 37.582718197259965, 46.906359098629764, 2.036376476158239 ], [ 37.582563637004569, 46.907146060999366, 2.037176476158038 ], [ 37.581596987303783, 46.909999999999854, 2.041976476158197 ], [ 37.58141653900384, 46.910532756000975, 2.042876476158199 ], [ 37.579799878003541, 46.913641957004074, 2.050976476158212 ], [ 37.579068177672525, 46.914534088833534, 2.054676476158193 ], [ 37.576492689999213, 46.91767427400373, 2.067576476158138 ], [ 37.573525044184862, 46.920000000001892, 2.082376476158061 ], [ 37.572270496999408, 46.920983181003976, 2.088676476158071 ], [ 37.572121389459426, 46.921060694729022, 2.089376476158122 ], [ 37.570000000003347, 46.922163501441901, 2.078376476158155 ], [ 37.5673127700029, 46.923560461000307, 2.064376476158031 ], [ 37.562377857002502, 46.925235877000887, 2.047676476158131 ], [ 37.557350933606358, 46.926324533196748, 2.036776476158138 ], [ 37.557082677998551, 46.926382628002102, 2.036176476158062 ], [ 37.551524403001167, 46.927070633004405, 2.029276476158202 ], [ 37.550000000001091, 46.927147121681628, 2.02857647615815 ], [ 37.545093001001078, 46.927393336000023, 2.001576476158107 ], [ 37.544794555969929, 46.92739727798471, 1.999976476158054 ], [ 37.530000000004293, 46.927592690470192, 1.999976476158054 ], [ 37.514402585115022, 46.927798707443799, 1.999976476158054 ], [ 37.510988959000315, 46.927843795998342, 2.016576476158207 ], [ 37.510000000000218, 46.927785679652516, 2.022176476158165 ], [ 37.504981537704225, 46.927490768855932, 2.025076476158119 ], [ 37.501502745004473, 46.927286337000623, 2.027176476158047 ], [ 37.491996437001944, 46.925977204004084, 2.040276476158169 ], [ 37.49000000000342, 46.925551443307995, 2.044476476158025 ], [ 37.484949311001401, 46.924474331997772, 2.029976476158026 ], [ 37.477938927999276, 46.922611198000595, 2.01357647615805 ], [ 37.470600265105531, 46.920300132551347, 1.999976476158054 ], [ 37.469999999999345, 46.920111099214409, 1.999976476158054 ], [ 37.46986366796591, 46.920068166018609, 1.999276476158229 ], [ 37.469647210475159, 46.920000000001892, 1.999976476158054 ], [ 37.463996997003051, 46.918220654999459, 1.999976476158054 ], [ 37.450000000002547, 46.913503177098391, 1.999976476158054 ], [ 37.440805918999104, 46.910404449998168, 1.999976476158054 ], [ 37.439682885271395, 46.909999999999854, 1.999976476158054 ], [ 37.431596972997795, 46.907087935001982, 2.029076476158025 ], [ 37.430000000003929, 46.906430658231329, 2.035676476158187 ], [ 37.424846393001644, 46.904309554001884, 2.03117647615818 ], [ 37.418204048002735, 46.901265341999533, 2.028376476158201 ], [ 37.415685033334739, 46.899999999997817, 2.028376476158201 ], [ 37.411673664000773, 46.897985024002992, 2.028476476158176 ], [ 37.410000000001673, 46.897058280350393, 2.029376476158177 ], [ 37.403301569065661, 46.893349215470153, 1.999476476158179 ], [ 37.397695988003761, 46.890245285003402, 2.033576476158032 ], [ 37.397295429251244, 46.890000000003056, 2.036476476158214 ], [ 37.390000000003056, 46.885532591968513, 2.044676476158202 ], [ 37.38602145400364, 46.883096301002297, 2.029276476158202 ] ] ] ] } },
{ "type": "Feature", "properties": { "gid": 25, "objectid": 25.0, "shape_leng": 7.7450401642899998, "shape_area": 0.238168713576, "z_mean": 0.588036529192 }, "geometry": { "type": "MultiPolygon", "coordinates": [ [ [ [ 39.119883660003325, 47.277044989003116, 0.529576476158127 ], [ 39.122927362202972, 47.276463681100722, 0.535376476158035 ], [ 39.129999999997381, 47.275112898405496, 0.548876476158057 ], [ 39.137399412073137, 47.273699706034677, 0.562976476158155 ], [ 39.138845248002326, 47.273423570000887, 0.555776476158144 ], [ 39.150000000001455, 47.277381707606764, 0.499976476158054 ], [ 39.156504754004345, 47.279689846003748, 0.467476476158026 ], [ 39.16389969460397, 47.276949847302603, 0.430476476158219 ], [ 39.169999999998254, 47.274689541261978, 0.45307647615823 ], [ 39.1753870362827, 47.272693518139931, 0.473076476158212 ], [ 39.182656531193061, 47.270000000000437, 0.436676476158027 ], [ 39.186045769003613, 47.268744208004136, 0.419776476158177 ], [ 39.190000000002328, 47.268600205483381, 0.399976476158145 ], [ 39.206032676547693, 47.268016338275629, 0.319876476158242 ], [ 39.209999999999127, 47.26787185896319, 0.299976476158236 ], [ 39.214590639734524, 47.267704680134557, 0.277076476158072 ], [ 39.230000000003201, 47.259999999998399, 0.199976476158099 ], [ 39.25331906559768, 47.182269781351351, 0.161176476158062 ], [ 39.252614779999931, 47.180324611001197, 0.16227647615824 ], [ 39.252460760309987, 47.178874259028817, 0.162576476158165 ], [ 39.249196811002548, 47.148138738999478, 0.167976476158174 ], [ 39.254567904999931, 47.140122789000088, 0.159076476158134 ], [ 39.265529440401224, 47.137490105413235, 0.14077647615818 ], [ 39.266847971743118, 47.137173427523521, 0.13857647615805 ], [ 39.269831571680697, 47.127228094406746, 0.133576476158169 ], [ 39.269238003109422, 47.125746323485146, 0.134576476158145 ], [ 39.262844350791056, 47.109785356888096, 0.145276476158188 ], [ 39.261973504004345, 47.107611395003914, 0.135976476158021 ], [ 39.264903190998666, 47.096625067000787, 0.114976476158063 ], [ 39.27239567747165, 47.092274591304886, 0.129376476158086 ], [ 39.280039910003325, 47.08783600499919, 0.116576476158116 ], [ 39.280946910801504, 47.088668115808105, 0.115076476158038 ], [ 39.281301870056268, 47.08899376649606, 0.114476476158188 ], [ 39.290000000000873, 47.06000000000131, 0.09997647615819 ], [ 39.290000000000873, 47.049999999999272, 0.199976476158099 ], [ 39.290000000000873, 47.040000000004511, 0.299976476158236 ], [ 39.290000000000873, 47.031002383995656, 0.20997647615809 ], [ 39.289837662694481, 47.030000000002474, 0.200776476158126 ], [ 39.289398634002282, 47.027289129997371, 0.202976476158028 ], [ 39.285993246823637, 47.022003376585417, 0.220076476158056 ], [ 39.284702556096818, 47.020000000000437, 0.199976476158099 ], [ 39.283793835909819, 47.018589508163132, 0.201376476158202 ], [ 39.283737789879524, 47.01850251497126, 0.201376476158202 ], [ 39.280039910003325, 47.01276276200042, 0.200976476158075 ], [ 39.261892122998688, 47.008612371997515, 0.204976476158208 ], [ 39.250289966037599, 47.010504122312341, 0.208676476158189 ], [ 39.249083610377056, 47.010700820541388, 0.209276476158038 ], [ 39.238316763357943, 47.012456372227462, 0.207576476158238 ], [ 39.227124896398891, 47.01428122409925, 0.299976476158236 ], [ 39.223046484110455, 47.014946215773307, 0.29157647615807 ], [ 39.221343419316327, 47.015223903223159, 0.299976476158236 ], [ 39.21911301712862, 47.015587573878292, 0.311076476158178 ], [ 39.216065484433784, 47.016084478975245, 0.31307647615813 ], [ 39.153086784999687, 47.026353257002484, 0.305976476158094 ], [ 39.146739129002526, 47.023871160999988, 0.311576476158052 ], [ 39.137705925000773, 47.018622137002239, 0.322476476158045 ], [ 39.126719596997646, 47.013820705000398, 0.333076476158112 ], [ 39.114919467001528, 47.01276276200042, 0.337076476158245 ], [ 39.104991081998378, 47.016791083004136, 0.331576476158034 ], [ 39.103943761396295, 47.018485940352548, 0.328776476158055 ], [ 39.103046185826315, 47.019938468394685, 0.333576476158214 ], [ 39.101267502144765, 47.02281687553841, 0.323976476158123 ], [ 39.100477400857926, 47.024095480170217, 0.299976476158236 ], [ 39.098591242893235, 47.027147810727911, 0.214276476158147 ], [ 39.098058605086408, 47.028009767516778, 0.219876476158106 ], [ 39.097422722001284, 47.029038804001175, 0.226676476158218 ], [ 39.09527416660967, 47.030000000002474, 0.236776476158184 ], [ 39.088145379000707, 47.033189195002706, 0.302476476158063 ], [ 39.075330643099733, 47.032665321548848, 0.326676476158127 ], [ 39.075205924998954, 47.032660223003404, 0.327176476158229 ], [ 39.074769864391783, 47.03238493219942, 0.323876476158148 ], [ 39.070992132074025, 47.030000000002474, 0.297476476158181 ], [ 39.067149285001506, 47.027573960003792, 0.294976476158126 ], [ 39.060231967001528, 47.021714585003792, 0.282976476158183 ], [ 39.060177534836839, 47.021696255809729, 0.283076476158158 ], [ 39.039398404065651, 47.014699202034535, 0.299976476158236 ], [ 39.036306186000729, 47.013657944999068, 0.305076476158092 ], [ 39.034591242678289, 47.012295621338126, 0.299976476158236 ], [ 39.032482785201864, 47.010620696300975, 0.296876476158104 ], [ 39.032273931588861, 47.010454786317496, 0.299976476158236 ], [ 39.023298093263293, 47.003324523317133, 0.388876476158202 ], [ 39.022479383991595, 47.002674153716725, 0.391076476158105 ], [ 39.014113401322902, 46.99602835033329, 0.384976476158045 ], [ 39.009332786614323, 46.992230706151531, 0.392576476158183 ], [ 38.999184723143117, 46.984169246166857, 0.389576476158027 ], [ 38.991384311000729, 46.977972723001585, 0.316176476158034 ], [ 38.989063796594564, 46.976510632764985, 0.299976476158236 ], [ 38.976780652244997, 46.968771372297851, 0.214576476158072 ], [ 38.957286004002526, 46.956488347999766, 0.251676476158082 ], [ 38.93734785199922, 46.947455145002095, 0.271876476158241 ], [ 38.919606967001528, 46.943833725999866, 0.267876476158108 ], [ 38.900137190837995, 46.945068595421617, 0.237376476158033 ], [ 38.888691779908186, 46.945794519937408, 0.235476476158055 ], [ 38.881114129000707, 46.946275132004303, 0.292376476158097 ], [ 38.865733268999975, 46.942938543999844, 0.373376476158228 ], [ 38.864943847853283, 46.942415771778542, 0.374676476158129 ], [ 38.857459412265598, 46.937459412263706, 0.399976476158145 ], [ 38.850000000004002, 46.932519623749613, 0.425176476158185 ], [ 38.847422721999465, 46.93081289300244, 0.420976476158103 ], [ 38.846593645837856, 46.930000000003929, 0.417076476158172 ], [ 38.843048908636774, 46.926524454322134, 0.399976476158145 ], [ 38.83639456480887, 46.920000000001892, 0.368076476158194 ], [ 38.830000000001746, 46.913730253943868, 0.337276476158195 ], [ 38.826195483778065, 46.909999999999854, 0.318976476158241 ], [ 38.824893424294714, 46.908723356073097, 0.325576476158176 ], [ 38.824235849011529, 46.908078616339481, 0.319176476158191 ], [ 38.820323112997357, 46.904242255001009, 0.298276476158208 ], [ 38.803721550002592, 46.893540757004303, 0.284176476158109 ], [ 38.766286654999931, 46.886786200002462, 0.485776476158208 ], [ 38.764784678398428, 46.886274770287855, 0.490676476158114 ], [ 38.717655066549924, 46.870226927685508, 0.474276476158138 ], [ 38.711436393999975, 46.868109442002606, 0.486476476158032 ], [ 38.691398213733919, 46.863934820954455, 0.549276476158184 ], [ 38.690928582002016, 46.86383698100326, 0.550776476158035 ], [ 38.671974848413811, 46.862876105989926, 0.636876476158022 ], [ 38.652859288811669, 46.861907027077905, 0.633376476158219 ], [ 38.651856173317356, 46.861856173312844, 0.639476476158052 ], [ 38.609060092001528, 46.859686591000354, 0.415576476158094 ], [ 38.601285964623457, 46.857655116547903, 0.37817647615816 ], [ 38.60060858093857, 46.857478107916904, 0.376476476158132 ], [ 38.599817008240279, 46.857271260298148, 0.374576476158154 ], [ 38.598879714956638, 46.85702633411529, 0.372176476158074 ], [ 38.576568711729124, 46.851196196412275, 0.359676476158029 ], [ 38.573090040003081, 46.850287176997881, 0.37187647615815 ], [ 38.557869308846421, 46.848771290477089, 0.439376476158031 ], [ 38.553070509004101, 46.848293361003016, 0.460576476158167 ], [ 38.541552314129149, 46.850288732966874, 0.529576476158127 ], [ 38.525178643061736, 46.85312525070367, 0.539776476158067 ], [ 38.521850871162314, 46.853701742320482, 0.532076476158181 ], [ 38.474619987997357, 46.86188385600326, 0.480676476158123 ], [ 38.470000000001164, 46.860684436089286, 0.468976476158105 ], [ 38.457692904999931, 46.857489324998824, 0.417276476158122 ], [ 38.451037336031732, 46.854294651848249, 0.38447647615817 ], [ 38.438070635502299, 46.848070635502154, 0.459676476158165 ], [ 38.435313346997646, 46.846747136998601, 0.48777647615816 ], [ 38.430000000000291, 46.843281910678343, 0.532776476158233 ], [ 38.427151549236441, 46.84142422538207, 0.528476476158176 ], [ 38.424967736997132, 46.840000000000146, 0.55027647615816 ], [ 38.414724154999931, 46.83331940300377, 0.652776476158124 ], [ 38.413000969181667, 46.831500484591743, 0.669976476158126 ], [ 38.410000000001673, 46.828332794813832, 0.699976476158099 ], [ 38.403005404998112, 46.820949610999378, 0.734976476158181 ], [ 38.402860549053003, 46.820000000003347, 0.735676476158233 ], [ 38.402271052953438, 46.816135526474682, 0.738676476158162 ], [ 38.401540561002548, 46.811346746997515, 0.742276476158167 ], [ 38.40172580131366, 46.81000000000131, 0.741376476158166 ], [ 38.402591778753049, 46.803704110623585, 0.674076476158234 ], [ 38.403101266138037, 46.799999999999272, 0.63447647615817 ], [ 38.403545184703034, 46.79677259235541, 0.63227647615804 ], [ 38.404476730955139, 46.790000000004511, 0.627576476158083 ], [ 38.404551629002526, 46.789455470998291, 0.627276476158158 ], [ 38.404164587169362, 46.787082293587446, 0.629176476158136 ], [ 38.403596008443856, 46.783596008446693, 0.59997647615819 ], [ 38.403005404998112, 46.779974677001519, 0.574776476158149 ], [ 38.396169466999709, 46.77472565300377, 0.587976476158019 ], [ 38.393049501326459, 46.773049501329297, 0.59997647615819 ], [ 38.389999999999418, 46.771411205494587, 0.614076476158061 ], [ 38.388639453127325, 46.770680273435573, 0.613576476158187 ], [ 38.387373201507216, 46.770000000000437, 0.61317647615806 ], [ 38.373220247998688, 46.7623965519997, 0.607876476158026 ], [ 38.372325595975781, 46.761162797989527, 0.59997647615819 ], [ 38.371482397447835, 46.760000000003856, 0.59997647615819 ], [ 38.3710879397604, 46.759456030118599, 0.594576476158181 ], [ 38.3700000000008, 46.757955726079672, 0.59997647615819 ], [ 38.368174675004411, 46.755438544001663, 0.59997647615819 ], [ 38.36875946510736, 46.750000000003638, 0.59997647615819 ], [ 38.368822757747694, 46.749411378876175, 0.594076476158079 ], [ 38.369395379004345, 46.74408600499919, 0.540876476158246 ], [ 38.3700000000008, 46.742287009459687, 0.522876476158217 ], [ 38.370768636672437, 46.740000000001601, 0.496176476158098 ], [ 38.37353541262928, 46.731767706316532, 0.399976476158145 ], [ 38.374129517686015, 46.729999999999563, 0.379376476158086 ], [ 38.374359571000241, 46.729315496999334, 0.37817647615816 ], [ 38.37554256380281, 46.722771281902169, 0.372276476158049 ], [ 38.376043526335707, 46.719999999997526, 0.369776476158222 ], [ 38.377200412223829, 46.713600206110641, 0.299976476158236 ], [ 38.377851218752767, 46.710000000002765, 0.299976476158236 ], [ 38.378184441000485, 46.708156642998802, 0.299976476158236 ], [ 38.379934967304507, 46.710000000002765, 0.299976476158236 ], [ 38.383555535003325, 46.713812567002606, 0.299976476158236 ], [ 38.385076150389068, 46.717538075192351, 0.299976476158236 ], [ 38.386081017522883, 46.719999999997526, 0.31957647615809 ], [ 38.388438346999465, 46.725775458004136, 0.307776476158097 ], [ 38.389012300063769, 46.729506150035377, 0.304976476158117 ], [ 38.389088277044721, 46.729999999999563, 0.304576476158218 ], [ 38.389333530003569, 46.73159414300244, 0.319276476158166 ], [ 38.389999999999418, 46.731822847441435, 0.318276476158189 ], [ 38.401622181741914, 46.735811090871721, 0.241876476158041 ], [ 38.410000000001673, 46.738686005353884, 0.199976476158099 ], [ 38.413829125498523, 46.740000000001601, 0.180876476158119 ], [ 38.427989128998888, 46.744859117001397, 0.110076476158156 ], [ 38.430000000000291, 46.744793754061902, 0.09997647615819 ], [ 38.439002274037193, 46.744501137016414, 0.09997647615819 ], [ 38.450000000002547, 46.744143658224857, 0.09997647615819 ], [ 38.462527062672962, 46.743736468661155, 0.09997647615819 ], [ 38.470000000001164, 46.743493562396907, 0.09997647615819 ], [ 38.470550977002858, 46.743475653000132, 0.09997647615819 ], [ 38.478581502438828, 46.741418497565974, 0.09997647615819 ], [ 38.492261202867667, 46.737914210036251, 0.128276476158135 ], [ 38.493279959266147, 46.73765323828593, 0.127376476158133 ], [ 38.494233673283816, 46.737408928249351, 0.121176476158098 ], [ 38.495128381167888, 46.73717973363091, 0.11537647615819 ], [ 38.495969394645726, 46.736964293751953, 0.114876476158088 ], [ 38.502278489568198, 46.735348111962594, 0.130676476158214 ], [ 38.507926045895147, 46.733901394522036, 0.144776476158086 ], [ 38.513010928581934, 46.732598815488018, 0.157576476158056 ], [ 38.513438347001284, 46.732489325002462, 0.159976476158135 ], [ 38.519978148631708, 46.729978148634473, 0.199976476158099 ], [ 38.525767881723368, 46.727754986264699, 0.139076476158152 ], [ 38.528598125449207, 46.726668219178464, 0.135076476158019 ], [ 38.531269992405214, 46.725642266166687, 0.11257647615821 ], [ 38.533796414600147, 46.724672161559283, 0.0912764761581 ], [ 38.536882186301227, 46.723487275927255, 0.083676476158189 ], [ 38.53993903792616, 46.72231349512731, 0.044076476158125 ], [ 38.553070509004101, 46.717271226003504, 0.07887647615803 ], [ 38.566742383998644, 46.709947006998846, 0.118776476158246 ], [ 38.58578535199922, 46.695868231001441, 0.180876476158119 ], [ 38.598155144003613, 46.677923895000276, 0.236376476158057 ], [ 38.591644727001039, 46.65924713700042, 0.255476476158037 ], [ 38.575450066000485, 46.653794664000088, 0.232576476158101 ], [ 38.468161521121147, 46.64731570036929, 0.029776476158077 ], [ 38.467624572622299, 46.647283275004156, 0.040676476158069 ], [ 38.467060554366981, 46.647249214955082, 0.031276476158155 ], [ 38.462250195998422, 46.646958725999866, 0.029176476158227 ], [ 38.454268366413089, 46.648536732827779, 0.023576476158041 ], [ 38.409068877257596, 46.657472666842295, 0.001976476158234 ], [ 38.408892259614731, 46.65750758413742, 0.002776476158033 ], [ 38.396285192049618, 46.659999999999854, 0.137176476158174 ], [ 38.391780968857347, 46.660890484428819, 0.199976476158099 ], [ 38.389999999999418, 46.661242581772967, 0.187576476158029 ], [ 38.385889575522015, 46.662055212240375, 0.179476476158243 ], [ 38.366241316409287, 46.665939670896478, 0.14057647615823 ], [ 38.345703474380571, 46.670000000001892, 0.09997647615819 ], [ 38.334449728601612, 46.672224864301825, 0.122276476158049 ], [ 38.33, 46.673104575154866, 0.131076476158114 ], [ 38.326130406676384, 46.673869593325435, 0.138676476158025 ], [ 38.313649936002548, 46.676336980999622, 0.19677647615822 ], [ 38.306895379002526, 46.683172918999844, 0.264876476158179 ], [ 38.301241067647425, 46.690875893233169, 0.335076476158065 ], [ 38.300059895544109, 46.692485026118447, 0.362076476158109 ], [ 38.297178100165183, 46.696410949920391, 0.406876476158232 ], [ 38.290049675000773, 46.70612213700042, 0.41507647615822 ], [ 38.289317254000707, 46.711086330000398, 0.382776476158142 ], [ 38.283638184600932, 46.719999999997526, 0.379476476158061 ], [ 38.280664165307826, 46.724667917345869, 0.440076476158083 ], [ 38.27995853000175, 46.725775458004136, 0.458176476158087 ], [ 38.27469089133956, 46.729999999999563, 0.553076476158139 ], [ 38.272889446401678, 46.731444723205641, 0.585576476158167 ], [ 38.271739129004345, 46.732367254997371, 0.6062764761582 ], [ 38.270000000002256, 46.73165642053209, 0.616576476158116 ], [ 38.265947398280332, 46.729999999999563, 0.660776476158162 ], [ 38.261485222001284, 46.7281761739996, 0.709476476158216 ], [ 38.252875918889913, 46.721437959446121, 0.771276476158164 ], [ 38.251038662358042, 46.719999999997526, 0.786976476158088 ], [ 38.25063377837796, 46.719683110814003, 0.794676476158202 ], [ 38.236261710502731, 46.708434572377882, 0.760876476158046 ], [ 38.230967644001794, 46.704291083002317, 0.711976476158043 ], [ 38.219835296004021, 46.699016470400238, 0.660676476158187 ], [ 38.217797060347948, 46.69805073491807, 0.660976476158112 ], [ 38.213877800002592, 46.696193752002728, 0.675576476158085 ], [ 38.208783088466589, 46.695132353876033, 0.69697647615817 ], [ 38.194346550000773, 46.692124742001397, 0.720376476158208 ], [ 38.155531601536495, 46.69092193358847, 0.790776476158044 ], [ 38.153426842987756, 46.69085671074572, 0.799976476158236 ], [ 38.151600213273923, 46.690800106634924, 0.799976476158236 ], [ 38.149999999999636, 46.690750518782806, 0.814976476158108 ], [ 38.145762566002304, 46.690619208000498, 0.833576476158214 ], [ 38.142411558377717, 46.690000000004147, 0.837976476158019 ], [ 38.123301629004345, 46.686468816998968, 0.898176476158142 ], [ 38.112282548425355, 46.68057063710512, 0.894276476158211 ], [ 38.103688998002326, 46.675970770000276, 0.891276476158055 ], [ 38.101204696895365, 46.673734898966359, 0.881276476158064 ], [ 38.090426129423577, 46.66403418808477, 0.891476476158232 ], [ 38.071875729239764, 46.647338827640851, 0.785976476158112 ], [ 38.070323113002814, 46.645941473003404, 0.779276476158202 ], [ 38.06999999999789, 46.645782661398698, 0.778176476158023 ], [ 38.051081278554193, 46.636484018119518, 0.683776476158073 ], [ 38.036794467003347, 46.629461980999622, 0.61257647615821 ], [ 38.031934067517795, 46.628395594911126, 0.590376476158099 ], [ 38.030984397137217, 46.628187234406141, 0.590176476158149 ], [ 38.030000000004293, 46.627971254747536, 0.58497647615809 ], [ 38.028978935853957, 46.627747230240857, 0.579576476158081 ], [ 38.010000000000218, 46.623583195309038, 0.665776476158044 ], [ 37.991702608889682, 46.619568693322435, 0.748876476158102 ], [ 37.99000000000342, 46.61919513587236, 0.747976476158101 ], [ 37.98226972699922, 46.617499091000354, 0.782376476158106 ], [ 37.971904356461891, 46.61714772250707, 0.833376476158037 ], [ 37.961155564446017, 46.616783356672386, 0.888976476158177 ], [ 37.957719408854246, 46.616666876820091, 0.91227647615824 ], [ 37.939921498025797, 46.616063557805319, 0.912576476158165 ], [ 37.934934057517239, 46.615894492024381, 0.930176476158067 ], [ 37.924652540003081, 46.615545966000354, 0.930576476158194 ], [ 37.918710849098716, 46.617421698188991, 0.928176476158114 ], [ 37.912752294951133, 46.619302753941156, 0.934476476158125 ], [ 37.899079427350443, 46.623619141020754, 0.927276476158113 ], [ 37.884163910073767, 46.628327820142658, 0.919476476158025 ], [ 37.881602410003325, 46.629136460003792, 0.905376476158153 ], [ 37.880027464445448, 46.628780897501201, 0.899976476158145 ], [ 37.852224155003569, 46.622503973001585, 0.990876476158064 ], [ 37.850595133997558, 46.623169526003039, 0.999976476158054 ], [ 37.851579221000065, 46.62498856500315, 1.002576476158083 ], [ 37.854919203000463, 46.628321944002892, 1.001076476158232 ], [ 37.860371873002805, 46.632499731002099, 0.993976476158196 ], [ 37.863933393002299, 46.63472287300101, 0.987476476158236 ], [ 37.872592786001405, 46.63883572800296, 0.966976476158152 ], [ 37.882048082625261, 46.641987979348414, 0.939776476158158 ], [ 37.882960258997628, 46.642292085003646, 0.935176476158176 ], [ 37.884596167634299, 46.642701916183796, 0.926976476158188 ], [ 37.889999999997599, 46.644055695329371, 0.940576476158185 ], [ 37.890553925999484, 46.644194466000044, 0.941976476158061 ], [ 37.898488195998652, 46.645776896997631, 0.957776476158188 ], [ 37.902962881953499, 46.64648144097373, 0.964776476158022 ], [ 37.906580450999172, 46.647051031000956, 0.970476476158183 ], [ 37.910000000001673, 46.647439934209615, 0.974376476158113 ], [ 37.918609364998701, 46.648419072002071, 0.984176476158154 ], [ 37.928127700948608, 46.649063850476523, 0.990676476158114 ], [ 37.929948107002929, 46.649187166003685, 0.991876476158041 ], [ 37.929999999998472, 46.649188561390474, 0.991876476158041 ], [ 37.949421605033422, 46.649710802519621, 0.997076476158099 ], [ 37.950000000002547, 46.649726355382882, 0.997276476158049 ], [ 37.959983251001177, 46.649994802002766, 0.999976476158054 ], [ 37.960090993150516, 46.650000000003274, 0.999976476158054 ], [ 37.969128020991775, 46.650435989507969, 1.004376476158086 ], [ 37.969881978000558, 46.650472364000962, 1.004676476158238 ], [ 37.969999999999345, 46.6504815557455, 1.004776476158213 ], [ 37.971140807314441, 46.650570403657184, 1.005676476158214 ], [ 37.983003445000577, 46.651494285004446, 1.014976476158154 ], [ 37.989515423001649, 46.652234466004302, 1.022376476158115 ], [ 37.99000000000342, 46.652309704644722, 1.023076476158167 ], [ 38.001736131553116, 46.654131934225006, 0.982676476158076 ], [ 38.010000000000218, 46.655415037221246, 1.008276476158244 ], [ 38.010032446003606, 46.655420075003349, 1.008276476158244 ], [ 38.023253448003743, 46.657926677002251, 0.992276476158167 ], [ 38.027877067765075, 46.658938533882974, 0.989376476158213 ], [ 38.030000000004293, 46.659403127361657, 0.988076476158085 ], [ 38.032727373980379, 46.659999999999854, 0.999976476158054 ], [ 38.039303634999669, 46.661439183000766, 1.014376476158077 ], [ 38.048649434002073, 46.663949214002059, 1.039476476158143 ], [ 38.050000000001091, 46.664406204125044, 1.044076476158125 ], [ 38.056672233378777, 46.666663883315778, 0.999876476158079 ], [ 38.063622879999457, 46.669015769004545, 1.012176476158174 ], [ 38.066207143483552, 46.670000000001892, 1.018976476158059 ], [ 38.06999999999789, 46.671444530316876, 1.014476476158052 ], [ 38.075029735999124, 46.673360133003371, 1.008476476158194 ], [ 38.079512369358781, 46.675243815319845, 1.004876476158188 ], [ 38.090000000001965, 46.679650904372465, 0.996476476158023 ], [ 38.090830749266388, 46.680000000003929, 0.995876476158173 ], [ 38.101246354564864, 46.684376822722697, 0.98757647615821 ], [ 38.109999999998763, 46.688055260330657, 0.980576476158149 ], [ 38.11068656700445, 46.688343768000777, 0.979976476158072 ], [ 38.114902487948711, 46.690000000004147, 0.975476476158065 ], [ 38.124383102003776, 46.693724475999261, 0.965376476158099 ], [ 38.130000000002838, 46.695720724696002, 0.957176476158111 ], [ 38.131289498001934, 46.696179013004439, 0.961776476158093 ], [ 38.14300278014889, 46.700000000000728, 0.999976476158054 ], [ 38.149999999999636, 46.702282561434913, 1.022776476158242 ], [ 38.156863941001575, 46.704521646001012, 1.010876476158046 ], [ 38.165293764381204, 46.707646882190602, 0.999976476158054 ], [ 38.170000000003711, 46.709391651589613, 0.987876476158135 ], [ 38.171640922266306, 46.710000000002765, 0.991776476158066 ], [ 38.182183201883163, 46.713908399064167, 0.978176476158069 ], [ 38.190000000000509, 46.716806364918739, 0.968076476158103 ], [ 38.198614318414911, 46.719999999997526, 0.999976476158054 ], [ 38.19973468000353, 46.720415358000537, 1.004176476158136 ], [ 38.208389116003673, 46.723903088999577, 1.039076476158243 ], [ 38.209999999999127, 46.724671947547904, 1.046676476158154 ], [ 38.214581472999271, 46.72685863800325, 1.045676476158178 ], [ 38.220225326012951, 46.729999999999563, 1.048876476158057 ], [ 38.220499148003, 46.730152409001676, 1.047476476158181 ], [ 38.226090997000938, 46.733783977002531, 1.019576476158136 ], [ 38.229647795998972, 46.736403126002187, 1.001776476158057 ], [ 38.230000000001382, 46.73667969005146, 0.999976476158054 ], [ 38.234228410994547, 46.740000000001601, 0.978876476158121 ], [ 38.237013199001012, 46.742186722000042, 0.986776476158184 ], [ 38.240275810045205, 46.744862094979908, 0.997276476158049 ], [ 38.244703017002394, 46.748492447999524, 1.011376476158148 ], [ 38.246420569334077, 46.750000000003638, 1.017876476158108 ], [ 38.247719598684853, 46.751140200662121, 1.011376476158148 ], [ 38.248426591002499, 46.75176075100353, 1.007876476158117 ], [ 38.25, 46.7532219581135, 0.999976476158054 ], [ 38.257298508226086, 46.760000000003856, 0.963476476158121 ], [ 38.261743665541871, 46.76412816723132, 0.982576476158101 ], [ 38.268066379459924, 46.770000000000437, 1.00967647615812 ], [ 38.269412779000049, 46.771250385998428, 1.00297647615821 ], [ 38.270000000002256, 46.771826764039361, 0.999976476158054 ], [ 38.275516734525809, 46.777241632742516, 0.972376476158161 ], [ 38.278326992855, 46.780000000002474, 0.999976476158054 ], [ 38.28697329138231, 46.788486645691592, 0.999976476158054 ], [ 38.28851511528228, 46.790000000004511, 1.007376476158242 ], [ 38.289391196, 46.790859904000172, 1.011676476158073 ], [ 38.289999999999054, 46.791534179694281, 1.015376476158053 ], [ 38.293501162999746, 46.795411863004119, 1.036576476158189 ], [ 38.296978496076918, 46.799999999999272, 1.065076476158083 ], [ 38.297066813001948, 46.80011652900248, 1.064676476158184 ], [ 38.299774929975683, 46.804887464990315, 1.051076476158187 ], [ 38.299868017002154, 46.80505145799907, 1.05067647615806 ], [ 38.301213066002674, 46.80852046900327, 1.04397647615815 ], [ 38.301595189390355, 46.81000000000131, 1.041976476158197 ], [ 38.30213343899959, 46.812084031003906, 1.039376476158168 ], [ 38.302654083001471, 46.815696263003701, 1.036776476158138 ], [ 38.302678565120004, 46.816339282559056, 1.036576476158189 ], [ 38.302791739004533, 46.819311779998316, 1.036076476158087 ], [ 38.302709190866153, 46.820000000003347, 1.036476476158214 ], [ 38.301990117117384, 46.825995058559784, 1.04007647615822 ], [ 38.301945207000244, 46.826369483000235, 1.040276476158169 ], [ 38.300955144000909, 46.829717151003933, 1.045176476158076 ], [ 38.300831231767006, 46.829999999998108, 1.045876476158128 ], [ 38.299570563001907, 46.832877673001349, 1.052176476158138 ], [ 38.298657021156032, 46.834328510576597, 1.056676476158145 ], [ 38.297125169001447, 46.836761315003969, 1.032376476158106 ], [ 38.294511850024719, 46.840000000000146, 0.999976476158054 ], [ 38.294187515999511, 46.840401947003556, 0.995976476158148 ], [ 38.293131153801369, 46.841565576900393, 0.984376476158104 ], [ 38.289999999999054, 46.845014681932298, 0.999976476158054 ], [ 38.286006762000397, 46.849413411004207, 1.019976476158035 ], [ 38.285421681674052, 46.850000000002183, 1.022876476158217 ], [ 38.280866853230691, 46.854566573383636, 0.999976476158054 ], [ 38.275447401054407, 46.86000000000422, 0.999976476158054 ], [ 38.274508139002137, 46.860941684000863, 0.999976476158054 ], [ 38.270281638999222, 46.865750416000083, 0.999976476158054 ], [ 38.270000000002256, 46.866092178752297, 0.999976476158054 ], [ 38.267892142999699, 46.868650017002437, 1.010576476158121 ], [ 38.26774235056655, 46.868871175283857, 1.011276476158173 ], [ 38.266977787716314, 46.870000000004438, 0.999976476158054 ], [ 38.266049022000516, 46.871371259001535, 0.999976476158054 ], [ 38.265033728002891, 46.874045536003905, 0.999976476158054 ], [ 38.265533223824605, 46.877766611913103, 0.999976476158054 ], [ 38.265573398000924, 46.878065895998589, 0.999976476158054 ], [ 38.267028425354511, 46.880000000001019, 0.999976476158054 ], [ 38.267648260001806, 46.880823918998431, 0.999976476158054 ], [ 38.270000000002256, 46.882572357772005, 0.999976476158054 ], [ 38.270937754001352, 46.883269546002339, 0.999976476158054 ], [ 38.275217160002285, 46.885346858001867, 0.999976476158054 ], [ 38.282190506004554, 46.887507720997746, 0.999976476158054 ], [ 38.286955963880246, 46.888477981936376, 0.999976476158054 ], [ 38.289999999999054, 46.889097756456977, 0.990976476158039 ], [ 38.290201212999818, 46.889138724001896, 0.991376476158166 ], [ 38.295682035315622, 46.890000000003056, 0.999976476158054 ], [ 38.295953475002534, 46.890042655002617, 1.000476476158155 ], [ 38.310000000003129, 46.891927528673477, 1.019276476158211 ], [ 38.317574209999293, 46.892943896000361, 1.029476476158152 ], [ 38.322545068620457, 46.893727465689153, 1.03727647615824 ], [ 38.327170603002742, 46.894456601003185, 1.044576476158227 ], [ 38.33, 46.895021097610879, 1.050176476158185 ], [ 38.346709770477901, 46.898354885241133, 0.999976476158054 ], [ 38.348757849002141, 46.898763499999404, 0.999976476158054 ], [ 38.350000000004002, 46.899001244131796, 0.999976476158054 ], [ 38.351444547333813, 46.899277726339278, 0.999976476158054 ], [ 38.355218238633825, 46.899999999997817, 0.999976476158054 ], [ 38.3700000000008, 46.902829186628878, 1.028276476158226 ], [ 38.379167726081505, 46.904583863044536, 0.999976476158054 ], [ 38.382739022999885, 46.905267399002696, 0.999976476158054 ], [ 38.389999999999418, 46.906501380037298, 0.999976476158054 ], [ 38.390018535001218, 46.906504530001257, 0.999976476158054 ], [ 38.396574257001703, 46.907391230999565, 0.999976476158054 ], [ 38.406657227160395, 46.908328613582853, 0.999976476158054 ], [ 38.409793283000909, 46.908620163001615, 0.987276476158058 ], [ 38.410000000001673, 46.908631942269494, 0.986276476158082 ], [ 38.419773318999432, 46.909188850999271, 0.991876476158041 ], [ 38.42893323730641, 46.909466618650185, 0.99467647615802 ], [ 38.430000000000291, 46.909498967434047, 0.994976476158172 ], [ 38.43648172900248, 46.909695521002504, 0.996976476158125 ], [ 38.449591702174075, 46.909795851088347, 0.997976476158101 ], [ 38.450000000002547, 46.909798975771992, 0.997976476158101 ], [ 38.459951344999354, 46.909875133003879, 0.998776476158127 ], [ 38.46971932728411, 46.909859663644966, 0.998576476158178 ], [ 38.470000000001164, 46.909859219145801, 0.998576476158178 ], [ 38.489656180074235, 46.909828090034352, 0.998276476158026 ], [ 38.49000000000342, 46.909827545539883, 0.998276476158026 ], [ 38.509593032869816, 46.909796516436472, 0.997976476158101 ], [ 38.510000000000218, 46.909795871928509, 0.999976476158054 ], [ 38.510226008002064, 46.909795514002326, 0.999976476158054 ], [ 38.523545318003016, 46.909967847001099, 0.999976476158054 ], [ 38.524453846928736, 46.909999999999854, 0.999976476158054 ], [ 38.530000000004293, 46.910196279335651, 1.001976476158234 ], [ 38.530422460586124, 46.910211230293498, 1.002076476158209 ], [ 38.540046931004326, 46.910551841998313, 1.005476476158037 ], [ 38.549818020002931, 46.911220334002792, 1.012176476158174 ], [ 38.550000000001091, 46.911239750064851, 1.012376476158124 ], [ 38.553152121066887, 46.911576060538209, 1.01577647615818 ], [ 38.559439487999043, 46.912246881000101, 1.02247647615809 ], [ 38.568850809997457, 46.91376618600043, 1.03767647615814 ], [ 38.569999999999709, 46.9140219669207, 1.040176476158194 ], [ 38.57568968799751, 46.915288349004186, 1.024476476158043 ], [ 38.586889044940108, 46.918444522472782, 0.999976476158054 ], [ 38.588897577999887, 46.919010562000039, 0.999976476158054 ], [ 38.590000000001965, 46.919372693344485, 0.999976476158054 ], [ 38.591909684644634, 46.920000000001892, 0.999976476158054 ], [ 38.59736357100337, 46.921791530998235, 1.017876476158108 ], [ 38.602391617283502, 46.92380419136316, 1.038076476158039 ], [ 38.605358377000812, 46.924991746001979, 1.023176476158142 ], [ 38.60914036900067, 46.92682684200372, 1.004276476158111 ], [ 38.610000000000582, 46.927270258960561, 0.999976476158054 ], [ 38.615292016893363, 46.930000000003929, 0.999976476158054 ], [ 38.624093282000103, 46.934539890004089, 0.999976476158054 ], [ 38.630000000002838, 46.937477234703692, 0.999976476158054 ], [ 38.632529623613664, 46.938735188194187, 0.999976476158054 ], [ 38.635073038642076, 46.93999999999869, 0.999976476158054 ], [ 38.637132526002461, 46.941024159998051, 1.010276476158197 ], [ 38.642280966832914, 46.943859516586599, 1.038576476158141 ], [ 38.644155182000759, 46.944891687000563, 1.029176476158227 ], [ 38.650000000001455, 46.948671246565937, 0.999976476158054 ], [ 38.652054821963247, 46.950000000000728, 0.999976476158054 ], [ 38.657295164999596, 46.953388675001406, 0.999976476158054 ], [ 38.66208460100097, 46.955888579002931, 0.999976476158054 ], [ 38.670000000003711, 46.959302774594107, 0.999976476158054 ], [ 38.671616432660812, 46.960000000002765, 0.999976476158054 ], [ 38.672498963003818, 46.960380667002028, 0.999976476158054 ], [ 38.684959425003399, 46.965248450002036, 0.999976476158054 ], [ 38.690000000002328, 46.967026364078265, 0.999976476158054 ], [ 38.693487234046188, 46.968256382979234, 0.999976476158054 ], [ 38.698430573263977, 46.969999999997526, 0.999976476158054 ], [ 38.709020836997297, 46.973735403000319, 1.037376476158215 ], [ 38.709999999999127, 46.974127322351706, 1.041276476158146 ], [ 38.71552197100209, 46.976337544001581, 1.035776476158162 ], [ 38.721922208003889, 46.979173152001749, 1.032076476158181 ], [ 38.723628990475845, 46.979999999999563, 1.031876476158232 ], [ 38.726864817597743, 46.981567591203202, 1.015676476158205 ], [ 38.728193869003007, 46.982211448001181, 1.02207647615819 ], [ 38.730000000001382, 46.983162662727409, 1.031676476158054 ], [ 38.734303997998722, 46.985429401000147, 1.032776476158233 ], [ 38.740213091999976, 46.988810926997758, 1.037076476158063 ], [ 38.742117133653664, 46.990000000001601, 1.039376476158168 ], [ 38.745873826999741, 46.992346053004439, 1.020676476158087 ], [ 38.75, 46.995056383755582, 0.999976476158054 ], [ 38.757526098384915, 47.000000000003638, 0.999976476158054 ], [ 38.758613975003755, 47.000714585999958, 0.999976476158054 ], [ 38.764167428000292, 47.00401425900418, 0.999976476158054 ], [ 38.770000000002256, 47.007198799701655, 0.999976476158054 ], [ 38.775130473744866, 47.009999999998399, 0.999976476158054 ], [ 38.78223832869844, 47.013880835649616, 1.038776476158091 ], [ 38.784057433000271, 47.014874052998493, 1.029676476158102 ], [ 38.790000000000873, 47.01865643461133, 0.999976476158054 ], [ 38.792110899472391, 47.020000000000437, 0.999976476158054 ], [ 38.793721567002649, 47.021025173002272, 0.999976476158054 ], [ 38.797034028004418, 47.022897003003891, 0.999976476158054 ], [ 38.801728517000811, 47.025068096003452, 0.999976476158054 ], [ 38.806693381000514, 47.026928887004033, 0.999976476158054 ], [ 38.810000000003129, 47.027985075219476, 0.999976476158054 ], [ 38.811846107004385, 47.028574751999258, 0.999976476158054 ], [ 38.812482274739523, 47.028758862630639, 0.999976476158054 ], [ 38.816770845849533, 47.030000000002474, 0.999976476158054 ], [ 38.825150030605073, 47.032424984699901, 1.024276476158093 ], [ 38.830000000001746, 47.033828593988801, 0.999976476158054 ], [ 38.835530017004203, 47.035429012999884, 0.999976476158054 ], [ 38.840995308004494, 47.036792851000428, 0.999976476158054 ], [ 38.845483210212478, 47.037741605108749, 0.999976476158054 ], [ 38.846662131001722, 47.037990832002833, 0.999976476158054 ], [ 38.850000000004002, 47.038636044928353, 0.999976476158054 ], [ 38.851967335054724, 47.039016332475512, 0.999976476158054 ], [ 38.857056125449162, 47.040000000004511, 0.999976476158054 ], [ 38.870000000002619, 47.042502061998675, 1.024976476158145 ], [ 38.870161841001391, 47.042533346002529, 1.025376476158044 ], [ 38.878802758003076, 47.044776161999835, 1.047776476158106 ], [ 38.879758606142786, 47.045120696928279, 1.051176476158162 ], [ 38.887021955002638, 47.047738766999828, 1.014876476158179 ], [ 38.889999999999418, 47.049218969870708, 0.999976476158054 ], [ 38.89157136761969, 47.049999999999272, 0.999976476158054 ], [ 38.89474510799846, 47.051577471003839, 0.999976476158054 ], [ 38.905676220356327, 47.057838110174998, 0.999976476158054 ], [ 38.906159167001533, 47.058114711002418, 1.000376476158181 ], [ 38.909140788340665, 47.06000000000131, 1.004276476158111 ], [ 38.910000000003492, 47.06054328236678, 1.005476476158037 ], [ 38.911736956999448, 47.061641566000617, 1.007776476158142 ], [ 38.917090914002983, 47.065331126001183, 1.017876476158108 ], [ 38.922097705999477, 47.069185805003144, 1.03137647615813 ], [ 38.923010000627983, 47.070000000003347, 1.034976476158135 ], [ 38.926612019002278, 47.073214691003159, 1.016976476158106 ], [ 38.930000000000291, 47.076912317172173, 0.999976476158054 ], [ 38.931748820999928, 47.078820971999448, 0.999976476158054 ], [ 38.93268279444419, 47.079999999998108, 0.999976476158054 ], [ 38.934442284264151, 47.082221142130948, 0.999976476158054 ], [ 38.935006645002431, 47.082933579000382, 1.004276476158111 ], [ 38.937606528003016, 47.086944130001939, 1.03137647615813 ], [ 38.938897844398525, 47.090000000000146, 1.055476476158219 ], [ 38.939262361003784, 47.090862620003463, 1.053676476158216 ], [ 38.939699963002568, 47.09342907300379, 1.051476476158086 ], [ 38.939626556073563, 47.09481327803951, 1.051876476158213 ], [ 38.939569999003652, 47.095879751999746, 1.052176476158138 ], [ 38.938866975002384, 47.098135952997836, 1.055676476158169 ], [ 38.937648746999912, 47.100000000002183, 1.061776476158229 ], [ 38.937573539002187, 47.100115078001181, 1.062176476158129 ], [ 38.934931391000646, 47.102223977004542, 1.075376476158226 ], [ 38.93467456567123, 47.102337282838562, 1.076676476158127 ], [ 38.931404003002172, 47.103780184999778, 1.062176476158129 ], [ 38.930000000000291, 47.10413953983516, 1.058576476158123 ], [ 38.927176028004396, 47.104862336000224, 1.051376476158111 ], [ 38.919855819003715, 47.105729759001406, 1.042676476158022 ], [ 38.918510289189726, 47.105744855403827, 1.042576476158047 ], [ 38.911737668004207, 47.105820841999957, 1.04177647615802 ], [ 38.910000000003492, 47.105705677833612, 1.042976476158174 ], [ 38.900098971869738, 47.105049485933705, 0.999976476158054 ], [ 38.892142368003988, 47.104522161003842, 0.999976476158054 ], [ 38.889999999999418, 47.104470968150054, 0.999976476158054 ], [ 38.883092111002043, 47.10430590100259, 0.999976476158054 ], [ 38.881254478761548, 47.104372760621118, 0.999976476158054 ], [ 38.874104455000634, 47.104632904000027, 0.999976476158054 ], [ 38.870000000002619, 47.105083806463881, 0.999976476158054 ], [ 38.86537356500412, 47.105592051999338, 0.999976476158054 ], [ 38.862415966399567, 47.106207983199056, 0.999976476158054 ], [ 38.857099138000194, 47.107315233004556, 0.999976476158054 ], [ 38.850000000004002, 47.109587303979424, 0.999976476158054 ], [ 38.849496742157498, 47.109748371076421, 1.002476476158108 ], [ 38.849319207003646, 47.109805190997577, 1.001976476158234 ], [ 38.848782153629145, 47.11000000000422, 0.999976476158054 ], [ 38.838965244003703, 47.113560954003333, 0.999976476158054 ], [ 38.837961031906161, 47.113980515956428, 0.999976476158054 ], [ 38.83385277600064, 47.115696954002487, 0.999976476158054 ], [ 38.830000000001746, 47.117490429762256, 0.999976476158054 ], [ 38.824608897313738, 47.119999999998981, 1.026976476158097 ], [ 38.820409145002486, 47.12195499399968, 1.028376476158201 ], [ 38.81428115000017, 47.124482472998352, 1.033776476158209 ], [ 38.810000000003129, 47.126037503472617, 1.039576476158118 ], [ 38.807933923002565, 47.126787958997738, 1.032076476158181 ], [ 38.805254099870581, 47.127627049934745, 1.023776476158218 ], [ 38.802097575004154, 47.128615403000367, 1.013876476158202 ], [ 38.796931253735238, 47.130000000001019, 0.999976476158054 ], [ 38.792418744797033, 47.131209372399098, 0.999976476158054 ], [ 38.790143463000277, 47.131819158001235, 0.999976476158054 ], [ 38.790000000000873, 47.131852232068923, 0.999976476158054 ], [ 38.783126115065897, 47.133436942467597, 0.999976476158054 ], [ 38.776611524002874, 47.134938821000105, 1.017576476158183 ], [ 38.770000000002256, 47.136065631346355, 1.039376476158168 ], [ 38.769815388001007, 47.136097095000878, 1.039076476158243 ], [ 38.763730631999351, 47.136769549004384, 1.032276476158131 ], [ 38.763557625683461, 47.136778812839111, 1.032176476158156 ], [ 38.75767198000176, 47.137093966999601, 1.029076476158025 ], [ 38.75167745300314, 47.137079235002602, 1.029176476158227 ], [ 38.75, 47.136951000305999, 1.030476476158128 ], [ 38.742894360004357, 47.136407802003305, 1.035876476158137 ], [ 38.738702193802965, 47.135648903100446, 1.043476476158048 ], [ 38.734495990003779, 47.134887463002087, 1.02247647615809 ], [ 38.730471627999577, 47.133789199002422, 1.002376476158133 ], [ 38.730000000001382, 47.13364075617028, 0.999976476158054 ], [ 38.721053541999936, 47.130824898002174, 0.999976476158054 ], [ 38.718729280144544, 47.130000000001019, 0.999976476158054 ], [ 38.713623885716515, 47.128188057145962, 1.018076476158058 ], [ 38.710001505003675, 47.126902447000248, 1.03097647615823 ], [ 38.709999999999127, 47.126901804096633, 1.03097647615823 ], [ 38.70383023800423, 47.124266215998432, 1.026476476158223 ], [ 38.697724691000985, 47.121312390003368, 1.025476476158019 ], [ 38.695284872510456, 47.119999999998981, 1.026376476158021 ], [ 38.692738939265837, 47.118630530367227, 1.013676476158025 ], [ 38.69172234600228, 47.118083699999261, 1.019176476158236 ], [ 38.690000000002328, 47.117062098526731, 1.029376476158177 ], [ 38.685865234998346, 47.11460958200405, 1.033276476158107 ], [ 38.680201200002557, 47.110907802003567, 1.041976476158197 ], [ 38.678947532798702, 47.11000000000422, 1.044776476158177 ], [ 38.674785138999141, 47.106985939000879, 1.023876476158193 ], [ 38.670000000003711, 47.103209891645747, 0.999976476158054 ], [ 38.66593231328261, 47.100000000002183, 0.979676476158147 ], [ 38.662652812003216, 47.097412081000584, 0.989176476158036 ], [ 38.658369973400113, 47.094184986703112, 0.999976476158054 ], [ 38.657385888001954, 47.093443484001909, 1.002476476158108 ], [ 38.652674432254571, 47.090000000000146, 1.013376476158101 ], [ 38.650000000001455, 47.088045325021085, 0.999976476158054 ], [ 38.648614935003934, 47.087033015999623, 0.993076476158194 ], [ 38.645036041001731, 47.084619960001874, 0.97517647615814 ], [ 38.640856509999139, 47.082147554998301, 0.954276476158157 ], [ 38.636602590391703, 47.079999999998108, 0.932976476158046 ], [ 38.636486343999422, 47.079941314001189, 0.932976476158046 ], [ 38.633034787131692, 47.078482606433681, 0.930376476158244 ], [ 38.631943698002942, 47.078021486999205, 0.929476476158243 ], [ 38.630000000002838, 47.077357382326227, 0.926376476158111 ], [ 38.62724289700418, 47.076415360997999, 0.935876476158228 ], [ 38.621450357000867, 47.074935299002391, 0.950676476158151 ], [ 38.619006445167543, 47.074503222584099, 0.954976476158208 ], [ 38.615493561001131, 47.073882155002138, 0.961176476158244 ], [ 38.610000000000582, 47.073267616468002, 0.967276476158077 ], [ 38.60941225300121, 47.073201868004617, 0.967976476158128 ], [ 38.600132065997968, 47.072796267997546, 0.972076476158236 ], [ 38.595833868163027, 47.07291693408115, 0.970876476158082 ], [ 38.590751738000108, 47.073059608001131, 0.969376476158232 ], [ 38.590000000001965, 47.073132584153427, 0.96867647615818 ], [ 38.582225361053133, 47.073887319475034, 0.999976476158054 ], [ 38.569999999999709, 47.075074115662574, 1.049276476158184 ], [ 38.569647244003136, 47.075108360002559, 1.048876476158057 ], [ 38.561428747732862, 47.075714373868323, 1.042876476158199 ], [ 38.56010554400018, 47.075811944003362, 1.041876476158222 ], [ 38.550538392000817, 47.076197316002435, 1.038076476158039 ], [ 38.550000000001091, 47.076207929740121, 1.03787647615809 ], [ 38.539863669999249, 47.076407754999309, 0.985276476158106 ], [ 38.536881379857732, 47.076559310071389, 0.968776476158155 ], [ 38.530000000004293, 47.07690901046044, 0.961776476158093 ], [ 38.525557795002896, 47.077134756002124, 0.957276476158086 ], [ 38.524485260266374, 47.077242630135515, 0.955176476158158 ], [ 38.515548825002043, 47.078141444999346, 0.990876476158064 ], [ 38.510000000000218, 47.078847739390767, 1.011476476158123 ], [ 38.501004118001219, 47.079992800003311, 1.000076476158029 ], [ 38.500957499123615, 47.079999999998108, 0.999976476158054 ], [ 38.492585887190216, 47.081292943597873, 0.974176476158163 ], [ 38.49000000000342, 47.081692317851775, 0.983076476158203 ], [ 38.485888004999651, 47.08232739000232, 0.976676476158218 ], [ 38.480064605000734, 47.083496918001401, 0.965076476158174 ], [ 38.477999976306819, 47.083999988151845, 0.95997647615809 ], [ 38.474420725999153, 47.084872113004167, 0.977876476158144 ], [ 38.470000000001164, 47.086107502524101, 0.999976476158054 ], [ 38.465006122838531, 47.087503061422467, 1.024976476158145 ], [ 38.457723523000823, 47.089538213000196, 1.004576476158036 ], [ 38.455848490646531, 47.090000000000146, 0.999976476158054 ], [ 38.45193007276248, 47.090965036381021, 0.99037647615819 ], [ 38.450000000002547, 47.091440378850166, 0.98557647615803 ], [ 38.438887302001604, 47.094177237999247, 1.013776476158228 ], [ 38.438512043838273, 47.094256021920955, 1.014876476158179 ], [ 38.430000000000291, 47.096043090732564, 1.039576476158118 ], [ 38.42858222400173, 47.096340747004433, 1.036576476158189 ], [ 38.424032575159799, 47.097016287581937, 1.029876476158051 ], [ 38.419139633004306, 47.097742801002823, 1.022576476158065 ], [ 38.410000000001673, 47.098630933465756, 1.013676476158025 ], [ 38.409532183002739, 47.09867639299955, 1.013276476158126 ], [ 38.40759592075301, 47.098797960374213, 1.011976476158225 ], [ 38.40306278999924, 47.09908257099778, 1.009176476158245 ], [ 38.390029445001346, 47.09944833800364, 1.005476476158037 ], [ 38.389999999999418, 47.09944806351632, 1.005476476158037 ], [ 38.388875155384085, 47.099437577691788, 1.00557647615824 ], [ 38.380216445002588, 47.09935686100107, 1.006476476158241 ], [ 38.370409399001801, 47.098939961999349, 1.010576476158121 ], [ 38.3700000000008, 47.098906912675375, 1.010976476158021 ], [ 38.367392901822313, 47.09869645091203, 1.013076476158176 ], [ 38.360641980001674, 47.098151472999234, 1.018476476158185 ], [ 38.350949698000477, 47.096910292004395, 1.030876476158028 ], [ 38.350000000004002, 47.09674373712005, 1.032576476158056 ], [ 38.343789932003347, 47.095654636003019, 1.012376476158124 ], [ 38.339592996662759, 47.094796498331561, 0.999976476158054 ], [ 38.33, 47.092835040471982, 0.971676476158109 ], [ 38.319981652002753, 47.090786612003285, 0.992176476158193 ], [ 38.316246333968593, 47.090000000000146, 0.999976476158054 ], [ 38.310429693003243, 47.088775087004251, 1.012276476158149 ], [ 38.310000000003129, 47.088675719234743, 1.013276476158126 ], [ 38.305072389728593, 47.087536194863787, 0.999976476158054 ], [ 38.289999999999054, 47.084050660407229, 0.959476476158216 ], [ 38.289173652003228, 47.083859565000239, 0.961376476158193 ], [ 38.270069646468983, 47.079999999998108, 0.999976476158054 ], [ 38.270000000002256, 47.079985929385657, 1.000176476158231 ], [ 38.263683898003364, 47.078709892999541, 1.012876476158226 ], [ 38.257359360000919, 47.07725433500309, 1.027476476158199 ], [ 38.256140442326796, 47.076929778837439, 1.030676476158078 ], [ 38.251090002004275, 47.075585019003483, 1.0441764761581 ], [ 38.25, 47.075240481844958, 1.047576476158156 ], [ 38.244163731002118, 47.073395704002905, 1.036876476158113 ], [ 38.237317462004285, 47.070905344004132, 1.027576476158174 ], [ 38.235071932769642, 47.070000000003347, 1.025376476158044 ], [ 38.230539545003921, 47.068172649003827, 1.020976476158239 ], [ 38.230000000001382, 47.0679375959553, 1.020576476158112 ], [ 38.223821334000604, 47.065245856998445, 1.016676476158182 ], [ 38.212738194295525, 47.06000000000131, 1.013676476158025 ], [ 38.210542607999741, 47.058960788002878, 1.013076476158176 ], [ 38.209999999999127, 47.058695013824035, 1.013076476158176 ], [ 38.201215461313041, 47.054392269348682, 0.968276476158053 ], [ 38.192248147493956, 47.049999999999272, 1.011276476158173 ], [ 38.191112500155214, 47.04944374992192, 1.011076476158223 ], [ 38.190000000000509, 47.048898837543675, 1.010976476158021 ], [ 38.171832018362693, 47.040000000004511, 1.009176476158245 ], [ 38.170906577845017, 47.039546711082949, 1.009076476158043 ], [ 38.170000000003711, 47.039102661257857, 1.008976476158068 ], [ 38.156813042001886, 47.032643573002133, 1.007676476158167 ], [ 38.151145093796003, 47.030000000002474, 1.005676476158214 ], [ 38.150181968001561, 47.029550790999565, 1.005376476158062 ], [ 38.149999999999636, 47.029471324014594, 1.005276476158087 ], [ 38.141764865004006, 47.025874970004224, 0.958876476158139 ], [ 38.139772265256397, 47.025113867377513, 0.946576476158043 ], [ 38.13554445400041, 47.023498993003159, 0.957776476158188 ], [ 38.130000000002838, 47.021650215412592, 0.966976476158152 ], [ 38.129252648997863, 47.021401013998911, 0.964476476158097 ], [ 38.124362182168625, 47.020000000000437, 0.943576476158114 ], [ 38.122764136003752, 47.019542194002497, 0.941376476158212 ], [ 38.116233293003461, 47.018004261004535, 0.922176476158029 ], [ 38.109999999998763, 47.016896782903132, 0.893076476158058 ], [ 38.109670122001262, 47.016838173001815, 0.894876476158061 ], [ 38.103424700002506, 47.016120274000059, 0.916376476158121 ], [ 38.098302332988169, 47.015848833505515, 0.924576476158109 ], [ 38.096988086997953, 47.015779190003741, 0.91937647615805 ], [ 38.090569255004084, 47.015900611000689, 0.88487647615807 ], [ 38.090000000001965, 47.015958205573043, 0.880876476158164 ], [ 38.084183954002583, 47.016546646003917, 0.898176476158142 ], [ 38.083381810112769, 47.016690905058567, 0.899276476158093 ], [ 38.077848933002315, 47.017685948003418, 0.907076476158181 ], [ 38.071582422999199, 47.019277993003925, 0.906576476158079 ], [ 38.06999999999789, 47.019782775703789, 0.904376476158177 ], [ 38.069319032285421, 47.020000000000437, 0.906776476158029 ], [ 38.066546719001053, 47.020884350002234, 0.92567647615806 ], [ 38.061567315999127, 47.022732108000127, 0.956976476158161 ], [ 38.050000000001091, 47.027749119239161, 1.02247647615809 ], [ 38.047589348541806, 47.028794674271921, 1.024076476158143 ], [ 38.04481032674812, 47.030000000002474, 1.025976476158121 ], [ 38.030000000004293, 47.036423579658731, 1.035776476158162 ], [ 38.02911011100332, 47.036809544999414, 1.036376476158239 ], [ 38.025996740978371, 47.037998370487912, 1.04007647615822 ], [ 38.020754749288244, 47.040000000004511, 1.046176476158053 ], [ 38.018852180002796, 47.040726487002757, 1.048476476158157 ], [ 38.014416029694985, 47.042208014847347, 1.055876476158119 ], [ 38.010000000000218, 47.043682823066774, 1.026376476158021 ], [ 38.009515104999082, 47.043844761999935, 1.025576476158221 ], [ 37.990934605155417, 47.049532697426912, 1.004676476158238 ], [ 37.99000000000342, 47.049818802417576, 1.001776476158057 ], [ 37.98998782000308, 47.049822531003883, 1.001876476158031 ], [ 37.989772249649832, 47.049886124827026, 1.002276476158158 ], [ 37.989386235538404, 47.049999999999272, 1.003076476158185 ], [ 37.977193674820228, 47.053596837409714, 0.992076476158218 ], [ 37.969999999999345, 47.055718990355672, 0.98557647615803 ], [ 37.955488231991694, 47.06000000000131, 0.97257647615811 ], [ 37.952036525151925, 47.061018262576908, 0.969476476158206 ], [ 37.950741342003312, 47.061400345002767, 0.968276476158053 ], [ 37.950000000002547, 47.061631601600311, 0.967376476158051 ], [ 37.939693369635279, 47.064846684816075, 0.954576476158081 ], [ 37.929999999998472, 47.067870465527449, 1.021276476158164 ], [ 37.929068642999482, 47.068160996002916, 1.023076476158167 ], [ 37.927324309066535, 47.06866215453374, 1.026776476158147 ], [ 37.922667799955889, 47.070000000003347, 1.036676476158163 ], [ 37.922632082003474, 47.070010262001233, 1.036676476158163 ], [ 37.916145670002152, 47.071674834000078, 1.035776476158162 ], [ 37.914217227576955, 47.07210861378735, 1.036776476158138 ], [ 37.910000000001673, 47.073057228095422, 1.038876476158066 ], [ 37.909617277000507, 47.073143316998539, 1.039076476158243 ], [ 37.903053362999344, 47.07439621800404, 1.046776476158129 ], [ 37.900393723131856, 47.074803138437346, 1.051976476158188 ], [ 37.896459088004121, 47.075405130997751, 1.045976476158103 ], [ 37.889999999997599, 47.076114079338367, 1.038876476158066 ], [ 37.889838423003312, 47.076131814001201, 1.038676476158116 ], [ 37.882964819593326, 47.0764824097987, 1.035176476158085 ], [ 37.880167896000785, 47.076625069998045, 1.033776476158209 ], [ 37.8704852400042, 47.076481670001158, 1.035176476158085 ], [ 37.8700000000008, 47.076446654611573, 1.035576476158212 ], [ 37.85966209000253, 47.075700660998336, 0.991276476158191 ], [ 37.858774267182525, 47.075612866414303, 0.98777647615816 ], [ 37.850000000004002, 47.074745200980033, 1.005076476158138 ], [ 37.836899438048931, 47.073449719020573, 0.965476476158074 ], [ 37.83, 47.072767450774336, 0.944676476158065 ], [ 37.829733184000361, 47.0727410660038, 0.943876476158039 ], [ 37.825208194753941, 47.072395902623612, 0.928076476158139 ], [ 37.819857042004514, 47.071987720002653, 0.940376476158235 ], [ 37.810000000003129, 47.071438291581217, 0.956876476158186 ], [ 37.80993802300145, 47.071434837002016, 0.956976476158161 ], [ 37.791624847219282, 47.070812423609823, 0.975676476158242 ], [ 37.790016341003138, 47.070757755001978, 0.977276476158067 ], [ 37.790000000004511, 47.07075756134509, 0.977276476158067 ], [ 37.788519957666722, 47.070740021172242, 0.977776476158169 ], [ 37.770000000002256, 47.070520538731216, 0.984376476158104 ], [ 37.756690659000014, 47.070362807997299, 0.989076476158061 ], [ 37.750716591894161, 47.070358295948608, 0.989276476158238 ], [ 37.749999999998181, 47.070357754721044, 0.989276476158238 ], [ 37.730686335269638, 47.070343167633837, 0.989676476158138 ], [ 37.730000000001382, 47.070342649263694, 0.989676476158138 ], [ 37.710656078643296, 47.070328039320884, 0.99017647615824 ], [ 37.709345900444532, 47.070327049779735, 0.99017647615824 ], [ 37.690000000000509, 47.070312438339897, 0.990676476158114 ], [ 37.689376065802207, 47.070311967099769, 0.993776476158246 ], [ 37.679934316000072, 47.070304836001014, 0.993876476158221 ], [ 37.670000000003711, 47.070088387959913, 0.998276476158026 ], [ 37.665943257683466, 47.070000000003347, 0.999976476158054 ], [ 37.656631261001166, 47.069797111000298, 1.004076476158161 ], [ 37.649999999999636, 47.069422950669832, 1.011576476158098 ], [ 37.648699097906501, 47.069349548952232, 1.012976476158201 ], [ 37.640054027002407, 47.068861762003507, 1.022776476158242 ], [ 37.630156154003998, 47.067901479998909, 1.041976476158197 ], [ 37.630000000002838, 47.067880908251027, 1.042376476158097 ], [ 37.624245661858367, 47.067122830931112, 1.0287764761581 ], [ 37.623383206999279, 47.067009211003096, 1.026776476158147 ], [ 37.61000000000422, 47.0647643110442, 1.004676476158238 ], [ 37.609898104001331, 47.064747218999401, 1.004576476158036 ], [ 37.596476818000156, 47.06202553100411, 0.991876476158041 ], [ 37.59193535405393, 47.060967677023655, 0.990276476158215 ], [ 37.590000000001965, 47.060516870413267, 0.989676476158138 ], [ 37.587781028014433, 47.06000000000131, 0.988876476158111 ], [ 37.576452109000456, 47.057361128001503, 0.985076476158156 ], [ 37.570000000003347, 47.055655624888459, 0.986876476158159 ], [ 37.562600571443909, 47.053699714277172, 0.988976476158086 ], [ 37.556601864003824, 47.052114060001259, 0.990776476158089 ], [ 37.550000000001091, 47.050141777797762, 0.997176476158074 ], [ 37.549525424041349, 47.049999999999272, 0.997676476158176 ], [ 37.543537309004023, 47.048211073004495, 1.003476476158085 ], [ 37.530706859004567, 47.043806110003061, 1.027376476158224 ], [ 37.530000000004293, 47.043528020709346, 1.029476476158152 ], [ 37.526051086351799, 47.041974456828029, 1.040776476158044 ], [ 37.524421329000688, 47.04133328500393, 1.030876476158028 ], [ 37.521409427827166, 47.040000000004511, 1.014076476158152 ], [ 37.515176787002929, 47.037240983001539, 1.006976476158115 ], [ 37.510000000000218, 47.034673338663197, 1.006576476158216 ], [ 37.505307854671628, 47.032346072663131, 1.029576476158127 ], [ 37.50422650499786, 47.031809731999601, 1.024176476158118 ], [ 37.501003074507025, 47.030000000002474, 1.010076476158019 ], [ 37.495403957000235, 47.026856484999371, 1.016876476158131 ], [ 37.490702185999908, 47.023999930997888, 1.026976476158097 ], [ 37.49000000000342, 47.023541490885691, 1.029176476158227 ], [ 37.48382091500207, 47.019507317003445, 1.017176476158056 ], [ 37.476923704, 47.014638279002611, 1.011076476158223 ], [ 37.472317505060346, 47.011158752533447, 1.011576476158098 ], [ 37.470783547865722, 47.009999999998399, 1.007876476158117 ], [ 37.469999999999345, 47.009408107298441, 1.011876476158022 ], [ 37.469333425004152, 47.008904575997803, 1.008576476158169 ], [ 37.467118260330608, 47.007118260336938, 0.999976476158054 ], [ 37.457470841442046, 46.999338551799156, 0.962676476158094 ], [ 37.443730829911146, 46.988258563866111, 0.989576476158163 ], [ 37.440792389001217, 46.985888995997811, 0.99017647615824 ], [ 37.421553824002331, 46.970725474002393, 0.992776476158042 ], [ 37.413543744001799, 46.964681033003217, 0.992876476158244 ], [ 37.407248657003947, 46.960158440999294, 0.992176476158193 ], [ 37.406144169570325, 46.959449167083221, 0.991776476158066 ], [ 37.405090749607552, 46.958772687405144, 0.98777647615816 ], [ 37.403151431000879, 46.957527306001793, 1.00057647615813 ], [ 37.401754858003187, 46.957055305998438, 0.999976476158054 ], [ 37.402978257858194, 46.958244564464621, 0.982476476158126 ], [ 37.403885514198919, 46.959126502029903, 0.986876476158159 ], [ 37.429902397221667, 46.984417332561861, 0.96647647615805 ], [ 37.482920769001794, 47.035956122001153, 0.802476476158063 ], [ 37.486041628728344, 47.038200740335014, 0.798176476158233 ], [ 37.486537187540307, 47.038557161475183, 0.798576476158132 ], [ 37.486868874564607, 47.038795720987764, 0.797576476158156 ], [ 37.52405098467716, 47.065538238510271, 0.629776476158213 ], [ 37.529348053047215, 47.069348053046269, 0.60647647615815 ], [ 37.530000000004293, 47.069816953353438, 0.601876476158168 ], [ 37.530150132897688, 47.06992493355574, 0.601476476158041 ], [ 37.530254503359174, 47.070000000003347, 0.601276476158091 ], [ 37.530834949635391, 47.070417474815258, 0.595776476158107 ], [ 37.536113459331318, 47.074213941392372, 0.503876476158212 ], [ 37.539312896284173, 47.076515074875715, 0.501176476158207 ], [ 37.540800775906973, 47.077585203674971, 0.501676476158082 ], [ 37.540806912496919, 47.077589617303602, 0.502776476158033 ], [ 37.54081274926466, 47.077593815283763, 0.502176476158184 ], [ 37.550000000001091, 47.079999999998108, 0.499976476158054 ], [ 37.598810096751549, 47.088135016125307, 0.418676476158225 ], [ 37.601294661066277, 47.087823665267933, 0.443576476158114 ], [ 37.604775047724615, 47.087387523861253, 0.452276476158204 ], [ 37.61000000000422, 47.086732763847976, 0.465376476158099 ], [ 37.620767011656426, 47.085383505827849, 0.546176476158053 ], [ 37.630000000002838, 47.08422648251144, 0.615476476158165 ], [ 37.636758975588236, 47.083379487794446, 0.632376476158242 ], [ 37.649999999999636, 47.081720201174903, 0.748376476158228 ], [ 37.663727119574105, 47.079999999998108, 0.799976476158236 ], [ 37.668742903450038, 47.079371451729457, 0.812576476158029 ], [ 37.670000000003711, 47.079213919845643, 0.81567647615816 ], [ 37.672097970822506, 47.07895101458962, 0.820976476158194 ], [ 37.690000000000509, 47.076707638514563, 0.798776476158082 ], [ 37.698786989838482, 47.07560650508276, 0.831776476158211 ], [ 37.710297071003879, 47.074164130002828, 0.875076476158029 ], [ 37.718761078240277, 47.074380539121194, 0.868576476158069 ], [ 37.730000000001382, 47.074667897699328, 0.859976476158181 ], [ 37.739838921708724, 47.074919460854289, 0.852376476158042 ], [ 37.749999999998181, 47.075179260958976, 0.844576476158181 ], [ 37.753265821003879, 47.075262762002239, 0.842076476158127 ], [ 37.767411566243027, 47.078705783118494, 0.738876476158111 ], [ 37.770000000002256, 47.07933579814744, 0.719876476158106 ], [ 37.770893469487419, 47.079553265259165, 0.713376476158146 ], [ 37.772728891237421, 47.079999999998108, 0.699976476158099 ], [ 37.778656400307227, 47.081442733386211, 0.685576476158076 ], [ 37.845352745029231, 47.097676372517526, 0.446476476158068 ], [ 37.850000000004002, 47.098807496873633, 0.435776476158026 ], [ 37.854899431298691, 47.100000000002183, 0.424476476158134 ], [ 37.856024517301194, 47.100273841697344, 0.389076476158152 ], [ 37.861094597001284, 47.101507880001009, 0.395276476158188 ], [ 37.867358803870957, 47.100789036539936, 0.368476476158094 ], [ 37.872949537637396, 47.100147476885468, 0.492576476158092 ], [ 37.874234693228573, 47.100000000002183, 0.521176476158189 ], [ 37.887057142572303, 47.098528571286806, 0.614676476158138 ], [ 37.889999999997599, 47.098190866308869, 0.618076476158194 ], [ 37.903323809021458, 47.096661904515713, 0.566776476158111 ], [ 37.910000000001673, 47.095895784181266, 0.582076476158136 ], [ 37.919590475477889, 47.094795237739163, 0.60407647615807 ], [ 37.929999999998472, 47.093600702057302, 0.563976476158132 ], [ 37.946610943950873, 47.091694528022344, 0.499976476158054 ], [ 37.950450066002304, 47.091253973003404, 0.485176476158131 ], [ 37.959834762257742, 47.095027539624425, 0.400576476158221 ], [ 37.962087436002548, 47.095933335000154, 0.391776476158157 ], [ 37.98764082100206, 47.091945705004036, 0.306276476158246 ], [ 37.992536246318195, 47.090634061578385, 0.290476476158119 ], [ 37.993022565409774, 47.090503760904539, 0.294976476158126 ], [ 37.994902743981584, 47.090000000000146, 0.299976476158236 ], [ 38.004732550960398, 47.087366275476597, 0.326376476158202 ], [ 38.010000000000218, 47.085954954816771, 0.340476476158074 ], [ 38.017754529211743, 47.083877264607509, 0.361276476158082 ], [ 38.026215040003081, 47.081610418999844, 0.383876476158093 ], [ 38.030000000004293, 47.082745907047865, 0.372576476158201 ], [ 38.035166862999176, 47.084295966003992, 0.357076476158227 ], [ 38.049013296922567, 47.090000000000146, 0.299976476158236 ], [ 38.050000000001091, 47.090406472019822, 0.295976476158103 ], [ 38.054616360353975, 47.092308180179316, 0.299976476158236 ], [ 38.061045768999975, 47.094956772998557, 0.305676476158169 ], [ 38.066579623004145, 47.098089911003626, 0.301976476158188 ], [ 38.06999999999789, 47.099267417512237, 0.307276476158222 ], [ 38.071543815998666, 47.099798895003914, 0.294276476158075 ], [ 38.080103523823709, 47.095051761909417, 0.298976476158032 ], [ 38.089212517626947, 47.090000000000146, 0.399976476158145 ], [ 38.089585876921774, 47.089792938459141, 0.402076476158072 ], [ 38.090000000001965, 47.089563269712016, 0.399976476158145 ], [ 38.099068230023477, 47.084534115008864, 0.354676476158147 ], [ 38.104340040001262, 47.081610418999844, 0.383876476158093 ], [ 38.109999999998763, 47.080079005743755, 0.399176476158118 ], [ 38.110760380084685, 47.07987326998591, 0.401276476158046 ], [ 38.13005618599891, 47.074652410999988, 0.444876476158242 ], [ 38.130253530636764, 47.064809852026883, 0.501276476158182 ], [ 38.130381707000197, 47.058417059004569, 0.45997647615809 ], [ 38.1273218862043, 47.05401717069617, 0.399976476158145 ], [ 38.126772632322172, 47.053227367679938, 0.399976476158145 ], [ 38.125939959309108, 47.052030020346137, 0.399976476158145 ], [ 38.124528219275817, 47.049999999999272, 0.372676476158176 ], [ 38.121611355623827, 47.045805677813405, 0.399976476158145 ], [ 38.117573904564779, 47.040000000004511, 0.437876476158181 ], [ 38.110949877045641, 47.030474938525003, 0.595276476158233 ], [ 38.110619589848284, 47.030000000002474, 0.606176476158225 ], [ 38.109999999998763, 47.029109056937159, 0.617776476158042 ], [ 38.108083529999931, 47.026353257002484, 0.672976476158055 ], [ 38.109999999998763, 47.026987517323505, 0.66027647615806 ], [ 38.119102465478136, 47.030000000002474, 0.690976476158085 ], [ 38.130000000002838, 47.033606565064474, 0.691776476158111 ], [ 38.137694105031187, 47.036152947490336, 0.692376476158188 ], [ 38.142263217003347, 47.037665106001441, 0.730676476158123 ], [ 38.144697078223544, 47.040000000004511, 0.720476476158183 ], [ 38.14651397194757, 47.041743014029635, 0.730276476158224 ], [ 38.149999999999636, 47.045087290985975, 0.698276476158071 ], [ 38.155120939953122, 47.049999999999272, 0.651176476158071 ], [ 38.160695208873221, 47.055347604442431, 0.59997647615819 ], [ 38.170000000003711, 47.064274038197254, 0.557276476158222 ], [ 38.173923672455203, 47.068038163773963, 0.558876476158048 ], [ 38.175968663412277, 47.070000000003347, 0.559676476158074 ], [ 38.18246570014162, 47.076232850071392, 0.499976476158054 ], [ 38.190000000000509, 47.08346078541399, 0.465376476158099 ], [ 38.196299675000773, 47.089504299001419, 0.436476476158077 ], [ 38.19703580582609, 47.090000000000146, 0.435176476158176 ], [ 38.209999999999127, 47.098729921066479, 0.41267647615814 ], [ 38.211886105245867, 47.100000000002183, 0.418876476158175 ], [ 38.216481967001528, 47.103094794001663, 0.402876476158099 ], [ 38.216644727002858, 47.103257554002994, 0.401276476158046 ], [ 38.217006089216738, 47.103503044605532, 0.399976476158145 ], [ 38.224131707000197, 47.108343817002606, 0.393576476158159 ], [ 38.229315127160589, 47.109657563583824, 0.399976476158145 ], [ 38.230000000001382, 47.109831145759017, 0.403376476158201 ], [ 38.230224107597678, 47.109887946206072, 0.403376476158201 ], [ 38.230666218667466, 47.11000000000422, 0.403376476158201 ], [ 38.25, 47.114900179476535, 0.401976476158097 ], [ 38.256768609886421, 47.116615695062137, 0.401576476158198 ], [ 38.265391472001284, 47.118801173997781, 0.400976476158121 ], [ 38.270000000002256, 47.119218872341662, 0.415576476158094 ], [ 38.271322519662135, 47.119338740169042, 0.413176476158242 ], [ 38.278618297850699, 47.119999999998981, 0.44307647615824 ], [ 38.292519985494437, 47.121259992749401, 0.487376476158033 ], [ 38.310000000003129, 47.122844310570144, 0.543076476158149 ], [ 38.322115228280381, 47.123942385862392, 0.521176476158189 ], [ 38.33, 47.124657029686205, 0.553476476158039 ], [ 38.341376254826173, 47.125688127413014, 0.59997647615819 ], [ 38.350000000004002, 47.126469748796808, 0.635276476158197 ], [ 38.355977034025273, 47.127011482991293, 0.659776476158186 ], [ 38.3700000000008, 47.128282467914687, 0.717176476158102 ], [ 38.388949787333331, 47.130000000001019, 0.699976476158099 ], [ 38.390597293002429, 47.130149323254955, 0.695476476158092 ], [ 38.414660658820139, 47.132330329410252, 0.630076476158138 ], [ 38.427907748000507, 47.133530991999578, 0.539876476158042 ], [ 38.430000000000291, 47.134201481994751, 0.51597647615813 ], [ 38.448094171462799, 47.140000000003056, 0.490476476158165 ], [ 38.448985221999465, 47.140285549001419, 0.488476476158212 ], [ 38.452660554283284, 47.145229358684446, 0.395676476158087 ], [ 38.452865155502877, 47.145504574469669, 0.391576476158207 ], [ 38.458181186002548, 47.152655341000354, 0.37577647615808 ], [ 38.462657097001284, 47.161810614001297, 0.355076476158047 ], [ 38.463795798230421, 47.162623351137881, 0.353376476158246 ], [ 38.47331790500175, 47.169419664003726, 0.277476476158199 ], [ 38.485524936000729, 47.174627996999334, 0.233676476158053 ], [ 38.494883659999687, 47.176581122001153, 0.231376476158175 ], [ 38.500498893998156, 47.18158600499919, 0.17137647615823 ], [ 38.504046266139994, 47.187163780650735, 0.096476476158159 ], [ 38.51257171112411, 47.200568920441583, 0.281676476158054 ], [ 38.51874463131935, 47.210275024734074, 0.26637647615803 ], [ 38.556967713166159, 47.215333962036311, 0.260776476158071 ], [ 38.550791863000995, 47.209295966000354, 0.270076476158238 ], [ 38.548378679179223, 47.206003906661863, 0.275276476158069 ], [ 38.539141806324551, 47.19340298779025, 0.10427647615802 ], [ 38.531016471997646, 47.182318427003338, 0.249876476158079 ], [ 38.522471550004411, 47.176581122001153, 0.312476476158054 ], [ 38.51378308816129, 47.1732267156749, 0.338276476158171 ], [ 38.509613477002858, 47.171616928999356, 0.341176476158125 ], [ 38.499620044331095, 47.156760381045387, 0.374176476158027 ], [ 38.499067263026518, 47.155938599164074, 0.386676476158073 ], [ 38.495728299334587, 47.1509747918426, 0.4816764761581 ], [ 38.494395379000707, 47.148993231001441, 0.450376476158226 ], [ 38.478037957000197, 47.14248281500295, 0.407376476158106 ], [ 38.478426817209765, 47.14210670430657, 0.398276476158117 ], [ 38.480604935182782, 47.140000000003056, 0.346976476158034 ], [ 38.483806605279824, 47.136903302636711, 0.361976476158134 ], [ 38.49000000000342, 47.130912969938436, 0.390876476158155 ], [ 38.490943918053745, 47.130000000001019, 0.399976476158145 ], [ 38.4919540759347, 47.129022962035378, 0.399976476158145 ], [ 38.492930534997868, 47.12807851800244, 0.404576476158127 ], [ 38.496407005124638, 47.126796497441319, 0.399976476158145 ], [ 38.510000000000218, 47.12178379825491, 0.399976476158145 ], [ 38.514837146547507, 47.119999999998981, 0.399976476158145 ], [ 38.517425977002858, 47.119045314999312, 0.409576476158236 ], [ 38.525569893759894, 47.11778494688042, 0.422176476158029 ], [ 38.530000000004293, 47.117099335175226, 0.428976476158141 ], [ 38.538401925847211, 47.115799037079341, 0.441976476158061 ], [ 38.544769727001039, 47.114813544003482, 0.451876476158077 ], [ 38.554974102386041, 47.114974102381893, 0.450276476158024 ], [ 38.56010981822692, 47.115054909114406, 0.449476476158225 ], [ 38.568044467001528, 47.115179755002828, 0.448176476158096 ], [ 38.568044467001528, 47.119022233504438, 0.409776476158186 ], [ 38.568044467001528, 47.122015692004425, 0.379876476158188 ], [ 38.563973086618716, 47.123973086620026, 0.360276476158106 ], [ 38.561696811004367, 47.125067450002462, 0.349276476158138 ], [ 38.559359467339164, 47.127339866834518, 0.326576476158152 ], [ 38.558767123004145, 47.127915757002484, 0.320876476158219 ], [ 38.556813998004145, 47.131170966003992, 0.288276476158217 ], [ 38.555495311929917, 47.132747655961793, 0.27247647615809 ], [ 38.553070509004101, 47.135646877002728, 0.264076476158152 ], [ 38.553396029999931, 47.135646877002728, 0.263276476158126 ], [ 38.56129375400451, 47.135646877002728, 0.243576476158069 ], [ 38.569999999999709, 47.135646877002728, 0.243576476158069 ], [ 38.581293754006765, 47.135646877002728, 0.299976476158236 ], [ 38.590000000001965, 47.135646877002728, 0.299976476158236 ], [ 38.598706245997164, 47.135646877002728, 0.343576476158205 ], [ 38.610000000000582, 47.135646877002728, 0.343576476158205 ], [ 38.621293754007638, 47.135646877002728, 0.343576476158205 ], [ 38.625498894001794, 47.135646877002728, 0.343576476158205 ], [ 38.630000000002838, 47.136128476719023, 0.338676476158071 ], [ 38.636378170804164, 47.136810914602393, 0.395676476158087 ], [ 38.645274284999687, 47.137762762004058, 0.421076476158078 ], [ 38.650000000001455, 47.138944190881375, 0.421076476158078 ], [ 38.654223236037069, 47.140000000003056, 0.442276476158213 ], [ 38.670000000003711, 47.143944191409901, 0.521076476158214 ], [ 38.682871941000485, 47.147162176997881, 0.585476476158192 ], [ 38.684737540414062, 47.147368770205503, 0.59997647615819 ], [ 38.690000000002328, 47.147951525759709, 0.620476476158046 ], [ 38.693354095239556, 47.14832295238557, 0.650276476158069 ], [ 38.70849834452747, 47.149999999997817, 0.692476476158163 ], [ 38.711194087329204, 47.150298521832156, 0.694076476158216 ], [ 38.719248894001794, 47.151190497002972, 0.721076476158032 ], [ 38.743885773686998, 47.156942886844263, 0.622276476158049 ], [ 38.75, 47.158370478884535, 0.565176476158058 ], [ 38.752221608880063, 47.158889195559823, 0.533276476158107 ], [ 38.756979067276916, 47.159999999999854, 0.56977647615804 ], [ 38.772227410001506, 47.163560289001907, 0.544276476158075 ], [ 38.776867253223827, 47.16343362661064, 0.596976476158034 ], [ 38.790000000000873, 47.163075117712651, 0.538476476158166 ], [ 38.795831830855604, 47.162915915425401, 0.541676476158045 ], [ 38.810000000003129, 47.162529140681727, 0.549376476158159 ], [ 38.825804614270965, 47.162097692867974, 0.558076476158021 ], [ 38.828868035003325, 47.162014064999312, 0.559676476158074 ], [ 38.830000000001746, 47.162108395425093, 0.557876476158071 ], [ 38.835060149067431, 47.162530074532697, 0.549376476158159 ], [ 38.847422721999465, 47.163560289001907, 0.5287764761581 ], [ 38.850000000004002, 47.164473381577409, 0.510576476158121 ], [ 38.856469286374704, 47.166765356812903, 0.497076476158099 ], [ 38.861664259004101, 47.168605860999378, 0.530576476158103 ], [ 38.864037614550398, 47.170000000001892, 0.540376476158144 ], [ 38.870000000002619, 47.173502380463106, 0.529976476158026 ], [ 38.873301628998888, 47.1754417989996, 0.540676476158069 ], [ 38.88334199062956, 47.180000000003929, 0.60017647615814 ], [ 38.88656660199922, 47.181463934000931, 0.619176476158145 ], [ 38.889999999999418, 47.181733523908406, 0.665376476158144 ], [ 38.894112943213258, 47.182056471607211, 0.699976476158099 ], [ 38.910000000003492, 47.183303920975959, 0.766976476158106 ], [ 38.917838853143621, 47.183919426573993, 0.760776476158071 ], [ 38.930000000000291, 47.184874318036236, 0.751276476158182 ], [ 38.931651237999176, 47.185003973003404, 0.749976476158054 ], [ 38.937754754000707, 47.189764716003992, 0.702376476158179 ], [ 38.937675197539647, 47.18999999999869, 0.699976476158099 ], [ 38.936565245847305, 47.193282622925835, 0.667176476158147 ], [ 38.935735765828213, 47.195735765832069, 0.642676476158158 ], [ 38.935092374415035, 47.197638561619897, 0.649076476158143 ], [ 38.933929884002282, 47.20107656500295, 0.626176476158207 ], [ 38.93291377258538, 47.207185329440108, 0.585476476158192 ], [ 38.932096812879536, 47.21209681288201, 0.534276476158084 ], [ 38.931336102861678, 47.216670128580517, 0.539976476158245 ], [ 38.930511914997624, 47.221625067004425, 0.46237647615817 ], [ 38.932061556173721, 47.225051296813035, 0.429876476158142 ], [ 38.937850457567038, 47.23785045756631, 0.340476476158074 ], [ 38.944590691002304, 47.252752997002972, 0.31807647615824 ], [ 38.950000000002547, 47.253449650319453, 0.299976476158236 ], [ 38.960417423942999, 47.254791288025444, 0.352076476158118 ], [ 38.970000000001164, 47.256025407463312, 0.339776476158022 ], [ 38.976817253998888, 47.25690338700042, 0.330976476158185 ], [ 38.982984477594073, 47.256492238797364, 0.335076476158065 ], [ 38.99000000000342, 47.256024537340636, 0.339776476158022 ], [ 39.000631536589935, 47.255315768292348, 0.346876476158059 ], [ 39.010000000002037, 47.254691204121627, 0.353076476158094 ], [ 39.013438347003103, 47.25446198100326, 0.372576476158201 ], [ 39.026347390843512, 47.259999999998399, 0.381776476158166 ], [ 39.027692233565176, 47.260576941609543, 0.394276476158211 ], [ 39.040375196003879, 47.266017971001929, 0.339776476158022 ], [ 39.042424168414072, 47.266212084203289, 0.337876476158044 ], [ 39.048106316002304, 47.266750393000621, 0.355476476158174 ], [ 39.05000000000291, 47.26787495939061, 0.342476476158026 ], [ 39.053578406268571, 47.270000000000437, 0.335776476158117 ], [ 39.069999999999709, 47.279751982034213, 0.304976476158117 ], [ 39.070417643331893, 47.280000000002474, 0.304176476158091 ], [ 39.090000000003783, 47.280000000002474, 0.499976476158054 ], [ 39.110000000000582, 47.280000000002474, 0.499976476158054 ], [ 39.111854951415808, 47.280000000002474, 0.499976476158054 ], [ 39.119883660003325, 47.277044989003116, 0.529576476158127 ] ] ] ] } }
]
}
