{
"type": "FeatureCollection",
"name": "esr_02_50_plg_ws",
"crs": { "type": "name", "properties": { "name": "urn:ogc:def:crs:OGC:1.3:CRS84" } },
"features": [
{ "type": "Feature", "properties": { "gid": 1, "objectid": 1.0, "shape_leng": 7.2572845847499998, "shape_area": 1.5847006402299999, "z_mean": 1.4999853386499999 }, "geometry": { "type": "MultiPolygon", "coordinates": [ [ [ [ 38.569355268075014, 65.880187028684304, 1.49998533865346 ], [ 38.60022795049008, 65.87945482727082, 1.49998533865346 ], [ 38.635850711725652, 65.879925569941406, 1.49998533865346 ], [ 38.664333452397841, 65.879246096097631, 1.49998533865346 ], [ 38.703982049875776, 65.87951180327218, 1.49998533865346 ], [ 38.725768196178251, 65.878597176561016, 1.49998533865346 ], [ 38.747917253785999, 65.878409323137021, 1.49998533865346 ], [ 38.786484162483248, 65.875747188736568, 1.49998533865346 ], [ 38.851920975110261, 65.87324749144318, 1.49998533865346 ], [ 38.851987939357059, 65.873240351298591, 1.49998533865346 ], [ 38.852074126480147, 65.873236215309589, 1.49998533865346 ], [ 38.906724874686915, 65.868273936852347, 1.49998533865346 ], [ 38.948271272762213, 65.866019531124039, 1.49998533865346 ], [ 38.972288707416737, 65.862768382663489, 1.49998533865346 ], [ 39.006564008363057, 65.860143675061408, 1.49998533865346 ], [ 39.006564008392161, 65.860143675061408, 1.49998533865346 ], [ 39.028347795712762, 65.857489145637373, 1.49998533865346 ], [ 39.043999576417264, 65.856647218068247, 1.49998533865346 ], [ 39.100647700572154, 65.846401273767697, 1.49998533865346 ], [ 39.136896459618583, 65.84275674354285, 1.49998533865346 ], [ 39.198751912612352, 65.831299661149387, 1.49998533865346 ], [ 39.198751912699663, 65.831299661120283, 1.49998533865346 ], [ 39.219644821598195, 65.827314643305726, 1.49998533865346 ], [ 39.22526431469305, 65.826825328360428, 1.49998533865346 ], [ 39.263488239928847, 65.815821881478769, 1.49998533865346 ], [ 39.293284058367135, 65.809831943755853, 1.49998533865346 ], [ 39.328834929081495, 65.800062501788489, 1.49998533865346 ], [ 39.348692586529069, 65.791582992053009, 1.49998533865346 ], [ 39.391344583869795, 65.774385416152654, 1.49998533865346 ], [ 39.391344583898899, 65.77438541612355, 1.49998533865346 ], [ 39.399878022944904, 65.770802018640097, 1.49998533865346 ], [ 39.402178691874724, 65.769610354167526, 1.49998533865346 ], [ 39.406381750610308, 65.76665858560591, 1.49998533865346 ], [ 39.454890226741554, 65.72684726055013, 1.49998533865346 ], [ 39.454890226770658, 65.72684726055013, 1.49998533865346 ], [ 39.47416252628318, 65.686935373014421, 1.49998533865346 ], [ 39.482351852508145, 65.671627980584162, 1.49998533865346 ], [ 39.476193128837622, 65.644019278479391, 1.49998533865346 ], [ 39.463263240133529, 65.615159553286503, 1.49998533865346 ], [ 39.444219510143739, 65.582899743298185, 1.49998533865346 ], [ 39.422108971950365, 65.559298310079612, 1.49998533865346 ], [ 39.408639503948507, 65.534817017411115, 1.49998533865346 ], [ 39.391619767004158, 65.514532142842654, 1.49998533865346 ], [ 39.370272132378886, 65.487987428918132, 1.49998533865346 ], [ 39.348795737008913, 65.461108470277395, 1.49998533865346 ], [ 39.320894346907153, 65.427018591377418, 1.49998533865346 ], [ 39.308485154659138, 65.415532776329201, 1.49998533865346 ], [ 39.280774820959778, 65.393542659978266, 1.49998533865346 ], [ 39.248730929917656, 65.369063740814454, 1.49998533865346 ], [ 39.235377504737698, 65.362354673285154, 1.49998533865346 ], [ 39.225711233171751, 65.359065565950004, 1.49998533865346 ], [ 39.143570884902147, 65.325019199299277, 1.49998533865346 ], [ 39.135919754917268, 65.322797573855496, 1.49998533865346 ], [ 39.122997371116071, 65.318793031081441, 1.49998533865346 ], [ 39.053077375690918, 65.298583526731818, 1.49998533865346 ], [ 39.023780703588272, 65.293635060050292, 1.49998533865346 ], [ 38.968968018045416, 65.283723969871062, 1.49998533865346 ], [ 38.959229737054557, 65.282033253955888, 1.49998533865346 ], [ 38.898079010279616, 65.276336121241911, 1.49998533865346 ], [ 38.860152364417445, 65.271112475835253, 1.49998533865346 ], [ 38.824329073424451, 65.269381760954275, 1.49998533865346 ], [ 38.764087560513872, 65.265726108496892, 1.49998533865346 ], [ 38.75992859787948, 65.265841750646359, 1.49998533865346 ], [ 38.736271406276501, 65.266670906275976, 1.49998533865346 ], [ 38.736271406247397, 65.266670906275976, 1.49998533865346 ], [ 38.661166780846543, 65.269323580228956, 1.49998533865346 ], [ 38.64390158385504, 65.270162291955785, 1.49998533865346 ], [ 38.601706822679262, 65.273730320390314, 1.49998533865346 ], [ 38.540422868551104, 65.277688103727996, 1.49998533865346 ], [ 38.524553404917242, 65.279306191005162, 1.49998533865346 ], [ 38.467958079098025, 65.284371790243313, 1.49998533865346 ], [ 38.41943002671178, 65.288941894235904, 1.49998533865346 ], [ 38.405187878364814, 65.290899405808887, 1.49998533865346 ], [ 38.40518787833571, 65.29089940583799, 1.49998533865346 ], [ 38.372391236945987, 65.293360565774492, 1.49998533865346 ], [ 38.335886568354908, 65.297368331623147, 1.49998533865346 ], [ 38.315994478791254, 65.299540080188308, 1.49998533865346 ], [ 38.266824268081109, 65.305749367398676, 1.49998533865346 ], [ 38.211496486561373, 65.311458189811674, 1.49998533865346 ], [ 38.195153000910068, 65.313843487761915, 1.49998533865346 ], [ 38.163821660855319, 65.316597622222616, 1.49998533865346 ], [ 38.12084022880299, 65.321797984623117, 1.49998533865346 ], [ 38.12084022880299, 65.321797984623117, 1.49998533865346 ], [ 38.101641891902545, 65.324272570200264, 1.49998533865346 ], [ 38.038854399841512, 65.333689039267483, 1.49998533865346 ], [ 38.038854399841512, 65.333689039267483, 1.49998533865346 ], [ 37.990753155609127, 65.339894336269936, 1.49998533865346 ], [ 37.953616709637572, 65.347037683211965, 1.49998533865346 ], [ 37.879265152136213, 65.355110521632014, 1.49998533865346 ], [ 37.868973618911696, 65.357043715019245, 1.49998533865346 ], [ 37.86897361886804, 65.357043715048349, 1.49998533865346 ], [ 37.840543594618794, 65.35931394979707, 1.49998533865346 ], [ 37.840543594560586, 65.35931394979707, 1.49998533865346 ], [ 37.781814988513361, 65.367267496389104, 1.49998533865346 ], [ 37.767941252182936, 65.368766098777996, 1.49998533865346 ], [ 37.684357168487622, 65.38299035235832, 1.49998533865346 ], [ 37.657567877860856, 65.384771067037946, 1.49998533865346 ], [ 37.630169584692339, 65.393259631062392, 1.49998533865346 ], [ 37.630169584692339, 65.393259631033288, 1.49998533865346 ], [ 37.589692362817004, 65.394703141631908, 1.49998533865346 ], [ 37.589692362846108, 65.394703141602804, 1.49998533865346 ], [ 37.543189276519115, 65.397764341789298, 1.49998533865346 ], [ 37.528037143070833, 65.401037790026749, 1.49998533865346 ], [ 37.528037143070833, 65.401037790012197, 1.49998533865346 ], [ 37.440349539552699, 65.405826305403025, 1.49998533865346 ], [ 37.429481289102114, 65.405889209141606, 1.49998533865346 ], [ 37.319696735401521, 65.408990035197348, 1.49998533865346 ], [ 37.318130199157167, 65.409100483477232, 1.49998533865346 ], [ 37.317400254061795, 65.409086979838321, 1.49998533865346 ], [ 37.258610127159045, 65.412218802710413, 1.49998533865346 ], [ 37.199886459726258, 65.411366451153299, 1.49998533865346 ], [ 37.191467386859586, 65.413116277617519, 1.49998533865346 ], [ 37.173999641061528, 65.411021448206156, 1.49998533865346 ], [ 37.102441299546626, 65.414002046309179, 1.49998533865346 ], [ 37.078305643051863, 65.411540219865856, 1.49998533865346 ], [ 37.069161375431577, 65.413087689099484, 1.49998533865346 ], [ 37.053237050640746, 65.411335973331006, 1.49998533865346 ], [ 36.985909115668619, 65.414532632785267, 1.49998533865346 ], [ 36.971595459443051, 65.41334338519664, 1.49998533865346 ], [ 36.966259915803676, 65.415182789351093, 1.49998533865346 ], [ 36.915361413775827, 65.413692226575222, 1.49998533865346 ], [ 36.915361413615756, 65.413692226575222, 1.49998533865346 ], [ 36.876570564651047, 65.41463714488782, 1.49998533865346 ], [ 36.849790241685696, 65.415692718350329, 1.49998533865346 ], [ 36.777201269462239, 65.418321516932338, 1.49998533865346 ], [ 36.696283297598711, 65.420654278306756, 1.49998533865346 ], [ 36.682497635352775, 65.421245227800682, 1.49998533865346 ], [ 36.665164307894884, 65.422244872999727, 1.49998533865346 ], [ 36.596128627163125, 65.426755431544734, 1.49998533865346 ], [ 36.562668365862919, 65.428724460842204, 1.49998533865346 ], [ 36.562668365833815, 65.428724460842204, 1.49998533865346 ], [ 36.512481515150284, 65.432863631896907, 1.49998533865346 ], [ 36.457895642306539, 65.4389614736574, 1.49998533865346 ], [ 36.443132891334244, 65.441460669069784, 1.49998533865346 ], [ 36.42390078867902, 65.444450618946576, 1.49998533865346 ], [ 36.392320173690678, 65.451415859075496, 1.49998533865346 ], [ 36.369993243482895, 65.453257069224492, 1.49998533865346 ], [ 36.369993243453791, 65.453257069224492, 1.49998533865346 ], [ 36.35187577821489, 65.45723838203412, 1.49998533865346 ], [ 36.300453081872547, 65.470569816636271, 1.49998533865346 ], [ 36.290936865087133, 65.473437001215643, 1.49998533865346 ], [ 36.210840768064372, 65.504592013428919, 1.49998533865346 ], [ 36.209182989026885, 65.505111585007398, 1.49998533865346 ], [ 36.20677685298142, 65.506251605824218, 1.49998533865346 ], [ 36.206776852923213, 65.506251605824218, 1.49998533865346 ], [ 36.171316426931298, 65.526882530670264, 1.49998533865346 ], [ 36.128371614453499, 65.556573642999865, 1.49998533865346 ], [ 36.121299503283808, 65.559119602796272, 1.49998533865346 ], [ 36.088041807408445, 65.591849366232054, 1.49998533865346 ], [ 36.070877626727452, 65.606649769280921, 1.49998533865346 ], [ 36.056338237744058, 65.62972058536252, 1.49998533865346 ], [ 36.056338237714954, 65.629720585391624, 1.49998533865346 ], [ 36.043006355117541, 65.656897873588605, 1.49998533865346 ], [ 36.052167549933074, 65.692369028736721, 1.49998533865346 ], [ 36.089752602390945, 65.705553016785416, 1.49998533865346 ], [ 36.100901254758355, 65.729496862622909, 1.49998533865346 ], [ 36.16812989950995, 65.75614914947073, 1.49998533865346 ], [ 36.19222841472947, 65.768426764538162, 1.49998533865346 ], [ 36.234392559184926, 65.777770405678893, 1.49998533865346 ], [ 36.293891048160731, 65.795151509126299, 1.49998533865346 ], [ 36.30953905142087, 65.797267904184991, 1.49998533865346 ], [ 36.38170821913809, 65.810724011709681, 1.49998533865346 ], [ 36.381708219167194, 65.810724011724233, 1.49998533865346 ], [ 36.388481623405823, 65.811681087579927, 1.49998533865346 ], [ 36.392772292922018, 65.81267501275579, 1.49998533865346 ], [ 36.433047471902682, 65.816222302659298, 1.49998533865346 ], [ 36.485191359708551, 65.824114567090874, 1.49998533865346 ], [ 36.509602791644284, 65.826648741087411, 1.49998533865346 ], [ 36.541998232001788, 65.830404775813804, 1.49998533865346 ], [ 36.541998232030892, 65.830404775813804, 1.49998533865346 ], [ 36.557326748166815, 65.831297245313181, 1.49998533865346 ], [ 36.580271168175386, 65.834041400972637, 1.49998533865346 ], [ 36.670014007904683, 65.840550374079612, 1.49998533865346 ], [ 36.672481455563684, 65.840735445162863, 1.49998533865346 ], [ 36.675662222405663, 65.840968214557506, 1.49998533865346 ], [ 36.761714641936123, 65.845573384285672, 1.49998533865346 ], [ 36.793016613781219, 65.845944836852141, 1.49998533865346 ], [ 36.841807749311556, 65.849039992346661, 1.49998533865346 ], [ 36.864214404951781, 65.849977248159121, 1.49998533865346 ], [ 36.926200770423748, 65.849810110521503, 1.49998533865346 ], [ 36.968875416845549, 65.851337172294734, 1.49998533865346 ], [ 37.028512776538264, 65.851483648613794, 1.49998533865346 ], [ 37.058498007259914, 65.85112373897573, 1.49998533865346 ], [ 37.073302269229316, 65.851645085363998, 1.49998533865346 ], [ 37.12735586661438, 65.851855359243928, 1.49998533865346 ], [ 37.127355866687139, 65.851855359243928, 1.49998533865346 ], [ 37.182034346376895, 65.851466863750829, 1.49998533865346 ], [ 37.233532899714191, 65.85172852766118, 1.49998533865346 ], [ 37.296766613493674, 65.851907065734849, 1.49998533865346 ], [ 37.367986553959781, 65.85285082727205, 1.49998533865346 ], [ 37.410291400359711, 65.853068668133346, 1.49998533865346 ], [ 37.420610479457537, 65.853062641792349, 1.49998533865346 ], [ 37.441499969470897, 65.853412662341725, 1.49998533865346 ], [ 37.521498442831216, 65.854520865759696, 1.49998533865346 ], [ 37.557306389135192, 65.854970529966522, 1.49998533865346 ], [ 37.627269322794746, 65.857207658831612, 1.49998533865346 ], [ 37.632414671694278, 65.85731139309064, 1.49998533865346 ], [ 37.633347974333446, 65.857387310286867, 1.49998533865346 ], [ 37.698849765976775, 65.85894435197406, 1.49998533865346 ], [ 37.744172789345612, 65.860964351741131, 1.49998533865346 ], [ 37.763439558839309, 65.861357041198062, 1.49998533865346 ], [ 37.794024454793544, 65.862624444751418, 1.49998533865346 ], [ 37.834971129152109, 65.863828740591998, 1.49998533865346 ], [ 37.857828160471399, 65.865139967630967, 1.49998533865346 ], [ 37.89633175288327, 65.865848984773038, 1.49998533865346 ], [ 37.954684499956784, 65.86811044314527, 1.49998533865346 ], [ 37.965866804574034, 65.868395727826282, 1.49998533865346 ], [ 37.972240477422019, 65.868770930843311, 1.49998533865346 ], [ 37.972240477451123, 65.868770930843311, 1.49998533865346 ], [ 38.027620013424894, 65.870027879063855, 1.49998533865346 ], [ 38.085932022964698, 65.872646260802867, 1.49998533865346 ], [ 38.094706050454988, 65.872773775598034, 1.49998533865346 ], [ 38.109267279171036, 65.873277103572036, 1.49998533865346 ], [ 38.109267279200139, 65.873277103572036, 1.49998533865346 ], [ 38.158041698392481, 65.874107563329744, 1.49998533865346 ], [ 38.201041835200158, 65.87534924132342, 1.49998533865346 ], [ 38.221738898282638, 65.875487805547891, 1.49998533865346 ], [ 38.254116904514376, 65.876479297527112, 1.49998533865346 ], [ 38.287043040676508, 65.876789992544218, 1.49998533865346 ], [ 38.317769733359455, 65.877307753355126, 1.49998533865346 ], [ 38.317769733388559, 65.877307753355126, 1.49998533865346 ], [ 38.414841481891926, 65.879224150266964, 1.49998533865346 ], [ 38.440767658277764, 65.879809287827811, 1.49998533865346 ], [ 38.474502411918365, 65.879388310335344, 1.49998533865346 ], [ 38.5172580692888, 65.880143128175405, 1.49998533865346 ], [ 38.540528347162763, 65.879867943076533, 1.49998533865346 ], [ 38.569355268075014, 65.880187028684304, 1.49998533865346 ] ] ] ] } },
{ "type": "Feature", "properties": { "gid": 2, "objectid": 2.0, "shape_leng": 9.4170525775500007, "shape_area": 0.277331892478, "z_mean": 0.32481684907300001 }, "geometry": { "type": "MultiPolygon", "coordinates": [ [ [ [ 40.375390625020373, 64.896289063020959, 0.000385338653587 ], [ 40.382758154228213, 64.883830488339299, 0.001385338653563 ], [ 40.383616094404715, 64.882379701899481, -0.00001466134654 ], [ 40.38415810035076, 64.881463163750595, 0.003685338653668 ], [ 40.384533163523884, 64.880828927707626, -0.00001466134654 ], [ 40.416169644566253, 64.827331282751402, 0.017685338653564 ], [ 40.444921874994179, 64.778710938015138, 0.019485338653567 ], [ 40.407812499994179, 64.754882812994765, 0.019985338653441 ], [ 40.277205189253436, 64.773536536231404, 0.018385338653616 ], [ 40.203710938018048, 64.784033203017316, 0.008185338653448 ], [ 40.156406362191774, 64.779727030138019, 0.004585338653442 ], [ 40.154795354450471, 64.779580378846731, -0.00001466134654 ], [ 40.14837512547092, 64.778995940301684, 0.02798533865348 ], [ 40.115386505087372, 64.775992960145231, 0.087485338653551 ], [ 40.109209126414498, 64.775430628476897, 0.08358533865362 ], [ 40.064357079245383, 64.771347711212002, 0.036885338653519 ], [ 40.057812500017462, 64.770751952994033, 0.033985338653565 ], [ 40.056182436397648, 64.770126790870563, 0.029485338653558 ], [ 39.971130964506301, 64.737507844096399, -0.00001466134654 ], [ 39.924155059939949, 64.719491641721106, 0.033385338653488 ], [ 39.914843459322583, 64.715920455986634, 0.044885338653557 ], [ 39.907140510476893, 64.712966220467933, 0.05818533865363 ], [ 39.848632813023869, 64.690527344020666, 0.025785338653577 ], [ 39.847059371633804, 64.687090357969282, -0.00001466134654 ], [ 39.833007812994765, 64.656396484002471, -0.00001466134654 ], [ 39.830421009130077, 64.653659793752013, -0.00001466134654 ], [ 39.821463115964434, 64.6441828560055, 0.006885338653547 ], [ 39.818323914718349, 64.64086176091223, 0.016985338653512 ], [ 39.785349141908227, 64.605976340521011, 0.028085338653455 ], [ 39.758071245480096, 64.577117888940847, 0.011985338653631 ], [ 39.758007812997676, 64.577050781008438, 0.012285338653555 ], [ 39.757946356534376, 64.577048687351635, 0.012085338653606 ], [ 39.732265973449103, 64.57617381781165, 0.044985338653532 ], [ 39.720787943137111, 64.575782788640936, 0.100185338653546 ], [ 39.66074580118584, 64.573737295795581, 0.157885338653614 ], [ 39.620261559510254, 64.572358094039373, 0.188985338653538 ], [ 39.570842177097802, 64.570674493312254, 0.17208533865346 ], [ 39.567382812994765, 64.57055664100335, 0.170285338653457 ], [ 39.521119456316228, 64.583463255912648, 0.217085338653533 ], [ 39.490185742397443, 64.592093185972772, 0.192985338653443 ], [ 39.442527231396525, 64.605389022923191, 0.189585338653615 ], [ 39.397561272591702, 64.617933687972254, 0.160485338653643 ], [ 39.365344136123895, 64.62692166902707, 0.135785338653477 ], [ 39.308108155586524, 64.642889441602165, 0.213385338653552 ], [ 39.299619488694589, 64.645257621566998, 0.215885338653607 ], [ 39.291920457952074, 64.6474055077706, 0.238885338653517 ], [ 39.230681478962651, 64.664490042385296, 0.337585338653525 ], [ 39.178347632274381, 64.679090210920549, 0.38128533865347 ], [ 39.143874434041209, 64.688707591179991, 0.322385338653476 ], [ 39.087236715859035, 64.704508459704812, 0.314685338653589 ], [ 39.053515625011642, 64.713916016014991, 0.261885338653656 ], [ 39.05284074319934, 64.714027498717769, 0.260085338653653 ], [ 39.019041748557356, 64.719610702944919, 0.206285338653515 ], [ 38.955737897733343, 64.730067769167363, 0.153785338653506 ], [ 38.936249753969605, 64.733286985807354, 0.154285338653608 ], [ 38.858245271272608, 64.746172426937846, 0.08618533865365 ], [ 38.853179471814656, 64.747009238592, 0.049785338653464 ], [ 38.841248575306963, 64.748980085132644, 0.095185338653664 ], [ 38.768143498382415, 64.761056200921303, 0.212585338653525 ], [ 38.754335013305536, 64.763337203432457, 0.135885338653452 ], [ 38.725024018189288, 64.768179041857366, 0.216485338653456 ], [ 38.670849064350477, 64.777128119589179, 0.223485338653518 ], [ 38.655396404545172, 64.779680720821489, 0.144185338653642 ], [ 38.616469653105014, 64.786110971297603, 0.184185338653606 ], [ 38.613085938006407, 64.786669922017609, 0.189385338653665 ], [ 38.56377230794169, 64.789806242362829, 0.229785338653528 ], [ 38.540917969003203, 64.791259766017902, 0.18318533865363 ], [ 38.520329822611529, 64.798728812267655, 0.165985338653627 ], [ 38.472574281084235, 64.816053749687853, 0.114985338653469 ], [ 38.441992188003496, 64.827148437994765, 0.142985338653489 ], [ 38.419763176134438, 64.849413770993124, 0.243385338653525 ], [ 38.412109375, 64.857080078014405, 0.302085338653569 ], [ 38.401853391726036, 64.856753280895646, 0.276385338653654 ], [ 38.394071268572588, 64.856505310963257, 0.280985338653636 ], [ 38.341533263708698, 64.854831237506005, 0.371085338653529 ], [ 38.317978835606482, 64.854080698103644, 0.188485338653663 ], [ 38.297148496480077, 64.85341695920215, 0.152285338653655 ], [ 38.22822265602008, 64.851220702999854, 0.308485338653554 ], [ 38.214864692694391, 64.851620746223489, 0.345085338653462 ], [ 38.208089487161487, 64.851823649543803, 0.334985338653496 ], [ 38.188854770327453, 64.852399689320009, 0.349385338653519 ], [ 38.115722656002617, 64.854589844020666, 0.223785338653443 ], [ 38.10937502705201, 64.856032486975892, 0.225685338653648 ], [ 38.077998296284932, 64.86316356221505, 0.227485338653651 ], [ 38.011917436131625, 64.878181939595379, 0.175185338653591 ], [ 38.009375000008731, 64.878759765997529, 0.176485338653492 ], [ 37.971190913420287, 64.896968492321321, 0.311585338653458 ], [ 37.923576227956801, 64.919674358898192, 0.44358533865352 ], [ 37.908167005196447, 64.927022506919457, 0.469385338653638 ], [ 37.908055044856155, 64.927075897096074, 0.469585338653587 ], [ 37.913369521789718, 64.928181949362624, 0.49998533865346 ], [ 37.913369522007997, 64.928181949391728, 0.49998533865346 ], [ 37.924540361971594, 64.924585085347644, 0.49998533865346 ], [ 38.009028571133967, 64.905555408549844, 0.49998533865346 ], [ 38.015046796921524, 64.904445344451233, 0.49998533865346 ], [ 38.021836723884917, 64.902452127207653, 0.49998533865346 ], [ 38.021836723914021, 64.902452127178549, 0.49998533865346 ], [ 38.119618376134895, 64.88078977126861, 0.49998533865346 ], [ 38.138605275700684, 64.877037744867266, 0.49998533865346 ], [ 38.138605275729788, 64.877037744838162, 0.49998533865346 ], [ 38.203866084018955, 64.885046400726424, 0.49998533865346 ], [ 38.230023755080765, 64.876748776907334, 0.49998533865346 ], [ 38.239693144278135, 64.879909668292385, 0.49998533865346 ], [ 38.325725709844846, 64.87317987458664, 0.49998533865346 ], [ 38.334006880657398, 64.868632115947548, 0.49998533865346 ], [ 38.334006880701054, 64.868632115918444, 0.49998533865346 ], [ 38.348776589118643, 64.872165738677722, 0.49998533865346 ], [ 38.411144063953543, 64.877418805190246, 0.49998533865346 ], [ 38.44526744018367, 64.869831154428539, 0.49998533865346 ], [ 38.492366274353117, 64.862120153964497, 0.49998533865346 ], [ 38.555678597098449, 64.8491564715805, 0.49998533865346 ], [ 38.587073340866482, 64.834281772433314, 0.49998533865346 ], [ 38.637728647139738, 64.825487156849704, 0.49998533865346 ], [ 38.677149028415442, 64.824118386328337, 0.49998533865346 ], [ 38.698198553742259, 64.799390345520806, 0.49998533865346 ], [ 38.698198553771363, 64.799390345462598, 0.49998533865346 ], [ 38.702287509804592, 64.799345464634825, 0.49998533865346 ], [ 38.70661528155324, 64.797875562042464, 0.49998533865346 ], [ 38.766738870879635, 64.786754325265065, 0.324285338653453 ], [ 38.798906772615737, 64.780804134061327, 0.49998533865346 ], [ 38.805517862681882, 64.780494694961817, 0.49998533865346 ], [ 38.869513126905076, 64.77218089379312, 0.280285338653584 ], [ 38.899533842966775, 64.76828081982967, 0.49998533865346 ], [ 38.908495986310299, 64.766201036400162, 0.49998533865346 ], [ 38.908495986339403, 64.766201036371058, 0.49998533865346 ], [ 38.991967999230837, 64.752572799319751, 0.49998533865346 ], [ 38.991967999259941, 64.752572799319751, 0.49998533865346 ], [ 39.001346352466499, 64.750323159358231, 0.49998533865346 ], [ 39.072557781808428, 64.728777857468231, 0.49998533865346 ], [ 39.076603771434748, 64.727035171978059, 0.49998533865346 ], [ 39.13704219412466, 64.709317828994244, 0.49998533865346 ], [ 39.137042194168316, 64.709317828965141, 0.49998533865346 ], [ 39.157756652959506, 64.706202066488913, 0.49998533865346 ], [ 39.165654360112967, 64.704779760635574, 0.49998533865346 ], [ 39.231515069986926, 64.703016134124482, 0.49998533865346 ], [ 39.269439336683718, 64.697878718463471, 0.49998533865346 ], [ 39.285889851686079, 64.704527679365128, 0.49998533865346 ], [ 39.31702180042339, 64.69763610161317, 0.49998533865346 ], [ 39.357440183550352, 64.705312026489992, 0.49998533865346 ], [ 39.379827366865356, 64.698632137544337, 0.49998533865346 ], [ 39.391591181993135, 64.696205571031896, 0.49998533865346 ], [ 39.428008352391771, 64.690081570282928, 0.49998533865346 ], [ 39.428008352435427, 64.690081570253824, 0.49998533865346 ], [ 39.462266337053734, 64.688830005543423, 0.49998533865346 ], [ 39.479069587614504, 64.690830452978844, 0.49998533865346 ], [ 39.550359303568257, 64.700635895031155, 0.49998533865346 ], [ 39.569109415373532, 64.703092834664858, 0.49998533865346 ], [ 39.618107383445022, 64.710356450785184, 0.49998533865346 ], [ 39.631190674786922, 64.7130447106465, 0.49998533865346 ], [ 39.66111792139418, 64.71894981522928, 0.49998533865346 ], [ 39.708884996245615, 64.722416019605589, 0.49998533865346 ], [ 39.708884996274719, 64.722416019605589, 0.49998533865346 ], [ 39.720012758480152, 64.727413229993545, 0.49998533865346 ], [ 39.720324485213496, 64.729156805027742, 0.49998533865346 ], [ 39.774606502527604, 64.763907244880102, 0.49998533865346 ], [ 39.795826754474547, 64.755606095684925, 0.49998533865346 ], [ 39.826056826888816, 64.768859977339162, 0.49998533865346 ], [ 39.864964269960183, 64.785518229327863, 0.49998533865346 ], [ 39.881170917491545, 64.802377563508344, 0.49998533865346 ], [ 39.950855565693928, 64.829648443715996, 0.49998533865346 ], [ 39.952684510921245, 64.830091277413885, 0.49998533865346 ], [ 39.956122324598255, 64.831487334900885, 0.49998533865346 ], [ 39.993113923497731, 64.868403822401888, 0.49998533865346 ], [ 40.006599513304536, 64.887997691708733, 0.49998533865346 ], [ 40.023722395053483, 64.916060625662794, 0.49998533865346 ], [ 40.034753336716676, 64.92335619548976, 0.49998533865346 ], [ 40.092196164114284, 64.984471400326584, 0.49998533865346 ], [ 40.095955492157373, 64.990798090118915, 0.49998533865346 ], [ 40.071811673595221, 65.034429392966558, 0.49998533865346 ], [ 40.067463347106241, 65.04051423681085, 0.49998533865346 ], [ 40.028029819251969, 65.078340368316276, 0.49998533865346 ], [ 40.007023145502899, 65.085800240747631, 0.49998533865346 ], [ 39.969222516272566, 65.115482345310738, 0.49998533865346 ], [ 39.96242539800005, 65.12807828214136, 0.49998533865346 ], [ 39.954545398170012, 65.156781156169018, 0.49998533865346 ], [ 39.941939087555511, 65.189209424192086, 0.49998533865346 ], [ 39.930528637865791, 65.197252871832461, 0.49998533865346 ], [ 39.87989920466498, 65.219423057467793, 0.49998533865346 ], [ 39.842977997061098, 65.260256604407914, 0.49998533865346 ], [ 39.834114995115669, 65.268945032381453, 0.49998533865346 ], [ 39.786488679688773, 65.27198883255187, 0.49998533865346 ], [ 39.758632260680315, 65.292638553277357, 0.49998533865346 ], [ 39.729921719015692, 65.305633699899772, 0.49998533865346 ], [ 39.696139630381367, 65.329459973378107, 0.49998533865346 ], [ 39.6812875001051, 65.352932445370243, 0.49998533865346 ], [ 39.672975477631553, 65.377601638523629, 0.49998533865346 ], [ 39.6671216913237, 65.397875628113979, 0.49998533865346 ], [ 39.702366907033138, 65.425589654463693, 0.49998533865346 ], [ 39.704090158309555, 65.433222099527484, 0.688185338653511 ], [ 39.711287258542143, 65.465098745597061, 0.49998533865346 ], [ 39.711287258542143, 65.465098745626165, 0.49998533865346 ], [ 39.718824300536653, 65.501356522843707, 0.49998533865346 ], [ 39.698952560414909, 65.528829518225393, 0.49998533865346 ], [ 39.714689347878448, 65.54585810106073, 0.49998533865346 ], [ 39.735749191531795, 65.571435076097259, 0.49998533865346 ], [ 39.757906631581136, 65.588025459815981, 0.49998533865346 ], [ 39.790216983557912, 65.604057839722373, 0.49998533865346 ], [ 39.829719952482264, 65.616420785445371, 0.29298533865358 ], [ 39.897939369009691, 65.637770900793839, 0.643085338653464 ], [ 39.912433291538036, 65.642306954221567, 0.632885338653523 ], [ 39.973791156226071, 65.661509661513264, 0.49998533865346 ], [ 40.009845787993982, 65.672230577154551, 0.49998533865346 ], [ 40.066538469298393, 65.684908324212302, 0.49998533865346 ], [ 40.102514584024902, 65.696636828361079, 0.49998533865346 ], [ 40.142339654790703, 65.714266349212267, 0.49998533865346 ], [ 40.185730471246643, 65.732621052098693, 0.49998533865346 ], [ 40.250570654476178, 65.739723683756893, 0.49998533865346 ], [ 40.250570654505282, 65.739723683756893, 0.49998533865346 ], [ 40.260854853113415, 65.743962152555468, 0.49998533865346 ], [ 40.297819380240981, 65.778021232341416, 0.49998533865346 ], [ 40.358873388162465, 65.798727486093412, 0.49998533865346 ], [ 40.398273706043256, 65.801366386192967, 0.49998533865346 ], [ 40.398273706072359, 65.801366386192967, 0.49998533865346 ], [ 40.432890105454135, 65.821573028064449, 0.49998533865346 ], [ 40.454880671430146, 65.844595450937049, 0.49998533865346 ], [ 40.492035131697776, 65.870491687441245, 0.49998533865346 ], [ 40.510732909839135, 65.884279401507229, 0.49998533865346 ], [ 40.546369123680051, 65.91084403336572, 0.49998533865346 ], [ 40.56322890802403, 65.924804945563665, 0.49998533865346 ], [ 40.605586098536151, 65.949510459235171, 0.49998533865346 ], [ 40.628366635151906, 65.959254720452009, 0.643085338653464 ], [ 40.676286046917085, 65.979752010462107, 0.623985338653483 ], [ 40.704998971807072, 65.99203382122505, 0.49998533865346 ], [ 40.76038301733206, 66.010123710948392, 0.49998533865346 ], [ 40.789037425885908, 66.02238296228461, 0.49998533865346 ], [ 40.808288065716624, 66.027071970966063, 0.346885338653465 ], [ 40.818294783661258, 66.029509374988265, 0.38088533865357 ], [ 40.848634440073511, 66.037311000953196, 0.488285338653668 ], [ 40.859060992181185, 66.017892642412335, 0.284685338653617 ], [ 40.869547932015848, 65.998361817997647, 0.116685338653497 ], [ 40.848633379573585, 65.996059795419569, 0.064685338653589 ], [ 40.801773809303995, 65.990902057092171, -0.00001466134654 ], [ 40.798027350087068, 65.990489691859693, 0.039885338653448 ], [ 40.785482547740685, 65.989108910784125, 0.067685338653519 ], [ 40.774414062994765, 65.987890624994179, 0.115585338653545 ], [ 40.752933517476777, 65.981545251488569, 0.154285338653608 ], [ 40.709779854791122, 65.968797618639655, 0.278985338653456 ], [ 40.691601562997676, 65.963427734008292, 0.376485338653538 ], [ 40.666947709818487, 65.946933484941837, 0.435785338653659 ], [ 40.65906643094786, 65.941660646843957, 0.46918533865346 ], [ 40.621185664887889, 65.916317152426927, 0.210085338653471 ], [ 40.599191254485049, 65.90160215915239, 0.020385338653568 ], [ 40.597575097781373, 65.900520896509988, 0.01888533865349 ], [ 40.550088283518562, 65.868750635825563, 0.087785338653475 ], [ 40.5434600366425, 65.864316117877024, 0.092385338653457 ], [ 40.512792969006114, 65.843798828005674, 0.11178533865359 ], [ 40.496163957504905, 65.835519441607175, 0.148585338653447 ], [ 40.483032590156654, 65.828981490485603, 0.172885338653487 ], [ 40.43287019408308, 65.804006232050597, 0.372685338653582 ], [ 40.413842808746267, 65.794532723943121, 0.384585338653551 ], [ 40.357213400333421, 65.766337617184035, 0.026785338653553 ], [ 40.347153661234188, 65.761328993132338, -0.00001466134654 ], [ 40.327832031005528, 65.75170898399665, 0.093885338653536 ], [ 40.258959678438259, 65.730998609913513, 0.449485338653631 ], [ 40.232822740101255, 65.723139058871311, 0.285385338653668 ], [ 40.191375142559991, 65.710675490874564, 0.169185338653506 ], [ 40.176552769684349, 65.706218304869253, 0.193885338653445 ], [ 40.104567207934451, 65.684571768098976, 0.328785338653461 ], [ 40.089062134517008, 65.67990928949439, 0.334085338653495 ], [ 40.012404522422003, 65.656857836147537, 0.236285338653488 ], [ 40.005368410260417, 65.654742030470516, 0.235885338653588 ], [ 39.981965756363934, 65.647704696923029, 0.289985338653651 ], [ 39.912813599745277, 65.626910183898872, 0.546385338653636 ], [ 39.911357173448778, 65.626472226824262, 0.548285338653614 ], [ 39.834839333823766, 65.603462804006995, 0.002385338653539 ], [ 39.827821035301895, 65.60135235497728, -0.00001466134654 ], [ 39.816503906011349, 65.597949219009024, 0.062185338653535 ], [ 39.814077463452122, 65.593609104122152, -0.00001466134654 ], [ 39.781152344003203, 65.534716797017609, 0.052885338653596 ], [ 39.779855926695745, 65.531205008082907, 0.056585338653576 ], [ 39.771486176177859, 65.508532680847566, 0.043085338653555 ], [ 39.749511109781452, 65.449005709873745, 0.066085338653465 ], [ 39.749121094006114, 65.447949219000293, 0.074185338653479 ], [ 39.750003859444405, 65.446179283128004, 0.068485338653545 ], [ 39.772596193375648, 65.400881878900691, 0.119385338653501 ], [ 39.79804687500291, 65.34985351600335, 0.241285338653597 ], [ 39.830027314601466, 65.318967644852819, 0.372085338653505 ], [ 39.839554330988904, 65.309766701888293, 0.391185338653486 ], [ 39.845678637895617, 65.303852006589295, 0.444285338653572 ], [ 39.894574990263209, 65.256629189796513, 0.342585338653635 ], [ 39.896484375, 65.254785155993886, 0.333685338653595 ], [ 39.898146892926889, 65.253491939962259, 0.326185338653659 ], [ 39.947628919457202, 65.215001557575306, 0.432885338653477 ], [ 40.00611235066026, 65.169509289204143, 0.048285338653614 ], [ 40.011250139184995, 65.165512778592529, 0.019685338653517 ], [ 40.012144773470936, 65.164816873060772, 0.013885338653608 ], [ 40.015580449529807, 65.162144377740333, -0.00001466134654 ], [ 40.020792229959625, 65.158090311320848, 0.019785338653492 ], [ 40.046971758813015, 65.137726147877402, -0.00001466134654 ], [ 40.142675781011349, 65.063281250011642, 0.000385338653587 ], [ 40.153232075477717, 65.058315551257692, 0.000585338653536 ], [ 40.154067265451886, 65.057922676482121, 0.00608533865352 ], [ 40.155024559237063, 65.057472363871057, -0.00001466134654 ], [ 40.155820859217783, 65.057097782992059, 0.002785338653666 ], [ 40.198305804122356, 65.037112793055712, 0.009585338653551 ], [ 40.200034546491224, 65.036299589730334, -0.00001466134654 ], [ 40.229753591091139, 65.022319700889057, -0.00001466134654 ], [ 40.28125, 64.998095703005674, -0.00001466134654 ], [ 40.305106925428845, 64.972296071689925, -0.00001466134654 ], [ 40.309518838737858, 64.967524889550987, -0.00001466134654 ], [ 40.33222613784892, 64.942968500356073, 0.016485338653638 ], [ 40.337202884591534, 64.937586489526439, 0.021585338653495 ], [ 40.341529882090981, 64.9329071380198, -0.00001466134654 ], [ 40.345339569015778, 64.928787222466781, 0.004485338653467 ], [ 40.34858991362853, 64.925272197317099, 0.005485338653443 ], [ 40.350926505387179, 64.922745333315106, -0.00001466134654 ], [ 40.352817446255358, 64.920700410249992, -0.00001466134654 ], [ 40.37095180756296, 64.901089340171893, -0.00001466134654 ], [ 40.375390625020373, 64.896289063020959, 0.000385338653587 ] ] ] ] } },
{ "type": "Feature", "properties": { "gid": 3, "objectid": 3.0, "shape_leng": 18.241039041099999, "shape_area": 2.5409983494700001, "z_mean": 1.1027762038 }, "geometry": { "type": "MultiPolygon", "coordinates": [ [ [ [ 36.575765874251374, 66.102983634162229, 0.99998533865346 ], [ 36.62405972580018, 66.102079190910445, 0.99998533865346 ], [ 36.641607907600701, 66.102183908296865, 0.99998533865346 ], [ 36.655887357686879, 66.102156264765654, 0.99998533865346 ], [ 36.704120744412648, 66.102552853990346, 0.99998533865346 ], [ 36.762461518621421, 66.101043216185644, 0.99998533865346 ], [ 36.770089529192774, 66.101026099800947, 0.99998533865346 ], [ 36.776370468302048, 66.10097520412819, 0.99998533865346 ], [ 36.832196071263752, 66.101028998891707, 0.99998533865346 ], [ 36.893018512666458, 66.099184122038423, 0.99998533865346 ], [ 36.898013302547042, 66.099109077826142, 0.99998533865346 ], [ 36.905516286584316, 66.098853836927447, 0.99998533865346 ], [ 36.960083766825846, 66.098355480382452, 0.99998533865346 ], [ 37.002824523151503, 66.096854686038569, 0.99998533865346 ], [ 37.024461692271871, 66.096471407159697, 0.99998533865346 ], [ 37.05506808613427, 66.095334056793945, 0.99998533865346 ], [ 37.084842594704241, 66.094841860627639, 0.99998533865346 ], [ 37.105976754974108, 66.094352333821007, 0.99998533865346 ], [ 37.150913343706634, 66.093272112091654, 0.99998533865346 ], [ 37.204055346155656, 66.09190194994153, 0.99998533865346 ], [ 37.213605668701348, 66.091579820145853, 0.99998533865346 ], [ 37.272055684763473, 66.090310755185783, 0.99998533865346 ], [ 37.300121497697546, 66.090192364907125, 0.99998533865346 ], [ 37.381092207448091, 66.088085234892787, 0.99998533865346 ], [ 37.388556524121668, 66.087844543086248, 0.99998533865346 ], [ 37.392257204774069, 66.087879862068803, 0.99998533865346 ], [ 37.405777377352933, 66.087671861532726, 0.99998533865346 ], [ 37.405777377411141, 66.087671861532726, 0.99998533865346 ], [ 37.49163219500042, 66.08453561058559, 0.99998533865346 ], [ 37.562022762955166, 66.082161543963593, 0.99998533865346 ], [ 37.583200537264929, 66.08107012489927, 0.99998533865346 ], [ 37.59149572433671, 66.081375282461522, 0.99998533865346 ], [ 37.635299549045158, 66.077358362832456, 0.57488533865353 ], [ 37.696337061483064, 66.071761071187211, 0.99998533865346 ], [ 37.696337061512168, 66.071761071187211, 0.99998533865346 ], [ 37.700376679058536, 66.072160302384873, 0.99998533865346 ], [ 37.748647838219767, 66.067697982987738, 0.804985338653523 ], [ 37.804725753565435, 66.062513985467376, 0.99998533865346 ], [ 37.811010525314487, 66.060176240309374, 0.99998533865346 ], [ 37.858891750322073, 66.056316353817238, 0.560385338653532 ], [ 37.916871568930219, 66.051642381513375, 0.99998533865346 ], [ 37.924748416000511, 66.051346231310163, 0.99998533865346 ], [ 37.971502901098575, 66.048545903264312, 0.622685338653582 ], [ 38.02987047280476, 66.045050017317408, 0.99998533865346 ], [ 38.038820794143248, 66.044469289336121, 0.99998533865346 ], [ 38.083521564141847, 66.041397646040423, 0.598285338653568 ], [ 38.140882953783148, 66.03745601978153, 0.99998533865346 ], [ 38.15106382551312, 66.036739312970894, 0.99998533865346 ], [ 38.195167867190321, 66.032995356086758, 0.640385338653459 ], [ 38.2510969099676, 66.028247584283235, 0.99998533865346 ], [ 38.268875766196288, 66.03006904720678, 0.99998533865346 ], [ 38.307988214073703, 66.02775075151294, 0.854285338653654 ], [ 38.363811923452886, 66.024441936227959, 0.99998533865346 ], [ 38.36381192348199, 66.024441936227959, 0.99998533865346 ], [ 38.375448117352789, 66.02165656707075, 0.99998533865346 ], [ 38.420200431646663, 66.021960677739116, 0.596885338653465 ], [ 38.484687766234856, 66.022398896107916, 0.99998533865346 ], [ 38.48915916137048, 66.023341165782767, 0.99998533865346 ], [ 38.534214649058413, 66.025474510810454, 0.799985338653642 ], [ 38.596612277629902, 66.028428993784473, 0.99998533865346 ], [ 38.604859397892142, 66.027351761586033, 0.99998533865346 ], [ 38.647763565983041, 66.028742332855472, 0.589285338653553 ], [ 38.723807625487098, 66.031207004431053, 0.99998533865346 ], [ 38.723807625545305, 66.031207004431053, 0.99998533865346 ], [ 38.730753103402094, 66.031528318664641, 0.99998533865346 ], [ 38.757883798782132, 66.034925102067064, 0.553885338653572 ], [ 38.824987370710005, 66.043326519575203, 0.99998533865346 ], [ 38.834336618165253, 66.04207783624588, 0.99998533865346 ], [ 38.839450719955494, 66.043741018787841, 0.99998533865346 ], [ 38.862335155470646, 66.044063356588595, 0.770185338653619 ], [ 38.914722212168272, 66.044801252326579, 0.99998533865346 ], [ 38.939405526660266, 66.042258119239705, 0.99998533865346 ], [ 38.956540570274228, 66.04559843907191, 0.99998533865346 ], [ 38.983543902708334, 66.047094684268814, 0.783485338653463 ], [ 39.023993279537535, 66.049335970121319, 0.99998533865346 ], [ 39.052166256995406, 66.047175848376355, 0.99998533865346 ], [ 39.077491552205174, 66.050359531800495, 0.99998533865346 ], [ 39.077491552234278, 66.050359531800495, 0.99998533865346 ], [ 39.101108697112068, 66.050856506946729, 0.80578533865355 ], [ 39.130657703397446, 66.051478306151694, 0.99998533865346 ], [ 39.171769338398008, 66.049031484813895, 0.99998533865346 ], [ 39.213485444299295, 66.053595442484948, 0.99998533865346 ], [ 39.222705801468692, 66.053433699897141, 0.943085338653646 ], [ 39.231448136080871, 66.053280342719518, 1.004985338653569 ], [ 39.291549517889507, 66.052226050233003, 0.99998533865346 ], [ 39.332375882935594, 66.056093720108038, 0.99998533865346 ], [ 39.346754366153618, 66.054371498408727, 0.99998533865346 ], [ 39.368769490378327, 66.056663508992642, 0.99998533865346 ], [ 39.413833530779812, 66.055450307903811, 0.99998533865346 ], [ 39.43460812162084, 66.055482286785264, 0.99998533865346 ], [ 39.478042275077314, 66.049155913438881, 0.99998533865346 ], [ 39.534919702622574, 66.058696244566818, 0.99998533865346 ], [ 39.53982678859029, 66.058853316208115, 0.99998533865346 ], [ 39.542375408040243, 66.059207067111856, 0.99998533865346 ], [ 39.605733020362095, 66.051906712091295, 0.99998533865346 ], [ 39.64973655679205, 66.057249906181823, 0.99998533865346 ], [ 39.667158668584307, 66.054101825488033, 0.99998533865346 ], [ 39.706625468199491, 66.055698786702123, 0.99998533865346 ], [ 39.739014690145268, 66.052325869779452, 0.99998533865346 ], [ 39.739014690188924, 66.052325869779452, 0.99998533865346 ], [ 39.759477431332925, 66.055095536910812, 0.99998533865346 ], [ 39.79742795524362, 66.048886806602241, 0.99998533865346 ], [ 39.868296976215788, 66.0529993269447, 0.99998533865346 ], [ 39.872409357863944, 66.05147600005148, 0.99998533865346 ], [ 39.88346665778954, 66.050924507289892, 0.99998533865346 ], [ 39.933528428286081, 66.040786197816487, 0.99998533865346 ], [ 39.963557221795782, 66.043531803356018, 0.99998533865346 ], [ 39.994783719565021, 66.030880668447935, 0.99998533865346 ], [ 40.059064239263535, 66.025733439499163, 0.99998533865346 ], [ 40.076113616654766, 66.019761518939049, 0.99998533865346 ], [ 40.099999264843063, 66.018131034608814, 0.99998533865346 ], [ 40.099999264872167, 66.018131034608814, 0.99998533865346 ], [ 40.1278908586537, 66.010793859575642, 0.99998533865346 ], [ 40.145905416895403, 66.009226204856532, 0.99998533865346 ], [ 40.162110088305781, 66.005502140586032, 0.99998533865346 ], [ 40.190709574861103, 65.96469327507657, 0.99998533865346 ], [ 40.198171309748432, 65.944035319655086, 1.008785338653524 ], [ 40.203119503115886, 65.930336151766824, 0.99998533865346 ], [ 40.190630757380859, 65.918533266536542, 0.99998533865346 ], [ 40.131181879769429, 65.845391593305976, 0.99998533865346 ], [ 40.130578988362686, 65.839268931027618, 0.99998533865346 ], [ 40.123004990193294, 65.788215329768718, 0.99998533865346 ], [ 40.075014734233264, 65.759726549498737, 0.99998533865346 ], [ 40.046551099789212, 65.744266584646539, 0.99998533865346 ], [ 39.995507433079183, 65.713029899270623, 0.99998533865346 ], [ 39.955760043667397, 65.686741026758682, 0.99998533865346 ], [ 39.914000967517495, 65.674323883358738, 0.99998533865346 ], [ 39.908758835037588, 65.671717393037397, 0.99998533865346 ], [ 39.908758835037588, 65.671717393037397, 0.99998533865346 ], [ 39.838383913724101, 65.645554025948513, 0.99998533865346 ], [ 39.817435199627653, 65.64328476790979, 0.99998533865346 ], [ 39.809573967126198, 65.638855679440894, 0.99998533865346 ], [ 39.744953263143543, 65.606790919628111, 0.99998533865346 ], [ 39.700638383044861, 65.573610152176116, 0.99998533865346 ], [ 39.693438695758232, 65.564866202083067, 0.99998533865346 ], [ 39.661965120787499, 65.530809036456048, 0.99998533865346 ], [ 39.661965120802051, 65.530809036456048, 0.99998533865346 ], [ 39.665661119463039, 65.515487192824367, 1.103885338653527 ], [ 39.672625956736738, 65.486614306850242, 0.99998533865346 ], [ 39.670092298780219, 65.470292761398014, 0.99998533865346 ], [ 39.652373836259358, 65.444345788113424, 0.99998533865346 ], [ 39.648027725852444, 65.417174496018561, 0.99998533865346 ], [ 39.628273382681073, 65.401641256190487, 0.99998533865346 ], [ 39.639980955253122, 65.36109327703889, 0.99998533865346 ], [ 39.641655000232277, 65.356124890749925, 0.99998533865346 ], [ 39.671359260770259, 65.309179946736549, 0.99998533865346 ], [ 39.701837129527121, 65.28768411668716, 0.99998533865346 ], [ 39.694925438263454, 65.254780710223713, 0.99998533865346 ], [ 39.683492098192801, 65.231965714672697, 0.99998533865346 ], [ 39.660834311172948, 65.198348335426999, 0.99998533865346 ], [ 39.650084341788897, 65.179051661223639, 0.99998533865346 ], [ 39.638419830429484, 65.168215811427217, 0.99998533865346 ], [ 39.594907241800684, 65.132968345627887, 0.99998533865346 ], [ 39.584130510513205, 65.125527351963683, 0.99998533865346 ], [ 39.534943565129652, 65.091388817192637, 0.99998533865346 ], [ 39.526932112843497, 65.087886049092049, 0.99998533865346 ], [ 39.483651501635904, 65.066978109854972, 0.99998533865346 ], [ 39.483651501577697, 65.066978109825868, 0.99998533865346 ], [ 39.466211924169329, 65.058410300247488, 0.99998533865346 ], [ 39.463452894575312, 65.057072214840446, 0.99998533865346 ], [ 39.408717390702805, 65.037938945402857, 0.99998533865346 ], [ 39.381683135419735, 65.028833651682362, 0.99998533865346 ], [ 39.352432882835274, 65.022546108142706, 0.99998533865346 ], [ 39.311672433177591, 65.015173705454799, 0.99998533865346 ], [ 39.299430173472501, 65.012898111905088, 0.99998533865346 ], [ 39.294172165726195, 65.011717493107426, 0.99998533865346 ], [ 39.23749487879104, 65.005571654794039, 0.99998533865346 ], [ 39.207656947386567, 65.001661113026785, 0.99998533865346 ], [ 39.1230869810679, 64.99620201747166, 0.99998533865346 ], [ 39.12308698099514, 64.99620201747166, 0.99998533865346 ], [ 39.120233425535844, 64.996031084403512, 0.99998533865346 ], [ 39.11866844096221, 64.995827550272224, 0.99998533865346 ], [ 39.112920608153217, 64.99563289177604, 0.99998533865346 ], [ 39.008898789033992, 64.9931710765959, 0.99998533865346 ], [ 38.940409563379944, 64.995781373392674, 0.99998533865346 ], [ 38.897688932091114, 64.996436451445334, 0.99998533865346 ], [ 38.787762797132018, 65.001831693458371, 0.99998533865346 ], [ 38.787521685444517, 65.001840160344727, 0.99998533865346 ], [ 38.786714635338285, 65.001905395503854, 0.99998533865346 ], [ 38.679837590228999, 65.01027116876503, 0.99998533865346 ], [ 38.654831979190931, 65.013401565156528, 0.99998533865346 ], [ 38.573793130053673, 65.022370940016117, 0.99998533865346 ], [ 38.530738792323973, 65.027776701870607, 0.99998533865346 ], [ 38.530738792265765, 65.027776701870607, 0.99998533865346 ], [ 38.467879724164959, 65.035546471757698, 0.99998533865346 ], [ 38.449637099460233, 65.037502708350075, 0.99998533865346 ], [ 38.411965692721424, 65.042849118748563, 0.99998533865346 ], [ 38.411965692648664, 65.042849118748563, 0.99998533865346 ], [ 38.358769578218926, 65.050507578009274, 0.99998533865346 ], [ 38.340097595922998, 65.053041621198645, 0.99998533865346 ], [ 38.298878692105063, 65.059445869585034, 0.99998533865346 ], [ 38.24652425837121, 65.067708471935475, 0.99998533865346 ], [ 38.17176814051345, 65.080043141264468, 0.99998533865346 ], [ 38.171768140469794, 65.080043141264468, 0.99998533865346 ], [ 38.151397142530186, 65.083297904100618, 0.99998533865346 ], [ 38.123077423588256, 65.088805552921258, 0.99998533865346 ], [ 38.083651810738957, 65.096234715922037, 0.99998533865346 ], [ 38.065604751100182, 65.100127618803526, 0.99998533865346 ], [ 38.021553280617809, 65.108310146722943, 0.99998533865346 ], [ 37.980236265764688, 65.117554210490198, 0.99998533865346 ], [ 37.964519946195651, 65.12030242641049, 0.99998533865346 ], [ 37.926494809173164, 65.128315312409541, 0.99998533865346 ], [ 37.926494809202268, 65.128315312380437, 0.99998533865346 ], [ 37.899314861017046, 65.133523917422281, 0.99998533865346 ], [ 37.88955241451913, 65.135639841930242, 0.99998533865346 ], [ 37.827549504159833, 65.146258715452859, 0.99998533865346 ], [ 37.792265915602911, 65.1531363944232, 0.99998533865346 ], [ 37.750668930981192, 65.159320011953241, 0.99998533865346 ], [ 37.692404828048893, 65.169454869101173, 0.99998533865346 ], [ 37.670815608478733, 65.172175489133224, 0.99998533865346 ], [ 37.590801286496571, 65.183800616112421, 0.99998533865346 ], [ 37.590632341816672, 65.183818181860261, 0.99998533865346 ], [ 37.59005006524967, 65.183887101477012, 0.99998533865346 ], [ 37.493940729429596, 65.194979885869543, 0.99998533865346 ], [ 37.456302251317538, 65.198308489445481, 0.99998533865346 ], [ 37.395651047394495, 65.202410927973688, 0.99998533865346 ], [ 37.311852752944105, 65.208332151349168, 0.99998533865346 ], [ 37.300459744146792, 65.208912790811155, 0.99998533865346 ], [ 37.298017069449998, 65.209013583415071, 0.99998533865346 ], [ 37.265792570222402, 65.21099240903277, 0.99998533865346 ], [ 37.204555456075468, 65.214464825941832, 0.99998533865346 ], [ 37.195423239056254, 65.214997110277181, 0.919385338653456 ], [ 37.183786650683032, 65.21567536542716, 0.99998533865346 ], [ 37.141284779267153, 65.215842165081995, 0.99998533865346 ], [ 37.103943943846389, 65.222907930306974, 1.010085338653653 ], [ 37.09122513262264, 65.22531462884217, 0.91778533865363 ], [ 37.083461041285773, 65.226783777703531, 0.99998533865346 ], [ 37.046119744554744, 65.234174693890964, 0.99998533865346 ], [ 36.988717742759036, 65.230968902033055, 0.99998533865346 ], [ 36.982761571591254, 65.233751930951257, 0.99998533865346 ], [ 36.98276157156215, 65.233751930951257, 0.99998533865346 ], [ 36.972975189637509, 65.22740070305008, 0.99998533865346 ], [ 36.946472750118119, 65.221779128347407, 0.99998533865346 ], [ 36.946472750089015, 65.221779128332855, 0.99998533865346 ], [ 36.915158808056731, 65.220004143018741, 0.99998533865346 ], [ 36.889078898806474, 65.216190062914393, 0.99998533865346 ], [ 36.889078898835578, 65.216190062885289, 0.99998533865346 ], [ 36.875955358787905, 65.220533370767953, 0.99998533865346 ], [ 36.872330335740116, 65.220969101123046, 0.99998533865346 ], [ 36.872330335681909, 65.220969101123046, 0.99998533865346 ], [ 36.792928282346111, 65.23529741326638, 0.99998533865346 ], [ 36.715185134846251, 65.215831840585452, 0.99998533865346 ], [ 36.711617142529576, 65.209899657464121, 0.99998533865346 ], [ 36.703687257191632, 65.205075923367986, 0.99998533865346 ], [ 36.703687257162528, 65.205075923367986, 0.99998533865346 ], [ 36.686391348717734, 65.202887286402984, 0.99998533865346 ], [ 36.653353804984363, 65.203653923759703, 0.99998533865346 ], [ 36.622010444509215, 65.197289031930268, 0.99998533865346 ], [ 36.603467452936457, 65.193110654639895, 0.99998533865346 ], [ 36.582328305827104, 65.190635264822049, 0.99998533865346 ], [ 36.551603542844532, 65.190170775807928, 0.99998533865346 ], [ 36.532374593094573, 65.184306231371011, 0.99998533865346 ], [ 36.532374593123677, 65.184306231341907, 0.99998533865346 ], [ 36.513390567881288, 65.180628900488955, 0.99998533865346 ], [ 36.495170337817399, 65.179097262807772, 0.99998533865346 ], [ 36.474192552865134, 65.180758625327144, 0.99998533865346 ], [ 36.461337655986426, 65.177443395732553, 0.99998533865346 ], [ 36.439209127915092, 65.177342542971019, 0.99998533865346 ], [ 36.423704068380175, 65.17675299772236, 0.99998533865346 ], [ 36.410046912336838, 65.178483987503569, 0.99998533865346 ], [ 36.39989653606608, 65.178478303641896, 0.99998533865346 ], [ 36.377782789990306, 65.183514081742032, 0.99998533865346 ], [ 36.370008805533871, 65.18654144500033, 0.99998533865346 ], [ 36.348275335491053, 65.192948277617688, 0.99998533865346 ], [ 36.328177945746575, 65.205724275176181, 0.99998533865346 ], [ 36.291878061558236, 65.211905364281847, 0.99998533865346 ], [ 36.28020010596083, 65.207049621880287, 0.99998533865346 ], [ 36.266796998854261, 65.213497242191806, 0.99998533865346 ], [ 36.259829074813752, 65.217846371320775, 0.99998533865346 ], [ 36.235111091678846, 65.216442805438419, 0.99998533865346 ], [ 36.224213147404953, 65.210215731392964, 0.99998533865346 ], [ 36.198882176991901, 65.212679760225001, 0.99998533865346 ], [ 36.195469758793479, 65.213319855902228, 0.99998533865346 ], [ 36.183033621942741, 65.214974269052618, 0.99998533865346 ], [ 36.163138916657772, 65.2184344198904, 0.99998533865346 ], [ 36.149611625995021, 65.220873471553205, 0.99998533865346 ], [ 36.12387175366166, 65.223081481002737, 0.99998533865346 ], [ 36.100104599958286, 65.223972782958299, 0.99998533865346 ], [ 36.087192979262909, 65.224356028527836, 0.99998533865346 ], [ 36.055691571207717, 65.22599741621525, 0.99998533865346 ], [ 36.044951471150853, 65.226383849818376, 0.99998533865346 ], [ 36.044951471121749, 65.226383849818376, 0.99998533865346 ], [ 36.037427266681334, 65.22885713512369, 0.99998533865346 ], [ 36.024634436427732, 65.232488522524363, 0.99998533865346 ], [ 36.007410403733957, 65.231534352700692, 0.99998533865346 ], [ 35.997372211350012, 65.234647660850897, 0.99998533865346 ], [ 35.982895056920825, 65.230087172472849, 0.99998533865346 ], [ 35.972878743239562, 65.230948113123304, 0.99998533865346 ], [ 35.954063570694416, 65.230212660899269, 0.99998533865346 ], [ 35.941243695939193, 65.23499432382232, 0.99998533865346 ], [ 35.937986118442495, 65.232596916874172, 0.99998533865346 ], [ 35.937986118384288, 65.232596916845068, 0.99998533865346 ], [ 35.922320068420959, 65.232235227696947, 0.99998533865346 ], [ 35.922320068362751, 65.232235227696947, 0.99998533865346 ], [ 35.907076849311125, 65.234546168911038, 0.99998533865346 ], [ 35.898581829984323, 65.23705828753009, 0.99998533865346 ], [ 35.889719569167937, 65.233933681432973, 0.99998533865346 ], [ 35.870021893424564, 65.232715734266094, 0.99998533865346 ], [ 35.850815338257235, 65.238381361006759, 0.99998533865346 ], [ 35.832360671192873, 65.234081957125454, 0.99998533865346 ], [ 35.82371027157933, 65.236236877797637, 0.99998533865346 ], [ 35.814604564759065, 65.233025376306614, 0.99998533865346 ], [ 35.795092961256159, 65.23639620844915, 0.99998533865346 ], [ 35.775462651785347, 65.236652791500092, 0.99998533865346 ], [ 35.766005903773475, 65.239231768297032, 0.99998533865346 ], [ 35.759043898113305, 65.237928242917405, 0.99998533865346 ], [ 35.733742798460298, 65.241882373054978, 0.99998533865346 ], [ 35.704822427738691, 65.243955244921381, 0.99998533865346 ], [ 35.701060545601649, 65.244738499211962, 0.99998533865346 ], [ 35.696672301215585, 65.244510918142623, 0.99998533865346 ], [ 35.665477370101144, 65.246828876202926, 0.99998533865346 ], [ 35.649814592776238, 65.247467905443045, 0.99998533865346 ], [ 35.607588835191564, 65.25097175114206, 0.99998533865346 ], [ 35.607588835118804, 65.25097175114206, 0.99998533865346 ], [ 35.592477326965309, 65.25588578323368, 0.99998533865346 ], [ 35.562009572357056, 65.268731348696747, 0.99998533865346 ], [ 35.527641338456306, 65.281116333164391, 0.99998533865346 ], [ 35.506253538420424, 65.287340088223573, 0.99998533865346 ], [ 35.462011965995771, 65.307636165205622, 0.99998533865346 ], [ 35.458147208613809, 65.309297861138475, 0.99998533865346 ], [ 35.456806820162456, 65.309959400474327, 0.99998533865346 ], [ 35.454535107302945, 65.311432517060894, 0.99998533865346 ], [ 35.404457662181812, 65.339393506510532, 0.99998533865346 ], [ 35.394309155817609, 65.344100639500539, 0.99998533865346 ], [ 35.368344734772108, 65.386410743056331, 0.99998533865346 ], [ 35.364100212085759, 65.395373160004965, 0.99998533865346 ], [ 35.359171838092152, 65.402264866614132, 0.99998533865346 ], [ 35.349878921173513, 65.453172576832003, 0.99998533865346 ], [ 35.348308740838547, 65.461240575954434, 0.99998533865346 ], [ 35.350162938280846, 65.507190068034106, 0.99998533865346 ], [ 35.348387979291147, 65.534629409434274, 0.99998533865346 ], [ 35.327447687872336, 65.578820195820299, 0.99998533865346 ], [ 35.325891146087088, 65.581896193063585, 0.99998533865346 ], [ 35.326253511506366, 65.583747789482004, 0.99998533865346 ], [ 35.327525521614007, 65.643407095951261, 0.99998533865346 ], [ 35.326926656096475, 65.648549302830361, 0.99998533865346 ], [ 35.328729488421232, 65.652763483754825, 0.99998533865346 ], [ 35.343987605258008, 65.697460283714463, 0.99998533865346 ], [ 35.347209848827333, 65.723440956237027, 0.99998533865346 ], [ 35.343666506800218, 65.743688842427218, 0.99998533865346 ], [ 35.352658557429095, 65.767591736948816, 0.99998533865346 ], [ 35.362874608079437, 65.807783013166045, 0.99998533865346 ], [ 35.367526852991432, 65.818558814411517, 0.99998533865346 ], [ 35.396274926024489, 65.875805713571026, 0.99998533865346 ], [ 35.414583525503986, 65.900197686176398, 0.99998533865346 ], [ 35.437685348864761, 65.930861906119389, 0.99998533865346 ], [ 35.451657166006044, 65.94270570356457, 0.99998533865346 ], [ 35.486393869796302, 65.974914194332086, 0.99998533865346 ], [ 35.513255643454613, 65.986597189083113, 0.99998533865346 ], [ 35.544704300220474, 66.008853285267833, 0.99998533865346 ], [ 35.608110791246872, 66.033711620912072, 0.99998533865346 ], [ 35.627742868571659, 66.039898082599393, 0.99998533865346 ], [ 35.729524795446196, 66.06455996738805, 0.99998533865346 ], [ 35.739566355507122, 66.066540534535307, 0.99998533865346 ], [ 35.744762824571808, 66.067135289049475, 0.99998533865346 ], [ 35.759091275860555, 66.069445040702703, 0.99998533865346 ], [ 35.846016821815283, 66.084053518075962, 0.99998533865346 ], [ 35.897474762154161, 66.087884874083102, 0.99998533865346 ], [ 35.956016812924645, 66.09418498937157, 0.99998533865346 ], [ 35.971728387579788, 66.094317958137253, 0.99998533865346 ], [ 35.993478474323638, 66.094799173224601, 0.99998533865346 ], [ 36.038843006434035, 66.096039946249221, 0.99998533865346 ], [ 36.038843006463139, 66.096039946278324, 0.99998533865346 ], [ 36.068280929524917, 66.097817368165124, 0.99998533865346 ], [ 36.110001177861704, 66.09803802872193, 0.99998533865346 ], [ 36.166862156256684, 66.098811668009148, 0.99998533865346 ], [ 36.175734549178742, 66.098977110494161, 0.99998533865346 ], [ 36.181592175737023, 66.099271860846784, 0.99998533865346 ], [ 36.246148714664741, 66.099866985110566, 0.99998533865346 ], [ 36.297008029257995, 66.100727145691053, 0.99998533865346 ], [ 36.311307534037041, 66.100778977197479, 0.99998533865346 ], [ 36.330231098589138, 66.100599630866782, 0.99998533865346 ], [ 36.379990062850993, 66.101317720211227, 0.99998533865346 ], [ 36.414682274349616, 66.101829603343504, 0.99998533865346 ], [ 36.41468227437872, 66.101829603343504, 0.99998533865346 ], [ 36.444800900382688, 66.102135566470679, 0.99998533865346 ], [ 36.482103611706407, 66.101757722717593, 0.99998533865346 ], [ 36.512060400375049, 66.102224348476739, 0.99998533865346 ], [ 36.534587215821375, 66.102510361830355, 0.99998533865346 ], [ 36.575765874251374, 66.102983634162229, 0.99998533865346 ] ], [ [ 38.569355268075014, 65.880187028684304, 1.49998533865346 ], [ 38.540528347162763, 65.879867943076533, 1.49998533865346 ], [ 38.517258069303352, 65.880143128175405, 1.49998533865346 ], [ 38.474502411918365, 65.879388310335344, 1.49998533865346 ], [ 38.440767658277764, 65.879809287827811, 1.49998533865346 ], [ 38.414841481891926, 65.879224150266964, 1.49998533865346 ], [ 38.317769733388559, 65.877307753355126, 1.49998533865346 ], [ 38.287043040676508, 65.876789992544218, 1.49998533865346 ], [ 38.25411690454348, 65.876479297527112, 1.49998533865346 ], [ 38.221738898282638, 65.875487805547891, 1.49998533865346 ], [ 38.201041835229262, 65.87534924132342, 1.49998533865346 ], [ 38.158041698392481, 65.874107563329744, 1.49998533865346 ], [ 38.109267279200139, 65.873277103572036, 1.49998533865346 ], [ 38.094706050454988, 65.872773775598034, 1.49998533865346 ], [ 38.085932022964698, 65.872646260802867, 1.49998533865346 ], [ 38.027620013424894, 65.870027879063855, 1.49998533865346 ], [ 37.972240477451123, 65.868770930843311, 1.49998533865346 ], [ 37.972240477451123, 65.868770930814208, 1.49998533865346 ], [ 37.965866804574034, 65.868395727826282, 1.49998533865346 ], [ 37.954684499956784, 65.86811044314527, 1.49998533865346 ], [ 37.896331752912374, 65.865848984773038, 1.49998533865346 ], [ 37.857828160471399, 65.865139967630967, 1.49998533865346 ], [ 37.834971129152109, 65.863828740591998, 1.49998533865346 ], [ 37.794024454822647, 65.862624444751418, 1.49998533865346 ], [ 37.763439558839309, 65.861357041198062, 1.49998533865346 ], [ 37.744172789345612, 65.860964351741131, 1.49998533865346 ], [ 37.698849765976775, 65.85894435197406, 1.49998533865346 ], [ 37.633347974333446, 65.857387310286867, 1.49998533865346 ], [ 37.632414671694278, 65.85731139309064, 1.49998533865346 ], [ 37.627269322838401, 65.857207658831612, 1.49998533865346 ], [ 37.627269322794746, 65.857207658831612, 1.49998533865346 ], [ 37.557306389135192, 65.854970529966522, 1.49998533865346 ], [ 37.521498442845768, 65.854520865759696, 1.49998533865346 ], [ 37.441499969500001, 65.853412662341725, 1.49998533865346 ], [ 37.420610479457537, 65.853062641792349, 1.49998533865346 ], [ 37.410291400359711, 65.853068668133346, 1.49998533865346 ], [ 37.367986553988885, 65.85285082727205, 1.49998533865346 ], [ 37.296766613493674, 65.851907065734849, 1.49998533865346 ], [ 37.233532899728743, 65.85172852766118, 1.49998533865346 ], [ 37.182034346376895, 65.851466863750829, 1.49998533865346 ], [ 37.127355866687139, 65.851855359243928, 1.49998533865346 ], [ 37.127355866643484, 65.851855359243928, 1.49998533865346 ], [ 37.073302269229316, 65.851645085363998, 1.49998533865346 ], [ 37.058498007259914, 65.85112373897573, 1.49998533865346 ], [ 37.028512776567368, 65.851483648613794, 1.49998533865346 ], [ 37.028512776538264, 65.851483648613794, 1.49998533865346 ], [ 36.968875416845549, 65.851337172294734, 1.49998533865346 ], [ 36.926200770452851, 65.849810110521503, 1.49998533865346 ], [ 36.864214404951781, 65.849977248159121, 1.49998533865346 ], [ 36.84180774934066, 65.849039992346661, 1.49998533865346 ], [ 36.793016613781219, 65.845944836852141, 1.49998533865346 ], [ 36.761714641936123, 65.845573384285672, 1.49998533865346 ], [ 36.675662222434767, 65.840968214557506, 1.49998533865346 ], [ 36.672481455563684, 65.840735445162863, 1.49998533865346 ], [ 36.670014007904683, 65.840550374079612, 1.49998533865346 ], [ 36.580271168189938, 65.834041400972637, 1.49998533865346 ], [ 36.580271168175386, 65.834041400972637, 1.49998533865346 ], [ 36.557326748166815, 65.831297245313181, 1.49998533865346 ], [ 36.541998232059996, 65.830404775813804, 1.49998533865346 ], [ 36.541998232001788, 65.830404775813804, 1.49998533865346 ], [ 36.509602791644284, 65.826648741087411, 1.49998533865346 ], [ 36.485191359723103, 65.824114567090874, 1.49998533865346 ], [ 36.433047471902682, 65.816222302659298, 1.49998533865346 ], [ 36.392772292922018, 65.81267501275579, 1.49998533865346 ], [ 36.388481623405823, 65.811681087579927, 1.49998533865346 ], [ 36.381708219167194, 65.810724011724233, 1.49998533865346 ], [ 36.30953905142087, 65.797267904184991, 1.49998533865346 ], [ 36.293891048160731, 65.795151509126299, 1.49998533865346 ], [ 36.234392559184926, 65.777770405678893, 1.49998533865346 ], [ 36.19222841472947, 65.768426764538162, 1.49998533865346 ], [ 36.16812989950995, 65.75614914947073, 1.49998533865346 ], [ 36.100901254758355, 65.729496862622909, 1.49998533865346 ], [ 36.089752602390945, 65.705553016785416, 1.49998533865346 ], [ 36.052167549933074, 65.692369028736721, 1.49998533865346 ], [ 36.052167549962178, 65.692369028736721, 1.49998533865346 ], [ 36.043006355117541, 65.656897873588605, 1.49998533865346 ], [ 36.056338237714954, 65.629720585391624, 1.49998533865346 ], [ 36.070877626727452, 65.606649769280921, 1.49998533865346 ], [ 36.088041807379341, 65.59184936627571, 1.49998533865346 ], [ 36.088041807408445, 65.591849366232054, 1.49998533865346 ], [ 36.121299503283808, 65.559119602796272, 1.49998533865346 ], [ 36.128371614453499, 65.556573642999865, 1.49998533865346 ], [ 36.171316426931298, 65.526882530670264, 1.49998533865346 ], [ 36.206776852923213, 65.506251605824218, 1.49998533865346 ], [ 36.209182989026885, 65.505111585007398, 1.49998533865346 ], [ 36.210840768064372, 65.504592013428919, 1.49998533865346 ], [ 36.290936865087133, 65.473437001215643, 1.49998533865346 ], [ 36.300453081872547, 65.470569816636271, 1.49998533865346 ], [ 36.351875778185786, 65.45723838203412, 1.49998533865346 ], [ 36.369993243453791, 65.453257069224492, 1.49998533865346 ], [ 36.392320173661574, 65.451415859075496, 1.49998533865346 ], [ 36.423900788664469, 65.444450618946576, 1.49998533865346 ], [ 36.443132891334244, 65.441460669069784, 1.49998533865346 ], [ 36.457895642277435, 65.4389614736574, 1.49998533865346 ], [ 36.512481515150284, 65.432863631896907, 1.49998533865346 ], [ 36.562668365833815, 65.428724460842204, 1.49998533865346 ], [ 36.596128627163125, 65.426755431544734, 1.49998533865346 ], [ 36.66516430786578, 65.422244872999727, 1.49998533865346 ], [ 36.665164307894884, 65.422244872999727, 1.49998533865346 ], [ 36.682497635352775, 65.421245227800682, 1.49998533865346 ], [ 36.696283297598711, 65.420654278306756, 1.49998533865346 ], [ 36.777201269462239, 65.418321516932338, 1.49998533865346 ], [ 36.849790241612936, 65.415692718350329, 1.49998533865346 ], [ 36.849790241685696, 65.415692718350329, 1.49998533865346 ], [ 36.876570564651047, 65.41463714488782, 1.49998533865346 ], [ 36.915361413615756, 65.413692226575222, 1.49998533865346 ], [ 36.915361413659411, 65.413692226575222, 1.49998533865346 ], [ 36.966259915803676, 65.415182789351093, 1.49998533865346 ], [ 36.971595459443051, 65.41334338519664, 1.49998533865346 ], [ 36.985909115668619, 65.414532632785267, 1.49998533865346 ], [ 37.053237050640746, 65.411335973331006, 1.49998533865346 ], [ 37.069161375431577, 65.413087689099484, 1.49998533865346 ], [ 37.078305643051863, 65.411540219865856, 1.49998533865346 ], [ 37.102441299546626, 65.414002046309179, 1.49998533865346 ], [ 37.173999641061528, 65.411021448206156, 1.49998533865346 ], [ 37.191467386859586, 65.413116277617519, 1.49998533865346 ], [ 37.199886459726258, 65.411366451153299, 1.49998533865346 ], [ 37.258610127159045, 65.412218802710413, 1.49998533865346 ], [ 37.317400254061795, 65.409086979838321, 1.49998533865346 ], [ 37.318130199157167, 65.409100483477232, 1.49998533865346 ], [ 37.319696735372418, 65.408990035197348, 1.49998533865346 ], [ 37.429481289102114, 65.405889209141606, 1.49998533865346 ], [ 37.440349539552699, 65.405826305403025, 1.49998533865346 ], [ 37.528037143070833, 65.401037790026749, 1.49998533865346 ], [ 37.543189276519115, 65.397764341789298, 1.49998533865346 ], [ 37.5896923627879, 65.394703141631908, 1.49998533865346 ], [ 37.589692362817004, 65.394703141631908, 1.49998533865346 ], [ 37.630169584663236, 65.393259631062392, 1.49998533865346 ], [ 37.657567877860856, 65.384771067037946, 1.49998533865346 ], [ 37.684357168487622, 65.38299035235832, 1.49998533865346 ], [ 37.767941252182936, 65.368766098777996, 1.49998533865346 ], [ 37.781814988513361, 65.367267496389104, 1.49998533865346 ], [ 37.840543594560586, 65.35931394979707, 1.49998533865346 ], [ 37.86897361886804, 65.357043715019245, 1.49998533865346 ], [ 37.868973618911696, 65.357043715019245, 1.49998533865346 ], [ 37.879265152136213, 65.355110521632014, 1.49998533865346 ], [ 37.953616709637572, 65.347037683211965, 1.49998533865346 ], [ 37.990753155609127, 65.339894336269936, 1.49998533865346 ], [ 38.038854399797856, 65.333689039267483, 1.49998533865346 ], [ 38.038854399841512, 65.333689039267483, 1.49998533865346 ], [ 38.101641891902545, 65.324272570200264, 1.49998533865346 ], [ 38.120840228759334, 65.321797984623117, 1.49998533865346 ], [ 38.12084022880299, 65.321797984623117, 1.49998533865346 ], [ 38.163821660797112, 65.31659762225172, 1.49998533865346 ], [ 38.163821660855319, 65.316597622222616, 1.49998533865346 ], [ 38.195153000910068, 65.313843487761915, 1.49998533865346 ], [ 38.211496486561373, 65.311458189811674, 1.49998533865346 ], [ 38.266824268081109, 65.305749367398676, 1.49998533865346 ], [ 38.315994478791254, 65.299540080188308, 1.49998533865346 ], [ 38.335886568354908, 65.297368331623147, 1.49998533865346 ], [ 38.372391236916883, 65.293360565774492, 1.49998533865346 ], [ 38.405187878364814, 65.290899405808887, 1.49998533865346 ], [ 38.41943002671178, 65.288941894235904, 1.49998533865346 ], [ 38.467958079098025, 65.284371790243313, 1.49998533865346 ], [ 38.524553404917242, 65.279306191005162, 1.49998533865346 ], [ 38.540422868551104, 65.277688103727996, 1.49998533865346 ], [ 38.601706822650158, 65.273730320390314, 1.49998533865346 ], [ 38.64390158385504, 65.270162291955785, 1.49998533865346 ], [ 38.661166780831991, 65.269323580228956, 1.49998533865346 ], [ 38.736271406247397, 65.266670906275976, 1.49998533865346 ], [ 38.75992859787948, 65.265841750646359, 1.49998533865346 ], [ 38.764087560513872, 65.265726108496892, 1.49998533865346 ], [ 38.824329073424451, 65.269381760954275, 1.49998533865346 ], [ 38.860152364417445, 65.271112475835253, 1.49998533865346 ], [ 38.898079010279616, 65.276336121241911, 1.49998533865346 ], [ 38.959229737054557, 65.282033253955888, 1.49998533865346 ], [ 38.968968018045416, 65.283723969871062, 1.49998533865346 ], [ 39.023780703588272, 65.293635060050292, 1.49998533865346 ], [ 39.053077375690918, 65.298583526731818, 1.49998533865346 ], [ 39.122997371116071, 65.318793031081441, 1.49998533865346 ], [ 39.135919754917268, 65.322797573855496, 1.49998533865346 ], [ 39.143570884902147, 65.325019199299277, 1.49998533865346 ], [ 39.225711233171751, 65.359065565950004, 1.49998533865346 ], [ 39.235377504737698, 65.362354673285154, 1.49998533865346 ], [ 39.248730929917656, 65.369063740814454, 1.49998533865346 ], [ 39.280774820959778, 65.393542659978266, 1.49998533865346 ], [ 39.308485154659138, 65.415532776329201, 1.49998533865346 ], [ 39.320894346892601, 65.427018591377418, 1.49998533865346 ], [ 39.348795737008913, 65.461108470277395, 1.49998533865346 ], [ 39.370272132378886, 65.487987428918132, 1.49998533865346 ], [ 39.391619767004158, 65.514532142842654, 1.49998533865346 ], [ 39.408639503948507, 65.534817017411115, 1.49998533865346 ], [ 39.422108971950365, 65.559298310079612, 1.49998533865346 ], [ 39.444219510143739, 65.582899743298185, 1.49998533865346 ], [ 39.463263240133529, 65.615159553242847, 1.49998533865346 ], [ 39.476193128837622, 65.644019278479391, 1.49998533865346 ], [ 39.482351852508145, 65.671627980555058, 1.49998533865346 ], [ 39.47416252628318, 65.686935372999869, 1.49998533865346 ], [ 39.454890226741554, 65.72684726055013, 1.49998533865346 ], [ 39.406381750610308, 65.76665858560591, 1.49998533865346 ], [ 39.402178691874724, 65.769610354167526, 1.49998533865346 ], [ 39.399878022944904, 65.770802018640097, 1.49998533865346 ], [ 39.391344583898899, 65.77438541612355, 1.49998533865346 ], [ 39.348692586529069, 65.791582992053009, 1.49998533865346 ], [ 39.328834929110599, 65.800062501788489, 1.49998533865346 ], [ 39.328834929081495, 65.800062501788489, 1.49998533865346 ], [ 39.293284058367135, 65.809831943755853, 1.49998533865346 ], [ 39.263488239928847, 65.815821881478769, 1.49998533865346 ], [ 39.22526431469305, 65.826825328360428, 1.49998533865346 ], [ 39.219644821598195, 65.827314643305726, 1.49998533865346 ], [ 39.198751912699663, 65.831299661120283, 1.49998533865346 ], [ 39.198751912699663, 65.83129966109118, 1.49998533865346 ], [ 39.136896459618583, 65.84275674354285, 1.49998533865346 ], [ 39.100647700572154, 65.846401273767697, 1.49998533865346 ], [ 39.043999576417264, 65.856647218068247, 1.49998533865346 ], [ 39.028347795712762, 65.857489145637373, 1.49998533865346 ], [ 39.006564008392161, 65.860143675061408, 1.49998533865346 ], [ 38.972288707416737, 65.862768382663489, 1.49998533865346 ], [ 38.972288707416737, 65.862768382663489, 1.49998533865346 ], [ 38.948271272791317, 65.866019531124039, 1.49998533865346 ], [ 38.906724874686915, 65.868273936852347, 1.49998533865346 ], [ 38.852074126480147, 65.873236215309589, 1.49998533865346 ], [ 38.851987939357059, 65.873240351298591, 1.49998533865346 ], [ 38.851920975139365, 65.87324749144318, 1.49998533865346 ], [ 38.786484162483248, 65.875747188736568, 1.49998533865346 ], [ 38.747917253785999, 65.878409323137021, 1.49998533865346 ], [ 38.725768196178251, 65.878597176561016, 1.49998533865346 ], [ 38.703982049875776, 65.87951180327218, 1.49998533865346 ], [ 38.664333452397841, 65.879246096097631, 1.49998533865346 ], [ 38.635850711754756, 65.879925569941406, 1.49998533865346 ], [ 38.635850711725652, 65.879925569941406, 1.49998533865346 ], [ 38.60022795049008, 65.87945482727082, 1.49998533865346 ], [ 38.569355268075014, 65.880187028684304, 1.49998533865346 ] ] ] ] } },
{ "type": "Feature", "properties": { "gid": 4, "objectid": 4.0, "shape_leng": 27.356836329499998, "shape_area": 2.5178190124399999, "z_mean": 0.64963806710899996 }, "geometry": { "type": "MultiPolygon", "coordinates": [ [ [ [ 40.636092110580648, 66.433148774231086, 0.49998533865346 ], [ 40.636248806215008, 66.432856945088133, 0.503085338653591 ], [ 40.637166987173259, 66.431146929433453, 0.509185338653651 ], [ 40.66122783938772, 66.386336118448526, 0.660685338653593 ], [ 40.663277908533928, 66.382518079859437, 0.66798533865358 ], [ 40.688055873906706, 66.336371720884927, 0.753285338653541 ], [ 40.712632201815723, 66.290600890482892, 0.810485338653507 ], [ 40.715893931046594, 66.284526262243162, 0.817785338653493 ], [ 40.722010311670601, 66.273135145514971, 0.823485338653654 ], [ 40.741042542707874, 66.237689613451948, 0.84418533865346 ], [ 40.75398064275214, 66.213593760534422, 0.85328533865345 ], [ 40.763543335604481, 66.195784249124699, 0.851385338653472 ], [ 40.775598658408853, 66.173332476086216, 0.850885338653598 ], [ 40.785412702898611, 66.155054848641157, 0.851185338653522 ], [ 40.806090452533681, 66.116544710952439, 0.830185338653564 ], [ 40.807698703400092, 66.113549512549071, 0.829385338653537 ], [ 40.81187982391566, 66.105762614606647, 0.82468533865358 ], [ 40.829630045365775, 66.072704690785031, 0.782785338653639 ], [ 40.837600576021941, 66.057860414279276, 0.703785338653461 ], [ 40.848634440073511, 66.037311000953196, 0.488285338653668 ], [ 40.818294783661258, 66.029509374988265, 0.38088533865357 ], [ 40.808288065716624, 66.027071970966063, 0.346885338653465 ], [ 40.789037425885908, 66.02238296228461, 0.49998533865346 ], [ 40.76038301733206, 66.010123710948392, 0.49998533865346 ], [ 40.704998971807072, 65.99203382122505, 0.49998533865346 ], [ 40.676286046917085, 65.979752010462107, 0.623985338653483 ], [ 40.628366635151906, 65.959254720452009, 0.643085338653464 ], [ 40.605586098565254, 65.949510459235171, 0.49998533865346 ], [ 40.56322890802403, 65.924804945563665, 0.49998533865346 ], [ 40.546369123680051, 65.91084403336572, 0.49998533865346 ], [ 40.510732909839135, 65.884279401507229, 0.49998533865346 ], [ 40.492035131697776, 65.870491687441245, 0.49998533865346 ], [ 40.454880671430146, 65.844595450937049, 0.49998533865346 ], [ 40.432890105454135, 65.821573028064449, 0.49998533865346 ], [ 40.398273706072359, 65.801366386192967, 0.49998533865346 ], [ 40.358873388162465, 65.798727486093412, 0.49998533865346 ], [ 40.297819380270084, 65.778021232341416, 0.49998533865346 ], [ 40.260854853142519, 65.743962152555468, 0.49998533865346 ], [ 40.250570654505282, 65.739723683756893, 0.49998533865346 ], [ 40.250570654476178, 65.739723683756893, 0.49998533865346 ], [ 40.185730471246643, 65.732621052098693, 0.49998533865346 ], [ 40.142339654790703, 65.714266349212267, 0.49998533865346 ], [ 40.102514584024902, 65.696636828361079, 0.49998533865346 ], [ 40.066538469298393, 65.684908324212302, 0.49998533865346 ], [ 40.009845787993982, 65.672230577154551, 0.49998533865346 ], [ 39.973791156226071, 65.661509661513264, 0.49998533865346 ], [ 39.912433291538036, 65.642306954192463, 0.632885338653523 ], [ 39.897939369038795, 65.637770900793839, 0.643085338653464 ], [ 39.829719952482264, 65.616420785445371, 0.29298533865358 ], [ 39.790216983557912, 65.604057839722373, 0.49998533865346 ], [ 39.757906631581136, 65.588025459815981, 0.49998533865346 ], [ 39.735749191531795, 65.571435076097259, 0.49998533865346 ], [ 39.714689347878448, 65.54585810106073, 0.49998533865346 ], [ 39.698952560414909, 65.528829518225393, 0.49998533865346 ], [ 39.718824300536653, 65.501356522843707, 0.49998533865346 ], [ 39.711287258542143, 65.465098745626165, 0.49998533865346 ], [ 39.704090158324107, 65.43322209949838, 0.688185338653511 ], [ 39.702366907033138, 65.425589654463693, 0.49998533865346 ], [ 39.702366907033138, 65.425589654492796, 0.49998533865346 ], [ 39.6671216913237, 65.397875628113979, 0.49998533865346 ], [ 39.672975477631553, 65.377601638523629, 0.49998533865346 ], [ 39.6812875001051, 65.352932445370243, 0.49998533865346 ], [ 39.696139630381367, 65.329459973378107, 0.49998533865346 ], [ 39.729921719015692, 65.305633699899772, 0.49998533865346 ], [ 39.758632260651211, 65.292638553277357, 0.49998533865346 ], [ 39.786488679659669, 65.271988832580973, 0.49998533865346 ], [ 39.786488679688773, 65.27198883255187, 0.49998533865346 ], [ 39.834114995115669, 65.268945032381453, 0.49998533865346 ], [ 39.842977997061098, 65.260256604437018, 0.49998533865346 ], [ 39.87989920466498, 65.219423057467793, 0.49998533865346 ], [ 39.930528637865791, 65.197252871832461, 0.49998533865346 ], [ 39.941939087555511, 65.189209424192086, 0.49998533865346 ], [ 39.954545398170012, 65.156781156169018, 0.49998533865346 ], [ 39.96242539800005, 65.12807828214136, 0.49998533865346 ], [ 39.969222516243462, 65.115482345310738, 0.49998533865346 ], [ 39.969222516214359, 65.115482345310738, 0.49998533865346 ], [ 40.007023145502899, 65.085800240747631, 0.49998533865346 ], [ 40.028029819222866, 65.078340368316276, 0.49998533865346 ], [ 40.028029819222866, 65.078340368316276, 0.49998533865346 ], [ 40.067463347106241, 65.04051423681085, 0.49998533865346 ], [ 40.071811673595221, 65.034429392966558, 0.49998533865346 ], [ 40.095955492157373, 64.990798090118915, 0.49998533865346 ], [ 40.092196164114284, 64.984471400326584, 0.49998533865346 ], [ 40.034753336716676, 64.92335619548976, 0.49998533865346 ], [ 40.023722395053483, 64.916060625662794, 0.49998533865346 ], [ 40.00659951333364, 64.887997691737837, 0.49998533865346 ], [ 39.993113923497731, 64.868403822401888, 0.49998533865346 ], [ 39.956122324598255, 64.831487334900885, 0.49998533865346 ], [ 39.952684510921245, 64.830091277413885, 0.49998533865346 ], [ 39.950855565693928, 64.829648443715996, 0.49998533865346 ], [ 39.881170917491545, 64.802377563508344, 0.49998533865346 ], [ 39.864964269960183, 64.785518229327863, 0.49998533865346 ], [ 39.826056826888816, 64.768859977339162, 0.49998533865346 ], [ 39.795826754474547, 64.755606095684925, 0.49998533865346 ], [ 39.774606502527604, 64.763907244880102, 0.49998533865346 ], [ 39.720324485213496, 64.729156805027742, 0.49998533865346 ], [ 39.720012758480152, 64.727413229993545, 0.49998533865346 ], [ 39.708884996274719, 64.722416019605589, 0.49998533865346 ], [ 39.66111792139418, 64.71894981522928, 0.49998533865346 ], [ 39.631190674786922, 64.7130447106465, 0.49998533865346 ], [ 39.618107383445022, 64.710356450785184, 0.49998533865346 ], [ 39.569109415402636, 64.703092834664858, 0.49998533865346 ], [ 39.550359303568257, 64.700635895031155, 0.49998533865346 ], [ 39.479069587643608, 64.690830452978844, 0.49998533865346 ], [ 39.479069587614504, 64.690830452978844, 0.49998533865346 ], [ 39.462266337053734, 64.688830005543423, 0.49998533865346 ], [ 39.428008352435427, 64.690081570253824, 0.49998533865346 ], [ 39.391591181993135, 64.696205571031896, 0.49998533865346 ], [ 39.37982736689446, 64.698632137544337, 0.49998533865346 ], [ 39.357440183550352, 64.705312026489992, 0.49998533865346 ], [ 39.31702180042339, 64.69763610161317, 0.49998533865346 ], [ 39.285889851686079, 64.704527679365128, 0.49998533865346 ], [ 39.269439336683718, 64.697878718463471, 0.49998533865346 ], [ 39.231515069986926, 64.703016134124482, 0.49998533865346 ], [ 39.165654360112967, 64.704779760635574, 0.49998533865346 ], [ 39.157756652959506, 64.706202066488913, 0.49998533865346 ], [ 39.137042194168316, 64.709317828965141, 0.49998533865346 ], [ 39.076603771434748, 64.727035171978059, 0.49998533865346 ], [ 39.072557781808428, 64.728777857468231, 0.49998533865346 ], [ 39.001346352466499, 64.750323159358231, 0.49998533865346 ], [ 38.991967999259941, 64.752572799319751, 0.49998533865346 ], [ 38.991967999230837, 64.752572799319751, 0.49998533865346 ], [ 38.908495986339403, 64.766201036371058, 0.49998533865346 ], [ 38.899533842966775, 64.76828081982967, 0.49998533865346 ], [ 38.869513126905076, 64.772180893822224, 0.280285338653584 ], [ 38.805517862710985, 64.780494694961817, 0.49998533865346 ], [ 38.798906772644841, 64.780804134061327, 0.49998533865346 ], [ 38.766738870879635, 64.786754325265065, 0.324285338653453 ], [ 38.70661528155324, 64.797875562042464, 0.49998533865346 ], [ 38.702287509804592, 64.799345464634825, 0.49998533865346 ], [ 38.698198553771363, 64.799390345462598, 0.49998533865346 ], [ 38.677149028415442, 64.824118386328337, 0.49998533865346 ], [ 38.637728647139738, 64.825487156849704, 0.49998533865346 ], [ 38.587073340866482, 64.834281772433314, 0.49998533865346 ], [ 38.555678597127553, 64.8491564715805, 0.49998533865346 ], [ 38.492366274353117, 64.862120153964497, 0.49998533865346 ], [ 38.44526744018367, 64.869831154428539, 0.49998533865346 ], [ 38.411144063953543, 64.877418805190246, 0.49998533865346 ], [ 38.348776589118643, 64.872165738677722, 0.49998533865346 ], [ 38.334006880701054, 64.868632115918444, 0.49998533865346 ], [ 38.334006880701054, 64.868632115947548, 0.49998533865346 ], [ 38.325725709844846, 64.87317987458664, 0.49998533865346 ], [ 38.239693144292687, 64.879909668292385, 0.49998533865346 ], [ 38.230023755080765, 64.876748776907334, 0.49998533865346 ], [ 38.203866084018955, 64.885046400726424, 0.49998533865346 ], [ 38.138605275729788, 64.877037744838162, 0.49998533865346 ], [ 38.119618376134895, 64.88078977126861, 0.49998533865346 ], [ 38.021836723914021, 64.902452127178549, 0.49998533865346 ], [ 38.015046796921524, 64.904445344451233, 0.49998533865346 ], [ 38.009028571133967, 64.905555408549844, 0.49998533865346 ], [ 37.924540361971594, 64.924585085347644, 0.49998533865346 ], [ 37.913369522007997, 64.928181949391728, 0.49998533865346 ], [ 37.908055044856155, 64.927075897096074, 0.469585338653587 ], [ 37.866961931693368, 64.946671841855277, 0.560085338653607 ], [ 37.848602430676692, 64.955426879867446, 0.565585338653591 ], [ 37.844258847064339, 64.957498191040941, 0.567885338653468 ], [ 37.824757420588867, 64.966797775487066, 0.568685338653495 ], [ 37.787053441425087, 64.984777554462198, 0.518485338653591 ], [ 37.777836092602229, 64.989173002875759, 0.510285338653603 ], [ 37.735445840007742, 65.009387510435772, 0.419085338653531 ], [ 37.70667699247133, 65.023106421082048, 0.130985338653545 ], [ 37.690854895947268, 65.03065145490109, 0.181485338653602 ], [ 37.642430331863579, 65.053743525815662, 0.36158533865364 ], [ 37.597590174220386, 65.075126311960048, 0.537085338653469 ], [ 37.577286912273848, 65.084808265193715, 0.644285338653617 ], [ 37.52812499999709, 65.108251953017316, 0.801385338653517 ], [ 37.505433111902676, 65.113292687601643, 0.788385338653598 ], [ 37.502814621548168, 65.113874354283325, 0.783385338653488 ], [ 37.458246526482981, 65.123774629551917, 0.459885338653521 ], [ 37.413478860544274, 65.133719237099285, 0.7751853386535 ], [ 37.405690679763211, 65.135449289373355, 0.775085338653525 ], [ 37.319034580868902, 65.154698916943744, 0.813885338653563 ], [ 37.312645402431372, 65.156118197381147, 0.810085338653607 ], [ 37.269015491692699, 65.165810066086124, 0.455685338653666 ], [ 37.222025421768194, 65.176248354429845, 0.881385338653445 ], [ 37.2199703859078, 65.176704856348806, 0.883785338653524 ], [ 37.173965466092341, 65.186924305235152, 0.529385338653583 ], [ 37.140820313012227, 65.194287108999561, 0.858685338653459 ], [ 37.1286399315577, 65.194503678416368, 0.933985338653656 ], [ 37.12612819505739, 65.194548337545712, 0.934085338653631 ], [ 37.124125406029634, 65.194583947479259, 0.933585338653529 ], [ 37.068978294686531, 65.195564473193372, 0.447385338653476 ], [ 37.050195313015138, 65.195898438003496, 0.579385338653537 ], [ 37.028023229227983, 65.19278089288855, 0.662285338653646 ], [ 37.006216691705049, 65.189714746025857, 0.647085338653596 ], [ 36.960279254810303, 65.183255631331122, 0.349085338653595 ], [ 36.939042899131891, 65.180269655917073, 0.544785338653583 ], [ 36.895963211747585, 65.174212360143429, 0.514885338653585 ], [ 36.895051755971508, 65.174084203274106, 0.506785338653572 ], [ 36.888031214504736, 65.187639251016662, 0.49998533865346 ], [ 36.8577478742518, 65.197661689278902, 0.49998533865346 ], [ 36.796315666899318, 65.205045884067658, 0.49998533865346 ], [ 36.796315666855662, 65.205045884067658, 0.49998533865346 ], [ 36.787897902424447, 65.148305835784413, 0.49998533865346 ], [ 36.787611363208271, 65.144698263204191, 0.49998533865346 ], [ 36.79157323713298, 65.139243691810407, 0.49998533865346 ], [ 36.769928792025894, 65.104877881865832, 0.49998533865346 ], [ 36.769499596222886, 65.104513898593723, 0.49998533865346 ], [ 36.768268942425493, 65.102110832551261, 0.49998533865346 ], [ 36.728433827083791, 65.075575719834887, 0.49998533865346 ], [ 36.691064966580598, 65.058823686966207, 0.49998533865346 ], [ 36.68026104006276, 65.052333035855554, 0.49998533865346 ], [ 36.6744894781732, 65.049526561793755, 0.49998533865346 ], [ 36.649359167495277, 65.040244238669402, 0.49998533865346 ], [ 36.620627132768277, 65.029184417478973, 0.49998533865346 ], [ 36.539068987316568, 65.005340209492715, 0.49998533865346 ], [ 36.537094351515407, 65.005029950363678, 0.49998533865346 ], [ 36.533538751973538, 65.003998257467174, 0.49998533865346 ], [ 36.522195941826794, 65.000328607246047, 0.49998533865346 ], [ 36.468802133924328, 64.982486156732193, 0.49998533865346 ], [ 36.448548688858864, 64.974902595989988, 0.49998533865346 ], [ 36.404447870721924, 64.960440489769098, 0.49998533865346 ], [ 36.368181045836536, 64.942259445539094, 0.49998533865346 ], [ 36.305219319256139, 64.948543369406252, 0.49998533865346 ], [ 36.299420812822063, 64.948826667416142, 0.49998533865346 ], [ 36.293463593232445, 64.948216715361923, 0.49998533865346 ], [ 36.256891035329318, 64.9407064847328, 0.49998533865346 ], [ 36.256891035300214, 64.9407064847328, 0.49998533865346 ], [ 36.225035496303462, 64.937692946012248, 0.49998533865346 ], [ 36.193850111827487, 64.952004005812341, 0.49998533865346 ], [ 36.168454412239953, 64.967590734595433, 0.507685338653573 ], [ 36.15898083007778, 64.973405189739424, 0.49998533865346 ], [ 36.158980830034125, 64.973405189739424, 0.49998533865346 ], [ 36.158261174510699, 64.999690778495278, 0.49998533865346 ], [ 36.15790740227385, 65.00172728675534, 0.49998533865346 ], [ 36.180804168092436, 65.051462792718667, 0.49998533865346 ], [ 36.180804168092436, 65.05146279274777, 0.49998533865346 ], [ 36.205162091355305, 65.068932934809709, 0.49998533865346 ], [ 36.21484280306322, 65.074390070018126, 0.49998533865346 ], [ 36.215177166464855, 65.074623901891755, 0.49998533865346 ], [ 36.247135910176439, 65.09608116952586, 0.49998533865346 ], [ 36.247230634849984, 65.096761502383742, 0.49998533865346 ], [ 36.248522772933939, 65.096094361288124, 0.49998533865346 ], [ 36.252451210850268, 65.115812999254558, 0.304785338653573 ], [ 36.252643653031555, 65.116778955052723, 0.296185338653459 ], [ 36.25608991777699, 65.134077343958779, 0.49998533865346 ], [ 36.256089917806094, 65.134077344249818, 0.49998533865346 ], [ 36.255952979510766, 65.134374690707773, 0.49998533865346 ], [ 36.256053423639969, 65.134429805068066, 0.49998533865346 ], [ 36.256496538670035, 65.135068004572531, 0.49998533865346 ], [ 36.262975018194993, 65.155808670941042, 0.380285338653493 ], [ 36.263606080567115, 65.157828999057529, 0.49998533865346 ], [ 36.263606080538011, 65.157828999086632, 0.49998533865346 ], [ 36.246103537094314, 65.169302819325821, 0.49998533865346 ], [ 36.234715716433129, 65.17702046217164, 0.49998533865346 ], [ 36.209478319404298, 65.175860331000877, 0.823185338653502 ], [ 36.20598377638089, 65.175699691273621, 0.817885338653468 ], [ 36.203741941149929, 65.175596636967384, 0.818685338653495 ], [ 36.189721006725449, 65.17495211235655, 0.49998533865346 ], [ 36.175198412238387, 65.165881588065531, 0.49998533865346 ], [ 36.160061893795501, 65.163127009553136, 0.49998533865346 ], [ 36.143301803982467, 65.166099520109128, 0.49998533865346 ], [ 36.14330180392426, 65.166099520109128, 0.49998533865346 ], [ 36.127265707691549, 65.173879839901929, 0.49998533865346 ], [ 36.11305582060595, 65.167622548236977, 0.49998533865346 ], [ 36.088927157979924, 65.163229380064877, 0.49998533865346 ], [ 36.073801122358418, 65.16435371262196, 0.49998533865346 ], [ 36.059324970206944, 65.173402366373921, 0.49998533865346 ], [ 36.045504845897085, 65.181897785092588, 0.49998533865346 ], [ 36.033548740131664, 65.187663727483596, 0.49998533865346 ], [ 36.0187886939093, 65.194824865917326, 0.49998533865346 ], [ 36.012999602040509, 65.202417936947313, 0.49998533865346 ], [ 36.006598182095331, 65.202641458890866, 0.231085338653656 ], [ 35.984959262656048, 65.203397037039394, 0.49998533865346 ], [ 35.96969489811454, 65.19744010931754, 0.49998533865346 ], [ 35.944172639050521, 65.199822566428338, 0.49998533865346 ], [ 35.944172638977761, 65.199822566428338, 0.49998533865346 ], [ 35.940089215844637, 65.201590242228121, 0.49998533865346 ], [ 35.935486064074212, 65.203307160467375, 0.49998533865346 ], [ 35.931654073734535, 65.200487016991246, 0.49998533865346 ], [ 35.918028849861003, 65.183769864714122, 0.49998533865346 ], [ 35.915549368073698, 65.183049642349943, 0.49998533865346 ], [ 35.900274185143644, 65.171688310991158, 0.49998533865346 ], [ 35.890958836476784, 65.170433231527568, 0.49998533865346 ], [ 35.870821517048171, 65.169830007725977, 0.49998533865346 ], [ 35.867098581962637, 65.179152125230758, 0.49998533865346 ], [ 35.83633806250873, 65.189703953976277, 0.49998533865346 ], [ 35.810638883544016, 65.189507893024711, 0.49998533865346 ], [ 35.801780288296868, 65.193017721656361, 0.49998533865346 ], [ 35.797582101324224, 65.190790861292044, 0.49998533865346 ], [ 35.788913545737159, 65.191188731012517, 0.49998533865346 ], [ 35.788913545737159, 65.191188730983413, 0.49998533865346 ], [ 35.771771251878818, 65.186734738716041, 0.49998533865346 ], [ 35.771771251907921, 65.186734738686937, 0.49998533865346 ], [ 35.760358407002059, 65.188569413949153, 0.49998533865346 ], [ 35.742715806685737, 65.194962204768672, 0.49998533865346 ], [ 35.742715806656634, 65.194962204797775, 0.49998533865346 ], [ 35.730565684585599, 65.186523729789769, 0.49998533865346 ], [ 35.730565684614703, 65.186523729760665, 0.49998533865346 ], [ 35.718668702160357, 65.185616746312007, 0.49998533865346 ], [ 35.69661934490432, 65.191016443233821, 0.49998533865346 ], [ 35.683040678763064, 65.182343041771674, 0.49998533865346 ], [ 35.67819603656244, 65.181459195126081, 0.49998533865346 ], [ 35.65124111098703, 65.173889223995502, 0.49998533865346 ], [ 35.651241110856063, 65.173889223966398, 0.49998533865346 ], [ 35.643920997521491, 65.172664712939877, 0.49998533865346 ], [ 35.64119139307877, 65.171871616083081, 0.49998533865346 ], [ 35.616795646958053, 65.159418488750816, 0.49998533865346 ], [ 35.597518124399357, 65.160547211446101, 0.49998533865346 ], [ 35.584184230276151, 65.156193229049677, 0.49998533865346 ], [ 35.573693574449862, 65.151668994294596, 0.49998533865346 ], [ 35.562270488590002, 65.138498382439138, 0.49998533865346 ], [ 35.55804783734493, 65.140722049691249, 0.49998533865346 ], [ 35.528233291450306, 65.13963702582987, 0.49998533865346 ], [ 35.528233291450306, 65.139637025800766, 0.49998533865346 ], [ 35.527048260657466, 65.140827936600544, 0.49998533865346 ], [ 35.527048260657466, 65.140827936629648, 0.49998533865346 ], [ 35.526667718077078, 65.143184061846114, 0.49998533865346 ], [ 35.498402076453203, 65.142915048330906, 0.49998533865346 ], [ 35.475997568253661, 65.133825787503156, 0.578985338653638 ], [ 35.473629021333181, 65.132864894228987, 0.571585338653449 ], [ 35.472568002864136, 65.132434450788423, 0.56858533865352 ], [ 35.459814566755085, 65.127260523004225, 0.49998533865346 ], [ 35.459814566696878, 65.127260523033328, 0.49998533865346 ], [ 35.449055623961613, 65.118523600453045, 0.49998533865346 ], [ 35.434274905885104, 65.109874493675306, 0.49998533865346 ], [ 35.417322513487306, 65.103692848497303, 0.49998533865346 ], [ 35.393865444042603, 65.095595212362241, 0.49998533865346 ], [ 35.373666306448285, 65.092862561519723, 0.49998533865346 ], [ 35.347043964735349, 65.09118828776991, 0.49998533865346 ], [ 35.330091888579773, 65.083709976475802, 0.49998533865346 ], [ 35.296732099537621, 65.085322947823443, 0.49998533865346 ], [ 35.289920208946569, 65.083372020046227, 0.49998533865346 ], [ 35.248297762169386, 65.074455409892835, 0.49998533865346 ], [ 35.240015798612149, 65.073857962954207, 0.49998533865346 ], [ 35.220445571176242, 65.073923566451413, 0.49998533865346 ], [ 35.220445571147138, 65.073923566451413, 0.49998533865346 ], [ 35.202636921807425, 65.076305053895339, 0.49998533865346 ], [ 35.192582934221718, 65.07518689596327, 0.49998533865346 ], [ 35.158185719061294, 65.077068723374396, 0.49998533865346 ], [ 35.125775523818447, 65.082137007251731, 0.49998533865346 ], [ 35.120365724069416, 65.08337618218502, 0.49998533865346 ], [ 35.120365724040312, 65.08337618218502, 0.49998533865346 ], [ 35.116268289202708, 65.08481551631121, 0.49998533865346 ], [ 35.08886122982949, 65.102955872222083, 0.49998533865346 ], [ 35.064719603120466, 65.108383357350249, 0.49998533865346 ], [ 35.046767113904934, 65.108543616734096, 0.49998533865346 ], [ 35.033727471964085, 65.109688281459967, 0.49998533865346 ], [ 35.00525357760489, 65.120980363528361, 0.49998533865346 ], [ 34.97033309082326, 65.115978479356272, 0.49998533865346 ], [ 34.970333090765052, 65.115978479356272, 0.49998533865346 ], [ 34.959847479665768, 65.12374991044635, 0.49998533865346 ], [ 34.920701873925282, 65.142616333745536, 0.49998533865346 ], [ 34.918672055093339, 65.143296439695405, 0.49998533865346 ], [ 34.915398248005658, 65.144191285289708, 0.49998533865346 ], [ 34.87850457917375, 65.158304705109913, 0.49998533865346 ], [ 34.878504579144646, 65.158304705109913, 0.49998533865346 ], [ 34.874886520803557, 65.171111026429571, 0.49998533865346 ], [ 34.851234047353501, 65.197527612821432, 0.49998533865346 ], [ 34.833610815257998, 65.199942669525626, 0.49998533865346 ], [ 34.814791430049809, 65.207804606470745, 0.49998533865346 ], [ 34.794231459658477, 65.235507718229201, 0.49998533865346 ], [ 34.769077986085904, 65.258126635002554, 0.49998533865346 ], [ 34.752165652724216, 65.269369308793102, 0.49998533865346 ], [ 34.727952082976117, 65.297629481719923, 0.49998533865346 ], [ 34.710664151614765, 65.30841018477804, 0.49998533865346 ], [ 34.714373009090195, 65.327580220531672, 0.49998533865346 ], [ 34.735084391140845, 65.345778778151725, 0.49998533865346 ], [ 34.752695654897252, 65.369215905680903, 0.49998533865346 ], [ 34.797407955527888, 65.388202509071562, 0.49998533865346 ], [ 34.811186822480522, 65.397451857847045, 0.49998533865346 ], [ 34.817452646952006, 65.411916838158504, 0.49998533865346 ], [ 34.813449865454459, 65.428826769944862, 0.49998533865346 ], [ 34.808182979788398, 65.461530716042034, 0.49998533865346 ], [ 34.824911171672284, 65.482934823201504, 0.49998533865346 ], [ 34.829095579640125, 65.488524393324042, 0.49998533865346 ], [ 34.864696279721102, 65.521256507388898, 0.49998533865346 ], [ 34.881646217370871, 65.55649807905138, 0.49998533865346 ], [ 34.881826690529124, 65.561748036707286, 0.49998533865346 ], [ 34.891583312652074, 65.594498695441871, 0.49998533865346 ], [ 34.891614068052149, 65.594552067690529, 0.49998533865346 ], [ 34.891684899164829, 65.594582042016555, 0.49998533865346 ], [ 34.892032240546541, 65.594751693977742, 0.49998533865346 ], [ 34.945557123501203, 65.613644801094779, 0.49998533865346 ], [ 34.994340174322133, 65.637586563418154, 0.49998533865346 ], [ 35.01315535743197, 65.644120870420011, 0.49998533865346 ], [ 35.018082074544509, 65.645867866100161, 0.49998533865346 ], [ 35.066329794179182, 65.674418238719227, 0.49998533865346 ], [ 35.0578472053312, 65.723859418969369, 0.49998533865346 ], [ 35.0578472053312, 65.723859418969369, 0.49998533865346 ], [ 35.054825841376442, 65.73083864270302, 0.54928533865359 ], [ 35.042820371920243, 65.75857077218825, 0.617085338653624 ], [ 35.028108006750699, 65.792555716951028, 0.49998533865346 ], [ 35.027911283264984, 65.802016587462276, 0.49998533865346 ], [ 35.027911283264984, 65.802016587462276, 0.49998533865346 ], [ 35.017832982644904, 65.80873084772611, 0.49998533865346 ], [ 34.952442120120395, 65.82681887425133, 0.49998533865346 ], [ 34.947675557807088, 65.830692527291831, 0.49998533865346 ], [ 34.931511654358474, 65.841772290659719, 0.49998533865346 ], [ 34.917689657377196, 65.855186943066656, 0.49998533865346 ], [ 34.916543079627445, 65.856571258904296, 0.49998533865346 ], [ 34.916384294236195, 65.857511574271484, 0.49998533865346 ], [ 34.914519119789475, 65.86067325748445, 0.49998533865346 ], [ 34.899267295128084, 65.903168000746518, 0.49998533865346 ], [ 34.869293692769133, 65.923546280449955, 0.49998533865346 ], [ 34.839748432612396, 65.935601957389736, 0.49998533865346 ], [ 34.795654635643587, 65.961277858848916, 0.49998533865346 ], [ 34.768422613517032, 65.963989145151572, 0.49998533865346 ], [ 34.768422613487928, 65.963989145151572, 0.49998533865346 ], [ 34.737791547275265, 65.9882681495219, 0.49998533865346 ], [ 34.737791547275265, 65.988268149492797, 0.49998533865346 ], [ 34.719898471346823, 66.020382115122629, 0.49998533865346 ], [ 34.660269308660645, 66.055371363006998, 0.49998533865346 ], [ 34.656795876682736, 66.05625429986685, 0.49998533865346 ], [ 34.602729817750514, 66.087105118247564, 0.49998533865346 ], [ 34.602729817503132, 66.087105118378531, 0.49998533865346 ], [ 34.595939618651755, 66.101372504956089, 0.49998533865346 ], [ 34.563408246147446, 66.1556636239402, 0.49998533865346 ], [ 34.556038073147647, 66.189753828497487, 0.49998533865346 ], [ 34.548954739846522, 66.211141032908927, 0.49998533865346 ], [ 34.553353503812104, 66.255348210703232, 0.49998533865346 ], [ 34.553384178201668, 66.260842738571228, 0.49998533865346 ], [ 34.560417303830036, 66.270951995102223, 0.49998533865346 ], [ 34.560417303830036, 66.270951995102223, 0.49998533865346 ], [ 34.580567579701892, 66.305177457164973, 0.49998533865346 ], [ 34.634910363747622, 66.33257907773077, 0.49998533865346 ], [ 34.634910363776726, 66.332579077759874, 0.49998533865346 ], [ 34.667888824100373, 66.346470385484281, 0.49998533865346 ], [ 34.707959184917854, 66.358078343022498, 0.49998533865346 ], [ 34.750179783586645, 66.370279783397564, 0.49998533865346 ], [ 34.757160822307924, 66.373040134756593, 0.49998533865346 ], [ 34.84701531995961, 66.390487595665036, 0.49998533865346 ], [ 34.849445993022528, 66.391046654011006, 0.49998533865346 ], [ 34.943194660867448, 66.403242767293705, 0.49998533865346 ], [ 34.964999668038217, 66.40617309170193, 0.49998533865346 ], [ 35.043609290660243, 66.410533837624826, 0.49998533865346 ], [ 35.102634335140465, 66.414096698223148, 0.49998533865346 ], [ 35.141231435991358, 66.412536026371527, 0.49998533865346 ], [ 35.183781947431271, 66.412391489051515, 0.49998533865346 ], [ 35.234732672848622, 66.411714537112857, 0.49998533865346 ], [ 35.274679641690454, 66.41216774636996, 0.49998533865346 ], [ 35.274679641748662, 66.41216774636996, 0.49998533865346 ], [ 35.322756855734042, 66.399897859213524, 0.49998533865346 ], [ 35.326149443528266, 66.398386669126921, 0.49998533865346 ], [ 35.365883049715194, 66.388537045248086, 0.261385338653554 ], [ 35.414600879725185, 66.376460308514652, 0.49998533865346 ], [ 35.426239374195575, 66.373492832732154, 0.49998533865346 ], [ 35.465392748694285, 66.366833406951628, 0.260085338653653 ], [ 35.515557715378236, 66.358301067710272, 0.49998533865346 ], [ 35.533551092463313, 66.355451539624482, 0.49998533865346 ], [ 35.572735176800052, 66.351056424362469, 0.262985338653607 ], [ 35.623619268095354, 66.345348968097824, 0.49998533865346 ], [ 35.650615709804697, 66.345862120302627, 0.49998533865346 ], [ 35.650615709833801, 66.345862120302627, 0.49998533865346 ], [ 35.685078899783548, 66.342543513776036, 0.353485338653627 ], [ 35.730332970939344, 66.338185807588161, 0.49998533865346 ], [ 35.730332970968448, 66.338185807588161, 0.49998533865346 ], [ 35.762125575420214, 66.334507260879036, 0.49998533865346 ], [ 35.795511534364778, 66.331625413804431, 0.355885338653479 ], [ 35.8410415591934, 66.327695301457425, 0.49998533865346 ], [ 35.870712809730321, 66.322926997439936, 0.49998533865346 ], [ 35.906459417717997, 66.319293843669584, 0.286785338653544 ], [ 35.955607940952177, 66.314298568497179, 0.49998533865346 ], [ 35.979614828509511, 66.310300530676614, 0.49998533865346 ], [ 36.014662927598692, 66.306560798737337, 0.267685338653564 ], [ 36.066027619526722, 66.301080039847875, 0.49998533865346 ], [ 36.066027619555825, 66.301080039847875, 0.49998533865346 ], [ 36.094614704794367, 66.301207167387474, 0.49998533865346 ], [ 36.126514323041192, 66.297720296861371, 0.33618533865365 ], [ 36.172352020774269, 66.292709888381069, 0.49998533865346 ], [ 36.210617917618947, 66.294012959639076, 0.49998533865346 ], [ 36.234453467419371, 66.29127404600149, 0.422785338653512 ], [ 36.268798131364747, 66.287327543017454, 0.49998533865346 ], [ 36.311738299264107, 66.272810436857981, 0.49998533865346 ], [ 36.343867080460768, 66.269351830182131, 0.27758533865358 ], [ 36.391800538112875, 66.264191877940902, 0.49998533865346 ], [ 36.424492786652991, 66.262954185862327, 0.49998533865346 ], [ 36.452597837080248, 66.260794396337587, 0.344885338653512 ], [ 36.49638708254497, 66.257429323071847, 0.49998533865346 ], [ 36.534140534407925, 66.25087070884183, 0.49998533865346 ], [ 36.564449357334524, 66.25002285928349, 0.261285338653579 ], [ 36.618029093937366, 66.248524036447634, 0.49998533865346 ], [ 36.649960011796793, 66.249987235569279, 0.49998533865346 ], [ 36.679067539065727, 66.249688365816837, 0.286585338653595 ], [ 36.739116339507746, 66.249071797821671, 0.49998533865346 ], [ 36.770217697354383, 66.24742415327637, 0.49998533865346 ], [ 36.790968567293021, 66.245928519681911, 0.267885338653514 ], [ 36.862932165851817, 66.240741692527081, 0.288785338653497 ], [ 36.88989919568121, 66.238798024816788, 0.49998533865346 ], [ 36.921090168209048, 66.235434178757714, 0.49998533865346 ], [ 36.974846712342696, 66.230172880852479, 0.286985338653494 ], [ 37.000726343350834, 66.227639971577446, 0.49998533865346 ], [ 37.033486426764284, 66.224225625992403, 0.49998533865346 ], [ 37.033486426837044, 66.224225625992403, 0.49998533865346 ], [ 37.105935961721116, 66.218612936267164, 0.49998533865346 ], [ 37.139203486542101, 66.214559636588092, 0.49998533865346 ], [ 37.199566155395587, 66.202419266584911, 0.49998533865346 ], [ 37.24470325569564, 66.196062921590055, 0.49998533865346 ], [ 37.300087197232642, 66.186072635027813, 0.49998533865346 ], [ 37.340287932820502, 66.173672545060981, 0.49998533865346 ], [ 37.397168056617375, 66.160973821184598, 0.49998533865346 ], [ 37.434405422856798, 66.148224027216202, 0.49998533865346 ], [ 37.489596849336522, 66.134706887140055, 0.49998533865346 ], [ 37.530454376756097, 66.122605859622126, 0.49998533865346 ], [ 37.583959440307808, 66.111170867327019, 0.49998533865346 ], [ 37.63132376599242, 66.100561219223891, 0.49998533865346 ], [ 37.657578113896307, 66.09762367985968, 0.247785338653557 ], [ 37.684190796629991, 66.094646047204151, 0.444785338653446 ], [ 37.74402618984459, 66.087951200868702, 0.735485338653461 ], [ 37.765600885919412, 66.085537257124088, 0.6501853386535 ], [ 37.792082421627128, 66.082574298197869, 0.747885338653532 ], [ 37.850149388817954, 66.0760773170623, 0.49998533865346 ], [ 37.873536696759402, 66.074191977764713, 0.285285338653466 ], [ 37.901856604381464, 66.071909002988832, 0.49998533865346 ], [ 37.966094887422514, 66.069493802337092, 0.49998533865346 ], [ 37.985142778081354, 66.068352941932972, 0.346285338653615 ], [ 38.008921868356992, 66.06692870950792, 0.49998533865346 ], [ 38.008921868386096, 66.06692870950792, 0.49998533865346 ], [ 38.073188675931306, 66.062758854357526, 0.49998533865346 ], [ 38.094644034543307, 66.061284535026061, 0.307185338653653 ], [ 38.122176204196876, 66.059392643583124, 0.49998533865346 ], [ 38.12217620422598, 66.059392643583124, 0.49998533865346 ], [ 38.185744953691028, 66.054561486293096, 0.508585338653575 ], [ 38.204096914836555, 66.053166756784776, 0.357385338653557 ], [ 38.226791727240197, 66.051441975214402, 0.49998533865346 ], [ 38.29239086349844, 66.05816267717455, 0.49998533865346 ], [ 38.334824936784571, 66.056059097201796, 0.49998533865346 ], [ 38.40093905867252, 66.040233283536509, 0.49998533865346 ], [ 38.423315215812181, 66.040385338885244, 0.298485338653563 ], [ 38.455558883128106, 66.040604448047816, 0.49998533865346 ], [ 38.524885898004868, 66.052977139494033, 0.545985338653509 ], [ 38.535945536510553, 66.054950937090325, 0.481485338653556 ], [ 38.546449353249045, 66.056825537962141, 0.49998533865346 ], [ 38.62568469895632, 66.046475880779326, 0.49998533865346 ], [ 38.647136782994494, 66.047171166428598, 0.294685338653608 ], [ 38.685158812775626, 66.048403502209112, 0.49998533865346 ], [ 38.743211551685818, 66.051089159343974, 0.49998533865346 ], [ 38.756738447438693, 66.053408064661198, 0.267285338653664 ], [ 38.795805134388502, 66.060105236683739, 0.49998533865346 ], [ 38.841586195980199, 66.069717063073767, 0.61588533865347 ], [ 38.856002909858944, 66.072743881260976, 0.431685338653551 ], [ 38.886085422491306, 66.07905976557231, 0.49998533865346 ], [ 38.944590197963407, 66.080895560429781, 0.49998533865346 ], [ 38.967330481507815, 66.082485542705399, 0.312185338653535 ], [ 39.003452893841313, 66.085011192641105, 0.49998533865346 ], [ 39.003452893870417, 66.085011192641105, 0.49998533865346 ], [ 39.054284887839458, 66.083837476544431, 0.49998533865346 ], [ 39.078744492784608, 66.085758972432814, 0.270185338653619 ], [ 39.117417260247748, 66.088797024887754, 0.49998533865346 ], [ 39.161645273081376, 66.094968273668201, 0.49998533865346 ], [ 39.18441099813208, 66.098616384100751, 0.27758533865358 ], [ 39.224893303296994, 66.1051035009732, 0.49998533865346 ], [ 39.260702110448619, 66.115546576053021, 0.49998533865346 ], [ 39.328730862165685, 66.126352975436021, 0.49998533865346 ], [ 39.328730862223892, 66.126352975436021, 0.49998533865346 ], [ 39.364647363865515, 66.131654443728621, 0.49998533865346 ], [ 39.397921732044779, 66.138669170424691, 0.49998533865346 ], [ 39.454956471352489, 66.147306240862235, 0.306885338653501 ], [ 39.475099294329993, 66.150356574449688, 0.49998533865346 ], [ 39.502830384037225, 66.153239017454325, 0.49998533865346 ], [ 39.562457616266329, 66.157507046576939, 0.32468533865358 ], [ 39.593697606527712, 66.159743158888887, 0.49998533865346 ], [ 39.613986345328158, 66.16185641316406, 0.49998533865346 ], [ 39.613986345357262, 66.16185641316406, 0.49998533865346 ], [ 39.67304918008449, 66.169240484421607, 0.317485338653569 ], [ 39.704387190999114, 66.173158381468966, 0.49998533865346 ], [ 39.70438719104277, 66.173158381468966, 0.49998533865346 ], [ 39.725579871112132, 66.17581325606443, 0.49998533865346 ], [ 39.782984040415613, 66.181657238208572, 0.320385338653523 ], [ 39.809380932420027, 66.184344551118556, 0.49998533865346 ], [ 39.809380932420027, 66.184344551118556, 0.49998533865346 ], [ 39.829054248853936, 66.188843109222944, 0.49998533865346 ], [ 39.88685878875549, 66.20181068337115, 0.315085338653489 ], [ 39.90990239988605, 66.206980168935843, 0.49998533865346 ], [ 39.923739331381512, 66.209171248498023, 0.49998533865346 ], [ 39.992670572013594, 66.218814479230787, 0.322585338653653 ], [ 40.017606261797482, 66.222302891852451, 0.49998533865346 ], [ 40.029496843562811, 66.226172191498335, 0.49998533865346 ], [ 40.104081059806049, 66.248766816934221, 0.49998533865346 ], [ 40.108924804764683, 66.25089346585446, 0.49998533865346 ], [ 40.177493014925858, 66.272723698188202, 0.49998533865346 ], [ 40.194162779283943, 66.276376202280517, 0.49998533865346 ], [ 40.199305929127149, 66.277792033914011, 0.49998533865346 ], [ 40.285318089081557, 66.303466858822503, 0.49998533865346 ], [ 40.308518519959762, 66.310711460522725, 0.49998533865346 ], [ 40.385335691229557, 66.332952396260225, 0.49998533865346 ], [ 40.405249504445237, 66.339615468663396, 0.49998533865346 ], [ 40.484441940701799, 66.367854720781907, 0.49998533865346 ], [ 40.487846540869214, 66.369160897345864, 0.49998533865346 ], [ 40.56428914766002, 66.399987787779537, 0.49998533865346 ], [ 40.564289148067473, 66.399987787939608, 0.49998533865346 ], [ 40.568609281050158, 66.401651541003957, 0.49998533865346 ], [ 40.568609281079262, 66.401651541003957, 0.49998533865346 ], [ 40.568653905313113, 66.401674921013182, 0.49998533865346 ], [ 40.636092110580648, 66.433148774231086, 0.49998533865346 ] ], [ [ 39.534919702622574, 66.058696244566818, 0.99998533865346 ], [ 39.478042275077314, 66.049155913438881, 0.99998533865346 ], [ 39.43460812162084, 66.055482286785264, 0.99998533865346 ], [ 39.413833530779812, 66.055450307903811, 0.99998533865346 ], [ 39.368769490378327, 66.056663508992642, 0.99998533865346 ], [ 39.346754366153618, 66.054371498408727, 0.99998533865346 ], [ 39.332375882964698, 66.056093720108038, 0.99998533865346 ], [ 39.291549517889507, 66.052226050233003, 0.99998533865346 ], [ 39.231448136080871, 66.053280342719518, 1.004985338653569 ], [ 39.222705801468692, 66.053433699897141, 0.943085338653646 ], [ 39.213485444299295, 66.053595442484948, 0.99998533865346 ], [ 39.171769338398008, 66.049031484813895, 0.99998533865346 ], [ 39.130657703397446, 66.051478306151694, 0.99998533865346 ], [ 39.101108697112068, 66.050856506975833, 0.80578533865355 ], [ 39.077491552234278, 66.050359531800495, 0.99998533865346 ], [ 39.077491552263382, 66.050359531771392, 0.99998533865346 ], [ 39.052166256995406, 66.047175848376355, 0.99998533865346 ], [ 39.023993279537535, 66.049335970121319, 0.99998533865346 ], [ 38.983543902708334, 66.047094684297917, 0.783485338653463 ], [ 38.956540570274228, 66.04559843907191, 0.99998533865346 ], [ 38.939405526660266, 66.042258119239705, 0.99998533865346 ], [ 38.914722212168272, 66.044801252326579, 0.99998533865346 ], [ 38.862335155470646, 66.044063356588595, 0.770185338653619 ], [ 38.839450719955494, 66.043741018787841, 0.99998533865346 ], [ 38.834336618165253, 66.04207783624588, 0.99998533865346 ], [ 38.824987370739109, 66.043326519575203, 0.99998533865346 ], [ 38.757883798782132, 66.034925102067064, 0.553885338653572 ], [ 38.730753103402094, 66.031528318664641, 0.99998533865346 ], [ 38.723807625545305, 66.031207004431053, 0.99998533865346 ], [ 38.723807625516201, 66.031207004431053, 0.99998533865346 ], [ 38.647763565983041, 66.028742332855472, 0.589285338653553 ], [ 38.604859397921246, 66.027351761586033, 0.99998533865346 ], [ 38.596612277629902, 66.028428993784473, 0.99998533865346 ], [ 38.534214649058413, 66.025474510810454, 0.799985338653642 ], [ 38.48915916137048, 66.023341165782767, 0.99998533865346 ], [ 38.484687766234856, 66.022398896107916, 0.99998533865346 ], [ 38.420200431646663, 66.021960677739116, 0.596885338653465 ], [ 38.375448117352789, 66.02165656707075, 0.99998533865346 ], [ 38.36381192348199, 66.024441936227959, 0.99998533865346 ], [ 38.307988214073703, 66.02775075151294, 0.854285338653654 ], [ 38.268875766196288, 66.03006904720678, 0.99998533865346 ], [ 38.2510969099676, 66.028247584283235, 0.99998533865346 ], [ 38.195167867190321, 66.032995356086758, 0.640385338653459 ], [ 38.15106382551312, 66.036739312970894, 0.99998533865346 ], [ 38.140882953783148, 66.03745601978153, 0.99998533865346 ], [ 38.083521564141847, 66.041397646040423, 0.598285338653568 ], [ 38.038820794143248, 66.044469289336121, 0.99998533865346 ], [ 38.02987047280476, 66.045050017317408, 0.99998533865346 ], [ 37.971502901098575, 66.048545903264312, 0.622685338653582 ], [ 37.924748416044167, 66.051346231310163, 0.99998533865346 ], [ 37.916871568959323, 66.051642381513375, 0.99998533865346 ], [ 37.858891750322073, 66.056316353817238, 0.560385338653532 ], [ 37.811010525314487, 66.060176240309374, 0.99998533865346 ], [ 37.804725753594539, 66.062513985467376, 0.99998533865346 ], [ 37.748647838219767, 66.067697982987738, 0.804985338653523 ], [ 37.700376679102192, 66.072160302384873, 0.99998533865346 ], [ 37.700376679058536, 66.072160302384873, 0.99998533865346 ], [ 37.696337061512168, 66.071761071187211, 0.99998533865346 ], [ 37.696337061483064, 66.071761071187211, 0.99998533865346 ], [ 37.635299549045158, 66.077358362832456, 0.57488533865353 ], [ 37.59149572433671, 66.081375282461522, 0.99998533865346 ], [ 37.583200537264929, 66.08107012489927, 0.99998533865346 ], [ 37.56202276298427, 66.082161543963593, 0.99998533865346 ], [ 37.562022762955166, 66.082161543963593, 0.99998533865346 ], [ 37.49163219500042, 66.08453561058559, 0.99998533865346 ], [ 37.405777377411141, 66.087671861532726, 0.99998533865346 ], [ 37.392257204774069, 66.087879862068803, 0.99998533865346 ], [ 37.388556524150772, 66.087844543086248, 0.99998533865346 ], [ 37.381092207477195, 66.088085234892787, 0.99998533865346 ], [ 37.30012149772665, 66.090192364907125, 0.99998533865346 ], [ 37.272055684763473, 66.090310755185783, 0.99998533865346 ], [ 37.213605668730452, 66.091579820145853, 0.99998533865346 ], [ 37.213605668701348, 66.091579820145853, 0.99998533865346 ], [ 37.204055346155656, 66.09190194994153, 0.99998533865346 ], [ 37.150913343706634, 66.093272112091654, 0.99998533865346 ], [ 37.105976754974108, 66.094352333821007, 0.99998533865346 ], [ 37.084842594704241, 66.094841860627639, 0.99998533865346 ], [ 37.055068086163374, 66.095334056793945, 0.99998533865346 ], [ 37.05506808613427, 66.095334056793945, 0.99998533865346 ], [ 37.024461692271871, 66.096471407159697, 0.99998533865346 ], [ 37.002824523151503, 66.096854686038569, 0.99998533865346 ], [ 36.960083766825846, 66.098355480382452, 0.99998533865346 ], [ 36.905516286584316, 66.098853836927447, 0.99998533865346 ], [ 36.898013302547042, 66.099109077826142, 0.99998533865346 ], [ 36.893018512666458, 66.099184122038423, 0.99998533865346 ], [ 36.832196071263752, 66.101028998891707, 0.99998533865346 ], [ 36.776370468302048, 66.10097520412819, 0.99998533865346 ], [ 36.770089529192774, 66.101026099800947, 0.99998533865346 ], [ 36.762461518621421, 66.101043216185644, 0.99998533865346 ], [ 36.704120744441752, 66.102552853990346, 0.99998533865346 ], [ 36.655887357715983, 66.102156264765654, 0.99998533865346 ], [ 36.641607907600701, 66.102183908296865, 0.99998533865346 ], [ 36.624059725829284, 66.102079190910445, 0.99998533865346 ], [ 36.575765874280478, 66.102983634162229, 0.99998533865346 ], [ 36.534587215821375, 66.102510361830355, 0.99998533865346 ], [ 36.512060400375049, 66.102224348476739, 0.99998533865346 ], [ 36.482103611735511, 66.101757722717593, 0.99998533865346 ], [ 36.444800900382688, 66.102135566470679, 0.99998533865346 ], [ 36.41468227437872, 66.101829603343504, 0.99998533865346 ], [ 36.379990062880097, 66.101317720211227, 0.99998533865346 ], [ 36.330231098618242, 66.100599630866782, 0.99998533865346 ], [ 36.311307534037041, 66.100778977197479, 0.99998533865346 ], [ 36.297008029257995, 66.100727145691053, 0.99998533865346 ], [ 36.246148714664741, 66.099866985110566, 0.99998533865346 ], [ 36.181592175737023, 66.099271860846784, 0.99998533865346 ], [ 36.175734549207846, 66.098977110494161, 0.99998533865346 ], [ 36.166862156285788, 66.098811668009148, 0.99998533865346 ], [ 36.166862156256684, 66.098811668009148, 0.99998533865346 ], [ 36.110001177861704, 66.09803802872193, 0.99998533865346 ], [ 36.068280929524917, 66.097817368165124, 0.99998533865346 ], [ 36.038843006463139, 66.096039946249221, 0.99998533865346 ], [ 35.993478474381845, 66.094799173224601, 0.99998533865346 ], [ 35.993478474323638, 66.094799173224601, 0.99998533865346 ], [ 35.971728387579788, 66.094317958137253, 0.99998533865346 ], [ 35.971728387579788, 66.094317958137253, 0.99998533865346 ], [ 35.956016812924645, 66.09418498937157, 0.99998533865346 ], [ 35.897474762154161, 66.087884874083102, 0.99998533865346 ], [ 35.846016821829835, 66.084053518075962, 0.99998533865346 ], [ 35.759091275860555, 66.069445040702703, 0.99998533865346 ], [ 35.744762824571808, 66.067135289049475, 0.99998533865346 ], [ 35.739566355536226, 66.066540534535307, 0.99998533865346 ], [ 35.729524795446196, 66.06455996738805, 0.99998533865346 ], [ 35.627742868571659, 66.039898082599393, 0.99998533865346 ], [ 35.608110791246872, 66.033711620912072, 0.99998533865346 ], [ 35.544704300220474, 66.008853285267833, 0.99998533865346 ], [ 35.513255643454613, 65.986597189083113, 0.99998533865346 ], [ 35.486393869796302, 65.974914194332086, 0.99998533865346 ], [ 35.451657166006044, 65.94270570356457, 0.99998533865346 ], [ 35.437685348864761, 65.930861906119389, 0.99998533865346 ], [ 35.414583525503986, 65.900197686176398, 0.99998533865346 ], [ 35.396274926024489, 65.87580571360013, 0.99998533865346 ], [ 35.367526852991432, 65.818558814426069, 0.99998533865346 ], [ 35.362874608079437, 65.807783013166045, 0.99998533865346 ], [ 35.352658557429095, 65.767591736948816, 0.99998533865346 ], [ 35.343666506800218, 65.743688842427218, 0.99998533865346 ], [ 35.347209848827333, 65.723440956237027, 0.99998533865346 ], [ 35.343987605258008, 65.697460283714463, 0.99998533865346 ], [ 35.328729488421232, 65.652763483754825, 0.99998533865346 ], [ 35.326926656096475, 65.648549302830361, 0.99998533865346 ], [ 35.327525521614007, 65.643407095951261, 0.99998533865346 ], [ 35.326253511506366, 65.583747789482004, 0.99998533865346 ], [ 35.325891146087088, 65.581896193063585, 0.99998533865346 ], [ 35.327447687872336, 65.578820195849403, 0.99998533865346 ], [ 35.327447687872336, 65.578820195820299, 0.99998533865346 ], [ 35.348387979291147, 65.534629409434274, 0.99998533865346 ], [ 35.350162938280846, 65.507190068034106, 0.99998533865346 ], [ 35.348308740838547, 65.461240575954434, 0.99998533865346 ], [ 35.349878921173513, 65.453172576832003, 0.99998533865346 ], [ 35.359171838092152, 65.402264866614132, 0.99998533865346 ], [ 35.364100212056655, 65.395373160004965, 0.99998533865346 ], [ 35.364100212027552, 65.395373160004965, 0.99998533865346 ], [ 35.368344734772108, 65.386410743056331, 0.99998533865346 ], [ 35.394309155788505, 65.344100639500539, 0.99998533865346 ], [ 35.40445766216726, 65.339393506510532, 0.99998533865346 ], [ 35.454535107273841, 65.311432517104549, 0.99998533865346 ], [ 35.454535107302945, 65.311432517060894, 0.99998533865346 ], [ 35.456806820162456, 65.309959400503431, 0.99998533865346 ], [ 35.458147208613809, 65.309297861138475, 0.99998533865346 ], [ 35.462011965966667, 65.307636165205622, 0.99998533865346 ], [ 35.506253538420424, 65.287340088223573, 0.99998533865346 ], [ 35.527641338456306, 65.281116333164391, 0.99998533865346 ], [ 35.562009572357056, 65.268731348696747, 0.99998533865346 ], [ 35.592477326965309, 65.25588578323368, 0.99998533865346 ], [ 35.607588835118804, 65.25097175114206, 0.99998533865346 ], [ 35.649814592776238, 65.247467905443045, 0.99998533865346 ], [ 35.665477370101144, 65.246828876202926, 0.99998533865346 ], [ 35.696672301215585, 65.244510918142623, 0.99998533865346 ], [ 35.701060545601649, 65.244738499211962, 0.99998533865346 ], [ 35.704822427738691, 65.243955244921381, 0.99998533865346 ], [ 35.733742798460298, 65.241882373054978, 0.99998533865346 ], [ 35.759043898113305, 65.237928242917405, 0.99998533865346 ], [ 35.766005903773475, 65.239231768297032, 0.99998533865346 ], [ 35.775462651785347, 65.236652791500092, 0.99998533865346 ], [ 35.795092961256159, 65.23639620844915, 0.99998533865346 ], [ 35.814604564744513, 65.23302537627751, 0.99998533865346 ], [ 35.82371027157933, 65.236236877797637, 0.99998533865346 ], [ 35.832360671134666, 65.23408195716911, 0.99998533865346 ], [ 35.832360671192873, 65.234081957125454, 0.99998533865346 ], [ 35.850815338257235, 65.238381361006759, 0.99998533865346 ], [ 35.870021893424564, 65.232715734266094, 0.99998533865346 ], [ 35.889719569167937, 65.233933681432973, 0.99998533865346 ], [ 35.898581829984323, 65.23705828753009, 0.99998533865346 ], [ 35.907076849282021, 65.234546168911038, 0.99998533865346 ], [ 35.922320068362751, 65.232235227696947, 0.99998533865346 ], [ 35.937986118384288, 65.232596916845068, 0.99998533865346 ], [ 35.941243695939193, 65.23499432382232, 0.99998533865346 ], [ 35.954063570578001, 65.230212660957477, 0.99998533865346 ], [ 35.954063570694416, 65.230212660899269, 0.99998533865346 ], [ 35.972878743239562, 65.230948113123304, 0.99998533865346 ], [ 35.982895056906273, 65.230087172472849, 0.99998533865346 ], [ 35.997372211350012, 65.234647660850897, 0.99998533865346 ], [ 36.007410403733957, 65.231534352700692, 0.99998533865346 ], [ 36.024634436398628, 65.232488522524363, 0.99998533865346 ], [ 36.03742726665223, 65.22885713512369, 0.99998533865346 ], [ 36.044951471121749, 65.226383849818376, 0.99998533865346 ], [ 36.044951471179957, 65.22638384984748, 0.99998533865346 ], [ 36.055691571207717, 65.22599741621525, 0.99998533865346 ], [ 36.087192979262909, 65.224356028527836, 0.99998533865346 ], [ 36.100104599958286, 65.223972782958299, 0.99998533865346 ], [ 36.12387175366166, 65.223081481002737, 0.99998533865346 ], [ 36.149611625995021, 65.220873471553205, 0.99998533865346 ], [ 36.163138916657772, 65.2184344198904, 0.99998533865346 ], [ 36.183033621913637, 65.214974269052618, 0.99998533865346 ], [ 36.195469758793479, 65.213319855902228, 0.99998533865346 ], [ 36.198882176962798, 65.212679760225001, 0.99998533865346 ], [ 36.224213147404953, 65.210215731392964, 0.99998533865346 ], [ 36.235111091678846, 65.216442805438419, 0.99998533865346 ], [ 36.259829074813752, 65.217846371320775, 0.99998533865346 ], [ 36.266796998854261, 65.213497242191806, 0.99998533865346 ], [ 36.28020010596083, 65.207049621880287, 0.99998533865346 ], [ 36.291878061529133, 65.211905364281847, 0.99998533865346 ], [ 36.328177945746575, 65.205724275176181, 0.99998533865346 ], [ 36.348275335491053, 65.192948277617688, 0.99998533865346 ], [ 36.370008805533871, 65.18654144500033, 0.99998533865346 ], [ 36.377782789990306, 65.183514081742032, 0.99998533865346 ], [ 36.39989653606608, 65.178478303641896, 0.99998533865346 ], [ 36.410046912336838, 65.178483987503569, 0.99998533865346 ], [ 36.423704068351071, 65.17675299772236, 0.99998533865346 ], [ 36.439209127915092, 65.177342542971019, 0.99998533865346 ], [ 36.461337655986426, 65.177443395732553, 0.99998533865346 ], [ 36.474192552865134, 65.180758625327144, 0.99998533865346 ], [ 36.495170337788295, 65.179097262807772, 0.99998533865346 ], [ 36.513390567881288, 65.180628900488955, 0.99998533865346 ], [ 36.53237459306547, 65.184306231371011, 0.99998533865346 ], [ 36.532374593094573, 65.184306231371011, 0.99998533865346 ], [ 36.551603542844532, 65.190170775807928, 0.99998533865346 ], [ 36.582328305827104, 65.190635264822049, 0.99998533865346 ], [ 36.603467452936457, 65.193110654639895, 0.99998533865346 ], [ 36.622010444509215, 65.197289031930268, 0.99998533865346 ], [ 36.653353804984363, 65.203653923759703, 0.99998533865346 ], [ 36.686391348717734, 65.202887286402984, 0.99998533865346 ], [ 36.703687257191632, 65.205075923367986, 0.99998533865346 ], [ 36.711617142529576, 65.209899657464121, 0.99998533865346 ], [ 36.715185134846251, 65.215831840585452, 0.99998533865346 ], [ 36.792928282346111, 65.23529741326638, 0.99998533865346 ], [ 36.872330335681909, 65.220969101123046, 0.99998533865346 ], [ 36.872330335740116, 65.220969101123046, 0.99998533865346 ], [ 36.875955358787905, 65.220533370767953, 0.99998533865346 ], [ 36.889078898675507, 65.216190062958049, 0.99998533865346 ], [ 36.889078898806474, 65.216190062914393, 0.99998533865346 ], [ 36.915158808056731, 65.220004143018741, 0.99998533865346 ], [ 36.946472750118119, 65.221779128347407, 0.99998533865346 ], [ 36.972975189637509, 65.22740070305008, 0.99998533865346 ], [ 36.98276157156215, 65.233751930951257, 0.99998533865346 ], [ 36.982761571591254, 65.233751930951257, 0.99998533865346 ], [ 36.988717742729932, 65.230968902047607, 0.99998533865346 ], [ 36.988717742759036, 65.230968902033055, 0.99998533865346 ], [ 37.046119744554744, 65.234174693890964, 0.99998533865346 ], [ 37.083461041256669, 65.226783777703531, 0.99998533865346 ], [ 37.091225132651743, 65.22531462884217, 0.91778533865363 ], [ 37.103943943831837, 65.222907930306974, 1.010085338653653 ], [ 37.141284779267153, 65.215842165081995, 0.99998533865346 ], [ 37.183786650683032, 65.21567536542716, 0.99998533865346 ], [ 37.195423239056254, 65.214997110277181, 0.919385338653456 ], [ 37.204555456075468, 65.214464825941832, 0.99998533865346 ], [ 37.265792570047779, 65.210992409047321, 0.99998533865346 ], [ 37.265792570222402, 65.21099240903277, 0.99998533865346 ], [ 37.298017069449998, 65.209013583415071, 0.99998533865346 ], [ 37.300459744146792, 65.208912790811155, 0.99998533865346 ], [ 37.311852752915001, 65.208332151349168, 0.99998533865346 ], [ 37.395651047394495, 65.202410927973688, 0.99998533865346 ], [ 37.456302251317538, 65.198308489445481, 0.99998533865346 ], [ 37.493940729429596, 65.194979885869543, 0.99998533865346 ], [ 37.590050065220566, 65.183887101477012, 0.99998533865346 ], [ 37.59063234180212, 65.183818181860261, 0.99998533865346 ], [ 37.590801286496571, 65.183800616112421, 0.99998533865346 ], [ 37.670815608478733, 65.172175489133224, 0.99998533865346 ], [ 37.692404828048893, 65.169454869101173, 0.99998533865346 ], [ 37.750668930981192, 65.159320011953241, 0.99998533865346 ], [ 37.792265915602911, 65.1531363944232, 0.99998533865346 ], [ 37.827549504130729, 65.146258715452859, 0.99998533865346 ], [ 37.827549504159833, 65.146258715452859, 0.99998533865346 ], [ 37.88955241451913, 65.135639841930242, 0.99998533865346 ], [ 37.899314861017046, 65.133523917422281, 0.99998533865346 ], [ 37.926494809114956, 65.128315312438644, 0.99998533865346 ], [ 37.926494809173164, 65.128315312409541, 0.99998533865346 ], [ 37.964519946195651, 65.12030242641049, 0.99998533865346 ], [ 37.980236265764688, 65.117554210490198, 0.99998533865346 ], [ 38.021553280617809, 65.108310146722943, 0.99998533865346 ], [ 38.065604751100182, 65.100127618803526, 0.99998533865346 ], [ 38.083651810738957, 65.096234715922037, 0.99998533865346 ], [ 38.123077423530049, 65.088805552950362, 0.99998533865346 ], [ 38.123077423588256, 65.088805552921258, 0.99998533865346 ], [ 38.151397142530186, 65.083297904100618, 0.99998533865346 ], [ 38.171768140469794, 65.080043141264468, 0.99998533865346 ], [ 38.24652425837121, 65.067708471935475, 0.99998533865346 ], [ 38.298878692105063, 65.059445869585034, 0.99998533865346 ], [ 38.340097595893894, 65.053041621198645, 0.99998533865346 ], [ 38.358769578218926, 65.050507578009274, 0.99998533865346 ], [ 38.411965692648664, 65.042849118748563, 0.99998533865346 ], [ 38.411965692721424, 65.042849118748563, 0.99998533865346 ], [ 38.449637099460233, 65.037502708350075, 0.99998533865346 ], [ 38.467879724164959, 65.035546471757698, 0.99998533865346 ], [ 38.530738792265765, 65.027776701870607, 0.99998533865346 ], [ 38.573793130053673, 65.022370940016117, 0.99998533865346 ], [ 38.654831979190931, 65.013401565156528, 0.99998533865346 ], [ 38.679837590228999, 65.01027116876503, 0.99998533865346 ], [ 38.786714635338285, 65.001905395503854, 0.99998533865346 ], [ 38.787521685444517, 65.001840160344727, 0.99998533865346 ], [ 38.787762797102914, 65.001831693458371, 0.99998533865346 ], [ 38.897688932091114, 64.996436451445334, 0.99998533865346 ], [ 38.940409563379944, 64.995781373392674, 0.99998533865346 ], [ 39.008898789033992, 64.9931710765959, 0.99998533865346 ], [ 39.112920608124114, 64.99563289177604, 0.99998533865346 ], [ 39.11866844096221, 64.995827550272224, 0.99998533865346 ], [ 39.120233425535844, 64.996031084403512, 0.99998533865346 ], [ 39.12308698099514, 64.99620201747166, 0.99998533865346 ], [ 39.12308698099514, 64.996202017442556, 0.99998533865346 ], [ 39.207656947357464, 65.001661113026785, 0.99998533865346 ], [ 39.207656947386567, 65.001661113026785, 0.99998533865346 ], [ 39.23749487879104, 65.005571654794039, 0.99998533865346 ], [ 39.294172165726195, 65.011717493107426, 0.99998533865346 ], [ 39.299430173472501, 65.012898111905088, 0.99998533865346 ], [ 39.311672433148487, 65.015173705454799, 0.99998533865346 ], [ 39.311672433177591, 65.015173705454799, 0.99998533865346 ], [ 39.352432882835274, 65.022546108142706, 0.99998533865346 ], [ 39.381683135419735, 65.028833651682362, 0.99998533865346 ], [ 39.408717390702805, 65.037938945402857, 0.99998533865346 ], [ 39.463452894575312, 65.057072214840446, 0.99998533865346 ], [ 39.466211924169329, 65.058410300247488, 0.99998533865346 ], [ 39.483651501577697, 65.066978109825868, 0.99998533865346 ], [ 39.526932112843497, 65.087886049092049, 0.99998533865346 ], [ 39.534943565129652, 65.091388817192637, 0.99998533865346 ], [ 39.584130510513205, 65.125527351963683, 0.99998533865346 ], [ 39.594907241800684, 65.132968345627887, 0.99998533865346 ], [ 39.638419830429484, 65.168215811427217, 0.99998533865346 ], [ 39.650084341788897, 65.179051661223639, 0.99998533865346 ], [ 39.660834311172948, 65.198348335426999, 0.99998533865346 ], [ 39.683492098192801, 65.231965714672697, 0.99998533865346 ], [ 39.694925438263454, 65.254780710223713, 0.99998533865346 ], [ 39.701837129527121, 65.28768411668716, 0.99998533865346 ], [ 39.671359260770259, 65.309179946736549, 0.99998533865346 ], [ 39.641655000232277, 65.356124890749925, 0.99998533865346 ], [ 39.639980955253122, 65.36109327703889, 0.99998533865346 ], [ 39.628273382651969, 65.401641256190487, 0.99998533865346 ], [ 39.648027725852444, 65.417174496018561, 0.99998533865346 ], [ 39.652373836259358, 65.444345788113424, 0.99998533865346 ], [ 39.670092298780219, 65.470292761398014, 0.99998533865346 ], [ 39.672625956736738, 65.486614306850242, 0.99998533865346 ], [ 39.665661119448487, 65.515487192824367, 1.103885338653527 ], [ 39.661965120787499, 65.530809036456048, 0.99998533865346 ], [ 39.693438695758232, 65.564866202083067, 0.99998533865346 ], [ 39.700638383044861, 65.573610152176116, 0.99998533865346 ], [ 39.744953263143543, 65.606790919628111, 0.99998533865346 ], [ 39.809573967126198, 65.638855679440894, 0.99998533865346 ], [ 39.817435199627653, 65.64328476790979, 0.99998533865346 ], [ 39.838383913651342, 65.645554025948513, 0.99998533865346 ], [ 39.838383913724101, 65.645554025948513, 0.99998533865346 ], [ 39.908758835037588, 65.671717393037397, 0.99998533865346 ], [ 39.908758835037588, 65.671717393037397, 0.99998533865346 ], [ 39.914000967488391, 65.674323883358738, 0.99998533865346 ], [ 39.914000967517495, 65.674323883358738, 0.99998533865346 ], [ 39.955760043580085, 65.686741026729578, 0.99998533865346 ], [ 39.955760043667397, 65.686741026758682, 0.99998533865346 ], [ 39.995507433079183, 65.713029899270623, 0.99998533865346 ], [ 40.046551099760109, 65.744266584617435, 0.99998533865346 ], [ 40.075014734233264, 65.759726549498737, 0.99998533865346 ], [ 40.123004990193294, 65.788215329768718, 0.99998533865346 ], [ 40.130578988362686, 65.839268931027618, 0.99998533865346 ], [ 40.131181879769429, 65.845391593305976, 0.99998533865346 ], [ 40.190630757380859, 65.918533266536542, 0.99998533865346 ], [ 40.203119503115886, 65.930336151766824, 0.99998533865346 ], [ 40.198171309748432, 65.944035319655086, 1.008785338653524 ], [ 40.190709574861103, 65.96469327507657, 0.99998533865346 ], [ 40.162110088305781, 66.005502140586032, 0.99998533865346 ], [ 40.145905416895403, 66.009226204856532, 0.99998533865346 ], [ 40.1278908586537, 66.010793859575642, 0.99998533865346 ], [ 40.099999264872167, 66.018131034608814, 0.99998533865346 ], [ 40.076113616654766, 66.019761518939049, 0.99998533865346 ], [ 40.059064239263535, 66.025733439499163, 0.99998533865346 ], [ 39.994783719565021, 66.030880668447935, 0.99998533865346 ], [ 39.963557221795782, 66.043531803356018, 0.99998533865346 ], [ 39.933528428315185, 66.040786197816487, 0.99998533865346 ], [ 39.883466657818644, 66.050924507289892, 0.99998533865346 ], [ 39.872409357863944, 66.05147600005148, 0.99998533865346 ], [ 39.868296976244892, 66.0529993269447, 0.99998533865346 ], [ 39.79742795524362, 66.048886806602241, 0.99998533865346 ], [ 39.759477431332925, 66.055095536910812, 0.99998533865346 ], [ 39.739014690188924, 66.052325869779452, 0.99998533865346 ], [ 39.739014690145268, 66.052325869808556, 0.99998533865346 ], [ 39.706625468199491, 66.055698786702123, 0.99998533865346 ], [ 39.667158668584307, 66.054101825488033, 0.99998533865346 ], [ 39.64973655679205, 66.057249906181823, 0.99998533865346 ], [ 39.605733020362095, 66.051906712091295, 0.99998533865346 ], [ 39.542375408040243, 66.059207067111856, 0.99998533865346 ], [ 39.53982678859029, 66.058853316208115, 0.99998533865346 ], [ 39.534919702622574, 66.058696244566818, 0.99998533865346 ] ] ] ] } },
{ "type": "Feature", "properties": { "gid": 5, "objectid": 5.0, "shape_leng": 30.853663682400001, "shape_area": 3.5984166128899999, "z_mean": 0.31056512777700002 }, "geometry": { "type": "MultiPolygon", "coordinates": [ [ [ [ 33.482031250008731, 66.764550780993886, 0.006785338653572 ], [ 33.522949218997383, 66.764355469000293, 0.031785338653663 ], [ 33.547906788953696, 66.77133484344813, 0.012485338653505 ], [ 33.552720795836649, 66.772681078553433, 0.004585338653442 ], [ 33.554282428158331, 66.77311778839794, 0.005085338653544 ], [ 33.556828313550795, 66.773829744226532, 0.006785338653572 ], [ 33.59541015602008, 66.784619141020812, 0.012685338653455 ], [ 33.634824880864471, 66.776541584462393, 0.086485338653574 ], [ 33.674876264922204, 66.76833355249255, 0.076185338653659 ], [ 33.716186816032859, 66.759867469969322, 0.06818533865362 ], [ 33.739785025332822, 66.755031311113271, 0.056985338653476 ], [ 33.759570313020959, 66.750976562994765, 0.04928533865359 ], [ 33.800716689656838, 66.737400955607882, 0.049985338653642 ], [ 33.849699209706159, 66.721239934471669, 0.002185338653589 ], [ 33.893652344006114, 66.706738281005528, 0.000485338653561 ], [ 33.919249780519749, 66.706386749472586, 0.002385338653539 ], [ 33.979895942378789, 66.705553891137242, 0.04078533865345 ], [ 34.020302274235291, 66.704998987916042, 0.003485338653491 ], [ 34.146093749994179, 66.703271484017023, 0.046385338653636 ], [ 34.181696480038227, 66.697204906333354, 0.047785338653512 ], [ 34.28995761560509, 66.67875759654271, 0.049785338653464 ], [ 34.384984656135202, 66.66256532917032, 0.031385338653536 ], [ 34.38862713285198, 66.661944664170733, 0.032185338653562 ], [ 34.451562500020373, 66.651220703002764, 0.053285338653495 ], [ 34.440581469243625, 66.639851192303468, 0.024485338653449 ], [ 34.435790278643253, 66.63489050201315, -0.00001466134654 ], [ 34.43085937500291, 66.629785155993886, 0.022185338653571 ], [ 34.427160827399348, 66.628018995674211, 0.031385338653536 ], [ 34.41261153492087, 66.621071300061885, -0.00001466134654 ], [ 34.40043286269065, 66.615255642172997, -0.00001466134654 ], [ 34.396093749994179, 66.613183594017755, -0.00001466134654 ], [ 34.40472500550095, 66.60691473071347, -0.00001466134654 ], [ 34.482617188012227, 66.550341797017609, -0.00001466134654 ], [ 34.490580311045051, 66.550920600944664, -0.00001466134654 ], [ 34.589201985305408, 66.558088970763492, 0.15038533865345 ], [ 34.610253905993886, 66.559619141000439, 0.128085338653591 ], [ 34.675060852066963, 66.575193475437118, 0.020385338653568 ], [ 34.684168902167585, 66.577382312098052, 0.011285338653579 ], [ 34.687510782241588, 66.578185429054429, 0.011185338653604 ], [ 34.757130967249395, 66.594916475834907, 0.131485338653647 ], [ 34.778212200908456, 66.599982694839127, 0.171285338653661 ], [ 34.77965158977895, 66.60032860719366, 0.172885338653487 ], [ 34.824609375005821, 66.611132813006407, 0.131885338653547 ], [ 34.876597404028871, 66.593544612274854, 0.019785338653492 ], [ 34.884049621687154, 66.591023433808004, 0.015485338653662 ], [ 34.888595534852357, 66.589485494492692, 0.020385338653568 ], [ 34.968635693192482, 66.562406907396507, 0.067485338653569 ], [ 34.974809704304789, 66.560318162184558, 0.070185338653573 ], [ 35.051035451004282, 66.534530038275989, 0.002785338653666 ], [ 35.055847288022051, 66.532902133607422, 0.000485338653561 ], [ 35.062548433968914, 66.530635052084108, -0.00001466134654 ], [ 35.195657361255144, 66.485602636414114, -0.00001466134654 ], [ 35.255690116406186, 66.465292804175988, 0.119985338653578 ], [ 35.302847403188935, 66.449338903999887, 0.078985338653638 ], [ 35.317526824117522, 66.444372672223835, 0.090585338653455 ], [ 35.363964844014845, 66.428662108999561, 0.042185338653553 ], [ 35.383230722742155, 66.424427642545197, -0.00001466134654 ], [ 35.442514795024181, 66.411397537900484, -0.00001466134654 ], [ 35.513476563006407, 66.395800781014259, -0.00001466134654 ], [ 35.545082000331604, 66.39236423705006, -0.00001466134654 ], [ 35.655817001519608, 66.380323723409674, 0.142585338653589 ], [ 35.699504521558993, 66.375573462195462, 0.170285338653457 ], [ 35.897809409201727, 66.354011239905958, 0.013185338653557 ], [ 35.90942128066672, 66.352748649995192, 0.010085338653653 ], [ 35.915086981345667, 66.352132603162318, 0.00608533865352 ], [ 35.915518311347114, 66.35208570350369, 0.003485338653491 ], [ 35.916121909511276, 66.352020072648884, 0.006185338653495 ], [ 35.922834304044954, 66.351290216000052, -0.00001466134654 ], [ 36.032368833213695, 66.339380232864642, 0.057785338653503 ], [ 36.128800910228165, 66.328894914506236, 0.105585338653555 ], [ 36.234498520134366, 66.317402129934635, 0.30338533865347 ], [ 36.340769304850255, 66.305847022507805, -0.00001466134654 ], [ 36.373437500005821, 66.302294922017609, 0.045485338653634 ], [ 36.44756616668019, 66.300660804932704, 0.147285338653546 ], [ 36.664318529117736, 66.295882643433288, 0.002985338653616 ], [ 36.667450689448742, 66.295813597069355, 0.002985338653616 ], [ 36.769921875005821, 66.293554688003496, 0.000185338653637 ], [ 36.777730713438359, 66.292787716651219, -0.00001466134654 ], [ 36.886621685072896, 66.282092623383505, -0.00001466134654 ], [ 36.983691406014259, 66.272558594020666, -0.00001466134654 ], [ 36.993703500556876, 66.271029754076153, -0.00001466134654 ], [ 36.996122082971851, 66.270660438181949, -0.00001466134654 ], [ 37.102043046121253, 66.254486379824812, -0.00001466134654 ], [ 37.155675912013976, 66.246296678000363, 0.034885338653567 ], [ 37.205292041297071, 66.238720329478383, 0.067085338653442 ], [ 37.206862329680007, 66.238480547530344, 0.067085338653442 ], [ 37.294824219003203, 66.225048827996943, 0.167185338653553 ], [ 37.305982044155826, 66.221854108021944, 0.1805853386536 ], [ 37.401129274076084, 66.194611455110135, 0.061485338653483 ], [ 37.490367695165332, 66.16906061845657, -0.00001466134654 ], [ 37.593663084524451, 66.13948497614183, 0.185885338653634 ], [ 37.628222655999707, 66.129589844014845, 0.192485338653569 ], [ 37.662802093123901, 66.125276709935861, 0.307685338653528 ], [ 37.781770401736139, 66.110437652110704, 0.512985338653607 ], [ 37.888122126241797, 66.09717227575311, 0.022485338653496 ], [ 37.900683593994472, 66.095605469003203, 0.038285338653623 ], [ 37.994961833654088, 66.089694549460546, 0.155785338653459 ], [ 38.104946428429685, 66.082798895746237, 0.038485338653572 ], [ 38.105631454163813, 66.082755947005353, 0.038485338653572 ], [ 38.105768837907817, 66.082747333523002, 0.045185338653482 ], [ 38.212329620830133, 66.076066341003752, 0.179285338653472 ], [ 38.397558594035218, 66.064453125, 0.031585338653485 ], [ 38.427248772815801, 66.064984720622306, 0.013285338653532 ], [ 38.536763637835975, 66.066945558297448, 0.408485338653463 ], [ 38.537401867390145, 66.066956985654542, 0.398885338653599 ], [ 38.64709903113544, 66.068921087367926, -0.00001466134654 ], [ 38.653906250008731, 66.069042969000293, 0.006385338653445 ], [ 38.721600842705811, 66.075756224265206, 0.069185338653597 ], [ 38.817380812892225, 66.085254699122743, 0.121585338653631 ], [ 38.8494150054903, 66.088431521711755, 0.277285338653655 ], [ 38.852472363811103, 66.088734719145577, 0.24288533865365 ], [ 38.860629394912394, 66.089543649824918, 0.271185338653595 ], [ 38.953132663911674, 66.098717175074853, 0.144085338653667 ], [ 38.959600523783593, 66.099358591076452, 0.087485338653551 ], [ 38.969182658940554, 66.100308848937857, 0.134385338653601 ], [ 39.012781480574631, 66.104632532777032, -0.00001466134654 ], [ 39.110127774620196, 66.114286339579849, -0.00001466134654 ], [ 39.181996513565537, 66.121413543849485, -0.00001466134654 ], [ 39.259617405579775, 66.129111187619856, 0.259185338653651 ], [ 39.2890625, 66.132031250017462, 0.289985338653651 ], [ 39.298150245507713, 66.133905365917599, 0.282485338653487 ], [ 39.363616563568939, 66.147406125557609, 0.213285338653577 ], [ 39.432576600971515, 66.161627375797252, 0.218885338653536 ], [ 39.457751900219591, 66.166819139645668, 0.120885338653579 ], [ 39.465481049497612, 66.168413079692982, 0.190285338653666 ], [ 39.561795822533895, 66.188275546985096, 0.03018533865361 ], [ 39.565447587985545, 66.189028630542452, 0.01478533865361 ], [ 39.56672096393595, 66.189291231887182, 0.020085338653644 ], [ 39.579919523064746, 66.192013098319876, 0.000185338653637 ], [ 39.67327805115201, 66.211265915437252, 0.020985338653645 ], [ 39.778535959820147, 66.232972676531062, 0.037485338653596 ], [ 39.874805863568326, 66.252825890682288, 0.033585338653666 ], [ 39.881500909134047, 66.254206573197735, 0.000485338653561 ], [ 40.061313739177422, 66.291288386724773, 0.000185338653637 ], [ 40.103320313006407, 66.299951171997236, -0.00001466134654 ], [ 40.120130363065982, 66.305846267772722, -0.00001466134654 ], [ 40.137459168559872, 66.311923285218654, 0.015285338653484 ], [ 40.139988722163253, 66.312810371266096, 0.01458533865366 ], [ 40.218282412868575, 66.340267089282861, 0.032085338653587 ], [ 40.224534988679807, 66.342459797393531, 0.033785338653615 ], [ 40.299302085011732, 66.368679778359365, 0.069185338653597 ], [ 40.30975621221296, 66.372345923373359, 0.062885338653587 ], [ 40.331303094513714, 66.379902173008304, 0.014485338653458 ], [ 40.459334339117049, 66.424801292552729, 0.002485338653514 ], [ 40.519073828283581, 66.445751260485849, -0.00001466134654 ], [ 40.521582031011349, 66.446630859005381, 0.000685338653511 ], [ 40.567532752276747, 66.472604800001136, 0.008585338653575 ], [ 40.591109273795155, 66.485931580566103, 0.099185338653569 ], [ 40.60387593501946, 66.493148017994827, 0.108585338653484 ], [ 40.62390917801531, 66.455838206995395, 0.350585338653445 ], [ 40.630485327594215, 66.443590818860685, 0.429985338653523 ], [ 40.634930184940458, 66.435312738729408, 0.477085338653524 ], [ 40.636092110580648, 66.433148774231086, 0.49998533865346 ], [ 40.568653905313113, 66.401674921013182, 0.49998533865346 ], [ 40.568609281079262, 66.401651541003957, 0.49998533865346 ], [ 40.564289148067473, 66.399987787939608, 0.49998533865346 ], [ 40.487846540869214, 66.369160897345864, 0.49998533865346 ], [ 40.484441940701799, 66.367854720781907, 0.49998533865346 ], [ 40.405249504445237, 66.339615468663396, 0.49998533865346 ], [ 40.385335691229557, 66.332952396260225, 0.49998533865346 ], [ 40.308518519959762, 66.310711460522725, 0.49998533865346 ], [ 40.285318089081557, 66.303466858822503, 0.49998533865346 ], [ 40.199305929156253, 66.277792033914011, 0.49998533865346 ], [ 40.194162779283943, 66.276376202280517, 0.49998533865346 ], [ 40.177493014954962, 66.272723698188202, 0.49998533865346 ], [ 40.177493014925858, 66.272723698188202, 0.49998533865346 ], [ 40.108924804764683, 66.25089346585446, 0.49998533865346 ], [ 40.104081059806049, 66.248766816934221, 0.49998533865346 ], [ 40.029496843562811, 66.226172191498335, 0.49998533865346 ], [ 40.017606261826586, 66.222302891852451, 0.49998533865346 ], [ 39.992670572013594, 66.218814479230787, 0.322585338653653 ], [ 39.923739331381512, 66.209171248498023, 0.49998533865346 ], [ 39.90990239988605, 66.206980168935843, 0.49998533865346 ], [ 39.88685878875549, 66.20181068337115, 0.315085338653489 ], [ 39.829054248853936, 66.188843109222944, 0.49998533865346 ], [ 39.809380932420027, 66.184344551118556, 0.49998533865346 ], [ 39.782984040415613, 66.181657238208572, 0.320385338653523 ], [ 39.725579871112132, 66.17581325606443, 0.49998533865346 ], [ 39.70438719104277, 66.173158381468966, 0.49998533865346 ], [ 39.704387190999114, 66.173158381468966, 0.49998533865346 ], [ 39.67304918008449, 66.169240484421607, 0.317485338653569 ], [ 39.613986345357262, 66.16185641316406, 0.49998533865346 ], [ 39.613986345328158, 66.16185641316406, 0.49998533865346 ], [ 39.593697606527712, 66.159743158888887, 0.49998533865346 ], [ 39.562457616266329, 66.157507046576939, 0.32468533865358 ], [ 39.502830384037225, 66.153239017454325, 0.49998533865346 ], [ 39.475099294329993, 66.150356574449688, 0.49998533865346 ], [ 39.454956471352489, 66.147306240862235, 0.306885338653501 ], [ 39.397921732044779, 66.138669170424691, 0.49998533865346 ], [ 39.364647363865515, 66.131654443728621, 0.49998533865346 ], [ 39.328730862223892, 66.126352975436021, 0.49998533865346 ], [ 39.260702110448619, 66.115546576053021, 0.49998533865346 ], [ 39.224893303296994, 66.1051035009732, 0.49998533865346 ], [ 39.18441099813208, 66.098616384100751, 0.27758533865358 ], [ 39.161645273081376, 66.094968273668201, 0.49998533865346 ], [ 39.117417260247748, 66.088797024887754, 0.49998533865346 ], [ 39.078744492784608, 66.085758972432814, 0.270185338653619 ], [ 39.054284887839458, 66.083837476544431, 0.49998533865346 ], [ 39.003452893870417, 66.085011192641105, 0.49998533865346 ], [ 38.967330481507815, 66.082485542705399, 0.312185338653535 ], [ 38.944590197963407, 66.080895560429781, 0.49998533865346 ], [ 38.886085422534961, 66.07905976557231, 0.49998533865346 ], [ 38.856002909858944, 66.072743881260976, 0.431685338653551 ], [ 38.841586195980199, 66.069717063073767, 0.61588533865347 ], [ 38.795805134388502, 66.060105236683739, 0.49998533865346 ], [ 38.756738447438693, 66.053408064661198, 0.267285338653664 ], [ 38.743211551714921, 66.051089159343974, 0.49998533865346 ], [ 38.685158812775626, 66.048403502209112, 0.49998533865346 ], [ 38.647136782994494, 66.047171166428598, 0.294685338653608 ], [ 38.62568469895632, 66.046475880779326, 0.49998533865346 ], [ 38.546449353249045, 66.056825537962141, 0.49998533865346 ], [ 38.535945536510553, 66.054950937090325, 0.481485338653556 ], [ 38.524885898004868, 66.052977139494033, 0.545985338653509 ], [ 38.455558883128106, 66.040604448047816, 0.49998533865346 ], [ 38.423315215812181, 66.040385338885244, 0.298485338653563 ], [ 38.40093905867252, 66.040233283536509, 0.49998533865346 ], [ 38.334824936784571, 66.056059097201796, 0.49998533865346 ], [ 38.29239086349844, 66.05816267717455, 0.49998533865346 ], [ 38.226791727240197, 66.051441975214402, 0.49998533865346 ], [ 38.204096914836555, 66.053166756784776, 0.357385338653557 ], [ 38.185744953720132, 66.054561486293096, 0.508585338653575 ], [ 38.12217620422598, 66.059392643583124, 0.49998533865346 ], [ 38.094644034543307, 66.061284535040613, 0.307185338653653 ], [ 38.073188675960409, 66.062758854357526, 0.49998533865346 ], [ 38.073188675931306, 66.062758854357526, 0.49998533865346 ], [ 38.008921868386096, 66.06692870950792, 0.49998533865346 ], [ 37.985142778081354, 66.068352941903868, 0.346285338653615 ], [ 37.966094887422514, 66.069493802337092, 0.49998533865346 ], [ 37.901856604381464, 66.071909002988832, 0.49998533865346 ], [ 37.873536696759402, 66.074191977793816, 0.285285338653466 ], [ 37.85014938886161, 66.0760773170623, 0.49998533865346 ], [ 37.850149388817954, 66.0760773170623, 0.49998533865346 ], [ 37.792082421627128, 66.082574298197869, 0.747885338653532 ], [ 37.765600885919412, 66.085537257094984, 0.6501853386535 ], [ 37.74402618984459, 66.087951200868702, 0.735485338653461 ], [ 37.684190796629991, 66.094646047175047, 0.444785338653446 ], [ 37.657578113896307, 66.09762367985968, 0.247785338653557 ], [ 37.63132376599242, 66.100561219223891, 0.49998533865346 ], [ 37.583959440307808, 66.111170867327019, 0.49998533865346 ], [ 37.530454376785201, 66.122605859622126, 0.49998533865346 ], [ 37.489596849336522, 66.134706887140055, 0.49998533865346 ], [ 37.434405422856798, 66.148224027216202, 0.49998533865346 ], [ 37.397168056617375, 66.160973821184598, 0.49998533865346 ], [ 37.340287932849606, 66.173672545060981, 0.49998533865346 ], [ 37.300087197232642, 66.186072635027813, 0.49998533865346 ], [ 37.24470325569564, 66.196062921590055, 0.49998533865346 ], [ 37.199566155395587, 66.202419266584911, 0.49998533865346 ], [ 37.139203486556653, 66.214559636588092, 0.49998533865346 ], [ 37.10593596175022, 66.218612936267164, 0.49998533865346 ], [ 37.033486426837044, 66.224225625992403, 0.49998533865346 ], [ 37.033486426764284, 66.224225625992403, 0.49998533865346 ], [ 37.000726343350834, 66.227639971577446, 0.49998533865346 ], [ 36.974846712342696, 66.230172880852479, 0.286985338653494 ], [ 36.921090168209048, 66.235434178757714, 0.49998533865346 ], [ 36.88989919568121, 66.238798024816788, 0.49998533865346 ], [ 36.862932165851817, 66.240741692527081, 0.288785338653497 ], [ 36.790968567293021, 66.245928519681911, 0.267885338653514 ], [ 36.770217697354383, 66.24742415327637, 0.49998533865346 ], [ 36.739116339507746, 66.249071797821671, 0.49998533865346 ], [ 36.679067539065727, 66.249688365816837, 0.286585338653595 ], [ 36.649960011796793, 66.249987235569279, 0.49998533865346 ], [ 36.61802909396647, 66.248524036447634, 0.49998533865346 ], [ 36.564449357334524, 66.25002285928349, 0.261285338653579 ], [ 36.534140534437029, 66.25087070884183, 0.49998533865346 ], [ 36.496387082574074, 66.257429323071847, 0.49998533865346 ], [ 36.452597837080248, 66.260794396337587, 0.344885338653512 ], [ 36.424492786652991, 66.262954185862327, 0.49998533865346 ], [ 36.391800538112875, 66.264191877940902, 0.49998533865346 ], [ 36.343867080460768, 66.269351830182131, 0.27758533865358 ], [ 36.311738299264107, 66.272810436857981, 0.49998533865346 ], [ 36.268798131393851, 66.287327543017454, 0.49998533865346 ], [ 36.234453467419371, 66.29127404600149, 0.422785338653512 ], [ 36.210617917648051, 66.294012959639076, 0.49998533865346 ], [ 36.172352020774269, 66.292709888381069, 0.49998533865346 ], [ 36.126514323041192, 66.297720296861371, 0.33618533865365 ], [ 36.094614704794367, 66.301207167387474, 0.49998533865346 ], [ 36.066027619555825, 66.301080039847875, 0.49998533865346 ], [ 36.066027619526722, 66.301080039847875, 0.49998533865346 ], [ 36.014662927598692, 66.306560798737337, 0.267685338653564 ], [ 35.979614828538615, 66.310300530676614, 0.49998533865346 ], [ 35.955607940952177, 66.314298568497179, 0.49998533865346 ], [ 35.906459417717997, 66.319293843669584, 0.286785338653544 ], [ 35.870712809730321, 66.322926997439936, 0.49998533865346 ], [ 35.841041559222504, 66.327695301457425, 0.49998533865346 ], [ 35.795511534364778, 66.331625413804431, 0.355885338653479 ], [ 35.762125575449318, 66.334507260879036, 0.49998533865346 ], [ 35.730332970968448, 66.338185807588161, 0.49998533865346 ], [ 35.685078899783548, 66.342543513776036, 0.353485338653627 ], [ 35.650615709833801, 66.345862120302627, 0.49998533865346 ], [ 35.623619268095354, 66.345348968097824, 0.49998533865346 ], [ 35.572735176800052, 66.351056424362469, 0.262985338653607 ], [ 35.533551092463313, 66.355451539624482, 0.49998533865346 ], [ 35.515557715378236, 66.358301067710272, 0.49998533865346 ], [ 35.465392748694285, 66.366833406951628, 0.260085338653653 ], [ 35.426239374224679, 66.373492832732154, 0.49998533865346 ], [ 35.414600879725185, 66.376460308514652, 0.49998533865346 ], [ 35.365883049715194, 66.388537045248086, 0.261385338653554 ], [ 35.326149443571921, 66.398386669126921, 0.49998533865346 ], [ 35.322756855734042, 66.399897859213524, 0.49998533865346 ], [ 35.274679641748662, 66.41216774636996, 0.49998533865346 ], [ 35.234732672848622, 66.411714537112857, 0.49998533865346 ], [ 35.183781947460375, 66.412391489051515, 0.49998533865346 ], [ 35.141231435991358, 66.412536026371527, 0.49998533865346 ], [ 35.102634335140465, 66.414096698223148, 0.49998533865346 ], [ 35.043609290660243, 66.410533837624826, 0.49998533865346 ], [ 34.964999668038217, 66.40617309170193, 0.49998533865346 ], [ 34.943194660867448, 66.403242767293705, 0.49998533865346 ], [ 34.849445993022528, 66.391046654011006, 0.49998533865346 ], [ 34.847015319988714, 66.390487595665036, 0.49998533865346 ], [ 34.757160822307924, 66.373040134756593, 0.49998533865346 ], [ 34.750179783586645, 66.370279783397564, 0.49998533865346 ], [ 34.707959185077925, 66.358078343080706, 0.49998533865346 ], [ 34.707959184917854, 66.358078343022498, 0.49998533865346 ], [ 34.667888824100373, 66.346470385484281, 0.49998533865346 ], [ 34.634910363776726, 66.332579077759874, 0.49998533865346 ], [ 34.580567579701892, 66.305177457164973, 0.49998533865346 ], [ 34.560417303830036, 66.270951995102223, 0.49998533865346 ], [ 34.553384178201668, 66.260842738600331, 0.49998533865346 ], [ 34.553353503812104, 66.255348210703232, 0.49998533865346 ], [ 34.548954739846522, 66.211141032908927, 0.49998533865346 ], [ 34.556038073147647, 66.189753828497487, 0.49998533865346 ], [ 34.563408246118343, 66.155663623969303, 0.49998533865346 ], [ 34.563408246147446, 66.1556636239402, 0.49998533865346 ], [ 34.595939618651755, 66.101372504985193, 0.49998533865346 ], [ 34.602729817503132, 66.087105118378531, 0.49998533865346 ], [ 34.656795876682736, 66.05625429986685, 0.49998533865346 ], [ 34.660269308660645, 66.055371363006998, 0.49998533865346 ], [ 34.71989847131772, 66.020382115122629, 0.49998533865346 ], [ 34.737791547158849, 65.988268149783835, 0.49998533865346 ], [ 34.737791547275265, 65.9882681495219, 0.49998533865346 ], [ 34.768422613487928, 65.963989145151572, 0.49998533865346 ], [ 34.768422613517032, 65.963989145151572, 0.49998533865346 ], [ 34.795654635643587, 65.961277858848916, 0.49998533865346 ], [ 34.839748432612396, 65.935601957389736, 0.49998533865346 ], [ 34.869293692769133, 65.923546280464507, 0.49998533865346 ], [ 34.899267295128084, 65.903168000746518, 0.49998533865346 ], [ 34.914519119760371, 65.86067325748445, 0.49998533865346 ], [ 34.916384294236195, 65.857511574271484, 0.49998533865346 ], [ 34.916543079627445, 65.8565712589334, 0.49998533865346 ], [ 34.917689657362644, 65.855186943066656, 0.49998533865346 ], [ 34.931511654300266, 65.841772290717927, 0.49998533865346 ], [ 34.931511654358474, 65.841772290659719, 0.49998533865346 ], [ 34.947675557807088, 65.830692527291831, 0.49998533865346 ], [ 34.952442120120395, 65.82681887425133, 0.49998533865346 ], [ 35.017832982644904, 65.80873084772611, 0.49998533865346 ], [ 35.027911283264984, 65.802016587462276, 0.49998533865346 ], [ 35.02791128330864, 65.802016587462276, 0.49998533865346 ], [ 35.028108006750699, 65.792555716951028, 0.49998533865346 ], [ 35.042820371920243, 65.75857077218825, 0.617085338653624 ], [ 35.054825841376442, 65.73083864270302, 0.54928533865359 ], [ 35.0578472053312, 65.723859418969369, 0.49998533865346 ], [ 35.066329794179182, 65.674418238748331, 0.49998533865346 ], [ 35.018082074573613, 65.645867866100161, 0.49998533865346 ], [ 35.018082074544509, 65.645867866100161, 0.49998533865346 ], [ 35.01315535743197, 65.644120870420011, 0.49998533865346 ], [ 34.994340174351237, 65.637586563418154, 0.49998533865346 ], [ 34.945557123501203, 65.613644801094779, 0.49998533865346 ], [ 34.892032240575645, 65.594751693992293, 0.49998533865346 ], [ 34.892032240546541, 65.594751693977742, 0.49998533865346 ], [ 34.891684899164829, 65.594582042031107, 0.49998533865346 ], [ 34.891614068052149, 65.594552067690529, 0.49998533865346 ], [ 34.891583312652074, 65.594498695470975, 0.49998533865346 ], [ 34.881826690529124, 65.561748036707286, 0.49998533865346 ], [ 34.881646217370871, 65.55649807905138, 0.49998533865346 ], [ 34.864696279721102, 65.521256507388898, 0.49998533865346 ], [ 34.829095579640125, 65.488524393324042, 0.49998533865346 ], [ 34.824911171672284, 65.482934823201504, 0.49998533865346 ], [ 34.808182979817502, 65.461530716071138, 0.49998533865346 ], [ 34.808182979788398, 65.461530716042034, 0.49998533865346 ], [ 34.813449865454459, 65.428826769944862, 0.49998533865346 ], [ 34.817452646952006, 65.411916838158504, 0.49998533865346 ], [ 34.811186822480522, 65.397451857847045, 0.49998533865346 ], [ 34.797407955527888, 65.388202509071562, 0.49998533865346 ], [ 34.752695654897252, 65.369215905680903, 0.49998533865346 ], [ 34.735084391140845, 65.345778778151725, 0.49998533865346 ], [ 34.714373009090195, 65.327580220531672, 0.49998533865346 ], [ 34.710664151614765, 65.30841018477804, 0.49998533865346 ], [ 34.727952082976117, 65.297629481719923, 0.49998533865346 ], [ 34.752165652724216, 65.269369308793102, 0.49998533865346 ], [ 34.769077986085904, 65.258126635002554, 0.49998533865346 ], [ 34.794231459658477, 65.235507718229201, 0.49998533865346 ], [ 34.814791430049809, 65.207804606470745, 0.49998533865346 ], [ 34.833610815228894, 65.199942669525626, 0.49998533865346 ], [ 34.851234047353501, 65.197527612821432, 0.49998533865346 ], [ 34.874886520803557, 65.171111026429571, 0.49998533865346 ], [ 34.87850457917375, 65.158304705139017, 0.49998533865346 ], [ 34.915398247976555, 65.144191285318811, 0.49998533865346 ], [ 34.915398248005658, 65.144191285289708, 0.49998533865346 ], [ 34.918672055093339, 65.143296439695405, 0.49998533865346 ], [ 34.920701873925282, 65.142616333745536, 0.49998533865346 ], [ 34.959847479665768, 65.12374991044635, 0.49998533865346 ], [ 34.970333090765052, 65.115978479356272, 0.49998533865346 ], [ 35.00525357760489, 65.120980363528361, 0.49998533865346 ], [ 35.033727471964085, 65.109688281459967, 0.49998533865346 ], [ 35.046767113875831, 65.108543616734096, 0.49998533865346 ], [ 35.064719603120466, 65.108383357350249, 0.49998533865346 ], [ 35.08886122982949, 65.102955872222083, 0.49998533865346 ], [ 35.116268289202708, 65.08481551631121, 0.49998533865346 ], [ 35.120365724069416, 65.08337618218502, 0.49998533865346 ], [ 35.125775523789343, 65.082137007251731, 0.49998533865346 ], [ 35.125775523818447, 65.082137007251731, 0.49998533865346 ], [ 35.158185719061294, 65.077068723374396, 0.49998533865346 ], [ 35.192582934221718, 65.07518689596327, 0.49998533865346 ], [ 35.202636921778321, 65.076305053895339, 0.49998533865346 ], [ 35.220445571147138, 65.073923566451413, 0.49998533865346 ], [ 35.240015798612149, 65.073857962954207, 0.49998533865346 ], [ 35.248297762169386, 65.074455409892835, 0.49998533865346 ], [ 35.289920208946569, 65.083372020046227, 0.49998533865346 ], [ 35.296732099537621, 65.085322947823443, 0.49998533865346 ], [ 35.330091888550669, 65.083709976475802, 0.49998533865346 ], [ 35.347043964735349, 65.09118828776991, 0.49998533865346 ], [ 35.373666306448285, 65.092862561519723, 0.49998533865346 ], [ 35.393865444042603, 65.095595212362241, 0.49998533865346 ], [ 35.417322513487306, 65.103692848497303, 0.49998533865346 ], [ 35.434274905885104, 65.109874493675306, 0.49998533865346 ], [ 35.449055623961613, 65.118523600453045, 0.49998533865346 ], [ 35.459814566755085, 65.127260523004225, 0.49998533865346 ], [ 35.472568002835033, 65.132434450817527, 0.56858533865352 ], [ 35.473629021333181, 65.132864894258091, 0.571585338653449 ], [ 35.475997568311868, 65.133825787546812, 0.578985338653638 ], [ 35.498402076453203, 65.142915048330906, 0.49998533865346 ], [ 35.526667718077078, 65.143184061846114, 0.49998533865346 ], [ 35.527048260657466, 65.140827936629648, 0.49998533865346 ], [ 35.527048260657466, 65.140827936600544, 0.49998533865346 ], [ 35.528233291450306, 65.139637025858974, 0.49998533865346 ], [ 35.55804783734493, 65.140722049691249, 0.49998533865346 ], [ 35.562270488590002, 65.138498382439138, 0.49998533865346 ], [ 35.573693574449862, 65.151668994294596, 0.49998533865346 ], [ 35.584184230276151, 65.156193229049677, 0.49998533865346 ], [ 35.597518124399357, 65.160547211446101, 0.49998533865346 ], [ 35.616795646958053, 65.159418488750816, 0.49998533865346 ], [ 35.64119139307877, 65.171871616083081, 0.49998533865346 ], [ 35.643920997521491, 65.172664712939877, 0.49998533865346 ], [ 35.651241110856063, 65.173889223966398, 0.49998533865346 ], [ 35.67819603656244, 65.181459195126081, 0.49998533865346 ], [ 35.683040678763064, 65.182343041771674, 0.49998533865346 ], [ 35.69661934490432, 65.191016443233821, 0.49998533865346 ], [ 35.718668702160357, 65.185616746312007, 0.49998533865346 ], [ 35.730565684556495, 65.186523729789769, 0.49998533865346 ], [ 35.730565684585599, 65.186523729789769, 0.49998533865346 ], [ 35.742715806685737, 65.194962204768672, 0.49998533865346 ], [ 35.760358407002059, 65.188569413949153, 0.49998533865346 ], [ 35.77177125182061, 65.186734738745145, 0.49998533865346 ], [ 35.771771251878818, 65.186734738716041, 0.49998533865346 ], [ 35.788913545737159, 65.191188731012517, 0.49998533865346 ], [ 35.797582101324224, 65.190790861292044, 0.49998533865346 ], [ 35.801780288296868, 65.193017721656361, 0.49998533865346 ], [ 35.810638883544016, 65.189507893024711, 0.49998533865346 ], [ 35.83633806250873, 65.189703953976277, 0.49998533865346 ], [ 35.867098581962637, 65.179152125230758, 0.49998533865346 ], [ 35.870821517048171, 65.169830007725977, 0.49998533865346 ], [ 35.890958836476784, 65.170433231527568, 0.49998533865346 ], [ 35.900274185143644, 65.171688310991158, 0.49998533865346 ], [ 35.915549368073698, 65.183049642349943, 0.49998533865346 ], [ 35.918028849861003, 65.183769864685019, 0.49998533865346 ], [ 35.931654073734535, 65.200487016991246, 0.49998533865346 ], [ 35.935486064074212, 65.203307160467375, 0.49998533865346 ], [ 35.940089215844637, 65.201590242228121, 0.49998533865346 ], [ 35.944172638977761, 65.199822566428338, 0.49998533865346 ], [ 35.96969489811454, 65.19744010931754, 0.49998533865346 ], [ 35.984959262656048, 65.203397037039394, 0.49998533865346 ], [ 36.006598182095331, 65.202641458890866, 0.231085338653656 ], [ 36.012999602040509, 65.202417936947313, 0.49998533865346 ], [ 36.0187886939093, 65.19482486594643, 0.49998533865346 ], [ 36.03354874010256, 65.187663727483596, 0.49998533865346 ], [ 36.045504845897085, 65.181897785092588, 0.49998533865346 ], [ 36.05932497017784, 65.173402366373921, 0.49998533865346 ], [ 36.073801122358418, 65.16435371262196, 0.49998533865346 ], [ 36.088927157979924, 65.163229380064877, 0.49998533865346 ], [ 36.11305582060595, 65.167622548236977, 0.49998533865346 ], [ 36.127265707691549, 65.173879839901929, 0.49998533865346 ], [ 36.14330180392426, 65.166099520109128, 0.49998533865346 ], [ 36.143301803953364, 65.166099520109128, 0.49998533865346 ], [ 36.160061893795501, 65.163127009553136, 0.49998533865346 ], [ 36.175198412238387, 65.165881588065531, 0.49998533865346 ], [ 36.189721006725449, 65.17495211235655, 0.49998533865346 ], [ 36.203741941149929, 65.175596636967384, 0.818685338653495 ], [ 36.20598377638089, 65.175699691273621, 0.817885338653468 ], [ 36.209478319404298, 65.175860331000877, 0.823185338653502 ], [ 36.234715716433129, 65.17702046217164, 0.49998533865346 ], [ 36.246103537094314, 65.169302819354925, 0.49998533865346 ], [ 36.263606080538011, 65.157828999086632, 0.49998533865346 ], [ 36.263606080567115, 65.157828999057529, 0.49998533865346 ], [ 36.263606080538011, 65.157828999086632, 0.49998533865346 ], [ 36.262975018165889, 65.155808670970146, 0.380285338653493 ], [ 36.256496538670035, 65.135068004572531, 0.49998533865346 ], [ 36.256053423639969, 65.134429805068066, 0.49998533865346 ], [ 36.255952979481663, 65.134374690707773, 0.49998533865346 ], [ 36.256089917806094, 65.134077344278921, 0.49998533865346 ], [ 36.256089917806094, 65.134077344249818, 0.49998533865346 ], [ 36.252643653002451, 65.116778955081827, 0.296185338653459 ], [ 36.252451210850268, 65.115812999298214, 0.304785338653573 ], [ 36.248522772933939, 65.096094361288124, 0.49998533865346 ], [ 36.247230634849984, 65.096761502383742, 0.49998533865346 ], [ 36.247135910176439, 65.09608116952586, 0.49998533865346 ], [ 36.215177166464855, 65.074623901891755, 0.49998533865346 ], [ 36.21484280306322, 65.074390070018126, 0.49998533865346 ], [ 36.214842803092324, 65.074390069989022, 0.49998533865346 ], [ 36.205162091355305, 65.068932934809709, 0.49998533865346 ], [ 36.180804168092436, 65.05146279274777, 0.49998533865346 ], [ 36.180804168092436, 65.051462792718667, 0.49998533865346 ], [ 36.15790740227385, 65.00172728675534, 0.49998533865346 ], [ 36.158261174510699, 64.999690778524382, 0.49998533865346 ], [ 36.158261174510699, 64.999690778495278, 0.49998533865346 ], [ 36.158980830034125, 64.973405189739424, 0.49998533865346 ], [ 36.168454412239953, 64.967590734595433, 0.507685338653573 ], [ 36.193850111783831, 64.952004005841445, 0.49998533865346 ], [ 36.193850111827487, 64.952004005812341, 0.49998533865346 ], [ 36.225035496303462, 64.937692946012248, 0.49998533865346 ], [ 36.256891035329318, 64.9407064847328, 0.49998533865346 ], [ 36.293463593232445, 64.948216715361923, 0.49998533865346 ], [ 36.299420812822063, 64.948826667416142, 0.49998533865346 ], [ 36.305219319227035, 64.948543369406252, 0.49998533865346 ], [ 36.368181045836536, 64.942259445539094, 0.49998533865346 ], [ 36.404447870721924, 64.960440489769098, 0.49998533865346 ], [ 36.448548688858864, 64.974902595989988, 0.49998533865346 ], [ 36.468802133924328, 64.982486156732193, 0.49998533865346 ], [ 36.52219594179769, 65.000328607246047, 0.49998533865346 ], [ 36.522195941826794, 65.000328607246047, 0.49998533865346 ], [ 36.533538751973538, 65.003998257467174, 0.49998533865346 ], [ 36.537094351515407, 65.005029950363678, 0.49998533865346 ], [ 36.539068987316568, 65.005340209492715, 0.49998533865346 ], [ 36.620627132768277, 65.029184417478973, 0.49998533865346 ], [ 36.649359167495277, 65.040244238669402, 0.49998533865346 ], [ 36.6744894781732, 65.049526561793755, 0.49998533865346 ], [ 36.68026104006276, 65.052333035855554, 0.49998533865346 ], [ 36.691064966551494, 65.058823686966207, 0.49998533865346 ], [ 36.691064966580598, 65.058823686966207, 0.49998533865346 ], [ 36.728433827083791, 65.075575719834887, 0.49998533865346 ], [ 36.768268942425493, 65.102110832551261, 0.49998533865346 ], [ 36.769499596222886, 65.104513898593723, 0.49998533865346 ], [ 36.769928792025894, 65.104877881865832, 0.49998533865346 ], [ 36.79157323713298, 65.139243691810407, 0.49998533865346 ], [ 36.787611363251926, 65.144698263204191, 0.49998533865346 ], [ 36.787897902424447, 65.148305835784413, 0.49998533865346 ], [ 36.796315666899318, 65.205045884038555, 0.49998533865346 ], [ 36.796315666899318, 65.205045884067658, 0.49998533865346 ], [ 36.8577478742518, 65.197661689278902, 0.49998533865346 ], [ 36.888031214504736, 65.187639251016662, 0.49998533865346 ], [ 36.895051755971508, 65.174084203274106, 0.506785338653572 ], [ 36.882812500014552, 65.172363281002617, 0.398385338653497 ], [ 36.878256153679104, 65.16365248382499, 0.327385338653585 ], [ 36.870312957136775, 65.148466725513572, 0.016385338653663 ], [ 36.852086797720403, 65.113622056873282, 0.180885338653525 ], [ 36.850061353659839, 65.109749824332539, 0.217785338653584 ], [ 36.849339683321887, 65.108370139045292, 0.217185338653508 ], [ 36.831724513947847, 65.074693557719002, 0.134185338653651 ], [ 36.825862127909204, 65.06348588122637, 0.134785338653501 ], [ 36.810088576487033, 65.033330094680423, 0.268285338653641 ], [ 36.803317350480938, 65.020384903022205, 0.254785338653619 ], [ 36.788189217419131, 64.99146302365989, 0.136685338653479 ], [ 36.78593749999709, 64.987158203017316, 0.122485338653632 ], [ 36.751343297582935, 64.973709135403624, 0.147485338653496 ], [ 36.730337048764341, 64.965542609148542, 0.200985338653481 ], [ 36.679784208798083, 64.945889357564738, 0.12458533865356 ], [ 36.654762322359602, 64.936161685880506, 0.079585338653487 ], [ 36.652929688003496, 64.935449219003203, 0.073785338653579 ], [ 36.553740814459161, 64.938108986563748, 0.123685338653559 ], [ 36.534570313000586, 64.938623047011788, 0.149785338653601 ], [ 36.533786886240705, 64.927359781999257, 0.034885338653567 ], [ 36.533681361092022, 64.925842655313318, 0.021585338653495 ], [ 36.528222656008438, 64.84736328102008, 0.000085338653662 ], [ 36.528453499107854, 64.847105424370966, -0.00001466134654 ], [ 36.549401069598389, 64.823706542971195, -0.00001466134654 ], [ 36.578710938003496, 64.790966796994326, -0.00001466134654 ], [ 36.602427454432473, 64.769896758312825, -0.00001466134654 ], [ 36.62421875000291, 64.75053710899374, 0.015985338653536 ], [ 36.681025256271823, 64.724981826875592, 0.052385338653494 ], [ 36.686570601479616, 64.722487167906365, 0.053285338653495 ], [ 36.749715169135015, 64.694080611196114, 0.035885338653543 ], [ 36.752813602870447, 64.692686733062146, 0.036385338653645 ], [ 36.769335938006407, 64.685253906005528, 0.029085338653658 ], [ 36.835272080934374, 64.637559462571517, 0.000885338653461 ], [ 36.874347534409026, 64.609294509195024, 0.000385338653587 ], [ 36.899407300850726, 64.591167704085819, 0.000385338653587 ], [ 36.948209891153965, 64.555866694936412, 0.000885338653461 ], [ 36.95318893417425, 64.552265139340307, 0.000885338653461 ], [ 37.008204259778722, 64.512470191984903, 0.006185338653495 ], [ 37.011982465919573, 64.509737253261846, 0.006185338653495 ], [ 37.040429688000586, 64.489160156008438, 0.007185338653471 ], [ 37.069161441089818, 64.472982631807099, 0.007985338653498 ], [ 37.183691406011349, 64.408496094009024, 0.000485338653561 ], [ 37.19193935272051, 64.406114537472604, -0.00001466134654 ], [ 37.289550781017169, 64.377929688009317, 0.009485338653576 ], [ 37.316764471455826, 64.377085190470098, 0.011985338653631 ], [ 37.415235430205939, 64.374029431404779, 0.019285338653617 ], [ 37.429589844003203, 64.373583984008292, 0.019185338653642 ], [ 37.436347365117399, 64.374092124140589, 0.019785338653492 ], [ 37.447204298237921, 64.374908524609054, 0.031285338653561 ], [ 37.453645858739037, 64.375392905712943, 0.030285338653584 ], [ 37.529420256090816, 64.381090854934882, 0.005385338653468 ], [ 37.555973595153773, 64.383087565976894, -0.00001466134654 ], [ 37.596764346802956, 64.386154876832734, 0.016185338653486 ], [ 37.619362738507334, 64.387854190776125, 0.007985338653498 ], [ 37.640069347806275, 64.389411249780096, 0.011285338653579 ], [ 37.684767773433123, 64.392772402992705, 0.008785338653524 ], [ 37.706114808184793, 64.394377619595616, 0.008685338653549 ], [ 37.713737604921334, 64.394950825182605, 0.008585338653575 ], [ 37.728097340514068, 64.396030623203842, 0.006885338653547 ], [ 37.740625000005821, 64.396972656002617, 0.006385338653445 ], [ 37.777462913887575, 64.385998173354892, 0.006785338653572 ], [ 37.786355963267852, 64.383348820963874, 0.006885338653547 ], [ 37.843554688020959, 64.366308594020666, 0.000585338653536 ], [ 37.849999129903154, 64.363606270446326, -0.00001466134654 ], [ 37.915972700779093, 64.335941821103916, -0.00001466134654 ], [ 37.930912139257998, 64.32967732254474, 0.000785338653486 ], [ 37.953710938003496, 64.320117188006407, 0.000885338653461 ], [ 37.954864653307595, 64.31455051166995, -0.00001466134654 ], [ 37.965575653593987, 64.262869935046183, 0.008385338653625 ], [ 37.977148438018048, 64.20703125, 0.006185338653495 ], [ 37.98255990628968, 64.199650280599599, 0.004685338653644 ], [ 38.010721050944994, 64.161239901543013, -0.00001466134654 ], [ 38.041557330521755, 64.119180773559492, 0.017285338653664 ], [ 38.062207031005528, 64.09101562500291, 0.023085338653573 ], [ 38.063721935643116, 64.079524729153491, 0.023785338653624 ], [ 38.063962810629164, 64.077697637461824, 0.021885338653647 ], [ 38.064143420750042, 64.076327668779413, 0.021885338653647 ], [ 38.069614947991795, 64.03482489095768, 0.017985338653489 ], [ 38.069946693052771, 64.032308529378497, 0.01868533865354 ], [ 38.070179962160182, 64.030539130297257, 0.018085338653464 ], [ 38.070800781017169, 64.025830077996943, 0.017285338653664 ], [ 38.058830356574617, 64.016900573376915, 0.017285338653664 ], [ 38.026332317938795, 63.992658209375804, 0.020485338653543 ], [ 37.993638320913306, 63.968269667500863, 0.013085338653582 ], [ 37.980723519081948, 63.958635691436939, 0.003185338653566 ], [ 37.967968750017462, 63.949121094017755, 0.002685338653464 ], [ 37.945053733870736, 63.945282862419845, 0.003385338653516 ], [ 37.893593445973238, 63.936663339685765, 0.004685338653644 ], [ 37.874662491492927, 63.933492432552157, 0.006685338653597 ], [ 37.799789865297498, 63.920951377484016, 0.02148533865352 ], [ 37.785814947710605, 63.918610599284875, 0.018485338653591 ], [ 37.763481544927345, 63.914869787084172, 0.017885338653514 ], [ 37.728460834725411, 63.909003869470325, 0.02738533865363 ], [ 37.670623462356161, 63.899316194423591, 0.016685338653588 ], [ 37.667316571154515, 63.898762294993503, 0.015085338653535 ], [ 37.656241847609635, 63.896907295056735, 0.01218533865358 ], [ 37.635351563018048, 63.893408203017316, 0.017085338653487 ], [ 37.614532983789104, 63.884782911976799, 0.021385338653545 ], [ 37.58255512319738, 63.871534248319222, 0.011985338653631 ], [ 37.570713226348744, 63.866628063056851, 0.009485338653576 ], [ 37.542567885262542, 63.854967240491533, 0.02368533865365 ], [ 37.522169261123054, 63.846515939963865, 0.041985338653603 ], [ 37.51489178945485, 63.843500829738332, 0.041285338653552 ], [ 37.492113913860521, 63.834063787784544, 0.039185338653624 ], [ 37.45012693987519, 63.816668274550466, -0.00001466134654 ], [ 37.442187500011642, 63.813378906008438, -0.00001466134654 ], [ 37.418424779272755, 63.814531949552475, -0.00001466134654 ], [ 37.380377876950661, 63.816378107454511, -0.00001466134654 ], [ 37.37275390602008, 63.816748047000146, -0.00001466134654 ], [ 37.322385609819321, 63.828501886673621, -0.00001466134654 ], [ 37.288751661035349, 63.836350634213886, 0.003185338653566 ], [ 37.260738624245278, 63.842887697537662, 0.015485338653662 ], [ 37.230967760508065, 63.849834963693866, 0.009485338653576 ], [ 37.163391430818592, 63.865604433842236, 0.002185338653589 ], [ 37.088903445343021, 63.88298679345462, -0.00001466134654 ], [ 37.049312817704049, 63.892225579023943, 0.007985338653498 ], [ 37.034003344204393, 63.895798165569431, 0.019085338653667 ], [ 37.02113251616538, 63.898801674935385, 0.020885338653443 ], [ 36.975195313003496, 63.909521484019933, 0.032985338653589 ], [ 36.974258790200111, 63.9096488259529, 0.033085338653564 ], [ 36.945068320201244, 63.91361794473778, 0.034185338653515 ], [ 36.92437974276254, 63.916431034827838, 0.017985338653489 ], [ 36.898108929934097, 63.920003158782492, 0.01498533865356 ], [ 36.830687842404586, 63.929170613337192, 0.029285338653608 ], [ 36.825103662224137, 63.929929911653744, 0.030385338653559 ], [ 36.780630170818768, 63.93597711030452, 0.03648533865362 ], [ 36.747204378683819, 63.940522119009984, 0.041285338653552 ], [ 36.743727358683827, 63.940994900214719, 0.041285338653552 ], [ 36.729862745065475, 63.942880114758736, 0.041985338653603 ], [ 36.713769531008438, 63.945068359011202, 0.042485338653478 ], [ 36.682590033422457, 63.950231481314404, 0.044085338653531 ], [ 36.670478239801014, 63.952237115678145, 0.043885338653581 ], [ 36.628435087346588, 63.959199188670027, 0.039285338653599 ], [ 36.602321810511057, 63.963523377737147, 0.022785338653648 ], [ 36.5651553573407, 63.969677900982788, 0.020385338653568 ], [ 36.517629253619816, 63.977547915113973, 0.026485338653629 ], [ 36.487961976512452, 63.982460623505176, 0.019785338653492 ], [ 36.459347327865544, 63.987199023496942, 0.009985338653451 ], [ 36.428077078249771, 63.992377173737623, 0.009485338653576 ], [ 36.401695738488343, 63.996745752272545, 0.004385338653492 ], [ 36.364941406005528, 64.002832031008438, 0.003585338653465 ], [ 36.36180819234869, 64.004401066718856, 0.003685338653668 ], [ 36.349034058453981, 64.010798036164488, 0.004385338653492 ], [ 36.314832232295885, 64.027925462520216, 0.000085338653662 ], [ 36.301953125017462, 64.034375000017462, 0.001285338653588 ], [ 36.298419446320622, 64.037889811734203, 0.001585338653513 ], [ 36.284258302446688, 64.05197534650506, 0.003385338653516 ], [ 36.267740911644069, 64.068404547710088, 0.011885338653656 ], [ 36.249631498663803, 64.086417270998936, 0.007685338653573 ], [ 36.22648716007825, 64.109438037485234, 0.004585338653442 ], [ 36.20529431720206, 64.13051772757899, 0.010385338653577 ], [ 36.182309564188472, 64.153379760522512, 0.026385338653654 ], [ 36.162827764099347, 64.17275754349248, 0.038785338653497 ], [ 36.146484375, 64.189013672017609, 0.044085338653531 ], [ 36.129181069671176, 64.196365246491041, 0.035885338653543 ], [ 36.097016821920988, 64.210030720074428, 0.022485338653496 ], [ 36.065817362134112, 64.223286288688541, 0.028485338653581 ], [ 36.04619382454257, 64.231623649378889, 0.023385338653497 ], [ 36.025011858379003, 64.240623132325709, 0.011285338653579 ], [ 36.00460483970528, 64.24929336697096, 0.011985338653631 ], [ 35.998783067174372, 64.251766836241586, 0.01218533865358 ], [ 35.995645272836555, 64.253099976252997, 0.012685338653455 ], [ 35.959163325547706, 64.268599890652695, 0.009685338653526 ], [ 35.929843162375619, 64.281057011321536, 0.010685338653502 ], [ 35.914334728950053, 64.287646006938303, 0.017185338653462 ], [ 35.860256924686837, 64.310621790849837, 0.003485338653491 ], [ 35.849763858393999, 64.31507993087871, 0.002485338653514 ], [ 35.802050781014259, 64.335351563015138, 0.006685338653597 ], [ 35.799118519978947, 64.336164540261962, 0.006785338653572 ], [ 35.763127516911482, 64.346143142291112, 0.010385338653577 ], [ 35.710567416419508, 64.360715570961474, 0.005085338653544 ], [ 35.691024269806803, 64.366133960720617, 0.002885338653641 ], [ 35.671758779019001, 64.371475369669497, 0.011185338653604 ], [ 35.651757104322314, 64.377020887564868, 0.008585338653575 ], [ 35.647070313018048, 64.378320313015138, 0.008385338653625 ], [ 35.609849934611702, 64.37286064804357, 0.006985338653521 ], [ 35.59548974824429, 64.370754226489225, 0.010885338653452 ], [ 35.534526623509009, 64.361811860741, 0.013685338653659 ], [ 35.505525897897314, 64.357557894138154, 0.022085338653596 ], [ 35.470760559284827, 64.352458346271305, 0.038085338653445 ], [ 35.442186156433308, 64.348266914777923, 0.022485338653496 ], [ 35.432031250005821, 64.346777344006114, 0.018785338653515 ], [ 35.379178535731626, 64.35241147808847, 0.013985338653583 ], [ 35.374902250667219, 64.352867332883761, 0.01458533865366 ], [ 35.373109916647081, 64.353058396882261, 0.014385338653483 ], [ 35.369625226347125, 64.353429867158411, 0.013785338653634 ], [ 35.307106084161205, 64.360094448798918, 0.018385338653616 ], [ 35.284082031008438, 64.362548827994033, 0.013585338653456 ], [ 35.226316735846922, 64.380590560438577, 0.014185338653533 ], [ 35.221082145173568, 64.382225470908452, 0.015285338653484 ], [ 35.218502648800495, 64.383031120436499, 0.013185338653557 ], [ 35.216770356928464, 64.383572164078942, 0.012785338653657 ], [ 35.169607777963392, 64.398302368921577, 0.017485338653614 ], [ 35.131523643358378, 64.410197119315853, 0.015185338653509 ], [ 35.111365191798541, 64.416493172815535, 0.013185338653557 ], [ 35.093964234911255, 64.421927982897614, 0.017885338653514 ], [ 35.035351563012227, 64.440234375011642, 0.021985338653622 ], [ 35.033165037049912, 64.441813747267588, 0.022585338653471 ], [ 35.010150507470826, 64.458437610956025, 0.013785338653634 ], [ 34.994026710410253, 64.470084158150712, 0.0251853386535 ], [ 34.974123218780733, 64.484460855703219, 0.030585338653509 ], [ 34.973267618188402, 64.485078873447492, 0.030385338653559 ], [ 34.965030399165698, 64.491028784614173, 0.028585338653556 ], [ 34.942383496032562, 64.507387104211375, 0.022885338653623 ], [ 34.924358093732735, 64.52040721962112, 0.034885338653567 ], [ 34.906497447154834, 64.533308328580461, 0.049585338653515 ], [ 34.870044478288037, 64.559639050785336, 0.010085338653653 ], [ 34.869531250020373, 64.56000976600626, 0.009985338653451 ], [ 34.869022767481511, 64.566650989887421, 0.008985338653474 ], [ 34.863833762196009, 64.634423909621546, -0.00001466134654 ], [ 34.858300781008438, 64.706689453014405, -0.00001466134654 ], [ 34.867984982047346, 64.713255862603546, -0.00001466134654 ], [ 34.892093828821089, 64.729602958483156, -0.00001466134654 ], [ 34.90496665390674, 64.738331426808145, -0.00001466134654 ], [ 34.905468750017462, 64.738671875005821, -0.00001466134654 ], [ 34.915012972807745, 64.742198654566891, -0.00001466134654 ], [ 34.927200074249413, 64.746702030141023, 0.004585338653442 ], [ 34.952246094006114, 64.755957031011349, 0.015585338653636 ], [ 34.935504276887514, 64.762148086767411, 0.010585338653527 ], [ 34.903929825915839, 64.773824190095183, -0.00001466134654 ], [ 34.896835944920895, 64.776447478376213, -0.00001466134654 ], [ 34.834450408496195, 64.799517395556904, -0.00001466134654 ], [ 34.832617188018048, 64.800195313015138, -0.00001466134654 ], [ 34.832392859985703, 64.804810061323224, -0.00001466134654 ], [ 34.828808261052473, 64.878550381821697, -0.00001466134654 ], [ 34.827148438009317, 64.912695313003496, 0.008585338653575 ], [ 34.827096403867472, 64.912856683353311, 0.008585338653575 ], [ 34.81236728154181, 64.958535220459453, 0.028085338653455 ], [ 34.806537284952356, 64.976615436607972, 0.029385338653583 ], [ 34.803515625011642, 64.985986327999854, 0.027285338653655 ], [ 34.786947010172298, 65.008774282759987, 0.015985338653536 ], [ 34.774505857931217, 65.025885454509989, 0.022285338653546 ], [ 34.739618850813713, 65.073867953193258, 0.037885338653496 ], [ 34.733113283917191, 65.082815506466432, 0.054785338653573 ], [ 34.730753514915705, 65.086061058944324, 0.036185338653468 ], [ 34.686353100376436, 65.147128000666271, 0.003285338653541 ], [ 34.682630068520666, 65.152248542275629, 0.001885338653665 ], [ 34.677064126604819, 65.159903764753835, 0.008585338653575 ], [ 34.67109375000291, 65.168115234017023, 0.009285338653626 ], [ 34.632033508096356, 65.199851680823485, 0.000885338653461 ], [ 34.630414287836174, 65.201167297302163, 0.000185338653637 ], [ 34.628356946937856, 65.202838886805694, 0.0084853386536 ], [ 34.567775067087496, 65.252061664563371, 0.149185338653524 ], [ 34.552356186410179, 65.264589505211916, 0.059985338653632 ], [ 34.53593749999709, 65.277929688018048, 0.071085338653575 ], [ 34.525896224746248, 65.287066036878969, 0.079585338653487 ], [ 34.507960179777001, 65.303385673556477, 0.085585338653573 ], [ 34.491956839992781, 65.317946781695355, 0.041585338653476 ], [ 34.464020046492806, 65.34336589279701, 0.015085338653535 ], [ 34.458335992108914, 65.348537696438143, 0.018185338653666 ], [ 34.453063350636512, 65.353335163934389, 0.012685338653455 ], [ 34.413161171309184, 65.389641332338215, -0.00001466134654 ], [ 34.406445313012227, 65.395751952994033, 0.002085338653615 ], [ 34.447070673690178, 65.413730836095056, 0.001385338653563 ], [ 34.477257626334904, 65.427090168392169, 0.014485338653458 ], [ 34.477638900381862, 65.427258902447647, 0.013785338653634 ], [ 34.478905083844438, 65.427819255986833, 0.013785338653634 ], [ 34.483285417620209, 65.429757786652772, 0.013485338653481 ], [ 34.54414062500291, 65.456689453014405, 0.015685338653611 ], [ 34.615722656017169, 65.509912109017023, 0.014385338653483 ], [ 34.700670435908251, 65.641115700200316, 0.000585338653536 ], [ 34.71057718594966, 65.656416879210155, -0.00001466134654 ], [ 34.710921943857102, 65.6569493648567, 0.000985338653663 ], [ 34.715527344000293, 65.6640625, 0.002985338653616 ], [ 34.733890606788918, 65.713932275408297, 0.015185338653509 ], [ 34.734765625020373, 65.716308593997383, 0.01478533865361 ], [ 34.748735478206072, 65.73351220949553, 0.007785338653548 ], [ 34.776953125008731, 65.768261719000293, 0.025885338653552 ], [ 34.793164062997676, 65.816357421994326, 0.031185338653586 ], [ 34.78632812500291, 65.864550781014259, 0.016485338653638 ], [ 34.770954349791282, 65.878749288371182, 0.000585338653536 ], [ 34.754183229902992, 65.894238318636781, 0.010185338653628 ], [ 34.720695655152667, 65.925165893000667, 0.222085338653642 ], [ 34.695294059667503, 65.948625631135656, 0.020285338653593 ], [ 34.691796875020373, 65.951855469014845, 0.015485338653662 ], [ 34.678612168150721, 65.959828027582262, -0.00001466134654 ], [ 34.635908958807704, 65.985649901354918, 0.038685338653522 ], [ 34.613383121541119, 65.999270875880029, 0.04928533865359 ], [ 34.533288791120867, 66.047702497860882, -0.00001466134654 ], [ 34.485974736191565, 66.076312468241667, 0.000185338653637 ], [ 34.462767255055951, 66.090345620701555, 0.040685338653475 ], [ 34.404852588326321, 66.125365593165043, 0.261985338653631 ], [ 34.399804688015138, 66.128417968997383, 0.26888533865349 ], [ 34.367794121004408, 66.139213369431673, 0.266285338653461 ], [ 34.3203557364468, 66.155211722594686, 0.289185338653624 ], [ 34.287654645726434, 66.166239998608944, 0.283085338653564 ], [ 34.234054687913158, 66.184316310929717, 0.242585338653498 ], [ 34.190051683617639, 66.199156099639367, 0.284885338653567 ], [ 34.158917076027137, 66.209656087230542, 0.280085338653635 ], [ 34.113618423813023, 66.224932826575241, 0.184385338653556 ], [ 34.112695313000586, 66.225244140994619, 0.185485338653507 ], [ 34.065564230360906, 66.233509572324692, 0.169085338653531 ], [ 34.032763626732049, 66.239261851282208, 0.233685338653459 ], [ 33.970342663611518, 66.250208686251426, 0.208385338653443 ], [ 33.93032358000346, 66.257226878238725, 0.206485338653465 ], [ 33.899386940858676, 66.262652271674597, 0.164085338653649 ], [ 33.858770927719888, 66.269775147855398, 0.033385338653488 ], [ 33.804800743761007, 66.279239960116684, 0.115085338653444 ], [ 33.705286142998375, 66.296691948271473, 0.127885338653641 ], [ 33.634980072427425, 66.309021603461588, -0.00001466134654 ], [ 33.602618048200384, 66.314696968285716, -0.00001466134654 ], [ 33.566699219009024, 66.320996094000293, -0.00001466134654 ], [ 33.415820313006407, 66.31562500000291, -0.00001466134654 ], [ 33.360546875017462, 66.329541016020812, -0.00001466134654 ], [ 33.476953125020373, 66.346875000017462, -0.00001466134654 ], [ 33.554021602059947, 66.371852693118853, -0.00001466134654 ], [ 33.558332743676146, 66.373249922908144, -0.00001466134654 ], [ 33.593261719011934, 66.384570313006407, 0.164785338653473 ], [ 33.593794377491577, 66.385063561392599, 0.169185338653506 ], [ 33.602480040179216, 66.393106593255652, 0.159985338653541 ], [ 33.620618869797909, 66.409903375475551, 0.09008533865358 ], [ 33.633463599791867, 66.421797755479929, 0.195385338653523 ], [ 33.653070864806068, 66.43995432711381, 0.251585338653513 ], [ 33.655505184520734, 66.442208537482657, 0.259585338653551 ], [ 33.65595703102008, 66.442626952994033, 0.259885338653476 ], [ 33.65458107876475, 66.442913123872131, 0.259585338653551 ], [ 33.609739398947568, 66.452239306701813, 0.209885338653521 ], [ 33.577046816033544, 66.459038717570365, 0.1959853386536 ], [ 33.569906303004245, 66.460523803107208, 0.189985338653514 ], [ 33.559243146839435, 66.462741528768674, 0.191385338653618 ], [ 33.526103242984391, 66.469633973567397, 0.180185338653473 ], [ 33.517675781011349, 66.471386719014845, 0.173185338653639 ], [ 33.490552891918924, 66.474497250193963, 0.142785338653539 ], [ 33.486676098764292, 66.474941852022312, 0.155285338653584 ], [ 33.427413681856706, 66.481738236980163, -0.00001466134654 ], [ 33.405273438009317, 66.484277344003203, 0.000485338653561 ], [ 33.306005415870459, 66.509300727848313, 0.002385338653539 ], [ 33.231463282048935, 66.528091234460589, -0.00001466134654 ], [ 33.217382813018048, 66.531640625005821, -0.00001466134654 ], [ 33.213225146202603, 66.53673465011525, -0.00001466134654 ], [ 33.182910156014259, 66.573876952999854, 0.003285338653541 ], [ 33.184595314276521, 66.575094232015545, 0.003585338653465 ], [ 33.224414063020959, 66.603857422014698, 0.001585338653513 ], [ 33.216976544485078, 66.616761268058326, 0.001385338653563 ], [ 33.209137758196448, 66.630361300165532, -0.00001466134654 ], [ 33.188995472504757, 66.665307492454303, -0.00001466134654 ], [ 33.180566405993886, 66.67993164100335, 0.04668533865356 ], [ 33.120103208289947, 66.685734138693078, 0.051585338653467 ], [ 33.110378777972073, 66.686667367292102, 0.029885338653457 ], [ 33.081036230389145, 66.689483296184335, 0.038385338653598 ], [ 33.020935711581842, 66.695250988501357, 0.047385338653612 ], [ 33.004182651158771, 66.696858736642753, 0.035685338653593 ], [ 32.973626423758105, 66.6997911392682, 0.035485338653643 ], [ 32.928710938009317, 66.704101562994765, 0.031285338653561 ], [ 32.924231501689064, 66.705269251106074, 0.031985338653612 ], [ 32.890766460870509, 66.713992832999793, -0.00001466134654 ], [ 32.870669876647298, 66.719231559589389, -0.00001466134654 ], [ 32.869742700277129, 66.719473253557226, 0.000385338653587 ], [ 32.864583648028201, 66.720818102228804, -0.00001466134654 ], [ 32.862402344006114, 66.721386719000293, -0.00001466134654 ], [ 32.862314125872217, 66.721830354435951, -0.00001466134654 ], [ 32.857324219003203, 66.746923828002764, 0.009885338653476 ], [ 32.805799105917686, 66.77183253991825, 0.010685338653502 ], [ 32.771765150348074, 66.78828552646155, 0.02738533865363 ], [ 32.737691692382214, 66.804757609628723, 0.030585338653509 ], [ 32.70405807919451, 66.821017059264705, 0.043085338653555 ], [ 32.686425780993886, 66.82954101600626, 0.042385338653503 ], [ 32.673094146506628, 66.8347339828033, 0.040985338653627 ], [ 32.630445428134408, 66.851346602838021, 0.021885338653647 ], [ 32.607515230440185, 66.860278422493138, 0.017085338653487 ], [ 32.554332133659045, 66.880994416118483, 0.035985338653518 ], [ 32.532692456312361, 66.88942354953906, 0.024585338653651 ], [ 32.490787065486074, 66.90574662698782, 0.000685338653511 ], [ 32.489252714760369, 66.906344290575362, 0.000085338653662 ], [ 32.4867448349396, 66.907321165301255, 0.000085338653662 ], [ 32.483895847428357, 66.908430909010349, 0.000085338653662 ], [ 32.463671875011642, 66.916308593994472, 0.000985338653663 ], [ 32.466608861956047, 66.923201287034317, 0.000285338653612 ], [ 32.470001840265468, 66.931164127367083, 0.000885338653461 ], [ 32.495964830872254, 66.992095595356659, 0.003985338653592 ], [ 32.500976562994765, 67.003857421994326, 0.006185338653495 ], [ 32.497009442115086, 67.005441129527753, 0.004585338653442 ], [ 32.428726293321233, 67.032700328039937, 0.004785338653619 ], [ 32.407380716555053, 67.041221659092116, 0.005385338653468 ], [ 32.400287522992585, 67.044053320700186, 0.004585338653442 ], [ 32.392451255989727, 67.047181623391225, 0.005185338653519 ], [ 32.346134394916589, 67.065671697942889, 0.004585338653442 ], [ 32.340625000011642, 67.067871094011934, 0.004085338653567 ], [ 32.324450859436183, 67.073146998707671, 0.002585338653489 ], [ 32.295277549084858, 67.082663152250461, 0.002385338653539 ], [ 32.281883660733001, 67.087032155832276, 0.002185338653589 ], [ 32.280729916892597, 67.087408499937737, 0.002185338653589 ], [ 32.280483717564493, 67.087488808640046, 0.002185338653589 ], [ 32.213811820518458, 67.155908907036064, 0.002185338653589 ], [ 32.214356118085561, 67.155899470308213, 0.002185338653589 ], [ 32.21694299968658, 67.155854661861667, 0.002185338653589 ], [ 32.230612123894389, 67.155617893280578, 0.002485338653514 ], [ 32.233700055308873, 67.155564405940822, 0.086685338653524 ], [ 32.23612040853186, 67.155522481989465, 0.002485338653514 ], [ 32.25416048039915, 67.155210002398235, -0.00001466134654 ], [ 32.254954849529895, 67.155196242805687, -0.00001466134654 ], [ 32.257040919896099, 67.155160109119606, 0.02798533865348 ], [ 32.261728447832866, 67.155078914496698, 0.032285338653537 ], [ 32.263337505166419, 67.155051043329877, -0.00001466134654 ], [ 32.265849170013098, 67.155007537745405, -0.00001466134654 ], [ 32.26891667462769, 67.154954404235468, -0.00001466134654 ], [ 32.318873413358233, 67.154089082789142, -0.00001466134654 ], [ 32.333497437415645, 67.153835773991887, 0.000285338653612 ], [ 32.34271277525113, 67.153676151312538, 0.000685338653511 ], [ 32.360127060877858, 67.153374511239235, -0.00001466134654 ], [ 32.372400485401158, 67.153161918133264, 0.000985338653663 ], [ 32.399902344011934, 67.152685547014698, 0.000085338653662 ], [ 32.409749053316773, 67.1514630906604, -0.00001466134654 ], [ 32.632565765452455, 67.123800680696149, 0.007685338653573 ], [ 32.723218833183637, 67.112546218239004, 0.039285338653599 ], [ 32.804302490083501, 67.10247978589905, 0.074585338653606 ], [ 32.813426182838157, 67.101347091098432, -0.00001466134654 ], [ 32.930468750011642, 67.086816406008438, -0.00001466134654 ], [ 32.885253906017169, 67.061132813003496, -0.00001466134654 ], [ 32.864956005068962, 67.039809499357943, -0.00001466134654 ], [ 32.849712377515971, 67.023795791741577, 0.004685338653644 ], [ 32.847558594003203, 67.021533203020226, 0.004985338653569 ], [ 33.001953125, 66.908300781011349, 0.019185338653642 ], [ 33.047842070154729, 66.888379295894993, 0.021585338653495 ], [ 33.078622887478559, 66.875016609279555, 0.022385338653521 ], [ 33.150195313006407, 66.843945313012227, 0.031085338653611 ], [ 33.154536135334638, 66.842906734847929, 0.031085338653611 ], [ 33.377888291142881, 66.789467857655836, -0.00001466134654 ], [ 33.41274324990809, 66.781128516362514, -0.00001466134654 ], [ 33.478128087765072, 66.765484645307879, -0.00001466134654 ], [ 33.482031250008731, 66.764550780993886, 0.006785338653572 ] ] ] ] } }
]
}
