{
"type": "FeatureCollection",
"name": "hsr_02_50_plg_ws",
"crs": { "type": "name", "properties": { "name": "urn:ogc:def:crs:OGC:1.3:CRS84" } },
"features": [
{ "type": "Feature", "properties": { "gid": 1, "objectid": 1.0, "shape_leng": 0.22090817076499999, "shape_area": 0.00095702913363900001, "z_mean": 0.162246677915 }, "geometry": { "type": "MultiPolygon", "coordinates": [ [ [ [ 39.408746940196579, 64.622992847595015, 0.199950988162982 ], [ 39.431573611778731, 64.608444878780574, 0.199950988162982 ], [ 39.39756127257715, 64.61793368796134, 0.143550988163042 ], [ 39.365344136112981, 64.62692166900888, 0.11095098816304 ], [ 39.327937839279912, 64.637357329156657, 0.199950988162982 ], [ 39.362316700546216, 64.644442035769316, 0.199950988162982 ], [ 39.408746940196579, 64.622992847595015, 0.199950988162982 ] ] ] ] } },
{ "type": "Feature", "properties": { "gid": 2, "objectid": 2.0, "shape_leng": 0.98606605945000003, "shape_area": 0.0042043747593300002, "z_mean": 0.136878974982 }, "geometry": { "type": "MultiPolygon", "coordinates": [ [ [ [ 38.675597655343154, 64.780152722665662, 0.199950988162982 ], [ 38.720247577446571, 64.773275161544007, 0.199950988162982 ], [ 38.765313890005928, 64.784064117797243, 0.199950988162982 ], [ 38.765313890016841, 64.784064117797243, 0.199950988162982 ], [ 38.775665357523394, 64.765884723732597, 0.199950988162982 ], [ 38.824683691876999, 64.763590368540463, 0.199950988162982 ], [ 38.87108047826041, 64.774596325467428, 0.199950988162982 ], [ 38.8782208856137, 64.756868576310808, 0.199950988162982 ], [ 38.935577990778256, 64.734083650520915, 0.199950988162982 ], [ 38.956527615438972, 64.730558317620307, 0.199950988162982 ], [ 39.014267827536969, 64.727896408432571, 0.199950988162982 ], [ 39.014267827536969, 64.727896408432571, 0.199950988162982 ], [ 39.054443403820187, 64.715226452550269, 0.199950988162982 ], [ 39.06478538257943, 64.710771963527804, 0.199950988162982 ], [ 39.053515625004366, 64.713916016000439, 0.187350988162962 ], [ 39.052840743177512, 64.714027498695941, 0.186050988163061 ], [ 39.019041748553718, 64.719610702901264, 0.144450988163044 ], [ 38.955737897722429, 64.730067769141897, 0.196350988162976 ], [ 38.936249753969605, 64.733286985785526, 0.196050988163051 ], [ 38.858245271243504, 64.746172426916019, 0.060150988163059 ], [ 38.85317947178919, 64.747009238577448, 0.032950988163066 ], [ 38.841248575317877, 64.74898008510354, 0.067350988163071 ], [ 38.768143498342397, 64.761056200899475, 0.150350988162927 ], [ 38.754335013290984, 64.763337203410629, 0.089750988162905 ], [ 38.725024018218392, 64.768179041835538, 0.162050988162946 ], [ 38.670849064339563, 64.777128119560075, 0.167250988163005 ], [ 38.655396404519706, 64.779680720788747, 0.096250988163092 ], [ 38.616469653119566, 64.786110971279413, 0.16755098816293 ], [ 38.613085938006407, 64.786669921999419, 0.174850988162916 ], [ 38.597626209902955, 64.787653152390703, 0.199950988162982 ], [ 38.610647362886084, 64.790837002135959, 0.199950988162982 ], [ 38.664894694127725, 64.7990844404776, 0.199950988162982 ], [ 38.675597655343154, 64.780152722665662, 0.199950988162982 ] ] ] ] } },
{ "type": "Feature", "properties": { "gid": 3, "objectid": 3.0, "shape_leng": 0.135558051, "shape_area": 0.00027723637749300001, "z_mean": 0.178674627871 }, "geometry": { "type": "MultiPolygon", "coordinates": [ [ [ [ 38.477289257436496, 64.821892882842803, 0.199950988162982 ], [ 38.500342424566043, 64.805979916713113, 0.199950988162982 ], [ 38.472574281073321, 64.816053749676939, 0.150050988163002 ], [ 38.44199218799622, 64.827148437998403, 0.178950988163024 ], [ 38.438206408925907, 64.830940402847773, 0.199950988162982 ], [ 38.477289257436496, 64.821892882842803, 0.199950988162982 ], [ 38.477289257436496, 64.821892882842803, 0.199950988162982 ] ] ] ] } },
{ "type": "Feature", "properties": { "gid": 4, "objectid": 4.0, "shape_leng": 0.141877326636, "shape_area": 0.00032141356372300002, "z_mean": 0.16725400028500001 }, "geometry": { "type": "MultiPolygon", "coordinates": [ [ [ [ 38.012995432956814, 64.887229112078785, 0.199950988162982 ], [ 38.056403914892144, 64.868071376175067, 0.199950988162982 ], [ 38.011917436138901, 64.878181939602655, 0.122050988162982 ], [ 38.009375000008731, 64.878759766001167, 0.125950988162913 ], [ 37.989187652477995, 64.888386443468335, 0.199950988162982 ], [ 38.012995432956814, 64.887229112078785, 0.199950988162982 ], [ 38.012995432956814, 64.887229112078785, 0.199950988162982 ] ] ] ] } },
{ "type": "Feature", "properties": { "gid": 5, "objectid": 5.0, "shape_leng": 0.54120562978599995, "shape_area": 0.0028966767390299999, "z_mean": 0.14578832040699999 }, "geometry": { "type": "MultiPolygon", "coordinates": [ [ [ [ 36.785937500000728, 64.987158203002764, 0.105250988162879 ], [ 36.751343297590211, 64.973709135378158, 0.126850988162914 ], [ 36.730337048746151, 64.965542609144904, 0.181850988162978 ], [ 36.679784208794445, 64.945889357553824, 0.112750988163043 ], [ 36.65476232236324, 64.936161685876868, 0.069950988162873 ], [ 36.652929688003496, 64.935449218999565, 0.067150988162894 ], [ 36.553740814437333, 64.938108986545558, 0.193050988162895 ], [ 36.545287020628166, 64.938335676550196, 0.199950988162982 ], [ 36.556514286101446, 64.939603058992361, 0.199950988162982 ], [ 36.635731523867435, 64.952467355218687, 0.199950988162982 ], [ 36.691234720183274, 64.960217287258274, 0.199950988162982 ], [ 36.727445388227352, 64.967464795074193, 0.199950988162982 ], [ 36.746734341340925, 64.989543677333131, 0.199950988162982 ], [ 36.769864393339958, 65.002145538721379, 0.199950988162982 ], [ 36.796701335315447, 65.00773644257788, 0.199950988162982 ], [ 36.788189217419131, 64.991463023652614, 0.117550988162975 ], [ 36.785937500000728, 64.987158203002764, 0.105250988162879 ] ] ] ] } },
{ "type": "Feature", "properties": { "gid": 6, "objectid": 6.0, "shape_leng": 0.18270535929699999, "shape_area": 0.00062692815112200002, "z_mean": 0.14841404843100001 }, "geometry": { "type": "MultiPolygon", "coordinates": [ [ [ [ 37.728102989516628, 65.028561911087309, 0.199950988162982 ], [ 37.722644764431607, 65.015491919431952, 0.199950988162982 ], [ 37.70667699245314, 65.023106421074772, 0.077150988162884 ], [ 37.690854895958182, 65.03065145490109, 0.105150988162904 ], [ 37.646809125038999, 65.051655424344062, 0.199950988162982 ], [ 37.688720498208568, 65.040552688871685, 0.199950988162982 ], [ 37.728102989516628, 65.028561911087309, 0.199950988162982 ] ] ] ] } },
{ "type": "Feature", "properties": { "gid": 7, "objectid": 7.0, "shape_leng": 1.2694357648600001, "shape_area": 0.061804491608900003, "z_mean": 0.18241957109699999 }, "geometry": { "type": "MultiPolygon", "coordinates": [ [ [ [ 35.883322399447934, 65.069226641830028, 0.199950988162982 ], [ 35.900751855373528, 65.065173512175534, 0.199950988162982 ], [ 35.900751855380804, 65.065173512175534, 0.199950988162982 ], [ 35.9089356700606, 65.067342112037295, 0.199950988162982 ], [ 35.926059227738733, 65.065704769243894, 0.124250988162885 ], [ 35.940702622337994, 65.064304577936127, 0.199950988162982 ], [ 35.954874623301293, 65.065729367714084, 0.199950988162982 ], [ 35.966174918808974, 65.065081125081633, 0.100250988162998 ], [ 35.981773286974203, 65.064186323063041, 0.199950988162982 ], [ 35.998592415602616, 65.06410129617143, 0.199950988162982 ], [ 36.019650135960546, 65.058630198229366, 0.199950988162982 ], [ 36.01830297946799, 65.048128206886759, 0.199950988162982 ], [ 36.015936819589115, 65.030398572511331, 0.199950988162982 ], [ 36.013705634319194, 65.027776723480201, 0.199950988162982 ], [ 36.009149099591014, 65.016382767651521, 0.128150988163043 ], [ 36.008133635590639, 65.013843523985997, 0.147950988163075 ], [ 36.005544997176912, 65.007370440045634, 0.199950988162982 ], [ 35.988825145337614, 65.005040015792474, 0.199950988162982 ], [ 35.974970569292054, 65.001470898998377, 0.199950988162982 ], [ 35.96875394536255, 65.005426962827187, 0.199950988162982 ], [ 35.96875394536255, 65.005426962834463, 0.199950988162982 ], [ 35.952149789281975, 65.006900217838847, 0.199950988162982 ], [ 35.952149789274699, 65.006900217842485, 0.199950988162982 ], [ 35.939059645777888, 65.003331332845846, 0.199950988162982 ], [ 35.928132006461965, 64.999024593143986, 0.199950988162982 ], [ 35.906947335814039, 64.993721390310384, 0.199950988162982 ], [ 35.895601921725756, 64.990457330521167, 0.199950988162982 ], [ 35.890290430248569, 64.993439675203263, 0.199950988162982 ], [ 35.874815468891029, 64.987222326919436, 0.278150988162906 ], [ 35.86683402323979, 64.984015635393007, 0.199950988162982 ], [ 35.844803633070114, 64.975974273875181, 0.199950988162982 ], [ 35.830319105993112, 64.972823782936757, 0.199950988162982 ], [ 35.806002453049587, 64.965635439708421, 0.199950988162982 ], [ 35.777760160450271, 64.967507553654286, 0.199950988162982 ], [ 35.773352351960057, 64.96621377212432, 0.199950988162982 ], [ 35.759843430434557, 64.951332208882377, 0.199950988162982 ], [ 35.749370433284639, 64.948882214976038, 0.199950988162982 ], [ 35.749370433277363, 64.948882214976038, 0.199950988162982 ], [ 35.741786348338792, 64.952134408347774, 0.199950988162982 ], [ 35.73138117228882, 64.966510361395194, 0.199950988162982 ], [ 35.729897645956953, 64.966753097105538, 0.199950988162982 ], [ 35.704196593575034, 64.966724260804767, 0.199950988162982 ], [ 35.704196593567758, 64.966724260804767, 0.199950988162982 ], [ 35.700181068674283, 64.982919441790727, 0.199950988162982 ], [ 35.715590194853576, 64.997791401321592, 0.199950988162982 ], [ 35.714598552152893, 65.004993858816306, 0.199950988162982 ], [ 35.710619455348933, 65.008242271531344, 0.199950988162982 ], [ 35.710619455341657, 65.00824227153862, 0.199950988162982 ], [ 35.681971362533659, 65.023293086076592, 0.199950988162982 ], [ 35.66521873919919, 65.03381589257333, 0.199950988162982 ], [ 35.6514514063565, 65.035859934108885, 0.199950988162982 ], [ 35.626189098544273, 65.029656460865226, 0.199950988162982 ], [ 35.626189098536997, 65.029656460865226, 0.199950988162982 ], [ 35.596925825215294, 65.034841231681639, 0.199950988162982 ], [ 35.58468583076683, 65.037274005051586, 0.199950988162982 ], [ 35.56052192253992, 65.045267472705746, 0.199950988162982 ], [ 35.551232017820439, 65.050557557333377, 0.199950988162982 ], [ 35.53893508586043, 65.063176840976666, 0.199950988162982 ], [ 35.52628678250403, 65.069150049104792, 0.199950988162982 ], [ 35.528227890477865, 65.081343150719476, 0.087950988162902 ], [ 35.531011037095595, 65.098825531884358, 0.199950988162982 ], [ 35.541971390837716, 65.10091593569814, 0.199950988162982 ], [ 35.560213398737687, 65.109683300735924, 0.199950988162982 ], [ 35.581320565710485, 65.124170923780184, 0.199950988162982 ], [ 35.58916381040035, 65.129234704858391, 0.225350988162972 ], [ 35.612274800809246, 65.144155697420501, 0.117950988162875 ], [ 35.622289641982206, 65.150621511646023, 0.199950988162982 ], [ 35.636264298766037, 65.156610560185072, 0.199950988162982 ], [ 35.656014126845548, 65.157300682418281, 0.199950988162982 ], [ 35.670010901641945, 65.168640654897899, 0.094150988162937 ], [ 35.678184233453067, 65.175262563094293, 0.199950988162982 ], [ 35.697456208763469, 65.178778502966452, 0.199950988162982 ], [ 35.697456208778021, 65.178778502966452, 0.199950988162982 ], [ 35.70843855774001, 65.180289730000368, 0.103150988162952 ], [ 35.717254379458609, 65.181502831870603, 0.199950988162982 ], [ 35.740068247512681, 65.183242079710908, 0.199950988162982 ], [ 35.751300482341321, 65.184007188421674, 0.106650988162983 ], [ 35.758851614831656, 65.184521550643694, 0.199950988162982 ], [ 35.77936152158145, 65.181806168944604, 0.215950988163058 ], [ 35.792597243773344, 65.18005384319622, 0.125850988162938 ], [ 35.798697344489483, 65.179246228508418, 0.199950988162982 ], [ 35.822512433664087, 65.167387595505716, 0.199950988162982 ], [ 35.822512433682277, 65.167387595494802, 0.199950988162982 ], [ 35.829820654362265, 65.160910509614041, 0.138050988163059 ], [ 35.835895718235406, 65.155526338523487, 0.199950988162982 ], [ 35.835895718239044, 65.155526338516211, 0.199950988162982 ], [ 35.843239548583369, 65.139160905408062, 0.199950988162982 ], [ 35.851990771934652, 65.133641880267533, 0.199950988162982 ], [ 35.871081684104865, 65.130175906138902, 0.199950988162982 ], [ 35.875185464803508, 65.120783380891226, 0.199950988162982 ], [ 35.877381453916314, 65.108933950443316, 0.199950988162982 ], [ 35.87933355246787, 65.095175071248377, 0.199950988162982 ], [ 35.86417869050274, 65.093332108604955, 0.199950988162982 ], [ 35.866742178455752, 65.08373781985938, 0.199950988162982 ], [ 35.879771490581334, 65.079348563205713, 0.199950988162982 ], [ 35.883322399447934, 65.069226641830028, 0.199950988162982 ] ] ] ] } },
{ "type": "Feature", "properties": { "gid": 8, "objectid": 8.0, "shape_leng": 2.3924289184299998, "shape_area": 0.059678925313299998, "z_mean": 0.115963935701 }, "geometry": { "type": "MultiPolygon", "coordinates": [ [ [ [ 39.970750781223614, 65.197015849156742, 0.199950988162982 ], [ 40.006112350671174, 65.169509289200505, 0.033850988163067 ], [ 40.011250139195909, 65.165512778574339, 0.011250988163056 ], [ 40.012144773470936, 65.164816873049858, 0.00805098816295 ], [ 40.015580449522531, 65.162144377722143, -0.000049011837064 ], [ 40.020792229966901, 65.158090311295382, 0.023250988162999 ], [ 40.046971758874861, 65.137726147797366, -0.000049011837064 ], [ 40.142675781007711, 65.063281250000728, 0.001450988163015 ], [ 40.153232075466804, 65.058315551235864, 0.002350988163016 ], [ 40.154067265448248, 65.057922676453018, 0.004550988162919 ], [ 40.155024559233425, 65.057472363838315, -0.000049011837064 ], [ 40.155820859203232, 65.057097782992059, 0.003050988163068 ], [ 40.19830580411508, 65.03711279304116, 0.010450988163029 ], [ 40.200034546476672, 65.036299589704868, -0.000049011837064 ], [ 40.229753591083863, 65.022319700859953, -0.000049011837064 ], [ 40.281249999996362, 64.998095703002036, -0.000049011837064 ], [ 40.305106925439759, 64.972296071664459, -0.000049011837064 ], [ 40.309518838726945, 64.967524889532797, -0.000049011837064 ], [ 40.332226137841644, 64.942968500348798, 0.021550988162971 ], [ 40.337202884584258, 64.937586489511887, 0.023350988162974 ], [ 40.341529882072791, 64.93290713800161, -0.000049011837064 ], [ 40.345339569004864, 64.928787222441315, 0.013150988163034 ], [ 40.348589913599426, 64.925272197306185, 0.013450988162958 ], [ 40.350926505383541, 64.922745333296916, -0.000049011837064 ], [ 40.352817446240806, 64.920700410231802, -0.000049011837064 ], [ 40.354893901421747, 64.918454866132379, 0.003250988163018 ], [ 40.355833699064533, 64.917438539334398, -0.000049011837064 ], [ 40.35818906213899, 64.914891375439765, 0.009650988163003 ], [ 40.27515000000858, 64.840469999999186, -0.000049011837064 ], [ 40.156406362195412, 64.77972703011983, 0.024950988163027 ], [ 40.154795354439557, 64.779580378813989, -0.000049011837064 ], [ 40.148375125449093, 64.778995940298046, 0.102950988163002 ], [ 40.115386505094648, 64.775992960141593, 0.164350988163051 ], [ 40.10920912641086, 64.775430628484173, 0.156950988163089 ], [ 40.064357079369074, 64.771347711226554, 0.069250988163049 ], [ 40.057812499999272, 64.770751953001309, 0.060850988162883 ], [ 40.056182436332165, 64.770126790863287, 0.0553509881629 ], [ 39.971130964509939, 64.737507844110951, -0.000049011837064 ], [ 39.924155059929035, 64.719491641717468, 0.05255098816292 ], [ 39.914843459326221, 64.715920455964806, 0.033850988163067 ], [ 39.907140510473255, 64.712966220453382, 0.046350988162885 ], [ 39.848632813002041, 64.690527344002476, 0.020550988162995 ], [ 39.847059371637442, 64.687090357969282, -0.000049011837064 ], [ 39.833007813005679, 64.656396483998833, -0.000049011837064 ], [ 39.830421009133715, 64.653659793704719, -0.000049011837064 ], [ 39.821463115978986, 64.644182855980034, 0.016950988162989 ], [ 39.818323914729262, 64.64086176091223, 0.025150988162977 ], [ 39.785349141897314, 64.605976340491907, 0.041850988162878 ], [ 39.7580712455092, 64.577117888944485, 0.065450988163093 ], [ 39.758007813012227, 64.5770507810048, 0.066850988162969 ], [ 39.757946356523462, 64.577048687329807, 0.065750988163018 ], [ 39.732265973449103, 64.576173817808012, 0.136650988162955 ], [ 39.720787943155301, 64.575782788637298, 0.1649509881629 ], [ 39.66482385033305, 64.573876225200365, 0.199950988162982 ], [ 39.71379046574657, 64.58533047628589, 0.199950988162982 ], [ 39.736279882941744, 64.616524413097068, 0.199950988162982 ], [ 39.736279882941744, 64.616524413104344, 0.199950988162982 ], [ 39.750945603700529, 64.638924706250691, 0.199950988162982 ], [ 39.757698927169258, 64.64774419062087, 0.199950988162982 ], [ 39.761145941745781, 64.690662162058288, 0.199950988162982 ], [ 39.761944192818191, 64.69393728486466, 0.199950988162982 ], [ 39.831273486292048, 64.710638069813285, 0.199950988162982 ], [ 39.864169631178811, 64.721176834769722, 0.199950988162982 ], [ 39.889025963449967, 64.742592136652092, 0.199950988162982 ], [ 39.93552076690321, 64.744721853836381, 0.199950988162982 ], [ 39.949496480840025, 64.752121158635418, 0.199950988162982 ], [ 39.97471109057733, 64.780018212168216, 0.199950988162982 ], [ 40.032306108860212, 64.792733946655062, 0.199950988162982 ], [ 40.032306108874764, 64.792733946655062, 0.199950988162982 ], [ 40.102384017533041, 64.786399855478521, 0.199950988162982 ], [ 40.102384017543955, 64.786399855478521, 0.199950988162982 ], [ 40.120005351065629, 64.806895464142144, 0.199950988162982 ], [ 40.120005351065629, 64.806895464142144, 0.199950988162982 ], [ 40.138712522988499, 64.823587853839854, 0.199950988162982 ], [ 40.153695337812678, 64.843767838414351, 0.199950988162982 ], [ 40.17366926176328, 64.862921022173396, 0.199950988162982 ], [ 40.167716872452729, 64.903470105935412, 0.256850988163023 ], [ 40.165750649834081, 64.916864479419019, 0.199950988162982 ], [ 40.156487815955188, 64.949930985618266, 0.199950988162982 ], [ 40.148321728160226, 64.966856424005528, 0.199950988162982 ], [ 40.148321728160226, 64.966856424005528, 0.199950988162982 ], [ 40.136442180551967, 64.994955858110188, 0.199950988162982 ], [ 40.121401985114062, 65.012524972848041, 0.199950988162982 ], [ 40.121401985114062, 65.012524972848041, 0.199950988162982 ], [ 40.102808788433322, 65.039902751112095, 0.199950988162982 ], [ 40.100873718132789, 65.077709420580504, 0.199950988162982 ], [ 40.075802133676916, 65.098834384996735, 0.199950988162982 ], [ 40.07580213365145, 65.098834385011287, 0.199950988162982 ], [ 40.080037222982355, 65.090986218219768, 0.199950988162982 ], [ 40.080037222996907, 65.090986218212493, 0.199950988162982 ], [ 40.016965366881777, 65.097894928479946, 0.199950988162982 ], [ 39.989864675615536, 65.117569050071324, 0.199950988162982 ], [ 39.977988107089914, 65.139577863490558, 0.199950988162982 ], [ 39.972262000781484, 65.15950922936463, 0.199950988162982 ], [ 39.969569396271254, 65.187342036930204, 0.199950988162982 ], [ 39.969569396271254, 65.18734203693748, 0.199950988162982 ], [ 39.970750781223614, 65.197015849156742, 0.199950988162982 ] ] ] ] } },
{ "type": "Feature", "properties": { "gid": 9, "objectid": 9.0, "shape_leng": 0.22337115499, "shape_area": 0.0017490376778199999, "z_mean": 0.115821394223 }, "geometry": { "type": "MultiPolygon", "coordinates": [ [ [ [ 40.327832031005528, 65.751708984003926, 0.07055098816295 ], [ 40.294478801792138, 65.741679446338821, 0.199950988162982 ], [ 40.296334271544765, 65.748476879281952, 0.199950988162982 ], [ 40.312527213383873, 65.773864040478657, 0.199950988162982 ], [ 40.355277127946465, 65.787358873651101, 0.199950988162982 ], [ 40.355277127946465, 65.787358873651101, 0.199950988162982 ], [ 40.39101079874672, 65.783164938584378, 0.199950988162982 ], [ 40.357213400304317, 65.766337617184035, 0.029250988163085 ], [ 40.347153661237826, 65.761328993135976, -0.000049011837064 ], [ 40.327832031005528, 65.751708984003926, 0.07055098816295 ] ] ] ] } },
{ "type": "Feature", "properties": { "gid": 10, "objectid": 10.0, "shape_leng": 14.9368127486, "shape_area": 0.48423324338000001, "z_mean": 0.12513260525100001 }, "geometry": { "type": "MultiPolygon", "coordinates": [ [ [ [ 34.87074726755236, 65.822778995596309, 0.199950988162982 ], [ 34.883780360203673, 65.795262714062119, 0.199950988162982 ], [ 34.893847425981221, 65.802147311213048, 0.231150988162881 ], [ 34.900515761819406, 65.80670760780049, 0.199950988162982 ], [ 34.945801875135658, 65.803161137770076, 0.199950988162982 ], [ 34.984049147471524, 65.789414479084371, 0.199950988162982 ], [ 34.976622538761148, 65.763438194106129, 0.199950988162982 ], [ 34.976622538753873, 65.763438194106129, 0.199950988162982 ], [ 34.965053052703297, 65.712277219314274, 0.199950988162982 ], [ 34.96962147378872, 65.708670121526666, 0.199950988162982 ], [ 34.96334326588476, 65.706126714347192, 0.199950988162982 ], [ 34.918992341219564, 65.680933814135642, 0.199950988162982 ], [ 34.918992341212288, 65.680933814135642, 0.199950988162982 ], [ 34.912334908760386, 65.677741689436516, 0.199950988162982 ], [ 34.882062233351462, 65.656146765628364, 0.199950988162982 ], [ 34.879166503458691, 65.654303858034837, 0.199950988162982 ], [ 34.860830955432903, 65.648571860721859, 0.199950988162982 ], [ 34.860830955403799, 65.648571860707307, 0.199950988162982 ], [ 34.817286663004779, 65.63811014759267, 0.199950988162982 ], [ 34.800735912987875, 65.622476571938023, 0.199950988162982 ], [ 34.800735912980599, 65.622476571938023, 0.199950988162982 ], [ 34.801877364356187, 65.593670054022368, 0.241150988162872 ], [ 34.802240171120502, 65.584513991940184, 0.199950988162982 ], [ 34.798867277946556, 65.55698762537213, 0.199950988162982 ], [ 34.769922460469388, 65.547978627408156, 0.199950988162982 ], [ 34.760395476572739, 65.535710465243028, 0.199950988162982 ], [ 34.745326633390505, 65.530166492753779, 0.199950988162982 ], [ 34.728668444680807, 65.491800102132402, 0.199950988162982 ], [ 34.702898660310893, 65.462346672116837, 0.199950988162982 ], [ 34.676569472165284, 65.463111334229325, 0.199950988162982 ], [ 34.663681756890583, 65.423909114117123, 0.199950988162982 ], [ 34.663379764529964, 65.422147483292065, 0.199950988162982 ], [ 34.660506736923708, 65.415450014214002, 0.199950988162982 ], [ 34.638478040531481, 65.39495856989015, 0.199950988162982 ], [ 34.597904644502705, 65.40052143448338, 0.199950988162982 ], [ 34.580834271473577, 65.39696024521254, 0.199950988162982 ], [ 34.563593793274777, 65.395181479827443, 0.199950988162982 ], [ 34.546946748378105, 65.38943999598996, 0.199950988162982 ], [ 34.552377589985554, 65.368903737926303, 0.199950988162982 ], [ 34.560358763988916, 65.349324261958827, 0.199950988162982 ], [ 34.547234649260645, 65.314574567273667, 0.199950988162982 ], [ 34.545181958877947, 65.302126407128526, 0.220450988163066 ], [ 34.544238771566597, 65.296406622619543, 0.199950988162982 ], [ 34.554201428771194, 65.292345186360762, 0.199950988162982 ], [ 34.572260437733348, 65.257704501185799, 0.199950988162982 ], [ 34.591991050278011, 65.25051382192396, 0.199950988162982 ], [ 34.613918086946796, 65.255072301344626, 0.199950988162982 ], [ 34.650112821502262, 65.235774884084094, 0.107250988163059 ], [ 34.65825143357506, 65.231435739315202, 0.125850988162938 ], [ 34.688332379395433, 65.215397921372642, 0.199950988162982 ], [ 34.688332379428175, 65.215397921354452, 0.199950988162982 ], [ 34.688332379420899, 65.215397921354452, 0.199950988162982 ], [ 34.694314438576839, 65.202140624227468, 0.199950988162982 ], [ 34.706610222885502, 65.179656820342643, 0.132750988163025 ], [ 34.714617536366859, 65.165014820991928, 0.077150988162884 ], [ 34.727763500191941, 65.140976397327904, 0.100750988162872 ], [ 34.742170326757332, 65.114632387456368, 0.13695098816288 ], [ 34.751944484753039, 65.096759574626049, 0.199950988162982 ], [ 34.7712139254254, 65.086490804555069, 0.199950988162982 ], [ 34.810749222786399, 65.073332336407475, 0.199950988162982 ], [ 34.815333825466951, 65.06514100313143, 0.199950988162982 ], [ 34.84613863145205, 65.059307918243576, 0.199950988162982 ], [ 34.846138631459326, 65.059307918243576, 0.199950988162982 ], [ 34.860578921987326, 65.052465896740614, 0.199950988162982 ], [ 34.866517155111069, 65.049208614302188, 0.199950988162982 ], [ 34.877113274164003, 65.039605725021829, 0.199950988162982 ], [ 34.868558816640871, 65.007334856061789, 0.199950988162982 ], [ 34.868558816648147, 65.007334856061789, 0.199950988162982 ], [ 34.868601440040948, 65.007166635376052, 0.199950988162982 ], [ 34.913937232013268, 64.967524730858713, 0.199950988162982 ], [ 34.933163826844975, 64.936492634489696, 0.199950988162982 ], [ 34.933163826852251, 64.936492634478782, 0.199950988162982 ], [ 34.941999432954617, 64.916191900563717, 0.172050988162937 ], [ 34.945093876751343, 64.909082090613083, 0.169350988162932 ], [ 34.953501001320546, 64.889765838073799, 0.150350988162927 ], [ 34.965690621440444, 64.861758904346061, 0.129850988163071 ], [ 34.986298889118189, 64.814409242793772, 0.180850988163002 ], [ 34.9908437302729, 64.803966992447386, 0.199950988162982 ], [ 34.9908437302729, 64.80396699244011, 0.199950988162982 ], [ 35.047491382734734, 64.770832893165789, 0.199950988162982 ], [ 35.04785969411023, 64.771049028706329, 0.199950988162982 ], [ 35.047954666992155, 64.770521696467767, 0.199950988162982 ], [ 35.04796510475353, 64.767378094395099, 0.199950988162982 ], [ 35.047572891216987, 64.732916108925565, 0.199950988162982 ], [ 35.050171783048427, 64.731518570846674, 0.199950988162982 ], [ 35.053416105361975, 64.725753713875747, 0.199950988162982 ], [ 35.071552558398253, 64.700359349793871, 0.199950988162982 ], [ 35.068289801554783, 64.67707456135031, 0.199950988162982 ], [ 35.058866655228485, 64.655094958958216, 0.199950988162982 ], [ 35.019877014223312, 64.60796301906521, 0.199950988162982 ], [ 35.009650969375798, 64.60143949515259, 0.199950988162982 ], [ 34.988553835821222, 64.576847821448609, 0.199950988162982 ], [ 34.983003521774663, 64.569975659498596, 0.199950988162982 ], [ 34.983003521774663, 64.569975659498596, 0.199950988162982 ], [ 34.98588751407442, 64.564615097282513, 0.199950988162982 ], [ 35.003680788293423, 64.521522844370338, 0.199950988162982 ], [ 35.011175738836755, 64.517325132383121, 0.199950988162982 ], [ 35.017449967253924, 64.504016660150228, 0.199950988162982 ], [ 35.035639153713419, 64.496968552270118, 0.199950988162982 ], [ 35.073312755768711, 64.490837147270213, 0.199950988162982 ], [ 35.087460456608824, 64.490000421621517, 0.199950988162982 ], [ 35.132463563179044, 64.465828018233879, 0.199950988162982 ], [ 35.156887121516775, 64.456593830513157, 0.199950988162982 ], [ 35.184140483514057, 64.461193820148765, 0.199950988162982 ], [ 35.211960126791382, 64.462268861934717, 0.199950988162982 ], [ 35.225076073784294, 64.455423491013789, 0.199950988162982 ], [ 35.22507607379157, 64.455423491013789, 0.199950988162982 ], [ 35.235936413388117, 64.44153720175018, 0.199950988162982 ], [ 35.26407076459509, 64.409306821988139, 0.199950988162982 ], [ 35.296164364241122, 64.399444782404316, 0.199950988162982 ], [ 35.323827695861837, 64.398563450082293, 0.199950988162982 ], [ 35.355573052413092, 64.394975660929049, 0.199950988162982 ], [ 35.367321519854158, 64.394678343676787, 0.199950988162982 ], [ 35.400130959817034, 64.387752598398947, 0.199950988162982 ], [ 35.448057222885836, 64.382212917098514, 0.199950988162982 ], [ 35.466818265405891, 64.389449460377364, 0.199950988162982 ], [ 35.515800541601493, 64.40759053909278, 0.199950988162982 ], [ 35.53579640420503, 64.405739626596187, 0.199950988162982 ], [ 35.53579640420503, 64.405739626596187, 0.199950988162982 ], [ 35.563155129850202, 64.404086271824781, 0.199950988162982 ], [ 35.60009337027077, 64.420019881203189, 0.199950988162982 ], [ 35.642766729986761, 64.423769473105494, 0.199950988162982 ], [ 35.673870163202082, 64.412303694498405, 0.199950988162982 ], [ 35.688275781008997, 64.408943333859497, 0.199950988162982 ], [ 35.757671717401536, 64.399320585998794, 0.199950988162982 ], [ 35.77448652615567, 64.392881236974063, 0.199950988162982 ], [ 35.829839508576697, 64.352170156485954, 0.199950988162982 ], [ 35.829839508583973, 64.352170156478678, 0.199950988162982 ], [ 35.838580736319273, 64.347243185293337, 0.199950988162982 ], [ 35.838580736326549, 64.347243185293337, 0.199950988162982 ], [ 35.843629761489865, 64.346349238359835, 0.199950988162982 ], [ 35.864698001278157, 64.343604535803024, 0.199950988162982 ], [ 35.864698001318175, 64.343604535799386, 0.199950988162982 ], [ 35.910749076065258, 64.341236587788444, 0.16755098816293 ], [ 35.927360258458066, 64.340382440153917, 0.199950988162982 ], [ 35.948354822550755, 64.335117428508966, 0.199950988162982 ], [ 35.98198804572894, 64.347100965827849, 0.199950988162982 ], [ 36.015922204682283, 64.34940091433964, 0.199950988162982 ], [ 36.041708172640938, 64.341694087353972, 0.199950988162982 ], [ 36.060586640294787, 64.319170856309938, 0.199950988162982 ], [ 36.093015282378474, 64.308266099578759, 0.199950988162982 ], [ 36.081633854031679, 64.278233469667612, 0.199950988162982 ], [ 36.089631438644574, 64.25124157629034, 0.199950988162982 ], [ 36.131655478420726, 64.215906159828592, 0.199950988162982 ], [ 36.142549938758748, 64.210609514819225, 0.199950988162982 ], [ 36.145119984666962, 64.207861685943499, 0.199950988162982 ], [ 36.145119984685152, 64.207861685925309, 0.199950988162982 ], [ 36.205287243199564, 64.181405234401609, 0.199950988162982 ], [ 36.209378201725485, 64.179388343673054, 0.199950988162982 ], [ 36.25405532593868, 64.152209823576413, 0.199950988162982 ], [ 36.266695184771379, 64.145809750290937, 0.199950988162982 ], [ 36.266695184778655, 64.145809750283661, 0.199950988162982 ], [ 36.294726016436471, 64.150187556639139, 0.199950988162982 ], [ 36.310378700709407, 64.136651889264613, 0.199950988162982 ], [ 36.344849793658796, 64.137215959868627, 0.199950988162982 ], [ 36.344849793666071, 64.137215959868627, 0.199950988162982 ], [ 36.365968542846531, 64.134415413136594, 0.181150988162926 ], [ 36.387346218391031, 64.131580530309293, 0.199950988162982 ], [ 36.403768111729732, 64.12873498179033, 0.199950988162982 ], [ 36.420767297946441, 64.103937506166403, 0.199950988162982 ], [ 36.427061592017708, 64.095829233887343, 0.199950988162982 ], [ 36.450402436181321, 64.082589430807275, 0.199950988162982 ], [ 36.459193773498555, 64.081218149134656, 0.199950988162982 ], [ 36.464075213425531, 64.0787338424052, 0.199950988162982 ], [ 36.485371858587314, 64.041962023879023, 0.199950988162982 ], [ 36.49001108315133, 64.039595691629074, 0.199950988162982 ], [ 36.498300581843068, 64.033118056828243, 0.199950988162982 ], [ 36.546900410765375, 64.014827254304691, 0.199950988162982 ], [ 36.591132504519919, 64.001157578662969, 0.199950988162982 ], [ 36.591132504538109, 64.001157578655693, 0.199950988162982 ], [ 36.618267018522602, 64.008459749446047, 0.199950988162982 ], [ 36.66145811723618, 63.99058563568542, 0.199950988162982 ], [ 36.661458117247093, 63.99058563568542, 0.199950988162982 ], [ 36.681071358783811, 63.986827625780279, 0.199950988162982 ], [ 36.735818268698495, 63.973444134811871, 0.199950988162982 ], [ 36.741817740894476, 63.972949765775411, 0.199950988162982 ], [ 36.807221514729463, 63.965712903402164, 0.199950988162982 ], [ 36.809315970342141, 63.965802752984018, 0.199950988162982 ], [ 36.839043653450062, 63.989122812236019, 0.199950988162982 ], [ 36.877656332035258, 63.957782568944822, 0.199950988162982 ], [ 36.896816218784807, 63.95955602542017, 0.199950988162982 ], [ 36.948724859186768, 63.971883498837997, 0.199950988162982 ], [ 36.964192001152696, 63.951674909545545, 0.199950988162982 ], [ 36.971322540179244, 63.947399923385092, 0.199950988162982 ], [ 37.003235504264012, 63.936414847721608, 0.199950988162982 ], [ 37.003235504271288, 63.93641484771797, 0.199950988162982 ], [ 37.021486332279892, 63.937749926375545, 0.199950988162982 ], [ 37.029749476925645, 63.931802382205206, 0.199950988162982 ], [ 37.06405524998263, 63.944002402269689, 0.199950988162982 ], [ 37.089327421490452, 63.93828181131903, 0.199950988162982 ], [ 37.089327421497728, 63.93828181131903, 0.199950988162982 ], [ 37.122487314762111, 63.954455624450929, 0.199950988162982 ], [ 37.13910940106507, 63.935255825483182, 0.199950988162982 ], [ 37.157569544226135, 63.93909890042778, 0.199950988162982 ], [ 37.212486775493744, 63.908599062757276, 0.199950988162982 ], [ 37.212490597536089, 63.908596715209569, 0.199950988162982 ], [ 37.252891686177463, 63.875123031779367, 0.199950988162982 ], [ 37.272235081731196, 63.855589446528029, 0.199950988162982 ], [ 37.307794357508101, 63.86896898779014, 0.199950988162982 ], [ 37.322645458803891, 63.87100466724587, 0.068250988163072 ], [ 37.387649486321607, 63.879914939992887, 0.199950988162982 ], [ 37.395762244024809, 63.878500399147015, 0.199950988162982 ], [ 37.395762244024809, 63.878500399147015, 0.199950988162982 ], [ 37.471464228296099, 63.867905243550922, 0.199950988162982 ], [ 37.474757351334119, 63.866606302952277, 0.199950988162982 ], [ 37.480730001847405, 63.864712735779904, 0.199950988162982 ], [ 37.480730001872871, 63.86471273576899, 0.199950988162982 ], [ 37.508756421302678, 63.88074982006583, 0.199950988162982 ], [ 37.515390566062706, 63.901502314467507, 0.199950988162982 ], [ 37.577098684036173, 63.92311607366355, 0.199950988162982 ], [ 37.590744482560694, 63.930850283315522, 0.199950988162982 ], [ 37.590744482571608, 63.930850283315522, 0.199950988162982 ], [ 37.61294659919804, 63.949416966006538, 0.199950988162982 ], [ 37.61294659919804, 63.949416966006538, 0.199950988162982 ], [ 37.649565343905124, 63.945842342014657, 0.199950988162982 ], [ 37.673295956439688, 63.947735298042971, 0.199950988162982 ], [ 37.686802343134332, 63.939578355890262, 0.199950988162982 ], [ 37.686802343148884, 63.939578355882986, 0.199950988162982 ], [ 37.701029436277167, 63.944987831637263, 0.199950988162982 ], [ 37.760622323559801, 63.971886849139992, 0.199950988162982 ], [ 37.780292362647742, 63.995212697787792, 0.199950988162982 ], [ 37.802000358886289, 64.023003675592918, 0.199950988162982 ], [ 37.855571166910522, 64.037802549504704, 0.199950988162982 ], [ 37.881218474998605, 64.025283407769166, 0.199950988162982 ], [ 37.885058861884318, 64.01508860857939, 0.199950988162982 ], [ 37.885058861884318, 64.015088608553924, 0.199950988162982 ], [ 37.9002713287191, 64.019045603166887, 0.199950988162982 ], [ 37.905284266580566, 64.026605505852785, 0.199950988162982 ], [ 37.966912515043077, 64.05200397939916, 0.199950988162982 ], [ 37.973655266050628, 64.057182561340596, 0.199950988162982 ], [ 37.973774589903769, 64.060370000013791, 0.199950988162982 ], [ 37.968771485531761, 64.061354687080893, 0.199950988162982 ], [ 37.967850033935974, 64.065656289698381, 0.199950988162982 ], [ 37.937591437708761, 64.115486782251537, 0.199950988162982 ], [ 37.912710331740527, 64.182055950506765, 0.199950988162982 ], [ 37.912369552923337, 64.184166260918573, 0.199950988162982 ], [ 37.912369552923337, 64.184166260925849, 0.199950988162982 ], [ 37.911216878812411, 64.18349412801399, 0.199950988162982 ], [ 37.840949785426346, 64.216552695081191, 0.199950988162982 ], [ 37.840390546047274, 64.245224241156393, 0.199950988162982 ], [ 37.840390546047274, 64.245224241163669, 0.199950988162982 ], [ 37.825459430983756, 64.25507054454647, 0.199950988162982 ], [ 37.814351064142102, 64.266468737583637, 0.199950988162982 ], [ 37.770853265199548, 64.285265084916318, 0.199950988162982 ], [ 37.754194776684017, 64.292747106981551, 0.199950988162982 ], [ 37.713955072849785, 64.312545871933253, 0.199950988162982 ], [ 37.712075585368439, 64.313107170219155, 0.199950988162982 ], [ 37.712075585368439, 64.313107170215517, 0.199950988162982 ], [ 37.667706197640655, 64.326920625040657, 0.199950988162982 ], [ 37.647899770101503, 64.332247863316297, 0.199950988162982 ], [ 37.645908018545015, 64.332643353867752, 0.199950988162982 ], [ 37.58578552815743, 64.324065207012609, 0.199950988162982 ], [ 37.562213844332291, 64.331858632122021, 0.199950988162982 ], [ 37.49756363135748, 64.341745226687635, 0.199950988162982 ], [ 37.497563631342928, 64.341745226687635, 0.199950988162982 ], [ 37.480212888509413, 64.341307935894292, 0.199950988162982 ], [ 37.475909685461374, 64.343021169504937, 0.199950988162982 ], [ 37.415931485345936, 64.339221469232143, 0.199950988162982 ], [ 37.392092382699047, 64.323027030852245, 0.199950988162982 ], [ 37.37261576482706, 64.323311276359163, 0.10855098816296 ], [ 37.311865310712165, 64.324197880177962, 0.199950988162982 ], [ 37.311865310697613, 64.324197880177962, 0.199950988162982 ], [ 37.292498912847805, 64.325702598383941, 0.199950988162982 ], [ 37.250162617336173, 64.332246657017095, 0.119250988163003 ], [ 37.215052295541682, 64.337673773428833, 0.199950988162982 ], [ 37.193543198980478, 64.341535261693934, 0.199950988162982 ], [ 37.131549974084919, 64.359962628903304, 0.199950988162982 ], [ 37.131549974077643, 64.359962628903304, 0.199950988162982 ], [ 37.110880724172603, 64.378786366021814, 0.199950988162982 ], [ 37.077676350538241, 64.392547616131196, 0.199950988162982 ], [ 37.077676350530965, 64.392547616131196, 0.199950988162982 ], [ 37.048646697840013, 64.407392560802691, 0.199950988162982 ], [ 37.022018316405592, 64.426164996672014, 0.199950988162982 ], [ 36.995504283753689, 64.440510391144926, 0.199950988162982 ], [ 36.962520405002579, 64.461381530290964, 0.199950988162982 ], [ 36.937252034469566, 64.470432937658188, 0.199950988162982 ], [ 36.898810516955564, 64.495173973660712, 0.199950988162982 ], [ 36.881320855063677, 64.50749462404201, 0.199950988162982 ], [ 36.838538410927868, 64.53458016010336, 0.199950988162982 ], [ 36.82348520722735, 64.548910785393673, 0.199950988162982 ], [ 36.792160787877947, 64.576891568613064, 0.199950988162982 ], [ 36.776781570919411, 64.606369623259525, 0.199950988162982 ], [ 36.755944748962065, 64.621843925331632, 0.199950988162982 ], [ 36.735166689482867, 64.643773270861857, 0.199950988162982 ], [ 36.716354888514616, 64.659144052071497, 0.199950988162982 ], [ 36.683555609859468, 64.680603624678042, 0.199950988162982 ], [ 36.657217552481598, 64.695116144743224, 0.199950988162982 ], [ 36.608265586619382, 64.685747284856916, 0.199950988162982 ], [ 36.546589516961831, 64.676663641916093, 0.199950988162982 ], [ 36.546239969065937, 64.699885648977215, 0.199950988162982 ], [ 36.528638696425332, 64.712411554657592, 0.199950988162982 ], [ 36.493791113254701, 64.735743481120153, 0.199950988162982 ], [ 36.488437187061209, 64.752618659349537, 0.199950988162982 ], [ 36.470538553563529, 64.78023189671876, 0.199950988162982 ], [ 36.456598294247669, 64.806121390134649, 0.199950988162982 ], [ 36.454824038060906, 64.820845637303137, 0.199950988162982 ], [ 36.454628872299509, 64.872410503321589, 0.199950988162982 ], [ 36.454628872299509, 64.872410503328865, 0.199950988162982 ], [ 36.460204395581968, 64.878666909557069, 0.199950988162982 ], [ 36.460204395589244, 64.878666909567983, 0.199950988162982 ], [ 36.452232223022293, 64.875087771870312, 0.199950988162982 ], [ 36.501449423361919, 64.923164547089982, 0.091050988163033 ], [ 36.510235700279736, 64.931747234793875, 0.199950988162982 ], [ 36.529217847546533, 64.936521718569566, 0.199950988162982 ], [ 36.534465355416614, 64.93711408002855, 0.199950988162982 ], [ 36.533786886240705, 64.927359781995619, 0.142650988163041 ], [ 36.533681361099298, 64.925842655313318, 0.13265098816305 ], [ 36.5282226560048, 64.84736328100189, 0.000650988162988 ], [ 36.528453499093303, 64.84710542436369, -0.000049011837064 ], [ 36.549401069572923, 64.823706542953005, -0.000049011837064 ], [ 36.578710937999858, 64.790966797008878, -0.000049011837064 ], [ 36.602427454436111, 64.769896758305549, -0.000049011837064 ], [ 36.624218749999272, 64.750537109004654, 0.041750988162903 ], [ 36.681025256268185, 64.724981826882868, 0.13675098816293 ], [ 36.686570601483254, 64.722487167891813, 0.13915098816301 ], [ 36.749715169135015, 64.694080611199752, 0.120350988162954 ], [ 36.752813602848619, 64.69268673305487, 0.121850988163033 ], [ 36.769335938002769, 64.685253906005528, 0.102150988162975 ], [ 36.835272080927098, 64.637559462567879, 0.026150988162954 ], [ 36.87434753440175, 64.60929450918411, 0.018550988163042 ], [ 36.899407300836174, 64.591167704074905, 0.020050988162893 ], [ 36.948209891157603, 64.555866694936412, 0.028350988163083 ], [ 36.953188934163336, 64.552265139333031, 0.028450988163058 ], [ 37.00820425978236, 64.512470191981265, 0.082050988163019 ], [ 37.011982465901383, 64.509737253258209, 0.082250988162968 ], [ 37.040429688000586, 64.4891601560048, 0.087350988163053 ], [ 37.069161441071628, 64.472982631803461, 0.091650988162883 ], [ 37.183691406000435, 64.408496094005386, 0.005850988163047 ], [ 37.191939352724148, 64.406114537450776, -0.000049011837064 ], [ 37.289550781002617, 64.377929687998403, 0.04825098816309 ], [ 37.316764471230272, 64.377085190481012, 0.061050988163061 ], [ 37.415235430176836, 64.374029431382951, 0.104150988162928 ], [ 37.429589843999565, 64.373583984004654, 0.099550988162946 ], [ 37.436347365095571, 64.374092124136951, 0.100850988163074 ], [ 37.447204298227007, 64.374908524609054, 0.131850988163023 ], [ 37.453645858739037, 64.375392905691115, 0.131650988163074 ], [ 37.529420256130834, 64.381090854913054, 0.027450988163082 ], [ 37.555973595157411, 64.383087565976894, -0.000049011837064 ], [ 37.59676434679568, 64.386154876836372, 0.050950988163095 ], [ 37.619362738507334, 64.387854190761573, 0.057950988162929 ], [ 37.640069347784447, 64.38941124977282, 0.081850988163069 ], [ 37.684767773411295, 64.392772402992705, 0.066650988163019 ], [ 37.706114808192069, 64.394377619584702, 0.102850988163027 ], [ 37.713737604924972, 64.394950825182605, 0.1024509881629 ], [ 37.728097340524982, 64.39603062320748, 0.098250988163045 ], [ 37.740625000005821, 64.396972656006255, 0.087750988162952 ], [ 37.777462913891213, 64.385998173351254, 0.086150988162899 ], [ 37.786355963246024, 64.383348820945685, 0.086650988163001 ], [ 37.843554688006407, 64.366308594002476, 0.007750988163025 ], [ 37.849999129928619, 64.363606270413584, -0.000049011837064 ], [ 37.915972700793645, 64.335941821071174, -0.000049011837064 ], [ 37.930912139250722, 64.329677322537464, 0.001450988163015 ], [ 37.953710937999858, 64.320117188002769, 0.00155098816299 ], [ 37.954864653300319, 64.314550511680864, -0.000049011837064 ], [ 37.965575653593987, 64.262869935042545, 0.093350988162911 ], [ 37.977148438003496, 64.20703125, 0.082850988163045 ], [ 37.982559906286042, 64.199650280585047, 0.069750988162923 ], [ 38.010721050937718, 64.161239901532099, -0.000049011837064 ], [ 38.041557330525393, 64.119180773555854, 0.091550988162908 ], [ 38.06220703100189, 64.09101562500291, 0.114050988162944 ], [ 38.063721935628564, 64.079524729131663, 0.118850988162876 ], [ 38.063962810632802, 64.077697637458186, 0.115950988162922 ], [ 38.064143420739128, 64.076327668779413, 0.116150988162872 ], [ 38.069614947988157, 64.034824890950404, 0.11095098816304 ], [ 38.069946693038219, 64.032308529371221, 0.113050988162968 ], [ 38.070179962134716, 64.030539130279067, 0.111450988162915 ], [ 38.070800780998979, 64.025830078004219, 0.110550988162913 ], [ 38.058830356592807, 64.016900573398743, 0.11155098816289 ], [ 38.026332317927881, 63.99265820938308, 0.12635098816304 ], [ 37.993638320898754, 63.968269667500863, 0.060150988163059 ], [ 37.980723519089224, 63.958635691433301, 0.078550988162988 ], [ 37.967968750006548, 63.949121094003203, 0.066050988162942 ], [ 37.945053733856184, 63.945282862408931, 0.082150988162994 ], [ 37.89359344598779, 63.936663339663937, 0.114950988162946 ], [ 37.874662491489289, 63.933492432548519, 0.138750988162883 ], [ 37.79978986533024, 63.920951377473102, 0.129950988163046 ], [ 37.785814947677864, 63.918610599263047, 0.109250988163012 ], [ 37.763481544912793, 63.91486978705143, 0.059950988162882 ], [ 37.728460834750877, 63.909003869466687, 0.086350988163076 ], [ 37.670623462337971, 63.899316194409039, 0.121850988163033 ], [ 37.667316571161791, 63.898762294989865, 0.1178509881629 ], [ 37.656241847635101, 63.896907295034907, 0.116150988162872 ], [ 37.635351563003496, 63.893408202999126, 0.124250988162885 ], [ 37.61453298377819, 63.884782911973161, 0.129850988163071 ], [ 37.582555123204656, 63.871534248311946, 0.118250988163027 ], [ 37.570713226359658, 63.866628063045937, 0.100550988162922 ], [ 37.542567885233439, 63.854967240487895, 0.141250988162938 ], [ 37.522169261101226, 63.846515939956589, 0.165950988162876 ], [ 37.514891789465764, 63.843500829745608, 0.16695098816308 ], [ 37.492113913864159, 63.834063787762716, 0.113850988162994 ], [ 37.450126939867914, 63.816668274535914, -0.000049011837064 ], [ 37.442187500000728, 63.8133789060048, -0.000049011837064 ], [ 37.418424779258203, 63.814531949541561, -0.000049011837064 ], [ 37.380377876939747, 63.816378107450873, -0.000049011837064 ], [ 37.372753906005528, 63.816748047003784, -0.000049011837064 ], [ 37.322385609815683, 63.828501886651793, -0.000049011837064 ], [ 37.288751661006245, 63.836350634199334, 0.031550988162962 ], [ 37.260738624238002, 63.842887697530387, 0.144550988163019 ], [ 37.230967760500789, 63.849834963672038, 0.09185098816306 ], [ 37.163391430862248, 63.865604433813132, 0.021650988162946 ], [ 37.088903445281176, 63.882986793443706, -0.000049011837064 ], [ 37.049312817678583, 63.892225579016667, 0.044350988162932 ], [ 37.034003344182565, 63.895798165547603, 0.044650988163085 ], [ 37.021132516154466, 63.898801674906281, 0.076050988162933 ], [ 36.975195312999858, 63.909521484001743, 0.142250988162914 ], [ 36.974258790149179, 63.909648825923796, 0.143150988162915 ], [ 36.945068320179416, 63.913617944726866, 0.133750988163001 ], [ 36.924379742769815, 63.916431034809648, 0.120950988163031 ], [ 36.898108929904993, 63.920003158775216, 0.098950988163097 ], [ 36.830687842390034, 63.929170613311726, 0.145750988162945 ], [ 36.825103662180481, 63.929929911621002, 0.152450988163082 ], [ 36.780630170538643, 63.935977110319072, 0.164650988162975 ], [ 36.747204378658353, 63.940522118991794, 0.172050988162937 ], [ 36.743727358658361, 63.940994900189253, 0.172150988162912 ], [ 36.729862745160062, 63.942880114725995, 0.172750988162989 ], [ 36.713769531001162, 63.945068359000288, 0.170650988163061 ], [ 36.682590033444285, 63.950231481299852, 0.168550988162906 ], [ 36.670478239793738, 63.952237115667231, 0.167650988162904 ], [ 36.628435087350226, 63.959199188655475, 0.150850988163029 ], [ 36.602321810511057, 63.963523377704405, 0.079650988162939 ], [ 36.565155357351614, 63.969677900971874, 0.081450988162942 ], [ 36.517629253605264, 63.97754791508487, 0.105950988162931 ], [ 36.4879619764979, 63.9824606234979, 0.067450988163046 ], [ 36.459347327861906, 63.987199023467838, 0.08275098816307 ], [ 36.428077078242495, 63.992377173719433, 0.077850988162936 ], [ 36.401695738488343, 63.99674575224708, 0.038750988162974 ], [ 36.364941405998252, 64.002832031001162, 0.071950988163053 ], [ 36.36180819238507, 64.004401066678838, 0.07665098816301 ], [ 36.349034058428515, 64.01079803616085, 0.092250988162959 ], [ 36.314832232281333, 64.02792546247656, 0.015050988163011 ], [ 36.301953124999272, 64.034374999999272, 0.028750988162983 ], [ 36.29841944628788, 64.037889811712375, 0.03345098816294 ], [ 36.284258302395756, 64.051975346494146, 0.050350988163018 ], [ 36.267740911625879, 64.068404547699174, 0.100550988162922 ], [ 36.249631498638337, 64.086417270995298, 0.051450988162969 ], [ 36.226487160056422, 64.109438037434302, 0.072050988163028 ], [ 36.205294317162043, 64.130517727600818, 0.099950988163073 ], [ 36.182309564184834, 64.153379760504322, 0.122650988163059 ], [ 36.162827764106623, 64.172757543448824, 0.144550988163019 ], [ 36.146484375003638, 64.189013672003057, 0.140350988162936 ], [ 36.129181069660262, 64.196365246461937, 0.102150988162975 ], [ 36.09701682191735, 64.210030720041686, 0.092850988163036 ], [ 36.065817362123198, 64.223286288681265, 0.144250988163094 ], [ 36.046193824520742, 64.231623649367975, 0.140850988163038 ], [ 36.025011858371727, 64.240623132314795, 0.120150988163005 ], [ 36.004604839712556, 64.249293366941856, 0.122050988162982 ], [ 35.998783067167096, 64.251766836219758, 0.121250988162956 ], [ 35.995645272811089, 64.253099976245721, 0.123250988162908 ], [ 35.959163325536792, 64.268599890645419, 0.113750988163019 ], [ 35.929843162361067, 64.28105701131426, 0.107550988162984 ], [ 35.914334728946415, 64.287646006923751, 0.124550988163037 ], [ 35.860256924646819, 64.310621790842561, 0.021250988163047 ], [ 35.849763858397637, 64.315079930853244, 0.037750988162998 ], [ 35.802050780999707, 64.335351563000586, 0.101250988162974 ], [ 35.799118519938929, 64.336164540240134, 0.102850988163027 ], [ 35.763127516911482, 64.346143142262008, 0.072850988163054 ], [ 35.710567416383128, 64.360715570961474, 0.03585098816302 ], [ 35.691024269814079, 64.366133960706065, 0.035350988162918 ], [ 35.671758778982621, 64.371475369662221, 0.119350988162978 ], [ 35.651757104289572, 64.377020887564868, 0.116850988162923 ], [ 35.647070313003496, 64.378320313000586, 0.115750988162972 ], [ 35.609849934600788, 64.372860648018104, 0.11095098816304 ], [ 35.595489748266118, 64.370754226489225, 0.120750988163081 ], [ 35.534526623509009, 64.361811860733724, 0.120950988163031 ], [ 35.50552589790459, 64.35755789414543, 0.129750988163096 ], [ 35.470760559281189, 64.352458346256753, 0.157350988162989 ], [ 35.442186156422395, 64.348266914756096, 0.130650988163097 ], [ 35.432031250002183, 64.346777344002476, 0.125450988163038 ], [ 35.37917853570616, 64.352411478092108, 0.125050988162911 ], [ 35.374902250667219, 64.352867332891037, 0.126250988163065 ], [ 35.373109916647081, 64.353058396874985, 0.124550988163037 ], [ 35.369625226361677, 64.353429867147497, 0.119250988163003 ], [ 35.307106084157567, 64.360094448802556, 0.080150988163041 ], [ 35.2840820310048, 64.362548828008585, 0.076950988162935 ], [ 35.226316735854198, 64.380590560438577, 0.124650988163012 ], [ 35.221082145184482, 64.382225470882986, 0.124650988163012 ], [ 35.218502648782305, 64.383031120425585, 0.122550988163084 ], [ 35.216770356910274, 64.38357216408258, 0.122350988162907 ], [ 35.169607777941565, 64.398302368925215, 0.117450988163 ], [ 35.131523643351102, 64.410197119301301, 0.113750988163019 ], [ 35.111365191780351, 64.416493172815535, 0.109450988162962 ], [ 35.093964234925807, 64.421927982883062, 0.116650988162974 ], [ 35.035351563004951, 64.440234375000728, 0.114450988163071 ], [ 35.03316503705355, 64.441813747260312, 0.115750988162972 ], [ 35.010150507434446, 64.458437610959663, 0.063750988163065 ], [ 34.994026710388425, 64.470084158125246, 0.070350988163 ], [ 34.974123218766181, 64.484460855692305, 0.127450988162991 ], [ 34.97326761817385, 64.48507887343294, 0.126650988162964 ], [ 34.965030399220268, 64.491028784541413, 0.128550988162942 ], [ 34.942383496003458, 64.507387104204099, 0.112750988163043 ], [ 34.924358093721821, 64.520407219577464, 0.109350988162987 ], [ 34.906497447133006, 64.533308328551357, 0.161450988163097 ], [ 34.870044478280761, 64.559639050756232, 0.085150988162923 ], [ 34.869531250002183, 64.560009765998984, 0.084250988162921 ], [ 34.869022767470597, 64.566650989865593, 0.079550988162964 ], [ 34.863833762163267, 64.634423909599718, -0.000049011837064 ], [ 34.858300781001162, 64.706689452999854, -0.000049011837064 ], [ 34.86798498204007, 64.713255862592632, -0.000049011837064 ], [ 34.892093828810175, 64.729602958464966, -0.000049011837064 ], [ 34.904966653892188, 64.738331426808145, -0.000049011837064 ], [ 34.90546875000291, 64.738671874998545, -0.000049011837064 ], [ 34.91501297281502, 64.742198654548702, -0.000049011837064 ], [ 34.927200074245775, 64.746702030144661, 0.052150988163021 ], [ 34.952246093998838, 64.755957031000435, 0.11155098816289 ], [ 34.935504276865686, 64.762148086767411, 0.063350988162938 ], [ 34.903929825915839, 64.773824190073356, -0.000049011837064 ], [ 34.896835944924533, 64.776447478358023, -0.000049011837064 ], [ 34.834450408507109, 64.799517395531439, -0.000049011837064 ], [ 34.832617188003496, 64.800195313000586, -0.000049011837064 ], [ 34.832392859956599, 64.804810061366879, -0.000049011837064 ], [ 34.828808261048835, 64.878550381818059, -0.000049011837064 ], [ 34.827148438002041, 64.912695313003496, 0.071150988163026 ], [ 34.827096403860196, 64.912856683364225, 0.071350988162976 ], [ 34.812367281534534, 64.958535220452177, 0.09595098816294 ], [ 34.80653728494508, 64.976615436615248, 0.100550988162922 ], [ 34.803515625004366, 64.985986327999854, 0.106450988163033 ], [ 34.78694701016866, 65.008774282738159, 0.098450988162995 ], [ 34.774505857923941, 65.025885454502713, 0.083650988163072 ], [ 34.739618850784609, 65.073867953185982, 0.127050988163091 ], [ 34.733113283891726, 65.082815506459156, 0.140650988163088 ], [ 34.730753514915705, 65.086061058926134, 0.126750988162939 ], [ 34.686353100365523, 65.147128000673547, 0.022750988162898 ], [ 34.682630068506114, 65.152248542275629, 0.015950988163013 ], [ 34.677064126582991, 65.159903764739283, 0.044550988162882 ], [ 34.671093749999272, 65.168115233998833, 0.04845098816304 ], [ 34.632033508059976, 65.199851680830761, 0.004850988163071 ], [ 34.630414287836174, 65.201167297276697, 0.001750988162939 ], [ 34.628356946959684, 65.202838886751124, 0.009050988162926 ], [ 34.567775067065668, 65.252061664559733, 0.159650988163094 ], [ 34.552356186399265, 65.264589505201002, 0.11135098816294 ], [ 34.535937500000728, 65.277929687999858, 0.131950988162998 ], [ 34.525896224720782, 65.287066036875331, 0.147650988162923 ], [ 34.507960179762449, 65.303385673534649, 0.182850988162954 ], [ 34.491956839989143, 65.317946781688079, 0.141450988162887 ], [ 34.464020046481892, 65.343365892789734, 0.108250988163036 ], [ 34.458335992087086, 65.348537696423591, 0.112250988162941 ], [ 34.45306335062196, 65.353335163934389, 0.088350988163029 ], [ 34.41316117129827, 65.389641332330939, -0.000049011837064 ], [ 34.406445313004951, 65.395751953001309, 0.002750988162916 ], [ 34.447070673697453, 65.413730836102332, 0.001750988162939 ], [ 34.477257626334904, 65.427090168377617, 0.091250988162983 ], [ 34.477638900389138, 65.42725890242582, 0.090350988162982 ], [ 34.4789050838408, 65.427819255961367, 0.090150988163032 ], [ 34.483285417609295, 65.429757786649134, 0.088650988162954 ], [ 34.54414062500291, 65.456689453003492, 0.091750988163085 ], [ 34.615722656002617, 65.509912109006109, 0.077550988163011 ], [ 34.700670435893699, 65.641115700207592, 0.004150988163019 ], [ 34.71057718594966, 65.656416879188328, -0.000049011837064 ], [ 34.710921943846188, 65.656949364845786, 0.002650988162941 ], [ 34.715527344003931, 65.664062500003638, 0.016450988162887 ], [ 34.733890606781642, 65.713932275455591, 0.084950988162973 ], [ 34.734765624998545, 65.716308594004659, 0.083250988162945 ], [ 34.748735478213348, 65.733512209539185, 0.05905098816288 ], [ 34.776953125001455, 65.768261719007569, 0.084950988162973 ], [ 34.793164063004951, 65.81635742200524, 0.081850988163069 ], [ 34.786328124999272, 65.864550780999707, 0.039550988163001 ], [ 34.770954349791282, 65.878749288363906, 0.004350988162969 ], [ 34.754183229866612, 65.894238318622229, 0.028450988163058 ], [ 34.724942440949235, 65.921243758133642, 0.199950988162982 ], [ 34.763361552948481, 65.922359010615764, 0.199950988162982 ], [ 34.79673752357121, 65.906819552736124, 0.199950988162982 ], [ 34.844794177333824, 65.863260783618898, 0.199950988162982 ], [ 34.846996489271987, 65.858727761064074, 0.199950988162982 ], [ 34.859817846350779, 65.838463893818698, 0.199950988162982 ], [ 34.87074726755236, 65.822778995596309, 0.199950988162982 ] ] ] ] } },
{ "type": "Feature", "properties": { "gid": 11, "objectid": 11.0, "shape_leng": 0.41889074251699998, "shape_area": 0.0037831593847599998, "z_mean": 0.11755152153700001 }, "geometry": { "type": "MultiPolygon", "coordinates": [ [ [ [ 40.603322661863785, 65.932553454014851, 0.199950988162982 ], [ 40.628431644319789, 65.921767226449447, 0.199950988162982 ], [ 40.631184292382386, 65.923006567285483, 0.199950988162982 ], [ 40.62118566476056, 65.916317152328702, 0.150850988163029 ], [ 40.599191254485049, 65.901602159145114, 0.012350988163007 ], [ 40.597575097792287, 65.900520896495436, 0.011350988163031 ], [ 40.550088283511286, 65.868750635818287, 0.052850988163073 ], [ 40.543460036653414, 65.86431611786611, 0.054850988163025 ], [ 40.512792969002476, 65.843798827998398, 0.066350988163094 ], [ 40.496163957486715, 65.835519441596261, 0.088150988163079 ], [ 40.483032590149378, 65.828981490474689, 0.102850988163027 ], [ 40.459682748729392, 65.817355883060372, 0.199950988162982 ], [ 40.468970049372729, 65.836781028327096, 0.199950988162982 ], [ 40.468970049372729, 65.836781028338009, 0.199950988162982 ], [ 40.493948205974448, 65.854287442609348, 0.199950988162982 ], [ 40.523806286390027, 65.876304747143877, 0.199950988162982 ], [ 40.547886275595374, 65.893672929716558, 0.199950988162982 ], [ 40.575232963325107, 65.916317626586533, 0.199950988162982 ], [ 40.603322661863785, 65.932553454014851, 0.199950988162982 ], [ 40.603322661863785, 65.932553454014851, 0.199950988162982 ] ] ] ] } },
{ "type": "Feature", "properties": { "gid": 12, "objectid": 12.0, "shape_leng": 9.1332617601199999, "shape_area": 2.9283641949299999, "z_mean": 0.69995098816300005 }, "geometry": { "type": "MultiPolygon", "coordinates": [ [ [ [ 36.537449870174896, 66.007999337532965, 0.599950988163073 ], [ 36.53744987016762, 66.007999337522051, 0.599950988163073 ], [ 36.573688885135198, 66.004449825097254, 0.599950988163073 ], [ 36.594196133173682, 66.007328596329899, 0.599950988163073 ], [ 36.63684110802933, 66.004338947506767, 0.599950988163073 ], [ 36.6722753706199, 66.006146195290057, 0.599950988163073 ], [ 36.701556194686418, 66.003116847012279, 0.599950988163073 ], [ 36.712988624658465, 66.005229484297161, 0.599950988163073 ], [ 36.755711716348742, 66.001653386403632, 0.599950988163073 ], [ 36.809049749357655, 66.003778493508435, 0.599950988163073 ], [ 36.828241798619274, 66.002835699633579, 0.599950988163073 ], [ 36.876633239568037, 65.996079843658663, 0.599950988163073 ], [ 36.940192045934964, 65.999885304088821, 0.599950988163073 ], [ 36.948855181468389, 65.999330003072828, 0.599950988163073 ], [ 36.962133140186779, 65.999295326993888, 0.599950988163073 ], [ 37.006373357009579, 65.992265357024735, 0.599950988163073 ], [ 37.048278952544933, 65.993622475478332, 0.599950988163073 ], [ 37.073923821735661, 65.991093929307681, 0.599950988163073 ], [ 37.073923821742937, 65.991093929318595, 0.599950988163073 ], [ 37.124728666753072, 65.993546832465654, 0.599950988163073 ], [ 37.124728666763986, 65.993546832465654, 0.599950988163073 ], [ 37.150152197657007, 65.992460102806945, 0.599950988163073 ], [ 37.150152197664283, 65.992460102806945, 0.599950988163073 ], [ 37.19922180010326, 65.985973614446266, 0.599950988163073 ], [ 37.19922180010326, 65.985973614446266, 0.599950988163073 ], [ 37.250615779008513, 65.988618601564667, 0.599950988163073 ], [ 37.263433438973152, 65.987459236392169, 0.599950988163073 ], [ 37.293459651311423, 65.988808998517925, 0.599950988163073 ], [ 37.326482021526317, 65.985838989021431, 0.599950988163073 ], [ 37.326482021540869, 65.985838989021431, 0.599950988163073 ], [ 37.349583517323481, 65.986419403128821, 0.599950988163073 ], [ 37.383981110251625, 65.981746282825043, 0.599950988163073 ], [ 37.447847921932407, 65.985347116900812, 0.599950988163073 ], [ 37.451987277079752, 65.984967233118368, 0.599950988163073 ], [ 37.458732972667349, 65.985308762144996, 0.599950988163073 ], [ 37.458732972667349, 65.985308762144996, 0.599950988163073 ], [ 37.506258104680455, 65.979940943918336, 0.599950988163073 ], [ 37.548292007799319, 65.981591739186115, 0.599950988163073 ], [ 37.548292007799319, 65.981591739186115, 0.599950988163073 ], [ 37.571827510819276, 65.978857001457072, 0.599950988163073 ], [ 37.571827510819276, 65.978857001457072, 0.599950988163073 ], [ 37.609184216278663, 65.982291951408115, 0.599950988163073 ], [ 37.630042987617344, 65.981112465364276, 0.599950988163073 ], [ 37.648534161715361, 65.981594078879425, 0.599950988163073 ], [ 37.648534161729913, 65.981594078879425, 0.599950988163073 ], [ 37.693057076252444, 65.975590667640063, 0.599950988163073 ], [ 37.75260268126658, 65.9805015707243, 0.599950988163073 ], [ 37.752971696794702, 65.980483588220523, 0.599950988163073 ], [ 37.753324865610921, 65.980493699171348, 0.599950988163073 ], [ 37.8145599113559, 65.973869745252159, 0.599950988163073 ], [ 37.864542926883587, 65.977470428049855, 0.599950988163073 ], [ 37.864542926883587, 65.977470428049855, 0.599950988163073 ], [ 37.875831763034512, 65.975798302999465, 0.599950988163073 ], [ 37.886494666880026, 65.977232749417453, 0.599950988163073 ], [ 37.886494666894578, 65.977232749417453, 0.599950988163073 ], [ 37.935802596508438, 65.97260320492569, 0.599950988163073 ], [ 37.93580259652299, 65.97260320492569, 0.599950988163073 ], [ 37.976813159271842, 65.974986988559976, 0.599950988163073 ], [ 37.976813159286394, 65.974986988559976, 0.599950988163073 ], [ 37.997454140717309, 65.970789713599515, 0.599950988163073 ], [ 37.997454140717309, 65.970789713599515, 0.599950988163073 ], [ 38.016946546453255, 65.974451275182219, 0.599950988163073 ], [ 38.055942183273146, 65.971409015000972, 0.599950988163073 ], [ 38.088266970156837, 65.973074998662923, 0.599950988163073 ], [ 38.088266970156837, 65.973074998662923, 0.599950988163073 ], [ 38.118320172878157, 65.96661417163341, 0.599950988163073 ], [ 38.118320172892709, 65.96661417163341, 0.599950988163073 ], [ 38.146915027860814, 65.9722162708822, 0.599950988163073 ], [ 38.146915027860814, 65.9722162708822, 0.599950988163073 ], [ 38.174910159239516, 65.970270779136627, 0.599950988163073 ], [ 38.198556157065468, 65.971492366115854, 0.599950988163073 ], [ 38.198556157076382, 65.971492366115854, 0.599950988163073 ], [ 38.238586351955746, 65.961963516958349, 0.599950988163073 ], [ 38.275695314063341, 65.970644966753753, 0.599950988163073 ], [ 38.275695314063341, 65.970644966753753, 0.599950988163073 ], [ 38.294242609590583, 65.969367037207121, 0.599950988163073 ], [ 38.311136572738178, 65.970213752483687, 0.599950988163073 ], [ 38.311136572763644, 65.970213752483687, 0.599950988163073 ], [ 38.359150735523144, 65.956985168824758, 0.599950988163073 ], [ 38.359150735523144, 65.956985168824758, 0.599950988163073 ], [ 38.397290171618806, 65.968821444515925, 0.599950988163073 ], [ 38.414288055158977, 65.967576411334448, 0.599950988163073 ], [ 38.431536176260124, 65.968439161180868, 0.599950988163073 ], [ 38.479810215150792, 65.955420381571457, 0.599950988163073 ], [ 38.512476564872486, 65.966780231203302, 0.599950988163073 ], [ 38.5124765648834, 65.966780231203302, 0.599950988163073 ], [ 38.53470495367219, 65.964902283445554, 0.599950988163073 ], [ 38.53470495367219, 65.964902283445554, 0.599950988163073 ], [ 38.559426706917293, 65.966326305406255, 0.599950988163073 ], [ 38.600802989323711, 65.957873416264192, 0.599950988163073 ], [ 38.624799303335749, 65.965169806018821, 0.599950988163073 ], [ 38.655699407623615, 65.962394844053051, 0.599950988163073 ], [ 38.692560185667389, 65.964747470829025, 0.599950988163073 ], [ 38.692560185678303, 65.964747470829025, 0.599950988163073 ], [ 38.722554881886026, 65.960415078425285, 0.599950988163073 ], [ 38.735783493815688, 65.964630990933074, 0.599950988163073 ], [ 38.773892021585198, 65.960899328263622, 0.599950988163073 ], [ 38.83930150463857, 65.962744886630389, 0.599950988163073 ], [ 38.843236059758055, 65.962153659278556, 0.599950988163073 ], [ 38.84393130517492, 65.96245690422802, 0.599950988163073 ], [ 38.901869259403611, 65.953155009370676, 0.599950988163073 ], [ 38.944186311022349, 65.956563481417106, 0.599950988163073 ], [ 38.963794618677639, 65.953941964948172, 0.599950988163073 ], [ 38.963794618692191, 65.953941964948172, 0.599950988163073 ], [ 39.005635314020765, 65.953701179751079, 0.599950988163073 ], [ 39.005635314046231, 65.953701179751079, 0.599950988163073 ], [ 39.032296404802764, 65.949945207721612, 0.599950988163073 ], [ 39.049523394773132, 65.951869250060554, 0.599950988163073 ], [ 39.088267774532142, 65.946934106701519, 0.599950988163073 ], [ 39.154967991984449, 65.947200988615805, 0.599950988163073 ], [ 39.159274642497621, 65.946487654742668, 0.599950988163073 ], [ 39.159274642512173, 65.946487654753582, 0.599950988163073 ], [ 39.168956430185062, 65.945955347604468, 0.599950988163073 ], [ 39.168956430210528, 65.945955347604468, 0.599950988163073 ], [ 39.214771338971332, 65.939316976771806, 0.599950988163073 ], [ 39.250968973599811, 65.939862516337598, 0.599950988163073 ], [ 39.277717246914108, 65.935375422257493, 0.599950988163073 ], [ 39.339606818375614, 65.932493653814163, 0.599950988163073 ], [ 39.339606818386528, 65.932493653814163, 0.599950988163073 ], [ 39.343399136811058, 65.931841188281396, 0.599950988163073 ], [ 39.346092265335756, 65.931991510184162, 0.599950988163073 ], [ 39.399860885314411, 65.921220085256209, 0.599950988163073 ], [ 39.431398907796392, 65.918931593601883, 0.599950988163073 ], [ 39.460205662078806, 65.910032635150856, 0.599950988163073 ], [ 39.528959780447622, 65.897213511423615, 0.599950988163073 ], [ 39.53412033467248, 65.894432865974522, 0.599950988163073 ], [ 39.551151309755369, 65.886347963616572, 0.599950988163073 ], [ 39.602238766863593, 65.864915859983739, 0.599950988163073 ], [ 39.619347597050364, 65.855915832933533, 0.599950988163073 ], [ 39.648369452981569, 65.840376302752702, 0.599950988163073 ], [ 39.685965172564465, 65.815226230130065, 0.599950988163073 ], [ 39.709723148986086, 65.769892438987881, 0.599950988163073 ], [ 39.711006861700298, 65.768004938840022, 0.599950988163073 ], [ 39.71100686171485, 65.768004938840022, 0.599950988163073 ], [ 39.711593520700262, 65.765805491890205, 0.599950988163073 ], [ 39.711593520711176, 65.765805491901119, 0.599950988163073 ], [ 39.715265109687607, 65.715078052213357, 0.599950988163073 ], [ 39.709567436555517, 65.674107588281913, 0.599950988163073 ], [ 39.707050100416382, 65.657705460056604, 0.599950988163073 ], [ 39.707050100416382, 65.657705460042052, 0.599950988163073 ], [ 39.700052445416077, 65.650630196836573, 0.599950988163073 ], [ 39.694983473138564, 65.644434439589531, 0.599950988163073 ], [ 39.652710831651348, 65.596708671389933, 0.599950988163073 ], [ 39.652710831651348, 65.596708671389933, 0.599950988163073 ], [ 39.634624027945392, 65.582075214664656, 0.599950988163073 ], [ 39.634624027945392, 65.582075214664656, 0.599950988163073 ], [ 39.609478449685412, 65.55254405319647, 0.599950988163073 ], [ 39.597711594618886, 65.523078842605173, 0.599950988163073 ], [ 39.580995654741855, 65.506659367703833, 0.599950988163073 ], [ 39.570693024590582, 65.485995302198717, 0.599950988163073 ], [ 39.570693024590582, 65.485995302184165, 0.599950988163073 ], [ 39.550920873345603, 65.468474107110524, 0.599950988163073 ], [ 39.532186082160479, 65.434119846500835, 0.599950988163073 ], [ 39.528925527047249, 65.427255517679441, 0.599950988163073 ], [ 39.521332414024073, 65.405099232411885, 0.599950988163073 ], [ 39.521332414024073, 65.405099232408247, 0.599950988163073 ], [ 39.504743096655147, 65.377110894274665, 0.599950988163073 ], [ 39.464937593322247, 65.320585513738479, 0.599950988163073 ], [ 39.464937593322247, 65.320585513738479, 0.599950988163073 ], [ 39.414148036601546, 65.274718217227928, 0.599950988163073 ], [ 39.414148036586994, 65.274718217217014, 0.599950988163073 ], [ 39.407452246035973, 65.268537480067607, 0.599950988163073 ], [ 39.406195463390759, 65.267587750728126, 0.599950988163073 ], [ 39.363109023674042, 65.239463590824016, 0.599950988163073 ], [ 39.363109023608558, 65.239463590783998, 0.599950988163073 ], [ 39.344009516444203, 65.226920253779099, 0.599950988163073 ], [ 39.344009516444203, 65.226920253790013, 0.599950988163073 ], [ 39.3432878591193, 65.226498977146548, 0.599950988163073 ], [ 39.3432878591193, 65.226498977139272, 0.599950988163073 ], [ 39.282622805214487, 65.197422854958859, 0.599950988163073 ], [ 39.271353042706323, 65.192396996568277, 0.599950988163073 ], [ 39.271353042706323, 65.192396996568277, 0.599950988163073 ], [ 39.225724627875024, 65.174376487095287, 0.599950988163073 ], [ 39.225724627875024, 65.174376487102563, 0.599950988163073 ], [ 39.192705876041146, 65.162240840250888, 0.599950988163073 ], [ 39.166670335078379, 65.154578229878098, 0.599950988163073 ], [ 39.166670335078379, 65.154578229889012, 0.599950988163073 ], [ 39.108650107875292, 65.13872010149862, 0.599950988163073 ], [ 39.107185224802379, 65.13830667615548, 0.599950988163073 ], [ 39.106463930180325, 65.13812318165219, 0.599950988163073 ], [ 39.041674220236018, 65.125673874576023, 0.599950988163073 ], [ 39.013651852743351, 65.121400226449623, 0.599950988163073 ], [ 38.976916908857675, 65.117962203767092, 0.599950988163073 ], [ 38.976916908846761, 65.117962203763454, 0.599950988163073 ], [ 38.922253238117264, 65.112683473322249, 0.599950988163073 ], [ 38.922253238117264, 65.112683473314974, 0.599950988163073 ], [ 38.916246120566939, 65.11268560762619, 0.599950988163073 ], [ 38.907985867910611, 65.111936253604654, 0.599950988163073 ], [ 38.859979893579293, 65.109933085896046, 0.599950988163073 ], [ 38.833981495088665, 65.108314823701221, 0.599950988163073 ], [ 38.804391920610215, 65.108960654073599, 0.599950988163073 ], [ 38.761721743900125, 65.107922886483721, 0.599950988163073 ], [ 38.750650290097838, 65.108156689591851, 0.599950988163073 ], [ 38.740396887686074, 65.10852852192329, 0.599950988163073 ], [ 38.740396887686074, 65.10852852192329, 0.599950988163073 ], [ 38.69391522173828, 65.113630608793756, 0.599950988163073 ], [ 38.636562016519747, 65.118418877384102, 0.599950988163073 ], [ 38.634186971277813, 65.118697990357759, 0.599950988163073 ], [ 38.583114482702513, 65.125627854227787, 0.599950988163073 ], [ 38.53191124408113, 65.131352513002639, 0.599950988163073 ], [ 38.514991762152931, 65.133657354504976, 0.599950988163073 ], [ 38.467212140007177, 65.140386365652375, 0.599950988163073 ], [ 38.467212140007177, 65.140386365652375, 0.599950988163073 ], [ 38.415159466985642, 65.147659593396384, 0.599950988163073 ], [ 38.405386311314942, 65.149256063625216, 0.599950988163073 ], [ 38.40538631130039, 65.149256063625216, 0.599950988163073 ], [ 38.340263341666287, 65.159518571163062, 0.599950988163073 ], [ 38.303370670011645, 65.165797048641252, 0.599950988163073 ], [ 38.269341868010088, 65.170998631041584, 0.599950988163073 ], [ 38.20497454771612, 65.181576154998766, 0.599950988163073 ], [ 38.202815503318561, 65.181897232167103, 0.599950988163073 ], [ 38.198646165041282, 65.182572652007366, 0.599950988163073 ], [ 38.198646165052196, 65.18257265200009, 0.599950988163073 ], [ 38.138564740434958, 65.19263057615899, 0.599950988163073 ], [ 38.138564740434958, 65.192630576151714, 0.599950988163073 ], [ 38.115731602229062, 65.197264906608325, 0.599950988163073 ], [ 38.115731602229062, 65.197264906611963, 0.599950988163073 ], [ 38.072515713978646, 65.205408573925524, 0.599950988163073 ], [ 38.072515713964094, 65.2054085739328, 0.599950988163073 ], [ 38.026085087618412, 65.215202911655069, 0.599950988163073 ], [ 37.935993560848146, 65.232255482522305, 0.599950988163073 ], [ 37.935993560848146, 65.232255482515029, 0.599950988163073 ], [ 37.932529537549271, 65.232940825615515, 0.599950988163073 ], [ 37.93127408237342, 65.233176938843826, 0.599950988163073 ], [ 37.931274082358868, 65.233176938843826, 0.599950988163073 ], [ 37.836858100774407, 65.24964820265086, 0.599950988163073 ], [ 37.806352825933573, 65.2546311740698, 0.599950988163073 ], [ 37.739131694761454, 65.264826801507297, 0.599950988163073 ], [ 37.679243937222054, 65.273174569247203, 0.599950988163073 ], [ 37.64017361164224, 65.278001893493638, 0.599950988163073 ], [ 37.64017361164224, 65.278001893493638, 0.599950988163073 ], [ 37.546320607056259, 65.288025514386391, 0.599950988163073 ], [ 37.54056577476149, 65.288594113681029, 0.599950988163073 ], [ 37.527929078933084, 65.289244011630217, 0.599950988163073 ], [ 37.527929078918532, 65.289244011630217, 0.599950988163073 ], [ 37.458617359567143, 65.293411686103354, 0.599950988163073 ], [ 37.435385277345631, 65.29477251717617, 0.599950988163073 ], [ 37.384311032939877, 65.295970791248692, 0.599950988163073 ], [ 37.384311032914411, 65.295970791248692, 0.599950988163073 ], [ 37.336160362308874, 65.297352593661344, 0.599950988163073 ], [ 37.319678367828601, 65.29890883970802, 0.599950988163073 ], [ 37.262865307657194, 65.300093906618713, 0.599950988163073 ], [ 37.262865307657194, 65.300093906611437, 0.599950988163073 ], [ 37.227258111110132, 65.298475897136086, 0.599950988163073 ], [ 37.226437175097089, 65.298522122266149, 0.599950988163073 ], [ 37.225869634337869, 65.298485744802747, 0.599950988163073 ], [ 37.159407028932037, 65.300120476134907, 0.599950988163073 ], [ 37.122485363321175, 65.297402038664586, 0.599950988163073 ], [ 37.109356085926265, 65.298538760936935, 0.599950988163073 ], [ 37.101380185744347, 65.296962088435976, 0.599950988163073 ], [ 37.055911120154633, 65.297702695152111, 0.599950988163073 ], [ 37.025193001612934, 65.294229318045836, 0.599950988163073 ], [ 37.001009695362882, 65.296756214560446, 0.599950988163073 ], [ 36.990974874275707, 65.292050929943798, 0.599950988163073 ], [ 36.990974874268431, 65.292050929936522, 0.599950988163073 ], [ 36.959544806933991, 65.292176675757219, 0.599950988163073 ], [ 36.927438412898482, 65.289051347634086, 0.599950988163073 ], [ 36.927438412905758, 65.28905134762681, 0.599950988163073 ], [ 36.894868941559253, 65.288106982785393, 0.599950988163073 ], [ 36.818810733602731, 65.280600919973949, 0.599950988163073 ], [ 36.818810733584542, 65.280600919973949, 0.599950988163073 ], [ 36.802859006598737, 65.278198241157952, 0.599950988163073 ], [ 36.752647608500411, 65.271450442756759, 0.599950988163073 ], [ 36.752647608485859, 65.271450442756759, 0.599950988163073 ], [ 36.720869825661794, 65.268156749996706, 0.599950988163073 ], [ 36.703358415234106, 65.266874494023796, 0.599950988163073 ], [ 36.645620116458304, 65.26402830985171, 0.599950988163073 ], [ 36.600204875885538, 65.260331589564885, 0.599950988163073 ], [ 36.600204875878262, 65.260331589564885, 0.599950988163073 ], [ 36.585163345254841, 65.260258666050504, 0.599950988163073 ], [ 36.572930822509079, 65.259433629562409, 0.599950988163073 ], [ 36.572930822509079, 65.259433629555133, 0.599950988163073 ], [ 36.542159077467659, 65.258522458148946, 0.599950988163073 ], [ 36.494553675271163, 65.255368137164623, 0.599950988163073 ], [ 36.487964909905713, 65.254815836033231, 0.599950988163073 ], [ 36.467732457454986, 65.25486800307408, 0.599950988163073 ], [ 36.42418260226259, 65.255488500588399, 0.599950988163073 ], [ 36.412692544672609, 65.255917723879975, 0.599950988163073 ], [ 36.358558552983595, 65.264254160920245, 0.599950988163073 ], [ 36.358558552969043, 65.264254160920245, 0.599950988163073 ], [ 36.349525119803729, 65.265587924222928, 0.599950988163073 ], [ 36.342906828835112, 65.266137176375196, 0.599950988163073 ], [ 36.311018101700029, 65.271790996641357, 0.599950988163073 ], [ 36.284612770024978, 65.27362530141545, 0.599950988163073 ], [ 36.277095688285044, 65.274685612326721, 0.599950988163073 ], [ 36.269817207456072, 65.275009093580593, 0.599950988163073 ], [ 36.23882258728554, 65.279096134028805, 0.599950988163073 ], [ 36.21272714344741, 65.280569012087653, 0.599950988163073 ], [ 36.212727143440134, 65.280569012087653, 0.599950988163073 ], [ 36.205746384439408, 65.281518706917268, 0.599950988163073 ], [ 36.199194919292495, 65.281937130959705, 0.599950988163073 ], [ 36.170256832298037, 65.288018034701963, 0.599950988163073 ], [ 36.144648549718113, 65.290147164872906, 0.599950988163073 ], [ 36.138599083595182, 65.291466098868113, 0.599950988163073 ], [ 36.132062318105454, 65.292132567228691, 0.599950988163073 ], [ 36.102359677632194, 65.296178866177797, 0.599950988163073 ], [ 36.071936573142011, 65.297769774289918, 0.599950988163073 ], [ 36.070115802922373, 65.298093889505253, 0.599950988163073 ], [ 36.070115802922373, 65.298093889505253, 0.599950988163073 ], [ 36.067977095910464, 65.298297031833499, 0.599950988163073 ], [ 36.033370171087881, 65.303458987134945, 0.599950988163073 ], [ 36.006932298914762, 65.304931333826971, 0.599950988163073 ], [ 36.000011127598555, 65.306315501522477, 0.599950988163073 ], [ 35.988648915732483, 65.307564350609027, 0.599950988163073 ], [ 35.962265451140411, 65.312037881772994, 0.599950988163073 ], [ 35.948715883787372, 65.312993512699904, 0.599950988163073 ], [ 35.925554311030282, 65.31807227223544, 0.599950988163073 ], [ 35.893181245042797, 65.323070365757303, 0.599950988163073 ], [ 35.886298607234494, 65.325148278814595, 0.599950988163073 ], [ 35.866949557286716, 65.328952497729915, 0.599950988163073 ], [ 35.866949557293992, 65.328952497729915, 0.599950988163073 ], [ 35.844611491389514, 65.334467283482809, 0.599950988163073 ], [ 35.836363998583693, 65.335712407133542, 0.599950988163073 ], [ 35.801004800636292, 65.346550297617796, 0.599950988163073 ], [ 35.776491150234506, 65.351217546951375, 0.599950988163073 ], [ 35.75912146022165, 65.362568429016392, 0.599950988163073 ], [ 35.72038595871345, 65.372458169040328, 0.599950988163073 ], [ 35.706627855848637, 65.378884533569362, 0.599950988163073 ], [ 35.669394385611668, 65.395428946474567, 0.599950988163073 ], [ 35.665812049741362, 65.398384904288832, 0.599950988163073 ], [ 35.613114925898117, 65.444411117096024, 0.599950988163073 ], [ 35.608924185216893, 65.449847885545751, 0.599950988163073 ], [ 35.585945713643014, 65.485101198963093, 0.599950988163073 ], [ 35.566279953498452, 65.524902564357035, 0.599950988163073 ], [ 35.562751835783274, 65.531520603901299, 0.599950988163073 ], [ 35.561486249658628, 65.536286858150561, 0.599950988163073 ], [ 35.542799209022633, 65.583405430403218, 0.599950988163073 ], [ 35.535710379292141, 65.606957140542363, 0.599950988163073 ], [ 35.526896841700363, 65.651304058210371, 0.599950988163073 ], [ 35.526896841700363, 65.651304058210371, 0.599950988163073 ], [ 35.526031173900265, 65.670235938046972, 0.599950988163073 ], [ 35.534070263191097, 65.704625673068222, 0.599950988163073 ], [ 35.538877345297806, 65.716979982174962, 0.599950988163073 ], [ 35.55614677684207, 65.751361042643111, 0.599950988163073 ], [ 35.556146776849346, 65.751361042643111, 0.599950988163073 ], [ 35.558001429890282, 65.755583622336417, 0.599950988163073 ], [ 35.566659255058767, 65.76951770841697, 0.599950988163073 ], [ 35.566659255058767, 65.76951770841697, 0.599950988163073 ], [ 35.580460703225981, 65.790116266427503, 0.599950988163073 ], [ 35.588749221813487, 65.79929008282852, 0.599950988163073 ], [ 35.627530821668188, 65.841000569776952, 0.599950988163073 ], [ 35.6709574416127, 65.872811690755043, 0.599950988163073 ], [ 35.670957441627252, 65.872811690755043, 0.599950988163073 ], [ 35.6985585483053, 65.891427884947916, 0.599950988163073 ], [ 35.715305106354208, 65.89869868200185, 0.599950988163073 ], [ 35.782054463295935, 65.932822259845125, 0.599950988163073 ], [ 35.782054463303211, 65.932822259845125, 0.599950988163073 ], [ 35.800628579963814, 65.941344479600957, 0.599950988163073 ], [ 35.834152162165992, 65.950597235292662, 0.599950988163073 ], [ 35.884305519441114, 65.968460226187744, 0.599950988163073 ], [ 35.977759390141728, 65.987533839535899, 0.599950988163073 ], [ 35.977759390152642, 65.987533839535899, 0.599950988163073 ], [ 35.9820723281955, 65.988330295185733, 0.599950988163073 ], [ 35.983029482216807, 65.988579875280266, 0.599950988163073 ], [ 35.986596659444331, 65.989007840420527, 0.599950988163073 ], [ 35.986596659477073, 65.989007840420527, 0.599950988163073 ], [ 36.101967125210649, 65.995704161712638, 0.599950988163073 ], [ 36.142720293140883, 65.997725207285839, 0.599950988163073 ], [ 36.205437928867468, 65.99625467174701, 0.599950988163073 ], [ 36.23431054426328, 66.004392707316583, 0.599950988163073 ], [ 36.23465879340074, 66.004384817122627, 0.599950988163073 ], [ 36.235061446637701, 66.004399756086059, 0.599950988163073 ], [ 36.235061446644977, 66.004399756086059, 0.599950988163073 ], [ 36.322536919949926, 66.000224428553338, 0.599950988163073 ], [ 36.322536919949926, 66.000224428553338, 0.599950988163073 ], [ 36.359692256020935, 66.007429591303662, 0.599950988163073 ], [ 36.359692256028211, 66.007429591303662, 0.599950988163073 ], [ 36.378338665595948, 66.007077180227498, 0.599950988163073 ], [ 36.395131444187427, 66.007686413828196, 0.599950988163073 ], [ 36.447582943175803, 66.002795474600134, 0.599950988163073 ], [ 36.47662963456969, 66.007809375510988, 0.599950988163073 ], [ 36.509104713699344, 66.006591619279789, 0.599950988163073 ], [ 36.537449870174896, 66.007999337532965, 0.599950988163073 ] ] ] ] } },
{ "type": "Feature", "properties": { "gid": 13, "objectid": 13.0, "shape_leng": 0.26058743039, "shape_area": 0.0017450070678200001, "z_mean": 0.11028948121899999 }, "geometry": { "type": "MultiPolygon", "coordinates": [ [ [ [ 40.774414063002041, 65.987890625008731, 0.130550988162895 ], [ 40.752933517338533, 65.981545251463103, 0.189550988163091 ], [ 40.749073776078149, 65.980405080230412, 0.199950988162982 ], [ 40.749730210027337, 65.980800875215209, 0.199950988162982 ], [ 40.749730210041889, 65.980800875215209, 0.199950988162982 ], [ 40.798039149496617, 66.011126799163321, 0.199950988162982 ], [ 40.809523826599616, 66.012022745722788, 0.11095098816304 ], [ 40.854010982464388, 66.015493292903557, 0.199950988162982 ], [ 40.85401098247894, 66.015493292903557, 0.199950988162982 ], [ 40.862012676770973, 66.01239543972406, 0.199950988162982 ], [ 40.869547932001296, 65.998361818008561, 0.140150988162986 ], [ 40.848633379424427, 65.996059795405017, 0.084150988162946 ], [ 40.801773809336737, 65.990902057084895, -0.000049011837064 ], [ 40.798027350141638, 65.990489691881521, 0.028650988163008 ], [ 40.785482547853462, 65.989108910802315, 0.08315098816297 ], [ 40.774414063002041, 65.987890625008731, 0.130550988162895 ] ] ] ] } },
{ "type": "Feature", "properties": { "gid": 14, "objectid": 14.0, "shape_leng": 9.6584055955599997, "shape_area": 0.320657858244, "z_mean": 0.26439361570999997 }, "geometry": { "type": "MultiPolygon", "coordinates": [ [ [ [ 40.842859194755874, 66.048066788989672, 0.399950988163027 ], [ 40.859060992159357, 66.017892642412335, 0.223450988162995 ], [ 40.862012676770973, 66.01239543972406, 0.199950988162982 ], [ 40.85401098247894, 66.015493292903557, 0.199950988162982 ], [ 40.809523826599616, 66.012022745711874, 0.11095098816304 ], [ 40.798039149496617, 66.011126799163321, 0.199950988162982 ], [ 40.749730210041889, 65.980800875215209, 0.199950988162982 ], [ 40.749073776078149, 65.980405080230412, 0.199950988162982 ], [ 40.70977985479476, 65.968797618632379, 0.306550988163053 ], [ 40.691601563001313, 65.963427734008292, 0.332150988162994 ], [ 40.666947709833039, 65.946933484956389, 0.341550988162908 ], [ 40.65906643096605, 65.941660646836681, 0.336950988162926 ], [ 40.631184292382386, 65.923006567285483, 0.199950988162982 ], [ 40.628431644319789, 65.921767226449447, 0.199950988162982 ], [ 40.603322661863785, 65.932553454014851, 0.199950988162982 ], [ 40.603322661863785, 65.932553454029403, 0.199950988162982 ], [ 40.575232963325107, 65.916317626586533, 0.199950988162982 ], [ 40.547886275595374, 65.893672929716558, 0.199950988162982 ], [ 40.523806286390027, 65.876304747143877, 0.199950988162982 ], [ 40.493948205974448, 65.854287442609348, 0.199950988162982 ], [ 40.468970049372729, 65.836781028338009, 0.199950988162982 ], [ 40.468970049361815, 65.836781028338009, 0.199950988162982 ], [ 40.459682748729392, 65.817355883060372, 0.199950988162982 ], [ 40.432870194097632, 65.804006232043321, 0.311550988162935 ], [ 40.413842808749905, 65.794532723921293, 0.315350988162891 ], [ 40.39101079874672, 65.783164938584378, 0.199950988162982 ], [ 40.355277127946465, 65.787358873651101, 0.199950988162982 ], [ 40.355277127946465, 65.787358873651101, 0.199950988162982 ], [ 40.312527213383873, 65.773864040478657, 0.199950988162982 ], [ 40.296334271544765, 65.748476879281952, 0.199950988162982 ], [ 40.294478801792138, 65.741679446338821, 0.199950988162982 ], [ 40.258959678420069, 65.730998609920789, 0.337850988162927 ], [ 40.23282274009398, 65.723139058885863, 0.266950988162989 ], [ 40.191375142574543, 65.71067549088184, 0.209250988162921 ], [ 40.176552769687987, 65.706218304854701, 0.21705098816301 ], [ 40.104567207934451, 65.684571768102614, 0.29605098816296 ], [ 40.089062134517008, 65.679909289487114, 0.298050988162913 ], [ 40.012404522432917, 65.656857836129348, 0.277750988163007 ], [ 40.005368410256779, 65.65474203044505, 0.277050988162955 ], [ 39.981965756356658, 65.647704696912115, 0.298350988163065 ], [ 39.912813599734363, 65.626910183895234, 0.386250988163056 ], [ 39.911357173430588, 65.626472226824262, 0.386550988162981 ], [ 39.834839333812852, 65.603462803985167, 0.001750988162939 ], [ 39.827821035283705, 65.601352354984556, -0.000049011837064 ], [ 39.816503906004073, 65.597949219005386, 0.030050988162884 ], [ 39.814077463430294, 65.593609104096686, -0.000049011837064 ], [ 39.781152344003203, 65.534716797003057, 0.038050988162922 ], [ 39.779855926695745, 65.531205008061079, 0.040750988162927 ], [ 39.771486176181497, 65.508532680854842, 0.061150988163035 ], [ 39.749511109770538, 65.449005709888297, 0.093850988163013 ], [ 39.749121094002476, 65.447949219000293, 0.09855098816297 ], [ 39.750003859444405, 65.446179283102538, 0.097250988163069 ], [ 39.772596193368372, 65.400881878889777, 0.169550988162882 ], [ 39.798046875006548, 65.34985351600335, 0.227850988163027 ], [ 39.830027314579638, 65.318967644845543, 0.267750988163016 ], [ 39.839554330974352, 65.309766701866465, 0.281450988162987 ], [ 39.845678637902893, 65.303852006592933, 0.319050988162871 ], [ 39.894574990245019, 65.256629189807427, 0.295050988162984 ], [ 39.896484375003638, 65.254785156001162, 0.291850988162878 ], [ 39.898146892930527, 65.253491939954984, 0.289150988162874 ], [ 39.947628919457202, 65.215001557575306, 0.308650988162981 ], [ 39.970750781223614, 65.197015849156742, 0.199950988162982 ], [ 39.969569396271254, 65.18734203693748, 0.199950988162982 ], [ 39.969569396271254, 65.187342036930204, 0.199950988162982 ], [ 39.972262000781484, 65.15950922936463, 0.199950988162982 ], [ 39.977988107089914, 65.139577863490558, 0.199950988162982 ], [ 39.977988107104466, 65.139577863490558, 0.199950988162982 ], [ 39.989864675604622, 65.117569050071324, 0.199950988162982 ], [ 40.016965366881777, 65.097894928483583, 0.199950988162982 ], [ 40.080037222971441, 65.090986218219768, 0.199950988162982 ], [ 40.080037222982355, 65.090986218219768, 0.199950988162982 ], [ 40.07580213370602, 65.098834384963993, 0.199950988162982 ], [ 40.075802133676916, 65.098834384996735, 0.199950988162982 ], [ 40.100873718132789, 65.077709420580504, 0.199950988162982 ], [ 40.100873718143703, 65.077709420573228, 0.199950988162982 ], [ 40.102808788433322, 65.039902751112095, 0.199950988162982 ], [ 40.121401985114062, 65.012524972851679, 0.199950988162982 ], [ 40.136442180551967, 64.994955858110188, 0.199950988162982 ], [ 40.148321728160226, 64.966856424012803, 0.199950988162982 ], [ 40.156487815955188, 64.949930985618266, 0.199950988162982 ], [ 40.165750649834081, 64.916864479419019, 0.199950988162982 ], [ 40.167716872452729, 64.903470105935412, 0.256850988163023 ], [ 40.17366926176328, 64.862921022173396, 0.199950988162982 ], [ 40.15369533782723, 64.843767838421627, 0.199950988162982 ], [ 40.153695337812678, 64.843767838414351, 0.199950988162982 ], [ 40.138712522988499, 64.823587853839854, 0.199950988162982 ], [ 40.120005351065629, 64.806895464142144, 0.199950988162982 ], [ 40.102384017543955, 64.786399855478521, 0.199950988162982 ], [ 40.032306108874764, 64.792733946655062, 0.199950988162982 ], [ 40.032306108860212, 64.792733946655062, 0.199950988162982 ], [ 39.97471109057733, 64.780018212168216, 0.199950988162982 ], [ 39.974711090566416, 64.780018212168216, 0.199950988162982 ], [ 39.949496480840025, 64.752121158635418, 0.199950988162982 ], [ 39.93552076690321, 64.744721853836381, 0.199950988162982 ], [ 39.889025963449967, 64.742592136652092, 0.199950988162982 ], [ 39.864169631178811, 64.721176834769722, 0.199950988162982 ], [ 39.831273486292048, 64.710638069813285, 0.199950988162982 ], [ 39.761944192818191, 64.69393728486466, 0.199950988162982 ], [ 39.761944192818191, 64.69393728486466, 0.199950988162982 ], [ 39.761145941745781, 64.690662162058288, 0.199950988162982 ], [ 39.757698927169258, 64.64774419062087, 0.199950988162982 ], [ 39.750945603700529, 64.638924706250691, 0.199950988162982 ], [ 39.736279882941744, 64.616524413104344, 0.199950988162982 ], [ 39.736279882941744, 64.616524413104344, 0.199950988162982 ], [ 39.71379046574657, 64.58533047628589, 0.199950988162982 ], [ 39.66482385033305, 64.573876225200365, 0.199950988162982 ], [ 39.660745801174926, 64.573737295777391, 0.202550988163011 ], [ 39.620261559521168, 64.572358094028459, 0.221350988163067 ], [ 39.570842177097802, 64.570674493308616, 0.206650988162892 ], [ 39.567382813002041, 64.57055664100335, 0.205450988162966 ], [ 39.521119456327142, 64.58346325589082, 0.236250988162965 ], [ 39.490185742371978, 64.592093185961858, 0.224450988162971 ], [ 39.442527231407439, 64.605389022915915, 0.218150988162961 ], [ 39.431573611778731, 64.608444878780574, 0.199950988162982 ], [ 39.408746940211131, 64.622992847595015, 0.199950988162982 ], [ 39.362316700546216, 64.644442035769316, 0.199950988162982 ], [ 39.327937839279912, 64.637357329156657, 0.199950988162982 ], [ 39.30810815557561, 64.642889441598527, 0.247150988162957 ], [ 39.299619488680037, 64.645257621566998, 0.246750988163058 ], [ 39.291920457984816, 64.647405507741496, 0.257450988162873 ], [ 39.230681478926272, 64.66449004235983, 0.289650988162975 ], [ 39.178347632270743, 64.679090210895083, 0.308150988162879 ], [ 39.143874434026657, 64.688707591158163, 0.239150988162919 ], [ 39.087236715862673, 64.704508459686622, 0.225150988163023 ], [ 39.06478538257943, 64.710771963527804, 0.199950988162982 ], [ 39.054443403820187, 64.715226452550269, 0.199950988162982 ], [ 39.014267827536969, 64.727896408432571, 0.199950988162982 ], [ 39.014267827536969, 64.727896408439847, 0.199950988162982 ], [ 38.956527615449886, 64.730558317620307, 0.199950988162982 ], [ 38.935577990778256, 64.734083650513639, 0.199950988162982 ], [ 38.8782208856137, 64.756868576303532, 0.199950988162982 ], [ 38.87108047826041, 64.774596325467428, 0.199950988162982 ], [ 38.824683691876999, 64.763590368540463, 0.199950988162982 ], [ 38.775665357523394, 64.765884723725321, 0.199950988162982 ], [ 38.765313890016841, 64.784064117797243, 0.199950988162982 ], [ 38.765313890005928, 64.784064117789967, 0.199950988162982 ], [ 38.720247577446571, 64.773275161544007, 0.199950988162982 ], [ 38.675597655343154, 64.780152722665662, 0.199950988162982 ], [ 38.664894694127725, 64.7990844404776, 0.199950988162982 ], [ 38.610647362886084, 64.790837002135959, 0.199950988162982 ], [ 38.597626209902955, 64.787653152390703, 0.199950988162982 ], [ 38.563772307916224, 64.789806242344639, 0.254950988163046 ], [ 38.540917968999565, 64.79125976600335, 0.23635098816294 ], [ 38.520329822640633, 64.798728812238551, 0.23595098816304 ], [ 38.500342424566043, 64.805979916713113, 0.199950988162982 ], [ 38.477289257436496, 64.821892882842803, 0.199950988162982 ], [ 38.477289257436496, 64.821892882846441, 0.199950988162982 ], [ 38.438206408925907, 64.830940402847773, 0.199950988162982 ], [ 38.419763176116248, 64.849413770974934, 0.302350988162971 ], [ 38.412109375007276, 64.857080077999854, 0.320050988163075 ], [ 38.401853391704208, 64.85675328087018, 0.313150988162988 ], [ 38.394071268616244, 64.856505310937791, 0.313250988162963 ], [ 38.341533263715974, 64.854831237498729, 0.244150988163028 ], [ 38.317978835599206, 64.854080698103644, 0.22335098816302 ], [ 38.297148496480077, 64.853416959205788, 0.210150988162923 ], [ 38.22822265600189, 64.851220703003492, 0.270350988163045 ], [ 38.214864692676201, 64.851620746223489, 0.285050988162993 ], [ 38.208089487168763, 64.851823649536527, 0.277850988162982 ], [ 38.188854770345642, 64.852399689294543, 0.28565098816307 ], [ 38.115722655998979, 64.854589844002476, 0.235650988162888 ], [ 38.109375027026545, 64.856032486964978, 0.236950988163017 ], [ 38.077998296303122, 64.863163562185946, 0.237850988163018 ], [ 38.056403914892144, 64.868071376175067, 0.199950988162982 ], [ 38.012995432956814, 64.887229112078785, 0.199950988162982 ], [ 38.012995432956814, 64.887229112082423, 0.199950988162982 ], [ 37.989187652477995, 64.888386443468335, 0.199950988162982 ], [ 37.971190913423925, 64.896968492314045, 0.266050988162988 ], [ 37.923576227956801, 64.919674358905468, 0.325350988162882 ], [ 37.908167005210998, 64.927022506923095, 0.315950988162967 ], [ 37.866961931704282, 64.946671841848001, 0.379750988163096 ], [ 37.848602430673054, 64.95542687986017, 0.381750988163049 ], [ 37.844258847057063, 64.957498191033665, 0.382250988162923 ], [ 37.824757420581591, 64.966797775476152, 0.382750988163025 ], [ 37.787053441406897, 64.984777554465836, 0.342850988163036 ], [ 37.777836092584039, 64.989173002861207, 0.353450988162876 ], [ 37.73544584001138, 65.009387510435772, 0.29845098816304 ], [ 37.722644764431607, 65.015491919431952, 0.199950988162982 ], [ 37.728102989516628, 65.028561911087309, 0.199950988162982 ], [ 37.688720498208568, 65.040552688871685, 0.199950988162982 ], [ 37.646809125038999, 65.051655424344062, 0.199950988162982 ], [ 37.642430331867217, 65.053743525793834, 0.209450988163098 ], [ 37.597590174234938, 65.075126311960048, 0.307850988162954 ], [ 37.577375748944178, 65.08476590191276, 0.39545098816302 ], [ 37.578498802133254, 65.085217056934198, 0.399950988163027 ], [ 37.594862099271268, 65.084866807475919, 0.399950988163027 ], [ 37.674942443849432, 65.063883357684972, 0.399950988163027 ], [ 37.684220996416116, 65.061425377734849, 0.399950988163027 ], [ 37.762985979035875, 65.037443822177011, 0.399950988163027 ], [ 37.759885203213344, 65.030018864603335, 0.399950988163027 ], [ 37.759885203198792, 65.030018864588783, 0.399950988163027 ], [ 37.78973534853867, 64.99786468545426, 0.399950988163027 ], [ 37.789735348553222, 64.997864685432432, 0.399950988163027 ], [ 37.796361362950847, 64.997451191204163, 0.399950988163027 ], [ 37.801108732699504, 64.994911803900322, 0.399950988163027 ], [ 37.850611677073175, 64.972607102168695, 0.399950988163027 ], [ 37.873923636740074, 64.964524395567423, 0.399950988163027 ], [ 37.924642262554698, 64.945707869665057, 0.399950988163027 ], [ 37.953397836456134, 64.937477272840624, 0.399950988163027 ], [ 38.01689169124802, 64.928568977145915, 0.399950988163027 ], [ 38.065898529723199, 64.919994306037552, 0.399950988163027 ], [ 38.112187145456119, 64.907357739877625, 0.399950988163027 ], [ 38.112187145456119, 64.907357739873987, 0.399950988163027 ], [ 38.151710414855188, 64.900539220376231, 0.399950988163027 ], [ 38.200875376722252, 64.908572339525563, 0.399950988163027 ], [ 38.200875376722252, 64.908572339525563, 0.399950988163027 ], [ 38.219691337704717, 64.899345787860511, 0.399950988163027 ], [ 38.236351149593247, 64.901397449571959, 0.399950988163027 ], [ 38.26059549431011, 64.894104966013401, 0.399950988163027 ], [ 38.326579982654948, 64.883452636229777, 0.399950988163027 ], [ 38.3265799826695, 64.883452636229777, 0.399950988163027 ], [ 38.329240857270634, 64.884274495889258, 0.399950988163027 ], [ 38.329240857270634, 64.884274495889258, 0.399950988163027 ], [ 38.342125646064233, 64.881557566135598, 0.399950988163027 ], [ 38.414249394947547, 64.884326087198133, 0.399950988163027 ], [ 38.433624223442166, 64.880425946215837, 0.399950988163027 ], [ 38.433624223456718, 64.880425946208561, 0.399950988163027 ], [ 38.491592385969852, 64.87048815414164, 0.399950988163027 ], [ 38.493156236690993, 64.870585044984182, 0.399950988163027 ], [ 38.493156236690993, 64.870585044984182, 0.399950988163027 ], [ 38.494144818061613, 64.870634222927038, 0.399950988163027 ], [ 38.494705213790439, 64.870299912683549, 0.399950988163027 ], [ 38.499989882860973, 64.868865693377302, 0.399950988163027 ], [ 38.574939125777746, 64.85369967807128, 0.399950988163027 ], [ 38.587121599775855, 64.848319084885588, 0.399950988163027 ], [ 38.664610497235117, 64.833671217296796, 0.399950988163027 ], [ 38.683209388247633, 64.836498880951694, 0.399950988163027 ], [ 38.689779053314851, 64.824878260944388, 0.399950988163027 ], [ 38.689779053325765, 64.824878260926198, 0.399950988163027 ], [ 38.720168000403646, 64.824901164014591, 0.399950988163027 ], [ 38.751519243382063, 64.813605957300751, 0.399950988163027 ], [ 38.785237780019088, 64.821678235595755, 0.399950988163027 ], [ 38.795398143331113, 64.80383446144333, 0.399950988163027 ], [ 38.795398143345665, 64.803834461403312, 0.399950988163027 ], [ 38.8195029694798, 64.804762159845268, 0.399950988163027 ], [ 38.845730964669201, 64.796525792393368, 0.399950988163027 ], [ 38.892510956506158, 64.807622650929261, 0.399950988163027 ], [ 38.9009685591991, 64.786624653006584, 0.399950988163027 ], [ 38.900968559228204, 64.786624652937462, 0.399950988163027 ], [ 38.918647802336636, 64.787515792682825, 0.399950988163027 ], [ 38.918647802336636, 64.787515792682825, 0.399950988163027 ], [ 38.940403951513872, 64.780477909720503, 0.399950988163027 ], [ 38.940403951513872, 64.780477909713227, 0.399950988163027 ], [ 38.997286375790281, 64.767422933076887, 0.399950988163027 ], [ 38.997286375790281, 64.767422933065973, 0.399950988163027 ], [ 39.030952841938415, 64.761866070060933, 0.399950988163027 ], [ 39.084492053607391, 64.753000341912411, 0.399950988163027 ], [ 39.1158861671247, 64.748775116881006, 0.399950988163027 ], [ 39.1158861671247, 64.748775116881006, 0.399950988163027 ], [ 39.180373511993821, 64.738098435471329, 0.399950988163027 ], [ 39.192873420368414, 64.737759836560144, 0.399950988163027 ], [ 39.192873420382966, 64.737759836560144, 0.399950988163027 ], [ 39.231147077774949, 64.733250963599858, 0.399950988163027 ], [ 39.231147077789501, 64.733250963592582, 0.399950988163027 ], [ 39.276969572809321, 64.732605113822501, 0.399950988163027 ], [ 39.290987344054884, 64.733958845146844, 0.399950988163027 ], [ 39.314607955049723, 64.733795208005176, 0.399950988163027 ], [ 39.357315913737693, 64.739893316462258, 0.399950988163027 ], [ 39.366824185883161, 64.736805874013953, 0.399950988163027 ], [ 39.366824185897713, 64.736805874006677, 0.399950988163027 ], [ 39.414677751014096, 64.742650554922875, 0.399950988163027 ], [ 39.45100297917088, 64.743081328193512, 0.399950988163027 ], [ 39.529233556015242, 64.750892608575668, 0.399950988163027 ], [ 39.529233556015242, 64.750892608575668, 0.399950988163027 ], [ 39.533928141307115, 64.752045473600447, 0.399950988163027 ], [ 39.539719984724798, 64.753134515649435, 0.399950988163027 ], [ 39.591144666046603, 64.762972686618014, 0.399950988163027 ], [ 39.627124564551195, 64.769811663431028, 0.399950988163027 ], [ 39.627124564551195, 64.769811663431028, 0.399950988163027 ], [ 39.649694391748199, 64.775585337723896, 0.399950988163027 ], [ 39.696633726769505, 64.792860075089266, 0.399950988163027 ], [ 39.696633726769505, 64.792860075089266, 0.399950988163027 ], [ 39.705987832610845, 64.796516791611793, 0.399950988163027 ], [ 39.710556129928591, 64.797865152198938, 0.399950988163027 ], [ 39.742394033775781, 64.811973004205356, 0.399950988163027 ], [ 39.742394033790333, 64.811973004212632, 0.399950988163027 ], [ 39.786718925639434, 64.831344889527827, 0.399950988163027 ], [ 39.786718925639434, 64.831344889527827, 0.399950988163027 ], [ 39.796856513916282, 64.838698153969744, 0.399950988163027 ], [ 39.835768945678865, 64.871689252155193, 0.399950988163027 ], [ 39.863127561151487, 64.899230850140157, 0.399950988163027 ], [ 39.877181694111641, 64.914924187825818, 0.399950988163027 ], [ 39.910246062227088, 64.953198760336818, 0.399950988163027 ], [ 39.916297954619949, 64.961726344667113, 0.399950988163027 ], [ 39.928680744247686, 64.98221638440009, 0.399950988163027 ], [ 39.928680744247686, 64.982216384407366, 0.399950988163027 ], [ 39.949449304629525, 65.032133947614057, 0.399950988163027 ], [ 39.949449304629525, 65.03213394762497, 0.399950988163027 ], [ 39.950778036305564, 65.054329743983544, 0.399950988163027 ], [ 39.95332506826162, 65.105062434991851, 0.399950988163027 ], [ 39.95332506826162, 65.105062435002765, 0.399950988163027 ], [ 39.942669351228687, 65.112798100140935, 0.399950988163027 ], [ 39.942406214198854, 65.113285726976756, 0.399950988163027 ], [ 39.942406214198854, 65.113285726976756, 0.399950988163027 ], [ 39.930954001567443, 65.153148458732176, 0.399950988163027 ], [ 39.93072058749749, 65.155561204035621, 0.399950988163027 ], [ 39.93072058749749, 65.155561204042897, 0.399950988163027 ], [ 39.881439907607273, 65.190768935815868, 0.399950988163027 ], [ 39.86525268697369, 65.19979578987477, 0.399950988163027 ], [ 39.851369906784385, 65.21334730498711, 0.399950988163027 ], [ 39.8164918295588, 65.246956744260387, 0.399950988163027 ], [ 39.793161167224753, 65.25176807322714, 0.399950988163027 ], [ 39.793161167224753, 65.25176807322714, 0.399950988163027 ], [ 39.75115946270671, 65.283276588375884, 0.399950988163027 ], [ 39.734957567619858, 65.280959229417931, 0.399950988163027 ], [ 39.680603242988582, 65.316745136788086, 0.399950988163027 ], [ 39.654527992668591, 65.35508795577698, 0.399950988163027 ], [ 39.654527992654039, 65.355087955784256, 0.399950988163027 ], [ 39.650697872897581, 65.366455341329129, 0.399950988163027 ], [ 39.63935466586554, 65.400567129861884, 0.399950988163027 ], [ 39.639354665854626, 65.40056712986916, 0.399950988163027 ], [ 39.701000397795724, 65.437528629812732, 0.399950988163027 ], [ 39.701181421067304, 65.438330399225379, 0.412150988162921 ], [ 39.701937458579778, 65.441678961771686, 0.399950988163027 ], [ 39.701937458579778, 65.441678961778962, 0.399950988163027 ], [ 39.709406539848715, 65.487328964842163, 0.399950988163027 ], [ 39.672509586285742, 65.530244710771512, 0.399950988163027 ], [ 39.699094925745158, 65.55980686600742, 0.399950988163027 ], [ 39.709983734246634, 65.573031217914831, 0.399950988163027 ], [ 39.748875903678709, 65.601108216022112, 0.399950988163027 ], [ 39.80293385726327, 65.626918825873872, 0.399950988163027 ], [ 39.82041527612455, 65.636768013060646, 0.399950988163027 ], [ 39.82041527612455, 65.636768013060646, 0.399950988163027 ], [ 39.90625547493255, 65.636684093653457, 0.399950988163027 ], [ 39.906255474943464, 65.636684093653457, 0.399950988163027 ], [ 39.912829011398571, 65.639139602892101, 0.399950988163027 ], [ 39.957162820574013, 65.665073443233268, 0.399950988163027 ], [ 39.957162820574013, 65.665073443233268, 0.399950988163027 ], [ 40.008608854084741, 65.679662010501488, 0.399950988163027 ], [ 40.008608854084741, 65.679662010501488, 0.399950988163027 ], [ 40.047027019489178, 65.689238810140523, 0.399950988163027 ], [ 40.04702701950373, 65.689238810140523, 0.399950988163027 ], [ 40.100758888249402, 65.706956583122519, 0.399950988163027 ], [ 40.122263901765109, 65.718988823358814, 0.399950988163027 ], [ 40.182988767533971, 65.743280348786357, 0.399950988163027 ], [ 40.182988767548522, 65.743280348786357, 0.399950988163027 ], [ 40.200712288595241, 65.750911809016543, 0.437950988163038 ], [ 40.265605381584464, 65.778853720552434, 0.440350988162891 ], [ 40.277204426754906, 65.783848080955067, 0.399950988163027 ], [ 40.362704255891003, 65.810837747314508, 0.399950988163027 ], [ 40.362704255891003, 65.810837747314508, 0.399950988163027 ], [ 40.368957719772879, 65.814233893899655, 0.433950988162906 ], [ 40.432921160463593, 65.848971316947427, 0.428750988163074 ], [ 40.440030098729039, 65.852832056658372, 0.399950988163027 ], [ 40.489986411943391, 65.887844885241066, 0.399950988163027 ], [ 40.489986411943391, 65.887844885241066, 0.399950988163027 ], [ 40.496732572759356, 65.892819494300056, 0.399950988163027 ], [ 40.496732572773908, 65.892819494300056, 0.399950988163027 ], [ 40.544892551199155, 65.927555859441782, 0.399950988163027 ], [ 40.551545926642575, 65.933065253182576, 0.399950988163027 ], [ 40.607725323701743, 65.965536908013746, 0.399950988163027 ], [ 40.617676529931487, 65.968780204300856, 0.443150988163097 ], [ 40.68252466883132, 65.989915504233068, 0.425350988163018 ], [ 40.701701296187821, 65.996165548996942, 0.399950988163027 ], [ 40.742586195407057, 66.019769396039919, 0.441850988162969 ], [ 40.76686714409152, 66.033787378462875, 0.445850988162874 ], [ 40.773328253773798, 66.037517534281506, 0.443250988163072 ], [ 40.793427803018858, 66.049121493088023, 0.460150988162923 ], [ 40.805886836122227, 66.056314396017115, 0.399950988163027 ], [ 40.842859194755874, 66.048066788989672, 0.399950988163027 ] ] ] ] } },
{ "type": "Feature", "properties": { "gid": 15, "objectid": 15.0, "shape_leng": 0.0308772629404, "shape_area": 5.1381584664900002e-06, "z_mean": 0.19785098816300001 }, "geometry": { "type": "MultiPolygon", "coordinates": [ [ [ [ 38.424412665233831, 66.064933940782794, 0.21425098816303 ], [ 38.40901460222085, 66.064658242114092, 0.176650988162919 ], [ 38.412887236037932, 66.065394957953686, 0.209850988162998 ], [ 38.424412665233831, 66.064933940782794, 0.21425098816303 ] ] ] ] } },
{ "type": "Feature", "properties": { "gid": 16, "objectid": 16.0, "shape_leng": 0.21988358562800001, "shape_area": 0.0004304338858, "z_mean": 0.248060914805 }, "geometry": { "type": "MultiPolygon", "coordinates": [ [ [ [ 38.533310832561256, 66.06688373664656, 0.308050988162904 ], [ 38.523294915747101, 66.06303957876662, 0.325050988162957 ], [ 38.520548568842059, 66.061985517386347, 0.282550988162939 ], [ 38.509181960609567, 66.057622957505373, 0.282550988162939 ], [ 38.480771056165395, 66.060643442328001, 0.163150988162897 ], [ 38.450066314246214, 66.063907794825354, 0.223950988163097 ], [ 38.424412665233831, 66.064933940782794, 0.21425098816303 ], [ 38.459649756186991, 66.065564852535317, 0.300150988163068 ], [ 38.533310832561256, 66.06688373664656, 0.308050988162904 ] ] ] ] } },
{ "type": "Feature", "properties": { "gid": 17, "objectid": 17.0, "shape_leng": 0.75835582419500003, "shape_area": 0.0109170647398, "z_mean": 0.111119840676 }, "geometry": { "type": "MultiPolygon", "coordinates": [ [ [ [ 34.60995702866785, 66.028715386448312, 0.199950988162982 ], [ 34.623460673858062, 66.021186307691096, 0.199950988162982 ], [ 34.676927117754531, 66.023151936118666, 0.199950988162982 ], [ 34.710116367259616, 66.004213414249534, 0.199950988162982 ], [ 34.730619304969878, 65.962938498800213, 0.199950988162982 ], [ 34.730619304980792, 65.962938498800213, 0.199950988162982 ], [ 34.71693851980308, 65.928635809308616, 0.199950988162982 ], [ 34.695294059660228, 65.948625631081086, 0.056450988163078 ], [ 34.691796874998545, 65.951855469003931, 0.043050988163031 ], [ 34.678612168139807, 65.959828027545882, -0.000049011837064 ], [ 34.63590895883317, 65.985649901318538, 0.094850988162989 ], [ 34.613383121570223, 65.999270875843649, 0.092450988162909 ], [ 34.533288791171799, 66.047702497784485, -0.000049011837064 ], [ 34.485974736173375, 66.076312468212564, 0.001050988162888 ], [ 34.462767255041399, 66.090345620708831, 0.053350988162947 ], [ 34.421280843675049, 66.115431718328182, 0.199950988162982 ], [ 34.448075956795947, 66.123639709254348, 0.199950988162982 ], [ 34.49791100632865, 66.106686708852067, 0.199950988162982 ], [ 34.555650008878729, 66.058913172237226, 0.199950988162982 ], [ 34.555650008896919, 66.058913172226312, 0.199950988162982 ], [ 34.563979297879996, 66.055469113893196, 0.199950988162982 ], [ 34.609957028656936, 66.028715386462864, 0.199950988162982 ], [ 34.60995702866785, 66.028715386448312, 0.199950988162982 ] ] ] ] } },
{ "type": "Feature", "properties": { "gid": 18, "objectid": 18.0, "shape_leng": 1.4862039286199999, "shape_area": 0.0046233660820800002, "z_mean": 0.14404184167600001 }, "geometry": { "type": "MultiPolygon", "coordinates": [ [ [ [ 37.900683594005386, 66.095605469003203, 0.151050988162979 ], [ 38.070009318555094, 66.084989331709949, 0.161950988162971 ], [ 38.138695941612241, 66.080682918014645, 0.155250988163061 ], [ 38.143926874654426, 66.08035495659351, 0.165750988162927 ], [ 38.242238243012252, 66.074191173822328, 0.215250988163007 ], [ 38.397558593998838, 66.064453125007276, 0.148750988162874 ], [ 38.40901460222085, 66.064658242114092, 0.176650988162919 ], [ 38.390506549825659, 66.061137337237597, 0.01805098816294 ], [ 38.38641793926945, 66.060359534763847, 0.046350988162885 ], [ 38.369245722591586, 66.057092754435871, 0.199950988162982 ], [ 38.253851546443912, 66.065493392659846, 0.199950988162982 ], [ 38.253851546407532, 66.065493392659846, 0.199950988162982 ], [ 38.150427669261262, 66.074258558135625, 0.199950988162982 ], [ 38.150427669155761, 66.074258558135625, 0.199950988162982 ], [ 38.108954071085464, 66.074897686768963, 0.199950988162982 ], [ 38.100771707642707, 66.072240766014147, 0.199950988162982 ], [ 38.097497878719878, 66.075695489402278, 0.199950988162982 ], [ 38.097497878705326, 66.075695489402278, 0.199950988162982 ], [ 38.0553048693655, 66.080687014713476, 0.199950988162982 ], [ 37.944771652408235, 66.086289272425347, 0.199950988162982 ], [ 37.944771652342752, 66.086289272425347, 0.199950988162982 ], [ 37.891901701397728, 66.085345748037071, 0.199950988162982 ], [ 37.883261505536211, 66.086062080958072, 0.175350988163018 ], [ 37.876172491847683, 66.086649809978553, 0.199950988162982 ], [ 37.858936699351034, 66.093888318813697, 0.199950988162982 ], [ 37.671137586003169, 66.124237014038954, 0.199950988162982 ], [ 37.768515033141739, 66.112091009897995, 0.1024509881629 ], [ 37.805456018282712, 66.107483317144215, 0.149750988163078 ], [ 37.900683594005386, 66.095605469003203, 0.151050988162979 ] ] ] ] } },
{ "type": "Feature", "properties": { "gid": 19, "objectid": 19.0, "shape_leng": 0.17479551269, "shape_area": 0.00037734756208600002, "z_mean": 0.17792724431199999 }, "geometry": { "type": "MultiPolygon", "coordinates": [ [ [ [ 34.126782916187949, 66.227285594348359, 0.199950988162982 ], [ 34.126782916206139, 66.227285594348359, 0.199950988162982 ], [ 34.131312718807749, 66.218965515879972, 0.199950988162982 ], [ 34.113618423834851, 66.224932826582517, 0.156350988163013 ], [ 34.112695313004224, 66.225244141001895, 0.157550988162939 ], [ 34.065564230357268, 66.233509572317416, 0.152450988163082 ], [ 34.048003083382355, 66.23658929053272, 0.199950988162982 ], [ 34.065275090135401, 66.238818949277629, 0.199950988162982 ], [ 34.126782916187949, 66.227285594348359, 0.199950988162982 ] ] ] ] } },
{ "type": "Feature", "properties": { "gid": 20, "objectid": 20.0, "shape_leng": 2.9486222439700001, "shape_area": 0.035967034036600003, "z_mean": 0.12818936195399999 }, "geometry": { "type": "MultiPolygon", "coordinates": [ [ [ [ 36.769921874998545, 66.293554687999858, -0.000049011837064 ], [ 36.933812119714275, 66.277457655993203, -0.000049011837064 ], [ 36.983691405999707, 66.272558594006114, -0.000049011837064 ], [ 37.033773426541302, 66.264911103859049, -0.000049011837064 ], [ 37.12468076897494, 66.251029615068546, -0.000049011837064 ], [ 37.155675912003062, 66.246296678004001, 0.049650988162966 ], [ 37.229037675129803, 66.235094387637218, 0.167250988163005 ], [ 37.294824218995927, 66.225048828004219, 0.204950988163091 ], [ 37.33072007170631, 66.214771090475551, 0.234350988162987 ], [ 37.414086648866942, 66.190901486199436, 0.168250988162981 ], [ 37.430583599634701, 66.186178062263934, 0.165450988163002 ], [ 37.454500076084514, 66.179330272083462, 0.168250988162981 ], [ 37.48232470908988, 66.171363494493562, 0.1649509881629 ], [ 37.564792303604918, 66.147751287851861, 0.027950988162956 ], [ 37.593663084331638, 66.139484976167296, 0.125850988162938 ], [ 37.628222656003345, 66.129589843996655, 0.130350988162945 ], [ 37.662802093207574, 66.125276709917671, 0.20835098816292 ], [ 37.671137586003169, 66.124237014038954, 0.199950988162982 ], [ 37.668829029025801, 66.124038157173345, 0.215550988162931 ], [ 37.651096631096152, 66.122510705528839, 0.12635098816304 ], [ 37.637240651463799, 66.121317164823267, -0.000049011837064 ], [ 37.582496691542474, 66.116601572968648, 0.199950988162982 ], [ 37.542348112358013, 66.125647424010822, 0.199950988162982 ], [ 37.489242159917922, 66.141376143594243, 0.199950988162982 ], [ 37.449124894577835, 66.151764274178277, 0.199950988162982 ], [ 37.398642833009944, 66.182840733003104, 0.199950988162982 ], [ 37.388178215656808, 66.185232598349103, 0.199950988162982 ], [ 37.388178215631342, 66.185232598349103, 0.199950988162982 ], [ 37.353766051655839, 66.197696103470662, 0.199950988162982 ], [ 37.304806450374599, 66.203124109619239, 0.258750988163001 ], [ 37.301092965000862, 66.204284645013104, 0.259650988163003 ], [ 37.292301063025661, 66.207032282960427, 0.254050988163044 ], [ 37.249309651844669, 66.220467923329124, 0.199950988162982 ], [ 37.202820799975598, 66.225196755975048, 0.199950988162982 ], [ 37.191448881370889, 66.227449504498509, 0.199950988162982 ], [ 37.104052606799087, 66.227674446861784, 0.199950988162982 ], [ 37.055155581394501, 66.23155057009717, 0.199950988162982 ], [ 37.055155581376312, 66.23155057009717, 0.199950988162982 ], [ 36.997997886574012, 66.237507701527647, 0.199950988162982 ], [ 36.997997886574012, 66.237507701527647, 0.199950988162982 ], [ 36.980589487102407, 66.23929824354127, 0.110650988162888 ], [ 36.944909606780129, 66.242968099842983, 0.199950988162982 ], [ 36.944909606765577, 66.242968099842983, 0.199950988162982 ], [ 36.888187804041081, 66.249085363804625, 0.199950988162982 ], [ 36.870132045460196, 66.250241963451117, 0.112350988162916 ], [ 36.785185373675631, 66.255683401446731, 0.101850988163051 ], [ 36.771570853834419, 66.256555508185556, 0.199950988162982 ], [ 36.7055405524261, 66.262809237530746, 0.199950988162982 ], [ 36.672220697684679, 66.26317529705193, 0.134950988162927 ], [ 36.65610391311202, 66.263352359721466, 0.199950988162982 ], [ 36.595983662151411, 66.257563220871816, 0.199950988162982 ], [ 36.595983662151411, 66.257563220871816, 0.199950988162982 ], [ 36.560639234725386, 66.258618341453257, 0.100950988163049 ], [ 36.540773065156827, 66.259211396871251, 0.199950988162982 ], [ 36.459500515586114, 66.284234896982525, 0.199950988162982 ], [ 36.459500515564287, 66.284234896982525, 0.199950988162982 ], [ 36.448311857686349, 66.285513989838364, 0.22725098816295 ], [ 36.432239846082666, 66.287351350096287, 0.199950988162982 ], [ 36.432239846009907, 66.287351350107201, 0.199950988162982 ], [ 36.373427814676688, 66.276640768501238, 0.199950988162982 ], [ 36.342390627312852, 66.280149117774272, 0.106950988162907 ], [ 36.321888083519298, 66.28246666297855, 0.199950988162982 ], [ 36.321888083519298, 66.282466662993102, 0.199950988162982 ], [ 36.239604350470472, 66.312594320053904, 0.263650988162908 ], [ 36.238509772545513, 66.31299509269229, 0.276650988163055 ], [ 36.223083527311246, 66.31864331268298, 0.199950988162982 ], [ 36.366820440412994, 66.303014412646007, 0.209250988162921 ], [ 36.373437499998545, 66.302294922006695, 0.197650988162877 ], [ 36.377111296587827, 66.30221393561078, 0.203850988162912 ], [ 36.431754308418022, 66.301009366805374, 0.117050988162873 ], [ 36.560137734133605, 66.298179239678575, 0.050150988163068 ], [ 36.643299412218767, 66.29634599587007, -0.000049011837064 ], [ 36.73142881426611, 66.294403241889086, -0.000049011837064 ], [ 36.769921874998545, 66.293554687999858, -0.000049011837064 ] ] ] ] } },
{ "type": "Feature", "properties": { "gid": 21, "objectid": 21.0, "shape_leng": 1.26711746151, "shape_area": 0.023805308710799999, "z_mean": 0.108100595839 }, "geometry": { "type": "MultiPolygon", "coordinates": [ [ [ [ 33.679877218950423, 66.341443078657903, 0.199950988162982 ], [ 33.702345559919195, 66.335375754599227, 0.199950988162982 ], [ 33.764459687772614, 66.34508570037724, 0.199950988162982 ], [ 33.826226274828514, 66.3273578152548, 0.199950988162982 ], [ 33.84330837764719, 66.318567503152735, 0.199950988162982 ], [ 33.891875706285646, 66.299735458866053, 0.199950988162982 ], [ 33.898757557981298, 66.26276264725675, 0.199950988162982 ], [ 33.858770927694422, 66.269775147877226, 0.054250988162948 ], [ 33.804800743699161, 66.279239960123959, 0.171150988162935 ], [ 33.705286142983823, 66.296691948293301, 0.17105098816296 ], [ 33.634980072412873, 66.309021603465226, -0.000049011837064 ], [ 33.602618048167642, 66.314696968285716, -0.000049011837064 ], [ 33.566699219001748, 66.320996094011207, -0.000049011837064 ], [ 33.415820313002769, 66.31562500000291, -0.000049011837064 ], [ 33.36054687500291, 66.329541015998984, -0.000049011837064 ], [ 33.476953125002183, 66.346874999999272, -0.000049011837064 ], [ 33.554021602056309, 66.371852693097026, -0.000049011837064 ], [ 33.558332743672509, 66.37324992289723, -0.000049011837064 ], [ 33.593261719004659, 66.384570313006407, 0.175750988162918 ], [ 33.593794377480663, 66.385063561392599, 0.180450988162875 ], [ 33.60248004017194, 66.393106593252014, 0.170650988163061 ], [ 33.620618869779719, 66.409903375457361, 0.100350988162972 ], [ 33.630905163037824, 66.41942861116695, 0.199950988162982 ], [ 33.647731981782272, 66.408744264717825, 0.199950988162982 ], [ 33.604055948231689, 66.390012762309198, 0.199950988162982 ], [ 33.59863127745848, 66.385884306229855, 0.199950988162982 ], [ 33.598631277451204, 66.385884306215303, 0.199950988162982 ], [ 33.604522044402984, 66.383136921380355, 0.199950988162982 ], [ 33.659679930129641, 66.368213781326631, 0.199950988162982 ], [ 33.659679930151469, 66.368213781326631, 0.199950988162982 ], [ 33.679877218950423, 66.341443078657903, 0.199950988162982 ] ] ] ] } },
{ "type": "Feature", "properties": { "gid": 22, "objectid": 22.0, "shape_leng": 26.651767007699998, "shape_area": 3.57683826327, "z_mean": 0.41130981061499999 }, "geometry": { "type": "MultiPolygon", "coordinates": [ [ [ [ 40.634230074141669, 66.436616621558642, 0.399950988163027 ], [ 40.634930184925906, 66.435312738736684, 0.407250988163014 ], [ 40.636248806200456, 66.432856945080857, 0.422650988163014 ], [ 40.637166987173259, 66.431146929404349, 0.424650988162966 ], [ 40.661227839358617, 66.386336118430336, 0.473050988163095 ], [ 40.663277908533928, 66.382518079830334, 0.475150988163023 ], [ 40.688055873877602, 66.336371720888565, 0.500650988162988 ], [ 40.712632201790257, 66.290600890471978, 0.515450988162911 ], [ 40.715893931024766, 66.284526262235886, 0.517150988162939 ], [ 40.722010311656049, 66.273135145485867, 0.517950988162966 ], [ 40.74104254269696, 66.237689613437396, 0.52065098816297 ], [ 40.753980642737588, 66.213593760519871, 0.521350988163022 ], [ 40.763543335579016, 66.195784249110147, 0.519750988162968 ], [ 40.775598658397939, 66.173332476082578, 0.514650988162884 ], [ 40.785412702891335, 66.155054848622967, 0.511850988162905 ], [ 40.806090452530043, 66.116544710945163, 0.502850988162891 ], [ 40.807698703400092, 66.113549512549071, 0.502350988163016 ], [ 40.811879823904746, 66.105762614606647, 0.499250988162885 ], [ 40.829630045362137, 66.072704690788669, 0.47965098816303 ], [ 40.837600576014665, 66.057860414282914, 0.457350988162943 ], [ 40.842859194755874, 66.048066788989672, 0.399950988163027 ], [ 40.805886836122227, 66.056314396017115, 0.399950988163027 ], [ 40.793427803018858, 66.049121493088023, 0.460150988162923 ], [ 40.773328253773798, 66.037517534281506, 0.443250988163072 ], [ 40.76686714409152, 66.033787378462875, 0.445850988162874 ], [ 40.742586195407057, 66.019769396039919, 0.441850988162969 ], [ 40.701701296187821, 65.996165548996942, 0.399950988163027 ], [ 40.68252466883132, 65.989915504233068, 0.425350988163018 ], [ 40.617676529931487, 65.96878020431177, 0.443150988163097 ], [ 40.607725323701743, 65.965536908013746, 0.399950988163027 ], [ 40.551545926642575, 65.933065253182576, 0.399950988163027 ], [ 40.544892551199155, 65.927555859441782, 0.399950988163027 ], [ 40.544892551199155, 65.927555859441782, 0.399950988163027 ], [ 40.496732572773908, 65.892819494300056, 0.399950988163027 ], [ 40.496732572773908, 65.892819494285504, 0.399950988163027 ], [ 40.489986411943391, 65.887844885241066, 0.399950988163027 ], [ 40.489986411943391, 65.887844885241066, 0.399950988163027 ], [ 40.440030098739953, 65.852832056658372, 0.399950988163027 ], [ 40.432921160463593, 65.848971316947427, 0.428750988163074 ], [ 40.368957719772879, 65.814233893899655, 0.433950988162906 ], [ 40.362704255891003, 65.810837747314508, 0.399950988163027 ], [ 40.362704255891003, 65.810837747314508, 0.399950988163027 ], [ 40.277204426754906, 65.783848080955067, 0.399950988163027 ], [ 40.265605381584464, 65.778853720552434, 0.440350988162891 ], [ 40.200712288606155, 65.750911809005629, 0.437950988163038 ], [ 40.182988767548522, 65.743280348786357, 0.399950988163027 ], [ 40.182988767533971, 65.743280348800909, 0.399950988163027 ], [ 40.122263901765109, 65.718988823358814, 0.399950988163027 ], [ 40.100758888249402, 65.706956583122519, 0.399950988163027 ], [ 40.04702701950373, 65.689238810140523, 0.399950988163027 ], [ 40.008608854084741, 65.679662010501488, 0.399950988163027 ], [ 40.008608854070189, 65.679662010512402, 0.399950988163027 ], [ 39.957162820574013, 65.665073443233268, 0.399950988163027 ], [ 39.912829011398571, 65.639139602892101, 0.399950988163027 ], [ 39.906255474943464, 65.636684093653457, 0.399950988163027 ], [ 39.90625547493255, 65.636684093653457, 0.399950988163027 ], [ 39.82041527612455, 65.636768013060646, 0.399950988163027 ], [ 39.82041527612455, 65.636768013060646, 0.399950988163027 ], [ 39.802933857274184, 65.626918825873872, 0.399950988163027 ], [ 39.748875903678709, 65.601108216022112, 0.399950988163027 ], [ 39.709983734246634, 65.573031217914831, 0.399950988163027 ], [ 39.699094925745158, 65.55980686600742, 0.399950988163027 ], [ 39.672509586285742, 65.530244710771512, 0.399950988163027 ], [ 39.709406539848715, 65.487328964842163, 0.399950988163027 ], [ 39.701937458579778, 65.441678961778962, 0.399950988163027 ], [ 39.701181421067304, 65.438330399225379, 0.412150988162921 ], [ 39.701000397795724, 65.437528629812732, 0.399950988163027 ], [ 39.701000397795724, 65.437528629820008, 0.399950988163027 ], [ 39.639354665854626, 65.40056712986916, 0.399950988163027 ], [ 39.639354665854626, 65.40056712986916, 0.399950988163027 ], [ 39.650697872897581, 65.366455341340043, 0.399950988163027 ], [ 39.654527992654039, 65.355087955784256, 0.399950988163027 ], [ 39.680603242977668, 65.316745136788086, 0.399950988163027 ], [ 39.680603242988582, 65.316745136788086, 0.399950988163027 ], [ 39.734957567619858, 65.280959229417931, 0.399950988163027 ], [ 39.75115946270671, 65.283276588375884, 0.399950988163027 ], [ 39.793161167224753, 65.251768073234416, 0.399950988163027 ], [ 39.793161167224753, 65.25176807322714, 0.399950988163027 ], [ 39.8164918295588, 65.246956744260387, 0.399950988163027 ], [ 39.851369906784385, 65.21334730498711, 0.399950988163027 ], [ 39.86525268697369, 65.19979578987477, 0.399950988163027 ], [ 39.881439907607273, 65.190768935815868, 0.399950988163027 ], [ 39.93072058749749, 65.155561204042897, 0.399950988163027 ], [ 39.930954001567443, 65.153148458732176, 0.399950988163027 ], [ 39.942406214198854, 65.113285726984031, 0.399950988163027 ], [ 39.942406214198854, 65.113285726976756, 0.399950988163027 ], [ 39.942669351217774, 65.112798100140935, 0.399950988163027 ], [ 39.95332506826162, 65.105062435002765, 0.399950988163027 ], [ 39.95332506826162, 65.105062435002765, 0.399950988163027 ], [ 39.950778036305564, 65.054329743983544, 0.399950988163027 ], [ 39.949449304629525, 65.03213394762497, 0.399950988163027 ], [ 39.949449304629525, 65.032133947614057, 0.399950988163027 ], [ 39.928680744247686, 64.982216384407366, 0.399950988163027 ], [ 39.916297954619949, 64.961726344667113, 0.399950988163027 ], [ 39.910246062227088, 64.953198760336818, 0.399950988163027 ], [ 39.877181694111641, 64.914924187825818, 0.399950988163027 ], [ 39.863127561151487, 64.899230850140157, 0.399950988163027 ], [ 39.835768945678865, 64.871689252155193, 0.399950988163027 ], [ 39.796856513916282, 64.838698153969744, 0.399950988163027 ], [ 39.786718925639434, 64.831344889527827, 0.399950988163027 ], [ 39.742394033790333, 64.811973004212632, 0.399950988163027 ], [ 39.710556129928591, 64.797865152198938, 0.399950988163027 ], [ 39.705987832610845, 64.796516791611793, 0.399950988163027 ], [ 39.696633726769505, 64.792860075089266, 0.399950988163027 ], [ 39.649694391748199, 64.775585337723896, 0.399950988163027 ], [ 39.627124564551195, 64.769811663431028, 0.399950988163027 ], [ 39.591144666046603, 64.762972686618014, 0.399950988163027 ], [ 39.539719984724798, 64.753134515649435, 0.399950988163027 ], [ 39.533928141307115, 64.752045473600447, 0.399950988163027 ], [ 39.529233556015242, 64.750892608575668, 0.399950988163027 ], [ 39.45100297917088, 64.743081328193512, 0.399950988163027 ], [ 39.414677751014096, 64.742650554922875, 0.399950988163027 ], [ 39.366824185897713, 64.736805874006677, 0.399950988163027 ], [ 39.366824185897713, 64.736805873995763, 0.399950988163027 ], [ 39.357315913737693, 64.739893316462258, 0.399950988163027 ], [ 39.357315913737693, 64.73989331645862, 0.399950988163027 ], [ 39.314607955049723, 64.733795208005176, 0.399950988163027 ], [ 39.290987344054884, 64.733958845146844, 0.399950988163027 ], [ 39.276969572809321, 64.732605113822501, 0.399950988163027 ], [ 39.231147077789501, 64.733250963592582, 0.399950988163027 ], [ 39.192873420382966, 64.737759836560144, 0.399950988163027 ], [ 39.192873420382966, 64.737759836552868, 0.399950988163027 ], [ 39.180373511993821, 64.738098435471329, 0.399950988163027 ], [ 39.1158861671247, 64.748775116881006, 0.399950988163027 ], [ 39.084492053607391, 64.753000341912411, 0.399950988163027 ], [ 39.030952841952967, 64.761866070060933, 0.399950988163027 ], [ 39.030952841938415, 64.761866070060933, 0.399950988163027 ], [ 38.997286375790281, 64.767422933065973, 0.399950988163027 ], [ 38.997286375790281, 64.767422933065973, 0.399950988163027 ], [ 38.940403951524786, 64.780477909720503, 0.399950988163027 ], [ 38.940403951513872, 64.780477909720503, 0.399950988163027 ], [ 38.918647802336636, 64.787515792682825, 0.399950988163027 ], [ 38.918647802322084, 64.787515792682825, 0.399950988163027 ], [ 38.900968559228204, 64.786624652937462, 0.399950988163027 ], [ 38.900968559228204, 64.786624652930186, 0.399950988163027 ], [ 38.892510956506158, 64.807622650929261, 0.399950988163027 ], [ 38.845730964760151, 64.796525792415196, 0.399950988163027 ], [ 38.845730964669201, 64.796525792393368, 0.399950988163027 ], [ 38.8195029694798, 64.804762159845268, 0.399950988163027 ], [ 38.795398143345665, 64.803834461403312, 0.399950988163027 ], [ 38.795398143345665, 64.803834461396036, 0.399950988163027 ], [ 38.785237780019088, 64.821678235595755, 0.399950988163027 ], [ 38.751519243436633, 64.813605957311665, 0.399950988163027 ], [ 38.751519243382063, 64.813605957300751, 0.399950988163027 ], [ 38.720168000403646, 64.824901164014591, 0.399950988163027 ], [ 38.689779053325765, 64.824878260926198, 0.399950988163027 ], [ 38.683209388247633, 64.836498880951694, 0.399950988163027 ], [ 38.664610497235117, 64.833671217296796, 0.399950988163027 ], [ 38.587121599775855, 64.848319084885588, 0.399950988163027 ], [ 38.574939125777746, 64.85369967807128, 0.399950988163027 ], [ 38.499989882875525, 64.868865693373664, 0.399950988163027 ], [ 38.499989882860973, 64.868865693377302, 0.399950988163027 ], [ 38.494705213801353, 64.870299912683549, 0.399950988163027 ], [ 38.494705213790439, 64.870299912683549, 0.399950988163027 ], [ 38.494144818061613, 64.870634222927038, 0.399950988163027 ], [ 38.493156236690993, 64.870585044984182, 0.399950988163027 ], [ 38.493156236690993, 64.870585044984182, 0.399950988163027 ], [ 38.491592385980766, 64.87048815414164, 0.399950988163027 ], [ 38.433624223456718, 64.880425946208561, 0.399950988163027 ], [ 38.433624223442166, 64.880425946215837, 0.399950988163027 ], [ 38.414249394947547, 64.884326087198133, 0.399950988163027 ], [ 38.342125646093336, 64.881557566135598, 0.399950988163027 ], [ 38.342125646064233, 64.881557566135598, 0.399950988163027 ], [ 38.329240857270634, 64.884274495889258, 0.399950988163027 ], [ 38.329240857270634, 64.884274495889258, 0.399950988163027 ], [ 38.3265799826695, 64.883452636229777, 0.399950988163027 ], [ 38.3265799826695, 64.883452636218863, 0.399950988163027 ], [ 38.26059549431011, 64.894104966013401, 0.399950988163027 ], [ 38.236351149593247, 64.901397449571959, 0.399950988163027 ], [ 38.219691337704717, 64.899345787853235, 0.399950988163027 ], [ 38.200875376722252, 64.908572339525563, 0.399950988163027 ], [ 38.200875376722252, 64.908572339518287, 0.399950988163027 ], [ 38.15171041486974, 64.900539220376231, 0.399950988163027 ], [ 38.151710414855188, 64.900539220376231, 0.399950988163027 ], [ 38.112187145456119, 64.907357739873987, 0.399950988163027 ], [ 38.112187145456119, 64.907357739873987, 0.399950988163027 ], [ 38.065898529734113, 64.919994306037552, 0.399950988163027 ], [ 38.065898529723199, 64.919994306037552, 0.399950988163027 ], [ 38.01689169124802, 64.928568977145915, 0.399950988163027 ], [ 37.953397836470685, 64.937477272840624, 0.399950988163027 ], [ 37.953397836456134, 64.937477272840624, 0.399950988163027 ], [ 37.924642262554698, 64.945707869657781, 0.399950988163027 ], [ 37.873923636750987, 64.964524395567423, 0.399950988163027 ], [ 37.850611677073175, 64.972607102168695, 0.399950988163027 ], [ 37.801108732699504, 64.994911803900322, 0.399950988163027 ], [ 37.796361362950847, 64.997451191204163, 0.399950988163027 ], [ 37.789735348553222, 64.997864685432432, 0.399950988163027 ], [ 37.789735348553222, 64.997864685421519, 0.399950988163027 ], [ 37.759885203198792, 65.030018864588783, 0.399950988163027 ], [ 37.75988520318424, 65.030018864588783, 0.399950988163027 ], [ 37.762985979035875, 65.037443822177011, 0.399950988163027 ], [ 37.684220996416116, 65.061425377734849, 0.399950988163027 ], [ 37.674942443849432, 65.063883357684972, 0.399950988163027 ], [ 37.594862099271268, 65.084866807475919, 0.399950988163027 ], [ 37.578498802133254, 65.085217056934198, 0.399950988163027 ], [ 37.577375748944178, 65.08476590191276, 0.39545098816302 ], [ 37.577286912248383, 65.084808265190077, 0.39585098816292 ], [ 37.52812499999709, 65.108251953002764, 0.454450988162989 ], [ 37.505433111917228, 65.113292687590729, 0.448750988163056 ], [ 37.502814621522703, 65.113874354268773, 0.447250988162978 ], [ 37.458246526482981, 65.123774629522813, 0.330050988163066 ], [ 37.413478860544274, 65.133719237095647, 0.442850988162945 ], [ 37.405690679741383, 65.135449289358803, 0.430250988162925 ], [ 37.31903458087254, 65.154698916936468, 0.441850988162969 ], [ 37.312645402431372, 65.156118197373871, 0.439750988163041 ], [ 37.269015491696337, 65.16581006607521, 0.240850988162947 ], [ 37.22202542175728, 65.176248354415293, 0.476150988162999 ], [ 37.219970385911438, 65.176704856330616, 0.4774509881629 ], [ 37.173965466081427, 65.1869243052206, 0.276550988163081 ], [ 37.140820313004951, 65.194287109003199, 0.457450988162918 ], [ 37.1286399315577, 65.194503678401816, 0.499550988163037 ], [ 37.126128195046476, 65.194548337534798, 0.499350988163087 ], [ 37.124125406025996, 65.194583947486535, 0.499250988162885 ], [ 37.068978294668341, 65.195564473175182, 0.230950988162931 ], [ 37.050195313000586, 65.195898437999858, 0.315550988163068 ], [ 37.028023229235259, 65.192780892877636, 0.375450988163038 ], [ 37.006216691686859, 65.189714746025857, 0.366850988162923 ], [ 36.960279254803027, 65.18325563131657, 0.181250988162901 ], [ 36.939042899117339, 65.180269655898883, 0.294350988162932 ], [ 36.920966921548825, 65.17772805104687, 0.312950988163038 ], [ 36.911358107237902, 65.183393342766067, 0.401550988163081 ], [ 36.900193234421749, 65.189976076009771, 0.399950988163027 ], [ 36.861198395490646, 65.201996127823804, 0.399950988163027 ], [ 36.802866039506625, 65.201374711872631, 0.399950988163027 ], [ 36.784884871118265, 65.14662536941978, 0.399950988163027 ], [ 36.783771356323996, 65.144592972676037, 0.399950988163027 ], [ 36.785362986342079, 65.142375341860316, 0.399950988163027 ], [ 36.775679605758341, 65.126954201503395, 0.399950988163027 ], [ 36.764780073899601, 65.114857577966177, 0.399950988163027 ], [ 36.75542892581143, 65.110789693764673, 0.399950988163027 ], [ 36.739373265074391, 65.101856950055662, 0.399950988163027 ], [ 36.739373265081667, 65.101856950055662, 0.399950988163027 ], [ 36.711045924326754, 65.08256238692411, 0.399950988163027 ], [ 36.711045924319478, 65.08256238692411, 0.399950988163027 ], [ 36.670759624139464, 65.058404320916452, 0.399950988163027 ], [ 36.670034432198008, 65.058087782330404, 0.399950988163027 ], [ 36.669326866202027, 65.057830719615595, 0.399950988163027 ], [ 36.617580602967791, 65.032622458169499, 0.399950988163027 ], [ 36.55861082739284, 65.007406403114146, 0.399950988163027 ], [ 36.558610827385564, 65.007406403103232, 0.399950988163027 ], [ 36.541767137226998, 65.001121925204643, 0.399950988163027 ], [ 36.535565243353631, 64.997552292887121, 0.399950988163027 ], [ 36.487522449508106, 64.977156361044763, 0.399950988163027 ], [ 36.447333354259172, 64.954482833254588, 0.399950988163027 ], [ 36.441081819750252, 64.951370159069484, 0.399950988163027 ], [ 36.434316385060811, 64.946617884368607, 0.399950988163027 ], [ 36.434316385075363, 64.946617884368607, 0.399950988163027 ], [ 36.368647466799302, 64.928727893508039, 0.399950988163027 ], [ 36.367180944183929, 64.916595086757297, 0.399950988163027 ], [ 36.320772387323814, 64.901954407530866, 0.399950988163027 ], [ 36.294580847952602, 64.890259260468156, 0.399950988163027 ], [ 36.23603701339016, 64.858588852028333, 0.399950988163027 ], [ 36.234972175228904, 64.840352213082951, 0.399950988163027 ], [ 36.221065577123227, 64.813873649698508, 0.399950988163027 ], [ 36.186050150859955, 64.774187696693843, 0.399950988163027 ], [ 36.165010146072746, 64.756810902348661, 0.399950988163027 ], [ 36.135843849344383, 64.727059251799801, 0.399950988163027 ], [ 36.092361374743632, 64.688627189694671, 0.399950988163027 ], [ 36.092361374750908, 64.688627189694671, 0.399950988163027 ], [ 36.087894856580533, 64.683611925614969, 0.399950988163027 ], [ 36.085124968107266, 64.680958145600016, 0.399950988163027 ], [ 36.042329815925768, 64.642526883737446, 0.399950988163027 ], [ 36.031461936352571, 64.635200805245404, 0.399950988163027 ], [ 36.006944589571503, 64.625649322282698, 0.399950988163027 ], [ 35.989956147022895, 64.617458508684649, 0.399950988163027 ], [ 35.953863866750908, 64.60468673932337, 0.399950988163027 ], [ 35.928458755643078, 64.604330734069663, 0.399950988163027 ], [ 35.902139951806021, 64.610506751178036, 0.399950988163027 ], [ 35.881062423308322, 64.604473754214268, 0.399950988163027 ], [ 35.85867609863999, 64.612747195715201, 0.399950988163027 ], [ 35.826394876239647, 64.626231944770552, 0.399950988163027 ], [ 35.79864989475027, 64.654901946061727, 0.399950988163027 ], [ 35.778568392139277, 64.666267442076787, 0.399950988163027 ], [ 35.76282552365592, 64.683222000134265, 0.399950988163027 ], [ 35.738147993444727, 64.699648611600423, 0.399950988163027 ], [ 35.726616184536397, 64.707711689614371, 0.399950988163027 ], [ 35.711584189139103, 64.717065664117399, 0.399950988163027 ], [ 35.684618241786666, 64.729752864783222, 0.399950988163027 ], [ 35.669181259941979, 64.736294767695654, 0.399950988163027 ], [ 35.656428862210305, 64.746529743955762, 0.399950988163027 ], [ 35.648189912611997, 64.748671979767096, 0.399950988163027 ], [ 35.634657454462285, 64.748297354675742, 0.399950988163027 ], [ 35.623700445263239, 64.751026594651194, 0.399950988163027 ], [ 35.600215654783824, 64.769817763262836, 0.399950988163027 ], [ 35.595291646921396, 64.772938773952774, 0.399950988163027 ], [ 35.567565764958999, 64.794490987595054, 0.399950988163027 ], [ 35.55179062292882, 64.80020867507119, 0.399950988163027 ], [ 35.52510146374334, 64.805144483172626, 0.399950988163027 ], [ 35.508870609428413, 64.804611323204881, 0.399950988163027 ], [ 35.505929317812843, 64.812611215238576, 0.399950988163027 ], [ 35.494072839697765, 64.830641205709981, 0.399950988163027 ], [ 35.4879306315961, 64.848607099946094, 0.399950988163027 ], [ 35.525770584390557, 64.857815528739593, 0.399950988163027 ], [ 35.531582758238073, 64.840503806826746, 0.399950988163027 ], [ 35.585086056136788, 64.829605234986957, 0.399950988163027 ], [ 35.613853492810449, 64.824162156262901, 0.399950988163027 ], [ 35.644589758161601, 64.813403919786651, 0.399950988163027 ], [ 35.666733713896974, 64.826143911657709, 0.399950988163027 ], [ 35.653338189000351, 64.856184212236258, 0.399950988163027 ], [ 35.653338188993075, 64.856184212243534, 0.399950988163027 ], [ 35.655518532144924, 64.862454579972109, 0.399950988163027 ], [ 35.671336831077497, 64.893434653724398, 0.40435098816306 ], [ 35.677086023541051, 64.904694423636101, 0.405650988162961 ], [ 35.680869022638944, 64.912103411897988, 0.399950988163027 ], [ 35.699492607152933, 64.920165940577135, 0.399950988163027 ], [ 35.714645656909852, 64.915795280197926, 0.399950988163027 ], [ 35.740546365537739, 64.916918563048966, 0.399950988163027 ], [ 35.744444403841044, 64.921480913413689, 0.399950988163027 ], [ 35.759445183350181, 64.916106920183665, 0.399950988163027 ], [ 35.771089215457323, 64.922354712012748, 0.399950988163027 ], [ 35.771089215464599, 64.922354712012748, 0.399950988163027 ], [ 35.786691440094728, 64.920889991342847, 0.399950988163027 ], [ 35.786691440102004, 64.920889991342847, 0.399950988163027 ], [ 35.790747803763225, 64.924683272940456, 0.399950988163027 ], [ 35.817433207892464, 64.925871441697382, 0.399950988163027 ], [ 35.856185520311556, 64.932617579361249, 0.399950988163027 ], [ 35.863567343309114, 64.933485880541411, 0.399950988163027 ], [ 35.867079382860538, 64.934299623870174, 0.399950988163027 ], [ 35.885074506357341, 64.938682511885418, 0.399950988163027 ], [ 35.885074506368255, 64.938682511885418, 0.399950988163027 ], [ 35.902298463770421, 64.941123788186815, 0.399950988163027 ], [ 35.909902666018752, 64.943029422578547, 0.399950988163027 ], [ 35.933489070732321, 64.942530906981119, 0.399950988163027 ], [ 35.959865233624441, 64.949532276012178, 0.399950988163027 ], [ 35.972546151846473, 64.953813100597472, 0.399950988163027 ], [ 36.005473137549416, 64.962009796563507, 0.399950988163027 ], [ 36.008153886738, 64.961074785212986, 0.399950988163027 ], [ 36.010575977976259, 64.9619527959876, 0.399950988163027 ], [ 36.037938311954349, 64.957620247263549, 0.399950988163027 ], [ 36.059808414884174, 64.970983662879007, 0.399950988163027 ], [ 36.06504338888044, 64.976917171177774, 0.399950988163027 ], [ 36.086366669231211, 64.99787472116077, 0.399950988163027 ], [ 36.086366669231211, 64.99787472116077, 0.399950988163027 ], [ 36.084956702969066, 65.024690572648979, 0.399950988163027 ], [ 36.083354295609752, 65.032648578078806, 0.399950988163027 ], [ 36.087819582986413, 65.046968808179372, 0.399950988163027 ], [ 36.084176537966414, 65.057823367686069, 0.399950988163027 ], [ 36.084176537959138, 65.057823367693345, 0.399950988163027 ], [ 36.094277863870957, 65.068702224103617, 0.399950988163027 ], [ 36.10292878065593, 65.075039813014882, 0.399950988163027 ], [ 36.116641877193615, 65.07959187765664, 0.399950988163027 ], [ 36.127957331009384, 65.089938274151791, 0.399950988163027 ], [ 36.152062822849985, 65.096128920336923, 0.399950988163027 ], [ 36.165882281944505, 65.099778579548001, 0.395150988163095 ], [ 36.183543096893118, 65.104442724168621, 0.390250988162961 ], [ 36.202424212475307, 65.109429144900787, 0.401650988163055 ], [ 36.203275104300701, 65.109653861742117, 0.399950988163027 ], [ 36.206242201074929, 65.113663972271752, 0.399950988163027 ], [ 36.218957866767596, 65.121994804510905, 0.399950988163027 ], [ 36.223003868821252, 65.123978382733185, 0.38935098816296 ], [ 36.240936376107129, 65.132769908399496, 0.311150988163035 ], [ 36.249811642508575, 65.137121064159146, 0.399950988163027 ], [ 36.254618031874998, 65.137228412364493, 0.399950988163027 ], [ 36.265402225613798, 65.155111888972897, 0.399950988163027 ], [ 36.247677171733812, 65.172168514760415, 0.399950988163027 ], [ 36.231513816699589, 65.183697623531771, 0.399950988163027 ], [ 36.219885977352533, 65.183540925107081, 0.493550988162951 ], [ 36.203097571422404, 65.183314682151831, 0.481650988162983 ], [ 36.19122832692301, 65.183154730508249, 0.486950988163017 ], [ 36.184339856583392, 65.183061900497705, 0.399950988163027 ], [ 36.17083992987682, 65.182005303846381, 0.480350988163082 ], [ 36.154680579475098, 65.180740562489518, 0.466450988162933 ], [ 36.146917355999904, 65.180132959485491, 0.473450988162995 ], [ 36.129941009232425, 65.178804274408321, 0.399950988163027 ], [ 36.111107424305374, 65.171118636913889, 0.399950988163027 ], [ 36.100270869734231, 65.169375926645444, 0.399950988163027 ], [ 36.070543639707466, 65.172579442176357, 0.399950988163027 ], [ 36.066150855993328, 65.176629406763823, 0.399950988163027 ], [ 36.045963768934598, 65.188653329729277, 0.399950988163027 ], [ 36.040822423685313, 65.191132790943811, 0.399950988163027 ], [ 36.019647618337331, 65.201461791792099, 0.399950988163027 ], [ 36.016906631575694, 65.205056916489411, 0.399950988163027 ], [ 36.006970242644456, 65.203567309010396, 0.143950988162942 ], [ 35.991028132164502, 65.201177357572305, 0.20815098816297 ], [ 35.969941060051497, 65.198016102454858, 0.399950988163027 ], [ 35.953767357605102, 65.192636720479641, 0.360450988162938 ], [ 35.940421580959082, 65.188197908122675, 0.252850988162891 ], [ 35.919847989251139, 65.181355120654189, 0.399950988163027 ], [ 35.920147191551223, 65.178928326964524, 0.399950988163027 ], [ 35.910447497321002, 65.170235185669299, 0.399950988163027 ], [ 35.902431114856881, 65.167476204667764, 0.399950988163027 ], [ 35.895682336580649, 65.167649961789721, 0.399950988163027 ], [ 35.895682336587925, 65.167649961778807, 0.399950988163027 ], [ 35.873754350828676, 65.177434371184063, 0.429950988163 ], [ 35.869351133114833, 65.179399115473643, 0.399950988163027 ], [ 35.83595367203452, 65.192446766010107, 0.399950988163027 ], [ 35.823661404971062, 65.194076246298209, 0.446050988163051 ], [ 35.801898389658163, 65.196961182340601, 0.426250988163019 ], [ 35.790724677033722, 65.198442385470116, 0.453450988163013 ], [ 35.786320722541859, 65.199026179892826, 0.399950988163027 ], [ 35.773405802763591, 65.199688135762699, 0.474550988162946 ], [ 35.758501767140842, 65.200452044016856, 0.468050988162986 ], [ 35.745760943114874, 65.20110507658319, 0.476750988163076 ], [ 35.737573209516995, 65.201524739917659, 0.399950988163027 ], [ 35.737573209509719, 65.201524739924935, 0.399950988163027 ], [ 35.72791476587372, 65.200609252198774, 0.477750988163052 ], [ 35.712148044713103, 65.19911478369977, 0.467750988163061 ], [ 35.697437772087142, 65.197720452004432, 0.47335098816302 ], [ 35.690008460896934, 65.197016255395283, 0.399950988163027 ], [ 35.681830428064131, 65.194320742313721, 0.461150988162899 ], [ 35.660594105545897, 65.187321163539309, 0.449550988163082 ], [ 35.642609740556509, 65.181393443264824, 0.43665098816291 ], [ 35.623477023200394, 65.175087221352442, 0.432050988162928 ], [ 35.610712238252745, 65.170879896017141, 0.432750988162979 ], [ 35.601390369578439, 65.167807369965885, 0.399950988163027 ], [ 35.580381690782815, 65.160912552910304, 0.399950988163027 ], [ 35.566689907987893, 65.156468410190428, 0.399950988163027 ], [ 35.563383134463947, 65.156941224253387, 0.399950988163027 ], [ 35.563383134463947, 65.156941224260663, 0.399950988163027 ], [ 35.557835380266624, 65.155338256925461, 0.399950988163027 ], [ 35.528265562999877, 65.149409510977421, 0.399950988163027 ], [ 35.51779600809823, 65.14537667573677, 0.399950988163027 ], [ 35.501936392916832, 65.138294715459779, 0.225850988163074 ], [ 35.485335173452768, 65.13088159884137, 0.290650988162952 ], [ 35.479295666260441, 65.128184714365489, 0.398150988163025 ], [ 35.472760043678136, 65.125266294271569, 0.413750988162974 ], [ 35.464569245221355, 65.121608771143656, 0.399950988163027 ], [ 35.464569245214079, 65.121608771150932, 0.399950988163027 ], [ 35.459777780371951, 65.116158921049646, 0.399950988163027 ], [ 35.446009060629876, 65.104044306841388, 0.399950988163027 ], [ 35.441631403449719, 65.098883994858625, 0.399950988163027 ], [ 35.436530905266409, 65.097019736324, 0.405050988162884 ], [ 35.432865916623996, 65.095680163969519, 0.406150988163063 ], [ 35.398929404822411, 65.083276192919584, 0.399950988163027 ], [ 35.39619412711545, 65.083838254231523, 0.400850988163029 ], [ 35.393339958169236, 65.084424746033619, 0.399950988163027 ], [ 35.361637435278681, 65.079828015394014, 0.399950988163027 ], [ 35.352379750558612, 65.080122258186748, 0.399950988163027 ], [ 35.329661296498671, 65.066083794557926, 0.399950988163027 ], [ 35.326679426798364, 65.044890911565744, 0.399950988163027 ], [ 35.302317609352031, 65.040509393951652, 0.399950988163027 ], [ 35.276683269257774, 65.03602636564392, 0.399950988163027 ], [ 35.256416636893846, 65.037254151484376, 0.399950988163027 ], [ 35.235793682779331, 65.043692614181055, 0.399950988163027 ], [ 35.210768853932677, 65.047355506219901, 0.399950988163027 ], [ 35.198406223764323, 65.049091785273049, 0.399950988163027 ], [ 35.145494874617725, 65.057134663962643, 0.399950988163027 ], [ 35.140602728275553, 65.058382908820931, 0.399950988163027 ], [ 35.134940906948032, 65.06158432988741, 0.399950988163027 ], [ 35.114157636075106, 65.075995540635631, 0.399950988163027 ], [ 35.100989293441671, 65.079910402884707, 0.399950988163027 ], [ 35.080076091828232, 65.090107952735707, 0.399950988163027 ], [ 35.051144743840268, 65.104075995073799, 0.399950988163027 ], [ 35.045359941592324, 65.10626453198347, 0.399950988163027 ], [ 35.033795374372858, 65.109621287174377, 0.399950988163027 ], [ 35.006597623720154, 65.125139960666274, 0.399950988163027 ], [ 34.989432589503849, 65.124658832322893, 0.399950988163027 ], [ 34.968319750983937, 65.143675562077988, 0.399950988163027 ], [ 34.948778085879894, 65.154686610465433, 0.399950988163027 ], [ 34.930471168954682, 65.166121015146928, 0.399950988163027 ], [ 34.903484164315159, 65.182485423723847, 0.399950988163027 ], [ 34.896187739519519, 65.189953564917232, 0.399950988163027 ], [ 34.868405381319462, 65.217298757666867, 0.399950988163027 ], [ 34.861719215085031, 65.223104863918707, 0.399950988163027 ], [ 34.830584650211676, 65.240192070930789, 0.399950988163027 ], [ 34.822289579940843, 65.24595160644094, 0.399950988163027 ], [ 34.821514334176754, 65.247025880213187, 0.399950988163027 ], [ 34.816216353447089, 65.252038660943072, 0.399950988163027 ], [ 34.816216353421623, 65.252038660964899, 0.399950988163027 ], [ 34.798653474823368, 65.296712759609363, 0.399950988163027 ], [ 34.778404304419382, 65.334936062936322, 0.399950988163027 ], [ 34.775892495912558, 65.34256473860296, 0.399950988163027 ], [ 34.777110687511595, 65.346214159340889, 0.399950988163027 ], [ 34.777110687511595, 65.346214159340889, 0.399950988163027 ], [ 34.780593702376791, 65.347918637377006, 0.399950988163027 ], [ 34.81939139232054, 65.388212028494308, 0.399950988163027 ], [ 34.834774660841504, 65.421057750583714, 0.399950988163027 ], [ 34.834058039021329, 65.473478908937977, 0.399950988163027 ], [ 34.834959403578978, 65.476487035801256, 0.399950988163027 ], [ 34.834959403578978, 65.476487035801256, 0.399950988163027 ], [ 34.854789130382414, 65.497326959382917, 0.399950988163027 ], [ 34.854789130396966, 65.497326959397469, 0.399950988163027 ], [ 34.874407198745757, 65.51559713125971, 0.399950988163027 ], [ 34.877252921767649, 65.520884367091639, 0.399950988163027 ], [ 34.877252921778563, 65.520884367117105, 0.399950988163027 ], [ 34.901379644681583, 65.547822189870203, 0.399950988163027 ], [ 34.901379644681583, 65.547822189870203, 0.399950988163027 ], [ 34.906013306572277, 65.553417594273924, 0.399950988163027 ], [ 34.907708589162212, 65.561677193283685, 0.399950988163027 ], [ 34.92430522496943, 65.589225179115601, 0.399950988163027 ], [ 34.954838199806545, 65.604492203750851, 0.399950988163027 ], [ 35.004850836921833, 65.639742661736818, 0.399950988163027 ], [ 35.004850836936384, 65.639742661747732, 0.399950988163027 ], [ 35.014329197478219, 65.643507261185732, 0.399950988163027 ], [ 35.014329197478219, 65.643507261185732, 0.399950988163027 ], [ 35.017748646176187, 65.644891110652679, 0.399950988163027 ], [ 35.067517096045776, 65.673606982902129, 0.399950988163027 ], [ 35.06006650141353, 65.726603077291657, 0.399950988163027 ], [ 35.052615719952883, 65.731643776936835, 0.399950988163027 ], [ 35.033435892673879, 65.756607544113649, 0.399950988163027 ], [ 35.03318123041754, 65.789120052813814, 0.399950988163027 ], [ 35.031665613176301, 65.803569280229567, 0.399950988163027 ], [ 35.017041800991137, 65.814042039870401, 0.399950988163027 ], [ 34.970836391828925, 65.834072206402197, 0.399950988163027 ], [ 34.970836391814373, 65.834072206402197, 0.399950988163027 ], [ 34.952554183364555, 65.847192775763688, 0.399950988163027 ], [ 34.934650446830346, 65.866549582580774, 0.399950988163027 ], [ 34.920982103725692, 65.87969152846199, 0.399950988163027 ], [ 34.907381327349867, 65.907454721618706, 0.399950988163027 ], [ 34.866963098909764, 65.936437311742338, 0.399950988163027 ], [ 34.852223631292873, 65.943762591687118, 0.399950988163027 ], [ 34.788483551215904, 65.985347232399363, 0.399950988163027 ], [ 34.78767340477134, 65.9869683767065, 0.399950988163027 ], [ 34.786751564606675, 65.988564959225187, 0.399950988163027 ], [ 34.783116432830866, 65.99475877160512, 0.399950988163027 ], [ 34.749505901359953, 66.049227200368477, 0.399950988163027 ], [ 34.720678932484589, 66.089146127345884, 0.399950988163027 ], [ 34.720678932466399, 66.089146127356798, 0.399950988163027 ], [ 34.712758750538342, 66.110163823195762, 0.399950988163027 ], [ 34.712758750531066, 66.110163823195762, 0.399950988163027 ], [ 34.684726954292273, 66.164550137029437, 0.399950988163027 ], [ 34.684726954281359, 66.164550137043989, 0.399950988163027 ], [ 34.683299442069256, 66.180945903270185, 0.399950988163027 ], [ 34.671680225274031, 66.222192748966336, 0.399950988163027 ], [ 34.673403033077193, 66.233054451076896, 0.399950988163027 ], [ 34.677408947518416, 66.275173221860314, 0.399950988163027 ], [ 34.677408947518416, 66.275173221860314, 0.399950988163027 ], [ 34.68763194245912, 66.28947090321526, 0.399950988163027 ], [ 34.727504615832004, 66.314600071265886, 0.399950988163027 ], [ 34.760009316956712, 66.322625210188562, 0.399950988163027 ], [ 34.814625928094756, 66.344243065494084, 0.399950988163027 ], [ 34.814625928094756, 66.344243065494084, 0.399950988163027 ], [ 34.827673604842857, 66.346629628642404, 0.399950988163027 ], [ 34.921471309702611, 66.366227231417724, 0.399950988163027 ], [ 34.921471309709887, 66.366227231417724, 0.399950988163027 ], [ 34.935611660897848, 66.367959596176661, 0.399950988163027 ], [ 35.008533283951692, 66.376461493837269, 0.399950988163027 ], [ 35.008533283951692, 66.376461493837269, 0.399950988163027 ], [ 35.03794817187736, 66.379864714934229, 0.399950988163027 ], [ 35.044358504936099, 66.380477176291606, 0.399950988163027 ], [ 35.139066695955989, 66.383517551763362, 0.399950988163027 ], [ 35.196311875432002, 66.385940142416075, 0.399950988163027 ], [ 35.196311875442916, 66.385940142416075, 0.399950988163027 ], [ 35.235952345450642, 66.383783482739091, 0.399950988163027 ], [ 35.270119792956393, 66.383071095642663, 0.399950988163027 ], [ 35.270119792967307, 66.383071095642663, 0.399950988163027 ], [ 35.331565629181569, 66.35270920003677, 0.419350988162932 ], [ 35.336041539838334, 66.350497542734956, 0.399950988163027 ], [ 35.342735405331041, 66.349129431589972, 0.421750988163012 ], [ 35.433181280361168, 66.330643848148611, 0.432650988163005 ], [ 35.440444503274193, 66.329159370128764, 0.399950988163027 ], [ 35.451315791597153, 66.32761692634449, 0.434350988163033 ], [ 35.491401437306195, 66.321929481258849, 0.434350988163033 ], [ 35.541566714127839, 66.314811914562597, 0.442450988163046 ], [ 35.551499219251127, 66.3134026675325, 0.399950988163027 ], [ 35.568626600233983, 66.313130984894087, 0.443150988163097 ], [ 35.608791421749629, 66.31249387144635, 0.440050988162966 ], [ 35.648194673045509, 66.311868838383816, 0.442350988163071 ], [ 35.670390472310828, 66.311516758087237, 0.399950988163027 ], [ 35.703112067065376, 66.308562835507473, 0.441650988163019 ], [ 35.727179438457824, 66.306390167799691, 0.439850988163016 ], [ 35.7595208423445, 66.303470566723263, 0.442250988163096 ], [ 35.78451111319373, 66.301214584826084, 0.399950988163027 ], [ 35.813146146152576, 66.295627882936969, 0.444250988163049 ], [ 35.838118218547606, 66.290755825546512, 0.443850988162922 ], [ 35.882425159452396, 66.282111530603288, 0.449550988163082 ], [ 35.89548381613713, 66.279563783511549, 0.399950988163027 ], [ 35.912018394155893, 66.277698892208718, 0.450350988162882 ], [ 35.946893192285643, 66.273765456000547, 0.448350988162929 ], [ 35.997998984777951, 66.268001368895057, 0.451350988163085 ], [ 36.009284829400713, 66.266728468341171, 0.399950988163027 ], [ 36.028459895976994, 66.266081788671727, 0.450050988162957 ], [ 36.064170134002779, 66.264877459889249, 0.445750988162899 ], [ 36.104695690908557, 66.263510734341253, 0.445650988162924 ], [ 36.124021017956693, 66.262858987134678, 0.399950988163027 ], [ 36.158453968611866, 66.261218472853216, 0.442550988163021 ], [ 36.18111677442721, 66.26013873221018, 0.440150988162941 ], [ 36.208526633563451, 66.258832824220008, 0.440450988163093 ], [ 36.235618987815542, 66.257542043342255, 0.399950988163027 ], [ 36.272272317106399, 66.24779414477598, 0.443250988163072 ], [ 36.29157253255471, 66.242661281110486, 0.444150988163074 ], [ 36.334942982524808, 66.231126974256767, 0.452650988162986 ], [ 36.349628108575416, 66.227221486758935, 0.399950988163027 ], [ 36.371983605480636, 66.227307403678424, 0.453450988163013 ], [ 36.403480486445915, 66.227428452883032, 0.449750988163032 ], [ 36.440348894979252, 66.227570146002108, 0.449150988162955 ], [ 36.46172768413453, 66.227652309229597, 0.399950988163027 ], [ 36.496307557394175, 66.222583827377093, 0.44945098816288 ], [ 36.519463654876745, 66.219189764626208, 0.449550988163082 ], [ 36.568354843384441, 66.212023627827875, 0.455250988163016 ], [ 36.582192334019055, 66.209995422876091, 0.399950988163027 ], [ 36.602559818944428, 66.209793777135928, 0.455050988163066 ], [ 36.637165492804343, 66.209451167989755, 0.451050988162933 ], [ 36.686922701344884, 66.208958552961121, 0.452150988162884 ], [ 36.699809404297412, 66.208830969771952, 0.399950988163027 ], [ 36.723863708062709, 66.207308341781754, 0.45185098816296 ], [ 36.759918365067279, 66.2050260961405, 0.449550988163082 ], [ 36.810018740099622, 66.201854762053699, 0.453050988162886 ], [ 36.817373762227362, 66.201389192039642, 0.399950988163027 ], [ 36.832621532947087, 66.200746687194624, 0.399950988163027 ], [ 36.843009676857037, 66.199833721886534, 0.452650988162986 ], [ 36.882470135722542, 66.19636572696254, 0.450450988163084 ], [ 36.928315085857321, 66.192336629021156, 0.455250988163016 ], [ 36.949844828926871, 66.190444480729639, 0.399950988163027 ], [ 36.962778998022259, 66.190532396693015, 0.454250988163039 ], [ 36.998705083471577, 66.190776593011833, 0.448150988162979 ], [ 37.035416758717474, 66.191026129141392, 0.448350988162929 ], [ 37.093457404567744, 66.19142064225889, 0.438250988162963 ], [ 37.106508942899382, 66.191509355998278, 0.433350988163056 ], [ 37.126392507212586, 66.191644508315221, 0.433850988162931 ], [ 37.169301324465778, 66.191936167568201, 0.434750988162932 ], [ 37.19809620635715, 66.192131891752069, 0.399950988163027 ], [ 37.213603134805453, 66.188895606886945, 0.409850988163043 ], [ 37.299255904017627, 66.171019935234654, 0.421650988163037 ], [ 37.315368300176488, 66.167657289675844, 0.409850988163043 ], [ 37.396477174635947, 66.150729925608175, 0.399950988163027 ], [ 37.396477174635947, 66.150729925608175, 0.399950988163027 ], [ 37.410059789152001, 66.142368548356899, 0.399950988163027 ], [ 37.490294319846726, 66.121592287188832, 0.399950988163027 ], [ 37.490294319846726, 66.121592287188832, 0.399950988163027 ], [ 37.507066224690789, 66.116624848022184, 0.399950988163027 ], [ 37.507066224701703, 66.116624848022184, 0.399950988163027 ], [ 37.541922244425223, 66.100200084696553, 0.501050988162888 ], [ 37.574196994235535, 66.084991660696687, 0.51395098816306 ], [ 37.582998040408711, 66.08084445451459, 0.516650988163065 ], [ 37.592509847570909, 66.076362325384252, 0.521650988162946 ], [ 37.619976172889437, 66.063419714708289, 0.399950988163027 ], [ 37.658835729576822, 66.060567023749172, 0.534550988162891 ], [ 37.686907590737974, 66.058506260545983, 0.53365098816289 ], [ 37.701242342165642, 66.057453942426946, 0.53565098816307 ], [ 37.736456076130708, 66.05486889232634, 0.485650988162888 ], [ 37.784321025741519, 66.051355112944293, 0.537550988163048 ], [ 37.80126807619672, 66.050111025218939, 0.536750988163021 ], [ 37.811233161613927, 66.049379485502868, 0.538450988163049 ], [ 37.850827287835273, 66.046472869576974, 0.399950988163027 ], [ 37.908097175455623, 66.06348572026036, 0.399950988163027 ], [ 37.954284347750217, 66.064309983739804, 0.399950988163027 ], [ 37.954284347764769, 66.064309983739804, 0.399950988163027 ], [ 37.981140309446346, 66.062540788992919, 0.332650988163095 ], [ 38.015276446898497, 66.060291996865999, 0.399950988163027 ], [ 38.058863702241069, 66.055135529193649, 0.399950988163027 ], [ 38.058863702255621, 66.055135529193649, 0.399950988163027 ], [ 38.089992558987433, 66.0529677335835, 0.299950988162891 ], [ 38.130032970064349, 66.050179342455522, 0.399950988163027 ], [ 38.130032970075263, 66.050179342455522, 0.399950988163027 ], [ 38.175843725606683, 66.049473376071546, 0.399950988163027 ], [ 38.175843725621235, 66.049473376071546, 0.399950988163027 ], [ 38.201466956623335, 66.047225480280758, 0.3370509881629 ], [ 38.23422126218793, 66.044351983739034, 0.399950988163027 ], [ 38.310382300343917, 66.052223306109227, 0.399950988163027 ], [ 38.310382300354831, 66.052223306109227, 0.399950988163027 ], [ 38.314836338791793, 66.049979885559878, 0.399950988163027 ], [ 38.322573160421598, 66.051544885009207, 0.399950988163027 ], [ 38.322573160432512, 66.051544885009207, 0.399950988163027 ], [ 38.385162875776587, 66.02873627082954, 0.399950988163027 ], [ 38.385162875791139, 66.02873627082954, 0.399950988163027 ], [ 38.421428480971372, 66.029224870570033, 0.222250988163069 ], [ 38.472661796033208, 66.029915127481217, 0.399950988163027 ], [ 38.472661796044122, 66.029915127481217, 0.399950988163027 ], [ 38.518114399554179, 66.047360059150378, 0.399950988163027 ], [ 38.518114399568731, 66.047360059150378, 0.399950988163027 ], [ 38.535116734030453, 66.040836712007149, 0.399950988163027 ], [ 38.535116734030453, 66.040836711992597, 0.399950988163027 ], [ 38.559773668974231, 66.049282825391856, 0.399950988163027 ], [ 38.613090161154105, 66.034910168411443, 0.399950988163027 ], [ 38.647516233773786, 66.036014457531564, 0.220850988162965 ], [ 38.708599316920299, 66.037973826645612, 0.399950988163027 ], [ 38.73565550305284, 66.03922550986681, 0.399950988163027 ], [ 38.757370547376922, 66.043207631530095, 0.199650988163057 ], [ 38.817883525240177, 66.05430454834277, 0.399950988163027 ], [ 38.834800604006887, 66.053496374526731, 0.480250988162879 ], [ 38.86052379706598, 66.052267509203375, 0.399950988163027 ], [ 38.904276399316586, 66.071567940925888, 0.399950988163027 ], [ 38.904276399331138, 66.071567940925888, 0.399950988163027 ], [ 38.938338267471408, 66.067852547279472, 0.399950988163027 ], [ 38.972890131812164, 66.070349868547055, 0.232650988162959 ], [ 39.027461511479487, 66.074294149661, 0.399950988163027 ], [ 39.027461511494039, 66.074294149661, 0.399950988163027 ], [ 39.047535065004922, 66.073830649187585, 0.399950988163027 ], [ 39.084419578040979, 66.076902208951651, 0.202550988163011 ], [ 39.141810126340715, 66.08168140987982, 0.399950988163027 ], [ 39.141810126340715, 66.08168140987982, 0.399950988163027 ], [ 39.158327579843899, 66.0839861327986, 0.399950988163027 ], [ 39.191915710267494, 66.089761839655694, 0.208450988162895 ], [ 39.249637495573552, 66.099687492176599, 0.399950988163027 ], [ 39.249637495602656, 66.099687492176599, 0.399950988163027 ], [ 39.261689238755935, 66.103202193404286, 0.399950988163027 ], [ 39.355903136558481, 66.119642331588693, 0.399950988163027 ], [ 39.365342268010863, 66.121035598025628, 0.399950988163027 ], [ 39.374087026561028, 66.122879121878213, 0.399950988163027 ], [ 39.37408702657558, 66.122879121889127, 0.399950988163027 ], [ 39.453502473839762, 66.137156919296103, 0.222250988163069 ], [ 39.479628401633818, 66.141853999240993, 0.399950988163027 ], [ 39.479628401633818, 66.141853999240993, 0.399950988163027 ], [ 39.484526588013978, 66.142363129725709, 0.399950988163027 ], [ 39.48452658802853, 66.142363129725709, 0.399950988163027 ], [ 39.561686224908044, 66.149374703174544, 0.228850988163003 ], [ 39.599986261120648, 66.152855065811309, 0.399950988163027 ], [ 39.600724285108299, 66.152955178087723, 0.399950988163027 ], [ 39.600724285108299, 66.152955178087723, 0.399950988163027 ], [ 39.672989626102208, 66.162106951669557, 0.243050988163077 ], [ 39.711159640770347, 66.166940850282117, 0.399950988163027 ], [ 39.713683498132013, 66.167177683673799, 0.399950988163027 ], [ 39.713683498142927, 66.167177683673799, 0.399950988163027 ], [ 39.783675229413348, 66.174709508781234, 0.231550988163008 ], [ 39.815398800834373, 66.178123289057112, 0.399950988163027 ], [ 39.819559228031721, 66.179192223731661, 0.399950988163027 ], [ 39.888614777235489, 66.195727693055233, 0.238150988162943 ], [ 39.914659433608904, 66.201964130541455, 0.399950988163027 ], [ 39.915940243143268, 66.20217071802108, 0.399950988163027 ], [ 39.915940243154182, 66.20217071802108, 0.399950988163027 ], [ 39.994210056302109, 66.214378907287028, 0.293250988162981 ], [ 40.022014823713107, 66.218715775470628, 0.399950988163027 ], [ 40.022014823713107, 66.218715775470628, 0.399950988163027 ], [ 40.025037152779987, 66.219027744504274, 0.399950988163027 ], [ 40.096863432238024, 66.242979983951955, 0.399950988163027 ], [ 40.096863432238024, 66.242979983937403, 0.399950988163027 ], [ 40.107053358016856, 66.245148185276776, 0.399950988163027 ], [ 40.110258758570126, 66.245963230911002, 0.399950988163027 ], [ 40.196321681996778, 66.269047651509027, 0.399950988163027 ], [ 40.215262794397859, 66.275410640078917, 0.399950988163027 ], [ 40.286278173360188, 66.300412673463143, 0.399950988163027 ], [ 40.312021340851061, 66.310018008662155, 0.399950988163027 ], [ 40.384943104392732, 66.336398747946077, 0.399950988163027 ], [ 40.384943104392732, 66.336398747946077, 0.399950988163027 ], [ 40.397204438966583, 66.341207223624224, 0.399950988163027 ], [ 40.427323818428704, 66.354993230012042, 0.399950988163027 ], [ 40.427323818457808, 66.354993230022956, 0.399950988163027 ], [ 40.481748581092688, 66.370400438951037, 0.399950988163027 ], [ 40.48174858110724, 66.370400438951037, 0.399950988163027 ], [ 40.484405194245483, 66.371061252590152, 0.399950988163027 ], [ 40.565421065992268, 66.402377012735087, 0.399950988163027 ], [ 40.568111632859654, 66.404781995483063, 0.399950988163027 ], [ 40.632966031007527, 66.435815408538474, 0.399950988163027 ], [ 40.632966031022079, 66.435815408538474, 0.399950988163027 ], [ 40.634230074141669, 66.436616621558642, 0.399950988163027 ] ], [ [ 36.537449870174896, 66.007999337532965, 0.599950988163073 ], [ 36.509104713702982, 66.006591619279789, 0.599950988163073 ], [ 36.47662963456969, 66.007809375510988, 0.599950988163073 ], [ 36.447582943175803, 66.002795474600134, 0.599950988163073 ], [ 36.395131444187427, 66.007686413828196, 0.599950988163073 ], [ 36.378338665595948, 66.007077180227498, 0.599950988163073 ], [ 36.359692256028211, 66.007429591303662, 0.599950988163073 ], [ 36.359692256028211, 66.007429591303662, 0.599950988163073 ], [ 36.322536919949926, 66.000224428553338, 0.599950988163073 ], [ 36.322536919949926, 66.000224428553338, 0.599950988163073 ], [ 36.235061446655891, 66.004399756086059, 0.599950988163073 ], [ 36.235061446637701, 66.004399756086059, 0.599950988163073 ], [ 36.234658793408016, 66.004384817122627, 0.599950988163073 ], [ 36.23465879340074, 66.004384817122627, 0.599950988163073 ], [ 36.234310544270556, 66.004392707316583, 0.599950988163073 ], [ 36.205437928867468, 65.99625467174701, 0.599950988163073 ], [ 36.142720293140883, 65.997725207285839, 0.599950988163073 ], [ 36.101967125210649, 65.995704161712638, 0.599950988163073 ], [ 35.986596659477073, 65.989007840420527, 0.599950988163073 ], [ 35.986596659477073, 65.989007840420527, 0.599950988163073 ], [ 35.983029482216807, 65.988579875280266, 0.599950988163073 ], [ 35.9820723281955, 65.988330295185733, 0.599950988163073 ], [ 35.977759390167193, 65.987533839535899, 0.599950988163073 ], [ 35.977759390141728, 65.987533839535899, 0.599950988163073 ], [ 35.884305519441114, 65.968460226187744, 0.599950988163073 ], [ 35.83415216216963, 65.950597235292662, 0.599950988163073 ], [ 35.800628579963814, 65.941344479600957, 0.599950988163073 ], [ 35.782054463303211, 65.932822259845125, 0.599950988163073 ], [ 35.782054463303211, 65.932822259845125, 0.599950988163073 ], [ 35.715305106361484, 65.898698682012764, 0.599950988163073 ], [ 35.6985585483053, 65.891427884947916, 0.599950988163073 ], [ 35.670957441627252, 65.872811690755043, 0.599950988163073 ], [ 35.670957441627252, 65.872811690755043, 0.599950988163073 ], [ 35.627530821668188, 65.841000569776952, 0.599950988163073 ], [ 35.588749221820763, 65.799290082843072, 0.599950988163073 ], [ 35.580460703225981, 65.790116266427503, 0.599950988163073 ], [ 35.566659255058767, 65.76951770841697, 0.599950988163073 ], [ 35.558001429890282, 65.755583622336417, 0.599950988163073 ], [ 35.556146776849346, 65.751361042643111, 0.599950988163073 ], [ 35.556146776849346, 65.751361042643111, 0.599950988163073 ], [ 35.538877345297806, 65.716979982174962, 0.599950988163073 ], [ 35.534070263191097, 65.704625673068222, 0.599950988163073 ], [ 35.534070263202011, 65.704625673068222, 0.599950988163073 ], [ 35.526031173900265, 65.670235938046972, 0.599950988163073 ], [ 35.526896841700363, 65.651304058210371, 0.599950988163073 ], [ 35.526896841711277, 65.651304058210371, 0.599950988163073 ], [ 35.535710379292141, 65.606957140542363, 0.599950988163073 ], [ 35.542799209022633, 65.583405430403218, 0.599950988163073 ], [ 35.561486249658628, 65.536286858150561, 0.599950988163073 ], [ 35.562751835783274, 65.531520603901299, 0.599950988163073 ], [ 35.566279953498452, 65.524902564371587, 0.599950988163073 ], [ 35.585945713643014, 65.485101198963093, 0.599950988163073 ], [ 35.608924185216893, 65.449847885545751, 0.599950988163073 ], [ 35.613114925898117, 65.444411117099662, 0.599950988163073 ], [ 35.665812049741362, 65.398384904288832, 0.599950988163073 ], [ 35.669394385611668, 65.395428946474567, 0.599950988163073 ], [ 35.706627855848637, 65.378884533569362, 0.599950988163073 ], [ 35.72038595871345, 65.372458169040328, 0.599950988163073 ], [ 35.75912146022165, 65.362568429016392, 0.599950988163073 ], [ 35.776491150234506, 65.351217546951375, 0.599950988163073 ], [ 35.801004800629016, 65.346550297617796, 0.599950988163073 ], [ 35.836363998576417, 65.335712407133542, 0.599950988163073 ], [ 35.844611491389514, 65.334467283482809, 0.599950988163073 ], [ 35.86694955726125, 65.328952497737191, 0.599950988163073 ], [ 35.866949557286716, 65.328952497729915, 0.599950988163073 ], [ 35.886298607227218, 65.325148278814595, 0.599950988163073 ], [ 35.893181245042797, 65.323070365757303, 0.599950988163073 ], [ 35.925554311030282, 65.31807227223544, 0.599950988163073 ], [ 35.948715883787372, 65.312993512699904, 0.599950988163073 ], [ 35.962265451140411, 65.312037881772994, 0.599950988163073 ], [ 35.988648915732483, 65.307564350609027, 0.599950988163073 ], [ 36.000011127598555, 65.306315501522477, 0.599950988163073 ], [ 36.006932298914762, 65.304931333826971, 0.599950988163073 ], [ 36.033370171087881, 65.303458987134945, 0.599950988163073 ], [ 36.067977095906826, 65.298297031833499, 0.599950988163073 ], [ 36.070115802922373, 65.298093889505253, 0.599950988163073 ], [ 36.070115802922373, 65.298093889505253, 0.599950988163073 ], [ 36.071936573142011, 65.297769774289918, 0.599950988163073 ], [ 36.102359677632194, 65.296178866177797, 0.599950988163073 ], [ 36.132062318105454, 65.292132567228691, 0.599950988163073 ], [ 36.132062318105454, 65.292132567228691, 0.599950988163073 ], [ 36.138599083595182, 65.291466098868113, 0.599950988163073 ], [ 36.144648549718113, 65.290147164872906, 0.599950988163073 ], [ 36.170256832290761, 65.288018034701963, 0.599950988163073 ], [ 36.199194919292495, 65.281937130959705, 0.599950988163073 ], [ 36.205746384439408, 65.281518706917268, 0.599950988163073 ], [ 36.212727143440134, 65.280569012087653, 0.599950988163073 ], [ 36.23882258728554, 65.279096134028805, 0.599950988163073 ], [ 36.269817207456072, 65.275009093580593, 0.599950988163073 ], [ 36.277095688277768, 65.274685612326721, 0.599950988163073 ], [ 36.284612770017702, 65.27362530141545, 0.599950988163073 ], [ 36.311018101700029, 65.271790996641357, 0.599950988163073 ], [ 36.342906828827836, 65.266137176375196, 0.599950988163073 ], [ 36.349525119803729, 65.265587924222928, 0.599950988163073 ], [ 36.358558552969043, 65.264254160920245, 0.599950988163073 ], [ 36.412692544672609, 65.255917723879975, 0.599950988163073 ], [ 36.42418260226259, 65.255488500588399, 0.599950988163073 ], [ 36.46773245744771, 65.25486800307408, 0.599950988163073 ], [ 36.467732457454986, 65.25486800307408, 0.599950988163073 ], [ 36.487964909905713, 65.254815836033231, 0.599950988163073 ], [ 36.494553675271163, 65.255368137164623, 0.599950988163073 ], [ 36.542159077460383, 65.258522458148946, 0.599950988163073 ], [ 36.572930822498165, 65.259433629562409, 0.599950988163073 ], [ 36.572930822509079, 65.259433629562409, 0.599950988163073 ], [ 36.585163345254841, 65.260258666050504, 0.599950988163073 ], [ 36.600204875878262, 65.260331589564885, 0.599950988163073 ], [ 36.645620116458304, 65.26402830985171, 0.599950988163073 ], [ 36.703358415223192, 65.266874494023796, 0.599950988163073 ], [ 36.703358415234106, 65.266874494023796, 0.599950988163073 ], [ 36.720869825661794, 65.268156749996706, 0.599950988163073 ], [ 36.752647608485859, 65.271450442756759, 0.599950988163073 ], [ 36.802859006598737, 65.278198241157952, 0.599950988163073 ], [ 36.818810733584542, 65.280600919973949, 0.599950988163073 ], [ 36.818810733602731, 65.280600919973949, 0.599950988163073 ], [ 36.894868941559253, 65.288106982785393, 0.599950988163073 ], [ 36.92743841288393, 65.289051347634086, 0.599950988163073 ], [ 36.927438412898482, 65.289051347634086, 0.599950988163073 ], [ 36.959544806933991, 65.292176675757219, 0.599950988163073 ], [ 36.990974874268431, 65.292050929936522, 0.599950988163073 ], [ 37.001009695362882, 65.296756214560446, 0.599950988163073 ], [ 37.025193001612934, 65.294229318045836, 0.599950988163073 ], [ 37.055911120154633, 65.297702695152111, 0.599950988163073 ], [ 37.101380185744347, 65.296962088435976, 0.599950988163073 ], [ 37.109356085926265, 65.298538760936935, 0.599950988163073 ], [ 37.122485363313899, 65.297402038664586, 0.599950988163073 ], [ 37.159407028932037, 65.300120476134907, 0.599950988163073 ], [ 37.225869634337869, 65.298485744802747, 0.599950988163073 ], [ 37.226437175097089, 65.298522122266149, 0.599950988163073 ], [ 37.227258111110132, 65.298475897136086, 0.599950988163073 ], [ 37.262865307657194, 65.300093906618713, 0.599950988163073 ], [ 37.262865307657194, 65.300093906618713, 0.599950988163073 ], [ 37.319678367828601, 65.29890883970802, 0.599950988163073 ], [ 37.336160362308874, 65.297352593661344, 0.599950988163073 ], [ 37.384311032914411, 65.295970791248692, 0.599950988163073 ], [ 37.435385277345631, 65.29477251717617, 0.599950988163073 ], [ 37.458617359552591, 65.293411686103354, 0.599950988163073 ], [ 37.527929078918532, 65.289244011630217, 0.599950988163073 ], [ 37.54056577476149, 65.288594113681029, 0.599950988163073 ], [ 37.546320607056259, 65.288025514386391, 0.599950988163073 ], [ 37.546320607056259, 65.288025514386391, 0.599950988163073 ], [ 37.64017361164224, 65.278001893493638, 0.599950988163073 ], [ 37.64017361164224, 65.278001893493638, 0.599950988163073 ], [ 37.679243937222054, 65.273174569247203, 0.599950988163073 ], [ 37.739131694761454, 65.264826801507297, 0.599950988163073 ], [ 37.806352825933573, 65.2546311740698, 0.599950988163073 ], [ 37.836858100774407, 65.24964820265086, 0.599950988163073 ], [ 37.931274082358868, 65.233176938843826, 0.599950988163073 ], [ 37.93127408237342, 65.233176938843826, 0.599950988163073 ], [ 37.932529537549271, 65.232940825615515, 0.599950988163073 ], [ 37.935993560797215, 65.232255482536857, 0.599950988163073 ], [ 37.935993560848146, 65.232255482522305, 0.599950988163073 ], [ 38.026085087618412, 65.215202911655069, 0.599950988163073 ], [ 38.072515713964094, 65.2054085739328, 0.599950988163073 ], [ 38.072515713978646, 65.205408573925524, 0.599950988163073 ], [ 38.115731602229062, 65.197264906608325, 0.599950988163073 ], [ 38.115731602229062, 65.197264906608325, 0.599950988163073 ], [ 38.138564740434958, 65.19263057615899, 0.599950988163073 ], [ 38.138564740434958, 65.19263057615899, 0.599950988163073 ], [ 38.19864616502673, 65.182572652011004, 0.599950988163073 ], [ 38.198646165041282, 65.182572652007366, 0.599950988163073 ], [ 38.202815503318561, 65.181897232167103, 0.599950988163073 ], [ 38.20497454771612, 65.181576154998766, 0.599950988163073 ], [ 38.269341868010088, 65.170998631041584, 0.599950988163073 ], [ 38.303370670011645, 65.165797048641252, 0.599950988163073 ], [ 38.340263341666287, 65.159518571163062, 0.599950988163073 ], [ 38.405386311314942, 65.149256063625216, 0.599950988163073 ], [ 38.405386311314942, 65.149256063625216, 0.599950988163073 ], [ 38.415159466985642, 65.147659593396384, 0.599950988163073 ], [ 38.467212140007177, 65.140386365652375, 0.599950988163073 ], [ 38.514991762152931, 65.133657354504976, 0.599950988163073 ], [ 38.53191124408113, 65.131352513002639, 0.599950988163073 ], [ 38.53191124408113, 65.131352513002639, 0.599950988163073 ], [ 38.583114482702513, 65.125627854227787, 0.599950988163073 ], [ 38.634186971277813, 65.118697990357759, 0.599950988163073 ], [ 38.636562016519747, 65.118418877384102, 0.599950988163073 ], [ 38.69391522173828, 65.113630608793756, 0.599950988163073 ], [ 38.740396887671523, 65.10852852192329, 0.599950988163073 ], [ 38.740396887686074, 65.10852852192329, 0.599950988163073 ], [ 38.750650290097838, 65.108156689591851, 0.599950988163073 ], [ 38.761721743900125, 65.107922886483721, 0.599950988163073 ], [ 38.804391920610215, 65.108960654073599, 0.599950988163073 ], [ 38.833981495088665, 65.108314823701221, 0.599950988163073 ], [ 38.859979893579293, 65.109933085896046, 0.599950988163073 ], [ 38.907985867910611, 65.111936253604654, 0.599950988163073 ], [ 38.916246120566939, 65.11268560762619, 0.599950988163073 ], [ 38.922253238117264, 65.112683473322249, 0.599950988163073 ], [ 38.922253238117264, 65.112683473322249, 0.599950988163073 ], [ 38.976916908857675, 65.117962203767092, 0.599950988163073 ], [ 38.976916908857675, 65.117962203767092, 0.599950988163073 ], [ 39.013651852743351, 65.121400226449623, 0.599950988163073 ], [ 39.041674220236018, 65.125673874576023, 0.599950988163073 ], [ 39.106463930180325, 65.13812318165219, 0.599950988163073 ], [ 39.107185224802379, 65.13830667615548, 0.599950988163073 ], [ 39.108650107875292, 65.13872010149862, 0.599950988163073 ], [ 39.166670335078379, 65.154578229878098, 0.599950988163073 ], [ 39.166670335078379, 65.154578229878098, 0.599950988163073 ], [ 39.192705876041146, 65.162240840250888, 0.599950988163073 ], [ 39.225724627875024, 65.174376487095287, 0.599950988163073 ], [ 39.225724627875024, 65.174376487095287, 0.599950988163073 ], [ 39.271353042695409, 65.192396996568277, 0.599950988163073 ], [ 39.271353042706323, 65.192396996568277, 0.599950988163073 ], [ 39.282622805214487, 65.197422854958859, 0.599950988163073 ], [ 39.3432878591193, 65.226498977146548, 0.599950988163073 ], [ 39.3432878591193, 65.226498977146548, 0.599950988163073 ], [ 39.344009516444203, 65.226920253779099, 0.599950988163073 ], [ 39.344009516444203, 65.226920253779099, 0.599950988163073 ], [ 39.363109023608558, 65.239463590783998, 0.599950988163073 ], [ 39.406195463390759, 65.267587750728126, 0.599950988163073 ], [ 39.407452246035973, 65.268537480067607, 0.599950988163073 ], [ 39.414148036586994, 65.274718217217014, 0.599950988163073 ], [ 39.464937593322247, 65.320585513731203, 0.599950988163073 ], [ 39.464937593322247, 65.320585513738479, 0.599950988163073 ], [ 39.504743096655147, 65.377110894267389, 0.599950988163073 ], [ 39.504743096655147, 65.377110894274665, 0.599950988163073 ], [ 39.521332414024073, 65.405099232400971, 0.599950988163073 ], [ 39.521332414024073, 65.405099232411885, 0.599950988163073 ], [ 39.528925527047249, 65.427255517679441, 0.599950988163073 ], [ 39.532186082160479, 65.434119846500835, 0.599950988163073 ], [ 39.550920873345603, 65.468474107106886, 0.599950988163073 ], [ 39.570693024590582, 65.485995302184165, 0.599950988163073 ], [ 39.570693024579668, 65.485995302184165, 0.599950988163073 ], [ 39.580995654741855, 65.506659367703833, 0.599950988163073 ], [ 39.597711594618886, 65.523078842605173, 0.599950988163073 ], [ 39.609478449685412, 65.55254405319647, 0.599950988163073 ], [ 39.634624027945392, 65.582075214664656, 0.599950988163073 ], [ 39.634624027945392, 65.582075214664656, 0.599950988163073 ], [ 39.652710831651348, 65.596708671389933, 0.599950988163073 ], [ 39.694983473138564, 65.644434439589531, 0.599950988163073 ], [ 39.700052445416077, 65.650630196836573, 0.599950988163073 ], [ 39.707050100416382, 65.657705460042052, 0.599950988163073 ], [ 39.707050100416382, 65.657705460056604, 0.599950988163073 ], [ 39.709567436555517, 65.674107588281913, 0.599950988163073 ], [ 39.715265109687607, 65.715078052213357, 0.599950988163073 ], [ 39.711593520700262, 65.765805491890205, 0.599950988163073 ], [ 39.711006861700298, 65.768004938840022, 0.599950988163073 ], [ 39.711006861700298, 65.768004938840022, 0.599950988163073 ], [ 39.709723148986086, 65.769892438987881, 0.599950988163073 ], [ 39.685965172564465, 65.815226230130065, 0.599950988163073 ], [ 39.648369452981569, 65.840376302752702, 0.599950988163073 ], [ 39.619347597050364, 65.855915832933533, 0.599950988163073 ], [ 39.602238766863593, 65.864915859983739, 0.599950988163073 ], [ 39.551151309769921, 65.886347963616572, 0.599950988163073 ], [ 39.551151309755369, 65.886347963616572, 0.599950988163073 ], [ 39.53412033467248, 65.894432865974522, 0.599950988163073 ], [ 39.528959780447622, 65.897213511423615, 0.599950988163073 ], [ 39.460205662078806, 65.910032635150856, 0.599950988163073 ], [ 39.431398907796392, 65.918931593601883, 0.599950988163073 ], [ 39.399860885314411, 65.921220085256209, 0.599950988163073 ], [ 39.399860885314411, 65.921220085256209, 0.599950988163073 ], [ 39.346092265335756, 65.931991510184162, 0.599950988163073 ], [ 39.343399136811058, 65.931841188281396, 0.599950988163073 ], [ 39.339606818386528, 65.932493653814163, 0.599950988163073 ], [ 39.339606818386528, 65.932493653814163, 0.599950988163073 ], [ 39.277717246914108, 65.935375422257493, 0.599950988163073 ], [ 39.250968973599811, 65.939862516337598, 0.599950988163073 ], [ 39.214771338971332, 65.939316976771806, 0.599950988163073 ], [ 39.168956430210528, 65.945955347604468, 0.599950988163073 ], [ 39.168956430210528, 65.945955347589916, 0.599950988163073 ], [ 39.159274642497621, 65.946487654742668, 0.599950988163073 ], [ 39.154967991984449, 65.947200988615805, 0.599950988163073 ], [ 39.088267774532142, 65.946934106701519, 0.599950988163073 ], [ 39.049523394773132, 65.951869250060554, 0.599950988163073 ], [ 39.032296404802764, 65.949945207721612, 0.599950988163073 ], [ 39.005635314046231, 65.953701179751079, 0.599950988163073 ], [ 39.005635314057145, 65.953701179736527, 0.599950988163073 ], [ 38.963794618677639, 65.953941964948172, 0.599950988163073 ], [ 38.944186311022349, 65.956563481417106, 0.599950988163073 ], [ 38.901869259403611, 65.953155009370676, 0.599950988163073 ], [ 38.84393130517492, 65.96245690422802, 0.599950988163073 ], [ 38.843236059758055, 65.962153659278556, 0.599950988163073 ], [ 38.839301504653122, 65.962744886630389, 0.599950988163073 ], [ 38.83930150463857, 65.962744886630389, 0.599950988163073 ], [ 38.773892021585198, 65.960899328263622, 0.599950988163073 ], [ 38.735783493815688, 65.964630990933074, 0.599950988163073 ], [ 38.722554881886026, 65.960415078425285, 0.599950988163073 ], [ 38.692560185678303, 65.964747470829025, 0.599950988163073 ], [ 38.655699407623615, 65.962394844053051, 0.599950988163073 ], [ 38.624799303346663, 65.965169806018821, 0.599950988163073 ], [ 38.600802989323711, 65.957873416264192, 0.599950988163073 ], [ 38.559426706931845, 65.966326305406255, 0.599950988163073 ], [ 38.559426706917293, 65.966326305406255, 0.599950988163073 ], [ 38.53470495367219, 65.964902283445554, 0.599950988163073 ], [ 38.53470495367219, 65.964902283445554, 0.599950988163073 ], [ 38.5124765648834, 65.966780231203302, 0.599950988163073 ], [ 38.512476564872486, 65.966780231203302, 0.599950988163073 ], [ 38.479810215150792, 65.955420381571457, 0.599950988163073 ], [ 38.479810215150792, 65.955420381571457, 0.599950988163073 ], [ 38.431536176271038, 65.968439161180868, 0.599950988163073 ], [ 38.431536176260124, 65.968439161180868, 0.599950988163073 ], [ 38.414288055158977, 65.967576411334448, 0.599950988163073 ], [ 38.397290171618806, 65.968821444515925, 0.599950988163073 ], [ 38.359150735523144, 65.956985168824758, 0.599950988163073 ], [ 38.359150735523144, 65.956985168824758, 0.599950988163073 ], [ 38.311136572763644, 65.970213752483687, 0.599950988163073 ], [ 38.311136572763644, 65.970213752469135, 0.599950988163073 ], [ 38.294242609590583, 65.969367037207121, 0.599950988163073 ], [ 38.275695314063341, 65.970644966753753, 0.599950988163073 ], [ 38.238586351955746, 65.961963516958349, 0.599950988163073 ], [ 38.198556157076382, 65.971492366115854, 0.599950988163073 ], [ 38.198556157076382, 65.971492366101302, 0.599950988163073 ], [ 38.174910159239516, 65.970270779136627, 0.599950988163073 ], [ 38.146915027871728, 65.9722162708822, 0.599950988163073 ], [ 38.146915027860814, 65.9722162708822, 0.599950988163073 ], [ 38.118320172892709, 65.96661417163341, 0.599950988163073 ], [ 38.118320172878157, 65.96661417163341, 0.599950988163073 ], [ 38.088266970156837, 65.973074998662923, 0.599950988163073 ], [ 38.055942183273146, 65.971409015000972, 0.599950988163073 ], [ 38.055942183273146, 65.971409015000972, 0.599950988163073 ], [ 38.016946546453255, 65.974451275182219, 0.599950988163073 ], [ 37.997454140717309, 65.970789713599515, 0.599950988163073 ], [ 37.997454140706395, 65.970789713599515, 0.599950988163073 ], [ 37.976813159286394, 65.974986988559976, 0.599950988163073 ], [ 37.976813159286394, 65.974986988559976, 0.599950988163073 ], [ 37.93580259652299, 65.97260320492569, 0.599950988163073 ], [ 37.935802596508438, 65.97260320492569, 0.599950988163073 ], [ 37.886494666894578, 65.977232749417453, 0.599950988163073 ], [ 37.875831763034512, 65.975798302999465, 0.599950988163073 ], [ 37.864542926883587, 65.977470428049855, 0.599950988163073 ], [ 37.864542926883587, 65.977470428049855, 0.599950988163073 ], [ 37.8145599113559, 65.973869745252159, 0.599950988163073 ], [ 37.753324865610921, 65.980493699171348, 0.599950988163073 ], [ 37.752971696805616, 65.980483588220523, 0.599950988163073 ], [ 37.752602681277494, 65.9805015707243, 0.599950988163073 ], [ 37.693057076252444, 65.975590667640063, 0.599950988163073 ], [ 37.648534161729913, 65.981594078879425, 0.599950988163073 ], [ 37.648534161729913, 65.981594078868511, 0.599950988163073 ], [ 37.630042987617344, 65.981112465364276, 0.599950988163073 ], [ 37.609184216289577, 65.982291951408115, 0.599950988163073 ], [ 37.571827510819276, 65.978857001457072, 0.599950988163073 ], [ 37.571827510819276, 65.978857001457072, 0.599950988163073 ], [ 37.548292007799319, 65.981591739186115, 0.599950988163073 ], [ 37.548292007799319, 65.981591739186115, 0.599950988163073 ], [ 37.506258104680455, 65.979940943918336, 0.599950988163073 ], [ 37.458732972681901, 65.985308762144996, 0.599950988163073 ], [ 37.458732972667349, 65.985308762144996, 0.599950988163073 ], [ 37.451987277079752, 65.984967233118368, 0.599950988163073 ], [ 37.447847921943321, 65.985347116900812, 0.599950988163073 ], [ 37.383981110251625, 65.981746282825043, 0.599950988163073 ], [ 37.349583517323481, 65.986419403128821, 0.599950988163073 ], [ 37.326482021540869, 65.985838989021431, 0.599950988163073 ], [ 37.293459651311423, 65.988808998517925, 0.599950988163073 ], [ 37.263433438973152, 65.987459236392169, 0.599950988163073 ], [ 37.250615779008513, 65.988618601564667, 0.599950988163073 ], [ 37.19922180010326, 65.985973614446266, 0.599950988163073 ], [ 37.199221800088708, 65.985973614446266, 0.599950988163073 ], [ 37.150152197664283, 65.992460102806945, 0.599950988163073 ], [ 37.124728666763986, 65.993546832465654, 0.599950988163073 ], [ 37.12472866675671, 65.993546832465654, 0.599950988163073 ], [ 37.073923821742937, 65.991093929307681, 0.599950988163073 ], [ 37.048278952544933, 65.993622475478332, 0.599950988163073 ], [ 37.006373357009579, 65.992265357024735, 0.599950988163073 ], [ 36.962133140194055, 65.999295326993888, 0.599950988163073 ], [ 36.962133140186779, 65.999295326993888, 0.599950988163073 ], [ 36.948855181475665, 65.999330003072828, 0.599950988163073 ], [ 36.940192045934964, 65.999885304088821, 0.599950988163073 ], [ 36.876633239568037, 65.996079843658663, 0.599950988163073 ], [ 36.828241798619274, 66.002835699633579, 0.599950988163073 ], [ 36.809049749357655, 66.003778493508435, 0.599950988163073 ], [ 36.755711716356018, 66.001653386403632, 0.599950988163073 ], [ 36.712988624665741, 66.005229484297161, 0.599950988163073 ], [ 36.701556194686418, 66.003116847012279, 0.599950988163073 ], [ 36.672275370627176, 66.006146195290057, 0.599950988163073 ], [ 36.6722753706199, 66.006146195290057, 0.599950988163073 ], [ 36.636841108036606, 66.004338947506767, 0.599950988163073 ], [ 36.59419613317732, 66.007328596329899, 0.599950988163073 ], [ 36.573688885135198, 66.004449825097254, 0.599950988163073 ], [ 36.537449870193086, 66.007999337532965, 0.599950988163073 ], [ 36.537449870174896, 66.007999337532965, 0.599950988163073 ] ] ] ] } },
{ "type": "Feature", "properties": { "gid": 23, "objectid": 23.0, "shape_leng": 3.5759088835599999, "shape_area": 0.039187142688100002, "z_mean": 0.106665799309 }, "geometry": { "type": "MultiPolygon", "coordinates": [ [ [ [ 39.104635063173191, 66.092525704938453, 0.199950988162982 ], [ 39.075939789021504, 66.090136104485282, 0.101250988162974 ], [ 39.057497532510752, 66.088600324605068, 0.199950988162982 ], [ 38.992025755753275, 66.090112074834906, 0.199950988162982 ], [ 38.992025755727809, 66.090112074834906, 0.199950988162982 ], [ 38.9647400659087, 66.088139934272476, 0.116350988163049 ], [ 38.947464133743779, 66.086891273640504, 0.199950988162982 ], [ 38.893375837295025, 66.092791106024379, 0.199950988162982 ], [ 38.953132663915312, 66.098717175056663, 0.075750988163009 ], [ 38.959600523783593, 66.099358591054624, 0.042950988163057 ], [ 38.969182658936916, 66.100308848926943, 0.071050988163051 ], [ 39.012781480603735, 66.104632532784308, -0.000049011837064 ], [ 39.110127774758439, 66.114286339590763, -0.000049011837064 ], [ 39.181996513514605, 66.121413543824019, -0.000049011837064 ], [ 39.259617405568861, 66.129111187616218, 0.144150988162892 ], [ 39.289062500003638, 66.132031250010186, 0.165750988162927 ], [ 39.298150245507713, 66.133905365924875, 0.162950988162947 ], [ 39.363616563554388, 66.147406125561247, 0.123050988162959 ], [ 39.432576600953325, 66.161627375771786, 0.12635098816304 ], [ 39.457751900215953, 66.16681913964203, 0.066650988163019 ], [ 39.465481049497612, 66.16841307969662, 0.1178509881629 ], [ 39.561795822541171, 66.18827554697782, 0.018750988162992 ], [ 39.565447587989183, 66.189028630542452, 0.008350988162874 ], [ 39.566720963943226, 66.189291231876268, 0.013150988163034 ], [ 39.579919523068384, 66.192013098323514, 0.004350988162969 ], [ 39.947602941258083, 66.267838432660938, 0.013450988162958 ], [ 40.061313739315665, 66.291288386750239, 0.007050988162973 ], [ 40.103320312999131, 66.29995117200815, 0.000950988162913 ], [ 40.120130363229691, 66.305846267834568, -0.000049011837064 ], [ 40.137459168570786, 66.311923285240482, 0.011350988163031 ], [ 40.139988722137787, 66.312810371266096, 0.011450988163006 ], [ 40.218282412872213, 66.340267089297413, 0.025350988162927 ], [ 40.224534988672531, 66.342459797400807, 0.028150988162906 ], [ 40.299302085008094, 66.368679778377555, 0.140050988163011 ], [ 40.309756212205684, 66.372345923380635, 0.13675098816293 ], [ 40.331303094473697, 66.379902173001028, 0.09615098816289 ], [ 40.459334339142515, 66.424801292574557, 0.044450988162907 ], [ 40.519073828287219, 66.445751260489487, -0.000049011837064 ], [ 40.521582031004073, 66.446630859009019, 0.006450988162896 ], [ 40.567532752265834, 66.472604800004774, 0.07665098816301 ], [ 40.591109273787879, 66.485931580569741, 0.08335098816292 ], [ 40.60387593500127, 66.493148018002103, 0.097450988163018 ], [ 40.614215502271691, 66.473891659927176, 0.199950988162982 ], [ 40.607627312245313, 66.468169863415824, 0.199950988162982 ], [ 40.578552732666139, 66.449740957508766, 0.199950988162982 ], [ 40.578552732680691, 66.449740957497852, 0.199950988162982 ], [ 40.561674573404161, 66.441664606434642, 0.199950988162982 ], [ 40.527400533002947, 66.411028506365255, 0.199950988162982 ], [ 40.486892597124097, 66.395370626298245, 0.199950988162982 ], [ 40.435357667771314, 66.382551678801974, 0.199950988162982 ], [ 40.395786162411241, 66.371349306551565, 0.199950988162982 ], [ 40.32819716143058, 66.365265117579838, 0.199950988162982 ], [ 40.294845924716356, 66.355625668955327, 0.199950988162982 ], [ 40.252157263374102, 66.329639351348305, 0.199950988162982 ], [ 40.206356713384594, 66.31063271538369, 0.199950988162982 ], [ 40.16674256755141, 66.295733138915239, 0.199950988162982 ], [ 40.166742567536858, 66.295733138915239, 0.199950988162982 ], [ 40.122555783789721, 66.280047653184738, 0.199950988162982 ], [ 40.085422899530386, 66.263744439675065, 0.199950988162982 ], [ 40.085422899530386, 66.263744439675065, 0.199950988162982 ], [ 40.044413576397346, 66.250068872246629, 0.199950988162982 ], [ 40.044413576386432, 66.250068872246629, 0.199950988162982 ], [ 39.990341440006887, 66.244487470627064, 0.199950988162982 ], [ 39.98409002790504, 66.243536797148408, 0.175950988163095 ], [ 39.966228677250911, 66.240820560829889, 0.199950988162982 ], [ 39.966228677225445, 66.240820560818975, 0.199950988162982 ], [ 39.894535849503882, 66.220945734370616, 0.199950988162982 ], [ 39.882226918030938, 66.217856132792804, 0.12395098816296 ], [ 39.849522251679446, 66.209647102707095, 0.202650988162986 ], [ 39.797529400417261, 66.19659664453502, 0.199950988162982 ], [ 39.781667614708567, 66.194889754402539, 0.115750988162972 ], [ 39.746671749078814, 66.191123841843364, 0.199950988162982 ], [ 39.7466717490679, 66.191123841843364, 0.199950988162982 ], [ 39.690554214186704, 66.185857916734676, 0.199950988162982 ], [ 39.673169529898587, 66.183656298475398, 0.128450988162967 ], [ 39.640255994265317, 66.179488086974743, 0.199950988162982 ], [ 39.582788130566769, 66.171692532905581, 0.199950988162982 ], [ 39.563638112460467, 66.16995235158538, 0.114450988163071 ], [ 39.525058294031624, 66.166446564868238, 0.199950988162982 ], [ 39.525058294006158, 66.166446564868238, 0.199950988162982 ], [ 39.469599200823723, 66.160681999615917, 0.199950988162982 ], [ 39.469599200823723, 66.160681999615917, 0.199950988162982 ], [ 39.456536236910324, 66.158333459658024, 0.11115098816299 ], [ 39.416828513305518, 66.151194560945441, 0.199950988162982 ], [ 39.416828513280052, 66.151194560945441, 0.199950988162982 ], [ 39.364096134006104, 66.140077799023857, 0.199950988162982 ], [ 39.307176568276191, 66.131676165798126, 0.199950988162982 ], [ 39.26006961938765, 66.123456096698646, 0.199950988162982 ], [ 39.26006961938765, 66.123456096698646, 0.199950988162982 ], [ 39.209038747801969, 66.108573746085312, 0.199950988162982 ], [ 39.180177855138027, 66.10361091982486, 0.104250988162903 ], [ 39.16338378992441, 66.100723066396313, 0.199950988162982 ], [ 39.104635063173191, 66.092525704938453, 0.199950988162982 ] ] ] ] } },
{ "type": "Feature", "properties": { "gid": 24, "objectid": 24.0, "shape_leng": 31.093404766500001, "shape_area": 2.58998827427, "z_mean": 0.26742933714200001 }, "geometry": { "type": "MultiPolygon", "coordinates": [ [ [ [ 33.31519795245913, 66.735068755555403, 0.199950988162982 ], [ 33.327297336261836, 66.732483884839894, 0.190950988162967 ], [ 33.366390867620794, 66.724132077306422, 0.093150988162961 ], [ 33.405300874612294, 66.715819477281912, 0.199950988162982 ], [ 33.473838975151011, 66.731183547795808, 0.199950988162982 ], [ 33.473838975161925, 66.731183547795808, 0.199950988162982 ], [ 33.485608465030964, 66.732603291464329, 0.199950988162982 ], [ 33.485608465045516, 66.732603291464329, 0.199950988162982 ], [ 33.498895968514262, 66.732806651201827, 0.199950988162982 ], [ 33.531294185202569, 66.724142034527176, 0.199950988162982 ], [ 33.531294185209845, 66.724142034527176, 0.199950988162982 ], [ 33.556454285815562, 66.727330801590142, 0.1803509881629 ], [ 33.577304260059464, 66.729973307352338, 0.199950988162982 ], [ 33.57730426006674, 66.729973307352338, 0.199950988162982 ], [ 33.594578852989798, 66.728002134590497, 0.199950988162982 ], [ 33.594578852997074, 66.728002134590497, 0.199950988162982 ], [ 33.628412859878154, 66.75460792143349, 0.199950988162982 ], [ 33.636927262567042, 66.75341002980349, 0.199950988162982 ], [ 33.64850361628487, 66.754583633042785, 0.199950988162982 ], [ 33.707732113245584, 66.738372631432867, 0.199950988162982 ], [ 33.769753640117415, 66.713648954126256, 0.199950988162982 ], [ 33.769753640128329, 66.713648954115342, 0.199950988162982 ], [ 33.784241194123751, 66.71212743448632, 0.199950988162982 ], [ 33.790845615443686, 66.703786551006488, 0.199950988162982 ], [ 33.864761837805418, 66.67686944111847, 0.199950988162982 ], [ 33.884916337319737, 66.672423085496121, 0.199950988162982 ], [ 33.943829360054224, 66.664026601767546, 0.101750988163076 ], [ 33.977593006195093, 66.659214492447063, 0.199950988162982 ], [ 34.024152487389074, 66.666098456003965, 0.199950988162982 ], [ 34.054482757081132, 66.649418922468612, 0.199950988162982 ], [ 34.08222778520576, 66.659797937758412, 0.199950988162982 ], [ 34.10666126862634, 66.647305756683636, 0.199950988162982 ], [ 34.16457443296531, 66.642288266448304, 0.111450988162915 ], [ 34.19205206037077, 66.639907655247953, 0.199950988162982 ], [ 34.216808572673472, 66.641522197143786, 0.199950988162982 ], [ 34.216808572684386, 66.641522197143786, 0.199950988162982 ], [ 34.277533482290892, 66.62322147301893, 0.199950988162982 ], [ 34.29018421321598, 66.6074441856872, 0.199950988162982 ], [ 34.290184213223256, 66.6074441856872, 0.199950988162982 ], [ 34.337986850125162, 66.575686413747462, 0.199950988162982 ], [ 34.337986850132438, 66.575686413747462, 0.199950988162982 ], [ 34.38840814798823, 66.555793741845264, 0.199950988162982 ], [ 34.405750220907066, 66.54186040431523, 0.199950988162982 ], [ 34.4601593118241, 66.524782327403955, 0.199950988162982 ], [ 34.49047638607226, 66.514338589007821, 0.199950988162982 ], [ 34.524617560258775, 66.517216766911588, 0.101050988163024 ], [ 34.559187734666921, 66.520131110493821, 0.199950988162982 ], [ 34.602958752300765, 66.547499478052487, 0.199950988162982 ], [ 34.609952569775487, 66.549133907061332, 0.216250988162983 ], [ 34.617548392674507, 66.550909022476844, 0.199950988162982 ], [ 34.689173888167716, 66.547463071499806, 0.199950988162982 ], [ 34.753248692701163, 66.564592122031172, 0.199950988162982 ], [ 34.753248692708439, 66.564592122031172, 0.199950988162982 ], [ 34.78372250764005, 66.566640731954976, 0.270150988163095 ], [ 34.817431876293995, 66.568906852800865, 0.199950988162982 ], [ 34.817431876304909, 66.568906852800865, 0.199950988162982 ], [ 34.882862405189371, 66.558194896158966, 0.199950988162982 ], [ 34.939168726159551, 66.555085501800932, 0.199950988162982 ], [ 34.939168726170465, 66.555085501800932, 0.199950988162982 ], [ 34.972433151724545, 66.546281309390906, 0.199950988162982 ], [ 35.000146630307427, 66.519986309329397, 0.199950988162982 ], [ 35.053153700406256, 66.50208420648778, 0.199950988162982 ], [ 35.085942889068974, 66.489170361131983, 0.199950988162982 ], [ 35.137707170331851, 66.473044033773476, 0.199950988162982 ], [ 35.204715273455804, 66.476756112846488, 0.199950988162982 ], [ 35.232526571431663, 66.46952348191553, 0.199950988162982 ], [ 35.232526571529888, 66.469523481890064, 0.199950988162982 ], [ 35.272102111615823, 66.438263866486523, 0.199950988162982 ], [ 35.319807615309401, 66.424977423779637, 0.199950988162982 ], [ 35.356206126794859, 66.408764115942176, 0.199950988162982 ], [ 35.377342362899071, 66.403144435214926, 0.100750988162872 ], [ 35.40433743491667, 66.395967013228073, 0.199950988162982 ], [ 35.452182868004456, 66.383767826784606, 0.199950988162982 ], [ 35.473992693514447, 66.379820077221666, 0.100750988162872 ], [ 35.502759945884463, 66.374612978819641, 0.199950988162982 ], [ 35.502759945895377, 66.374612978808727, 0.199950988162982 ], [ 35.557118569588056, 66.366004454455833, 0.199950988162982 ], [ 35.579648285573057, 66.363314148813515, 0.102050988163001 ], [ 35.609521831735037, 66.359746905865904, 0.199950988162982 ], [ 35.609521831742313, 66.359746905865904, 0.199950988162982 ], [ 35.687825583529047, 66.365387313460815, 0.26455098816291 ], [ 35.696178254867846, 66.365988976471272, 0.247250988162932 ], [ 35.702955981243576, 66.366477192397724, 0.252250988163041 ], [ 35.722492488639546, 66.367884454022715, 0.23615098816299 ], [ 35.729433992961276, 66.368384467274154, 0.199950988162982 ], [ 35.729433993004932, 66.368384467274154, 0.199950988162982 ], [ 35.729433993092243, 66.36838446726324, 0.199950988162982 ], [ 35.825645975932275, 66.356238658176153, 0.199950988162982 ], [ 35.825645975990483, 66.356238658176153, 0.199950988162982 ], [ 35.88854716797141, 66.334664979614899, 0.199950988162982 ], [ 35.888547167982324, 66.334664979614899, 0.199950988162982 ], [ 35.910078133103525, 66.332393060052709, 0.110250988162989 ], [ 35.939968566559401, 66.32923906022188, 0.199950988162982 ], [ 35.994846271390998, 66.320099885513628, 0.199950988162982 ], [ 36.016173057585547, 66.317745420834399, 0.102650988163077 ], [ 36.047772435285879, 66.314256868059601, 0.199950988162982 ], [ 36.047772435293155, 66.314256868059601, 0.199950988162982 ], [ 36.128457540708041, 66.328576175903436, 0.199950988162982 ], [ 36.128457540740783, 66.328576175903436, 0.199950988162982 ], [ 36.128212353254639, 66.32861700871581, 0.199950988162982 ], [ 36.128212353236449, 66.32861700871581, 0.199950988162982 ], [ 36.125767053428717, 66.329189335236151, 0.199950988162982 ], [ 36.125767053395975, 66.329189335236151, 0.199950988162982 ], [ 36.130455627302581, 66.328402203911537, 0.199950988162982 ], [ 36.130455627313495, 66.328402203900623, 0.199950988162982 ], [ 36.223083527311246, 66.31864331268298, 0.199950988162982 ], [ 36.238509772545513, 66.31299509269229, 0.276650988163055 ], [ 36.239604350470472, 66.312594320053904, 0.263650988162908 ], [ 36.321888083512022, 66.28246666297855, 0.199950988162982 ], [ 36.321888083519298, 66.28246666297855, 0.199950988162982 ], [ 36.342390627312852, 66.280149117788824, 0.106950988162907 ], [ 36.373427814669412, 66.276640768501238, 0.199950988162982 ], [ 36.373427814676688, 66.276640768501238, 0.199950988162982 ], [ 36.432239846060838, 66.287351350096287, 0.199950988162982 ], [ 36.432239846082666, 66.287351350096287, 0.199950988162982 ], [ 36.448311857686349, 66.285513989838364, 0.22725098816295 ], [ 36.459500515564287, 66.284234896982525, 0.199950988162982 ], [ 36.459500515538821, 66.284234896982525, 0.199950988162982 ], [ 36.540773065149551, 66.259211396871251, 0.199950988162982 ], [ 36.560639234725386, 66.258618341453257, 0.100950988163049 ], [ 36.595983662125946, 66.257563220871816, 0.199950988162982 ], [ 36.595983662151411, 66.257563220871816, 0.199950988162982 ], [ 36.65610391311202, 66.263352359721466, 0.199950988162982 ], [ 36.672220697684679, 66.26317529705193, 0.134950988162927 ], [ 36.705540552422462, 66.262809237530746, 0.199950988162982 ], [ 36.771570853834419, 66.256555508185556, 0.199950988162982 ], [ 36.785185373675631, 66.255683401446731, 0.101850988163051 ], [ 36.870132045460196, 66.250241963465669, 0.112350988162916 ], [ 36.888187804041081, 66.249085363804625, 0.199950988162982 ], [ 36.944909606765577, 66.242968099842983, 0.199950988162982 ], [ 36.944909606780129, 66.242968099842983, 0.199950988162982 ], [ 36.980589487102407, 66.23929824354127, 0.110650988162888 ], [ 36.997997886574012, 66.237507701527647, 0.199950988162982 ], [ 36.997997886574012, 66.237507701527647, 0.199950988162982 ], [ 37.055155581376312, 66.23155057009717, 0.199950988162982 ], [ 37.055155581394501, 66.23155057009717, 0.199950988162982 ], [ 37.104052606799087, 66.227674446861784, 0.199950988162982 ], [ 37.191448881356337, 66.227449504498509, 0.199950988162982 ], [ 37.202820799975598, 66.225196755975048, 0.199950988162982 ], [ 37.249309651844669, 66.220467923329124, 0.199950988162982 ], [ 37.292301063025661, 66.207032282960427, 0.254050988163044 ], [ 37.301092965000862, 66.204284645013104, 0.259650988163003 ], [ 37.304806450374599, 66.203124109619239, 0.258750988163001 ], [ 37.353766051655839, 66.197696103470662, 0.199950988162982 ], [ 37.388178215631342, 66.185232598349103, 0.199950988162982 ], [ 37.388178215631342, 66.185232598349103, 0.199950988162982 ], [ 37.398642833009944, 66.182840733003104, 0.199950988162982 ], [ 37.449124894577835, 66.151764274178277, 0.199950988162982 ], [ 37.489242159917922, 66.141376143594243, 0.199950988162982 ], [ 37.542348112343461, 66.125647424010822, 0.199950988162982 ], [ 37.582496691542474, 66.116601572968648, 0.199950988162982 ], [ 37.637240651463799, 66.121317164823267, -0.000049011837064 ], [ 37.651096631096152, 66.122510705528839, 0.12635098816304 ], [ 37.668829029025801, 66.124038157173345, 0.215550988162931 ], [ 37.671137586003169, 66.124237014038954, 0.199950988162982 ], [ 37.85893669934012, 66.093888318813697, 0.199950988162982 ], [ 37.858936699351034, 66.093888318813697, 0.199950988162982 ], [ 37.876172491836769, 66.086649809978553, 0.199950988162982 ], [ 37.883261505536211, 66.086062080958072, 0.175350988163018 ], [ 37.891901701397728, 66.085345748037071, 0.199950988162982 ], [ 37.944771652342752, 66.086289272425347, 0.199950988162982 ], [ 38.055304869314568, 66.08068701472439, 0.199950988162982 ], [ 38.0553048693655, 66.080687014713476, 0.199950988162982 ], [ 38.097497878705326, 66.075695489402278, 0.199950988162982 ], [ 38.097497878719878, 66.075695489402278, 0.199950988162982 ], [ 38.100771707631793, 66.072240766014147, 0.199950988162982 ], [ 38.108954071085464, 66.074897686768963, 0.199950988162982 ], [ 38.150427669184864, 66.074258558135625, 0.199950988162982 ], [ 38.150427669261262, 66.074258558135625, 0.199950988162982 ], [ 38.253851546378428, 66.065493392674398, 0.199950988162982 ], [ 38.253851546443912, 66.065493392659846, 0.199950988162982 ], [ 38.369245722591586, 66.057092754435871, 0.199950988162982 ], [ 38.38641793926945, 66.060359534763847, 0.046350988162885 ], [ 38.390506549825659, 66.061137337237597, 0.01805098816294 ], [ 38.40901460222085, 66.064658242114092, 0.176650988162919 ], [ 38.424412665233831, 66.064933940782794, 0.21425098816303 ], [ 38.450066314246214, 66.063907794825354, 0.223950988163097 ], [ 38.480771056165395, 66.060643442328001, 0.163150988162897 ], [ 38.509181960609567, 66.057622957505373, 0.282550988162939 ], [ 38.520548568842059, 66.061985517386347, 0.282550988162939 ], [ 38.523294915747101, 66.06303957876662, 0.325050988162957 ], [ 38.533310832561256, 66.06688373664656, 0.308050988162904 ], [ 38.591728721949039, 66.067929695102066, 0.314350988162914 ], [ 38.653906250005093, 66.069042968996655, 0.103650988163054 ], [ 38.721600842574844, 66.07575622423974, 0.088050988162877 ], [ 38.817380812874035, 66.085254699104553, 0.154850988162934 ], [ 38.8494150054903, 66.088431521708117, 0.269850988162943 ], [ 38.852472363796551, 66.088734719141939, 0.258150988162924 ], [ 38.860629394923308, 66.089543649806728, 0.26805098816294 ], [ 38.893375837295025, 66.092791106024379, 0.199950988162982 ], [ 38.947464133729227, 66.086891273640504, 0.199950988162982 ], [ 38.9647400659087, 66.088139934272476, 0.116350988163049 ], [ 38.992025755727809, 66.090112074834906, 0.199950988162982 ], [ 38.992025755753275, 66.090112074834906, 0.199950988162982 ], [ 39.057497532510752, 66.088600324605068, 0.199950988162982 ], [ 39.075939789021504, 66.090136104485282, 0.101250988162974 ], [ 39.104635063173191, 66.092525704938453, 0.199950988162982 ], [ 39.16338378992441, 66.100723066396313, 0.199950988162982 ], [ 39.180177855138027, 66.10361091982486, 0.104250988162903 ], [ 39.209038747791055, 66.108573746085312, 0.199950988162982 ], [ 39.209038747801969, 66.108573746085312, 0.199950988162982 ], [ 39.26006961938765, 66.123456096698646, 0.199950988162982 ], [ 39.26006961938765, 66.123456096698646, 0.199950988162982 ], [ 39.307176568276191, 66.131676165798126, 0.199950988162982 ], [ 39.364096134006104, 66.140077799023857, 0.199950988162982 ], [ 39.416828513280052, 66.151194560945441, 0.199950988162982 ], [ 39.416828513305518, 66.151194560945441, 0.199950988162982 ], [ 39.456536236910324, 66.158333459658024, 0.11115098816299 ], [ 39.469599200823723, 66.160681999615917, 0.199950988162982 ], [ 39.469599200823723, 66.160681999615917, 0.199950988162982 ], [ 39.525058294006158, 66.166446564868238, 0.199950988162982 ], [ 39.525058294031624, 66.166446564868238, 0.199950988162982 ], [ 39.563638112460467, 66.16995235158538, 0.114450988163071 ], [ 39.582788130566769, 66.171692532905581, 0.199950988162982 ], [ 39.582788130566769, 66.171692532905581, 0.199950988162982 ], [ 39.640255994265317, 66.179488086974743, 0.199950988162982 ], [ 39.673169529898587, 66.183656298475398, 0.128450988162967 ], [ 39.690554214186704, 66.185857916734676, 0.199950988162982 ], [ 39.7466717490679, 66.191123841843364, 0.199950988162982 ], [ 39.746671749078814, 66.191123841843364, 0.199950988162982 ], [ 39.781667614708567, 66.194889754402539, 0.115750988162972 ], [ 39.797529400417261, 66.19659664453502, 0.199950988162982 ], [ 39.797529400417261, 66.19659664453502, 0.199950988162982 ], [ 39.849522251679446, 66.209647102707095, 0.202650988162986 ], [ 39.882226918030938, 66.217856132792804, 0.12395098816296 ], [ 39.894535849503882, 66.220945734370616, 0.199950988162982 ], [ 39.966228677225445, 66.240820560818975, 0.199950988162982 ], [ 39.966228677250911, 66.240820560829889, 0.199950988162982 ], [ 39.98409002790504, 66.243536797148408, 0.175950988163095 ], [ 39.990341440006887, 66.244487470627064, 0.199950988162982 ], [ 40.044413576386432, 66.250068872246629, 0.199950988162982 ], [ 40.044413576397346, 66.250068872246629, 0.199950988162982 ], [ 40.085422899530386, 66.263744439675065, 0.199950988162982 ], [ 40.085422899530386, 66.263744439675065, 0.199950988162982 ], [ 40.122555783775169, 66.280047653173824, 0.199950988162982 ], [ 40.122555783789721, 66.280047653184738, 0.199950988162982 ], [ 40.166742567536858, 66.295733138915239, 0.199950988162982 ], [ 40.16674256755141, 66.295733138915239, 0.199950988162982 ], [ 40.206356713384594, 66.31063271538369, 0.199950988162982 ], [ 40.252157263374102, 66.329639351348305, 0.199950988162982 ], [ 40.294845924716356, 66.355625668955327, 0.199950988162982 ], [ 40.32819716143058, 66.365265117579838, 0.199950988162982 ], [ 40.32819716143058, 66.365265117579838, 0.199950988162982 ], [ 40.395786162411241, 66.371349306551565, 0.199950988162982 ], [ 40.395786162411241, 66.371349306551565, 0.199950988162982 ], [ 40.4353576677604, 66.382551678801974, 0.199950988162982 ], [ 40.435357667771314, 66.382551678801974, 0.199950988162982 ], [ 40.486892597124097, 66.395370626298245, 0.199950988162982 ], [ 40.527400533002947, 66.411028506365255, 0.199950988162982 ], [ 40.561674573404161, 66.441664606434642, 0.199950988162982 ], [ 40.578552732655226, 66.449740957508766, 0.199950988162982 ], [ 40.578552732666139, 66.449740957508766, 0.199950988162982 ], [ 40.607627312245313, 66.468169863415824, 0.199950988162982 ], [ 40.614215502271691, 66.473891659927176, 0.199950988162982 ], [ 40.623909178008034, 66.455838206999033, 0.296150988162935 ], [ 40.630485327568749, 66.44359081888615, 0.36135098816294 ], [ 40.634230074141669, 66.436616621558642, 0.399950988163027 ], [ 40.632966031022079, 66.435815408538474, 0.399950988163027 ], [ 40.632966031032993, 66.43581540852756, 0.399950988163027 ], [ 40.568111632859654, 66.404781995493977, 0.399950988163027 ], [ 40.565421065992268, 66.402377012735087, 0.399950988163027 ], [ 40.484405194260034, 66.371061252590152, 0.399950988163027 ], [ 40.48174858110724, 66.370400438951037, 0.399950988163027 ], [ 40.48174858110724, 66.370400438951037, 0.399950988163027 ], [ 40.427323818457808, 66.354993230022956, 0.399950988163027 ], [ 40.427323818468722, 66.354993230022956, 0.399950988163027 ], [ 40.397204438966583, 66.341207223624224, 0.399950988163027 ], [ 40.384943104392732, 66.336398747946077, 0.399950988163027 ], [ 40.384943104381819, 66.336398747956991, 0.399950988163027 ], [ 40.312021340851061, 66.310018008662155, 0.399950988163027 ], [ 40.286278173360188, 66.300412673463143, 0.399950988163027 ], [ 40.215262794397859, 66.275410640078917, 0.399950988163027 ], [ 40.196321681996778, 66.269047651509027, 0.399950988163027 ], [ 40.110258758570126, 66.245963230911002, 0.399950988163027 ], [ 40.107053358016856, 66.245148185276776, 0.399950988163027 ], [ 40.096863432292594, 66.242979983962869, 0.399950988163027 ], [ 40.096863432238024, 66.242979983951955, 0.399950988163027 ], [ 40.025037152779987, 66.219027744504274, 0.399950988163027 ], [ 40.022014823713107, 66.218715775470628, 0.399950988163027 ], [ 40.022014823713107, 66.218715775470628, 0.399950988163027 ], [ 39.994210056302109, 66.214378907276114, 0.293250988162981 ], [ 39.915940243154182, 66.20217071802108, 0.399950988163027 ], [ 39.914659433608904, 66.201964130541455, 0.399950988163027 ], [ 39.888614777235489, 66.195727693040681, 0.238150988162943 ], [ 39.819559228031721, 66.179192223731661, 0.399950988163027 ], [ 39.815398800834373, 66.178123289057112, 0.399950988163027 ], [ 39.783675229413348, 66.174709508781234, 0.231550988163008 ], [ 39.713683498142927, 66.167177683673799, 0.399950988163027 ], [ 39.713683498142927, 66.167177683673799, 0.399950988163027 ], [ 39.711159640770347, 66.166940850282117, 0.399950988163027 ], [ 39.672989626102208, 66.162106951669557, 0.243050988163077 ], [ 39.600724285108299, 66.152955178087723, 0.399950988163027 ], [ 39.599986261120648, 66.152855065811309, 0.399950988163027 ], [ 39.561686224908044, 66.149374703174544, 0.228850988163003 ], [ 39.48452658802853, 66.142363129725709, 0.399950988163027 ], [ 39.484526588013978, 66.142363129725709, 0.399950988163027 ], [ 39.479628401633818, 66.141853999240993, 0.399950988163027 ], [ 39.479628401619266, 66.141853999240993, 0.399950988163027 ], [ 39.453502473839762, 66.137156919296103, 0.222250988163069 ], [ 39.37408702657558, 66.122879121878213, 0.399950988163027 ], [ 39.374087026561028, 66.122879121878213, 0.399950988163027 ], [ 39.365342268010863, 66.121035598025628, 0.399950988163027 ], [ 39.355903136573033, 66.119642331588693, 0.399950988163027 ], [ 39.261689238755935, 66.103202193404286, 0.399950988163027 ], [ 39.249637495602656, 66.099687492176599, 0.399950988163027 ], [ 39.249637495602656, 66.099687492162047, 0.399950988163027 ], [ 39.191915710267494, 66.089761839655694, 0.208450988162895 ], [ 39.158327579843899, 66.0839861327986, 0.399950988163027 ], [ 39.141810126340715, 66.08168140987982, 0.399950988163027 ], [ 39.084419578040979, 66.076902208951651, 0.202550988163011 ], [ 39.047535065004922, 66.073830649187585, 0.399950988163027 ], [ 39.027461511494039, 66.074294149661, 0.399950988163027 ], [ 39.027461511479487, 66.074294149661, 0.399950988163027 ], [ 38.972890131812164, 66.070349868547055, 0.232650988162959 ], [ 38.938338267471408, 66.067852547279472, 0.399950988163027 ], [ 38.904276399331138, 66.071567940925888, 0.399950988163027 ], [ 38.904276399316586, 66.071567940925888, 0.399950988163027 ], [ 38.86052379706598, 66.052267509203375, 0.399950988163027 ], [ 38.834800604006887, 66.053496374526731, 0.480250988162879 ], [ 38.817883525254729, 66.05430454834277, 0.399950988163027 ], [ 38.817883525240177, 66.05430454834277, 0.399950988163027 ], [ 38.757370547376922, 66.043207631530095, 0.199650988163057 ], [ 38.73565550305284, 66.03922550986681, 0.399950988163027 ], [ 38.708599316920299, 66.037973826645612, 0.399950988163027 ], [ 38.647516233773786, 66.036014457531564, 0.220850988162965 ], [ 38.613090161154105, 66.034910168411443, 0.399950988163027 ], [ 38.559773668974231, 66.049282825391856, 0.399950988163027 ], [ 38.535116734030453, 66.040836711992597, 0.399950988163027 ], [ 38.535116734030453, 66.040836712007149, 0.399950988163027 ], [ 38.518114399568731, 66.047360059150378, 0.399950988163027 ], [ 38.518114399568731, 66.047360059161292, 0.399950988163027 ], [ 38.472661796044122, 66.029915127481217, 0.399950988163027 ], [ 38.472661796033208, 66.029915127481217, 0.399950988163027 ], [ 38.421428480971372, 66.029224870570033, 0.222250988163069 ], [ 38.385162875791139, 66.02873627082954, 0.399950988163027 ], [ 38.385162875776587, 66.02873627082954, 0.399950988163027 ], [ 38.322573160432512, 66.051544885009207, 0.399950988163027 ], [ 38.322573160407046, 66.051544885009207, 0.399950988163027 ], [ 38.314836338791793, 66.049979885559878, 0.399950988163027 ], [ 38.310382300354831, 66.052223306109227, 0.399950988163027 ], [ 38.234221262202482, 66.044351983739034, 0.399950988163027 ], [ 38.201466956623335, 66.047225480280758, 0.3370509881629 ], [ 38.175843725621235, 66.049473376071546, 0.399950988163027 ], [ 38.175843725606683, 66.049473376071546, 0.399950988163027 ], [ 38.130032970075263, 66.050179342455522, 0.399950988163027 ], [ 38.130032970064349, 66.050179342466436, 0.399950988163027 ], [ 38.089992558987433, 66.0529677335835, 0.299950988162891 ], [ 38.058863702255621, 66.055135529193649, 0.399950988163027 ], [ 38.015276446898497, 66.060291996865999, 0.399950988163027 ], [ 37.981140309446346, 66.062540788992919, 0.332650988163095 ], [ 37.954284347764769, 66.064309983739804, 0.399950988163027 ], [ 37.908097175455623, 66.06348572026036, 0.399950988163027 ], [ 37.850827287835273, 66.046472869576974, 0.399950988163027 ], [ 37.811233161613927, 66.049379485488316, 0.538450988163049 ], [ 37.80126807619672, 66.050111025218939, 0.536750988163021 ], [ 37.784321025741519, 66.051355112944293, 0.537550988163048 ], [ 37.736456076130708, 66.05486889232634, 0.485650988162888 ], [ 37.701242342165642, 66.057453942426946, 0.53565098816307 ], [ 37.686907590737974, 66.058506260545983, 0.53365098816289 ], [ 37.658835729576822, 66.060567023749172, 0.534550988162891 ], [ 37.619976172903989, 66.063419714708289, 0.399950988163027 ], [ 37.592509847581823, 66.076362325384252, 0.521650988162946 ], [ 37.582998040408711, 66.08084445451459, 0.516650988163065 ], [ 37.574196994235535, 66.084991660696687, 0.51395098816306 ], [ 37.541922244414309, 66.100200084711105, 0.501050988162888 ], [ 37.507066224701703, 66.116624848022184, 0.399950988163027 ], [ 37.490294319846726, 66.121592287188832, 0.399950988163027 ], [ 37.490294319846726, 66.121592287188832, 0.399950988163027 ], [ 37.410059789152001, 66.142368548356899, 0.399950988163027 ], [ 37.396477174635947, 66.150729925608175, 0.399950988163027 ], [ 37.396477174635947, 66.150729925608175, 0.399950988163027 ], [ 37.315368300176488, 66.167657289675844, 0.409850988163043 ], [ 37.299255904017627, 66.171019935234654, 0.421650988163037 ], [ 37.213603134805453, 66.188895606886945, 0.409850988163043 ], [ 37.198096206371702, 66.192131891752069, 0.399950988163027 ], [ 37.169301324465778, 66.191936167568201, 0.434750988162932 ], [ 37.126392507212586, 66.191644508315221, 0.433850988162931 ], [ 37.106508942899382, 66.191509355998278, 0.433350988163056 ], [ 37.093457404567744, 66.19142064225889, 0.438250988162963 ], [ 37.035416758717474, 66.191026129141392, 0.448350988162929 ], [ 36.998705083471577, 66.190776593022747, 0.448150988162979 ], [ 36.962778998022259, 66.190532396703929, 0.454250988163039 ], [ 36.949844828926871, 66.190444480729639, 0.399950988163027 ], [ 36.928315085857321, 66.192336629021156, 0.455250988163016 ], [ 36.882470135722542, 66.19636572696254, 0.450450988163084 ], [ 36.843009676857037, 66.199833721886534, 0.452650988162986 ], [ 36.832621532947087, 66.200746687194624, 0.399950988163027 ], [ 36.817373762234638, 66.201389192039642, 0.399950988163027 ], [ 36.810018740099622, 66.201854762053699, 0.453050988162886 ], [ 36.759918365067279, 66.2050260961405, 0.449550988163082 ], [ 36.723863708055433, 66.207308341781754, 0.45185098816296 ], [ 36.699809404297412, 66.208830969771952, 0.399950988163027 ], [ 36.686922701344884, 66.208958552961121, 0.452150988162884 ], [ 36.637165492804343, 66.209451167989755, 0.451050988162933 ], [ 36.602559818944428, 66.209793777135928, 0.455050988163066 ], [ 36.582192334019055, 66.209995422876091, 0.399950988163027 ], [ 36.568354843384441, 66.212023627827875, 0.455250988163016 ], [ 36.519463654876745, 66.219189764611656, 0.449550988163082 ], [ 36.496307557394175, 66.222583827377093, 0.44945098816288 ], [ 36.46172768413453, 66.227652309229597, 0.399950988163027 ], [ 36.440348894979252, 66.227570146002108, 0.449150988162955 ], [ 36.403480486445915, 66.227428452883032, 0.449750988163032 ], [ 36.371983605473361, 66.227307403678424, 0.453450988163013 ], [ 36.349628108575416, 66.227221486758935, 0.399950988163027 ], [ 36.34962810856814, 66.227221486769849, 0.399950988163027 ], [ 36.334942982524808, 66.231126974256767, 0.452650988162986 ], [ 36.29157253255471, 66.242661281110486, 0.444150988163074 ], [ 36.272272317106399, 66.24779414477598, 0.443250988163072 ], [ 36.235618987815542, 66.257542043342255, 0.399950988163027 ], [ 36.208526633563451, 66.258832824220008, 0.440450988163093 ], [ 36.18111677442721, 66.26013873221018, 0.440150988162941 ], [ 36.158453968611866, 66.261218472853216, 0.442550988163021 ], [ 36.124021017956693, 66.262858987134678, 0.399950988163027 ], [ 36.104695690908557, 66.263510734341253, 0.445650988162924 ], [ 36.064170134002779, 66.264877459889249, 0.445750988162899 ], [ 36.02845989598427, 66.266081788686279, 0.450050988162957 ], [ 36.009284829400713, 66.266728468341171, 0.399950988163027 ], [ 35.997998984785227, 66.268001368895057, 0.451350988163085 ], [ 35.946893192285643, 66.273765456000547, 0.448350988162929 ], [ 35.912018394155893, 66.277698892208718, 0.450350988162882 ], [ 35.89548381613713, 66.279563783511549, 0.399950988163027 ], [ 35.882425159452396, 66.282111530603288, 0.449550988163082 ], [ 35.838118218547606, 66.290755825546512, 0.443850988162922 ], [ 35.813146146152576, 66.295627882936969, 0.444250988163049 ], [ 35.78451111319373, 66.301214584826084, 0.399950988163027 ], [ 35.7595208423445, 66.303470566723263, 0.442250988163096 ], [ 35.727179438457824, 66.306390167799691, 0.439850988163016 ], [ 35.703112067065376, 66.308562835507473, 0.441650988163019 ], [ 35.670390472318104, 66.311516758087237, 0.399950988163027 ], [ 35.648194673052785, 66.311868838383816, 0.442350988163071 ], [ 35.608791421749629, 66.31249387144635, 0.440050988162966 ], [ 35.568626600233983, 66.313130984894087, 0.443150988163097 ], [ 35.551499219251127, 66.3134026675325, 0.399950988163027 ], [ 35.541566714127839, 66.314811914562597, 0.442450988163046 ], [ 35.491401437306195, 66.321929481269763, 0.434350988163033 ], [ 35.451315791604429, 66.32761692634449, 0.434350988163033 ], [ 35.440444503274193, 66.329159370128764, 0.399950988163027 ], [ 35.440444503266917, 66.329159370128764, 0.399950988163027 ], [ 35.433181280364806, 66.330643848148611, 0.432650988163005 ], [ 35.342735405338317, 66.349129431589972, 0.421750988163012 ], [ 35.336041539838334, 66.350497542734956, 0.399950988163027 ], [ 35.336041539831058, 66.350497542734956, 0.399950988163027 ], [ 35.331565629181569, 66.35270920003677, 0.419350988162932 ], [ 35.270119792967307, 66.383071095642663, 0.399950988163027 ], [ 35.270119792956393, 66.383071095642663, 0.399950988163027 ], [ 35.235952345450642, 66.383783482739091, 0.399950988163027 ], [ 35.196311875442916, 66.385940142416075, 0.399950988163027 ], [ 35.19631187543564, 66.385940142416075, 0.399950988163027 ], [ 35.139066695955989, 66.383517551763362, 0.399950988163027 ], [ 35.044358504936099, 66.380477176291606, 0.399950988163027 ], [ 35.03794817187736, 66.379864714934229, 0.399950988163027 ], [ 35.00853328402809, 66.376461493851821, 0.399950988163027 ], [ 35.008533283951692, 66.376461493837269, 0.399950988163027 ], [ 34.935611660897848, 66.367959596176661, 0.399950988163027 ], [ 34.921471309709887, 66.366227231417724, 0.399950988163027 ], [ 34.827673604842857, 66.346629628642404, 0.399950988163027 ], [ 34.814625928094756, 66.344243065494084, 0.399950988163027 ], [ 34.760009316956712, 66.322625210188562, 0.399950988163027 ], [ 34.727504615832004, 66.314600071265886, 0.399950988163027 ], [ 34.68763194245912, 66.28947090321526, 0.399950988163027 ], [ 34.677408947518416, 66.275173221860314, 0.399950988163027 ], [ 34.677408947518416, 66.275173221860314, 0.399950988163027 ], [ 34.673403033077193, 66.233054451076896, 0.399950988163027 ], [ 34.671680225274031, 66.222192748966336, 0.399950988163027 ], [ 34.683299442069256, 66.180945903270185, 0.399950988163027 ], [ 34.684726954281359, 66.164550137043989, 0.399950988163027 ], [ 34.684726954284997, 66.164550137043989, 0.399950988163027 ], [ 34.712758750531066, 66.110163823195762, 0.399950988163027 ], [ 34.712758750538342, 66.110163823195762, 0.399950988163027 ], [ 34.720678932466399, 66.089146127356798, 0.399950988163027 ], [ 34.720678932470037, 66.089146127345884, 0.399950988163027 ], [ 34.749505901359953, 66.049227200368477, 0.399950988163027 ], [ 34.783116432830866, 65.99475877160512, 0.399950988163027 ], [ 34.786751564606675, 65.988564959239739, 0.399950988163027 ], [ 34.787673404764064, 65.9869683767065, 0.399950988163027 ], [ 34.78767340477134, 65.9869683767065, 0.399950988163027 ], [ 34.788483551215904, 65.985347232399363, 0.399950988163027 ], [ 34.852223631285597, 65.943762591687118, 0.399950988163027 ], [ 34.866963098909764, 65.936437311742338, 0.399950988163027 ], [ 34.907381327349867, 65.907454721618706, 0.399950988163027 ], [ 34.920982103725692, 65.87969152846199, 0.399950988163027 ], [ 34.934650446830346, 65.866549582580774, 0.399950988163027 ], [ 34.952554183364555, 65.847192775763688, 0.399950988163027 ], [ 34.970836391814373, 65.834072206402197, 0.399950988163027 ], [ 34.970836391814373, 65.834072206402197, 0.399950988163027 ], [ 35.017041800991137, 65.814042039870401, 0.399950988163027 ], [ 35.031665613176301, 65.803569280229567, 0.399950988163027 ], [ 35.03318123041754, 65.789120052813814, 0.399950988163027 ], [ 35.033435892666603, 65.756607544113649, 0.399950988163027 ], [ 35.052615719941969, 65.731643776936835, 0.399950988163027 ], [ 35.06006650141353, 65.726603077291657, 0.399950988163027 ], [ 35.067517096045776, 65.673606982902129, 0.399950988163027 ], [ 35.017748646176187, 65.644891110652679, 0.399950988163027 ], [ 35.014329197478219, 65.643507261185732, 0.399950988163027 ], [ 35.014329197478219, 65.643507261185732, 0.399950988163027 ], [ 35.004850836936384, 65.639742661747732, 0.399950988163027 ], [ 35.004850836947298, 65.639742661747732, 0.399950988163027 ], [ 34.954838199806545, 65.604492203750851, 0.399950988163027 ], [ 34.924305224976706, 65.589225179115601, 0.399950988163027 ], [ 34.907708589162212, 65.561677193283685, 0.399950988163027 ], [ 34.907708589169488, 65.561677193283685, 0.399950988163027 ], [ 34.906013306572277, 65.553417594273924, 0.399950988163027 ], [ 34.906013306565001, 65.553417594273924, 0.399950988163027 ], [ 34.901379644681583, 65.547822189870203, 0.399950988163027 ], [ 34.901379644674307, 65.547822189881117, 0.399950988163027 ], [ 34.877252921778563, 65.520884367117105, 0.399950988163027 ], [ 34.874407198745757, 65.51559713125971, 0.399950988163027 ], [ 34.854789130396966, 65.497326959397469, 0.399950988163027 ], [ 34.834959403578978, 65.476487035801256, 0.399950988163027 ], [ 34.834959403571702, 65.476487035801256, 0.399950988163027 ], [ 34.834058039021329, 65.473478908937977, 0.399950988163027 ], [ 34.834774660841504, 65.421057750583714, 0.399950988163027 ], [ 34.81939139232054, 65.388212028494308, 0.399950988163027 ], [ 34.780593702376791, 65.347918637377006, 0.399950988163027 ], [ 34.777110687511595, 65.346214159340889, 0.399950988163027 ], [ 34.775892495912558, 65.34256473860296, 0.399950988163027 ], [ 34.778404304419382, 65.334936062947236, 0.399950988163027 ], [ 34.778404304419382, 65.334936062936322, 0.399950988163027 ], [ 34.798653474823368, 65.296712759609363, 0.399950988163027 ], [ 34.816216353421623, 65.252038660964899, 0.399950988163027 ], [ 34.821514334176754, 65.247025880213187, 0.399950988163027 ], [ 34.822289579940843, 65.24595160644094, 0.399950988163027 ], [ 34.830584650182573, 65.240192070948979, 0.399950988163027 ], [ 34.830584650211676, 65.240192070930789, 0.399950988163027 ], [ 34.861719215085031, 65.223104863918707, 0.399950988163027 ], [ 34.868405381319462, 65.217298757666867, 0.399950988163027 ], [ 34.896187739519519, 65.189953564917232, 0.399950988163027 ], [ 34.903484164315159, 65.182485423723847, 0.399950988163027 ], [ 34.930471168954682, 65.166121015146928, 0.399950988163027 ], [ 34.948778085876256, 65.154686610465433, 0.399950988163027 ], [ 34.968319750983937, 65.143675562077988, 0.399950988163027 ], [ 34.989432589503849, 65.124658832322893, 0.399950988163027 ], [ 35.006597623720154, 65.125139960666274, 0.399950988163027 ], [ 35.033795374358306, 65.109621287181653, 0.399950988163027 ], [ 35.033795374372858, 65.109621287174377, 0.399950988163027 ], [ 35.045359941588686, 65.10626453198347, 0.399950988163027 ], [ 35.051144743832992, 65.104075995073799, 0.399950988163027 ], [ 35.080076091828232, 65.090107952735707, 0.399950988163027 ], [ 35.100989293441671, 65.079910402891983, 0.399950988163027 ], [ 35.114157636075106, 65.075995540635631, 0.399950988163027 ], [ 35.134940906940756, 65.06158432988741, 0.399950988163027 ], [ 35.140602728275553, 65.058382908828207, 0.399950988163027 ], [ 35.145494874610449, 65.057134663962643, 0.399950988163027 ], [ 35.198406223764323, 65.049091785273049, 0.399950988163027 ], [ 35.210768853932677, 65.047355506219901, 0.399950988163027 ], [ 35.235793682779331, 65.043692614181055, 0.399950988163027 ], [ 35.256416636893846, 65.037254151484376, 0.399950988163027 ], [ 35.276683269257774, 65.03602636564392, 0.399950988163027 ], [ 35.302317609344755, 65.040509393951652, 0.399950988163027 ], [ 35.326679426798364, 65.044890911565744, 0.399950988163027 ], [ 35.329661296498671, 65.066083794557926, 0.399950988163027 ], [ 35.352379750558612, 65.080122258186748, 0.399950988163027 ], [ 35.361637435271405, 65.079828015394014, 0.399950988163027 ], [ 35.39333995816196, 65.084424746033619, 0.399950988163027 ], [ 35.393339958169236, 65.084424746033619, 0.399950988163027 ], [ 35.39619412711545, 65.083838254238799, 0.400850988163029 ], [ 35.398929404822411, 65.083276192919584, 0.399950988163027 ], [ 35.432865916623996, 65.095680163969519, 0.406150988163063 ], [ 35.436530905266409, 65.097019736324, 0.405050988162884 ], [ 35.441631403449719, 65.098883994858625, 0.399950988163027 ], [ 35.446009060629876, 65.104044306834112, 0.399950988163027 ], [ 35.446009060629876, 65.104044306841388, 0.399950988163027 ], [ 35.459777780371951, 65.116158921049646, 0.399950988163027 ], [ 35.464569245221355, 65.121608771143656, 0.399950988163027 ], [ 35.472760043678136, 65.125266294271569, 0.413750988162974 ], [ 35.479295666260441, 65.128184714365489, 0.398150988163025 ], [ 35.485335173452768, 65.13088159884137, 0.290650988162952 ], [ 35.501936392916832, 65.138294715459779, 0.225850988163074 ], [ 35.51779600809823, 65.14537667573677, 0.399950988163027 ], [ 35.528265562999877, 65.149409510977421, 0.399950988163027 ], [ 35.557835380262986, 65.155338256925461, 0.399950988163027 ], [ 35.563383134463947, 65.156941224253387, 0.399950988163027 ], [ 35.566689907984255, 65.156468410190428, 0.399950988163027 ], [ 35.580381690782815, 65.160912552910304, 0.399950988163027 ], [ 35.601390369578439, 65.167807369965885, 0.399950988163027 ], [ 35.610712238252745, 65.170879896017141, 0.432750988162979 ], [ 35.623477023193118, 65.175087221352442, 0.432050988162928 ], [ 35.642609740549233, 65.181393443264824, 0.43665098816291 ], [ 35.660594105538621, 65.187321163539309, 0.449550988163082 ], [ 35.681830428071407, 65.194320742320997, 0.461150988162899 ], [ 35.690008460896934, 65.197016255395283, 0.399950988163027 ], [ 35.697437772083504, 65.197720452004432, 0.47335098816302 ], [ 35.712148044713103, 65.19911478369977, 0.467750988163061 ], [ 35.72791476587372, 65.20060925218786, 0.477750988163052 ], [ 35.737573209509719, 65.201524739917659, 0.399950988163027 ], [ 35.745760943107598, 65.201105076590466, 0.476750988163076 ], [ 35.758501767140842, 65.200452044016856, 0.468050988162986 ], [ 35.773405802763591, 65.199688135762699, 0.474550988162946 ], [ 35.786320722541859, 65.199026179892826, 0.399950988163027 ], [ 35.790724677033722, 65.198442385470116, 0.453450988163013 ], [ 35.801898389658163, 65.196961182340601, 0.426250988163019 ], [ 35.823661404971062, 65.194076246298209, 0.446050988163051 ], [ 35.83595367203452, 65.192446766010107, 0.399950988163027 ], [ 35.869351133114833, 65.179399115473643, 0.399950988163027 ], [ 35.873754350828676, 65.177434371184063, 0.429950988163 ], [ 35.895682336507889, 65.167649961822463, 0.399950988163027 ], [ 35.895682336580649, 65.167649961789721, 0.399950988163027 ], [ 35.902431114856881, 65.167476204667764, 0.399950988163027 ], [ 35.910447497321002, 65.170235185669299, 0.399950988163027 ], [ 35.920147191551223, 65.178928326964524, 0.399950988163027 ], [ 35.919847989251139, 65.181355120654189, 0.399950988163027 ], [ 35.940421580959082, 65.188197908115399, 0.252850988162891 ], [ 35.95376735760874, 65.192636720479641, 0.360450988162938 ], [ 35.969941060051497, 65.198016102454858, 0.399950988163027 ], [ 35.991028132164502, 65.201177357572305, 0.20815098816297 ], [ 36.006970242644456, 65.203567309010396, 0.143950988162942 ], [ 36.016906631575694, 65.205056916489411, 0.399950988163027 ], [ 36.019647618337331, 65.201461791799375, 0.399950988163027 ], [ 36.019647618337331, 65.201461791792099, 0.399950988163027 ], [ 36.040822423678037, 65.191132790943811, 0.399950988163027 ], [ 36.045963768934598, 65.188653329736553, 0.399950988163027 ], [ 36.066150855993328, 65.176629406763823, 0.399950988163027 ], [ 36.070543639707466, 65.172579442176357, 0.399950988163027 ], [ 36.100270869734231, 65.169375926645444, 0.399950988163027 ], [ 36.111107424305374, 65.171118636913889, 0.399950988163027 ], [ 36.129941009232425, 65.178804274408321, 0.399950988163027 ], [ 36.146917355992628, 65.180132959492767, 0.473450988162995 ], [ 36.15468057947146, 65.180740562489518, 0.466450988162933 ], [ 36.170839929884096, 65.182005303846381, 0.480350988163082 ], [ 36.184339856583392, 65.183061900497705, 0.399950988163027 ], [ 36.191228326915734, 65.183154730515525, 0.486950988163017 ], [ 36.203097571422404, 65.183314682151831, 0.481650988162983 ], [ 36.219885977352533, 65.183540925107081, 0.493550988162951 ], [ 36.231513816695951, 65.183697623531771, 0.399950988163027 ], [ 36.247677171733812, 65.172168514760415, 0.399950988163027 ], [ 36.265402225613798, 65.155111888972897, 0.399950988163027 ], [ 36.254618031874998, 65.137228412364493, 0.399950988163027 ], [ 36.249811642512213, 65.137121064159146, 0.399950988163027 ], [ 36.240936376107129, 65.132769908399496, 0.311150988163035 ], [ 36.223003868821252, 65.123978382733185, 0.38935098816296 ], [ 36.218957866767596, 65.121994804510905, 0.399950988163027 ], [ 36.206242201082205, 65.113663972271752, 0.399950988163027 ], [ 36.203275104300701, 65.109653861742117, 0.399950988163027 ], [ 36.202424212475307, 65.109429144900787, 0.401650988163055 ], [ 36.183543096893118, 65.104442724168621, 0.390250988162961 ], [ 36.165882281944505, 65.099778579548001, 0.395150988163095 ], [ 36.152062822849985, 65.096128920336923, 0.399950988163027 ], [ 36.127957331009384, 65.089938274151791, 0.399950988163027 ], [ 36.116641877193615, 65.07959187765664, 0.399950988163027 ], [ 36.10292878065593, 65.075039813014882, 0.399950988163027 ], [ 36.094277863870957, 65.068702224103617, 0.399950988163027 ], [ 36.084176537959138, 65.057823367693345, 0.399950988163027 ], [ 36.084176537959138, 65.057823367686069, 0.399950988163027 ], [ 36.087819582986413, 65.046968808179372, 0.399950988163027 ], [ 36.087819582997327, 65.046968808179372, 0.399950988163027 ], [ 36.083354295609752, 65.032648578078806, 0.399950988163027 ], [ 36.084956702969066, 65.024690572648979, 0.399950988163027 ], [ 36.086366669231211, 64.99787472116077, 0.399950988163027 ], [ 36.086366669231211, 64.99787472116077, 0.399950988163027 ], [ 36.06504338888044, 64.976917171177774, 0.399950988163027 ], [ 36.059808414884174, 64.970983662879007, 0.399950988163027 ], [ 36.037938311954349, 64.957620247263549, 0.399950988163027 ], [ 36.010575977976259, 64.9619527959876, 0.399950988163027 ], [ 36.008153886738, 64.961074785212986, 0.399950988163027 ], [ 36.005473137549416, 64.962009796563507, 0.399950988163027 ], [ 35.972546151846473, 64.953813100597472, 0.399950988163027 ], [ 35.959865233624441, 64.949532276012178, 0.399950988163027 ], [ 35.933489070739597, 64.942530906981119, 0.399950988163027 ], [ 35.933489070732321, 64.942530906981119, 0.399950988163027 ], [ 35.909902666018752, 64.943029422578547, 0.399950988163027 ], [ 35.902298463770421, 64.941123788186815, 0.399950988163027 ], [ 35.885074506368255, 64.938682511885418, 0.399950988163027 ], [ 35.867079382860538, 64.934299623870174, 0.399950988163027 ], [ 35.863567343309114, 64.933485880541411, 0.399950988163027 ], [ 35.856185520311556, 64.932617579361249, 0.399950988163027 ], [ 35.817433207892464, 64.925871441697382, 0.399950988163027 ], [ 35.790747803763225, 64.924683272940456, 0.399950988163027 ], [ 35.786691440102004, 64.920889991342847, 0.399950988163027 ], [ 35.786691440102004, 64.920889991342847, 0.399950988163027 ], [ 35.771089215464599, 64.922354712012748, 0.399950988163027 ], [ 35.759445183350181, 64.916106920183665, 0.399950988163027 ], [ 35.744444403844682, 64.921480913413689, 0.399950988163027 ], [ 35.740546365545015, 64.916918563048966, 0.399950988163027 ], [ 35.740546365545015, 64.916918563038053, 0.399950988163027 ], [ 35.714645656917128, 64.915795280197926, 0.399950988163027 ], [ 35.699492607152933, 64.920165940577135, 0.399950988163027 ], [ 35.680869022638944, 64.912103411897988, 0.399950988163027 ], [ 35.677086023541051, 64.904694423636101, 0.405650988162961 ], [ 35.671336831077497, 64.893434653717122, 0.40435098816306 ], [ 35.6555185321522, 64.862454579979385, 0.399950988163027 ], [ 35.653338188993075, 64.856184212243534, 0.399950988163027 ], [ 35.666733713896974, 64.826143911657709, 0.399950988163027 ], [ 35.644589758161601, 64.813403919779375, 0.399950988163027 ], [ 35.613853492810449, 64.824162156262901, 0.399950988163027 ], [ 35.585086056136788, 64.829605234986957, 0.399950988163027 ], [ 35.531582758238073, 64.840503806826746, 0.399950988163027 ], [ 35.525770584390557, 64.857815528739593, 0.399950988163027 ], [ 35.4879306315961, 64.848607099946094, 0.399950988163027 ], [ 35.494072839697765, 64.830641205709981, 0.399950988163027 ], [ 35.505929317812843, 64.812611215238576, 0.399950988163027 ], [ 35.508870609428413, 64.804611323204881, 0.399950988163027 ], [ 35.52510146374334, 64.805144483172626, 0.399950988163027 ], [ 35.55179062292882, 64.80020867507119, 0.399950988163027 ], [ 35.567565764951723, 64.794490987595054, 0.399950988163027 ], [ 35.595291646921396, 64.772938773952774, 0.399950988163027 ], [ 35.600215654783824, 64.769817763262836, 0.399950988163027 ], [ 35.623700445263239, 64.751026594651194, 0.399950988163027 ], [ 35.634657454462285, 64.748297354675742, 0.399950988163027 ], [ 35.648189912604721, 64.748671979767096, 0.399950988163027 ], [ 35.656428862210305, 64.746529743955762, 0.399950988163027 ], [ 35.669181259941979, 64.736294767695654, 0.399950988163027 ], [ 35.684618241786666, 64.729752864783222, 0.399950988163027 ], [ 35.711584189139103, 64.717065664117399, 0.399950988163027 ], [ 35.726616184536397, 64.707711689614371, 0.399950988163027 ], [ 35.738147993444727, 64.699648611600423, 0.399950988163027 ], [ 35.762825523648644, 64.683222000134265, 0.399950988163027 ], [ 35.778568392139277, 64.666267442084063, 0.399950988163027 ], [ 35.778568392139277, 64.666267442076787, 0.399950988163027 ], [ 35.79864989475027, 64.654901946061727, 0.399950988163027 ], [ 35.826394876239647, 64.626231944777828, 0.399950988163027 ], [ 35.85867609863999, 64.612747195715201, 0.399950988163027 ], [ 35.881062423301046, 64.604473754214268, 0.399950988163027 ], [ 35.902139951806021, 64.610506751178036, 0.399950988163027 ], [ 35.928458755643078, 64.604330734069663, 0.399950988163027 ], [ 35.953863866750908, 64.60468673932337, 0.399950988163027 ], [ 35.989956147022895, 64.617458508684649, 0.399950988163027 ], [ 36.006944589571503, 64.625649322282698, 0.399950988163027 ], [ 36.031461936352571, 64.635200805245404, 0.399950988163027 ], [ 36.042329815925768, 64.642526883737446, 0.399950988163027 ], [ 36.085124968107266, 64.680958145600016, 0.399950988163027 ], [ 36.087894856580533, 64.683611925614969, 0.399950988163027 ], [ 36.092361374732718, 64.688627189683757, 0.399950988163027 ], [ 36.092361374743632, 64.688627189694671, 0.399950988163027 ], [ 36.135843849344383, 64.727059251799801, 0.399950988163027 ], [ 36.165010146072746, 64.756810902348661, 0.399950988163027 ], [ 36.186050150859955, 64.774187696690205, 0.399950988163027 ], [ 36.221065577123227, 64.813873649698508, 0.399950988163027 ], [ 36.234972175228904, 64.840352213082951, 0.399950988163027 ], [ 36.23603701339016, 64.858588852028333, 0.399950988163027 ], [ 36.294580847952602, 64.890259260468156, 0.399950988163027 ], [ 36.320772387323814, 64.901954407530866, 0.399950988163027 ], [ 36.367180944183929, 64.916595086757297, 0.399950988163027 ], [ 36.368647466799302, 64.928727893508039, 0.399950988163027 ], [ 36.43431638475522, 64.946617884288571, 0.399950988163027 ], [ 36.434316385060811, 64.946617884368607, 0.399950988163027 ], [ 36.441081819750252, 64.951370159069484, 0.399950988163027 ], [ 36.447333354259172, 64.954482833254588, 0.399950988163027 ], [ 36.487522449508106, 64.977156361041125, 0.399950988163027 ], [ 36.535565243353631, 64.997552292887121, 0.399950988163027 ], [ 36.541767137226998, 65.001121925204643, 0.399950988163027 ], [ 36.558610827385564, 65.007406403103232, 0.399950988163027 ], [ 36.617580602967791, 65.032622458169499, 0.399950988163027 ], [ 36.669326866202027, 65.057830719615595, 0.399950988163027 ], [ 36.670034432198008, 65.058087782326766, 0.399950988163027 ], [ 36.670759624139464, 65.058404320916452, 0.399950988163027 ], [ 36.711045924326754, 65.08256238692411, 0.399950988163027 ], [ 36.739373265067115, 65.101856950055662, 0.399950988163027 ], [ 36.739373265074391, 65.101856950055662, 0.399950988163027 ], [ 36.75542892581143, 65.110789693764673, 0.399950988163027 ], [ 36.764780073899601, 65.114857577966177, 0.399950988163027 ], [ 36.775679605758341, 65.126954201503395, 0.399950988163027 ], [ 36.785362986342079, 65.14237534185304, 0.399950988163027 ], [ 36.78377135633491, 65.144592972676037, 0.399950988163027 ], [ 36.784884871118265, 65.146625369412504, 0.399950988163027 ], [ 36.802866039506625, 65.201374711872631, 0.399950988163027 ], [ 36.861198395487008, 65.201996127823804, 0.399950988163027 ], [ 36.900193234418111, 65.189976076009771, 0.399950988163027 ], [ 36.911358107237902, 65.183393342766067, 0.401550988163081 ], [ 36.920966921548825, 65.17772805104687, 0.312950988163038 ], [ 36.895963211718481, 65.174212360121601, 0.338650988162954 ], [ 36.882812500003638, 65.172363280998979, 0.30475098816305 ], [ 36.878256153664552, 65.163652483803162, 0.266150988162963 ], [ 36.870312957133137, 65.148466725520848, 0.116450988163024 ], [ 36.852086797716765, 65.113622056858731, 0.226050988163024 ], [ 36.850061353652563, 65.109749824325263, 0.244250988163003 ], [ 36.849339683303697, 65.108370139041654, 0.243950988163078 ], [ 36.831724513940571, 65.074693557715364, 0.103150988162952 ], [ 36.82586212791648, 65.063485881219094, 0.109250988163012 ], [ 36.810088576487033, 65.033330094658595, 0.268850988162967 ], [ 36.8033173504773, 65.020384903004015, 0.264050988163035 ], [ 36.796701335315447, 65.00773644257788, 0.199950988162982 ], [ 36.769864393339958, 65.002145538721379, 0.199950988162982 ], [ 36.746734341340925, 64.989543677333131, 0.199950988162982 ], [ 36.727445388227352, 64.967464795074193, 0.199950988162982 ], [ 36.691234720186912, 64.960217287258274, 0.199950988162982 ], [ 36.635731523867435, 64.952467355218687, 0.199950988162982 ], [ 36.556514286115998, 64.939603058999637, 0.199950988162982 ], [ 36.556514286101446, 64.939603058992361, 0.199950988162982 ], [ 36.545287020628166, 64.938335676550196, 0.199950988162982 ], [ 36.534570313000586, 64.938623047000874, 0.208850988163022 ], [ 36.534465355416614, 64.93711408002855, 0.199950988162982 ], [ 36.529217847546533, 64.936521718569566, 0.199950988162982 ], [ 36.510235700279736, 64.931747234793875, 0.199950988162982 ], [ 36.501449423361919, 64.923164547089982, 0.091050988163033 ], [ 36.452232223022293, 64.875087771870312, 0.199950988162982 ], [ 36.460204395589244, 64.878666909567983, 0.199950988162982 ], [ 36.46020439559652, 64.878666909567983, 0.199950988162982 ], [ 36.454628872299509, 64.872410503328865, 0.199950988162982 ], [ 36.454628872299509, 64.872410503321589, 0.199950988162982 ], [ 36.454824038060906, 64.820845637310413, 0.199950988162982 ], [ 36.456598294247669, 64.806121390141925, 0.199950988162982 ], [ 36.470538553563529, 64.78023189671876, 0.199950988162982 ], [ 36.488437187061209, 64.752618659349537, 0.199950988162982 ], [ 36.493791113254701, 64.735743481120153, 0.199950988162982 ], [ 36.528638696425332, 64.71241155466123, 0.199950988162982 ], [ 36.546239969065937, 64.699885648977215, 0.199950988162982 ], [ 36.546589516961831, 64.676663641916093, 0.199950988162982 ], [ 36.608265586619382, 64.685747284856916, 0.199950988162982 ], [ 36.657217552474322, 64.695116144743224, 0.199950988162982 ], [ 36.657217552481598, 64.695116144743224, 0.199950988162982 ], [ 36.683555609859468, 64.680603624685318, 0.199950988162982 ], [ 36.716354888514616, 64.659144052071497, 0.199950988162982 ], [ 36.735166689482867, 64.643773270861857, 0.199950988162982 ], [ 36.755944748951151, 64.621843925331632, 0.199950988162982 ], [ 36.776781570919411, 64.606369623259525, 0.199950988162982 ], [ 36.792160787877947, 64.576891568613064, 0.199950988162982 ], [ 36.82348520722735, 64.548910785397311, 0.199950988162982 ], [ 36.838538410927868, 64.53458016010336, 0.199950988162982 ], [ 36.881320855063677, 64.50749462404201, 0.199950988162982 ], [ 36.898810516955564, 64.495173973667988, 0.199950988162982 ], [ 36.937252034469566, 64.470432937658188, 0.199950988162982 ], [ 36.962520405002579, 64.461381530290964, 0.199950988162982 ], [ 36.995504283753689, 64.440510391144926, 0.199950988162982 ], [ 37.022018316405592, 64.426164996672014, 0.199950988162982 ], [ 37.048646697840013, 64.407392560809967, 0.199950988162982 ], [ 37.077676350530965, 64.392547616131196, 0.199950988162982 ], [ 37.110880724172603, 64.37878636602909, 0.199950988162982 ], [ 37.131549974077643, 64.359962628903304, 0.199950988162982 ], [ 37.193543198980478, 64.341535261693934, 0.199950988162982 ], [ 37.215052295541682, 64.337673773428833, 0.199950988162982 ], [ 37.250162617350725, 64.332246657017095, 0.119250988163003 ], [ 37.292498912847805, 64.325702598383941, 0.199950988162982 ], [ 37.311865310697613, 64.324197880177962, 0.199950988162982 ], [ 37.37261576482706, 64.323311276359163, 0.10855098816296 ], [ 37.392092382699047, 64.323027030852245, 0.199950988162982 ], [ 37.415931485345936, 64.339221469232143, 0.199950988162982 ], [ 37.415931485345936, 64.339221469232143, 0.199950988162982 ], [ 37.475909685461374, 64.343021169504937, 0.199950988162982 ], [ 37.4802128884985, 64.341307935894292, 0.199950988162982 ], [ 37.497563631342928, 64.341745226687635, 0.199950988162982 ], [ 37.562213844332291, 64.331858632122021, 0.199950988162982 ], [ 37.58578552815743, 64.324065207012609, 0.199950988162982 ], [ 37.645908018545015, 64.332643353867752, 0.199950988162982 ], [ 37.647899770101503, 64.332247863316297, 0.199950988162982 ], [ 37.667706197640655, 64.326920625040657, 0.199950988162982 ], [ 37.712075585368439, 64.313107170226431, 0.199950988162982 ], [ 37.712075585368439, 64.313107170219155, 0.199950988162982 ], [ 37.713955072849785, 64.312545871933253, 0.199950988162982 ], [ 37.754194776684017, 64.292747106981551, 0.199950988162982 ], [ 37.770853265199548, 64.285265084916318, 0.199950988162982 ], [ 37.814351064131188, 64.266468737587275, 0.199950988162982 ], [ 37.825459430983756, 64.25507054454647, 0.199950988162982 ], [ 37.840390546047274, 64.245224241163669, 0.199950988162982 ], [ 37.840390546047274, 64.245224241156393, 0.199950988162982 ], [ 37.840949785426346, 64.216552695081191, 0.199950988162982 ], [ 37.911216878812411, 64.18349412801399, 0.199950988162982 ], [ 37.912369552923337, 64.184166260925849, 0.199950988162982 ], [ 37.912369552937889, 64.184166260936763, 0.199950988162982 ], [ 37.912710331740527, 64.182055950506765, 0.199950988162982 ], [ 37.937591437708761, 64.115486782258813, 0.199950988162982 ], [ 37.967850033935974, 64.065656289705657, 0.199950988162982 ], [ 37.968771485531761, 64.061354687088169, 0.199950988162982 ], [ 37.973774589903769, 64.060370000013791, 0.199950988162982 ], [ 37.973655266050628, 64.057182561340596, 0.199950988162982 ], [ 37.966912515043077, 64.05200397939916, 0.199950988162982 ], [ 37.905284266580566, 64.026605505852785, 0.199950988162982 ], [ 37.9002713287191, 64.019045603166887, 0.199950988162982 ], [ 37.885058861884318, 64.015088608553924, 0.199950988162982 ], [ 37.885058861884318, 64.015088608553924, 0.199950988162982 ], [ 37.881218474998605, 64.025283407769166, 0.199950988162982 ], [ 37.855571166910522, 64.037802549504704, 0.199950988162982 ], [ 37.802000358886289, 64.023003675592918, 0.199950988162982 ], [ 37.780292362647742, 63.99521269779143, 0.199950988162982 ], [ 37.780292362647742, 63.995212697787792, 0.199950988162982 ], [ 37.760622323559801, 63.971886849139992, 0.199950988162982 ], [ 37.701029436277167, 63.944987831637263, 0.199950988162982 ], [ 37.686802343148884, 63.939578355882986, 0.199950988162982 ], [ 37.686802343148884, 63.93957835587571, 0.199950988162982 ], [ 37.673295956439688, 63.947735298042971, 0.199950988162982 ], [ 37.673295956439688, 63.947735298035695, 0.199950988162982 ], [ 37.649565343916038, 63.945842342014657, 0.199950988162982 ], [ 37.61294659919804, 63.949416966006538, 0.199950988162982 ], [ 37.61294659919804, 63.949416966006538, 0.199950988162982 ], [ 37.590744482571608, 63.930850283315522, 0.199950988162982 ], [ 37.590744482571608, 63.930850283304608, 0.199950988162982 ], [ 37.577098684036173, 63.92311607366355, 0.199950988162982 ], [ 37.577098684036173, 63.923116073670826, 0.199950988162982 ], [ 37.515390566062706, 63.901502314467507, 0.199950988162982 ], [ 37.508756421302678, 63.88074982006583, 0.199950988162982 ], [ 37.480730001872871, 63.86471273576899, 0.199950988162982 ], [ 37.480730001872871, 63.864712735754438, 0.199950988162982 ], [ 37.474757351334119, 63.866606302945002, 0.199950988162982 ], [ 37.471464228296099, 63.867905243550922, 0.199950988162982 ], [ 37.395762244024809, 63.878500399147015, 0.199950988162982 ], [ 37.395762244024809, 63.878500399147015, 0.199950988162982 ], [ 37.387649486321607, 63.879914939992887, 0.199950988162982 ], [ 37.322645458803891, 63.87100466724587, 0.068250988163072 ], [ 37.307794357508101, 63.86896898779014, 0.199950988162982 ], [ 37.272235081731196, 63.855589446520753, 0.199950988162982 ], [ 37.272235081731196, 63.855589446520753, 0.199950988162982 ], [ 37.252891686188377, 63.875123031779367, 0.199950988162982 ], [ 37.212490597536089, 63.908596715209569, 0.199950988162982 ], [ 37.212486775504658, 63.908599062757276, 0.199950988162982 ], [ 37.157569544226135, 63.93909890042778, 0.199950988162982 ], [ 37.139109401072346, 63.935255825483182, 0.199950988162982 ], [ 37.122487314762111, 63.954455624450929, 0.199950988162982 ], [ 37.089327421497728, 63.93828181131903, 0.199950988162982 ], [ 37.06405524998263, 63.944002402269689, 0.199950988162982 ], [ 37.029749476925645, 63.931802382205206, 0.199950988162982 ], [ 37.021486332279892, 63.937749926375545, 0.199950988162982 ], [ 37.003235504271288, 63.93641484771797, 0.199950988162982 ], [ 36.97132254018652, 63.947399923385092, 0.199950988162982 ], [ 36.964192001159972, 63.951674909545545, 0.199950988162982 ], [ 36.948724859186768, 63.971883498837997, 0.199950988162982 ], [ 36.896816218784807, 63.95955602542017, 0.199950988162982 ], [ 36.877656332042534, 63.957782568944822, 0.199950988162982 ], [ 36.839043653450062, 63.989122812239657, 0.199950988162982 ], [ 36.809315970342141, 63.965802752984018, 0.199950988162982 ], [ 36.807221514729463, 63.965712903402164, 0.199950988162982 ], [ 36.741817740894476, 63.972949765775411, 0.199950988162982 ], [ 36.735818268716685, 63.973444134811871, 0.199950988162982 ], [ 36.735818268698495, 63.973444134811871, 0.199950988162982 ], [ 36.681071358783811, 63.986827625780279, 0.199950988162982 ], [ 36.661458117247093, 63.99058563568542, 0.199950988162982 ], [ 36.66145811723618, 63.99058563568542, 0.199950988162982 ], [ 36.618267018522602, 64.008459749446047, 0.199950988162982 ], [ 36.591132504538109, 64.001157578655693, 0.199950988162982 ], [ 36.591132504527195, 64.001157578662969, 0.199950988162982 ], [ 36.546900410765375, 64.014827254304691, 0.199950988162982 ], [ 36.498300581850344, 64.033118056828243, 0.199950988162982 ], [ 36.49001108315133, 64.039595691629074, 0.199950988162982 ], [ 36.485371858587314, 64.041962023871747, 0.199950988162982 ], [ 36.464075213425531, 64.0787338424052, 0.199950988162982 ], [ 36.459193773498555, 64.081218149134656, 0.199950988162982 ], [ 36.450402436181321, 64.082589430799999, 0.199950988162982 ], [ 36.427061592021346, 64.095829233887343, 0.199950988162982 ], [ 36.420767297946441, 64.103937506166403, 0.199950988162982 ], [ 36.403768111729732, 64.12873498179033, 0.199950988162982 ], [ 36.387346218391031, 64.131580530309293, 0.199950988162982 ], [ 36.365968542853807, 64.13441541314387, 0.181150988162926 ], [ 36.344849793666071, 64.137215959868627, 0.199950988162982 ], [ 36.310378700709407, 64.136651889264613, 0.199950988162982 ], [ 36.294726016436471, 64.150187556639139, 0.199950988162982 ], [ 36.266695184778655, 64.145809750283661, 0.199950988162982 ], [ 36.25405532593868, 64.152209823576413, 0.199950988162982 ], [ 36.209378201725485, 64.179388343673054, 0.199950988162982 ], [ 36.205287243199564, 64.181405234401609, 0.199950988162982 ], [ 36.145119984685152, 64.207861685925309, 0.199950988162982 ], [ 36.145119984674238, 64.207861685932585, 0.199950988162982 ], [ 36.142549938758748, 64.210609514819225, 0.199950988162982 ], [ 36.131655478453467, 64.215906159821316, 0.199950988162982 ], [ 36.131655478420726, 64.215906159828592, 0.199950988162982 ], [ 36.089631438644574, 64.25124157629034, 0.199950988162982 ], [ 36.081633854031679, 64.278233469667612, 0.199950988162982 ], [ 36.093015282378474, 64.308266099578759, 0.199950988162982 ], [ 36.060586640302063, 64.319170856309938, 0.199950988162982 ], [ 36.041708172640938, 64.341694087353972, 0.199950988162982 ], [ 36.015922204682283, 64.34940091433964, 0.199950988162982 ], [ 35.98198804572894, 64.347100965827849, 0.199950988162982 ], [ 35.948354822550755, 64.335117428508966, 0.199950988162982 ], [ 35.927360258458066, 64.340382440153917, 0.199950988162982 ], [ 35.927360258458066, 64.340382440161193, 0.199950988162982 ], [ 35.910749076054344, 64.341236587788444, 0.16755098816293 ], [ 35.864698001318175, 64.343604535799386, 0.199950988162982 ], [ 35.864698001329089, 64.343604535799386, 0.199950988162982 ], [ 35.843629761489865, 64.346349238359835, 0.199950988162982 ], [ 35.838580736326549, 64.347243185293337, 0.199950988162982 ], [ 35.838580736319273, 64.347243185293337, 0.199950988162982 ], [ 35.829839508591249, 64.352170156478678, 0.199950988162982 ], [ 35.829839508576697, 64.352170156485954, 0.199950988162982 ], [ 35.77448652615567, 64.392881236974063, 0.199950988162982 ], [ 35.757671717416088, 64.399320585998794, 0.199950988162982 ], [ 35.757671717401536, 64.399320585998794, 0.199950988162982 ], [ 35.688275781008997, 64.408943333859497, 0.199950988162982 ], [ 35.673870163209358, 64.412303694498405, 0.199950988162982 ], [ 35.642766729994037, 64.423769473105494, 0.199950988162982 ], [ 35.60009337027077, 64.420019881203189, 0.199950988162982 ], [ 35.563155129850202, 64.404086271824781, 0.199950988162982 ], [ 35.53579640420503, 64.405739626596187, 0.199950988162982 ], [ 35.53579640420503, 64.405739626588911, 0.199950988162982 ], [ 35.515800541601493, 64.40759053909278, 0.199950988162982 ], [ 35.466818265413167, 64.38944946038464, 0.199950988162982 ], [ 35.448057222885836, 64.382212917098514, 0.199950988162982 ], [ 35.400130959820672, 64.387752598398947, 0.199950988162982 ], [ 35.367321519854158, 64.394678343676787, 0.199950988162982 ], [ 35.355573052413092, 64.394975660929049, 0.199950988162982 ], [ 35.323827695861837, 64.398563450082293, 0.199950988162982 ], [ 35.296164364241122, 64.399444782404316, 0.199950988162982 ], [ 35.26407076459509, 64.409306821984501, 0.199950988162982 ], [ 35.235936413395393, 64.441537201742904, 0.199950988162982 ], [ 35.235936413388117, 64.44153720175018, 0.199950988162982 ], [ 35.22507607379157, 64.455423491013789, 0.199950988162982 ], [ 35.211960126791382, 64.462268861934717, 0.199950988162982 ], [ 35.184140483514057, 64.461193820148765, 0.199950988162982 ], [ 35.156887121516775, 64.456593830513157, 0.199950988162982 ], [ 35.13246356318632, 64.465828018233879, 0.199950988162982 ], [ 35.0874604566161, 64.490000421621517, 0.199950988162982 ], [ 35.073312755775987, 64.490837147270213, 0.199950988162982 ], [ 35.035639153717057, 64.496968552270118, 0.199950988162982 ], [ 35.017449967253924, 64.504016660142952, 0.199950988162982 ], [ 35.011175738836755, 64.517325132383121, 0.199950988162982 ], [ 35.003680788300699, 64.521522844370338, 0.199950988162982 ], [ 34.985887514081696, 64.564615097275237, 0.199950988162982 ], [ 34.98588751407442, 64.564615097282513, 0.199950988162982 ], [ 34.983003521785577, 64.569975659487682, 0.199950988162982 ], [ 34.983003521774663, 64.569975659498596, 0.199950988162982 ], [ 34.988553835821222, 64.576847821448609, 0.199950988162982 ], [ 35.00965096937216, 64.60143949515259, 0.199950988162982 ], [ 35.009650969375798, 64.60143949515259, 0.199950988162982 ], [ 35.019877014223312, 64.60796301906521, 0.199950988162982 ], [ 35.058866655228485, 64.655094958958216, 0.199950988162982 ], [ 35.068289801554783, 64.677074561343034, 0.199950988162982 ], [ 35.068289801554783, 64.67707456135031, 0.199950988162982 ], [ 35.071552558398253, 64.700359349793871, 0.199950988162982 ], [ 35.053416105365613, 64.725753713872109, 0.199950988162982 ], [ 35.050171783048427, 64.731518570846674, 0.199950988162982 ], [ 35.047572891216987, 64.732916108925565, 0.199950988162982 ], [ 35.04796510475353, 64.767378094376909, 0.199950988162982 ], [ 35.04796510475353, 64.767378094395099, 0.199950988162982 ], [ 35.047954666992155, 64.770521696467767, 0.199950988162982 ], [ 35.04785969411023, 64.771049028706329, 0.199950988162982 ], [ 35.047491382734734, 64.770832893165789, 0.199950988162982 ], [ 34.9908437302729, 64.80396699244011, 0.199950988162982 ], [ 34.9908437302729, 64.803966992447386, 0.199950988162982 ], [ 34.986298889118189, 64.814409242793772, 0.180850988163002 ], [ 34.965690621440444, 64.861758904353337, 0.129850988163071 ], [ 34.953501001327822, 64.889765838073799, 0.150350988162927 ], [ 34.945093876754981, 64.909082090613083, 0.169350988162932 ], [ 34.941999432954617, 64.916191900570993, 0.172050988162937 ], [ 34.933163826852251, 64.936492634478782, 0.199950988162982 ], [ 34.933163826852251, 64.936492634471506, 0.199950988162982 ], [ 34.913937232013268, 64.967524730858713, 0.199950988162982 ], [ 34.8686014400555, 65.007166635368776, 0.199950988162982 ], [ 34.868601440040948, 65.007166635376052, 0.199950988162982 ], [ 34.868558816640871, 65.007334856061789, 0.199950988162982 ], [ 34.877113274164003, 65.039605725021829, 0.199950988162982 ], [ 34.866517155111069, 65.049208614302188, 0.199950988162982 ], [ 34.860578921987326, 65.052465896740614, 0.199950988162982 ], [ 34.846138631459326, 65.059307918243576, 0.199950988162982 ], [ 34.846138631459326, 65.0593079182363, 0.199950988162982 ], [ 34.815333825466951, 65.065141003124154, 0.199950988162982 ], [ 34.810749222786399, 65.073332336407475, 0.199950988162982 ], [ 34.7712139254254, 65.086490804555069, 0.199950988162982 ], [ 34.751944484753039, 65.096759574626049, 0.199950988162982 ], [ 34.742170326757332, 65.114632387449092, 0.13695098816288 ], [ 34.727763500191941, 65.140976397327904, 0.100750988162872 ], [ 34.714617536366859, 65.165014820991928, 0.077150988162884 ], [ 34.706610222885502, 65.179656820342643, 0.132750988163025 ], [ 34.694314438576839, 65.202140624227468, 0.199950988162982 ], [ 34.688332379431813, 65.215397921347176, 0.199950988162982 ], [ 34.688332379428175, 65.215397921354452, 0.199950988162982 ], [ 34.688332379420899, 65.215397921354452, 0.199950988162982 ], [ 34.65825143357506, 65.231435739307926, 0.125850988162938 ], [ 34.650112821502262, 65.235774884084094, 0.107250988163059 ], [ 34.613918086950434, 65.255072301344626, 0.199950988162982 ], [ 34.613918086946796, 65.255072301344626, 0.199950988162982 ], [ 34.591991050285287, 65.250513821916684, 0.199950988162982 ], [ 34.572260437733348, 65.257704501178523, 0.199950988162982 ], [ 34.554201428771194, 65.292345186360762, 0.199950988162982 ], [ 34.544238771573873, 65.296406622619543, 0.199950988162982 ], [ 34.545181958877947, 65.302126407128526, 0.220450988163066 ], [ 34.547234649260645, 65.314574567273667, 0.199950988162982 ], [ 34.560358763988916, 65.349324261958827, 0.199950988162982 ], [ 34.552377589985554, 65.368903737926303, 0.199950988162982 ], [ 34.546946748378105, 65.38943999598996, 0.199950988162982 ], [ 34.563593793274777, 65.395181479827443, 0.199950988162982 ], [ 34.580834271466301, 65.39696024521254, 0.199950988162982 ], [ 34.597904644502705, 65.40052143448338, 0.199950988162982 ], [ 34.638478040520567, 65.39495856989015, 0.199950988162982 ], [ 34.638478040531481, 65.39495856989015, 0.199950988162982 ], [ 34.660506736923708, 65.415450014214002, 0.199950988162982 ], [ 34.663379764529964, 65.422147483292065, 0.199950988162982 ], [ 34.663681756890583, 65.423909114117123, 0.199950988162982 ], [ 34.676569472165284, 65.463111334229325, 0.199950988162982 ], [ 34.702898660310893, 65.462346672116837, 0.199950988162982 ], [ 34.728668444680807, 65.491800102132402, 0.199950988162982 ], [ 34.745326633390505, 65.530166492753779, 0.199950988162982 ], [ 34.760395476565463, 65.535710465243028, 0.199950988162982 ], [ 34.769922460469388, 65.547978627408156, 0.199950988162982 ], [ 34.79886727793928, 65.55698762537213, 0.199950988162982 ], [ 34.798867277946556, 65.55698762537213, 0.199950988162982 ], [ 34.802240171120502, 65.584513991940184, 0.199950988162982 ], [ 34.801877364356187, 65.593670054022368, 0.241150988162872 ], [ 34.800735912987875, 65.622476571938023, 0.199950988162982 ], [ 34.817286663004779, 65.63811014759267, 0.199950988162982 ], [ 34.860830955403799, 65.648571860707307, 0.199950988162982 ], [ 34.879166503458691, 65.654303858034837, 0.199950988162982 ], [ 34.882062233351462, 65.656146765628364, 0.199950988162982 ], [ 34.912334908760386, 65.677741689436516, 0.199950988162982 ], [ 34.918992341212288, 65.680933814135642, 0.199950988162982 ], [ 34.918992341219564, 65.680933814135642, 0.199950988162982 ], [ 34.96334326588476, 65.706126714347192, 0.199950988162982 ], [ 34.96962147378872, 65.708670121526666, 0.199950988162982 ], [ 34.965053052703297, 65.712277219314274, 0.199950988162982 ], [ 34.976622538761148, 65.763438194106129, 0.199950988162982 ], [ 34.984049147471524, 65.789414479084371, 0.199950988162982 ], [ 34.945801875135658, 65.803161137770076, 0.199950988162982 ], [ 34.900515761826682, 65.80670760780049, 0.199950988162982 ], [ 34.893847425981221, 65.802147311213048, 0.231150988162881 ], [ 34.883780360203673, 65.795262714062119, 0.199950988162982 ], [ 34.870747267559636, 65.822778995581757, 0.199950988162982 ], [ 34.87074726755236, 65.822778995596309, 0.199950988162982 ], [ 34.859817846350779, 65.838463893807784, 0.199950988162982 ], [ 34.846996489271987, 65.858727761064074, 0.199950988162982 ], [ 34.844794177333824, 65.863260783618898, 0.199950988162982 ], [ 34.79673752357121, 65.906819552736124, 0.199950988162982 ], [ 34.763361552948481, 65.922359010615764, 0.199950988162982 ], [ 34.724942440949235, 65.921243758133642, 0.199950988162982 ], [ 34.720695655138115, 65.925165892986115, 0.224950988163073 ], [ 34.71693851980308, 65.928635809308616, 0.199950988162982 ], [ 34.730619304969878, 65.962938498800213, 0.199950988162982 ], [ 34.710116367266892, 66.004213414249534, 0.199950988162982 ], [ 34.676927117754531, 66.023151936118666, 0.199950988162982 ], [ 34.623460673858062, 66.021186307691096, 0.199950988162982 ], [ 34.60995702866785, 66.028715386448312, 0.199950988162982 ], [ 34.60995702866785, 66.028715386448312, 0.199950988162982 ], [ 34.563979297887272, 66.055469113893196, 0.199950988162982 ], [ 34.555650008896919, 66.058913172226312, 0.199950988162982 ], [ 34.555650008889643, 66.058913172237226, 0.199950988162982 ], [ 34.49791100632865, 66.106686708852067, 0.199950988162982 ], [ 34.448075956795947, 66.123639709254348, 0.199950988162982 ], [ 34.421280843675049, 66.115431718328182, 0.199950988162982 ], [ 34.404852588315407, 66.125365593157767, 0.25805098816295 ], [ 34.399804688004224, 66.128417969004659, 0.261550988162981 ], [ 34.367794120997132, 66.139213369431673, 0.261050988162879 ], [ 34.3203557364468, 66.155211722609238, 0.269350988163069 ], [ 34.287654645708244, 66.166239998630772, 0.266850988163014 ], [ 34.234054687916796, 66.184316310947906, 0.246650988163083 ], [ 34.190051683650381, 66.199156099650281, 0.269950988162918 ], [ 34.158917075998033, 66.209656087248732, 0.268150988162915 ], [ 34.131312718807749, 66.218965515879972, 0.199950988162982 ], [ 34.126782916198863, 66.227285594348359, 0.199950988162982 ], [ 34.065275090135401, 66.238818949277629, 0.199950988162982 ], [ 34.048003083382355, 66.23658929053272, 0.199950988162982 ], [ 34.0327636267466, 66.23926185129676, 0.241350988163049 ], [ 33.970342663593328, 66.250208686255064, 0.226550988162899 ], [ 33.930323580010736, 66.257226878253277, 0.226950988163026 ], [ 33.899386940855038, 66.262652271674597, 0.202250988163087 ], [ 33.898757557981298, 66.26276264725675, 0.199950988162982 ], [ 33.891875706285646, 66.299735458866053, 0.199950988162982 ], [ 33.84330837764719, 66.318567503152735, 0.199950988162982 ], [ 33.82622627483579, 66.3273578152548, 0.199950988162982 ], [ 33.764459687772614, 66.34508570037724, 0.199950988162982 ], [ 33.702345559926471, 66.335375754599227, 0.199950988162982 ], [ 33.679877218950423, 66.341443078657903, 0.199950988162982 ], [ 33.659679930136917, 66.368213781326631, 0.199950988162982 ], [ 33.659679930129641, 66.368213781326631, 0.199950988162982 ], [ 33.604522044402984, 66.383136921380355, 0.199950988162982 ], [ 33.598631277451204, 66.385884306215303, 0.199950988162982 ], [ 33.604055948231689, 66.390012762309198, 0.199950988162982 ], [ 33.647731981782272, 66.408744264717825, 0.199950988162982 ], [ 33.630905163037824, 66.41942861116695, 0.199950988162982 ], [ 33.633463599770039, 66.421797755458101, 0.224750988162896 ], [ 33.653070864769688, 66.439954327124724, 0.252550988162966 ], [ 33.655505184487993, 66.442208537500846, 0.257350988162898 ], [ 33.65595703100189, 66.442626953004947, 0.257550988163075 ], [ 33.65458107874656, 66.442913123879407, 0.257450988162873 ], [ 33.609739398940292, 66.452239306694537, 0.231250988163083 ], [ 33.577046816000802, 66.459038717566727, 0.214750988162905 ], [ 33.569906302986055, 66.460523803092656, 0.21055098816305 ], [ 33.559243146853987, 66.462741528750485, 0.209150988162946 ], [ 33.547928249619872, 66.465094803657848, 0.199950988162982 ], [ 33.524212406962761, 66.476328272648971, 0.199950988162982 ], [ 33.524212406962761, 66.476328272648971, 0.199950988162982 ], [ 33.468985374154727, 66.503507416262437, 0.199950988162982 ], [ 33.46919102008178, 66.50218317236795, 0.199950988162982 ], [ 33.46919102008178, 66.50218317236795, 0.199950988162982 ], [ 33.454418691304454, 66.51482489351838, 0.199950988162982 ], [ 33.454418691297178, 66.51482489351838, 0.199950988162982 ], [ 33.462495652205689, 66.511940637017688, 0.199950988162982 ], [ 33.483417900217319, 66.56565518410207, 0.199950988162982 ], [ 33.458081281100021, 66.593618253962632, 0.199950988162982 ], [ 33.449779526359634, 66.601397871439985, 0.199950988162982 ], [ 33.449779526352359, 66.601397871439985, 0.199950988162982 ], [ 33.394057476416492, 66.624335607662942, 0.199950988162982 ], [ 33.375709336476575, 66.627126476942067, 0.199950988162982 ], [ 33.375709336465661, 66.627126476942067, 0.199950988162982 ], [ 33.321532298064994, 66.634498448678642, 0.199950988162982 ], [ 33.321532297992235, 66.634498448689556, 0.199950988162982 ], [ 33.309852541104192, 66.644867752092978, 0.199950988162982 ], [ 33.27468107171444, 66.658972110803006, 0.199950988162982 ], [ 33.22762829043495, 66.696182587314979, 0.199950988162982 ], [ 33.217947318960796, 66.701014832677174, 0.217450988162909 ], [ 33.169547481309564, 66.725173553910281, 0.208650988163072 ], [ 33.148612237342604, 66.735623355954885, 0.199950988162982 ], [ 33.187283283819852, 66.76894255307343, 0.199950988162982 ], [ 33.187283283827128, 66.76894255307343, 0.199950988162982 ], [ 33.221514049098914, 66.751612656873476, 0.199950988162982 ], [ 33.228311744096573, 66.749741711424576, 0.199950988162982 ], [ 33.228311744103848, 66.749741711424576, 0.199950988162982 ], [ 33.31519795245913, 66.735068755555403, 0.199950988162982 ] ], [ [ 35.596925825215294, 65.034841231681639, 0.199950988162982 ], [ 35.626189098536997, 65.029656460865226, 0.199950988162982 ], [ 35.626189098544273, 65.029656460865226, 0.199950988162982 ], [ 35.6514514063565, 65.035859934108885, 0.199950988162982 ], [ 35.665218739191914, 65.03381589257333, 0.199950988162982 ], [ 35.681971362533659, 65.023293086076592, 0.199950988162982 ], [ 35.710619455341657, 65.00824227153862, 0.199950988162982 ], [ 35.710619455348933, 65.008242271531344, 0.199950988162982 ], [ 35.714598552152893, 65.004993858816306, 0.199950988162982 ], [ 35.715590194853576, 64.997791401321592, 0.199950988162982 ], [ 35.715590194853576, 64.997791401314316, 0.199950988162982 ], [ 35.700181068674283, 64.982919441790727, 0.199950988162982 ], [ 35.704196593567758, 64.966724260804767, 0.199950988162982 ], [ 35.704196593575034, 64.966724260804767, 0.199950988162982 ], [ 35.729897645949677, 64.966753097105538, 0.199950988162982 ], [ 35.73138117228882, 64.966510361395194, 0.199950988162982 ], [ 35.741786348338792, 64.952134408347774, 0.199950988162982 ], [ 35.749370433284639, 64.948882214976038, 0.199950988162982 ], [ 35.759843430434557, 64.951332208882377, 0.199950988162982 ], [ 35.773352351960057, 64.96621377212432, 0.199950988162982 ], [ 35.777760160450271, 64.967507553654286, 0.199950988162982 ], [ 35.806002453049587, 64.965635439708421, 0.199950988162982 ], [ 35.830319105985836, 64.972823782936757, 0.199950988162982 ], [ 35.830319105993112, 64.972823782936757, 0.199950988162982 ], [ 35.844803633070114, 64.975974273875181, 0.199950988162982 ], [ 35.86683402323979, 64.984015635393007, 0.199950988162982 ], [ 35.874815468891029, 64.987222326919436, 0.278150988162906 ], [ 35.890290430248569, 64.993439675203263, 0.199950988162982 ], [ 35.895601921725756, 64.990457330521167, 0.199950988162982 ], [ 35.906947335814039, 64.993721390310384, 0.199950988162982 ], [ 35.928132006461965, 64.999024593143986, 0.199950988162982 ], [ 35.939059645770612, 65.003331332845846, 0.199950988162982 ], [ 35.939059645777888, 65.003331332845846, 0.199950988162982 ], [ 35.952149789281975, 65.006900217838847, 0.199950988162982 ], [ 35.968753945355274, 65.005426962827187, 0.199950988162982 ], [ 35.974970569284778, 65.001470899005653, 0.199950988162982 ], [ 35.974970569292054, 65.001470898998377, 0.199950988162982 ], [ 35.988825145337614, 65.005040015792474, 0.199950988162982 ], [ 36.005544997176912, 65.007370440045634, 0.199950988162982 ], [ 36.008133635590639, 65.013843523985997, 0.147950988163075 ], [ 36.009149099591014, 65.016382767651521, 0.128150988163043 ], [ 36.013705634319194, 65.027776723480201, 0.199950988162982 ], [ 36.015936819589115, 65.030398572511331, 0.199950988162982 ], [ 36.01830297946799, 65.048128206886759, 0.199950988162982 ], [ 36.019650135960546, 65.058630198229366, 0.199950988162982 ], [ 35.998592415602616, 65.06410129617143, 0.199950988162982 ], [ 35.981773286992393, 65.064186323063041, 0.199950988162982 ], [ 35.981773286974203, 65.064186323063041, 0.199950988162982 ], [ 35.966174918808974, 65.065081125081633, 0.100250988162998 ], [ 35.954874623301293, 65.065729367714084, 0.199950988162982 ], [ 35.940702622337994, 65.064304577936127, 0.199950988162982 ], [ 35.926059227738733, 65.065704769243894, 0.124250988162885 ], [ 35.9089356700606, 65.067342112037295, 0.199950988162982 ], [ 35.900751855395356, 65.06517351218281, 0.199950988162982 ], [ 35.900751855373528, 65.065173512175534, 0.199950988162982 ], [ 35.883322399447934, 65.069226641830028, 0.199950988162982 ], [ 35.879771490581334, 65.079348563205713, 0.199950988162982 ], [ 35.866742178455752, 65.08373781985938, 0.199950988162982 ], [ 35.86417869050274, 65.093332108604955, 0.199950988162982 ], [ 35.87933355246787, 65.095175071248377, 0.199950988162982 ], [ 35.877381453916314, 65.108933950443316, 0.199950988162982 ], [ 35.875185464803508, 65.120783380891226, 0.199950988162982 ], [ 35.871081684104865, 65.130175906138902, 0.199950988162982 ], [ 35.871081684097589, 65.130175906138902, 0.199950988162982 ], [ 35.851990771934652, 65.133641880263895, 0.199950988162982 ], [ 35.843239548583369, 65.139160905408062, 0.199950988162982 ], [ 35.835895718239044, 65.155526338516211, 0.199950988162982 ], [ 35.835895718235406, 65.155526338523487, 0.199950988162982 ], [ 35.82982065435499, 65.160910509614041, 0.138050988163059 ], [ 35.822512433682277, 65.167387595494802, 0.199950988162982 ], [ 35.798697344489483, 65.179246228508418, 0.199950988162982 ], [ 35.792597243773344, 65.18005384319622, 0.125850988162938 ], [ 35.779361521588726, 65.181806168944604, 0.215950988163058 ], [ 35.758851614831656, 65.184521550643694, 0.199950988162982 ], [ 35.751300482341321, 65.184007188421674, 0.106650988162983 ], [ 35.740068247512681, 65.183242079710908, 0.199950988162982 ], [ 35.717254379458609, 65.181502831870603, 0.199950988162982 ], [ 35.70843855774001, 65.180289730000368, 0.103150988162952 ], [ 35.697456208778021, 65.178778502966452, 0.199950988162982 ], [ 35.678184233453067, 65.175262563094293, 0.199950988162982 ], [ 35.670010901649221, 65.168640654897899, 0.094150988162937 ], [ 35.656014126852824, 65.157300682418281, 0.199950988162982 ], [ 35.636264298766037, 65.156610560185072, 0.199950988162982 ], [ 35.622289641982206, 65.150621511646023, 0.199950988162982 ], [ 35.612274800816522, 65.144155697420501, 0.117950988162875 ], [ 35.58916381040035, 65.129234704851115, 0.225350988162972 ], [ 35.581320565710485, 65.124170923780184, 0.199950988162982 ], [ 35.581320565710485, 65.12417092378746, 0.199950988162982 ], [ 35.560213398737687, 65.109683300735924, 0.199950988162982 ], [ 35.560213398737687, 65.10968330072501, 0.199950988162982 ], [ 35.541971390837716, 65.10091593569814, 0.199950988162982 ], [ 35.531011037095595, 65.098825531884358, 0.199950988162982 ], [ 35.528227890477865, 65.081343150719476, 0.087950988162902 ], [ 35.52628678250403, 65.069150049104792, 0.199950988162982 ], [ 35.53893508586043, 65.063176840976666, 0.199950988162982 ], [ 35.551232017820439, 65.050557557333377, 0.199950988162982 ], [ 35.560521922532644, 65.045267472705746, 0.199950988162982 ], [ 35.58468583076683, 65.037274005051586, 0.199950988162982 ], [ 35.596925825215294, 65.034841231681639, 0.199950988162982 ] ] ] ] } },
{ "type": "Feature", "properties": { "gid": 25, "objectid": 25.0, "shape_leng": 9.8919097691999998, "shape_area": 0.342890229411, "z_mean": 0.11665251840599999 }, "geometry": { "type": "MultiPolygon", "coordinates": [ [ [ [ 33.150195312999131, 66.843945313004951, 0.102550988162875 ], [ 33.154536135272792, 66.842906734855205, 0.10225098816295 ], [ 33.377888291161071, 66.789467857663112, -0.000049011837064 ], [ 33.412743249969935, 66.781128516333411, -0.000049011837064 ], [ 33.478128087797813, 66.765484645318793, -0.000049011837064 ], [ 33.482031250001455, 66.764550781012076, 0.008350988162874 ], [ 33.522949219004659, 66.764355469007569, 0.038650988162999 ], [ 33.547906788957334, 66.771334843451768, 0.015150988162986 ], [ 33.552720795840287, 66.772681078542519, 0.008950988162951 ], [ 33.554282428151055, 66.773117788394302, 0.006050988162997 ], [ 33.556828313558071, 66.773829744226532, 0.009250988162876 ], [ 33.595410155998252, 66.784619141002622, 0.017250988162914 ], [ 33.634824880871747, 66.776541584422375, 0.118050988163077 ], [ 33.674876264900377, 66.76833355249255, 0.104050988162953 ], [ 33.716186816036497, 66.75986746995477, 0.091150988163008 ], [ 33.739785025343735, 66.755031311098719, 0.071050988163051 ], [ 33.759570312999131, 66.750976563002041, 0.077750988162961 ], [ 33.800716689664114, 66.737400955589692, 0.108950988163087 ], [ 33.849699209684331, 66.721239934486221, 0.018650988163017 ], [ 33.893652343998838, 66.706738281009166, 0.004250988162994 ], [ 33.919249780494283, 66.706386749472586, 0.020150988163095 ], [ 33.979895942375151, 66.705553891119052, 0.117350988163025 ], [ 34.020302274257119, 66.704998987897852, 0.030250988163061 ], [ 34.040967900669784, 66.704715185282112, -0.000049011837064 ], [ 34.089460188894009, 66.70404923699607, 0.062150988163012 ], [ 34.100149549441994, 66.703902439196099, 0.068150988163097 ], [ 34.146093750001455, 66.703271484002471, 0.045050988162984 ], [ 34.451562500002183, 66.651220702995488, 0.048150988162888 ], [ 34.445813354632264, 66.645268168023904, 0.070850988162874 ], [ 34.444195398613374, 66.643592972977785, 0.125650988162988 ], [ 34.440581469229073, 66.639851192303468, 0.02695098816298 ], [ 34.435790278628701, 66.634890502009512, -0.000049011837064 ], [ 34.43085937500291, 66.629785156008438, 0.028950988162933 ], [ 34.427160827392072, 66.628018995696038, 0.041050988163079 ], [ 34.412611534924508, 66.621071300050971, -0.000049011837064 ], [ 34.400432862705202, 66.615255642147531, -0.000049011837064 ], [ 34.396093750005093, 66.613183594003203, -0.000049011837064 ], [ 34.404725005515502, 66.606914730684366, -0.000049011837064 ], [ 34.482617188001313, 66.550341796999419, -0.000049011837064 ], [ 34.490580311059603, 66.550920600922836, -0.000049011837064 ], [ 34.589201985316322, 66.558088970741665, 0.196350988162976 ], [ 34.610253906001162, 66.559619141000439, 0.16715098816303 ], [ 34.675060852056049, 66.575193475437118, 0.026650988163055 ], [ 34.684168902174861, 66.577382312087138, 0.009850988162952 ], [ 34.68751078223795, 66.578185429058067, 0.010350988163054 ], [ 34.757130967227567, 66.594916475813079, 0.14525098816307 ], [ 34.778212200912094, 66.599982694857317, 0.18905098816299 ], [ 34.778258379054023, 66.599993792322493, 0.189450988162889 ], [ 34.794648780349235, 66.603932715643168, 0.015150988162986 ], [ 34.805951814632863, 66.60664904848818, -0.000049011837064 ], [ 34.817121504220268, 66.60933333608773, 0.00155098816299 ], [ 34.824609374998545, 66.611132813006407, 0.001650988162964 ], [ 34.85726535318463, 66.600084886973491, 0.000650988162988 ], [ 34.869051125588157, 66.596097612695303, -0.000049011837064 ], [ 34.873515045830572, 66.594587412626424, 0.002550988162966 ], [ 34.876597404010681, 66.593544612285768, 0.021850988162896 ], [ 34.884049621687154, 66.591023433786177, 0.01435098816296 ], [ 34.888595534837805, 66.58948549449633, 0.018750988162992 ], [ 34.968635693188844, 66.562406907396507, 0.148650988162899 ], [ 34.974809704304789, 66.560318162173644, 0.150250988162952 ], [ 35.05103545102611, 66.534530038272351, 0.00805098816295 ], [ 35.062548433896154, 66.530635052113212, -0.000049011837064 ], [ 35.195657361233316, 66.485602636425028, -0.000049011837064 ], [ 35.255690116409824, 66.46529280417235, 0.144750988162968 ], [ 35.302847403167107, 66.449338903996249, 0.061050988163061 ], [ 35.317526824099332, 66.444372672209283, 0.067350988163071 ], [ 35.363964844003931, 66.428662109003199, 0.031350988163013 ], [ 35.383230722734879, 66.424427642541559, -0.000049011837064 ], [ 35.442514795067837, 66.411397537875018, -0.000049011837064 ], [ 35.513476562999131, 66.395800781003345, -0.000049011837064 ], [ 35.545082000397088, 66.39236423703187, -0.000049011837064 ], [ 35.655817001628748, 66.380323723373294, 0.207050988163019 ], [ 35.897809408546891, 66.35401123997508, 0.019150988162892 ], [ 35.909421280437527, 66.352748650002468, 0.013750988162883 ], [ 35.915086981323839, 66.352132603151404, 0.004050988163044 ], [ 35.915518311332562, 66.352085703481862, 0.002250988163041 ], [ 35.916121909525828, 66.352020072627056, 0.004050988163044 ], [ 35.922834304299613, 66.351290215934569, -0.000049011837064 ], [ 36.032368837757531, 66.339380232362601, 0.109850988163089 ], [ 36.12542737349213, 66.329261728187703, 0.199950988162982 ], [ 36.148011466226308, 66.326806099226815, 0.19515098816305 ], [ 36.223083527311246, 66.31864331268298, 0.199950988162982 ], [ 36.130455627313495, 66.328402203900623, 0.199950988162982 ], [ 36.130455627295305, 66.328402203911537, 0.199950988162982 ], [ 36.125767053395975, 66.329189335236151, 0.199950988162982 ], [ 36.128212353236449, 66.32861700871581, 0.199950988162982 ], [ 36.128212353243725, 66.32861700871581, 0.199950988162982 ], [ 36.128457540740783, 66.328576175903436, 0.199950988162982 ], [ 36.128457540824456, 66.328576175888884, 0.199950988162982 ], [ 36.047772435293155, 66.314256868059601, 0.199950988162982 ], [ 36.047772435285879, 66.314256868059601, 0.199950988162982 ], [ 36.016173057585547, 66.317745420834399, 0.102650988163077 ], [ 35.994846271390998, 66.320099885513628, 0.199950988162982 ], [ 35.939968566559401, 66.32923906022188, 0.199950988162982 ], [ 35.910078133103525, 66.332393060052709, 0.110250988162989 ], [ 35.888547167982324, 66.334664979614899, 0.199950988162982 ], [ 35.88854716797141, 66.334664979614899, 0.199950988162982 ], [ 35.825645975950465, 66.356238658176153, 0.199950988162982 ], [ 35.825645975932275, 66.356238658176153, 0.199950988162982 ], [ 35.729433993183193, 66.368384467248688, 0.199950988162982 ], [ 35.729433993004932, 66.368384467274154, 0.199950988162982 ], [ 35.729433993092243, 66.36838446726324, 0.199950988162982 ], [ 35.722492488737771, 66.367884454008163, 0.23615098816299 ], [ 35.702955981261766, 66.366477192383172, 0.252250988163041 ], [ 35.69617825486057, 66.36598897645672, 0.247250988162932 ], [ 35.687825583496306, 66.365387313446263, 0.26455098816291 ], [ 35.609521831742313, 66.359746905865904, 0.199950988162982 ], [ 35.579648285573057, 66.363314148798963, 0.102050988163001 ], [ 35.557118569595332, 66.366004454455833, 0.199950988162982 ], [ 35.502759945895377, 66.374612978808727, 0.199950988162982 ], [ 35.502759945884463, 66.374612978808727, 0.199950988162982 ], [ 35.473992693514447, 66.379820077221666, 0.100750988162872 ], [ 35.452182868004456, 66.383767826784606, 0.199950988162982 ], [ 35.404337434923946, 66.395967013228073, 0.199950988162982 ], [ 35.377342362899071, 66.403144435214926, 0.100750988162872 ], [ 35.356206126802135, 66.408764115942176, 0.199950988162982 ], [ 35.319807615309401, 66.424977423779637, 0.199950988162982 ], [ 35.272102111619461, 66.438263866486523, 0.199950988162982 ], [ 35.232526571446215, 66.469523481900978, 0.199950988162982 ], [ 35.232526571431663, 66.46952348191553, 0.199950988162982 ], [ 35.204715273459442, 66.476756112846488, 0.199950988162982 ], [ 35.204715273448528, 66.476756112846488, 0.199950988162982 ], [ 35.137707170331851, 66.473044033773476, 0.199950988162982 ], [ 35.085942889079888, 66.489170361131983, 0.199950988162982 ], [ 35.085942889068974, 66.489170361131983, 0.199950988162982 ], [ 35.053153700406256, 66.50208420648778, 0.199950988162982 ], [ 35.000146630307427, 66.519986309329397, 0.199950988162982 ], [ 34.972433151724545, 66.546281309390906, 0.199950988162982 ], [ 34.939168726170465, 66.555085501800932, 0.199950988162982 ], [ 34.939168726159551, 66.555085501800932, 0.199950988162982 ], [ 34.882862405189371, 66.558194896158966, 0.199950988162982 ], [ 34.817431876304909, 66.568906852800865, 0.199950988162982 ], [ 34.78372250764005, 66.566640731954976, 0.270150988163095 ], [ 34.753248692708439, 66.564592122031172, 0.199950988162982 ], [ 34.689173888167716, 66.547463071499806, 0.199950988162982 ], [ 34.617548392685421, 66.550909022476844, 0.199950988162982 ], [ 34.609952569775487, 66.549133907061332, 0.216250988162983 ], [ 34.602958752300765, 66.547499478052487, 0.199950988162982 ], [ 34.559187734666921, 66.520131110493821, 0.199950988162982 ], [ 34.524617560258775, 66.517216766911588, 0.101050988163024 ], [ 34.490476386083174, 66.514338589007821, 0.199950988162982 ], [ 34.4601593118241, 66.524782327403955, 0.199950988162982 ], [ 34.405750220910704, 66.54186040431523, 0.199950988162982 ], [ 34.38840814798823, 66.555793741845264, 0.199950988162982 ], [ 34.337986850139714, 66.575686413747462, 0.199950988162982 ], [ 34.337986850125162, 66.575686413747462, 0.199950988162982 ], [ 34.290184213223256, 66.6074441856872, 0.199950988162982 ], [ 34.29018421321598, 66.6074441856872, 0.199950988162982 ], [ 34.277533482290892, 66.62322147301893, 0.199950988162982 ], [ 34.216808572684386, 66.641522197143786, 0.199950988162982 ], [ 34.19205206037077, 66.639907655247953, 0.199950988162982 ], [ 34.16457443296531, 66.642288266448304, 0.111450988162915 ], [ 34.106661268637254, 66.647305756683636, 0.199950988162982 ], [ 34.08222778520576, 66.659797937758412, 0.199950988162982 ], [ 34.054482757081132, 66.649418922468612, 0.199950988162982 ], [ 34.02415248739635, 66.666098456003965, 0.199950988162982 ], [ 33.977593006195093, 66.659214492447063, 0.199950988162982 ], [ 33.943829360054224, 66.664026601767546, 0.101750988163076 ], [ 33.884916337327013, 66.672423085496121, 0.199950988162982 ], [ 33.864761837805418, 66.67686944111847, 0.199950988162982 ], [ 33.7908456154546, 66.703786551006488, 0.199950988162982 ], [ 33.790845615443686, 66.703786551006488, 0.199950988162982 ], [ 33.784241194123751, 66.71212743448632, 0.199950988162982 ], [ 33.769753640128329, 66.713648954115342, 0.199950988162982 ], [ 33.707732113245584, 66.738372631432867, 0.199950988162982 ], [ 33.64850361628487, 66.754583633042785, 0.199950988162982 ], [ 33.636927262567042, 66.75341002980349, 0.199950988162982 ], [ 33.628412859878154, 66.75460792143349, 0.199950988162982 ], [ 33.594578852997074, 66.728002134590497, 0.199950988162982 ], [ 33.57730426006674, 66.729973307352338, 0.199950988162982 ], [ 33.5564542858192, 66.727330801590142, 0.1803509881629 ], [ 33.531294185209845, 66.724142034527176, 0.199950988162982 ], [ 33.531294185202569, 66.724142034527176, 0.199950988162982 ], [ 33.498895968521538, 66.732806651201827, 0.199950988162982 ], [ 33.485608465045516, 66.732603291464329, 0.199950988162982 ], [ 33.485608465030964, 66.732603291464329, 0.199950988162982 ], [ 33.473838975161925, 66.731183547795808, 0.199950988162982 ], [ 33.473838975154649, 66.731183547795808, 0.199950988162982 ], [ 33.405300874612294, 66.715819477281912, 0.199950988162982 ], [ 33.366390867620794, 66.724132077306422, 0.093150988162961 ], [ 33.327297336261836, 66.732483884839894, 0.190950988162967 ], [ 33.31519795245913, 66.735068755555403, 0.199950988162982 ], [ 33.228311744111124, 66.749741711424576, 0.199950988162982 ], [ 33.228311744096573, 66.749741711424576, 0.199950988162982 ], [ 33.221514049102552, 66.751612656873476, 0.199950988162982 ], [ 33.187283283827128, 66.76894255307343, 0.199950988162982 ], [ 33.187283283819852, 66.76894255307343, 0.199950988162982 ], [ 33.148612237342604, 66.735623355954885, 0.199950988162982 ], [ 33.169547481309564, 66.725173553910281, 0.208650988163072 ], [ 33.217947318960796, 66.701014832677174, 0.217450988162909 ], [ 33.227628290427674, 66.696182587314979, 0.199950988162982 ], [ 33.274681071681698, 66.658972110843024, 0.199950988162982 ], [ 33.27468107171444, 66.658972110803006, 0.199950988162982 ], [ 33.309852541096916, 66.644867752092978, 0.199950988162982 ], [ 33.321532297992235, 66.634498448689556, 0.199950988162982 ], [ 33.321532297984959, 66.634498448689556, 0.199950988162982 ], [ 33.375709336465661, 66.627126476942067, 0.199950988162982 ], [ 33.375709336483851, 66.627126476942067, 0.199950988162982 ], [ 33.394057476416492, 66.624335607662942, 0.199950988162982 ], [ 33.449779526352359, 66.601397871439985, 0.199950988162982 ], [ 33.44977952636691, 66.601397871439985, 0.199950988162982 ], [ 33.458081281100021, 66.593618253962632, 0.199950988162982 ], [ 33.483417900217319, 66.56565518410207, 0.199950988162982 ], [ 33.462495652205689, 66.511940637017688, 0.199950988162982 ], [ 33.454418691297178, 66.51482489351838, 0.199950988162982 ], [ 33.469191020074504, 66.502183172378864, 0.199950988162982 ], [ 33.46919102008178, 66.50218317236795, 0.199950988162982 ], [ 33.468985374154727, 66.503507416262437, 0.199950988162982 ], [ 33.524212406955485, 66.476328272648971, 0.199950988162982 ], [ 33.524212406962761, 66.476328272648971, 0.199950988162982 ], [ 33.547928249619872, 66.465094803657848, 0.199950988162982 ], [ 33.526103242977115, 66.469633973531018, 0.18235098816308 ], [ 33.517675781000435, 66.471386718996655, 0.175050988163093 ], [ 33.490552891918924, 66.474497250172135, 0.143750988162992 ], [ 33.486676098775206, 66.474941852000484, 0.156350988163013 ], [ 33.427413681871258, 66.481738236958336, -0.000049011837064 ], [ 33.405273437998403, 66.484277343999565, 0.00525098816297 ], [ 33.306005415899563, 66.509300727815571, 0.024250988162976 ], [ 33.231463282110781, 66.528091234416934, -0.000049011837064 ], [ 33.217382812999858, 66.531640624998545, -0.000049011837064 ], [ 33.213225146148034, 66.536734650129802, -0.000049011837064 ], [ 33.182910155999707, 66.573876953007129, 0.03345098816294 ], [ 33.184595314258331, 66.575094232022821, 0.036350988162894 ], [ 33.224414063002769, 66.603857421996508, 0.016450988162887 ], [ 33.216976544441422, 66.616761268065602, 0.01435098816296 ], [ 33.209137758170982, 66.630361300172808, -0.000049011837064 ], [ 33.188995472497481, 66.665307492454303, -0.000049011837064 ], [ 33.1805664060048, 66.679931641006988, 0.064750988163041 ], [ 33.120103208289947, 66.68573413870763, 0.071450988162951 ], [ 33.110378777953883, 66.686667367292102, 0.041150988163054 ], [ 33.081036230356403, 66.689483296180697, 0.072550988162902 ], [ 33.020935711596394, 66.695250988497719, 0.111750988163067 ], [ 33.004182651147858, 66.696858736664581, 0.089550988162955 ], [ 32.973626423750829, 66.69979113928639, 0.102150988162975 ], [ 32.928710938002041, 66.704101563009317, 0.075450988163084 ], [ 32.924231501692702, 66.705269251106074, 0.074950988162982 ], [ 32.890766460848681, 66.713992833017983, -0.000049011837064 ], [ 32.87066987664366, 66.719231559582113, -0.000049011837064 ], [ 32.869742700273491, 66.719473253564502, 0.001950988162889 ], [ 32.864583648017287, 66.720818102206977, -0.000049011837064 ], [ 32.862402344002476, 66.721386719000293, -0.000049011837064 ], [ 32.862314125868579, 66.721830354439589, -0.000049011837064 ], [ 32.857324218999565, 66.746923827995488, 0.047150988162912 ], [ 32.805799105895858, 66.771832539903698, 0.051150988163045 ], [ 32.771765150344436, 66.78828552646155, 0.061350988162985 ], [ 32.737691692374938, 66.804757609635999, 0.068450988163022 ], [ 32.704058079187234, 66.821017059257429, 0.115350988163073 ], [ 32.686425781001162, 66.82954101600626, 0.114650988163021 ], [ 32.673094146495714, 66.8347339828033, 0.112950988162993 ], [ 32.63044542814896, 66.851346602816193, 0.049950988162891 ], [ 32.607515230429271, 66.860278422485862, 0.043050988163031 ], [ 32.554332133659045, 66.880994416100293, 0.103450988162876 ], [ 32.532692456301447, 66.889423549517232, 0.085750988162999 ], [ 32.490787065489712, 66.905746627002372, 0.003850988163094 ], [ 32.489252714764007, 66.906344290575362, 0.000950988162913 ], [ 32.486744834917772, 66.907321165301255, 0.001050988162888 ], [ 32.483895847406529, 66.908430909010349, 0.000950988162913 ], [ 32.463671875004366, 66.916308594001748, 0.014750988163087 ], [ 32.466608861926943, 66.923201287034317, 0.004050988163044 ], [ 32.47000184024364, 66.931164127385273, 0.008850988162976 ], [ 32.495964830879529, 66.992095595360297, 0.034650988163094 ], [ 32.500976562998403, 67.003857422001602, 0.047350988163089 ], [ 32.497009442100534, 67.005441129524115, 0.039850988162925 ], [ 32.428726293332147, 67.032700328050851, 0.044350988162932 ], [ 32.407380716558691, 67.041221659073926, 0.04845098816304 ], [ 32.400287522992585, 67.04405332069291, 0.045250988162934 ], [ 32.392451255982451, 67.047181623383949, 0.04905098816289 ], [ 32.346134394898399, 67.065671697942889, 0.04885098816294 ], [ 32.340625000004366, 67.067871094008296, 0.04605098816296 ], [ 32.324450859428907, 67.073146998693119, 0.038050988162922 ], [ 32.295277549084858, 67.082663152224995, 0.036850988162996 ], [ 32.287850000000617, 67.095150000004651, 0.038950988162924 ], [ 32.270260000004782, 67.136520000010933, -0.000049011837064 ], [ 32.318873423337209, 67.154089086405293, -0.000049011837064 ], [ 32.333497439787607, 67.153835777055065, 0.004550988162919 ], [ 32.342712774159736, 67.153676153997367, 0.009050988162926 ], [ 32.360127055962948, 67.153374513163726, -0.000049011837064 ], [ 32.37240047999876, 67.15316191950842, 0.010550988163004 ], [ 32.399902344004659, 67.152685547007422, 0.000550988163013 ], [ 32.409749053742416, 67.151463090591278, -0.000049011837064 ], [ 32.670562942956167, 67.119083379679068, -0.000049011837064 ], [ 32.899234848391643, 67.090694054972118, 0.044450988162907 ], [ 32.930468750000728, 67.086816406008438, 0.044050988163008 ], [ 32.885253905998979, 67.061132813003496, 0.04235098816298 ], [ 32.879999350414437, 67.055612806918361, 0.042050988163055 ], [ 32.869813624784001, 67.04491251710715, 0.037950988162947 ], [ 32.8649560050726, 67.039809499361581, -0.000049011837064 ], [ 32.849712377534161, 67.023795791716111, 0.019350988163069 ], [ 32.847558593999565, 67.02153320299476, 0.022150988163048 ], [ 33.001953125003638, 66.908300780996797, 0.083550988163097 ], [ 33.047842070202023, 66.888379295873165, 0.088850988162903 ], [ 33.078622887434904, 66.875016609268641, 0.092450988162909 ], [ 33.150195312999131, 66.843945313004951, 0.102550988162875 ] ] ] ] } }
]
}
