{
"type": "FeatureCollection",
"name": "maxs_02_50_plg_ws",
"crs": { "type": "name", "properties": { "name": "urn:ogc:def:crs:OGC:1.3:CRS84" } },
"features": [
{ "type": "Feature", "properties": { "gid": 1, "objectid": 1.0, "shape_leng": 0.58239081268299997, "shape_area": 0.0085831703588400005, "z_mean": 0.99999648977699995 }, "geometry": { "type": "MultiPolygon", "coordinates": [ [ [ [ 36.588013438937196, 64.25319400169974, 0.999996489776549 ], [ 36.601284218850196, 64.248373142418131, 0.999996489776549 ], [ 36.606747331141378, 64.249106345443579, 0.999996489776549 ], [ 36.606747331152292, 64.249106345443579, 0.999996489776549 ], [ 36.612597932795325, 64.250966323164903, 0.999996489776549 ], [ 36.621049642675644, 64.250257735096966, 0.999996489776549 ], [ 36.62745129623363, 64.246135868565034, 0.999996489776549 ], [ 36.637193171238323, 64.239554902153031, 0.999996489776549 ], [ 36.637193171252875, 64.23955490213848, 0.999996489776549 ], [ 36.639822448982159, 64.239242648982327, 0.999996489776549 ], [ 36.641347574870451, 64.238706592150265, 0.999996489776549 ], [ 36.644197334488126, 64.236731239572691, 0.999996489776549 ], [ 36.650490011110378, 64.236463784247462, 0.999996489776549 ], [ 36.656559688060952, 64.236354600798222, 0.999996489776549 ], [ 36.661893207932735, 64.235483173310058, 0.999996489776549 ], [ 36.678274350433639, 64.22983409749213, 0.999996489776549 ], [ 36.680488229685579, 64.230228361277113, 0.999996489776549 ], [ 36.685754104142688, 64.225416424505966, 0.999996489776549 ], [ 36.688608496522647, 64.222353903696785, 0.999996489776549 ], [ 36.699312706343335, 64.216219307883875, 0.999996489776549 ], [ 36.699312706343335, 64.216219307876599, 0.999996489776549 ], [ 36.699341880826978, 64.216201382118015, 0.999996489776549 ], [ 36.699396352338226, 64.216050811755849, 0.999996489776549 ], [ 36.701415182880737, 64.208640018590813, 0.999996489776549 ], [ 36.701696033334883, 64.207518541159516, 0.999996489776549 ], [ 36.701696033353073, 64.207518541159516, 0.999996489776549 ], [ 36.701866857605637, 64.198401400397415, 0.999996489776549 ], [ 36.701866857598361, 64.198401400397415, 0.999996489776549 ], [ 36.692479067514796, 64.192401331816654, 0.999996489776549 ], [ 36.707774107908335, 64.189180590317847, 0.999996489776549 ], [ 36.71455342106492, 64.185249303878663, 0.999996489776549 ], [ 36.742434240175498, 64.183269920882594, 0.999996489776549 ], [ 36.742434240182774, 64.183269920882594, 0.999996489776549 ], [ 36.747160308674211, 64.186071847980202, 0.999996489776549 ], [ 36.752330824459932, 64.182458232138742, 0.999996489776549 ], [ 36.762210621662234, 64.176621218120999, 0.999996489776549 ], [ 36.749714446603321, 64.168073252694739, 0.999996489776549 ], [ 36.732875734734989, 64.158493400922453, 0.999996489776549 ], [ 36.710433011285204, 64.151163462836848, 0.999996489776549 ], [ 36.691846230187366, 64.167860659359576, 0.999996489776549 ], [ 36.69184623018009, 64.167860659359576, 0.999996489776549 ], [ 36.697663358187128, 64.178899543188891, 0.999996489776549 ], [ 36.679784067284345, 64.183344652308733, 0.999996489776549 ], [ 36.674140583454573, 64.186217612306791, 0.999996489776549 ], [ 36.674140583447297, 64.186217612306791, 0.999996489776549 ], [ 36.660391479348618, 64.186755739301589, 0.999996489776549 ], [ 36.654789363652526, 64.190450746853458, 0.999996489776549 ], [ 36.654789363659802, 64.190450746860733, 0.999996489776549 ], [ 36.652190257900656, 64.18991341331639, 0.999996489776549 ], [ 36.647056197874917, 64.191628426939133, 0.999996489776549 ], [ 36.640052930531965, 64.189798209350556, 0.999996489776549 ], [ 36.638975362275232, 64.191762143553206, 0.999996489776549 ], [ 36.628794462074438, 64.184110891390446, 0.999996489776549 ], [ 36.611640896775498, 64.18845810593848, 0.999996489776549 ], [ 36.611640896760946, 64.18845810593848, 0.999996489776549 ], [ 36.609129203992779, 64.189994670927263, 0.999996489776549 ], [ 36.608721369186242, 64.197106774499844, 0.999996489776549 ], [ 36.608721369186242, 64.19710677450712, 0.999996489776549 ], [ 36.6036163648605, 64.200882134282438, 0.999996489776549 ], [ 36.601013676379807, 64.205731118672702, 0.999996489776549 ], [ 36.596900741162244, 64.20722595108964, 0.999996489776549 ], [ 36.59690074115133, 64.20722595108964, 0.999996489776549 ], [ 36.594255462772708, 64.215414073994907, 0.999996489776549 ], [ 36.593382954906701, 64.215887837515766, 0.999996489776549 ], [ 36.579191038581484, 64.212911518137844, 0.999996489776549 ], [ 36.569559710707836, 64.222268206689478, 0.999996489776549 ], [ 36.569350270914583, 64.225253495467769, 0.999996489776549 ], [ 36.569350270914583, 64.225253495467769, 0.999996489776549 ], [ 36.56748051219256, 64.224934043526446, 0.999996489776549 ], [ 36.56748051219256, 64.224934043526446, 0.999996489776549 ], [ 36.555451409603847, 64.227099672036275, 0.999996489776549 ], [ 36.55145365950375, 64.229211425299582, 0.999996489776549 ], [ 36.540027895982348, 64.231911307168048, 0.999996489776549 ], [ 36.540495343477232, 64.240719016881485, 0.999996489776549 ], [ 36.539229891452123, 64.243402368589159, 0.999996489776549 ], [ 36.55549085043458, 64.261700425962772, 0.999996489776549 ], [ 36.57667387154288, 64.256715928528138, 0.999996489776549 ], [ 36.58517177783142, 64.254976023770723, 0.999996489776549 ], [ 36.588013438937196, 64.25319400169974, 0.999996489776549 ] ] ] ] } },
{ "type": "Feature", "properties": { "gid": 2, "objectid": 2.0, "shape_leng": 0.057263128477199998, "shape_area": 3.718279634e-05, "z_mean": 0.95178815644299997 }, "geometry": { "type": "MultiPolygon", "coordinates": [ [ [ [ 39.364850173631567, 64.629780327348271, 0.999996489776549 ], [ 39.381315799364529, 64.622465872427711, 0.999996489776549 ], [ 39.365344136112981, 64.626921669016156, 0.884296489776489 ], [ 39.353984069195576, 64.63009091611093, 0.999996489776549 ], [ 39.364850173631567, 64.629780327348271, 0.999996489776549 ] ] ] ] } },
{ "type": "Feature", "properties": { "gid": 3, "objectid": 3.0, "shape_leng": 0.46305715994500002, "shape_area": 0.0128146413708, "z_mean": 2.1894205953600001 }, "geometry": { "type": "MultiPolygon", "coordinates": [ [ [ [ 35.625089575496531, 64.590210254409612, 1.999996489776549 ], [ 35.588404307702149, 64.587730150509742, 1.999996489776549 ], [ 35.572406805265928, 64.594084329706675, 1.999996489776549 ], [ 35.572281397013285, 64.594620608211699, 1.999996489776549 ], [ 35.570555306636379, 64.595597484691098, 1.999996489776549 ], [ 35.566911921931023, 64.59714446428552, 1.999996489776549 ], [ 35.533114618592663, 64.609708540003339, 1.999996489776549 ], [ 35.527034159647883, 64.613980116246239, 1.999996489776549 ], [ 35.521277123472828, 64.635639797448675, 1.999996489776549 ], [ 35.516425131278083, 64.643003021756158, 1.999996489776549 ], [ 35.515289806062356, 64.644115059745673, 1.999996489776549 ], [ 35.506174521982757, 64.661358579396619, 1.999996489776549 ], [ 35.510875337458856, 64.669958830196265, 1.999996489776549 ], [ 35.508189679789211, 64.675629823846975, 1.999996489776549 ], [ 35.512898907851195, 64.680186846391734, 1.999996489776549 ], [ 35.517808346787206, 64.681046179222903, 1.999996489776549 ], [ 35.528268151119846, 64.684041105214419, 2.302496489776559 ], [ 35.544038525880751, 64.688556591714587, 2.545896489776624 ], [ 35.546478413678415, 64.689255197834427, 2.593196489776574 ], [ 35.550486912834458, 64.690402939984779, 1.999996489776549 ], [ 35.560936892834434, 64.694771617185324, 1.999996489776549 ], [ 35.576682223021635, 64.689620457975252, 1.999996489776549 ], [ 35.579327778519655, 64.687776183112874, 2.561796489776498 ], [ 35.582415511824365, 64.685623656379903, 1.999996489776549 ], [ 35.594876925628341, 64.680136944687547, 1.999996489776549 ], [ 35.595289866945677, 64.67926597665064, 1.999996489776549 ], [ 35.598340680437104, 64.678230165187415, 2.166296489776641 ], [ 35.60569715938982, 64.675732495226839, 2.169896489776647 ], [ 35.611843055608915, 64.673645842012775, 2.251596489776603 ], [ 35.625154474786541, 64.669126352164312, 1.999996489776549 ], [ 35.628364837393747, 64.668219955383393, 1.862396489776529 ], [ 35.633050819789787, 64.666896939928847, 1.999996489776549 ], [ 35.64998314830882, 64.657756093489297, 1.999996489776549 ], [ 35.653893678711029, 64.656259929146472, 1.999996489776549 ], [ 35.679221243030042, 64.650393276657269, 1.999996489776549 ], [ 35.692300078335393, 64.622933781774918, 1.999996489776549 ], [ 35.677637548655184, 64.614711868976883, 1.999996489776549 ], [ 35.64619710720217, 64.593454080117226, 1.999996489776549 ], [ 35.625089575496531, 64.590210254409612, 1.999996489776549 ] ] ] ] } },
{ "type": "Feature", "properties": { "gid": 4, "objectid": 4.0, "shape_leng": 0.31786295767599998, "shape_area": 0.00098387917710400009, "z_mean": 0.71111498391100003 }, "geometry": { "type": "MultiPolygon", "coordinates": [ [ [ [ 38.861702425409021, 64.760143888990569, 0.999996489776549 ], [ 38.938374478420883, 64.734624955377512, 0.999996489776549 ], [ 38.951161454373505, 64.73230569297084, 0.999996489776549 ], [ 38.95163210154351, 64.730745999328064, 0.999996489776549 ], [ 38.950221328854241, 64.730979042713443, 0.939896489776629 ], [ 38.939412086478114, 64.732764604919794, 0.932896489776567 ], [ 38.85317947178919, 64.747009238577448, 0.292796489776492 ], [ 38.841248575317877, 64.74898008510354, 0.571496489776564 ], [ 38.796812526823487, 64.756320407952444, 0.999996489776549 ], [ 38.834950127988122, 64.754535337036941, 0.999996489776549 ], [ 38.834950127988122, 64.754535337036941, 0.999996489776549 ], [ 38.861702425409021, 64.760143888990569, 0.999996489776549 ] ] ] ] } },
{ "type": "Feature", "properties": { "gid": 5, "objectid": 5.0, "shape_leng": 0.040303972030400002, "shape_area": 4.75998155763e-05, "z_mean": 0.90795482310999998 }, "geometry": { "type": "MultiPolygon", "coordinates": [ [ [ [ 38.756871174871776, 64.76812519817031, 0.999996489776549 ], [ 38.760468217078596, 64.762324068859016, 0.999996489776549 ], [ 38.75433501328007, 64.763337203410629, 0.779096489776521 ], [ 38.742184994705894, 64.765344246385212, 0.999996489776549 ], [ 38.756871174871776, 64.76812519817031, 0.999996489776549 ] ] ] ] } },
{ "type": "Feature", "properties": { "gid": 6, "objectid": 6.0, "shape_leng": 0.083684506173600001, "shape_area": 0.000109291203172, "z_mean": 0.90832982311 }, "geometry": { "type": "MultiPolygon", "coordinates": [ [ [ [ 38.657883374184166, 64.784761263093969, 0.999996489776549 ], [ 38.66131267837045, 64.778703420564852, 0.999996489776549 ], [ 38.655396404519706, 64.779680720788747, 0.779996489776522 ], [ 38.621507900352299, 64.78527871092956, 0.999996489776549 ], [ 38.657883374184166, 64.784761263093969, 0.999996489776549 ] ] ] ] } },
{ "type": "Feature", "properties": { "gid": 7, "objectid": 7.0, "shape_leng": 1.0808356592099999, "shape_area": 0.065674960297600005, "z_mean": 2.99999648978 }, "geometry": { "type": "MultiPolygon", "coordinates": [ [ [ [ 36.069570127190673, 64.609414444574213, 2.999996489776549 ], [ 36.062092374326312, 64.549533186996996, 2.999996489776549 ], [ 36.02459818207717, 64.552001038882736, 2.999996489776549 ], [ 35.984262277899688, 64.541810147835349, 2.999996489776549 ], [ 35.976992908636021, 64.53846340830205, 2.999996489776549 ], [ 35.913957458305958, 64.520871482192888, 2.999996489776549 ], [ 35.913031596213841, 64.521963033443171, 2.999996489776549 ], [ 35.912218015775579, 64.521739877469372, 2.999996489776549 ], [ 35.893859672858525, 64.555539675791806, 2.999996489776549 ], [ 35.890584388285788, 64.556535713218182, 2.999996489776549 ], [ 35.848236480076594, 64.564376387643279, 2.999996489776549 ], [ 35.833098275474185, 64.57612212751701, 2.999996489776549 ], [ 35.8145843592647, 64.582559097667399, 2.999996489776549 ], [ 35.803827094208827, 64.573028467722906, 2.999996489776549 ], [ 35.766423922130343, 64.569846370352025, 2.999996489776549 ], [ 35.759978921050788, 64.595720432582311, 2.999996489776549 ], [ 35.743354798596556, 64.614062447206379, 2.999996489776549 ], [ 35.721209108796756, 64.633253453619545, 2.999996489776549 ], [ 35.719593057434395, 64.642603932989005, 2.999996489776549 ], [ 35.68776925556449, 64.660737753471039, 2.999996489776549 ], [ 35.687027046456933, 64.662296048736607, 2.999996489776549 ], [ 35.685842583341582, 64.662570407272142, 2.999996489776549 ], [ 35.675046326643496, 64.666701042402565, 2.999996489776549 ], [ 35.677843357243546, 64.683712074594951, 2.999996489776549 ], [ 35.676660226017702, 64.689957085211063, 2.999996489776549 ], [ 35.680861367807665, 64.691794918431697, 2.999996489776549 ], [ 35.696561103031854, 64.711472928513103, 2.999996489776549 ], [ 35.709829524323141, 64.732760992221301, 2.999996489776549 ], [ 35.709829524323141, 64.732760992224939, 2.999996489776549 ], [ 35.719373951924354, 64.734853610199934, 2.999996489776549 ], [ 35.754503006872255, 64.73587617328667, 2.999996489776549 ], [ 35.769564882411942, 64.743365672504297, 2.999996489776549 ], [ 35.818554131587007, 64.752299908232089, 2.999996489776549 ], [ 35.827624740253668, 64.754923710497678, 2.999996489776549 ], [ 35.833007090863248, 64.758513540989952, 2.999996489776549 ], [ 35.872638859444123, 64.781240872889612, 2.999996489776549 ], [ 35.887562224801513, 64.785205020882131, 2.999996489776549 ], [ 35.950428882133565, 64.79021863683738, 2.999996489776549 ], [ 35.950671118644095, 64.790184046712966, 2.999996489776549 ], [ 35.950661585309717, 64.790075755990983, 2.999996489776549 ], [ 35.960769327994058, 64.764916041363904, 2.999996489776549 ], [ 35.962492762628244, 64.760428035595396, 2.999996489776549 ], [ 35.985790827828168, 64.732748934169649, 2.999996489776549 ], [ 36.007150404515414, 64.702619364183192, 2.999996489776549 ], [ 36.01017776124354, 64.69684048106501, 2.999996489776549 ], [ 36.036433851841139, 64.669788379906095, 2.999996489776549 ], [ 36.041389337708097, 64.66009057897827, 2.999996489776549 ], [ 36.06106244444527, 64.627241777776362, 2.999996489776549 ], [ 36.069570127190673, 64.609414444574213, 2.999996489776549 ] ] ] ] } },
{ "type": "Feature", "properties": { "gid": 8, "objectid": 8.0, "shape_leng": 0.18121749532699999, "shape_area": 0.00072912061188400005, "z_mean": 0.83132925217499998 }, "geometry": { "type": "MultiPolygon", "coordinates": [ [ [ [ 38.481498973942507, 64.827106290817028, 0.999996489776549 ], [ 38.510469081316842, 64.802306129568024, 0.999996489776549 ], [ 38.472574281073321, 64.816053749676939, 0.613596489776683 ], [ 38.44199218799622, 64.827148437998403, 0.727296489776563 ], [ 38.429857166775037, 64.839303287240909, 0.999996489776549 ], [ 38.481498973942507, 64.827106290817028, 0.999996489776549 ] ] ] ] } },
{ "type": "Feature", "properties": { "gid": 9, "objectid": 9.0, "shape_leng": 0.0026735962473899999, "shape_area": 8.4875299190499996e-08, "z_mean": 0.99703815644299998 }, "geometry": { "type": "MultiPolygon", "coordinates": [ [ [ [ 38.297841309416981, 64.853439035021438, 0.999996489776549 ], [ 38.297148496480077, 64.853416959205788, 0.992896489776513 ], [ 38.296520281721314, 64.853396941733081, 0.999996489776549 ], [ 38.296887831053027, 64.853537152241188, 0.999996489776549 ], [ 38.297841309416981, 64.853439035021438, 0.999996489776549 ] ] ] ] } },
{ "type": "Feature", "properties": { "gid": 10, "objectid": 10.0, "shape_leng": 1.89917586118, "shape_area": 0.015432546222800001, "z_mean": 1.5372674023699999 }, "geometry": { "type": "MultiPolygon", "coordinates": [ [ [ [ 38.322016879483272, 64.864036108559958, 1.999996489776549 ], [ 38.341414001879457, 64.855049923979095, 1.999996489776549 ], [ 38.341414001879457, 64.855049923971819, 1.999996489776549 ], [ 38.372687291364855, 64.863898723011516, 1.999996489776549 ], [ 38.406640922130464, 64.867402330139157, 1.999996489776549 ], [ 38.46298183329418, 64.853711871321138, 1.999996489776549 ], [ 38.49001896032496, 64.851215169910574, 1.999996489776549 ], [ 38.49001896032496, 64.851215169910574, 1.999996489776549 ], [ 38.52482700476321, 64.841879145125858, 1.999996489776549 ], [ 38.581772093973996, 64.811212801268994, 1.999996489776549 ], [ 38.585194916624459, 64.808475620477111, 1.999996489776549 ], [ 38.588266771123017, 64.809003627804486, 1.999996489776549 ], [ 38.669186748360517, 64.807852526184433, 1.999996489776549 ], [ 38.682410796187469, 64.78449233561696, 1.999996489776549 ], [ 38.714344313917536, 64.779573520314443, 1.999996489776549 ], [ 38.768352349758061, 64.789800396334613, 1.999996489776549 ], [ 38.768352349758061, 64.789800396334613, 1.999996489776549 ], [ 38.781041557169374, 64.769335878841957, 1.999996489776549 ], [ 38.820250255961582, 64.767500674071925, 1.999996489776549 ], [ 38.820250255976134, 64.767500674071925, 1.999996489776549 ], [ 38.873754850817932, 64.77871777798282, 1.999996489776549 ], [ 38.922906029234582, 64.762358680462057, 1.999996489776549 ], [ 38.966814713337953, 64.754394658248202, 1.999996489776549 ], [ 38.971248220808775, 64.739702307117113, 1.999996489776549 ], [ 39.01184460787772, 64.732102193251194, 1.999996489776549 ], [ 39.057581165310694, 64.717573818634264, 1.999996489776549 ], [ 39.087063630577177, 64.704875154198817, 1.999996489776549 ], [ 39.094198654038337, 64.702566208594362, 1.999996489776549 ], [ 39.087236715862673, 64.704508459686622, 1.980996489776544 ], [ 39.053515625004366, 64.713916016000439, 1.648596489776537 ], [ 39.052840743177512, 64.714027498695941, 1.636896489776518 ], [ 39.019041748553718, 64.719610702901264, 1.266596489776703 ], [ 38.955737897722429, 64.730067769141897, 1.174796489776554 ], [ 38.95163210154351, 64.730745999328064, 0.999996489776549 ], [ 38.951161454373505, 64.73230569297084, 0.999996489776549 ], [ 38.938374478420883, 64.734624955377512, 0.999996489776549 ], [ 38.861702425409021, 64.760143888990569, 0.999996489776549 ], [ 38.834950127988122, 64.754535337036941, 0.999996489776549 ], [ 38.796812526823487, 64.756320407952444, 0.999996489776549 ], [ 38.768143498342397, 64.761056200892199, 1.276396489776516 ], [ 38.760468217078596, 64.762324068859016, 0.999996489776549 ], [ 38.756871174871776, 64.76812519817031, 0.999996489776549 ], [ 38.742184994705894, 64.765344246385212, 0.999996489776549 ], [ 38.725024018218392, 64.768179041835538, 1.311996489776675 ], [ 38.670849064339563, 64.777128119560075, 1.354696489776643 ], [ 38.66131267837045, 64.778703420564852, 0.999996489776549 ], [ 38.657883374184166, 64.784761263093969, 0.999996489776549 ], [ 38.621507900352299, 64.78527871092956, 0.999996489776549 ], [ 38.616469653119566, 64.786110971279413, 1.032696489776527 ], [ 38.613085938006407, 64.786669921999419, 1.07249648977654 ], [ 38.563772307916224, 64.789806242344639, 1.477396489776538 ], [ 38.540917968999565, 64.79125976600335, 1.231796489776571 ], [ 38.520329822640633, 64.798728812238551, 1.10049648977656 ], [ 38.510469081316842, 64.802306129568024, 0.999996489776549 ], [ 38.481498973953421, 64.827106290817028, 0.999996489776549 ], [ 38.429857166775037, 64.839303287240909, 0.999996489776549 ], [ 38.419763176116248, 64.849413770974934, 1.226796489776689 ], [ 38.412109375007276, 64.857080077999854, 1.530196489776699 ], [ 38.401853391704208, 64.85675328087018, 1.382896489776613 ], [ 38.394071268616244, 64.856505310937791, 1.416596489776566 ], [ 38.341533263715974, 64.854831237498729, 1.988996489776582 ], [ 38.317978835599206, 64.854080698096368, 1.207396489776556 ], [ 38.297841309416981, 64.853439035021438, 0.999996489776549 ], [ 38.296887831053027, 64.853537152241188, 0.999996489776549 ], [ 38.296520281721314, 64.853396941733081, 0.999996489776549 ], [ 38.22822265600189, 64.851220703003492, 1.775796489776667 ], [ 38.214864692676201, 64.851620746223489, 1.954296489776652 ], [ 38.208089487168763, 64.851823649536527, 1.929196489776587 ], [ 38.197039407856209, 64.852154576423345, 1.999996489776549 ], [ 38.207677005433652, 64.855068373592076, 1.999996489776549 ], [ 38.207677005444566, 64.855068373592076, 1.999996489776549 ], [ 38.215966303469031, 64.853446803077532, 1.999996489776549 ], [ 38.260358004783484, 64.870381084503606, 1.999996489776549 ], [ 38.260358004783484, 64.870381084503606, 1.999996489776549 ], [ 38.322016879483272, 64.864036108559958, 1.999996489776549 ] ] ] ] } },
{ "type": "Feature", "properties": { "gid": 11, "objectid": 11.0, "shape_leng": 0.43299915991799998, "shape_area": 0.00165236444147, "z_mean": 1.6106858873000001 }, "geometry": { "type": "MultiPolygon", "coordinates": [ [ [ [ 38.113267763677868, 64.865440893037885, 1.999996489776549 ], [ 38.182487046997267, 64.852590389367833, 1.999996489776549 ], [ 38.115722655998979, 64.854589844002476, 1.45029648977652 ], [ 38.109375027026545, 64.856032486964978, 1.464196489776668 ], [ 38.077998296303122, 64.86316356217867, 1.525696489776692 ], [ 38.011917436138901, 64.878181939602655, 1.058096489776517 ], [ 38.009375000008731, 64.878759766001167, 1.074196489776568 ], [ 37.971865805724519, 64.896646658526151, 1.999996489776549 ], [ 38.013419524391793, 64.890788332631928, 1.999996489776549 ], [ 38.060362798310962, 64.875500706242747, 1.999996489776549 ], [ 38.060362798325514, 64.875500706231833, 1.999996489776549 ], [ 38.113267763677868, 64.865440893037885, 1.999996489776549 ] ] ] ] } },
{ "type": "Feature", "properties": { "gid": 27, "objectid": 27.0, "shape_leng": 0.1980207133, "shape_area": 0.0010964069543300001, "z_mean": 3.53487223082 }, "geometry": { "type": "MultiPolygon", "coordinates": [ [ [ [ 37.19543789294039, 65.215016281668795, 3.999996489776549 ], [ 37.219628611099324, 65.176780777557724, 3.999996489776549 ], [ 37.192728310801613, 65.182756361147767, 2.999996489776549 ], [ 37.182788419704593, 65.198467211248499, 2.999996489776549 ], [ 37.159750209397316, 65.19008205638238, 2.999996489776549 ], [ 37.140820313004951, 65.194287109003199, 3.928796489776687 ], [ 37.138593290103017, 65.194326705877756, 3.999996489776549 ], [ 37.19543789294039, 65.215016281668795, 3.999996489776549 ] ] ] ] } },
{ "type": "Feature", "properties": { "gid": 28, "objectid": 28.0, "shape_leng": 2.41935761981, "shape_area": 0.114588452521, "z_mean": 0.55349872799300004 }, "geometry": { "type": "MultiPolygon", "coordinates": [ [ [ [ 34.674136476147396, 65.245638227857853, 0.999996489776549 ], [ 34.700722083340224, 65.212790279863839, 0.999996489776549 ], [ 34.704753959063964, 65.209752294438658, 0.999996489776549 ], [ 34.749975246166287, 65.190106410464068, 0.999996489776549 ], [ 34.757978175013704, 65.179534123963094, 0.999996489776549 ], [ 34.76277989225855, 65.14733445479942, 0.999996489776549 ], [ 34.775017213629326, 65.142739571907441, 0.999996489776549 ], [ 34.823137752606272, 65.086163435324124, 0.999996489776549 ], [ 34.824199528935424, 65.082574620268133, 0.999996489776549 ], [ 34.86006319048829, 65.056103853556124, 0.999996489776549 ], [ 34.869366185692343, 65.051771084610664, 0.999996489776549 ], [ 34.906221040928358, 65.029746451600658, 0.999996489776549 ], [ 34.915252014819998, 65.016105068876641, 0.999996489776549 ], [ 34.910555294976803, 64.988776850786962, 0.999996489776549 ], [ 34.910555294976803, 64.988776850786962, 0.999996489776549 ], [ 34.917530893711955, 64.970650541454233, 0.999996489776549 ], [ 34.93190410562238, 64.950020468069852, 0.999996489776549 ], [ 34.944793397902686, 64.964541324698075, 0.999996489776549 ], [ 34.98513037531302, 64.979940475957847, 0.999996489776549 ], [ 34.995544229914231, 64.967475674307934, 0.999996489776549 ], [ 35.007045196980471, 64.96095560879985, 0.999996489776549 ], [ 35.013639365497511, 64.968882601846417, 0.999996489776549 ], [ 35.022971510617936, 64.978449242607894, 0.999996489776549 ], [ 35.022971510625212, 64.97844924261517, 0.999996489776549 ], [ 35.027746605941502, 64.997392760418734, 0.999996489776549 ], [ 35.056336488618399, 64.997074507795332, 0.999996489776549 ], [ 35.056336488618399, 64.997074507795332, 0.999996489776549 ], [ 35.068210539600841, 64.995795238704886, 0.999996489776549 ], [ 35.077987982582272, 64.989975599241006, 0.999996489776549 ], [ 35.081681099167326, 64.98510305765376, 0.999996489776549 ], [ 35.081681099141861, 64.98510305765376, 0.999996489776549 ], [ 35.087785079875175, 64.976373620815139, 0.999996489776549 ], [ 35.098192745321285, 64.964882640571886, 0.999996489776549 ], [ 35.098192745339475, 64.964882640571886, 0.999996489776549 ], [ 35.101967928065278, 64.959932250167185, 0.999996489776549 ], [ 35.101967928076192, 64.959932250167185, 0.999996489776549 ], [ 35.110511137805588, 64.958387650593068, 0.999996489776549 ], [ 35.115898257427034, 64.958380615400529, 0.999996489776549 ], [ 35.129587822095345, 64.951511877523444, 0.999996489776549 ], [ 35.133278122473712, 64.950354892433097, 0.999996489776549 ], [ 35.133278122480988, 64.950354892429459, 0.999996489776549 ], [ 35.145142061854131, 64.944659216169384, 0.999996489776549 ], [ 35.142456477540691, 64.935857232594572, 0.999996489776549 ], [ 35.141282563570712, 64.928489831963816, 0.999996489776549 ], [ 35.141282563567074, 64.928489831941988, 0.999996489776549 ], [ 35.147356309164024, 64.919444667339121, 0.999996489776549 ], [ 35.148662123261602, 64.915201307667303, 0.999996489776549 ], [ 35.146979847584589, 64.909381061166641, 0.999996489776549 ], [ 35.145427364041097, 64.905656238257507, 0.999996489776549 ], [ 35.145427364041097, 64.905656238250231, 0.999996489776549 ], [ 35.130874094415049, 64.902693570638803, 0.999996489776549 ], [ 35.128651138380519, 64.9029210807239, 0.999996489776549 ], [ 35.121472073475161, 64.906447216722881, 0.999996489776549 ], [ 35.121472073475161, 64.906447216722881, 0.999996489776549 ], [ 35.114373895630706, 64.910052989605902, 0.999996489776549 ], [ 35.106491494138027, 64.910522076599591, 0.999996489776549 ], [ 35.106491494119837, 64.910522076599591, 0.999996489776549 ], [ 35.09259897368247, 64.919121867809736, 0.999996489776549 ], [ 35.083678876872, 64.922042345133377, 0.999996489776549 ], [ 35.065682467346051, 64.924031011109037, 0.999996489776549 ], [ 35.056174218992965, 64.922427962348593, 0.999996489776549 ], [ 35.051837518723914, 64.925072797061148, 0.999996489776549 ], [ 35.051837518713, 64.925072797072062, 0.999996489776549 ], [ 35.047457331453188, 64.920520071464125, 0.999996489776549 ], [ 35.050223190548422, 64.914724488047796, 0.999996489776549 ], [ 35.034676835690334, 64.888839951905538, 0.999996489776549 ], [ 35.036163105589367, 64.851812140019319, 0.999996489776549 ], [ 35.065837088091939, 64.818757695433305, 0.999996489776549 ], [ 35.065837088099215, 64.818757695426029, 0.999996489776549 ], [ 35.075397028958832, 64.821355594049237, 0.999996489776549 ], [ 35.075646016088285, 64.804599076323939, 0.999996489776549 ], [ 35.081945291029115, 64.792806495763216, 0.999996489776549 ], [ 35.074204000946338, 64.764558213893906, 0.999996489776549 ], [ 35.073473951229971, 64.738941013260046, 0.999996489776549 ], [ 35.065676640220772, 64.729663882124441, 0.999996489776549 ], [ 35.080085385765415, 64.703122469258233, 0.999996489776549 ], [ 35.080085385783605, 64.703122469258233, 0.999996489776549 ], [ 35.082290591501078, 64.669573303221114, 0.999996489776549 ], [ 35.085296828710852, 64.66459234150534, 0.999996489776549 ], [ 35.076965174903307, 64.65361132495309, 0.999996489776549 ], [ 35.031350913315691, 64.612006465787999, 0.999996489776549 ], [ 35.031350913304777, 64.612006465780723, 0.999996489776549 ], [ 35.021603683133435, 64.60400666406349, 0.999996489776549 ], [ 35.01387313221494, 64.601600548605347, 0.999996489776549 ], [ 34.975033505608735, 64.576760686792113, 0.999996489776549 ], [ 34.93528131948915, 64.565776807579823, 0.999996489776549 ], [ 34.910380032579269, 64.546060991960985, 0.999996489776549 ], [ 34.910380032571993, 64.546060991960985, 0.999996489776549 ], [ 34.902371296426281, 64.536288731291279, 0.999996489776549 ], [ 34.870044478280761, 64.559639050756232, 0.414096489776512 ], [ 34.869531250002183, 64.560009765998984, 0.407296489776627 ], [ 34.869022767470597, 64.566650989865593, 0.354996489776568 ], [ 34.863833762163267, 64.634423909599718, -0.000003510223451 ], [ 34.858300781001162, 64.706689452999854, -0.000003510223451 ], [ 34.86798498204007, 64.713255862592632, -0.000003510223451 ], [ 34.892093828810175, 64.729602958464966, -0.000003510223451 ], [ 34.904966653892188, 64.738331426808145, -0.000003510223451 ], [ 34.90546875000291, 64.738671874998545, -0.000003510223451 ], [ 34.91501297281502, 64.742198654548702, -0.000003510223451 ], [ 34.927200074245775, 64.746702030144661, 0.161596489776684 ], [ 34.952246093998838, 64.755957031000435, 0.367096489776713 ], [ 34.935504276865686, 64.762148086767411, 0.21529648977662 ], [ 34.903929825915839, 64.773824190073356, -0.000003510223451 ], [ 34.896835944924533, 64.776447478358023, -0.000003510223451 ], [ 34.834450408507109, 64.799517395531439, -0.000003510223451 ], [ 34.832617188003496, 64.800195313000586, -0.000003510223451 ], [ 34.832392859956599, 64.804810061366879, -0.000003510223451 ], [ 34.828808261048835, 64.878550381818059, -0.000003510223451 ], [ 34.827148438002041, 64.912695313003496, 0.370696489776492 ], [ 34.827096403860196, 64.912856683364225, 0.371796489776671 ], [ 34.812367281534534, 64.958535220452177, 0.520896489776533 ], [ 34.80653728494508, 64.976615436615248, 0.545896489776624 ], [ 34.803515625004366, 64.985986327999854, 0.547996489776551 ], [ 34.78694701016866, 65.008774282738159, 0.435196489776672 ], [ 34.774505857923941, 65.025885454502713, 0.327896489776549 ], [ 34.739618850784609, 65.073867953185982, 0.566896489776582 ], [ 34.730753514915705, 65.086061058926134, 0.550296489776656 ], [ 34.686353100365523, 65.147128000673547, 0.058196489776492 ], [ 34.682630068506114, 65.152248542275629, 0.044896489776647 ], [ 34.677064126582991, 65.159903764739283, 0.156596489776575 ], [ 34.671093749999272, 65.168115233998833, 0.170096489776597 ], [ 34.632033508067252, 65.199851680830761, 0.017096489776577 ], [ 34.630414287836174, 65.201167297276697, 0.004396489776582 ], [ 34.628356946956046, 65.202838886751124, 0.071996489776666 ], [ 34.581462869355164, 65.240940325107658, 0.999996489776549 ], [ 34.606158931848768, 65.23194002346645, 0.999996489776549 ], [ 34.625123808647913, 65.251234413717611, 0.999996489776549 ], [ 34.655902412614523, 65.254034833338665, 0.999996489776549 ], [ 34.674136476147396, 65.245638227857853, 0.999996489776549 ] ] ] ] } },
{ "type": "Feature", "properties": { "gid": 29, "objectid": 29.0, "shape_leng": 0.22993927394800001, "shape_area": 0.0021044844846799999, "z_mean": 1.8085357767400001 }, "geometry": { "type": "MultiPolygon", "coordinates": [ [ [ [ 39.929597312911937, 65.229027729896188, 1.999996489776549 ], [ 39.923812175984494, 65.215266348281148, 1.999996489776549 ], [ 39.886467053420347, 65.228224393584242, 1.999996489776549 ], [ 39.852541142834525, 65.267438245777157, 1.999996489776549 ], [ 39.852541142819973, 65.267438245791709, 1.999996489776549 ], [ 39.856578446491767, 65.293325256854587, 1.999996489776549 ], [ 39.894574990245019, 65.256629189807427, 1.577996489776524 ], [ 39.896484375003638, 65.254785156001162, 1.554996489776613 ], [ 39.898146892930527, 65.253491939954984, 1.535496489776506 ], [ 39.929597312911937, 65.229027729896188, 1.999996489776549 ] ] ] ] } },
{ "type": "Feature", "properties": { "gid": 30, "objectid": 30.0, "shape_leng": 3.1350981450300002, "shape_area": 0.39866580105299998, "z_mean": 5.0117220517899996 }, "geometry": { "type": "MultiPolygon", "coordinates": [ [ [ [ 38.14417279015106, 65.520164272365946, 4.999996489776549 ], [ 38.16610236257111, 65.514152400362946, 4.999996489776549 ], [ 38.166102362582023, 65.514152400377498, 4.999996489776549 ], [ 38.23801765407552, 65.519427629955317, 4.999996489776549 ], [ 38.23801765407552, 65.519427629955317, 4.999996489776549 ], [ 38.266586966456089, 65.517668201788183, 4.999996489776549 ], [ 38.266586966456089, 65.517668201788183, 4.999996489776549 ], [ 38.296307032906043, 65.504364679716673, 4.999996489776549 ], [ 38.372748380228586, 65.509222018874425, 4.999996489776549 ], [ 38.372748380243138, 65.509222018874425, 4.999996489776549 ], [ 38.39664658042966, 65.509710894806631, 4.999996489776549 ], [ 38.415500225040887, 65.509465759951127, 4.999996489776549 ], [ 38.415500225040887, 65.509465759951127, 4.999996489776549 ], [ 38.449212978051946, 65.504130757002713, 4.999996489776549 ], [ 38.449212978051946, 65.504130757002713, 4.999996489776549 ], [ 38.516381127123168, 65.502876989095967, 4.999996489776549 ], [ 38.545377907852526, 65.503280871103925, 4.999996489776549 ], [ 38.545377907867078, 65.503280871103925, 4.999996489776549 ], [ 38.56554843894628, 65.502363390987739, 4.999996489776549 ], [ 38.644786187840509, 65.49423617454886, 4.999996489776549 ], [ 38.644786187869613, 65.494236174537946, 4.999996489776549 ], [ 38.686693002317043, 65.489697718454408, 4.999996489776549 ], [ 38.711110999680386, 65.48658465538756, 4.999996489776549 ], [ 38.711110999694938, 65.48658465538756, 4.999996489776549 ], [ 38.797364059399115, 65.478284360589896, 4.999996489776549 ], [ 38.797364059399115, 65.478284360589896, 4.999996489776549 ], [ 38.852976993810444, 65.46888343111641, 4.999996489776549 ], [ 38.852976993821358, 65.46888343111641, 4.999996489776549 ], [ 38.905997849880805, 65.459358845277166, 4.999996489776549 ], [ 38.953168757016101, 65.450670723272196, 4.999996489776549 ], [ 39.01161829519333, 65.43930675863885, 4.999996489776549 ], [ 39.052965538408898, 65.427165149780194, 4.999996489776549 ], [ 39.121002636260528, 65.401205268284684, 4.999996489776549 ], [ 39.139937321207981, 65.394245495990617, 4.999996489776549 ], [ 39.196321784940665, 65.37593409276451, 4.999996489776549 ], [ 39.217704918250092, 65.364229277711274, 4.999996489776549 ], [ 39.225965669251309, 65.359527177763084, 4.999996489776549 ], [ 39.258670855280798, 65.328458618001605, 4.999996489776549 ], [ 39.300810445078241, 65.284206065040053, 4.999996489776549 ], [ 39.308531794806186, 65.280632984176918, 4.999996489776549 ], [ 39.303004979570687, 65.264959892490879, 5.011796489776543 ], [ 39.285837437029841, 65.216275712366041, 4.999996489776549 ], [ 39.271758466751635, 65.192053073216812, 4.999996489776549 ], [ 39.225445886771922, 65.153110580529756, 5.038396489776687 ], [ 39.215224416613637, 65.144515733794833, 5.044096489776621 ], [ 39.164340424489637, 65.101729313959368, 5.038396489776687 ], [ 39.156092117540538, 65.094793625346938, 5.036996489776584 ], [ 39.125954289531364, 65.069451868374017, 4.999996489776549 ], [ 39.092048773840361, 65.077734164409776, 4.999996489776549 ], [ 39.070112347362738, 65.065464682011225, 4.999996489776549 ], [ 39.021098800367326, 65.046915919865569, 4.999996489776549 ], [ 39.021098800367326, 65.046915919872845, 4.999996489776549 ], [ 38.981981871609605, 65.050724633827485, 4.999996489776549 ], [ 38.981981871609605, 65.050724633827485, 4.999996489776549 ], [ 38.95848431783088, 65.059124507435627, 4.999996489776549 ], [ 38.908103290559666, 65.073147644161509, 4.999996489776549 ], [ 38.863051532633108, 65.076570584402361, 4.999996489776549 ], [ 38.852308446515963, 65.078882186808187, 4.999996489776549 ], [ 38.799595615811995, 65.090288466999482, 4.999996489776549 ], [ 38.75677890103907, 65.105377326293819, 4.999996489776549 ], [ 38.751464392000344, 65.10987134066454, 4.999996489776549 ], [ 38.73930810420643, 65.109901958134287, 4.999996489776549 ], [ 38.695544846916164, 65.118890520509012, 4.999996489776549 ], [ 38.622978697538201, 65.139942488814995, 4.999996489776549 ], [ 38.590215620297386, 65.147949351263378, 4.999996489776549 ], [ 38.556036886795482, 65.153632804609515, 4.999996489776549 ], [ 38.54559002494716, 65.162844350594241, 4.999996489776549 ], [ 38.54559002494716, 65.162844350605155, 4.999996489776549 ], [ 38.520326423080405, 65.16953674989054, 4.999996489776549 ], [ 38.493174515329883, 65.173373905727203, 4.999996489776549 ], [ 38.472184946316702, 65.182703881444468, 4.999996489776549 ], [ 38.458873402531026, 65.184566396874288, 4.999996489776549 ], [ 38.384762111279997, 65.214232404228824, 4.999996489776549 ], [ 38.364866545634868, 65.219196913505584, 4.999996489776549 ], [ 38.300550458054204, 65.248004534798383, 4.999996489776549 ], [ 38.300550458054204, 65.248004534798383, 4.999996489776549 ], [ 38.290637931651872, 65.254433978971065, 4.999996489776549 ], [ 38.281847462356382, 65.257009205684881, 4.999996489776549 ], [ 38.204384336095245, 65.297919255324814, 4.999996489776549 ], [ 38.199789207617869, 65.297760132729309, 4.999996489776549 ], [ 38.13488302438418, 65.300946304942045, 4.999996489776549 ], [ 38.115151526857517, 65.306833842540073, 4.999996489776549 ], [ 38.096175538972602, 65.316608938708669, 4.999996489776549 ], [ 38.014983451997978, 65.357370044894196, 4.999996489776549 ], [ 38.006626687645621, 65.357263293120923, 4.999996489776549 ], [ 37.923211079301836, 65.37901990177852, 4.999996489776549 ], [ 37.905768424185226, 65.385657930350135, 4.999996489776549 ], [ 37.900158773783915, 65.394357989647688, 5.008296489776512 ], [ 37.891045155905886, 65.408492384882265, 4.999996489776549 ], [ 37.891045155891334, 65.408492384893179, 4.999996489776549 ], [ 37.885583783543552, 65.447351827522652, 4.999996489776549 ], [ 37.938209080424713, 65.459301341365062, 4.999996489776549 ], [ 37.938209080424713, 65.459301341365062, 4.999996489776549 ], [ 37.986393050661718, 65.473921155979042, 4.999996489776549 ], [ 37.986393050661718, 65.473921155979042, 4.999996489776549 ], [ 38.039025100621075, 65.496471010057576, 4.999996489776549 ], [ 38.039025100621075, 65.496471010057576, 4.999996489776549 ], [ 38.092419929296739, 65.501969995129912, 4.999996489776549 ], [ 38.092419929296739, 65.501969995129912, 4.999996489776549 ], [ 38.14417279015106, 65.520164272365946, 4.999996489776549 ] ] ] ] } },
{ "type": "Feature", "properties": { "gid": 31, "objectid": 31.0, "shape_leng": 1.8382070716400001, "shape_area": 0.030351074731500002, "z_mean": 1.17995699875 }, "geometry": { "type": "MultiPolygon", "coordinates": [ [ [ [ 39.749121094002476, 65.447949219000293, 0.372996489776597 ], [ 39.750003859444405, 65.446179283102538, 0.359696489776525 ], [ 39.772596193368372, 65.400881878889777, 0.627296489776654 ], [ 39.798046875006548, 65.34985351600335, 1.209896489776611 ], [ 39.830027314579638, 65.318967644838267, 1.823496489776517 ], [ 39.839554330974352, 65.309766701859189, 1.917196489776643 ], [ 39.842041537769546, 65.307364622662135, 1.999996489776549 ], [ 39.839759195518127, 65.297005736396386, 1.999996489776549 ], [ 39.839759195518127, 65.297005736396386, 1.999996489776549 ], [ 39.835752576764207, 65.294748371677997, 1.999996489776549 ], [ 39.835752576764207, 65.294748371645255, 1.999996489776549 ], [ 39.832500874661491, 65.280377536175365, 1.999996489776549 ], [ 39.783105533395428, 65.282241348755633, 1.999996489776549 ], [ 39.76172552301432, 65.296513810390024, 1.999996489776549 ], [ 39.729192242521094, 65.309207962651271, 1.999996489776549 ], [ 39.696454135941167, 65.329717361822986, 1.999996489776549 ], [ 39.679022157684813, 65.353114921428642, 1.999996489776549 ], [ 39.67108955339063, 65.376658041921473, 1.999996489776549 ], [ 39.664164013534901, 65.418312536563462, 1.999996489776549 ], [ 39.701420050481829, 65.43386219052627, 1.999996489776549 ], [ 39.715161991454806, 65.413777839996328, 1.999996489776549 ], [ 39.715161991480272, 65.41377783995631, 1.999996489776549 ], [ 39.704808766458882, 65.448871138083632, 1.999996489776549 ], [ 39.714758388225164, 65.495300431306532, 1.999996489776549 ], [ 39.713272960922041, 65.547125018707447, 1.999996489776549 ], [ 39.733409004915302, 65.571580048086616, 1.999996489776549 ], [ 39.733409004915302, 65.571580048086616, 1.999996489776549 ], [ 39.757261897335411, 65.588959482065547, 1.999996489776549 ], [ 39.790533651783335, 65.604627110755246, 1.999996489776549 ], [ 39.8259804793488, 65.624598169350065, 1.999996489776549 ], [ 39.912020870331617, 65.635930631302472, 1.999996489776549 ], [ 39.912020870357082, 65.635930631302472, 1.999996489776549 ], [ 39.913183762459084, 65.636300166916044, 1.999996489776549 ], [ 39.980397214989353, 65.66009385225334, 1.999996489776549 ], [ 40.010586992812023, 65.667777457751072, 1.999996489776549 ], [ 40.010586992826575, 65.667777457751072, 1.999996489776549 ], [ 40.078637356466061, 65.682223026040447, 1.999996489776549 ], [ 40.078637356466061, 65.682223026040447, 1.999996489776549 ], [ 40.103670294240146, 65.689843711861613, 1.999996489776549 ], [ 40.15393776880228, 65.711538093204581, 1.999996489776549 ], [ 40.187665436573297, 65.725098222566885, 1.999996489776549 ], [ 40.246439882390405, 65.730392380162812, 1.999996489776549 ], [ 40.246328375331359, 65.727200293149508, 1.999996489776549 ], [ 40.232822740133997, 65.723139058896777, 1.618196489776665 ], [ 40.191375142559991, 65.710675490896392, 1.064996489776604 ], [ 40.176552769662521, 65.706218304869253, 1.153296489776494 ], [ 40.104567207934451, 65.684571768102614, 1.68229648977649 ], [ 40.089062134502456, 65.679909289487114, 1.685596489776572 ], [ 40.012404522432917, 65.656857836143899, 1.214696489776543 ], [ 40.005368410256779, 65.654742030459602, 1.192296489776709 ], [ 39.981965756327554, 65.647704696912115, 1.263296489776621 ], [ 39.912813599734363, 65.626910183895234, 1.959396489776509 ], [ 39.911357173430588, 65.626472226835176, 1.972796489776556 ], [ 39.834839333812852, 65.603462803985167, 0.011896489776518 ], [ 39.827821035283705, 65.601352354984556, -0.000003510223451 ], [ 39.816503906004073, 65.597949219005386, 0.244896489776693 ], [ 39.814077463430294, 65.593609104096686, -0.000003510223451 ], [ 39.781152344003203, 65.534716797003057, 0.259396489776691 ], [ 39.779855926695745, 65.531205008061079, 0.277296489776518 ], [ 39.771486176181497, 65.508532680854842, 0.226196489776612 ], [ 39.749511109770538, 65.449005709888297, 0.347096489776504 ], [ 39.749121094002476, 65.447949219000293, 0.372996489776597 ] ] ] ] } },
{ "type": "Feature", "properties": { "gid": 32, "objectid": 32.0, "shape_leng": 0.16929822349099999, "shape_area": 0.000833078734164, "z_mean": 0.57551815818499996 }, "geometry": { "type": "MultiPolygon", "coordinates": [ [ [ [ 40.327832031005528, 65.751708984003926, 0.492396489776638 ], [ 40.309085360546305, 65.746071735622536, 0.999996489776549 ], [ 40.310933414100873, 65.752841999648808, 0.999996489776549 ], [ 40.310933414100873, 65.752841999648808, 0.999996489776549 ], [ 40.32692087720352, 65.769795649059233, 0.999996489776549 ], [ 40.32692087720352, 65.769795649059233, 0.999996489776549 ], [ 40.352303432453482, 65.777958332673734, 0.999996489776549 ], [ 40.383182669396774, 65.779267406393046, 0.999996489776549 ], [ 40.357213400304317, 65.766337617184035, 0.148396489776587 ], [ 40.347153661237826, 65.761328993135976, -0.000003510223451 ], [ 40.327832031005528, 65.751708984003926, 0.492396489776638 ] ] ] ] } },
{ "type": "Feature", "properties": { "gid": 33, "objectid": 33.0, "shape_leng": 0.32451429379899999, "shape_area": 0.0019960299925400001, "z_mean": 1.5251753561900001 }, "geometry": { "type": "MultiPolygon", "coordinates": [ [ [ [ 40.309085360546305, 65.746071735622536, 0.999996489776549 ], [ 40.272150021453854, 65.734965033720073, 1.999996489776549 ], [ 40.274016828199819, 65.741803999280819, 1.999996489776549 ], [ 40.305991754416027, 65.775711298105307, 1.999996489776549 ], [ 40.305991754416027, 65.775711298105307, 1.999996489776549 ], [ 40.356756864905037, 65.792036665334308, 1.999996489776549 ], [ 40.413675970183249, 65.794449657001678, 1.999996489776549 ], [ 40.383182669396774, 65.779267406393046, 0.999996489776549 ], [ 40.352303432453482, 65.777958332673734, 0.999996489776549 ], [ 40.32692087720352, 65.769795649059233, 0.999996489776549 ], [ 40.32692087720352, 65.769795649059233, 0.999996489776549 ], [ 40.310933414100873, 65.752841999648808, 0.999996489776549 ], [ 40.310933414115425, 65.752841999648808, 0.999996489776549 ], [ 40.309085360546305, 65.746071735622536, 0.999996489776549 ] ] ] ] } },
{ "type": "Feature", "properties": { "gid": 12, "objectid": 12.0, "shape_leng": 11.3549316405, "shape_area": 0.31225537357499999, "z_mean": 0.57770770546899997 }, "geometry": { "type": "MultiPolygon", "coordinates": [ [ [ [ 36.624218749999272, 64.750537109004654, 0.289796489776563 ], [ 36.681025256268185, 64.724981826882868, 0.948096489776617 ], [ 36.686570601483254, 64.722487167891813, 0.964696489776543 ], [ 36.749715169135015, 64.694080611199752, 0.586396489776689 ], [ 36.752813602848619, 64.69268673305487, 0.593696489776676 ], [ 36.769335938002769, 64.685253906005528, 0.494696489776516 ], [ 36.835272080927098, 64.637559462567879, 0.112996489776606 ], [ 36.87434753440175, 64.60929450918411, 0.08359648977671 ], [ 36.899407300836174, 64.591167704074905, 0.090196489776645 ], [ 36.948209891157603, 64.555866694936412, 0.119196489776641 ], [ 36.953188934163336, 64.552265139333031, 0.119696489776516 ], [ 37.00820425978236, 64.512470191981265, 0.220996489776553 ], [ 37.011982465901383, 64.509737253258209, 0.221496489776655 ], [ 37.040429688000586, 64.4891601560048, 0.241296489776687 ], [ 37.069161441071628, 64.472982631803461, 0.258796489776614 ], [ 37.183691406000435, 64.408496094005386, 0.016596489776703 ], [ 37.191939352724148, 64.406114537450776, -0.000003510223451 ], [ 37.289550781002617, 64.377929687998403, 0.274696489776488 ], [ 37.316764471230272, 64.377085190481012, 0.347496489776631 ], [ 37.415235430176836, 64.374029431382951, 0.579096489776703 ], [ 37.429589843999565, 64.373583984004654, 0.563096489776626 ], [ 37.436347365095571, 64.374092124136951, 0.574096489776593 ], [ 37.447204298227007, 64.374908524609054, 0.776496489776491 ], [ 37.453645858739037, 64.375392905691115, 0.787596489776661 ], [ 37.529420256130834, 64.381090854913054, 0.156296489776651 ], [ 37.555973595157411, 64.383087565976894, -0.000003510223451 ], [ 37.59676434679568, 64.386154876836372, 0.275796489776667 ], [ 37.619362738507334, 64.387854190761573, 0.206896489776682 ], [ 37.640069347784447, 64.38941124977282, 0.292496489776568 ], [ 37.684767773411295, 64.392772402992705, 0.240096489776533 ], [ 37.706114808192069, 64.394377619584702, 0.326796489776598 ], [ 37.713737604924972, 64.394950825182605, 0.323496489776517 ], [ 37.728097340524982, 64.39603062320748, 0.303696489776712 ], [ 37.740625000005821, 64.396972656006255, 0.275296489776565 ], [ 37.777462913891213, 64.385998173351254, 0.282696489776527 ], [ 37.786355963246024, 64.383348820945685, 0.284496489776529 ], [ 37.843554688006407, 64.366308594002476, 0.02539648977654 ], [ 37.849999129928619, 64.363606270413584, -0.000003510223451 ], [ 37.915972700793645, 64.335941821071174, -0.000003510223451 ], [ 37.930912139250722, 64.329677322537464, 0.00629648977656 ], [ 37.953710937999858, 64.320117188002769, 0.006896489776636 ], [ 37.954864653300319, 64.314550511680864, -0.000003510223451 ], [ 37.965575653593987, 64.262869935042545, 0.336296489776714 ], [ 37.977148438003496, 64.20703125, 0.221996489776529 ], [ 37.982559906286042, 64.199650280585047, 0.158996489776655 ], [ 38.010721050937718, 64.161239901532099, -0.000003510223451 ], [ 38.041557330525393, 64.119180773555854, 0.411496489776709 ], [ 38.06220703100189, 64.09101562500291, 0.515596489776499 ], [ 38.063721935628564, 64.079524729131663, 0.536696489776659 ], [ 38.063962810632802, 64.077697637458186, 0.52129648977666 ], [ 38.064143420739128, 64.076327668779413, 0.522196489776661 ], [ 38.069614947988157, 64.034824890950404, 0.512096489776695 ], [ 38.069946693038219, 64.032308529371221, 0.520996489776508 ], [ 38.070179962134716, 64.030539130279067, 0.514596489776523 ], [ 38.070800780998979, 64.025830078004219, 0.510696489776592 ], [ 38.058830356592807, 64.016900573398743, 0.515496489776524 ], [ 38.026332317927881, 63.99265820938308, 0.576496489776673 ], [ 37.993638320898754, 63.968269667500863, 0.269196489776505 ], [ 37.980723519089224, 63.958635691433301, 0.160396489776531 ], [ 37.967968750006548, 63.949121094003203, 0.134796489776591 ], [ 37.945053733856184, 63.945282862408931, 0.167596489776543 ], [ 37.89359344598779, 63.936663339663937, 0.24089648977656 ], [ 37.874662491489289, 63.933492432548519, 0.345496489776679 ], [ 37.79978986533024, 63.920951377473102, 0.50999648977654 ], [ 37.785814947677864, 63.918610599263047, 0.413796489776587 ], [ 37.763481544912793, 63.91486978705143, 0.281596489776575 ], [ 37.728460834750877, 63.909003869466687, 0.451796489776598 ], [ 37.670623462337971, 63.899316194409039, 0.399396489776564 ], [ 37.667316571161791, 63.898762294989865, 0.369496489776566 ], [ 37.656241847635101, 63.896907295034907, 0.330096489776679 ], [ 37.635351563003496, 63.893408202999126, 0.40889648977668 ], [ 37.61453298377819, 63.884782911973161, 0.491696489776587 ], [ 37.582555123204656, 63.871534248311946, 0.352996489776615 ], [ 37.570713226359658, 63.866628063045937, 0.255596489776508 ], [ 37.542567885233439, 63.854967240487895, 0.539396489776664 ], [ 37.522169261101226, 63.846515939956589, 0.821296489776614 ], [ 37.514891789465764, 63.843500829745608, 0.836096489776537 ], [ 37.492113913864159, 63.834063787762716, 0.699496489776493 ], [ 37.450126939867914, 63.816668274535914, -0.000003510223451 ], [ 37.442187500000728, 63.8133789060048, -0.000003510223451 ], [ 37.418424779258203, 63.814531949541561, -0.000003510223451 ], [ 37.380377876939747, 63.816378107450873, -0.000003510223451 ], [ 37.372753906005528, 63.816748047003784, -0.000003510223451 ], [ 37.322385609815683, 63.828501886651793, -0.000003510223451 ], [ 37.288751661006245, 63.836350634199334, 0.209196489776559 ], [ 37.260738624238002, 63.842887697530387, 0.446696489776514 ], [ 37.230967760500789, 63.849834963672038, 0.466796489776698 ], [ 37.163391430862248, 63.865604433813132, 0.14369648977663 ], [ 37.088903445281176, 63.882986793443706, -0.000003510223451 ], [ 37.049312817678583, 63.892225579016667, 0.150896489776642 ], [ 37.034003344182565, 63.895798165547603, 0.26889648977658 ], [ 37.021132516154466, 63.898801674906281, 0.38109648977661 ], [ 36.975195312999858, 63.909521484001743, 0.720596489776653 ], [ 36.974258790149179, 63.909648825923796, 0.725596489776535 ], [ 36.924379742769815, 63.916431034809648, 0.475096489776661 ], [ 36.898108929904993, 63.920003158775216, 0.334796489776636 ], [ 36.830687842390034, 63.929170613311726, 0.609896489776702 ], [ 36.825103662180481, 63.929929911621002, 0.647896489776713 ], [ 36.780630170538643, 63.935977110319072, 0.754196489776632 ], [ 36.747204378658353, 63.940522118991794, 0.839296489776643 ], [ 36.743727358658361, 63.940994900189253, 0.836996489776539 ], [ 36.729862745160062, 63.942880114725995, 0.857596489776597 ], [ 36.713769531001162, 63.945068359000288, 0.875896489776551 ], [ 36.682590033444285, 63.950231481299852, 0.918696489776494 ], [ 36.670478239793738, 63.952237115667231, 0.916496489776591 ], [ 36.628435087350226, 63.959199188655475, 0.837196489776488 ], [ 36.602321810511057, 63.963523377704405, 0.423396489776678 ], [ 36.565155357351614, 63.969677900971874, 0.410196489776581 ], [ 36.517629253605264, 63.97754791508487, 0.533496489776553 ], [ 36.4879619764979, 63.9824606234979, 0.364596489776659 ], [ 36.459347327861906, 63.987199023467838, 0.283996489776655 ], [ 36.428077078242495, 63.992377173719433, 0.267196489776552 ], [ 36.401695738488343, 63.99674575224708, 0.121296489776569 ], [ 36.364941405998252, 64.002832031001162, 0.154996489776522 ], [ 36.36180819238507, 64.004401066678838, 0.163496489776662 ], [ 36.349034058428515, 64.01079803616085, 0.196796489776489 ], [ 36.314832232281333, 64.02792546247656, 0.051496489776582 ], [ 36.301953124999272, 64.034374999999272, 0.146896489776509 ], [ 36.29841944628788, 64.037889811712375, 0.177596489776533 ], [ 36.284258302395756, 64.051975346494146, 0.233696489776548 ], [ 36.267740911625879, 64.068404547699174, 0.437196489776625 ], [ 36.249631498638337, 64.086417270995298, 0.195396489776613 ], [ 36.226487160056422, 64.109438037434302, 0.18229648977649 ], [ 36.205294317162043, 64.130517727600818, 0.355496489776669 ], [ 36.182309564184834, 64.153379760504322, 0.627096489776704 ], [ 36.162827764106623, 64.172757543448824, 0.774896489776665 ], [ 36.146484375003638, 64.189013672003057, 0.784596489776504 ], [ 36.129181069660262, 64.196365246461937, 0.589796489776518 ], [ 36.09701682191735, 64.210030720041686, 0.377496489776604 ], [ 36.065817362123198, 64.223286288681265, 0.533296489776603 ], [ 36.046193824520742, 64.231623649367975, 0.471196489776503 ], [ 36.025011858371727, 64.240623132314795, 0.309396489776645 ], [ 36.004604839712556, 64.249293366941856, 0.346996489776529 ], [ 35.998783067167096, 64.251766836219758, 0.360896489776678 ], [ 35.995645272811089, 64.253099976245721, 0.367396489776638 ], [ 35.959163325536792, 64.268599890645419, 0.3272964897767 ], [ 35.929843162361067, 64.28105701131426, 0.408796489776705 ], [ 35.914334728946415, 64.287646006923751, 0.55339648977656 ], [ 35.860256924646819, 64.310621790842561, 0.081696489776505 ], [ 35.849763858397637, 64.315079930853244, 0.071596489776539 ], [ 35.802050780999707, 64.335351563000586, 0.192096489776532 ], [ 35.799118519938929, 64.336164540240134, 0.195096489776688 ], [ 35.763127516911482, 64.346143142262008, 0.197196489776616 ], [ 35.710567416383128, 64.360715570961474, 0.097196489776707 ], [ 35.691024269814079, 64.366133960706065, 0.071896489776691 ], [ 35.671758778982621, 64.371475369662221, 0.32529648977652 ], [ 35.651757104289572, 64.377020887564868, 0.241496489776637 ], [ 35.647070313003496, 64.378320313000586, 0.252596489776579 ], [ 35.609849934600788, 64.372860648018104, 0.26259648977657 ], [ 35.595489748266118, 64.370754226489225, 0.282196489776652 ], [ 35.534526623509009, 64.361811860733724, 0.304496489776511 ], [ 35.50552589790459, 64.35755789414543, 0.391996489776602 ], [ 35.470760559281189, 64.352458346256753, 0.666196489776667 ], [ 35.442186156422395, 64.348266914756096, 0.399396489776564 ], [ 35.432031250002183, 64.346777344002476, 0.363696489776657 ], [ 35.37917853570616, 64.352411478092108, 0.3439964897766 ], [ 35.374902250667219, 64.352867332891037, 0.358796489776523 ], [ 35.373109916647081, 64.353058396874985, 0.348496489776608 ], [ 35.369625226361677, 64.353429867147497, 0.33379648977666 ], [ 35.307106084157567, 64.360094448802556, 0.292996489776669 ], [ 35.2840820310048, 64.362548828008585, 0.252096489776704 ], [ 35.226316735854198, 64.380590560438577, 0.350996489776662 ], [ 35.221082145184482, 64.382225470882986, 0.35959648977655 ], [ 35.218502648782305, 64.383031120425585, 0.336396489776689 ], [ 35.216770356910274, 64.38357216408258, 0.336896489776564 ], [ 35.169607777941565, 64.398302368925215, 0.473596489776583 ], [ 35.131523643351102, 64.410197119301301, 0.464596489776568 ], [ 35.111365191780351, 64.416493172815535, 0.435596489776572 ], [ 35.093964234925807, 64.421927982883062, 0.503796489776505 ], [ 35.035351563004951, 64.440234375000728, 0.557696489776617 ], [ 35.03316503705355, 64.441813747260312, 0.561996489776675 ], [ 35.010150507434446, 64.458437610959663, 0.251996489776502 ], [ 34.994026710388425, 64.470084158125246, 0.437796489776701 ], [ 34.974123218769819, 64.484460855692305, 0.657796489776501 ], [ 34.973267618177488, 64.485078873436578, 0.650996489776617 ], [ 34.965030399212992, 64.491028784552327, 0.613496489776708 ], [ 34.942383496003458, 64.507387104211375, 0.453896489776525 ], [ 34.924358093721821, 64.520407219588378, 0.719696489776652 ], [ 34.910258793748653, 64.530591431252105, 0.999996489776549 ], [ 34.922230571475666, 64.53151524961504, 0.999996489776549 ], [ 34.928284306399291, 64.530574602529668, 0.999996489776549 ], [ 34.976362770492415, 64.563747706528375, 0.999996489776549 ], [ 34.984951700218517, 64.518237128537294, 0.999996489776549 ], [ 34.995441717637732, 64.503941105078411, 0.999996489776549 ], [ 35.000877838145243, 64.491239170791232, 0.999996489776549 ], [ 35.010667076487152, 64.488596331437293, 0.999996489776549 ], [ 35.028607413310965, 64.484007795916114, 0.999996489776549 ], [ 35.072719374787994, 64.490056849263055, 0.999996489776549 ], [ 35.088005891331704, 64.489039975436754, 0.999996489776549 ], [ 35.128228937552194, 64.466497967132455, 0.999996489776549 ], [ 35.197310396153625, 64.467520597110706, 0.999996489776549 ], [ 35.21263510913559, 64.472259593316267, 0.999996489776549 ], [ 35.232099989461858, 64.456989414858981, 0.999996489776549 ], [ 35.255148531941813, 64.433108520519454, 0.999996489776549 ], [ 35.266420646556071, 64.410787166772934, 0.999996489776549 ], [ 35.292568678276439, 64.405200609122403, 0.999996489776549 ], [ 35.327612144406885, 64.403605082112335, 0.999996489776549 ], [ 35.365108806654462, 64.408018949397956, 0.999996489776549 ], [ 35.374979438984155, 64.401852979353862, 0.999996489776549 ], [ 35.394606624449807, 64.380641737581755, 0.999996489776549 ], [ 35.445993075885781, 64.385672727472411, 0.999996489776549 ], [ 35.4946728664072, 64.418859363577212, 0.999996489776549 ], [ 35.499754611220851, 64.423713467360358, 0.999996489776549 ], [ 35.506774158537155, 64.427114235157205, 0.999996489776549 ], [ 35.511095678069978, 64.424288842034002, 0.999996489776549 ], [ 35.535778528072115, 64.407846842645085, 0.999996489776549 ], [ 35.57983931542185, 64.417815881955903, 0.999996489776549 ], [ 35.599448564975319, 64.423721875213232, 0.999996489776549 ], [ 35.646081255032186, 64.425795893166651, 0.999996489776549 ], [ 35.646081255039462, 64.425795893166651, 0.999996489776549 ], [ 35.684525271844905, 64.424556510333787, 0.999996489776549 ], [ 35.696327818481222, 64.433295824601373, 0.999996489776549 ], [ 35.705533091218967, 64.42018873629786, 0.999996489776549 ], [ 35.773219645434438, 64.4111862184036, 0.999996489776549 ], [ 35.798780233759317, 64.409549108360807, 0.999996489776549 ], [ 35.858333406958991, 64.407376172523072, 0.999996489776549 ], [ 35.892151252795884, 64.39331053722708, 0.999996489776549 ], [ 35.939811449741683, 64.377007528437389, 0.874996489776549 ], [ 35.963003303433652, 64.369074346897833, 0.907196489776652 ], [ 36.016050575359259, 64.350928594343713, 0.999996489776549 ], [ 36.051413417997537, 64.344318479521462, 0.999996489776549 ], [ 36.065051614528784, 64.326002491492545, 0.999996489776549 ], [ 36.114008475473383, 64.319754642059706, 0.999996489776549 ], [ 36.11792360533218, 64.319502190151979, 0.932996489776542 ], [ 36.123709169452923, 64.319129130573856, 0.999996489776549 ], [ 36.128924527965864, 64.31021232164494, 0.999996489776549 ], [ 36.113692428873037, 64.303809525965335, 0.999996489776549 ], [ 36.085735209999257, 64.276375761746749, 0.999996489776549 ], [ 36.085735209999257, 64.276375761739473, 0.999996489776549 ], [ 36.091802297945833, 64.255146406627318, 0.999996489776549 ], [ 36.118644672813389, 64.220898944571672, 0.999996489776549 ], [ 36.118644672820665, 64.220898944564397, 0.999996489776549 ], [ 36.138890333986637, 64.206710277561797, 0.999996489776549 ], [ 36.152176441497431, 64.193872870069754, 0.999996489776549 ], [ 36.198681012705492, 64.173347730411479, 0.999996489776549 ], [ 36.212258678100625, 64.17011348939559, 0.999996489776549 ], [ 36.249851651766221, 64.146627417885611, 0.999996489776549 ], [ 36.283626105850999, 64.132230635921587, 0.999996489776549 ], [ 36.283626105858275, 64.132230635914311, 0.999996489776549 ], [ 36.294472887810116, 64.145815334926738, 0.999996489776549 ], [ 36.294472887817392, 64.145815334934014, 0.999996489776549 ], [ 36.305157437211165, 64.132955938701343, 0.999996489776549 ], [ 36.341680995796196, 64.142052120085282, 0.999996489776549 ], [ 36.357510948248091, 64.164011456054141, 0.999996489776549 ], [ 36.361706696665351, 64.20227075672301, 0.999996489776549 ], [ 36.387147741370427, 64.2027783204976, 0.905496489776624 ], [ 36.41135619218403, 64.203261293292599, 1.055296489776538 ], [ 36.41749106538191, 64.203383687614405, 1.050696489776556 ], [ 36.422821225853113, 64.183266910327802, 0.809796489776545 ], [ 36.428590258459735, 64.161493767707725, 0.999996489776549 ], [ 36.404492097986804, 64.154702532952797, 0.999996489776549 ], [ 36.400419656602025, 64.137717428384349, 0.999996489776549 ], [ 36.407495129504241, 64.134777940977074, 0.999996489776549 ], [ 36.421075548791123, 64.104083411915781, 0.999996489776549 ], [ 36.426843726192601, 64.095370267914404, 0.999996489776549 ], [ 36.446171526571561, 64.089628978184919, 0.999996489776549 ], [ 36.466648146364605, 64.092719771542761, 0.999996489776549 ], [ 36.478177849643544, 64.084825039622956, 0.999996489776549 ], [ 36.47365311604517, 64.047184461465804, 0.999996489776549 ], [ 36.478501220673934, 64.031726138713566, 0.999996489776549 ], [ 36.482563021541864, 64.030229377232899, 0.999996489776549 ], [ 36.500039972739614, 64.020333303560619, 0.999996489776549 ], [ 36.541565319519577, 64.004656429464376, 0.999996489776549 ], [ 36.611137121570209, 63.982992532979551, 0.999996489776549 ], [ 36.611137121581123, 63.982992532979551, 0.999996489776549 ], [ 36.617551920178812, 63.981847460185236, 0.999996489776549 ], [ 36.618442937055079, 63.980821978162567, 0.999996489776549 ], [ 36.618442937069631, 63.980821978144377, 0.999996489776549 ], [ 36.637042705366184, 63.973883820479386, 0.999996489776549 ], [ 36.637042705388012, 63.973883820468473, 0.999996489776549 ], [ 36.675543993129395, 63.964151253851014, 0.999996489776549 ], [ 36.708918987980724, 63.966694470458606, 0.999996489776549 ], [ 36.742306597483548, 63.964769413116301, 0.964096489776693 ], [ 36.797404804565303, 63.961592569685308, 1.025096489776615 ], [ 36.812440105888527, 63.960725666733197, 0.999996489776549 ], [ 36.812440105888527, 63.960725666733197, 0.999996489776549 ], [ 36.834555487559555, 63.959773727452557, 0.804396489776536 ], [ 36.877885760532081, 63.957908609783772, 1.051296489776632 ], [ 36.898795649485692, 63.957008559988026, 0.999996489776549 ], [ 36.898795649492968, 63.957008559988026, 0.999996489776549 ], [ 36.926689302501472, 63.95217297695126, 0.601196489776612 ], [ 37.003853909740428, 63.938795888429013, 0.94749648977654 ], [ 37.015691408942075, 63.936743765301799, 0.999996489776549 ], [ 37.018865233560064, 63.931815698033461, 0.999996489776549 ], [ 37.02257301827558, 63.92756730164183, 0.999996489776549 ], [ 37.057472353451885, 63.933443221605557, 0.999996489776549 ], [ 37.089880588322558, 63.937693204410607, 0.999996489776549 ], [ 37.089880588329834, 63.937693204410607, 0.999996489776549 ], [ 37.116224398745544, 63.937795557492791, 0.711196489776512 ], [ 37.143698026440688, 63.937902300232963, 0.999996489776549 ], [ 37.155520752483426, 63.935441539357271, 0.999996489776549 ], [ 37.176011352923524, 63.938610329460062, 0.999996489776549 ], [ 37.241984571312059, 63.934443162263051, 0.999996489776549 ], [ 37.241984571312059, 63.934443162263051, 0.999996489776549 ], [ 37.262169052646641, 63.92655201933303, 0.999996489776549 ], [ 37.262169052661193, 63.926552019325754, 0.999996489776549 ], [ 37.276488326511753, 63.932196315046895, 0.999996489776549 ], [ 37.320220669218543, 63.929575652167841, 0.999996489776549 ], [ 37.320220669218543, 63.929575652167841, 0.999996489776549 ], [ 37.351278466478107, 63.902538535421627, 0.999996489776549 ], [ 37.373033149979165, 63.871832790675398, 0.999996489776549 ], [ 37.401414007475978, 63.866884302933613, 0.999996489776549 ], [ 37.401414007475978, 63.866884302933613, 0.999996489776549 ], [ 37.461896580785833, 63.860571784633066, 0.999996489776549 ], [ 37.482259767388314, 63.852539722189249, 0.999996489776549 ], [ 37.499288343773514, 63.853189398370887, 0.999996489776549 ], [ 37.515382434183266, 63.863838104593015, 0.999996489776549 ], [ 37.524409370624198, 63.897177746031957, 0.999996489776549 ], [ 37.573685553623363, 63.911834725789959, 0.999996489776549 ], [ 37.593384789059201, 63.92566987471946, 0.999996489776549 ], [ 37.609962011367315, 63.94066837893115, 0.999996489776549 ], [ 37.609962011378229, 63.940668378938426, 0.999996489776549 ], [ 37.641118074461701, 63.940079715106549, 0.999996489776549 ], [ 37.672144427731837, 63.938303924038337, 0.999996489776549 ], [ 37.69149542948071, 63.929970941670035, 0.999996489776549 ], [ 37.69149542948071, 63.929970941662759, 0.999996489776549 ], [ 37.693097057544946, 63.93030588045076, 0.999996489776549 ], [ 37.765203249244223, 63.967946128370386, 0.999996489776549 ], [ 37.783463555271737, 64.008295518040541, 0.999996489776549 ], [ 37.783463555286289, 64.008295518066006, 0.999996489776549 ], [ 37.795498365710955, 64.027142540639034, 0.999996489776549 ], [ 37.854436214511225, 64.025377301877597, 0.999996489776549 ], [ 37.874164964992815, 64.017326630968455, 0.999996489776549 ], [ 37.874164964992815, 64.017326630961179, 0.999996489776549 ], [ 37.88411742232347, 64.004470385145396, 0.999996489776549 ], [ 37.88411742232347, 64.00447038513812, 0.999996489776549 ], [ 37.90629017124229, 64.013724202941376, 0.999996489776549 ], [ 37.928934479390591, 64.020786163542653, 0.999996489776549 ], [ 37.966375173353299, 64.032890536651394, 0.999996489776549 ], [ 38.004634000120859, 64.04504110819471, 0.999996489776549 ], [ 38.004634000120859, 64.04504110819471, 0.999996489776549 ], [ 38.003697960579302, 64.06320715387119, 0.999996489776549 ], [ 37.979763682866178, 64.072167428792454, 0.999996489776549 ], [ 37.970468664119835, 64.087172740586539, 0.999996489776549 ], [ 37.970468664119835, 64.087172740579263, 0.999996489776549 ], [ 37.948973701790237, 64.125273917263257, 0.999996489776549 ], [ 37.917839800400543, 64.144064288342634, 0.999996489776549 ], [ 37.917839800400543, 64.144064288349909, 0.999996489776549 ], [ 37.896316573020158, 64.164066360222932, 0.999996489776549 ], [ 37.862872362806229, 64.201011935172573, 0.999996489776549 ], [ 37.86084098696665, 64.219469965897588, 0.999996489776549 ], [ 37.848299550732918, 64.260299555629899, 0.999996489776549 ], [ 37.848924382869882, 64.261832389598567, 0.999996489776549 ], [ 37.846687797071354, 64.262148283105489, 0.999996489776549 ], [ 37.793004081551771, 64.295922230448923, 0.999996489776549 ], [ 37.755686805572623, 64.313315571143903, 0.999996489776549 ], [ 37.755686805572623, 64.313315571143903, 0.999996489776549 ], [ 37.732640627509682, 64.325734950827609, 0.999996489776549 ], [ 37.708439367870596, 64.33467750118507, 0.999996489776549 ], [ 37.708439367870596, 64.334677501181432, 0.999996489776549 ], [ 37.67111317409217, 64.348904019781912, 0.999996489776549 ], [ 37.640007690773928, 64.351280973729445, 0.999996489776549 ], [ 37.575389206351247, 64.346773022338311, 0.999996489776549 ], [ 37.57112438717013, 64.344648613936442, 0.999996489776549 ], [ 37.568007729139936, 64.346048608364072, 0.999996489776549 ], [ 37.568007729139936, 64.346048608371348, 0.999996489776549 ], [ 37.562623298006656, 64.347404457763332, 0.999996489776549 ], [ 37.504575554761686, 64.35501935526554, 0.999996489776549 ], [ 37.460305200762377, 64.365710182872135, 0.999996489776549 ], [ 37.435623895704339, 64.361693516799278, 0.999996489776549 ], [ 37.385611707231874, 64.33174629927089, 0.999996489776549 ], [ 37.325781685733091, 64.330532890387985, 0.999996489776549 ], [ 37.288779128961323, 64.332500759817776, 0.999996489776549 ], [ 37.288779128961323, 64.332500759817776, 0.999996489776549 ], [ 37.242336342449562, 64.325948570844048, 0.999996489776549 ], [ 37.230431109219353, 64.341697465006291, 0.999996489776549 ], [ 37.191626904481382, 64.34962416217968, 0.999996489776549 ], [ 37.148509089460276, 64.364672841718857, 0.999996489776549 ], [ 37.1102127587219, 64.385037250329333, 0.999996489776549 ], [ 37.085802948393393, 64.395614675831894, 0.999996489776549 ], [ 37.051118097340805, 64.418388048125053, 0.999996489776549 ], [ 37.032179388115765, 64.431104452636646, 0.999996489776549 ], [ 36.995535835678311, 64.452093451869587, 0.999996489776549 ], [ 36.972674827648007, 64.466886427013378, 0.999996489776549 ], [ 36.936419488785759, 64.486625591340271, 0.999996489776549 ], [ 36.912098850960319, 64.50276069661777, 0.999996489776549 ], [ 36.882045102902339, 64.5247213761686, 0.999996489776549 ], [ 36.85584913081766, 64.542310862394515, 0.999996489776549 ], [ 36.829107074005151, 64.566842250962509, 0.999996489776549 ], [ 36.808581455828971, 64.583362475364993, 0.999996489776549 ], [ 36.778883462582598, 64.616510082800232, 0.999996489776549 ], [ 36.765127596496313, 64.625667106160108, 0.999996489776549 ], [ 36.741210424188466, 64.657452243813168, 0.999996489776549 ], [ 36.72975799125561, 64.665680664806132, 0.999996489776549 ], [ 36.685974874453677, 64.70736091867002, 0.999996489776549 ], [ 36.683908166138281, 64.714298434417287, 0.999996489776549 ], [ 36.681902868815087, 64.71389707733033, 0.999996489776549 ], [ 36.680117807689385, 64.709404131412157, 0.999996489776549 ], [ 36.59960906465858, 64.695375480405346, 0.999996489776549 ], [ 36.558398290850164, 64.690164802988875, 0.999996489776549 ], [ 36.556089793626597, 64.704459301807219, 0.999996489776549 ], [ 36.529519575040467, 64.723367937476723, 0.999996489776549 ], [ 36.504247033863066, 64.73997624754702, 0.999996489776549 ], [ 36.496506004477851, 64.764375397950062, 0.999996489776549 ], [ 36.481907143697754, 64.783861857300508, 0.999996489776549 ], [ 36.458690037714405, 64.805751114650775, 0.999996489776549 ], [ 36.456801300217194, 64.82142542253132, 0.999996489776549 ], [ 36.444659154269175, 64.856325111668411, 0.999996489776549 ], [ 36.442725270120718, 64.869425759188744, 0.999996489776549 ], [ 36.419604375510971, 64.884709095855214, 0.999996489776549 ], [ 36.416884133086569, 64.921406429140916, 0.999996489776549 ], [ 36.442897302378697, 64.927658981967397, 0.999996489776549 ], [ 36.51432932841999, 64.930571628759935, 0.999996489776549 ], [ 36.515647352734959, 64.937450621637254, 0.999996489776549 ], [ 36.532069456723548, 64.939395731529657, 0.999996489776549 ], [ 36.534561703629151, 64.93849927073461, 0.999996489776549 ], [ 36.533786886240705, 64.927359781995619, 0.549496489776629 ], [ 36.533681361099298, 64.925842655313318, 0.438296489776576 ], [ 36.5282226560048, 64.84736328100189, 0.002296489776654 ], [ 36.528453499093303, 64.84710542436369, -0.000003510223451 ], [ 36.549401069572923, 64.823706542953005, -0.000003510223451 ], [ 36.578710937999858, 64.790966797008878, -0.000003510223451 ], [ 36.602427454436111, 64.769896758305549, -0.000003510223451 ], [ 36.624218749999272, 64.750537109004654, 0.289796489776563 ] ] ] ] } },
{ "type": "Feature", "properties": { "gid": 13, "objectid": 13.0, "shape_leng": 0.15496744864699999, "shape_area": 0.000187479052, "z_mean": 0.85122292387999998 }, "geometry": { "type": "MultiPolygon", "coordinates": [ [ [ [ 36.671949024545029, 64.942843300254026, 0.999996489776549 ], [ 36.65476232236324, 64.936161685876868, 0.688596489776501 ], [ 36.652929688003496, 64.935449218999565, 0.64389648977658 ], [ 36.595297927895444, 64.936994625048101, 0.999996489776549 ], [ 36.650133571387414, 64.940127619462146, 0.999996489776549 ], [ 36.671949024545029, 64.942843300254026, 0.999996489776549 ] ] ] ] } },
{ "type": "Feature", "properties": { "gid": 14, "objectid": 14.0, "shape_leng": 0.062820388456800005, "shape_area": 6.9865975338300002e-05, "z_mean": 0.85654487927699996 }, "geometry": { "type": "MultiPolygon", "coordinates": [ [ [ [ 37.713722996784782, 65.024900475567847, 0.999996489776549 ], [ 37.712751219190977, 65.020209823505866, 0.999996489776549 ], [ 37.70667699245314, 65.023106421074772, 0.656296489776651 ], [ 37.690854895958182, 65.03065145490109, 0.913296489776712 ], [ 37.686218550708872, 65.03286237440625, 0.999996489776549 ], [ 37.69063022501723, 65.031693678436568, 0.999996489776549 ], [ 37.69063022501723, 65.031693678429292, 0.999996489776549 ], [ 37.713722996784782, 65.024900475567847, 0.999996489776549 ] ] ] ] } },
{ "type": "Feature", "properties": { "gid": 15, "objectid": 15.0, "shape_leng": 0.23533631696900001, "shape_area": 0.00095080650789399997, "z_mean": 1.54786187081 }, "geometry": { "type": "MultiPolygon", "coordinates": [ [ [ [ 37.734225993583095, 65.030120951141726, 1.999996489776549 ], [ 37.73042646396425, 65.01178108464228, 1.999996489776549 ], [ 37.712751219190977, 65.020209823505866, 0.999996489776549 ], [ 37.713722996784782, 65.024900475567847, 0.999996489776549 ], [ 37.69063022501723, 65.031693678429292, 0.999996489776549 ], [ 37.69063022501723, 65.031693678436568, 0.999996489776549 ], [ 37.686218550708872, 65.03286237440625, 0.999996489776549 ], [ 37.642430331867217, 65.053743525793834, 1.819296489776661 ], [ 37.633195664850064, 65.058147232663032, 1.999996489776549 ], [ 37.645978254025977, 65.054850046781212, 1.999996489776549 ], [ 37.688040450022527, 65.04370735685734, 1.999996489776549 ], [ 37.734225993583095, 65.030120951141726, 1.999996489776549 ] ] ] ] } },
{ "type": "Feature", "properties": { "gid": 16, "objectid": 16.0, "shape_leng": 0.444293202434, "shape_area": 0.0022930130090800002, "z_mean": 2.5248821646200001 }, "geometry": { "type": "MultiPolygon", "coordinates": [ [ [ [ 37.752299638552358, 65.023615241494554, 2.999996489776549 ], [ 37.772681310805638, 64.991631147582666, 2.999996489776549 ], [ 37.73544584001138, 65.009387510443048, 2.283996489776655 ], [ 37.73042646396425, 65.01178108464228, 1.999996489776549 ], [ 37.734225993583095, 65.030120951141726, 1.999996489776549 ], [ 37.688040450022527, 65.04370735685734, 1.999996489776549 ], [ 37.645978254025977, 65.054850046781212, 1.999996489776549 ], [ 37.633195664850064, 65.058147232663032, 1.999996489776549 ], [ 37.597590174234938, 65.075126311960048, 2.696496489776564 ], [ 37.587414020574215, 65.079978982623288, 2.999996489776549 ], [ 37.596564993040374, 65.078786685273371, 2.999996489776549 ], [ 37.665617381044285, 65.060975070173299, 2.999996489776549 ], [ 37.685450675027823, 65.055721035289025, 2.999996489776549 ], [ 37.754728990366857, 65.03534142670469, 2.999996489776549 ], [ 37.752299638552358, 65.023615241494554, 2.999996489776549 ] ] ] ] } },
{ "type": "Feature", "properties": { "gid": 17, "objectid": 17.0, "shape_leng": 0.101289238203, "shape_area": 0.00037167667565199999, "z_mean": 2.7044131564399998 }, "geometry": { "type": "MultiPolygon", "coordinates": [ [ [ [ 37.47011578344609, 65.138293786167196, 2.999996489776549 ], [ 37.478724553395296, 65.119225678012299, 2.999996489776549 ], [ 37.458246526482981, 65.123774629522813, 2.29059648977659 ], [ 37.435394916952646, 65.128850844339468, 2.999996489776549 ], [ 37.47011578344609, 65.138293786167196, 2.999996489776549 ] ] ] ] } },
{ "type": "Feature", "properties": { "gid": 18, "objectid": 18.0, "shape_leng": 0.113798076309, "shape_area": 0.000466243945739, "z_mean": 2.5947048231099998 }, "geometry": { "type": "MultiPolygon", "coordinates": [ [ [ [ 37.281196183299471, 65.181961137288454, 2.999996489776549 ], [ 37.295317680494918, 65.159967345880432, 2.999996489776549 ], [ 37.269015491696337, 65.16581006607521, 2.027296489776518 ], [ 37.245866843742988, 65.170952264463267, 2.999996489776549 ], [ 37.281196183299471, 65.181961137288454, 2.999996489776549 ], [ 37.281196183299471, 65.181961137288454, 2.999996489776549 ] ] ] ] } },
{ "type": "Feature", "properties": { "gid": 19, "objectid": 19.0, "shape_leng": 1.4980152638199999, "shape_area": 0.065748512743400003, "z_mean": 0.99999648977699995 }, "geometry": { "type": "MultiPolygon", "coordinates": [ [ [ [ 35.758218400493206, 65.182820476595225, 0.999996489776549 ], [ 35.784242195721163, 65.178637013719708, 0.999996489776549 ], [ 35.784242195728439, 65.178637013719708, 0.999996489776549 ], [ 35.792732529400382, 65.179644908945193, 0.999996489776549 ], [ 35.79957373993966, 65.181399862569378, 0.999996489776549 ], [ 35.813184374634147, 65.175828843668569, 0.999996489776549 ], [ 35.819223033711751, 65.18135647305462, 0.999996489776549 ], [ 35.819223033719027, 65.18135647305462, 0.999996489776549 ], [ 35.837732376079657, 65.179754851986218, 0.999996489776549 ], [ 35.845168358493538, 65.176747495454038, 0.999996489776549 ], [ 35.846419371195225, 65.171605818173703, 0.999996489776549 ], [ 35.853914113726205, 65.150186613871483, 0.999996489776549 ], [ 35.858388414515503, 65.144289825653686, 0.999996489776549 ], [ 35.868329964141594, 65.126413841215253, 0.999996489776549 ], [ 35.871179725134425, 65.119078224612167, 0.999996489776549 ], [ 35.871179725134425, 65.119078224604891, 0.999996489776549 ], [ 35.876539344902994, 65.0977941675701, 0.999996489776549 ], [ 35.867603069757024, 65.09235705375977, 0.999996489776549 ], [ 35.86775976262652, 65.083857566674851, 0.999996489776549 ], [ 35.877106959997036, 65.077281303954805, 0.999996489776549 ], [ 35.883044615766266, 65.068354508541233, 0.999996489776549 ], [ 35.90237709367284, 65.074405736912013, 0.999996489776549 ], [ 35.910173762353224, 65.075515661592362, 0.999996489776549 ], [ 35.914920408427861, 65.073851773679053, 0.999996489776549 ], [ 35.929021248204663, 65.070368099412008, 0.999996489776549 ], [ 35.938966472462198, 65.063380763960595, 0.999996489776549 ], [ 35.9551295688143, 65.065005729586119, 0.999996489776549 ], [ 35.971221008279826, 65.070947064024949, 0.999996489776549 ], [ 35.976974385881476, 65.062501045435056, 0.999996489776549 ], [ 35.998851782751444, 65.062390447139478, 0.999996489776549 ], [ 36.015829875585041, 65.058072278377949, 0.999996489776549 ], [ 36.015829875595955, 65.058072278377949, 0.999996489776549 ], [ 36.013693368149688, 65.050030687329127, 0.999996489776549 ], [ 36.013693368142413, 65.050030687329127, 0.999996489776549 ], [ 36.020139367734373, 65.031505779970757, 0.999996489776549 ], [ 36.032104404061101, 65.027094840777863, 0.999996489776549 ], [ 36.037456889214809, 65.022125225492346, 0.999996489776549 ], [ 36.045716639298917, 65.010256842677336, 0.999996489776549 ], [ 36.028204653721332, 65.000995861631964, 0.999996489776549 ], [ 36.018190658785898, 64.993566983921482, 0.999996489776549 ], [ 36.01070858364983, 64.99197917690617, 0.999996489776549 ], [ 36.007056278220261, 64.994542546530283, 0.999996489776549 ], [ 35.976354665293911, 64.997867855428922, 0.999996489776549 ], [ 35.967866639457498, 65.003492345043924, 0.999996489776549 ], [ 35.950610323616274, 65.008442284826742, 0.999996489776549 ], [ 35.944705141271697, 65.001453754935937, 0.999996489776549 ], [ 35.927522431105899, 64.988883871763392, 0.999996489776549 ], [ 35.920168416549132, 64.987061851414182, 0.999996489776549 ], [ 35.895329337497969, 64.986286277518957, 0.999996489776549 ], [ 35.888081748864352, 64.991294571289473, 0.999996489776549 ], [ 35.868320811787271, 64.995278160276939, 0.999996489776549 ], [ 35.868320811779995, 64.995278160276939, 0.999996489776549 ], [ 35.864228599210037, 64.984393545717467, 0.999996489776549 ], [ 35.84500328699869, 64.977563554457447, 0.999996489776549 ], [ 35.827208568527567, 64.973693072584865, 0.999996489776549 ], [ 35.806107682423317, 64.96614752367168, 0.999996489776549 ], [ 35.774982387036289, 64.968526795368234, 0.999996489776549 ], [ 35.773619613348274, 64.968231948296307, 0.999996489776549 ], [ 35.761731659105862, 64.949872328375932, 0.999996489776549 ], [ 35.746683472334553, 64.946089883014793, 0.999996489776549 ], [ 35.727742304607091, 64.946658988053969, 0.999996489776549 ], [ 35.723221776541322, 64.945172887280933, 0.999996489776549 ], [ 35.720776996931818, 64.948391167654336, 0.999996489776549 ], [ 35.697171264022472, 64.958782799618348, 0.999996489776549 ], [ 35.696558153336809, 64.970490433624946, 0.999996489776549 ], [ 35.702762788805558, 64.983080799298477, 0.999996489776549 ], [ 35.717701400833903, 64.994234250094451, 0.999996489776549 ], [ 35.715712916342454, 65.008676926896442, 0.999996489776549 ], [ 35.707733860697772, 65.015190783447906, 0.999996489776549 ], [ 35.683645235843869, 65.02434316781364, 0.999996489776549 ], [ 35.666305239796202, 65.031912834627292, 0.999996489776549 ], [ 35.643824733266229, 65.031845261106355, 0.999996489776549 ], [ 35.626926861987158, 65.028468704036641, 0.999996489776549 ], [ 35.593525342708745, 65.033871574894874, 0.999996489776549 ], [ 35.593525342694193, 65.033871574894874, 0.999996489776549 ], [ 35.585087883584492, 65.035548571224354, 0.999996489776549 ], [ 35.560551268688869, 65.045271875056642, 0.999996489776549 ], [ 35.551239696142147, 65.050574298311403, 0.999996489776549 ], [ 35.541149032527755, 65.05830959301602, 0.999996489776549 ], [ 35.541149032527755, 65.058309593008744, 0.999996489776549 ], [ 35.521548727439949, 65.062835967306455, 0.999996489776549 ], [ 35.517621530827455, 65.064955281901348, 0.999996489776549 ], [ 35.501568140472955, 65.082074378598918, 0.999996489776549 ], [ 35.497196447602619, 65.093844313691079, 0.999996489776549 ], [ 35.502261672572786, 65.109398630185751, 0.999996489776549 ], [ 35.50241135233955, 65.111202537813369, 0.999996489776549 ], [ 35.503347813897562, 65.112044862096809, 0.999996489776549 ], [ 35.498431088697544, 65.129632449999917, 0.999996489776549 ], [ 35.505538153720408, 65.133586214145907, 0.999996489776549 ], [ 35.515075200863066, 65.13340912141939, 0.999996489776549 ], [ 35.5189784695649, 65.109242074762733, 0.999996489776549 ], [ 35.531332682188804, 65.094099823210854, 0.999996489776549 ], [ 35.539067444482498, 65.093725614158757, 0.999996489776549 ], [ 35.558599164840416, 65.087071609017585, 0.999996489776549 ], [ 35.576506772038556, 65.112098144840274, 0.999996489776549 ], [ 35.587126729165902, 65.106050669266551, 0.999996489776549 ], [ 35.587126729165902, 65.106050669262913, 0.999996489776549 ], [ 35.606533436512109, 65.14517593985147, 0.999996489776549 ], [ 35.622881337567378, 65.150406536300579, 0.999996489776549 ], [ 35.636081268032285, 65.156267377562472, 0.999996489776549 ], [ 35.654179517023294, 65.159466177228751, 0.999996489776549 ], [ 35.661227426473488, 65.16955640634842, 0.999996489776549 ], [ 35.678183569627436, 65.174914053652174, 0.999996489776549 ], [ 35.698266963441711, 65.178578027054755, 0.999996489776549 ], [ 35.698266963448987, 65.178578027054755, 0.999996489776549 ], [ 35.707315656862193, 65.18130883642516, 0.999996489776549 ], [ 35.716642642513762, 65.179723440596717, 0.999996489776549 ], [ 35.744178390727029, 65.181822667727829, 0.999996489776549 ], [ 35.744178390734305, 65.181822667727829, 0.999996489776549 ], [ 35.750570789456106, 65.184938359005173, 0.999996489776549 ], [ 35.758218400493206, 65.182820476595225, 0.999996489776549 ] ] ] ] } },
{ "type": "Feature", "properties": { "gid": 20, "objectid": 20.0, "shape_leng": 2.3268843403, "shape_area": 0.052370223711600002, "z_mean": 0.51598576672499996 }, "geometry": { "type": "MultiPolygon", "coordinates": [ [ [ [ 39.984407072093745, 65.186393085808959, 0.999996489776549 ], [ 40.006112350645708, 65.169509289207781, 0.252696489776554 ], [ 40.011250139181357, 65.165512778574339, 0.103496489776489 ], [ 40.012144773470936, 65.164816873049858, 0.074996489776595 ], [ 40.015580449522531, 65.162144377714867, -0.000003510223451 ], [ 40.020792229981453, 65.15809031128083, 0.116296489776687 ], [ 40.046971758925793, 65.137726147764624, -0.000003510223451 ], [ 40.142675781007711, 65.063281250000728, 0.004696489776506 ], [ 40.153232075466804, 65.058315551235864, 0.007596489776688 ], [ 40.154067265448248, 65.057922676453018, 0.0318964897765 ], [ 40.155024559233425, 65.057472363838315, -0.000003510223451 ], [ 40.155820859203232, 65.057097782992059, 0.015296489776574 ], [ 40.19830580411508, 65.03711279304116, 0.052796489776711 ], [ 40.200034546476672, 65.036299589704868, -0.000003510223451 ], [ 40.229753591083863, 65.022319700859953, -0.000003510223451 ], [ 40.281249999996362, 64.998095703002036, -0.000003510223451 ], [ 40.305106925439759, 64.972296071664459, -0.000003510223451 ], [ 40.309518838726945, 64.967524889532797, -0.000003510223451 ], [ 40.332226137841644, 64.942968500348798, 0.124996489776549 ], [ 40.337202884584258, 64.937586489511887, 0.138196489776647 ], [ 40.341529882072791, 64.93290713800161, -0.000003510223451 ], [ 40.345339569004864, 64.928787222441315, 0.039496489776639 ], [ 40.348589913599426, 64.925272197306185, 0.043496489776544 ], [ 40.350926505383541, 64.922745333296916, -0.000003510223451 ], [ 40.352817446240806, 64.920700410231802, -0.000003510223451 ], [ 40.354893901421747, 64.918454866132379, 0.008996489776564 ], [ 40.355833699064533, 64.917438539334398, -0.000003510223451 ], [ 40.35818906213899, 64.914891375439765, 0.029596489776623 ], [ 40.27515000000858, 64.840469999999186, -0.000003510223451 ], [ 40.156406362195412, 64.77972703011983, 0.093896489776625 ], [ 40.154795354439557, 64.779580378813989, -0.000003510223451 ], [ 40.148375125449093, 64.778995940298046, 0.453696489776576 ], [ 40.115386505094648, 64.775992960141593, 0.808696489776594 ], [ 40.10920912641086, 64.775430628484173, 0.772096489776686 ], [ 40.064357079369074, 64.771347711226554, 0.340596489776544 ], [ 40.057812499999272, 64.770751953001309, 0.304396489776536 ], [ 40.056182436332165, 64.770126790863287, 0.272396489776611 ], [ 39.971130964509939, 64.737507844110951, -0.000003510223451 ], [ 39.924155059929035, 64.719491641717468, 0.220596489776653 ], [ 39.914843459326221, 64.715920455964806, 0.282596489776552 ], [ 39.848632813002041, 64.690527344002476, 0.116496489776637 ], [ 39.847059371637442, 64.687090357969282, -0.000003510223451 ], [ 39.833007813005679, 64.656396483998833, -0.000003510223451 ], [ 39.830421009133715, 64.653659793704719, -0.000003510223451 ], [ 39.821463115978986, 64.644182855980034, 0.058596489776619 ], [ 39.789328964208835, 64.610186764475657, 0.098796489776532 ], [ 39.778747574709996, 64.598992260624073, 0.394796489776581 ], [ 39.7580712455092, 64.577117888944485, 0.246196489776594 ], [ 39.758007813012227, 64.5770507810048, 0.251096489776501 ], [ 39.757946356523462, 64.577048687329807, 0.24699648977662 ], [ 39.722387649166194, 64.575837286811293, 0.999996489776549 ], [ 39.754694449082308, 64.601632117144618, 0.999996489776549 ], [ 39.754694449082308, 64.601632117144618, 0.999996489776549 ], [ 39.747086189308902, 64.681710676923103, 0.999996489776549 ], [ 39.747086189308902, 64.681710676930379, 0.999996489776549 ], [ 39.746201603302325, 64.694207814318361, 0.999996489776549 ], [ 39.752352029616304, 64.698136967206665, 0.999996489776549 ], [ 39.757820508635632, 64.701889435189514, 0.999996489776549 ], [ 39.820443902674015, 64.709295778244268, 0.999996489776549 ], [ 39.847685305776395, 64.712463606389065, 0.999996489776549 ], [ 39.90150107379668, 64.729704281005979, 0.999996489776549 ], [ 39.936813051466743, 64.750319492908602, 0.999996489776549 ], [ 39.936813051466743, 64.750319492908602, 0.999996489776549 ], [ 39.938207950155629, 64.751296682439715, 0.999996489776549 ], [ 39.938207950170181, 64.751296682446991, 0.999996489776549 ], [ 39.983262703273795, 64.777431263129984, 0.999996489776549 ], [ 40.030094519257545, 64.785807960230159, 0.999996489776549 ], [ 40.110293972520594, 64.783930239860638, 0.999996489776549 ], [ 40.111825532825605, 64.827121493864979, 0.999996489776549 ], [ 40.114675631437422, 64.829382237756363, 0.999996489776549 ], [ 40.116437793767545, 64.830512995453319, 0.999996489776549 ], [ 40.121108728002582, 64.836313644784241, 0.999996489776549 ], [ 40.169254450596782, 64.869033837632742, 0.999996489776549 ], [ 40.215247432090109, 64.915778044764011, 0.999996489776549 ], [ 40.215247432104661, 64.915778044774925, 0.999996489776549 ], [ 40.172848270540271, 64.92428059046506, 0.999996489776549 ], [ 40.172848270540271, 64.92428059046506, 0.999996489776549 ], [ 40.180530363701109, 64.955771783737873, 0.999996489776549 ], [ 40.166548332235834, 64.984751635278371, 0.999996489776549 ], [ 40.161169092225464, 65.000429270217865, 0.999996489776549 ], [ 40.136169714456628, 65.02963214446936, 0.999996489776549 ], [ 40.100985116030643, 65.077646982008446, 0.999996489776549 ], [ 40.100985116016091, 65.077646982015722, 0.999996489776549 ], [ 40.075668188033887, 65.09897866942265, 0.999996489776549 ], [ 40.079944720746425, 65.091053702682984, 0.999996489776549 ], [ 40.079944720746425, 65.091053702679346, 0.999996489776549 ], [ 40.026673401218432, 65.109704728249199, 0.999996489776549 ], [ 40.011862892632053, 65.119792837984278, 0.999996489776549 ], [ 39.994573186490015, 65.15183289367269, 0.999996489776549 ], [ 39.99115018142038, 65.162417706829729, 0.999996489776549 ], [ 39.984053884298191, 65.180273691603361, 0.999996489776549 ], [ 39.984407072093745, 65.186393085808959, 0.999996489776549 ] ] ] ] } },
{ "type": "Feature", "properties": { "gid": 21, "objectid": 21.0, "shape_leng": 0.18349134066, "shape_area": 0.0014001945132700001, "z_mean": 0.71660043814100005 }, "geometry": { "type": "MultiPolygon", "coordinates": [ [ [ [ 36.852453978743142, 65.180803398514399, 0.999996489776549 ], [ 36.863415951578645, 65.154802301112795, 0.999996489776549 ], [ 36.863415951593197, 65.154802301120071, 0.999996489776549 ], [ 36.874424694728077, 65.156327522243373, 0.999996489776549 ], [ 36.870312957125861, 65.148466725513572, 0.297696489776627 ], [ 36.858095408540976, 65.125109285116196, 0.999996489776549 ], [ 36.851095434823947, 65.125320756647852, 0.999996489776549 ], [ 36.836950172073557, 65.146051101492048, 0.999996489776549 ], [ 36.835753964933247, 65.174996731209831, 0.999996489776549 ], [ 36.824291571014328, 65.189366720929684, 0.999996489776549 ], [ 36.846349717521662, 65.183343675707874, 0.999996489776549 ], [ 36.852453978743142, 65.180803398514399, 0.999996489776549 ] ] ] ] } },
{ "type": "Feature", "properties": { "gid": 22, "objectid": 22.0, "shape_leng": 0.076889877799199993, "shape_area": 0.0002226486974, "z_mean": 2.7093714897800001 }, "geometry": { "type": "MultiPolygon", "coordinates": [ [ [ [ 37.182788419704593, 65.198467211248499, 2.999996489776549 ], [ 37.192728310801613, 65.182756361147767, 2.999996489776549 ], [ 37.173965466081427, 65.1869243052206, 2.302496489776559 ], [ 37.159750209397316, 65.19008205638238, 2.999996489776549 ], [ 37.182788419704593, 65.198467211248499, 2.999996489776549 ] ] ] ] } },
{ "type": "Feature", "properties": { "gid": 66, "objectid": 66.0, "shape_leng": 0.702225821546, "shape_area": 0.011953120925199999, "z_mean": 0.58068006166399999 }, "geometry": { "type": "MultiPolygon", "coordinates": [ [ [ [ 32.796155134827131, 66.80201740569828, 0.999996489776549 ], [ 32.824475790690485, 66.795399699050904, 0.999996489776549 ], [ 32.838603791868081, 66.808770807059773, 0.999996489776549 ], [ 32.882471930759493, 66.782845888887095, 0.999996489776549 ], [ 32.899453686753986, 66.781044828509039, 0.999996489776549 ], [ 32.945239062810288, 66.760363172426878, 0.999996489776549 ], [ 32.945207744462095, 66.757706178847002, 0.999996489776549 ], [ 32.952295352788497, 66.753407120992051, 0.999996489776549 ], [ 32.952295352795772, 66.753407120981137, 0.999996489776549 ], [ 33.007575583938888, 66.70691891926981, 0.999996489776549 ], [ 33.015717048703664, 66.695751810158981, 0.999996489776549 ], [ 33.004182651140582, 66.696858736653667, 0.837796489776565 ], [ 32.984329069713567, 66.69876403384842, 0.652096489776568 ], [ 32.928710938002041, 66.704101563009317, 0.371496489776519 ], [ 32.906693976008683, 66.709840888783219, 0.296296489776523 ], [ 32.890766460848681, 66.713992833017983, -0.000003510223451 ], [ 32.87066987664366, 66.719231559582113, -0.000003510223451 ], [ 32.869742700273491, 66.719473253564502, 0.011596489776593 ], [ 32.864583648017287, 66.720818102206977, -0.000003510223451 ], [ 32.862402344002476, 66.721386719000293, -0.000003510223451 ], [ 32.862314125868579, 66.721830354439589, -0.000003510223451 ], [ 32.857324218999565, 66.746923827995488, 0.278496489776671 ], [ 32.805799105895858, 66.771832539903698, 0.301996489776684 ], [ 32.771765150344436, 66.78828552646155, 0.514396489776573 ], [ 32.737691692374938, 66.804757609621447, 0.599596489776559 ], [ 32.70931175642545, 66.818477281562082, 0.999996489776549 ], [ 32.732189869650028, 66.825472226882994, 0.999996489776549 ], [ 32.796155134827131, 66.80201740569828, 0.999996489776549 ] ] ] ] } },
{ "type": "Feature", "properties": { "gid": 67, "objectid": 67.0, "shape_leng": 0.26053896304000002, "shape_area": 0.00226650344358, "z_mean": 0.73038765001399997 }, "geometry": { "type": "MultiPolygon", "coordinates": [ [ [ [ 32.650752326924703, 66.867030755460291, 0.999996489776549 ], [ 32.669515908954054, 66.836127785540157, 0.999996489776549 ], [ 32.630445428141684, 66.851346602816193, 0.433596489776619 ], [ 32.607515230429271, 66.86027842247131, 0.379096489776657 ], [ 32.556614709064888, 66.880105302447191, 0.999996489776549 ], [ 32.595420330773777, 66.894571722521505, 0.999996489776549 ], [ 32.650752326924703, 66.867030755460291, 0.999996489776549 ] ] ] ] } },
{ "type": "Feature", "properties": { "gid": 68, "objectid": 68.0, "shape_leng": 19.5048215345, "shape_area": 0.23828398275599999, "z_mean": 1.34589654991 }, "geometry": { "type": "MultiPolygon", "coordinates": [ [ [ [ 32.775189105868776, 66.943621801277914, 0.999996489776549 ], [ 32.781608925066394, 66.943072013327765, 0.999996489776549 ], [ 32.848339965112245, 66.946334546672006, 0.999996489776549 ], [ 32.889143480369967, 66.928720627303846, 0.999996489776549 ], [ 32.904869226080336, 66.927509788150928, 0.999996489776549 ], [ 32.916974213341746, 66.878167305076204, 0.999996489776549 ], [ 32.982765794429724, 66.864965835149633, 0.999996489776549 ], [ 32.982765794437, 66.864965835149633, 0.999996489776549 ], [ 33.044661403549981, 66.869392409429565, 0.999996489776549 ], [ 33.044661403557257, 66.869392409429565, 0.999996489776549 ], [ 33.065694514127244, 66.860929071746796, 0.999996489776549 ], [ 33.136473478800326, 66.839224970743089, 0.999996489776549 ], [ 33.139971245298511, 66.837643956667307, 0.999996489776549 ], [ 33.143516362790251, 66.839472116684192, 0.999996489776549 ], [ 33.188158084467432, 66.795828111189621, 0.999996489776549 ], [ 33.218340910087136, 66.780286133736809, 0.999996489776549 ], [ 33.266150097344507, 66.767127499635535, 0.999996489776549 ], [ 33.31132314534625, 66.760486432260223, 0.999996489776549 ], [ 33.355971984648932, 66.742968253620347, 0.999996489776549 ], [ 33.355971984656207, 66.742968253620347, 0.999996489776549 ], [ 33.364802309399238, 66.721865429477475, 0.999996489776549 ], [ 33.395880696105451, 66.736599947867944, 0.999996489776549 ], [ 33.430531017813337, 66.742950643529184, 0.999996489776549 ], [ 33.430531017820613, 66.742950643529184, 0.999996489776549 ], [ 33.519517694061506, 66.753685031453642, 0.999996489776549 ], [ 33.544613736190513, 66.741270128241013, 0.999996489776549 ], [ 33.546469557324599, 66.740656016365392, 0.999996489776549 ], [ 33.548846262230654, 66.739674431690219, 0.999996489776549 ], [ 33.549617598466284, 66.740980079750443, 0.999996489776549 ], [ 33.573921418937971, 66.751130083212047, 0.999996489776549 ], [ 33.593269579607295, 66.767207385641086, 0.999996489776549 ], [ 33.593269579618209, 66.767207385641086, 0.999996489776549 ], [ 33.62711979201049, 66.778120646355092, 0.999996489776549 ], [ 33.634824880871747, 66.776541584436927, 1.20029648977652 ], [ 33.674876264918566, 66.76833355249255, 1.058096489776517 ], [ 33.687320570687007, 66.765783247137733, 0.999996489776549 ], [ 33.715086136697209, 66.757069154598867, 0.999996489776549 ], [ 33.747114115682052, 66.74491088895229, 0.999996489776549 ], [ 33.798807140097779, 66.73447169370047, 0.999996489776549 ], [ 33.826822736726172, 66.707639910764556, 0.999996489776549 ], [ 33.864746204370022, 66.693972420453065, 0.999996489776549 ], [ 33.923503566529689, 66.681009750402154, 0.999996489776549 ], [ 33.923503566544241, 66.681009750402154, 0.999996489776549 ], [ 33.944986335809517, 66.665548995770223, 0.999996489776549 ], [ 33.970424627455941, 66.674827699502202, 0.999996489776549 ], [ 34.06817379975837, 66.681179653311119, 0.999996489776549 ], [ 34.068173799772921, 66.681179653311119, 0.999996489776549 ], [ 34.073595651840151, 66.680500045422377, 0.999996489776549 ], [ 34.142047621600796, 66.659894558222732, 0.999996489776549 ], [ 34.142047621608071, 66.659894558222732, 0.999996489776549 ], [ 34.186086804991646, 66.65482855085429, 0.999996489776549 ], [ 34.262743194827635, 66.655775425915635, 0.999996489776549 ], [ 34.28454108779988, 66.648437105755875, 0.999996489776549 ], [ 34.328031607692537, 66.606062148643105, 0.999996489776549 ], [ 34.328031607703451, 66.606062148643105, 0.999996489776549 ], [ 34.356630877577118, 66.589307841681148, 0.999996489776549 ], [ 34.38278023399107, 66.579941081046854, 0.999996489776549 ], [ 34.416091230024904, 66.553177651236183, 0.999996489776549 ], [ 34.469510199771321, 66.534775686024659, 0.999996489776549 ], [ 34.469510199782235, 66.534775686024659, 0.999996489776549 ], [ 34.507897220126324, 66.496823291283363, 0.999996489776549 ], [ 34.517540469674714, 66.506414549992769, 0.999996489776549 ], [ 34.524930850278906, 66.516883810010768, 0.999996489776549 ], [ 34.524930850278906, 66.516883810010768, 0.999996489776549 ], [ 34.533342577433359, 66.528426901557395, 0.999996489776549 ], [ 34.533342577436997, 66.528426901557395, 0.999996489776549 ], [ 34.592851769350091, 66.546438197121461, 0.999996489776549 ], [ 34.580597663087246, 66.557463560915494, 0.999996489776549 ], [ 34.589201985323598, 66.558088970741665, 1.095596489776653 ], [ 34.601548031696439, 66.558986349806219, 0.999996489776549 ], [ 34.624446718713443, 66.553821818699362, 0.999996489776549 ], [ 34.624446718727995, 66.553821818699362, 0.999996489776549 ], [ 34.686783816909156, 66.561750647346344, 0.999996489776549 ], [ 34.722977158093272, 66.570851680040505, 0.999996489776549 ], [ 34.722977158093272, 66.570851680040505, 0.999996489776549 ], [ 34.732803381702979, 66.58907009705581, 0.999996489776549 ], [ 34.757130967176636, 66.594916475802165, 1.487596489776706 ], [ 34.778212200926646, 66.599982694842765, 1.93709648977665 ], [ 34.778258379068575, 66.599993792322493, 1.940196489776554 ], [ 34.786589007515431, 66.60199579984328, 0.999996489776549 ], [ 34.832808789014962, 66.59637728819871, 0.999996489776549 ], [ 34.832808789135015, 66.596377288184158, 0.999996489776549 ], [ 34.848759673823224, 66.579307441530545, 0.999996489776549 ], [ 34.84875967384869, 66.579307441530545, 0.999996489776549 ], [ 34.885596630418149, 66.573117904812534, 0.999996489776549 ], [ 34.964223335246061, 66.561310606506595, 0.999996489776549 ], [ 34.974489407479268, 66.558426363331819, 0.999996489776549 ], [ 35.024004329614399, 66.525424579514947, 0.999996489776549 ], [ 35.054273609708616, 66.515077158710483, 0.999996489776549 ], [ 35.10708838015853, 66.494276345831167, 0.999996489776549 ], [ 35.107088380173082, 66.494276345831167, 0.999996489776549 ], [ 35.136888016128069, 66.484646404380328, 0.999996489776549 ], [ 35.183895760550513, 66.484129105276224, 0.999996489776549 ], [ 35.183895760565065, 66.484129105276224, 0.999996489776549 ], [ 35.25357646118573, 66.466007880171674, 0.999996489776549 ], [ 35.255690116395272, 66.46529280417235, 1.036496489776709 ], [ 35.258946024408942, 66.464191289753217, 0.999996489776549 ], [ 35.289747553109919, 66.444620089387172, 0.999996489776549 ], [ 35.318403378976654, 66.436918680148665, 0.999996489776549 ], [ 35.370517163159093, 66.413705180715624, 0.999996489776549 ], [ 35.374411844717542, 66.399408851673797, 0.999996489776549 ], [ 35.374411844735732, 66.399408851684711, 0.999996489776549 ], [ 35.399044358393439, 66.406027035274747, 0.999996489776549 ], [ 35.46556247891931, 66.389066859512241, 0.999996489776549 ], [ 35.471410421396286, 66.375920620048419, 0.999996489776549 ], [ 35.495770559093216, 66.383521582469257, 0.999996489776549 ], [ 35.569989735438867, 66.371767834058119, 0.999996489776549 ], [ 35.577492657983385, 66.359491977047583, 0.999996489776549 ], [ 35.601540470666805, 66.367898397893441, 0.999996489776549 ], [ 35.601540470674081, 66.367898397893441, 0.999996489776549 ], [ 35.693016840246855, 66.371496345476771, 0.999996489776549 ], [ 35.693016840272321, 66.371496345476771, 0.999996489776549 ], [ 35.679171876912733, 66.375240146946453, 0.999996489776549 ], [ 35.679171876854525, 66.375240146957367, 0.999996489776549 ], [ 35.70957174780051, 66.370079991316743, 0.999996489776549 ], [ 35.709571747906011, 66.370079991302191, 0.999996489776549 ], [ 35.811679111389822, 66.356820505916403, 0.999996489776549 ], [ 35.811679111542617, 66.356820505901851, 0.999996489776549 ], [ 35.899043114797678, 66.341573063149553, 0.999996489776549 ], [ 35.909163032698416, 66.329080531439104, 0.999996489776549 ], [ 35.930799985431804, 66.337997921476926, 0.999996489776549 ], [ 36.003775702723942, 66.32584475596741, 0.999996489776549 ], [ 36.015536124243226, 66.313028039683559, 0.999996489776549 ], [ 36.048395567719126, 66.308942967469193, 0.999996489776549 ], [ 36.048395567726402, 66.308942967469193, 0.999996489776549 ], [ 36.128241038109991, 66.321863170538563, 0.999996489776549 ], [ 36.134036002924404, 66.32419212304012, 0.999996489776549 ], [ 36.156271422289137, 66.324573088459147, 0.999996489776549 ], [ 36.156271422332793, 66.324573088459147, 0.999996489776549 ], [ 36.263504612612451, 66.314248219681758, 0.999996489776549 ], [ 36.36682044042027, 66.303014412646007, 1.204296489776652 ], [ 36.373437499998545, 66.302294922006695, 1.138396489776596 ], [ 36.377111296587827, 66.30221393561078, 1.173996489776528 ], [ 36.391870849045517, 66.301888571102609, 0.999996489776549 ], [ 36.436344149340584, 66.297606492116756, 0.999996489776549 ], [ 36.436344149406068, 66.297606492116756, 0.999996489776549 ], [ 36.273273876380699, 66.308178488405247, 0.999996489776549 ], [ 36.27327387628975, 66.308178488419799, 0.999996489776549 ], [ 36.327650470379012, 66.287948839668388, 0.999996489776549 ], [ 36.343116845269833, 66.274838292836648, 0.999996489776549 ], [ 36.362567970027158, 66.28399912329769, 0.999996489776549 ], [ 36.44432967402463, 66.284048382713081, 0.999996489776549 ], [ 36.446662143884168, 66.282341445163183, 0.999996489776549 ], [ 36.449314159246569, 66.283608916786761, 0.999996489776549 ], [ 36.449314159253845, 66.283608916786761, 0.999996489776549 ], [ 36.544718754805217, 66.264173268547893, 0.999996489776549 ], [ 36.563346431012178, 66.252511016336939, 0.999996489776549 ], [ 36.582854344938823, 66.262946572867804, 0.999996489776549 ], [ 36.659013429336483, 66.269681570367538, 0.999996489776549 ], [ 36.673163765226491, 66.261317639422487, 0.999996489776549 ], [ 36.689284801250324, 66.269460232822894, 0.999996489776549 ], [ 36.6892848012576, 66.269460232822894, 0.999996489776549 ], [ 36.772394656192773, 66.262114681725507, 0.999996489776549 ], [ 36.789024404741212, 66.249207862729236, 0.999996489776549 ], [ 36.866862621547625, 66.245927945092262, 0.999996489776549 ], [ 36.887115555535274, 66.255530752194318, 0.999996489776549 ], [ 36.959833342909405, 66.247688372732227, 0.999996489776549 ], [ 36.959833342916681, 66.247688372732227, 0.999996489776549 ], [ 36.977951573149767, 66.235106555290258, 0.999996489776549 ], [ 36.996185000247351, 66.244064181679278, 0.999996489776549 ], [ 37.069553359040583, 66.23641753046104, 0.999996489776549 ], [ 37.102754544521304, 66.23391990005257, 0.999996489776549 ], [ 37.18934362507207, 66.226930100339814, 0.999996489776549 ], [ 37.189343625086622, 66.226930100339814, 0.999996489776549 ], [ 37.20134654749927, 66.219612859033077, 0.999996489776549 ], [ 37.215780547619943, 66.22188313325023, 0.999996489776549 ], [ 37.215780547619943, 66.22188313325023, 0.999996489776549 ], [ 37.290284837021318, 66.211534587120696, 0.999996489776549 ], [ 37.290284837112267, 66.211534587109782, 0.999996489776549 ], [ 37.322827227759262, 66.21703097768841, 0.999996489776549 ], [ 37.330720071720862, 66.214771090475551, 1.039596489776613 ], [ 37.338203099447128, 66.212628542260063, 0.999996489776549 ], [ 37.311685984343057, 66.206869058114535, 0.999996489776549 ], [ 37.385265085969877, 66.184529409048992, 0.999996489776549 ], [ 37.398549556284706, 66.181457693499397, 0.999996489776549 ], [ 37.398549556284706, 66.181457693488483, 0.999996489776549 ], [ 37.462914526724489, 66.155080881206231, 0.999996489776549 ], [ 37.462914526724489, 66.155080881206231, 0.999996489776549 ], [ 37.488876170882577, 66.148257868069777, 0.999996489776549 ], [ 37.554620756491204, 66.12878588602689, 0.999996489776549 ], [ 37.580881934372883, 66.122596635930677, 0.999996489776549 ], [ 37.580881934372883, 66.122596635930677, 0.999996489776549 ], [ 37.652297503002046, 66.106599489554355, 0.999996489776549 ], [ 37.655888482589944, 66.096086735520657, 0.999996489776549 ], [ 37.680136060902441, 66.102285640958144, 0.999996489776549 ], [ 37.680136060913355, 66.102285640958144, 0.999996489776549 ], [ 37.728205274503125, 66.10695813471466, 0.999996489776549 ], [ 37.680498881527456, 66.117644406152976, 0.999996489776549 ], [ 37.680498881498352, 66.11764440616389, 0.999996489776549 ], [ 37.648856304458604, 66.127016184636886, 0.999996489776549 ], [ 37.662802093171194, 66.125276709917671, 1.177896489776685 ], [ 37.683418269622052, 66.122705229849089, 0.999996489776549 ], [ 37.845723882433958, 66.095103276315058, 0.999996489776549 ], [ 37.845723882524908, 66.095103276300506, 0.999996489776549 ], [ 37.873445018394705, 66.085541710242978, 0.999996489776549 ], [ 37.87751400277557, 66.079046678161831, 0.999996489776549 ], [ 37.892889309721795, 66.084012712308322, 0.999996489776549 ], [ 37.991379370883806, 66.080591531954269, 0.999996489776549 ], [ 37.991379370883806, 66.080591531954269, 0.999996489776549 ], [ 37.99253755871905, 66.079091213687207, 0.999996489776549 ], [ 37.996949123040395, 66.078840801601473, 0.999996489776549 ], [ 37.996949123054947, 66.078840801601473, 0.999996489776549 ], [ 38.098728789696906, 66.068588044916396, 0.999996489776549 ], [ 38.110939078254887, 66.072569951789774, 0.999996489776549 ], [ 38.110939078254887, 66.072569951789774, 0.999996489776549 ], [ 38.207524749341246, 66.065753835369833, 0.999996489776549 ], [ 38.209045640836848, 66.064346306837251, 0.999996489776549 ], [ 38.212225525439862, 66.065342474641511, 0.999996489776549 ], [ 38.221862965161563, 66.065909858782106, 0.999996489776549 ], [ 38.221862965227047, 66.065909858782106, 0.999996489776549 ], [ 38.373060210822587, 66.057207303627365, 0.999996489776549 ], [ 38.373060210822587, 66.057207303627365, 0.999996489776549 ], [ 38.411732209773618, 66.048098874107382, 0.999996489776549 ], [ 38.423433592030051, 66.041085561231739, 0.999996489776549 ], [ 38.423433592030051, 66.041085561220825, 0.999996489776549 ], [ 38.450252189999446, 66.041454932463239, 0.999996489776549 ], [ 38.450252190013998, 66.041454932463239, 0.999996489776549 ], [ 38.49922130433697, 66.061265945241757, 0.999996489776549 ], [ 38.43082536464135, 66.065048758649937, 0.999996489776549 ], [ 38.459649756121507, 66.065564852549869, 1.325596489776672 ], [ 38.591728721949039, 66.067929695102066, 1.439996489776604 ], [ 38.653906250005093, 66.069042968996655, 0.47549648977656 ], [ 38.721600842614862, 66.07575622423974, 0.406196489776676 ], [ 38.817380812899501, 66.085254699119105, 0.714196489776668 ], [ 38.8494150054903, 66.088431521708117, 1.409496489776529 ], [ 38.852472363796551, 66.088734719141939, 1.285396489776531 ], [ 38.860629394908756, 66.089543649806728, 1.398196489776637 ], [ 38.905367240295163, 66.093980290363106, 0.999996489776549 ], [ 38.950576166651445, 66.093383714076481, 0.999996489776549 ], [ 38.965613659300288, 66.086233043679385, 0.999996489776549 ], [ 39.050430192983185, 66.084274620967335, 0.999996489776549 ], [ 39.078137633667211, 66.086706060843426, 0.999996489776549 ], [ 39.078137633667211, 66.086706060843426, 0.999996489776549 ], [ 39.090921564253222, 66.096526053988782, 0.999996489776549 ], [ 39.165248973880807, 66.106897149264114, 0.999996489776549 ], [ 39.182651137576613, 66.100692781332327, 0.999996489776549 ], [ 39.193765859123232, 66.111916675963585, 0.999996489776549 ], [ 39.193765859123232, 66.111916675963585, 0.999996489776549 ], [ 39.249173633666942, 66.128075481443375, 0.999996489776549 ], [ 39.259617405568861, 66.129111187601666, 1.155496489776624 ], [ 39.289062500003638, 66.132031250010186, 1.327496489776649 ], [ 39.298150245507713, 66.133905365924875, 1.304596489776713 ], [ 39.360546515246824, 66.146773006326839, 0.999996489776549 ], [ 39.3636282278203, 66.147227883629967, 0.999996489776549 ], [ 39.402983164880425, 66.155524483790941, 0.999996489776549 ], [ 39.432576600942411, 66.161627375771786, 1.011296489776669 ], [ 39.433158797786746, 66.16174743902593, 0.999996489776549 ], [ 39.456100672818138, 66.155293096697278, 0.999996489776549 ], [ 39.456100672818138, 66.155293096697278, 0.999996489776549 ], [ 39.465825056213362, 66.16776726964963, 0.999996489776549 ], [ 39.540311006781849, 66.175509536911704, 0.999996489776549 ], [ 39.540311006781849, 66.175509536911704, 0.999996489776549 ], [ 39.563465198662016, 66.168129419118486, 0.999996489776549 ], [ 39.57715262460988, 66.177865218814986, 0.999996489776549 ], [ 39.57715262460988, 66.177865218814986, 0.999996489776549 ], [ 39.651240060084092, 66.186860376808909, 0.999996489776549 ], [ 39.673161267641262, 66.182666623684781, 0.999996489776549 ], [ 39.684340385359974, 66.19156259907686, 0.999996489776549 ], [ 39.684340385359974, 66.19156259907686, 0.999996489776549 ], [ 39.75839579888634, 66.19963432491204, 0.999996489776549 ], [ 39.781798421965505, 66.193574899269152, 0.999996489776549 ], [ 39.781798421965505, 66.193574899269152, 0.999996489776549 ], [ 39.791006343479239, 66.203340169588046, 0.999996489776549 ], [ 39.859934021853405, 66.220229786365962, 0.999996489776549 ], [ 39.882679171718337, 66.216289462594432, 0.999996489776549 ], [ 39.887873904437583, 66.227000302733359, 0.999996489776549 ], [ 39.967070708516985, 66.241447770069499, 0.999996489776549 ], [ 39.98615660111318, 66.237582573336113, 0.999996489776549 ], [ 39.990185000031488, 66.244614761217235, 0.999996489776549 ], [ 40.051115124635544, 66.260804786132212, 0.999996489776549 ], [ 40.078421777092444, 66.269364509873412, 0.999996489776549 ], [ 40.078421777106996, 66.269364509873412, 0.999996489776549 ], [ 40.127670551340998, 66.290987211606989, 0.999996489776549 ], [ 40.127670551340998, 66.290987211606989, 0.999996489776549 ], [ 40.158438229966123, 66.301033876068686, 0.999996489776549 ], [ 40.210351471814647, 66.320559358700848, 0.999996489776549 ], [ 40.243594235344062, 66.333613746650371, 0.999996489776549 ], [ 40.296334526108694, 66.359986455860053, 0.999996489776549 ], [ 40.323188302099879, 66.367188378670107, 0.999996489776549 ], [ 40.398251760059793, 66.377161779721064, 0.999996489776549 ], [ 40.398251760059793, 66.377161779721064, 0.999996489776549 ], [ 40.426799930053676, 66.384793219574931, 0.999996489776549 ], [ 40.42679993006459, 66.384793219574931, 0.999996489776549 ], [ 40.487444298571063, 66.400762401273823, 0.999996489776549 ], [ 40.52009749042918, 66.412690298595408, 0.999996489776549 ], [ 40.562240157516499, 66.438423962379602, 0.999996489776549 ], [ 40.562240157516499, 66.438423962379602, 0.999996489776549 ], [ 40.583067636121996, 66.448585495309089, 0.999996489776549 ], [ 40.583067636136548, 66.448585495309089, 0.999996489776549 ], [ 40.601872682527755, 66.474357771607174, 0.999996489776549 ], [ 40.601872682527755, 66.474357771607174, 0.999996489776549 ], [ 40.610059208189341, 66.481632321134384, 0.999996489776549 ], [ 40.623909178008034, 66.455838206999033, 1.859496489776575 ], [ 40.626173492906673, 66.451621158223134, 1.999996489776549 ], [ 40.624445365039719, 66.450085543208843, 1.999996489776549 ], [ 40.617012160881131, 66.439898351607553, 1.999996489776549 ], [ 40.566300933107414, 66.415156815695809, 1.999996489776549 ], [ 40.550814980859286, 66.405700597195391, 1.999996489776549 ], [ 40.485508597135777, 66.381844802548585, 1.999996489776549 ], [ 40.461845437708689, 66.375613698433881, 1.999996489776549 ], [ 40.389377681131009, 66.356241762347054, 1.999996489776549 ], [ 40.36138392034627, 66.352522335626418, 1.999996489776549 ], [ 40.286974403919885, 66.332566423530807, 1.999996489776549 ], [ 40.267178470690851, 66.322667493310291, 1.999996489776549 ], [ 40.200692943632021, 66.296558717389416, 1.999996489776549 ], [ 40.178516459945968, 66.288217752131459, 1.999996489776549 ], [ 40.178516459945968, 66.288217752131459, 1.999996489776549 ], [ 40.116981102666614, 66.268124423208064, 1.999996489776549 ], [ 40.093053554195649, 66.25761901973965, 1.999996489776549 ], [ 40.038440249270934, 66.240499572260887, 1.999996489776549 ], [ 40.00587663274564, 66.231846943959681, 1.999996489776549 ], [ 39.994836347410455, 66.212574433418922, 1.999996489776549 ], [ 39.994836347399541, 66.212574433433474, 1.999996489776549 ], [ 39.942529288364312, 66.223167444597493, 1.999996489776549 ], [ 39.900522988355078, 66.215504449421132, 1.999996489776549 ], [ 39.900522988344164, 66.215504449421132, 1.999996489776549 ], [ 39.889479121837212, 66.192733482184849, 1.999996489776549 ], [ 39.841123525406147, 66.201110507900012, 1.999996489776549 ], [ 39.802352686958329, 66.191610339177714, 1.999996489776549 ], [ 39.783936843927222, 66.172079798525374, 1.999996489776549 ], [ 39.783936843927222, 66.17207979851446, 1.999996489776549 ], [ 39.737131597768894, 66.184198649822065, 1.999996489776549 ], [ 39.697112756941351, 66.179836765535583, 1.999996489776549 ], [ 39.672977300509956, 66.16063056053099, 1.999996489776549 ], [ 39.672977300509956, 66.16063056053099, 1.999996489776549 ], [ 39.625649920704745, 66.169684776486974, 1.999996489776549 ], [ 39.588715249206871, 66.165200437619205, 1.999996489776549 ], [ 39.588715249206871, 66.165200437619205, 1.999996489776549 ], [ 39.561340397329332, 66.145728838240757, 1.999996489776549 ], [ 39.515032013550808, 66.160489073823555, 1.999996489776549 ], [ 39.472080112427648, 66.156024539297505, 1.999996489776549 ], [ 39.452631345622649, 66.131076193392801, 1.999996489776549 ], [ 39.452631345622649, 66.131076193381887, 1.999996489776549 ], [ 39.406184707604552, 66.14414323787787, 1.999996489776549 ], [ 39.406184707593638, 66.14414323787787, 1.999996489776549 ], [ 39.364406455653807, 66.135335767263314, 1.999996489776549 ], [ 39.364406455653807, 66.135335767263314, 1.999996489776549 ], [ 39.319310823895648, 66.128679410117911, 1.999996489776549 ], [ 39.260470665885805, 66.118440870806808, 1.999996489776549 ], [ 39.219091718241543, 66.106373351918592, 1.999996489776549 ], [ 39.219091718241543, 66.106373351918592, 1.999996489776549 ], [ 39.196862275162857, 66.083925562670629, 1.999996489776549 ], [ 39.196862275162857, 66.083925562670629, 1.999996489776549 ], [ 39.162057947767607, 66.096334298545116, 1.999996489776549 ], [ 39.162057947767607, 66.096334298545116, 1.999996489776549 ], [ 39.114383128515328, 66.089682107980479, 1.999996489776549 ], [ 39.114383128515328, 66.089682107980479, 1.999996489776549 ], [ 39.088815267328755, 66.070042121682491, 1.999996489776549 ], [ 39.088815267317841, 66.070042121697043, 1.999996489776549 ], [ 39.033400385957066, 66.065179241930309, 1.999996489776549 ], [ 38.974637318613532, 66.066536087364511, 1.999996489776549 ], [ 38.974637318613532, 66.066536087364511, 1.999996489776549 ], [ 38.94456233330493, 66.08083742814415, 1.999996489776549 ], [ 38.879690482866863, 66.081693476065993, 1.999996489776549 ], [ 38.856566027076042, 66.070193364659644, 1.999996489776549 ], [ 38.845400693160627, 66.078835467287718, 1.999996489776549 ], [ 38.797021143269376, 66.059785752870084, 1.999996489776549 ], [ 38.757901881202997, 66.034633298942936, 1.999996489776549 ], [ 38.742299182031275, 66.049656660095934, 1.999996489776549 ], [ 38.687989181657031, 66.047144150918029, 1.999996489776549 ], [ 38.687989181642479, 66.047144150918029, 1.999996489776549 ], [ 38.647714633825672, 66.030181048452505, 1.999996489776549 ], [ 38.622991011139675, 66.044002235557855, 1.999996489776549 ], [ 38.55083957264651, 66.054340294918802, 1.999996489776549 ], [ 38.550839572631958, 66.054340294918802, 1.999996489776549 ], [ 38.535595439832832, 66.048988909635227, 1.999996489776549 ], [ 38.474074380021193, 66.02409986492421, 1.999996489776549 ], [ 38.474074380006641, 66.02409986492421, 1.999996489776549 ], [ 38.420437184042385, 66.023361122439383, 1.999996489776549 ], [ 38.397034419554984, 66.037387748212495, 1.999996489776549 ], [ 38.397034419554984, 66.037387748227047, 1.999996489776549 ], [ 38.31969042167475, 66.055604607263376, 1.999996489776549 ], [ 38.319690421649284, 66.055604607263376, 1.999996489776549 ], [ 38.311262732087926, 66.056089684840117, 1.999996489776549 ], [ 38.311262732033356, 66.056089684840117, 1.999996489776549 ], [ 38.227112842097995, 66.051135535886715, 1.999996489776549 ], [ 38.199347486854094, 66.042437436157343, 1.999996489776549 ], [ 38.199347486854094, 66.042437436157343, 1.999996489776549 ], [ 38.18606773049396, 66.054727357033698, 1.999996489776549 ], [ 38.122318132929649, 66.05922620968704, 1.999996489776549 ], [ 38.087062606715335, 66.047729002111737, 1.999996489776549 ], [ 38.015504798182519, 66.054937364875514, 1.999996489776549 ], [ 37.977394012785226, 66.057100634159724, 1.999996489776549 ], [ 37.967388616889366, 66.070061639129563, 1.999996489776549 ], [ 37.967388616878452, 66.070061639129563, 1.999996489776549 ], [ 37.901530392864515, 66.072349310743448, 1.999996489776549 ], [ 37.86141087994838, 66.059391203823907, 1.999996489776549 ], [ 37.86141087994838, 66.059391203823907, 1.999996489776549 ], [ 37.850793487283227, 66.076338997070707, 1.999996489776549 ], [ 37.780795342445344, 66.100482737107086, 1.999996489776549 ], [ 37.779468490705767, 66.100129795733665, 1.999996489776549 ], [ 37.779468490694853, 66.100129795733665, 1.999996489776549 ], [ 37.779173637492931, 66.100666344031197, 1.999996489776549 ], [ 37.685812121810159, 66.091591281907313, 1.999996489776549 ], [ 37.63731696517425, 66.079193471039616, 1.999996489776549 ], [ 37.630135006013006, 66.100218979114288, 1.999996489776549 ], [ 37.584133868738718, 66.110523271861894, 1.999996489776549 ], [ 37.584133868738718, 66.110523271861894, 1.999996489776549 ], [ 37.531611512982636, 66.122901772057958, 1.999996489776549 ], [ 37.489562341757846, 66.135355736132624, 1.999996489776549 ], [ 37.437639053459861, 66.149001762398257, 1.999996489776549 ], [ 37.397470804069599, 66.165462740209477, 1.999996489776549 ], [ 37.397470804069599, 66.165462740209477, 1.999996489776549 ], [ 37.350893592116336, 66.176232604830147, 1.999996489776549 ], [ 37.35089359209087, 66.176232604830147, 1.999996489776549 ], [ 37.300390572912875, 66.191566031466209, 1.999996489776549 ], [ 37.248821319062699, 66.198728931853111, 1.999996489776549 ], [ 37.248821319062699, 66.198728931853111, 1.999996489776549 ], [ 37.195330061724235, 66.190315475989337, 1.999996489776549 ], [ 37.150848185090581, 66.217432590776298, 1.999996489776549 ], [ 37.105419089053612, 66.22109980008463, 1.999996489776549 ], [ 37.039016718088533, 66.226095060919761, 1.999996489776549 ], [ 37.000030000494007, 66.230158363359806, 1.999996489776549 ], [ 36.963563146295201, 66.212243110552663, 1.999996489776549 ], [ 36.927326685836306, 66.237406745480257, 1.999996489776549 ], [ 36.92732668582903, 66.237406745480257, 1.999996489776549 ], [ 36.889451111066592, 66.241491504373698, 1.999996489776549 ], [ 36.848945243091293, 66.222285890169587, 1.999996489776549 ], [ 36.848945243080379, 66.222285890169587, 1.999996489776549 ], [ 36.803858809489611, 66.224185725426651, 1.999996489776549 ], [ 36.770599312381819, 66.249999363433744, 1.999996489776549 ], [ 36.72754973355768, 66.253804242420301, 1.999996489776549 ], [ 36.72754973355768, 66.253804242420301, 1.999996489776549 ], [ 36.68729902227642, 66.233473962456628, 1.999996489776549 ], [ 36.687299022269144, 66.233473962456628, 1.999996489776549 ], [ 36.651968719463184, 66.254356873996585, 1.999996489776549 ], [ 36.612348689879582, 66.250853145746078, 1.999996489776549 ], [ 36.612348689854116, 66.250853145746078, 1.999996489776549 ], [ 36.573332862019015, 66.229982032673433, 1.999996489776549 ], [ 36.536077509605093, 66.253306537091703, 1.999996489776549 ], [ 36.485142704448663, 66.263682880948181, 1.999996489776549 ], [ 36.455680987364758, 66.249602310101182, 1.999996489776549 ], [ 36.429769158901763, 66.268564987236459, 1.999996489776549 ], [ 36.38538594005513, 66.268538246589742, 1.999996489776549 ], [ 36.346483690544119, 66.25021658566402, 1.999996489776549 ], [ 36.31555094075884, 66.276437679323863, 1.999996489776549 ], [ 36.251209163117892, 66.300374661488604, 1.999996489776549 ], [ 36.251209163106978, 66.300374661488604, 1.999996489776549 ], [ 36.234326836445689, 66.294938946586626, 1.999996489776549 ], [ 36.223332573263178, 66.304680315028236, 1.999996489776549 ], [ 36.159122137101804, 66.303580180378049, 1.999996489776549 ], [ 36.125980824483122, 66.290260937668791, 1.999996489776549 ], [ 36.078241135452117, 66.282535934926273, 1.999996489776549 ], [ 36.012522248489404, 66.290706079358642, 1.999996489776549 ], [ 35.989001405450836, 66.316339511937258, 1.999996489776549 ], [ 35.945969970864098, 66.323505842963641, 1.999996489776549 ], [ 35.945969970856822, 66.323505842963641, 1.999996489776549 ], [ 35.902696065397322, 66.305671062877082, 1.999996489776549 ], [ 35.882456229584932, 66.330656126297981, 1.999996489776549 ], [ 35.825009698215581, 66.34068214004219, 1.999996489776549 ], [ 35.794526994122862, 66.328903637553594, 1.999996489776549 ], [ 35.727682067325077, 66.337394481932279, 1.999996489776549 ], [ 35.684727812036726, 66.341801901780855, 1.999996489776549 ], [ 35.673221966826532, 66.357724335641251, 1.999996489776549 ], [ 35.61379094134827, 66.355386795770755, 1.999996489776549 ], [ 35.565695315963239, 66.338573954097228, 1.999996489776549 ], [ 35.565695315955963, 66.338573954097228, 1.999996489776549 ], [ 35.55068947088148, 66.3631256681183, 1.999996489776549 ], [ 35.506251118189539, 66.370163164934638, 1.999996489776549 ], [ 35.457530842788401, 66.354961240074772, 1.999996489776549 ], [ 35.445834957845364, 66.38125371903152, 1.999996489776549 ], [ 35.445834957838088, 66.38125371903152, 1.999996489776549 ], [ 35.406848716782406, 66.391194070540223, 1.999996489776549 ], [ 35.357583689441526, 66.377957703334687, 1.999996489776549 ], [ 35.349794326324627, 66.406550361421978, 1.999996489776549 ], [ 35.32043675794921, 66.41962736028654, 1.999996489776549 ], [ 35.263125106223015, 66.435030178774468, 1.999996489776549 ], [ 35.220992492613732, 66.461801117005962, 1.999996489776549 ], [ 35.199357120101922, 66.46742821783846, 1.999996489776549 ], [ 35.199357120091008, 66.46742821783846, 1.999996489776549 ], [ 35.138056032250461, 66.46810280876889, 1.999996489776549 ], [ 35.078456760333211, 66.487362691652379, 1.999996489776549 ], [ 35.052757219415071, 66.497484317420458, 1.999996489776549 ], [ 34.992218659244827, 66.518179159033025, 1.999996489776549 ], [ 34.992218659219361, 66.518179159033025, 1.999996489776549 ], [ 34.970163972688169, 66.532878646885365, 1.999996489776549 ], [ 34.913670988571539, 66.54875029672985, 1.999996489776549 ], [ 34.882003260834608, 66.553505809628405, 1.999996489776549 ], [ 34.808329347644758, 66.565884883038962, 1.999996489776549 ], [ 34.780046937776206, 66.596151316894975, 1.999996489776549 ], [ 34.76204431619044, 66.562773360081337, 1.999996489776549 ], [ 34.762044316175889, 66.562773360081337, 1.999996489776549 ], [ 34.689657633811294, 66.5445712946821, 1.999996489776549 ], [ 34.650646081972809, 66.539609307048522, 1.999996489776549 ], [ 34.650646081958257, 66.539609307048522, 1.999996489776549 ], [ 34.638278313279443, 66.523011137276626, 1.999996489776549 ], [ 34.603454932730529, 66.532426959802251, 1.999996489776549 ], [ 34.560955154880503, 66.519563803107303, 1.999996489776549 ], [ 34.560955154880503, 66.519563803107303, 1.999996489776549 ], [ 34.544131700553407, 66.496477620021324, 1.999996489776549 ], [ 34.544131700553407, 66.49647762001041, 1.999996489776549 ], [ 34.529350939352298, 66.47553909997805, 1.999996489776549 ], [ 34.529350939345022, 66.475539099992602, 1.999996489776549 ], [ 34.510064440255519, 66.456356582559238, 1.999996489776549 ], [ 34.433290399545513, 66.532261372045468, 1.999996489776549 ], [ 34.433290399538237, 66.532261372045468, 1.999996489776549 ], [ 34.405672460048663, 66.541775302477618, 1.999996489776549 ], [ 34.388450467980874, 66.555612162090256, 1.999996489776549 ], [ 34.336151755163883, 66.574345683369756, 1.999996489776549 ], [ 34.278953215383808, 66.607854297271842, 1.999996489776549 ], [ 34.274475345402607, 66.612217306701496, 1.999996489776549 ], [ 34.201519497863046, 66.63677809192086, 1.999996489776549 ], [ 34.201519497848494, 66.63677809192086, 1.999996489776549 ], [ 34.193343609975273, 66.636677101709211, 1.999996489776549 ], [ 34.105265243229951, 66.646809116449731, 1.999996489776549 ], [ 34.105265243204485, 66.646809116449731, 1.999996489776549 ], [ 34.085114465819061, 66.652874924580829, 1.999996489776549 ], [ 34.012223071775225, 66.662011574873759, 1.999996489776549 ], [ 33.977349254910223, 66.659745398999803, 1.999996489776549 ], [ 33.926472671631927, 66.641187991564948, 1.999996489776549 ], [ 33.926472671624651, 66.641187991554034, 1.999996489776549 ], [ 33.883507133057719, 66.67210950079243, 1.999996489776549 ], [ 33.864762408738898, 66.676244840902655, 1.999996489776549 ], [ 33.788915473454836, 66.703579821525636, 1.999996489776549 ], [ 33.78260746488013, 66.709621282829175, 1.999996489776549 ], [ 33.770968231383449, 66.711971777865983, 1.999996489776549 ], [ 33.706912273395574, 66.736288309184602, 1.999996489776549 ], [ 33.647366896704625, 66.754976346092008, 1.999996489776549 ], [ 33.634814468747209, 66.756731558842148, 1.999996489776549 ], [ 33.630841697435244, 66.75767825101866, 1.999996489776549 ], [ 33.594812837876816, 66.727740166417789, 1.999996489776549 ], [ 33.594812837876816, 66.727740166417789, 1.999996489776549 ], [ 33.589013667591644, 66.725318257733306, 1.999996489776549 ], [ 33.57368607634271, 66.699373100633238, 1.999996489776549 ], [ 33.526457436408236, 66.718878639268951, 1.999996489776549 ], [ 33.489579527002206, 66.731081950001681, 1.999996489776549 ], [ 33.489579526987654, 66.731081950001681, 1.999996489776549 ], [ 33.486005388134799, 66.732850062908255, 1.999996489776549 ], [ 33.473332035635394, 66.731321287054016, 1.999996489776549 ], [ 33.473332035628118, 66.731321287054016, 1.999996489776549 ], [ 33.404031392212346, 66.71861989572426, 1.999996489776549 ], [ 33.341874618807196, 66.689150858968787, 1.999996489776549 ], [ 33.324213969302946, 66.731356507232704, 1.999996489776549 ], [ 33.315226290691498, 66.734882864511746, 1.999996489776549 ], [ 33.22488019469165, 66.74816499926601, 1.999996489776549 ], [ 33.221801820171095, 66.749012267464423, 1.999996489776549 ], [ 33.20518526536398, 66.757568594286568, 1.999996489776549 ], [ 33.205185265356704, 66.757568594286568, 1.999996489776549 ], [ 33.140811601268069, 66.714214738236478, 1.999996489776549 ], [ 33.139457723947999, 66.714482490599039, 1.999996489776549 ], [ 33.140380567707325, 66.713086808740627, 1.999996489776549 ], [ 33.140515794817475, 66.713077092797903, 1.999996489776549 ], [ 33.140515794832027, 66.713077092797903, 1.999996489776549 ], [ 33.22761088376501, 66.696132403660158, 1.999996489776549 ], [ 33.300503455851867, 66.635275224252837, 1.999996489776549 ], [ 33.302202018046955, 66.633802134925645, 1.999996489776549 ], [ 33.375565040671063, 66.62707088901152, 1.999996489776549 ], [ 33.375565040692891, 66.62707088901152, 1.999996489776549 ], [ 33.394063093415753, 66.62425721703039, 1.999996489776549 ], [ 33.448110334898956, 66.600720091915719, 1.999996489776549 ], [ 33.457304924388154, 66.592103794384457, 1.999996489776549 ], [ 33.481920712238207, 66.565062203357229, 1.999996489776549 ], [ 33.456998054698488, 66.518418217630824, 1.999996489776549 ], [ 33.423895627867751, 66.530238986713812, 1.999996489776549 ], [ 33.42389562788594, 66.53023898669926, 1.999996489776549 ], [ 33.484438193048845, 66.478428453807282, 1.999996489776549 ], [ 33.484438193067035, 66.478428453781817, 1.999996489776549 ], [ 33.483595378645987, 66.483855703838344, 1.999996489776549 ], [ 33.509176432697132, 66.472361448792071, 1.999996489776549 ], [ 33.490552891911648, 66.474497250186687, 1.775796489776667 ], [ 33.486676098775206, 66.474941852000484, 1.930896489776615 ], [ 33.458105135196092, 66.478218452539295, 0.999996489776549 ], [ 33.359052813935705, 66.562984493350086, 0.999996489776549 ], [ 33.445319027341611, 66.53217910883177, 0.999996489776549 ], [ 33.445319027348887, 66.532179108820856, 0.999996489776549 ], [ 33.457780356122385, 66.555501101673144, 0.999996489776549 ], [ 33.44547246219372, 66.569021897194034, 0.999996489776549 ], [ 33.422670167452452, 66.590390045956156, 0.999996489776549 ], [ 33.395646546712669, 66.602158608511672, 0.999996489776549 ], [ 33.334887520348275, 66.611400444508035, 0.999996489776549 ], [ 33.334887520340999, 66.611400444508035, 0.999996489776549 ], [ 33.298206009021669, 66.614766067457822, 0.999996489776549 ], [ 33.258371727926715, 66.649312612120411, 0.999996489776549 ], [ 33.221925441881467, 66.679741201831348, 0.999996489776549 ], [ 33.178377897420432, 66.688213546392944, 0.999996489776549 ], [ 33.178377897413156, 66.688213546392944, 0.999996489776549 ], [ 33.124795283860294, 66.692063404367218, 0.999996489776549 ], [ 33.112206301168044, 66.71110261305148, 0.999996489776549 ], [ 33.069219098117173, 66.697219104076794, 0.999996489776549 ], [ 33.032890415601287, 66.694103726276808, 0.999996489776549 ], [ 33.020935711589118, 66.695250988497719, 1.073396489776542 ], [ 33.015717048703664, 66.695751810158981, 0.999996489776549 ], [ 33.007575583938888, 66.70691891926981, 0.999996489776549 ], [ 32.952295352795772, 66.753407120981137, 0.999996489776549 ], [ 32.945207744469371, 66.757706178847002, 0.999996489776549 ], [ 32.945239062810288, 66.760363172426878, 0.999996489776549 ], [ 32.899453686753986, 66.781044828509039, 0.999996489776549 ], [ 32.882471930770407, 66.782845888887095, 0.999996489776549 ], [ 32.882471930759493, 66.782845888887095, 0.999996489776549 ], [ 32.838603791868081, 66.808770807059773, 0.999996489776549 ], [ 32.824475790690485, 66.795399699050904, 0.999996489776549 ], [ 32.796155134827131, 66.80201740569828, 0.999996489776549 ], [ 32.732189869653666, 66.825472226882994, 0.999996489776549 ], [ 32.70931175642545, 66.818477281562082, 0.999996489776549 ], [ 32.704058079187234, 66.821017059257429, 1.074096489776593 ], [ 32.686425781001162, 66.82954101600626, 1.065596489776681 ], [ 32.673094146495714, 66.8347339828033, 1.051896489776709 ], [ 32.669515908954054, 66.836127785540157, 0.999996489776549 ], [ 32.650752326931979, 66.867030755460291, 0.999996489776549 ], [ 32.595420330781053, 66.894571722521505, 0.999996489776549 ], [ 32.556614709064888, 66.880105302447191, 0.999996489776549 ], [ 32.554332133659045, 66.880994416100293, 1.02779648977662 ], [ 32.550742113609886, 66.882392808398436, 0.999996489776549 ], [ 32.574859999145701, 66.910788297591353, 0.999996489776549 ], [ 32.583611091544299, 66.924119692022941, 0.999996489776549 ], [ 32.606981470922619, 66.937428052682662, 0.999996489776549 ], [ 32.606981470929895, 66.937428052682662, 0.999996489776549 ], [ 32.60674063155966, 66.938193678968673, 0.999996489776549 ], [ 32.607251061912393, 66.937560855159973, 0.999996489776549 ], [ 32.60842087342462, 66.937949527411547, 0.999996489776549 ], [ 32.668827132998558, 66.957161096052005, 0.999996489776549 ], [ 32.713637784505408, 66.959479953438859, 0.999996489776549 ], [ 32.766975262988126, 66.945047455930762, 0.999996489776549 ], [ 32.772383986390196, 66.944293827058573, 0.999996489776549 ], [ 32.775189105868776, 66.943621801277914, 0.999996489776549 ] ] ] ] } },
{ "type": "Feature", "properties": { "gid": 23, "objectid": 23.0, "shape_leng": 3.7121600520900002, "shape_area": 0.063282865265199995, "z_mean": 1.5672152911399999 }, "geometry": { "type": "MultiPolygon", "coordinates": [ [ [ [ 35.954367458176421, 65.20242281226092, 1.999996489776549 ], [ 35.970585782135458, 65.199524684441712, 1.999996489776549 ], [ 35.981529161392245, 65.204651591157017, 1.999996489776549 ], [ 35.981529161399521, 65.204651591157017, 1.999996489776549 ], [ 36.0065262512544, 65.202462463388656, 0.918196489776619 ], [ 36.012314980744122, 65.201955513632129, 1.999996489776549 ], [ 36.018638186214957, 65.193661890138173, 1.999996489776549 ], [ 36.032043206512753, 65.186945688044943, 1.999996489776549 ], [ 36.045409856316837, 65.1804994977756, 1.999996489776549 ], [ 36.057070068003668, 65.172336327366793, 1.999996489776549 ], [ 36.075071371909871, 65.161146104026557, 1.999996489776549 ], [ 36.083981266649062, 65.160549467866076, 1.999996489776549 ], [ 36.114425615523942, 65.165164668123907, 1.999996489776549 ], [ 36.122373107875319, 65.164874018675619, 1.365196489776508 ], [ 36.137944337322551, 65.164304559897573, 1.999996489776549 ], [ 36.160167238675058, 65.161323126561911, 1.999996489776549 ], [ 36.178247592586558, 65.164775652923709, 1.999996489776549 ], [ 36.198862190060026, 65.161175678200379, 0.579796489776527 ], [ 36.20333481021953, 65.16039461422406, 0.877996489776706 ], [ 36.221226448076777, 65.157270156218146, 1.999996489776549 ], [ 36.234975486808253, 65.150245106204238, 0.572996489776642 ], [ 36.25254656144898, 65.141267192866508, 1.999996489776549 ], [ 36.24725116546324, 65.13826609597163, 1.999996489776549 ], [ 36.254987395099306, 65.125916940090974, 1.999996489776549 ], [ 36.253081200666202, 65.116181309327658, 1.150296489776565 ], [ 36.2529803587895, 65.115666273090028, 1.174596489776604 ], [ 36.251037902518874, 65.105745439897873, 1.999996489776549 ], [ 36.234386156738765, 65.108225133946689, 2.620196489776617 ], [ 36.205557709192362, 65.112518121044559, 1.999996489776549 ], [ 36.206598399432551, 65.108114333594131, 1.999996489776549 ], [ 36.204199742282071, 65.106922331495298, 1.999996489776549 ], [ 36.202819220819947, 65.107694427395472, 1.94339648977666 ], [ 36.19448592860499, 65.112355058128742, 1.999996489776549 ], [ 36.194485928594077, 65.112355058128742, 1.999996489776549 ], [ 36.178470935090445, 65.110122208170651, 2.131996489776611 ], [ 36.155188183271093, 65.106876069388818, 2.043996489776646 ], [ 36.152447233962448, 65.10649391946572, 1.999996489776549 ], [ 36.147768051421735, 65.105799550387019, 2.029096489776521 ], [ 36.10825027419196, 65.099935294707393, 2.097996489776506 ], [ 36.10727295430479, 65.099790264946932, 1.999996489776549 ], [ 36.103690011314029, 65.099622713394638, 2.10269648977669 ], [ 36.076997803658742, 65.098374487904948, 2.211496489776664 ], [ 36.056419021984766, 65.097412148625153, 2.126396489776653 ], [ 36.056185802961409, 65.097401242444903, 2.107296489776672 ], [ 36.055762537671399, 65.097381449013483, 2.121296489776569 ], [ 36.03635162192586, 65.096473723420786, 1.999996489776549 ], [ 36.03635162192586, 65.096473723420786, 1.999996489776549 ], [ 36.034530603326857, 65.082043914899259, 2.166096489776692 ], [ 36.034427753271302, 65.081228927865595, 2.178896489776662 ], [ 36.03437025850144, 65.080773337493156, 2.178696489776712 ], [ 36.031982285843696, 65.06185096716581, 2.233496489776599 ], [ 36.031799751173821, 65.060404556748836, 1.999996489776549 ], [ 36.027526736299478, 65.044321374654828, 1.999996489776549 ], [ 36.027526736292202, 65.044321374654828, 1.999996489776549 ], [ 36.028066127957572, 65.042771237949637, 1.999996489776549 ], [ 36.031415182216733, 65.041536601114785, 1.999996489776549 ], [ 36.031415182224009, 65.041536601107509, 1.999996489776549 ], [ 36.057078838133748, 65.037009227791714, 1.999996489776549 ], [ 36.062384410051891, 65.029414219858154, 1.999996489776549 ], [ 36.081977342822938, 65.02971914466616, 1.999996489776549 ], [ 36.083392125328828, 64.999114114452823, 1.999996489776549 ], [ 36.064609127010044, 64.981314746150019, 1.999996489776549 ], [ 36.064609127010044, 64.981314746160933, 1.999996489776549 ], [ 36.05430643422369, 64.973671696250676, 1.999996489776549 ], [ 36.054306434216414, 64.973671696250676, 1.999996489776549 ], [ 36.00838970397308, 64.963927486889588, 1.999996489776549 ], [ 36.002781199440506, 64.964030978571827, 2.129096489776657 ], [ 35.977524666261161, 64.964497028126061, 2.141396489776525 ], [ 35.951318974730384, 64.964980592158099, 2.090596489776544 ], [ 35.947612526506418, 64.965048985890462, 2.072796489776692 ], [ 35.944554099700326, 64.965105421917542, 1.999996489776549 ], [ 35.911516580821626, 64.95450646421159, 1.999996489776549 ], [ 35.902699222686351, 64.953739420012425, 2.162396489776711 ], [ 35.881739061198459, 64.951916042748053, 2.154796489776572 ], [ 35.856928319404687, 64.949757693801075, 2.108496489776599 ], [ 35.845679293426656, 64.948779112684861, 2.113996489776582 ], [ 35.82391785375512, 64.946886030218593, 2.11609648977651 ], [ 35.812514857723727, 64.945894054853852, 1.999996489776549 ], [ 35.788519878784427, 64.940076108920039, 1.999996489776549 ], [ 35.771890513562539, 64.939951928870869, 1.999996489776549 ], [ 35.767588101040019, 64.936442508234904, 1.999996489776549 ], [ 35.760052750069008, 64.940063966543676, 1.999996489776549 ], [ 35.734769734892325, 64.933708940181532, 1.999996489776549 ], [ 35.732024106491735, 64.933791435152671, 1.999996489776549 ], [ 35.716073365256307, 64.93775817286587, 1.354796489776618 ], [ 35.687416625300102, 64.944884723878204, 1.999996489776549 ], [ 35.686605811526533, 64.945241656387225, 1.999996489776549 ], [ 35.686412792769261, 64.948927452231146, 1.999996489776549 ], [ 35.676151911880879, 64.952543858671561, 1.999996489776549 ], [ 35.657384007896326, 64.949968695906136, 1.999996489776549 ], [ 35.639799036685872, 64.956897585401748, 1.999996489776549 ], [ 35.633489212988934, 64.959742443952564, 1.999996489776549 ], [ 35.619469116012624, 64.961204405241006, 1.999996489776549 ], [ 35.604332372946374, 64.961444486889377, 1.999996489776549 ], [ 35.578806455880112, 64.958101611278835, 1.999996489776549 ], [ 35.57461218068056, 64.962299694077956, 1.999996489776549 ], [ 35.568357756696059, 64.962069376382715, 1.999996489776549 ], [ 35.523323988378252, 64.971884985439829, 1.999996489776549 ], [ 35.519952807870141, 65.001099572473322, 1.972396489776656 ], [ 35.518926137181552, 65.009996681394114, 1.999996489776549 ], [ 35.513373667021369, 65.022303449408355, 1.999996489776549 ], [ 35.496456234053767, 65.031023078659928, 1.999996489776549 ], [ 35.48396838978806, 65.050278092407098, 1.999996489776549 ], [ 35.483968389777147, 65.050278092418012, 1.999996489776549 ], [ 35.473418597153795, 65.060402894323488, 1.999996489776549 ], [ 35.48093026366405, 65.089879561000998, 1.999996489776549 ], [ 35.47939289520582, 65.094018627383775, 1.999996489776549 ], [ 35.479946111656318, 65.095717449952645, 1.999996489776549 ], [ 35.479946111649042, 65.095717449952645, 1.999996489776549 ], [ 35.481366633037396, 65.112837261545792, 1.999996489776549 ], [ 35.490254031312361, 65.120831259042461, 1.999996489776549 ], [ 35.487502177391434, 65.130674900006852, 1.999996489776549 ], [ 35.50171630744444, 65.138582428280642, 1.999996489776549 ], [ 35.520790401715203, 65.138228242827608, 1.999996489776549 ], [ 35.522956939126743, 65.124814149505255, 1.999996489776549 ], [ 35.529814233872457, 65.11640933313538, 1.999996489776549 ], [ 35.547875781427138, 65.115535512526549, 1.999996489776549 ], [ 35.56032832967685, 65.111293218036735, 1.999996489776549 ], [ 35.587139757230034, 65.148763168352161, 1.999996489776549 ], [ 35.589171745090425, 65.150003234768519, 1.999996489776549 ], [ 35.592686450032488, 65.151488197854633, 1.999996489776549 ], [ 35.617642675140814, 65.15947307260285, 1.999996489776549 ], [ 35.644042536059715, 65.171194755115721, 1.999996489776549 ], [ 35.644216936321754, 65.171225580525061, 1.999996489776549 ], [ 35.644284852940473, 65.171322812697326, 1.999996489776549 ], [ 35.644284852947749, 65.171322812697326, 1.999996489776549 ], [ 35.678197139252006, 65.182038107301196, 1.999996489776549 ], [ 35.681693926897424, 65.182676054100739, 1.999996489776549 ], [ 35.699791313727474, 65.188137672837911, 1.999996489776549 ], [ 35.718445285019698, 65.184966881199216, 1.999996489776549 ], [ 35.732066781452886, 65.186005335453956, 1.999996489776549 ], [ 35.732066781460162, 65.186005335453956, 1.999996489776549 ], [ 35.744851578907401, 65.19223671801592, 1.999996489776549 ], [ 35.760146800988878, 65.188000953181472, 1.999996489776549 ], [ 35.77300439143437, 65.185934027449548, 1.999996489776549 ], [ 35.773004391448922, 65.185934027442272, 1.999996489776549 ], [ 35.78998505880736, 65.187949817882327, 1.999996489776549 ], [ 35.798232236473268, 65.190065439510363, 1.999996489776549 ], [ 35.798232236480544, 65.190065439510363, 1.999996489776549 ], [ 35.801757879056822, 65.192269466402649, 1.999996489776549 ], [ 35.809780607643916, 65.189206806375296, 1.999996489776549 ], [ 35.836734600150521, 65.186874466027803, 1.999996489776549 ], [ 35.858232576261798, 65.178179975471721, 1.999996489776549 ], [ 35.861849346667441, 65.163315005505865, 1.999996489776549 ], [ 35.863779113318742, 65.157799929831526, 1.999996489776549 ], [ 35.875311004925607, 65.142601773593924, 1.999996489776549 ], [ 35.877409928285488, 65.138827682432748, 1.999996489776549 ], [ 35.883109450263873, 65.124156449219299, 1.999996489776549 ], [ 35.883109450260235, 65.124156449212023, 1.999996489776549 ], [ 35.886754295901483, 65.109682082435029, 1.999996489776549 ], [ 35.886754295901483, 65.109682082424115, 1.999996489776549 ], [ 35.906645205661334, 65.094607852093759, 1.999996489776549 ], [ 35.919597626118048, 65.096451743600483, 1.999996489776549 ], [ 35.936283438833925, 65.090602703730838, 1.999996489776549 ], [ 35.936283438841201, 65.090602703723562, 1.999996489776549 ], [ 35.949452868917433, 65.106421900236455, 1.999996489776549 ], [ 35.953328190251341, 65.11118456902841, 1.999996489776549 ], [ 35.942390476360742, 65.125948995268118, 1.999996489776549 ], [ 35.942113096007233, 65.133742914884351, 1.999996489776549 ], [ 35.922829071714659, 65.144442168482783, 1.999996489776549 ], [ 35.915418937263894, 65.160317539037351, 1.999996489776549 ], [ 35.924647933021333, 65.173139695110876, 1.999996489776549 ], [ 35.927487657900201, 65.179376484386012, 1.999996489776549 ], [ 35.927033280833712, 65.190444299976662, 1.999996489776549 ], [ 35.929775439639343, 65.202646900073887, 1.999996489776549 ], [ 35.935884576378157, 65.205500375457632, 1.999996489776549 ], [ 35.942649523880391, 65.203507471720513, 1.999996489776549 ], [ 35.954367458176421, 65.20242281226092, 1.999996489776549 ] ], [ [ 35.867603069757024, 65.09235705375977, 0.999996489776549 ], [ 35.876539344902994, 65.0977941675701, 0.999996489776549 ], [ 35.871179725134425, 65.119078224612167, 0.999996489776549 ], [ 35.868329964141594, 65.126413841215253, 0.999996489776549 ], [ 35.858388414522778, 65.144289825653686, 0.999996489776549 ], [ 35.853914113726205, 65.150186613864207, 0.999996489776549 ], [ 35.846419371195225, 65.171605818173703, 0.999996489776549 ], [ 35.845168358493538, 65.176747495454038, 0.999996489776549 ], [ 35.837732376079657, 65.179754851986218, 0.999996489776549 ], [ 35.819223033719027, 65.18135647305462, 0.999996489776549 ], [ 35.819223033719027, 65.18135647305462, 0.999996489776549 ], [ 35.813184374634147, 65.175828843668569, 0.999996489776549 ], [ 35.79957373993966, 65.181399862569378, 0.999996489776549 ], [ 35.792732529400382, 65.179644908945193, 0.999996489776549 ], [ 35.784242195728439, 65.178637013719708, 0.999996489776549 ], [ 35.758218400496844, 65.182820476595225, 0.999996489776549 ], [ 35.750570789456106, 65.184938359005173, 0.999996489776549 ], [ 35.744178390734305, 65.181822667727829, 0.999996489776549 ], [ 35.744178390745219, 65.181822667720553, 0.999996489776549 ], [ 35.716642642513762, 65.179723440596717, 0.999996489776549 ], [ 35.707315656862193, 65.18130883642516, 0.999996489776549 ], [ 35.707315656854917, 65.181308836432436, 0.999996489776549 ], [ 35.698266963448987, 65.178578027054755, 0.999996489776549 ], [ 35.698266963456263, 65.178578027054755, 0.999996489776549 ], [ 35.678183569627436, 65.174914053652174, 0.999996489776549 ], [ 35.661227426473488, 65.16955640634842, 0.999996489776549 ], [ 35.654179517026932, 65.159466177228751, 0.999996489776549 ], [ 35.636081268032285, 65.156267377562472, 0.999996489776549 ], [ 35.622881337567378, 65.150406536300579, 0.999996489776549 ], [ 35.606533436519385, 65.14517593985147, 0.999996489776549 ], [ 35.587126729165902, 65.106050669262913, 0.999996489776549 ], [ 35.587126729154988, 65.106050669248361, 0.999996489776549 ], [ 35.576506772038556, 65.112098144840274, 0.999996489776549 ], [ 35.558599164840416, 65.087071609017585, 0.999996489776549 ], [ 35.539067444482498, 65.093725614158757, 0.999996489776549 ], [ 35.531332682188804, 65.094099823210854, 0.999996489776549 ], [ 35.5189784695649, 65.109242074755457, 0.999996489776549 ], [ 35.515075200863066, 65.13340912141939, 0.999996489776549 ], [ 35.505538153720408, 65.133586214145907, 0.999996489776549 ], [ 35.49843108870482, 65.129632449999917, 0.999996489776549 ], [ 35.503347813897562, 65.112044862096809, 0.999996489776549 ], [ 35.50241135233955, 65.111202537813369, 0.999996489776549 ], [ 35.502411352350464, 65.111202537813369, 0.999996489776549 ], [ 35.502261672572786, 65.109398630185751, 0.999996489776549 ], [ 35.497196447602619, 65.093844313691079, 0.999996489776549 ], [ 35.501568140472955, 65.082074378598918, 0.999996489776549 ], [ 35.517621530827455, 65.064955281901348, 0.999996489776549 ], [ 35.521548727439949, 65.062835967306455, 0.999996489776549 ], [ 35.54114903252048, 65.05830959301602, 0.999996489776549 ], [ 35.541149032527755, 65.05830959301602, 0.999996489776549 ], [ 35.551239696142147, 65.050574298311403, 0.999996489776549 ], [ 35.560551268688869, 65.045271875056642, 0.999996489776549 ], [ 35.585087883584492, 65.035548571224354, 0.999996489776549 ], [ 35.593525342694193, 65.033871574894874, 0.999996489776549 ], [ 35.593525342708745, 65.033871574894874, 0.999996489776549 ], [ 35.626926861979882, 65.028468704036641, 0.999996489776549 ], [ 35.643824733258953, 65.031845261106355, 0.999996489776549 ], [ 35.666305239796202, 65.031912834627292, 0.999996489776549 ], [ 35.683645235843869, 65.02434316781364, 0.999996489776549 ], [ 35.707733860697772, 65.015190783447906, 0.999996489776549 ], [ 35.715712916342454, 65.008676926896442, 0.999996489776549 ], [ 35.717701400833903, 64.994234250094451, 0.999996489776549 ], [ 35.717701400833903, 64.994234250087175, 0.999996489776549 ], [ 35.702762788805558, 64.983080799305753, 0.999996489776549 ], [ 35.702762788798282, 64.983080799298477, 0.999996489776549 ], [ 35.696558153336809, 64.970490433624946, 0.999996489776549 ], [ 35.697171264022472, 64.958782799618348, 0.999996489776549 ], [ 35.720776996931818, 64.948391167654336, 0.999996489776549 ], [ 35.723221776541322, 64.945172887280933, 0.999996489776549 ], [ 35.727742304607091, 64.946658988053969, 0.999996489776549 ], [ 35.746683472334553, 64.946089883014793, 0.999996489776549 ], [ 35.761731659105862, 64.949872328375932, 0.999996489776549 ], [ 35.773619613348274, 64.968231948292669, 0.999996489776549 ], [ 35.774982387036289, 64.968526795368234, 0.999996489776549 ], [ 35.774982387036289, 64.968526795368234, 0.999996489776549 ], [ 35.806107682423317, 64.96614752367168, 0.999996489776549 ], [ 35.827208568520291, 64.973693072584865, 0.999996489776549 ], [ 35.84500328699869, 64.977563554457447, 0.999996489776549 ], [ 35.864228599202761, 64.984393545717467, 0.999996489776549 ], [ 35.864228599210037, 64.984393545717467, 0.999996489776549 ], [ 35.868320811787271, 64.995278160276939, 0.999996489776549 ], [ 35.888081748864352, 64.991294571289473, 0.999996489776549 ], [ 35.895329337497969, 64.986286277526233, 0.999996489776549 ], [ 35.920168416549132, 64.987061851414182, 0.999996489776549 ], [ 35.927522431105899, 64.988883871763392, 0.999996489776549 ], [ 35.944705141271697, 65.001453754935937, 0.999996489776549 ], [ 35.950610323616274, 65.008442284826742, 0.999996489776549 ], [ 35.967866639457498, 65.003492345043924, 0.999996489776549 ], [ 35.976354665293911, 64.997867855428922, 0.999996489776549 ], [ 36.007056278220261, 64.994542546530283, 0.999996489776549 ], [ 36.010708583642554, 64.99197917690617, 0.999996489776549 ], [ 36.018190658785898, 64.993566983921482, 0.999996489776549 ], [ 36.028204653721332, 65.000995861631964, 0.999996489776549 ], [ 36.045716639298917, 65.010256842677336, 0.999996489776549 ], [ 36.037456889222085, 65.022125225492346, 0.999996489776549 ], [ 36.032104404061101, 65.027094840777863, 0.999996489776549 ], [ 36.020139367734373, 65.031505779970757, 0.999996489776549 ], [ 36.013693368156964, 65.050030687321851, 0.999996489776549 ], [ 36.015829875585041, 65.058072278377949, 0.999996489776549 ], [ 35.998851782751444, 65.062390447139478, 0.999996489776549 ], [ 35.976974385881476, 65.062501045435056, 0.999996489776549 ], [ 35.971221008279826, 65.070947064024949, 0.999996489776549 ], [ 35.9551295688143, 65.065005729586119, 0.999996489776549 ], [ 35.938966472462198, 65.063380763960595, 0.999996489776549 ], [ 35.929021248204663, 65.070368099412008, 0.999996489776549 ], [ 35.914920408427861, 65.073851773679053, 0.999996489776549 ], [ 35.910173762353224, 65.075515661592362, 0.999996489776549 ], [ 35.902377093680116, 65.074405736912013, 0.999996489776549 ], [ 35.883044615766266, 65.068354508541233, 0.999996489776549 ], [ 35.877106959997036, 65.077281303954805, 0.999996489776549 ], [ 35.86775976262652, 65.083857566674851, 0.999996489776549 ], [ 35.867603069757024, 65.09235705375977, 0.999996489776549 ] ] ] ] } },
{ "type": "Feature", "properties": { "gid": 24, "objectid": 24.0, "shape_leng": 3.0671696772, "shape_area": 0.035164308539099999, "z_mean": 1.5148468416200001 }, "geometry": { "type": "MultiPolygon", "coordinates": [ [ [ [ 40.02667340120388, 65.109704728249199, 0.999996489776549 ], [ 40.079944720735512, 65.09105370269026, 0.999996489776549 ], [ 40.079944720746425, 65.091053702682984, 0.999996489776549 ], [ 40.075668188033887, 65.09897866942265, 0.999996489776549 ], [ 40.100985116016091, 65.077646982015722, 0.999996489776549 ], [ 40.100985116030643, 65.077646982008446, 0.999996489776549 ], [ 40.136169714456628, 65.02963214446936, 0.999996489776549 ], [ 40.161169092225464, 65.000429270217865, 0.999996489776549 ], [ 40.166548332235834, 64.984751635285647, 0.999996489776549 ], [ 40.180530363701109, 64.955771783737873, 0.999996489776549 ], [ 40.172848270554823, 64.924280590475973, 0.999996489776549 ], [ 40.172848270540271, 64.92428059046506, 0.999996489776549 ], [ 40.215247432104661, 64.915778044774925, 0.999996489776549 ], [ 40.215247432115575, 64.915778044774925, 0.999996489776549 ], [ 40.169254450596782, 64.869033837632742, 0.999996489776549 ], [ 40.121108728013496, 64.836313644787879, 0.999996489776549 ], [ 40.116437793767545, 64.830512995453319, 0.999996489776549 ], [ 40.114675631437422, 64.829382237756363, 0.999996489776549 ], [ 40.111825532825605, 64.827121493864979, 0.999996489776549 ], [ 40.110293972520594, 64.783930239860638, 0.999996489776549 ], [ 40.030094519257545, 64.785807960230159, 0.999996489776549 ], [ 39.983262703273795, 64.777431263129984, 0.999996489776549 ], [ 39.938207950170181, 64.751296682446991, 0.999996489776549 ], [ 39.938207950170181, 64.751296682446991, 0.999996489776549 ], [ 39.936813051466743, 64.750319492908602, 0.999996489776549 ], [ 39.936813051466743, 64.750319492901326, 0.999996489776549 ], [ 39.90150107379668, 64.729704281005979, 0.999996489776549 ], [ 39.847685305776395, 64.712463606389065, 0.999996489776549 ], [ 39.847685305776395, 64.712463606389065, 0.999996489776549 ], [ 39.820443902674015, 64.709295778244268, 0.999996489776549 ], [ 39.757820508635632, 64.701889435189514, 0.999996489776549 ], [ 39.752352029616304, 64.698136967213941, 0.999996489776549 ], [ 39.746201603302325, 64.694207814318361, 0.999996489776549 ], [ 39.747086189308902, 64.681710676930379, 0.999996489776549 ], [ 39.754694449082308, 64.601632117144618, 0.999996489776549 ], [ 39.722387649166194, 64.575837286811293, 0.999996489776549 ], [ 39.720787943140749, 64.575782788637298, 1.03389648977668 ], [ 39.660745801174926, 64.573737295777391, 1.480996489776544 ], [ 39.620261559521168, 64.572358094028459, 1.686296489776623 ], [ 39.570842177097802, 64.570674493308616, 1.600196489776636 ], [ 39.567382813002041, 64.57055664100335, 1.582396489776556 ], [ 39.521119456327142, 64.58346325589082, 1.803696489776712 ], [ 39.490185742386529, 64.592093185961858, 1.608696489776548 ], [ 39.442527231396525, 64.605389022915915, 1.474096489776684 ], [ 39.39756127257715, 64.617933687968616, 1.117696489776563 ], [ 39.381315799364529, 64.622465872427711, 0.999996489776549 ], [ 39.364850173631567, 64.629780327348271, 0.999996489776549 ], [ 39.353984069195576, 64.63009091611093, 0.999996489776549 ], [ 39.308108155586524, 64.642889441598527, 1.467196489776597 ], [ 39.299619488680037, 64.645257621566998, 1.471996489776529 ], [ 39.291920457970264, 64.647405507748772, 1.671396489776498 ], [ 39.264098136238317, 64.655167417335178, 1.999996489776549 ], [ 39.283954691192775, 64.654874225518142, 1.999996489776549 ], [ 39.283954691192775, 64.654874225518142, 1.999996489776549 ], [ 39.295218680414109, 64.664255659146875, 1.999996489776549 ], [ 39.295218680414109, 64.664255659146875, 1.999996489776549 ], [ 39.329353956021805, 64.655383206954866, 1.999996489776549 ], [ 39.360580347267387, 64.654490654687834, 1.999996489776549 ], [ 39.420013861396001, 64.628088757363003, 1.999996489776549 ], [ 39.436655045115913, 64.620371432138199, 1.999996489776549 ], [ 39.503648911875644, 64.597027534215158, 1.999996489776549 ], [ 39.503648911875644, 64.597027534204244, 1.999996489776549 ], [ 39.519205157772376, 64.589906954493927, 1.999996489776549 ], [ 39.58953806444697, 64.580904363185255, 1.999996489776549 ], [ 39.61608381003316, 64.580600980207237, 1.999996489776549 ], [ 39.680360822731018, 64.592130757511768, 1.999996489776549 ], [ 39.704664291049994, 64.597782658765937, 1.999996489776549 ], [ 39.704664291064546, 64.597782658765937, 1.999996489776549 ], [ 39.714948898144939, 64.605994234279933, 1.999996489776549 ], [ 39.712602010717092, 64.630695726049453, 1.999996489776549 ], [ 39.708248600651132, 64.692199322085798, 1.999996489776549 ], [ 39.738517393023358, 64.711536314283876, 1.999996489776549 ], [ 39.76543004683117, 64.730003760469117, 1.999996489776549 ], [ 39.765430046845722, 64.730003760480031, 1.999996489776549 ], [ 39.803037805351778, 64.734451556490967, 1.999996489776549 ], [ 39.857520611538348, 64.740787212776922, 1.999996489776549 ], [ 39.882902147601271, 64.748918562017934, 1.999996489776549 ], [ 39.899556602664234, 64.758641469463328, 1.999996489776549 ], [ 39.939243800708937, 64.786444145975111, 1.999996489776549 ], [ 39.942006397119258, 64.789491482857557, 1.999996489776549 ], [ 39.946907110013854, 64.791116646596493, 1.999996489776549 ], [ 39.946907110013854, 64.791116646596493, 1.999996489776549 ], [ 40.017597121252038, 64.802956360021199, 1.999996489776549 ], [ 40.036659038516518, 64.806365920456301, 1.999996489776549 ], [ 40.038578458679694, 64.806320980820601, 1.999996489776549 ], [ 40.038578458690608, 64.806320980820601, 1.999996489776549 ], [ 40.038615113655396, 64.80735468068815, 1.999996489776549 ], [ 40.076273458023934, 64.837225887506065, 1.999996489776549 ], [ 40.099556909019157, 64.852166588996624, 1.999996489776549 ], [ 40.099556909019157, 64.8521665890039, 1.999996489776549 ], [ 40.131534886710142, 64.891878776728845, 1.999996489776549 ], [ 40.131534886710142, 64.891878776736121, 1.999996489776549 ], [ 40.14167147767148, 64.90931337713846, 1.999996489776549 ], [ 40.151270727386873, 64.948663567472977, 1.999996489776549 ], [ 40.144366664455447, 64.962973270557995, 1.999996489776549 ], [ 40.133608184434706, 64.994328540433344, 1.999996489776549 ], [ 40.119709428912756, 65.010564288928435, 1.999996489776549 ], [ 40.119709428898204, 65.010564288928435, 1.999996489776549 ], [ 40.093171223685204, 65.046779782904196, 1.999996489776549 ], [ 40.093171223685204, 65.04677978289692, 1.999996489776549 ], [ 40.060977464945609, 65.081422637598735, 1.999996489776549 ], [ 40.016286802419927, 65.097069456493045, 1.999996489776549 ], [ 39.986665785261721, 65.11724567597048, 1.999996489776549 ], [ 39.975576372984506, 65.137795787348296, 1.999996489776549 ], [ 39.968730362830684, 65.158965413651458, 1.999996489776549 ], [ 39.954537768593582, 65.194677383205999, 1.999996489776549 ], [ 39.955363551900518, 65.208985050550837, 1.999996489776549 ], [ 39.984407072093745, 65.186393085808959, 0.999996489776549 ], [ 39.984053884298191, 65.180273691603361, 0.999996489776549 ], [ 39.99115018142038, 65.162417706829729, 0.999996489776549 ], [ 39.994573186490015, 65.15183289367269, 0.999996489776549 ], [ 40.011862892632053, 65.119792837984278, 0.999996489776549 ], [ 40.02667340120388, 65.109704728249199, 0.999996489776549 ] ] ] ] } },
{ "type": "Feature", "properties": { "gid": 25, "objectid": 25.0, "shape_leng": 0.58634372087700004, "shape_area": 0.00504987544226, "z_mean": 1.52418879262 }, "geometry": { "type": "MultiPolygon", "coordinates": [ [ [ [ 36.855898291640187, 65.195338300542062, 1.999996489776549 ], [ 36.878705048253323, 65.185847310305689, 1.999996489776549 ], [ 36.884301597459853, 65.172572658186255, 1.999996489776549 ], [ 36.882812500003638, 65.172363280998979, 1.944396489776636 ], [ 36.878256153664552, 65.163652483795886, 1.654396489776673 ], [ 36.874424694728077, 65.156327522243373, 0.999996489776549 ], [ 36.863415951585921, 65.154802301112795, 0.999996489776549 ], [ 36.863415951578645, 65.154802301112795, 0.999996489776549 ], [ 36.852453978743142, 65.180803398514399, 0.999996489776549 ], [ 36.846349717521662, 65.183343675707874, 0.999996489776549 ], [ 36.82429157101069, 65.189366720929684, 0.999996489776549 ], [ 36.835753964933247, 65.174996731209831, 0.999996489776549 ], [ 36.836950172073557, 65.146051101492048, 0.999996489776549 ], [ 36.851095434823947, 65.125320756647852, 0.999996489776549 ], [ 36.858095408540976, 65.125109285116196, 0.999996489776549 ], [ 36.852086797716765, 65.113622056866006, 1.345396489776704 ], [ 36.850061353645287, 65.109749824332539, 1.575996489776571 ], [ 36.849339683303697, 65.108370139034378, 1.586796489776589 ], [ 36.831724513940571, 65.074693557715364, 1.032596489776552 ], [ 36.82586212791648, 65.063485881219094, 1.070696489776537 ], [ 36.813068406794628, 65.039026917409501, 1.999996489776549 ], [ 36.800951963567059, 65.063256622328481, 1.999996489776549 ], [ 36.810329632902722, 65.084946727492934, 1.999996489776549 ], [ 36.834809198109724, 65.10773113108371, 1.999996489776549 ], [ 36.836977156042849, 65.116347807183047, 1.999996489776549 ], [ 36.817080981581967, 65.145506301116257, 1.999996489776549 ], [ 36.817080981571053, 65.145506301116257, 1.999996489776549 ], [ 36.816310413360043, 65.164152424877102, 1.999996489776549 ], [ 36.78985883194764, 65.197313811131608, 1.999996489776549 ], [ 36.780643306003185, 65.20886415483983, 1.999996489776549 ], [ 36.791807900419371, 65.212364795974281, 1.999996489776549 ], [ 36.80347049345437, 65.209653876208904, 1.999996489776549 ], [ 36.855898291640187, 65.195338300542062, 1.999996489776549 ] ] ] ] } },
{ "type": "Feature", "properties": { "gid": 26, "objectid": 26.0, "shape_leng": 0.26203462506899999, "shape_area": 0.0012940196034700001, "z_mean": 1.6740332713899999 }, "geometry": { "type": "MultiPolygon", "coordinates": [ [ [ [ 37.057506335073413, 65.212557048987946, 1.999996489776549 ], [ 37.070897863912251, 65.195530342876737, 1.999996489776549 ], [ 37.053929066594719, 65.19583205118397, 1.261396489776644 ], [ 37.050195313000586, 65.195898437999858, 1.312696489776499 ], [ 37.024362157651922, 65.192266121419379, 1.475996489776662 ], [ 36.960279254803027, 65.183255631323846, 1.376096489776501 ], [ 36.947870395029895, 65.181510861606512, 1.999996489776549 ], [ 36.965747094414837, 65.195536646242545, 1.999996489776549 ], [ 37.016033574534958, 65.201140862398461, 1.999996489776549 ], [ 37.057506335073413, 65.212557048987946, 1.999996489776549 ] ] ] ] } },
{ "type": "Feature", "properties": { "gid": 34, "objectid": 34.0, "shape_leng": 2.3001841857200001, "shape_area": 0.092416429796499999, "z_mean": 0.576371897548 }, "geometry": { "type": "MultiPolygon", "coordinates": [ [ [ [ 34.791525813365297, 65.902800365289295, 0.999996489776549 ], [ 34.847791850774229, 65.867273786909209, 0.999996489776549 ], [ 34.852438644196809, 65.867988135785708, 0.999996489776549 ], [ 34.852438644196809, 65.867988135785708, 0.999996489776549 ], [ 34.852232034019835, 65.862105324795266, 0.999996489776549 ], [ 34.852232034027111, 65.862105324795266, 0.999996489776549 ], [ 34.853783727267, 65.836537731669523, 0.999996489776549 ], [ 34.853783727292466, 65.836537731669523, 0.999996489776549 ], [ 34.867872377431922, 65.824270774854085, 0.999996489776549 ], [ 34.878774460150453, 65.786054162646906, 0.999996489776549 ], [ 34.899509504950402, 65.760588624980301, 0.999996489776549 ], [ 34.899509504957678, 65.760588624965749, 0.999996489776549 ], [ 34.90503022280609, 65.804009776758903, 0.999996489776549 ], [ 34.945826861978276, 65.793036923540058, 0.999996489776549 ], [ 34.981099628432275, 65.788657235225401, 0.999996489776549 ], [ 34.981099628446827, 65.788657235225401, 0.999996489776549 ], [ 34.964082946760755, 65.770030232863064, 0.999996489776549 ], [ 34.968559811281011, 65.715853648602206, 0.999996489776549 ], [ 35.034498857981816, 65.696754997326934, 0.999996489776549 ], [ 35.035851127802744, 65.696666237137833, 0.999996489776549 ], [ 35.036096725383686, 65.695075793435535, 0.999996489776549 ], [ 35.034702566834312, 65.694556452614052, 0.999996489776549 ], [ 35.015133331518882, 65.687281043334224, 0.999996489776549 ], [ 34.967297844865243, 65.676207017142588, 0.999996489776549 ], [ 34.958772995876643, 65.670120448921807, 0.999996489776549 ], [ 34.958772995876643, 65.670120448910893, 0.999996489776549 ], [ 34.915902323096816, 65.669030491779267, 0.999996489776549 ], [ 34.891972411071038, 65.65022206712456, 0.999996489776549 ], [ 34.8919724110674, 65.65022206712456, 0.999996489776549 ], [ 34.880531922524824, 65.647789819955506, 0.999996489776549 ], [ 34.829035706512514, 65.625187087138329, 0.999996489776549 ], [ 34.822191634310002, 65.605715242869337, 0.999996489776549 ], [ 34.822191634310002, 65.605715242869337, 0.999996489776549 ], [ 34.801625172811328, 65.593749906533048, 0.999996489776549 ], [ 34.811628505467525, 65.586092660156282, 0.999996489776549 ], [ 34.814242865872075, 65.550422101008735, 0.999996489776549 ], [ 34.812181567038351, 65.549629791377811, 0.999996489776549 ], [ 34.781780196975888, 65.520420296612429, 0.999996489776549 ], [ 34.745486401123344, 65.526362747219537, 0.999996489776549 ], [ 34.721951390820323, 65.495576596997125, 0.999996489776549 ], [ 34.709200441811845, 65.454615332884714, 0.999996489776549 ], [ 34.721150709901849, 65.422944031543011, 0.999996489776549 ], [ 34.720607562790974, 65.415065664521535, 0.999996489776549 ], [ 34.718138676144008, 65.411287214767071, 0.999996489776549 ], [ 34.660618211324618, 65.38392545203169, 0.999996489776549 ], [ 34.652119783055241, 65.378833696526272, 0.999996489776549 ], [ 34.648483765155106, 65.383528945341823, 0.999996489776549 ], [ 34.59795355172173, 65.400255886037485, 0.999996489776549 ], [ 34.580852420633164, 65.396976128395181, 0.999996489776549 ], [ 34.564834771084861, 65.40703585520896, 0.999996489776549 ], [ 34.540439233936922, 65.393276491868164, 0.999996489776549 ], [ 34.548650056236511, 65.364427860109572, 0.999996489776549 ], [ 34.552329137102788, 65.347532996300288, 0.999996489776549 ], [ 34.55232913709915, 65.347532996293012, 0.999996489776549 ], [ 34.556391214431642, 65.303575130092213, 0.999996489776549 ], [ 34.556820866146154, 65.302490829708404, 0.999996489776549 ], [ 34.55589193011474, 65.300297390396736, 0.999996489776549 ], [ 34.55589193011474, 65.300297390396736, 0.999996489776549 ], [ 34.562628539315483, 65.256243218384043, 0.999996489776549 ], [ 34.552356186399265, 65.264589505201002, 0.459396489776509 ], [ 34.535937500000728, 65.277929687999858, 0.544696489776697 ], [ 34.525896224720782, 65.287066036875331, 0.6093964897766 ], [ 34.507960179762449, 65.303385673534649, 0.89389648977658 ], [ 34.491956839989143, 65.317946781688079, 0.676596489776557 ], [ 34.464020046481892, 65.343365892789734, 0.514896489776675 ], [ 34.458335992087086, 65.348537696423591, 0.563196489776601 ], [ 34.45306335062196, 65.353335163934389, 0.45599648977668 ], [ 34.41316117129827, 65.389641332330939, -0.000003510223451 ], [ 34.406445313004951, 65.395751953001309, 0.019996489776531 ], [ 34.447070673697453, 65.413730836102332, 0.013096489776672 ], [ 34.477257626334904, 65.427090168377617, 0.485596489776526 ], [ 34.477638900389138, 65.42725890242582, 0.479096489776566 ], [ 34.4789050838408, 65.427819255961367, 0.477996489776615 ], [ 34.483285417609295, 65.429757786649134, 0.469596489776677 ], [ 34.54414062500291, 65.456689453003492, 0.427396489776584 ], [ 34.615722656002617, 65.509912109006109, 0.322196489776616 ], [ 34.700670435893699, 65.641115700207592, 0.021896489776509 ], [ 34.71057718594966, 65.656416879188328, -0.000003510223451 ], [ 34.710921943846188, 65.656949364845786, 0.013696489776521 ], [ 34.715527344003931, 65.664062500003638, 0.097596489776606 ], [ 34.733890606781642, 65.713932275455591, 0.50589648977666 ], [ 34.734765624998545, 65.716308594004659, 0.496196489776594 ], [ 34.748735478213348, 65.733512209539185, 0.362796489776656 ], [ 34.776953125001455, 65.768261719007569, 0.453296489776676 ], [ 34.793164063004951, 65.81635742200524, 0.407996489776679 ], [ 34.786328124999272, 65.864550780999707, 0.190296489776529 ], [ 34.770954349791282, 65.878749288363906, 0.026396489776516 ], [ 34.754183229873888, 65.894238318622229, 0.148496489776562 ], [ 34.739176734936336, 65.908097622908826, 0.999996489776549 ], [ 34.768382735932391, 65.905045947380131, 0.999996489776549 ], [ 34.791525813365297, 65.902800365289295, 0.999996489776549 ] ] ] ] } },
{ "type": "Feature", "properties": { "gid": 35, "objectid": 35.0, "shape_leng": 2.3957341808, "shape_area": 0.232680760455, "z_mean": 5.9860338128599997 }, "geometry": { "type": "MultiPolygon", "coordinates": [ [ [ [ 39.424102080571174, 65.912617929825501, 4.999996489776549 ], [ 39.459650447854074, 65.905199359738617, 4.986896489776655 ], [ 39.521027368678915, 65.892390642391547, 5.033796489776705 ], [ 39.531914886163577, 65.890118532082852, 5.007796489776638 ], [ 39.551370980596403, 65.886058249965572, 4.982696489776572 ], [ 39.610340923332842, 65.873751843602804, 4.894796489776581 ], [ 39.64918700169801, 65.865645075922657, 4.88109648977661 ], [ 39.667817428016861, 65.86175710203679, 4.921196489776548 ], [ 39.687221592230344, 65.857707657207357, 4.955196489776654 ], [ 39.731119158983347, 65.848546697063284, 4.999996489776549 ], [ 39.751547519732412, 65.83483485522811, 4.999996489776549 ], [ 39.751547519732412, 65.834834855213558, 4.999996489776549 ], [ 39.759512173917756, 65.808944553173205, 4.999996489776549 ], [ 39.759512173903204, 65.808944553173205, 4.999996489776549 ], [ 39.76186131927534, 65.782965795307973, 4.949296489776543 ], [ 39.765012867777841, 65.748113411598752, 4.946896489776691 ], [ 39.766488307319378, 65.731796802600002, 4.928096489776635 ], [ 39.769501476679579, 65.698474727902067, 4.984496489776575 ], [ 39.770970925765141, 65.682224366086302, 4.999996489776549 ], [ 39.704014114151505, 65.64702195116115, 4.999996489776549 ], [ 39.704014114151505, 65.64702195116115, 4.999996489776549 ], [ 39.693462601695501, 65.636010987498594, 4.999996489776549 ], [ 39.636780936663854, 65.619786782986921, 4.999996489776549 ], [ 39.636780936649302, 65.619786782986921, 4.999996489776549 ], [ 39.636620837969531, 65.643702383284108, 4.999996489776549 ], [ 39.61973546151421, 65.620849470418761, 4.999996489776549 ], [ 39.575159463136515, 65.613927898062684, 4.999996489776549 ], [ 39.532813450139656, 65.598637411072559, 4.999996489776549 ], [ 39.514377319446794, 65.605051662969345, 4.999996489776549 ], [ 39.514377319446794, 65.605051662969345, 4.999996489776549 ], [ 39.508255519147497, 65.606969066968304, 5.030696489776574 ], [ 39.462791405767348, 65.621208844204375, 5.030696489776574 ], [ 39.426815281847666, 65.632476896145818, 4.999996489776549 ], [ 39.406679305200669, 65.627163939774618, 4.999996489776549 ], [ 39.395263978865842, 65.621624953666469, 4.999996489776549 ], [ 39.352913739967335, 65.621398744304315, 5.070896489776715 ], [ 39.301437816458929, 65.621123791042919, 4.999996489776549 ], [ 39.287027912323538, 65.624409341486171, 4.999996489776549 ], [ 39.287027912323538, 65.624409341486171, 4.999996489776549 ], [ 39.260081541753607, 65.625955538558628, 4.999996489776549 ], [ 39.2284602254731, 65.614818276018923, 4.999996489776549 ], [ 39.199906381945766, 65.630772720851382, 4.999996489776549 ], [ 39.150905241367582, 65.640884062897385, 4.999996489776549 ], [ 39.150905241367582, 65.640884062897385, 4.999996489776549 ], [ 39.087442838033894, 65.638298270019732, 4.999996489776549 ], [ 39.086611773505865, 65.639197932527168, 4.999996489776549 ], [ 39.086611773505865, 65.639197932538082, 4.999996489776549 ], [ 39.083885269843449, 65.639032900966413, 4.999996489776549 ], [ 38.988020836728538, 65.6646050406016, 4.999996489776549 ], [ 38.988020836728538, 65.6646050406016, 4.999996489776549 ], [ 38.939475040184334, 65.689951341657434, 4.999996489776549 ], [ 38.939475040184334, 65.689951341668348, 4.999996489776549 ], [ 38.898706701071205, 65.698334050019184, 4.999996489776549 ], [ 38.845782877673628, 65.686919943196699, 4.999996489776549 ], [ 38.842645258184348, 65.684044155470474, 4.999996489776549 ], [ 38.838436571128113, 65.687105758181133, 4.999996489776549 ], [ 38.776284583385859, 65.71869696142312, 4.999996489776549 ], [ 38.760757302883576, 65.717254196901195, 4.999996489776549 ], [ 38.760757302869024, 65.717254196901195, 4.999996489776549 ], [ 38.73444569613639, 65.754556167899864, 4.999996489776549 ], [ 38.734445696121838, 65.754556167899864, 4.999996489776549 ], [ 38.759971111427149, 65.811342256187345, 4.999996489776549 ], [ 38.759971111427149, 65.811342256201897, 4.999996489776549 ], [ 38.771934942258667, 65.822674692106375, 4.999996489776549 ], [ 38.771934942258667, 65.822674692106375, 4.999996489776549 ], [ 38.773861874637078, 65.822350132602878, 4.999996489776549 ], [ 38.773861874637078, 65.822350132602878, 4.999996489776549 ], [ 38.777181354293134, 65.823586297145084, 4.999996489776549 ], [ 38.777181354307686, 65.823586297145084, 4.999996489776549 ], [ 38.841718360090454, 65.822449760853488, 4.999996489776549 ], [ 38.841718360090454, 65.822449760853488, 4.999996489776549 ], [ 38.877788910122035, 65.851109041417658, 4.999996489776549 ], [ 38.90449529079342, 65.856490985333949, 4.999996489776549 ], [ 38.944660794215451, 65.863488790917472, 4.999996489776549 ], [ 38.97100341944315, 65.855300595721928, 4.999996489776549 ], [ 38.991079671715852, 65.873138963743259, 4.999996489776549 ], [ 39.030663363180793, 65.876369162742776, 4.999996489776549 ], [ 39.081020779776736, 65.885019941972132, 4.999996489776549 ], [ 39.099644515361433, 65.883075208566879, 4.999996489776549 ], [ 39.113531473201874, 65.886415250919526, 4.999996489776549 ], [ 39.150698456138343, 65.883515656965756, 4.999996489776549 ], [ 39.188613677586545, 65.88822244257608, 4.999996489776549 ], [ 39.221294865983509, 65.890731349249108, 4.999996489776549 ], [ 39.244824732268171, 65.895752309766976, 4.999996489776549 ], [ 39.274367115314817, 65.895838721928158, 4.999996489776549 ], [ 39.30810442681468, 65.90211598850874, 4.999996489776549 ], [ 39.338657468921156, 65.8980290465297, 4.999996489776549 ], [ 39.338657468921156, 65.8980290465297, 4.999996489776549 ], [ 39.371134777902626, 65.911797873708565, 4.999996489776549 ], [ 39.371134777902626, 65.911797873708565, 4.999996489776549 ], [ 39.400003114722495, 65.914436836563254, 4.999996489776549 ], [ 39.424102080571174, 65.912617929825501, 4.999996489776549 ] ] ] ] } },
{ "type": "Feature", "properties": { "gid": 36, "objectid": 36.0, "shape_leng": 0.34312665787199997, "shape_area": 0.00160575849762, "z_mean": 0.61748567051400005 }, "geometry": { "type": "MultiPolygon", "coordinates": [ [ [ [ 40.512792969002476, 65.843798827998398, 0.54929648977668 ], [ 40.496163957486715, 65.835519441596261, 0.730096489776543 ], [ 40.483032590138464, 65.828981490474689, 0.851396489776562 ], [ 40.47622050994687, 65.825589837037114, 0.999996489776549 ], [ 40.480436292455124, 65.830421480772202, 0.999996489776549 ], [ 40.480436292455124, 65.830421480772202, 0.999996489776549 ], [ 40.495518632051244, 65.840985518632806, 0.999996489776549 ], [ 40.534538107778644, 65.869758422577434, 0.999996489776549 ], [ 40.549031374550395, 65.880712716294511, 0.999996489776549 ], [ 40.584293249827169, 65.909911662969535, 0.999996489776549 ], [ 40.601673548007966, 65.920198775802419, 0.999996489776549 ], [ 40.601673548022518, 65.920198775802419, 0.999996489776549 ], [ 40.618436547825695, 65.914477901518694, 0.999996489776549 ], [ 40.599191254485049, 65.901602159159665, 0.098496489776608 ], [ 40.597575097792287, 65.900520896495436, 0.091996489776648 ], [ 40.550088283511286, 65.868750635818287, 0.428296489776585 ], [ 40.543460036638862, 65.86431611786611, 0.4539964897765 ], [ 40.512792969002476, 65.843798827998398, 0.54929648977668 ] ] ] ] } },
{ "type": "Feature", "properties": { "gid": 37, "objectid": 37.0, "shape_leng": 17.598844489400001, "shape_area": 0.63229007676600002, "z_mean": 1.40011761155 }, "geometry": { "type": "MultiPolygon", "coordinates": [ [ [ [ 34.810351626732881, 65.915440730583214, 1.999996489776549 ], [ 34.852046293875901, 65.889114568533842, 1.999996489776549 ], [ 34.874883939439314, 65.892625386572035, 1.999996489776549 ], [ 34.876955853029358, 65.891380652297812, 1.999996489776549 ], [ 34.877750895120698, 65.888605315420136, 1.999996489776549 ], [ 34.876758507383784, 65.860349057766143, 1.999996489776549 ], [ 34.876758507401973, 65.860349057766143, 1.999996489776549 ], [ 34.877739518466115, 65.844184703433712, 1.999996489776549 ], [ 34.90016387018477, 65.824659869547759, 1.999996489776549 ], [ 34.910925250831497, 65.815842233274452, 1.999996489776549 ], [ 34.94579372395674, 65.806463847064151, 1.999996489776549 ], [ 35.016339256857464, 65.797704470438475, 1.999996489776549 ], [ 35.01633925686474, 65.797704470438475, 1.999996489776549 ], [ 34.982305893503508, 65.760450465739268, 1.999996489776549 ], [ 34.982305893503508, 65.760450465739268, 1.999996489776549 ], [ 34.984636270553892, 65.732249507720553, 1.999996489776549 ], [ 35.018960034445627, 65.722307938518497, 1.999996489776549 ], [ 35.018960034452903, 65.722307938507583, 1.999996489776549 ], [ 35.054694954324077, 65.719962372539158, 1.999996489776549 ], [ 35.061185086364276, 65.677933498252969, 1.999996489776549 ], [ 35.024343220051378, 65.664209460261191, 1.999996489776549 ], [ 34.995347721611324, 65.653429574638722, 1.999996489776549 ], [ 34.995347721611324, 65.65342957462417, 1.999996489776549 ], [ 34.944722221105621, 65.638466515607433, 1.999996489776549 ], [ 34.928586896388879, 65.638056286170468, 1.999996489776549 ], [ 34.921560100632632, 65.632533369182056, 1.999996489776549 ], [ 34.885343778463721, 65.624833781319467, 1.999996489776549 ], [ 34.856035122375033, 65.611969616918941, 1.999996489776549 ], [ 34.848424729287217, 65.590317536261864, 1.999996489776549 ], [ 34.850293897161464, 65.575151476405154, 1.999996489776549 ], [ 34.850293897161464, 65.575151476405154, 1.999996489776549 ], [ 34.850063564488664, 65.553272475139238, 1.999996489776549 ], [ 34.850063564488664, 65.553272475139238, 1.999996489776549 ], [ 34.835209053911967, 65.53844121466318, 1.999996489776549 ], [ 34.835209053911967, 65.53844121466318, 1.999996489776549 ], [ 34.816467128668592, 65.514590027178201, 1.999996489776549 ], [ 34.816467128668592, 65.514590027178201, 1.999996489776549 ], [ 34.810339496707456, 65.492126949811791, 1.999996489776549 ], [ 34.81033949670018, 65.492126949811791, 1.999996489776549 ], [ 34.784256706658198, 65.464560548949521, 1.999996489776549 ], [ 34.749036600122054, 65.482553299254505, 1.999996489776549 ], [ 34.747314675849339, 65.482835235590755, 1.999996489776549 ], [ 34.746502781632444, 65.481773194002017, 1.999996489776549 ], [ 34.746062908307067, 65.480360140973062, 1.999996489776549 ], [ 34.746062908314343, 65.480360140973062, 1.999996489776549 ], [ 34.746623007806193, 65.478875732427696, 1.999996489776549 ], [ 34.766555617421545, 65.43608987636253, 1.999996489776549 ], [ 34.771496156208741, 65.408975600737904, 1.999996489776549 ], [ 34.742429401674599, 65.392979425927479, 1.999996489776549 ], [ 34.710232690202247, 65.387778397456714, 1.999996489776549 ], [ 34.672560354836605, 65.369858141133591, 1.999996489776549 ], [ 34.672560354836605, 65.369858141126315, 1.999996489776549 ], [ 34.636544671968295, 65.348279674421065, 1.999996489776549 ], [ 34.621135508838051, 65.368177776392258, 1.999996489776549 ], [ 34.602739998943434, 65.374267212566338, 1.999996489776549 ], [ 34.582784183035983, 65.370439967082348, 1.999996489776549 ], [ 34.586130441744899, 65.355073460788844, 1.999996489776549 ], [ 34.587609243524639, 65.339070614700177, 1.999996489776549 ], [ 34.596630206808186, 65.316304653977568, 1.999996489776549 ], [ 34.577126274551119, 65.270251222853403, 1.999996489776549 ], [ 34.577950278926437, 65.26486262625258, 1.999996489776549 ], [ 34.582237863698538, 65.26330004693591, 1.999996489776549 ], [ 34.584166377866495, 65.265262070395693, 1.999996489776549 ], [ 34.659527101324784, 65.27211883520431, 1.999996489776549 ], [ 34.704172798083164, 65.251559934476973, 1.999996489776549 ], [ 34.716264254988346, 65.23662029105617, 1.999996489776549 ], [ 34.741741140056547, 65.217423666206741, 1.999996489776549 ], [ 34.757076304540533, 65.210761473113962, 1.999996489776549 ], [ 34.778068048828573, 65.183030283820699, 1.999996489776549 ], [ 34.781052119575179, 65.163019518207875, 1.999996489776549 ], [ 34.812767247236479, 65.151111087176105, 1.999996489776549 ], [ 34.825333805212722, 65.136336374605889, 1.999996489776549 ], [ 34.825333805212722, 65.136336374598613, 1.999996489776549 ], [ 34.836633517792507, 65.098143228166009, 1.999996489776549 ], [ 34.856145120069414, 65.083741822349111, 1.999996489776549 ], [ 34.888274751800054, 65.068777795422648, 1.999996489776549 ], [ 34.919575177795195, 65.050072513546183, 1.999996489776549 ], [ 34.919575177802471, 65.050072513538908, 1.999996489776549 ], [ 34.920066031354509, 65.06849534943467, 1.999996489776549 ], [ 34.945802984355396, 65.075393066137622, 1.999996489776549 ], [ 34.987188685881847, 65.043527472309506, 1.999996489776549 ], [ 35.008002105620108, 65.025355463629239, 1.999996489776549 ], [ 35.026364449069661, 65.025151060413918, 1.999996489776549 ], [ 35.026364449076937, 65.025151060413918, 1.999996489776549 ], [ 35.076450674914668, 65.019754944085435, 1.999996489776549 ], [ 35.117693147072714, 64.995206980049261, 1.999996489776549 ], [ 35.117693147072714, 64.995206980049261, 1.999996489776549 ], [ 35.126046841105563, 64.984185469991644, 1.999996489776549 ], [ 35.140145639092225, 64.967538054446777, 1.999996489776549 ], [ 35.150860155430564, 64.95763605391403, 1.999996489776549 ], [ 35.150286652380601, 64.948006629318115, 1.999996489776549 ], [ 35.152824123702885, 64.946788432331232, 1.999996489776549 ], [ 35.15233541345151, 64.945186687946261, 1.999996489776549 ], [ 35.155104333651252, 64.942015390246524, 1.999996489776549 ], [ 35.155104333658528, 64.942015390239249, 1.999996489776549 ], [ 35.162386274583696, 64.933769833991391, 1.999996489776549 ], [ 35.171806581409328, 64.926028655569098, 1.999996489776549 ], [ 35.173133047446754, 64.924021561215341, 1.999996489776549 ], [ 35.179119800042827, 64.914598426152224, 1.999996489776549 ], [ 35.161808856981224, 64.90405416388603, 1.999996489776549 ], [ 35.161116867471719, 64.903925646940479, 1.999996489776549 ], [ 35.160929429406679, 64.903277155757678, 1.999996489776549 ], [ 35.153523597640742, 64.885508586226933, 1.999996489776549 ], [ 35.152009421846742, 64.885200340570009, 1.999996489776549 ], [ 35.135017810669524, 64.860681961650698, 1.999996489776549 ], [ 35.125731066164008, 64.864638577048026, 1.999996489776549 ], [ 35.130012294466724, 64.854108812109189, 1.999996489776549 ], [ 35.127136652936315, 64.826283411468467, 1.999996489776549 ], [ 35.122403498138738, 64.797433478561288, 1.999996489776549 ], [ 35.122500048109941, 64.790935788187198, 1.999996489776549 ], [ 35.128477257443592, 64.77974613173501, 1.999996489776549 ], [ 35.166307661806059, 64.762556847021187, 1.999996489776549 ], [ 35.167081315674295, 64.742241092153563, 1.999996489776549 ], [ 35.136858926143759, 64.72057660119026, 1.999996489776549 ], [ 35.15816135384739, 64.696872990130942, 1.999996489776549 ], [ 35.154638501953741, 64.68552552662004, 1.999996489776549 ], [ 35.163607126418356, 64.654407948910375, 1.999996489776549 ], [ 35.166299026463093, 64.648941777275468, 1.999996489776549 ], [ 35.167430187921127, 64.643192009858467, 1.999996489776549 ], [ 35.155924367001717, 64.633012421087187, 1.999996489776549 ], [ 35.129902780772682, 64.614316029557813, 1.999996489776549 ], [ 35.129902780765406, 64.614316029557813, 1.999996489776549 ], [ 35.083667522711039, 64.583169142482802, 1.999996489776549 ], [ 35.082854682641482, 64.578387486566498, 1.999996489776549 ], [ 35.075515232518228, 64.546069501491729, 1.999996489776549 ], [ 35.10084708854265, 64.539099535730202, 1.999996489776549 ], [ 35.137669925232331, 64.514269562212576, 1.999996489776549 ], [ 35.147402280796086, 64.508815303423034, 1.999996489776549 ], [ 35.159098054238711, 64.508988441979454, 1.999996489776549 ], [ 35.16670865972992, 64.511341934274242, 1.999996489776549 ], [ 35.222471454519109, 64.517731313168042, 1.999996489776549 ], [ 35.275913236760971, 64.505092384661111, 1.999996489776549 ], [ 35.28800398581734, 64.475898114134907, 1.999996489776549 ], [ 35.28800398581734, 64.475898114127631, 1.999996489776549 ], [ 35.300732083436742, 64.472338042964111, 1.999996489776549 ], [ 35.363650435618183, 64.473681490595482, 1.999996489776549 ], [ 35.40712126994913, 64.454282178725407, 1.999996489776549 ], [ 35.427765453925531, 64.425267027669179, 1.999996489776549 ], [ 35.45691909348534, 64.453114709616784, 1.999996489776549 ], [ 35.504378482281027, 64.476107411799603, 1.999996489776549 ], [ 35.533596417026274, 64.457004836549459, 1.999996489776549 ], [ 35.535371537735045, 64.455822370542592, 1.999996489776549 ], [ 35.541019440632226, 64.457100246687332, 1.999996489776549 ], [ 35.541019440639502, 64.457100246687332, 1.999996489776549 ], [ 35.543819171249197, 64.465996155984612, 1.999996489776549 ], [ 35.591785987133335, 64.472603409692965, 1.448496489776517 ], [ 35.615326003615337, 64.475845960994775, 1.861996489776629 ], [ 35.625298739465507, 64.477219668930047, 1.999996489776549 ], [ 35.6609805786793, 64.492857448462019, 1.999996489776549 ], [ 35.679532257381652, 64.506211469259142, 1.999996489776549 ], [ 35.724415089320246, 64.501586415663041, 1.999996489776549 ], [ 35.753533008508384, 64.469788856848027, 1.999996489776549 ], [ 35.779476100222382, 64.46375416808587, 1.999996489776549 ], [ 35.789443437795853, 64.455221092179272, 1.999996489776549 ], [ 35.85583892998693, 64.452765294281562, 1.999996489776549 ], [ 35.871788281903719, 64.444531096185528, 1.541196489776667 ], [ 35.938829062546574, 64.409919842295494, 1.907496489776577 ], [ 35.946398991982278, 64.406011702394608, 1.999996489776549 ], [ 35.980832632747479, 64.391580800805968, 1.999996489776549 ], [ 36.016004419332603, 64.378239218247472, 1.999996489776549 ], [ 36.018271232296684, 64.377355605825869, 1.999996489776549 ], [ 36.024433251131995, 64.376203784388053, 1.999996489776549 ], [ 36.066209465832799, 64.380248952078546, 1.999996489776549 ], [ 36.066209465832799, 64.380248952078546, 1.999996489776549 ], [ 36.070754229869635, 64.404304308201972, 1.999996489776549 ], [ 36.106751380757487, 64.424716157882358, 1.999996489776549 ], [ 36.145779090416909, 64.402934310015553, 1.999996489776549 ], [ 36.164031957730913, 64.3806670526792, 1.999996489776549 ], [ 36.181740652773442, 64.384867099386611, 1.999996489776549 ], [ 36.205159648838162, 64.373975533784687, 1.999996489776549 ], [ 36.205159648838162, 64.373975533777411, 1.999996489776549 ], [ 36.225723705487326, 64.335427040485229, 1.999996489776549 ], [ 36.251529790031782, 64.337059277640947, 1.999996489776549 ], [ 36.272006358336512, 64.337001526135282, 1.999996489776549 ], [ 36.29135209656306, 64.323970082801679, 1.999996489776549 ], [ 36.315602068349108, 64.313091445164901, 1.999996489776549 ], [ 36.345013936410396, 64.291493975866615, 1.999996489776549 ], [ 36.353496697920491, 64.278829209873948, 1.999996489776549 ], [ 36.375614452314039, 64.281099336847547, 1.999996489776549 ], [ 36.377606583850138, 64.288332223750331, 1.999996489776549 ], [ 36.407421667070594, 64.305324121749436, 1.999996489776549 ], [ 36.421204274425691, 64.310144795996166, 1.999996489776549 ], [ 36.461345051026001, 64.317975895351992, 1.999996489776549 ], [ 36.507178432693763, 64.314293429768441, 1.999996489776549 ], [ 36.521337547223084, 64.293537619414565, 1.999996489776549 ], [ 36.539421445955668, 64.301261353859445, 1.999996489776549 ], [ 36.54772184372996, 64.300396435362927, 1.999996489776549 ], [ 36.5591169569052, 64.286237722033547, 1.999996489776549 ], [ 36.565848357040522, 64.280825890244159, 1.999996489776549 ], [ 36.567541396394518, 64.280364384278073, 1.999996489776549 ], [ 36.592760472591181, 64.268638747504156, 1.999996489776549 ], [ 36.594713575515925, 64.267955585917662, 1.999996489776549 ], [ 36.616077514714561, 64.257961960644025, 1.999996489776549 ], [ 36.616645865589817, 64.258142646325723, 1.999996489776549 ], [ 36.61708928535154, 64.258105470184091, 1.999996489776549 ], [ 36.618499715350481, 64.257197329166956, 1.999996489776549 ], [ 36.618499715368671, 64.257197329152405, 1.999996489776549 ], [ 36.630974739906378, 64.258476176579279, 1.999996489776549 ], [ 36.639246030546929, 64.251768037414877, 1.999996489776549 ], [ 36.644550047596567, 64.251138132087362, 1.999996489776549 ], [ 36.646543206468777, 64.250437569309724, 1.999996489776549 ], [ 36.666153584046697, 64.24528149852631, 1.999996489776549 ], [ 36.667909685987979, 64.244994573640724, 1.999996489776549 ], [ 36.668859484099812, 64.244667034203303, 1.999996489776549 ], [ 36.669654438952421, 64.244808605562866, 1.999996489776549 ], [ 36.692473426643119, 64.244656665436196, 1.999996489776549 ], [ 36.698120001372445, 64.239083112039225, 1.999996489776549 ], [ 36.708372802528174, 64.230759047241008, 1.999996489776549 ], [ 36.712605210879701, 64.228206091218453, 1.999996489776549 ], [ 36.724669278308284, 64.219977212709637, 1.999996489776549 ], [ 36.727789895801834, 64.217896463465877, 1.999996489776549 ], [ 36.734704278424033, 64.218368925066898, 1.999996489776549 ], [ 36.751128809559304, 64.221291492311138, 1.999996489776549 ], [ 36.772121895624878, 64.21454430934682, 1.999996489776549 ], [ 36.780293120191345, 64.208800932294253, 1.999996489776549 ], [ 36.800917651784403, 64.197094112518243, 1.999996489776549 ], [ 36.808181245523883, 64.191623776609049, 1.999996489776549 ], [ 36.816151075046946, 64.183783452186617, 1.999996489776549 ], [ 36.83183088894657, 64.171663669960253, 1.999996489776549 ], [ 36.837571933941945, 64.171679118036991, 1.999996489776549 ], [ 36.866233393528091, 64.164773843182047, 1.999996489776549 ], [ 36.866233393542643, 64.164773843178409, 1.999996489776549 ], [ 36.875980893772066, 64.164732384069794, 1.999996489776549 ], [ 36.875980893772066, 64.164732384069794, 1.999996489776549 ], [ 36.883497017337504, 64.163104722523713, 1.999996489776549 ], [ 36.90100502394489, 64.15312603363418, 1.999996489776549 ], [ 36.927343598272273, 64.14322893957069, 1.999996489776549 ], [ 36.927343598279549, 64.14322893957069, 1.999996489776549 ], [ 36.929178174334083, 64.14002022499335, 1.999996489776549 ], [ 36.971807712703594, 64.123083966911508, 1.999996489776549 ], [ 36.971807712714508, 64.123083966911508, 1.999996489776549 ], [ 36.991208904553787, 64.12315404763649, 1.999996489776549 ], [ 37.061559758207295, 64.112934218817827, 1.999996489776549 ], [ 37.064879049554293, 64.104831157947046, 1.999996489776549 ], [ 37.070321801380487, 64.10669559966118, 2.043896489776671 ], [ 37.079921279404516, 64.109983948605077, 2.050396489776631 ], [ 37.102249875631969, 64.117632720306574, 1.999996489776549 ], [ 37.102249875642883, 64.117632720306574, 1.999996489776549 ], [ 37.13152679079576, 64.12777046823976, 1.999996489776549 ], [ 37.153765253820893, 64.132795067431289, 1.799796489776554 ], [ 37.174061070312746, 64.1373807414966, 1.999996489776549 ], [ 37.236550355901272, 64.140384005113447, 1.999996489776549 ], [ 37.313745867755642, 64.122786962096143, 1.999996489776549 ], [ 37.332722457176715, 64.109387934950064, 1.999996489776549 ], [ 37.386825477944512, 64.094707768956141, 1.999996489776549 ], [ 37.420795802656357, 64.073906124758651, 1.999996489776549 ], [ 37.443208089229302, 64.070499030534847, 1.999996489776549 ], [ 37.45797485926596, 64.039112216600188, 1.999996489776549 ], [ 37.457446338383306, 64.031946770373906, 1.999996489776549 ], [ 37.46279432263691, 64.033083467365941, 1.999996489776549 ], [ 37.465012474298419, 64.032406112008175, 1.999996489776549 ], [ 37.465012474298419, 64.032406112004537, 1.999996489776549 ], [ 37.49045582531835, 64.035104484973999, 1.999996489776549 ], [ 37.49045582531835, 64.035104484973999, 1.999996489776549 ], [ 37.532501619192772, 64.047985161698307, 1.999996489776549 ], [ 37.567863670334191, 64.048104298079124, 1.999996489776549 ], [ 37.569675909580837, 64.049677661918395, 1.999996489776549 ], [ 37.659893567139079, 64.068279637474916, 1.999996489776549 ], [ 37.661693624719192, 64.070641062095092, 1.999996489776549 ], [ 37.661693624719192, 64.070641062102368, 1.999996489776549 ], [ 37.663091635185992, 64.070393407539086, 1.999996489776549 ], [ 37.663091635200544, 64.07039340753181, 1.999996489776549 ], [ 37.665003913389228, 64.072035451492411, 1.999996489776549 ], [ 37.672856884695648, 64.079115984437522, 1.999996489776549 ], [ 37.672856884695648, 64.079115984437522, 1.999996489776549 ], [ 37.706544590844715, 64.128915683042578, 1.999996489776549 ], [ 37.697420788656018, 64.159936051131808, 1.999996489776549 ], [ 37.666893199650076, 64.174844844503241, 1.999996489776549 ], [ 37.646964380801364, 64.176716240788664, 1.999996489776549 ], [ 37.646964380801364, 64.176716240781388, 1.999996489776549 ], [ 37.642800690769946, 64.186345950591203, 1.999996489776549 ], [ 37.628655965443613, 64.192927637977846, 1.999996489776549 ], [ 37.577934890930919, 64.207928321047802, 1.999996489776549 ], [ 37.577934890930919, 64.207928321047802, 1.999996489776549 ], [ 37.558053725784703, 64.215637004239397, 1.999996489776549 ], [ 37.49788858467582, 64.222724533083237, 1.999996489776549 ], [ 37.491415198495815, 64.225809969055263, 1.999996489776549 ], [ 37.481998925257358, 64.224943568064191, 1.999996489776549 ], [ 37.435048942788853, 64.228414740759035, 1.999996489776549 ], [ 37.42156397268991, 64.23968453440466, 1.999996489776549 ], [ 37.38515781982278, 64.250110981647595, 1.999996489776549 ], [ 37.352678187446145, 64.263378708936216, 1.999996489776549 ], [ 37.352678187446145, 64.263378708936216, 1.999996489776549 ], [ 37.333014767325949, 64.259138026394794, 1.999996489776549 ], [ 37.324772795735043, 64.257600987577462, 1.999996489776549 ], [ 37.324772795745957, 64.257600987559272, 1.999996489776549 ], [ 37.291536553519109, 64.252681112659047, 1.999996489776549 ], [ 37.291536553519109, 64.252681112651771, 1.999996489776549 ], [ 37.267345867097902, 64.26845909925396, 1.999996489776549 ], [ 37.210181639060465, 64.293338749041141, 1.999996489776549 ], [ 37.210181639045913, 64.293338749041141, 1.999996489776549 ], [ 37.20698125918716, 64.295364438719844, 1.999996489776549 ], [ 37.203767814815365, 64.294911083175975, 1.999996489776549 ], [ 37.203767814800813, 64.294911083175975, 1.999996489776549 ], [ 37.202831700484239, 64.296149426434567, 1.999996489776549 ], [ 37.167417679007485, 64.294852082268335, 1.999996489776549 ], [ 37.148434441598511, 64.32103488357825, 1.999996489776549 ], [ 37.112416288997338, 64.347891583860473, 1.999996489776549 ], [ 37.095367106070626, 64.361094038751617, 1.999996489776549 ], [ 37.09536710606335, 64.361094038751617, 1.999996489776549 ], [ 37.048335513358325, 64.381474089299445, 1.999996489776549 ], [ 37.04353027380057, 64.384629112166294, 1.999996489776549 ], [ 36.998614320873457, 64.414787948207959, 1.999996489776549 ], [ 36.995439170630561, 64.416606637216319, 1.999996489776549 ], [ 36.995439170630561, 64.416606637216319, 1.999996489776549 ], [ 36.942781349913275, 64.450680630448915, 1.999996489776549 ], [ 36.938137608351099, 64.453208908445959, 1.999996489776549 ], [ 36.885950297437375, 64.487831674581685, 1.999996489776549 ], [ 36.880656804300088, 64.491699702259211, 1.999996489776549 ], [ 36.825480104220333, 64.528748520388035, 1.999996489776549 ], [ 36.819021460662043, 64.534673251677305, 1.999996489776549 ], [ 36.774979406200146, 64.57012088675765, 1.999996489776549 ], [ 36.774979406196508, 64.57012088675765, 1.999996489776549 ], [ 36.77034110544264, 64.575297955354472, 1.999996489776549 ], [ 36.721784049193957, 64.607621481598471, 1.999996489776549 ], [ 36.720152101472195, 64.609790286285715, 1.999996489776549 ], [ 36.707351362845657, 64.618987449543056, 1.999996489776549 ], [ 36.707351362845657, 64.618987449543056, 1.999996489776549 ], [ 36.676949916174635, 64.627881931744923, 1.999996489776549 ], [ 36.647959519264987, 64.634276097986003, 1.999996489776549 ], [ 36.636750259986002, 64.665724504597165, 1.999996489776549 ], [ 36.622363294878596, 64.675438483540347, 1.999996489776549 ], [ 36.618188129315968, 64.674710960811353, 1.999996489776549 ], [ 36.556198775149824, 64.687650061321619, 1.097196489776707 ], [ 36.531149587244727, 64.692878603611462, 1.999996489776549 ], [ 36.527289150082652, 64.695625874948746, 1.999996489776549 ], [ 36.47674406772785, 64.728842495092977, 1.999996489776549 ], [ 36.47528200895249, 64.733450795902172, 1.999996489776549 ], [ 36.446084287388658, 64.772423714599427, 1.999996489776549 ], [ 36.435801364208601, 64.782118529794388, 1.999996489776549 ], [ 36.398184727444459, 64.778911446494021, 1.999996489776549 ], [ 36.374618325375195, 64.798596599855955, 1.999996489776549 ], [ 36.399862428792403, 64.846376715562656, 1.999996489776549 ], [ 36.399178352945455, 64.851010826143465, 1.999996489776549 ], [ 36.398168751024059, 64.851678191716928, 1.999996489776549 ], [ 36.392728266171616, 64.925072858277417, 1.999996489776549 ], [ 36.444754604755872, 64.937577963934018, 1.999996489776549 ], [ 36.484315263325698, 64.939191052584647, 1.999996489776549 ], [ 36.488019154065114, 64.958522287746746, 1.999996489776549 ], [ 36.534168286649219, 64.963988404295378, 1.999996489776549 ], [ 36.574710495653562, 64.949405378440133, 1.999996489776549 ], [ 36.635267142770317, 64.95286523892355, 1.999996489776549 ], [ 36.690893077728106, 64.959789792897936, 1.999996489776549 ], [ 36.727860606562899, 64.967188785205508, 1.999996489776549 ], [ 36.746851739793783, 64.989140342910105, 1.999996489776549 ], [ 36.770278743992094, 65.001903991680592, 1.999996489776549 ], [ 36.800327620527241, 65.01466915418132, 1.999996489776549 ], [ 36.788189217419131, 64.991463023652614, 1.186696489776523 ], [ 36.785937500000728, 64.987158203002764, 1.062696489776499 ], [ 36.751343297590211, 64.973709135378158, 1.280096489776497 ], [ 36.730337048746151, 64.965542609144904, 1.842596489776497 ], [ 36.679784208798083, 64.9458893575611, 1.141896489776627 ], [ 36.671949024545029, 64.942843300254026, 0.999996489776549 ], [ 36.650133571387414, 64.940127619462146, 0.999996489776549 ], [ 36.595297927895444, 64.936994625048101, 0.999996489776549 ], [ 36.553740814437333, 64.938108986545558, 1.256796489776661 ], [ 36.534570313000586, 64.938623047000874, 1.004996489776659 ], [ 36.534561703629151, 64.93849927073461, 0.999996489776549 ], [ 36.532069456723548, 64.939395731529657, 0.999996489776549 ], [ 36.515647352734959, 64.937450621637254, 0.999996489776549 ], [ 36.51432932841999, 64.930571628759935, 0.999996489776549 ], [ 36.442897302378697, 64.927658981967397, 0.999996489776549 ], [ 36.416884133086569, 64.921406429140916, 0.999996489776549 ], [ 36.419604375510971, 64.884709095855214, 0.999996489776549 ], [ 36.442725270120718, 64.869425759188744, 0.999996489776549 ], [ 36.444659154269175, 64.856325111675687, 0.999996489776549 ], [ 36.444659154269175, 64.856325111668411, 0.999996489776549 ], [ 36.456801300217194, 64.821425422538596, 0.999996489776549 ], [ 36.458690037714405, 64.805751114650775, 0.999996489776549 ], [ 36.481907143697754, 64.783861857300508, 0.999996489776549 ], [ 36.496506004477851, 64.764375397957338, 0.999996489776549 ], [ 36.504247033863066, 64.73997624754702, 0.999996489776549 ], [ 36.529519575040467, 64.723367937476723, 0.999996489776549 ], [ 36.556089793626597, 64.704459301807219, 0.999996489776549 ], [ 36.558398290850164, 64.690164802996151, 0.999996489776549 ], [ 36.59960906465858, 64.695375480405346, 0.999996489776549 ], [ 36.680117807678471, 64.709404131412157, 0.999996489776549 ], [ 36.680117807689385, 64.709404131412157, 0.999996489776549 ], [ 36.681902868815087, 64.71389707733033, 0.999996489776549 ], [ 36.683908166138281, 64.714298434417287, 0.999996489776549 ], [ 36.685974874453677, 64.70736091867002, 0.999996489776549 ], [ 36.72975799125561, 64.665680664806132, 0.999996489776549 ], [ 36.741210424188466, 64.657452243813168, 0.999996489776549 ], [ 36.765127596496313, 64.625667106160108, 0.999996489776549 ], [ 36.778883462582598, 64.616510082800232, 0.999996489776549 ], [ 36.808581455828971, 64.583362475364993, 0.999996489776549 ], [ 36.829107073997875, 64.566842250962509, 0.999996489776549 ], [ 36.855849130810384, 64.542310862394515, 0.999996489776549 ], [ 36.855849130810384, 64.542310862387239, 0.999996489776549 ], [ 36.882045102902339, 64.5247213761686, 0.999996489776549 ], [ 36.912098850960319, 64.50276069661777, 0.999996489776549 ], [ 36.936419488785759, 64.486625591340271, 0.999996489776549 ], [ 36.972674827640731, 64.466886427013378, 0.999996489776549 ], [ 36.995535835678311, 64.452093451876863, 0.999996489776549 ], [ 37.032179388112127, 64.431104452636646, 0.999996489776549 ], [ 37.051118097340805, 64.418388048128691, 0.999996489776549 ], [ 37.085802948393393, 64.395614675831894, 0.999996489776549 ], [ 37.1102127587219, 64.385037250336609, 0.999996489776549 ], [ 37.148509089460276, 64.364672841718857, 0.999996489776549 ], [ 37.191626904481382, 64.34962416217968, 0.999996489776549 ], [ 37.230431109219353, 64.341697465006291, 0.999996489776549 ], [ 37.242336342449562, 64.325948570844048, 0.999996489776549 ], [ 37.288779128961323, 64.332500759817776, 0.999996489776549 ], [ 37.288779128961323, 64.332500759817776, 0.999996489776549 ], [ 37.325781685733091, 64.330532890387985, 0.999996489776549 ], [ 37.385611707231874, 64.33174629927089, 0.999996489776549 ], [ 37.385611707231874, 64.33174629927089, 0.999996489776549 ], [ 37.435623895689787, 64.361693516799278, 0.999996489776549 ], [ 37.460305200762377, 64.365710182872135, 0.999996489776549 ], [ 37.504575554761686, 64.35501935526554, 0.999996489776549 ], [ 37.562623297995742, 64.347404457763332, 0.999996489776549 ], [ 37.562623298006656, 64.347404457763332, 0.999996489776549 ], [ 37.568007729139936, 64.346048608364072, 0.999996489776549 ], [ 37.568007729139936, 64.346048608364072, 0.999996489776549 ], [ 37.57112438717013, 64.344648613936442, 0.999996489776549 ], [ 37.575389206351247, 64.346773022338311, 0.999996489776549 ], [ 37.640007690773928, 64.351280973729445, 0.999996489776549 ], [ 37.67111317409217, 64.348904019781912, 0.999996489776549 ], [ 37.708439367870596, 64.334677501192346, 0.999996489776549 ], [ 37.708439367870596, 64.33467750118507, 0.999996489776549 ], [ 37.732640627509682, 64.325734950827609, 0.999996489776549 ], [ 37.755686805572623, 64.313315571151179, 0.999996489776549 ], [ 37.755686805572623, 64.313315571143903, 0.999996489776549 ], [ 37.793004081551771, 64.295922230448923, 0.999996489776549 ], [ 37.846687797071354, 64.262148283105489, 0.999996489776549 ], [ 37.848924382869882, 64.261832389598567, 0.999996489776549 ], [ 37.848299550732918, 64.260299555629899, 0.999996489776549 ], [ 37.86084098696665, 64.219469965897588, 0.999996489776549 ], [ 37.862872362806229, 64.201011935172573, 0.999996489776549 ], [ 37.896316573020158, 64.164066360230208, 0.999996489776549 ], [ 37.917839800400543, 64.144064288349909, 0.999996489776549 ], [ 37.917839800400543, 64.144064288342634, 0.999996489776549 ], [ 37.948973701790237, 64.125273917270533, 0.999996489776549 ], [ 37.970468664119835, 64.087172740593815, 0.999996489776549 ], [ 37.970468664119835, 64.087172740586539, 0.999996489776549 ], [ 37.979763682851626, 64.072167428792454, 0.999996489776549 ], [ 38.003697960579302, 64.06320715387119, 0.999996489776549 ], [ 38.004634000120859, 64.04504110819471, 0.999996489776549 ], [ 38.004634000120859, 64.045041108187434, 0.999996489776549 ], [ 37.966375173353299, 64.032890536651394, 0.999996489776549 ], [ 37.928934479390591, 64.020786163542653, 0.999996489776549 ], [ 37.90629017124229, 64.013724202941376, 0.999996489776549 ], [ 37.90629017124229, 64.013724202945014, 0.999996489776549 ], [ 37.88411742232347, 64.00447038513812, 0.999996489776549 ], [ 37.88411742232347, 64.004470385145396, 0.999996489776549 ], [ 37.874164964992815, 64.017326630961179, 0.999996489776549 ], [ 37.874164964992815, 64.017326630968455, 0.999996489776549 ], [ 37.854436214511225, 64.025377301877597, 0.999996489776549 ], [ 37.795498365710955, 64.027142540639034, 0.999996489776549 ], [ 37.783463555286289, 64.008295518066006, 0.999996489776549 ], [ 37.783463555286289, 64.008295518066006, 0.999996489776549 ], [ 37.765203249244223, 63.967946128370386, 0.999996489776549 ], [ 37.693097057544946, 63.93030588045076, 0.999996489776549 ], [ 37.69149542948071, 63.929970941662759, 0.999996489776549 ], [ 37.672144427731837, 63.938303924038337, 0.999996489776549 ], [ 37.641118074461701, 63.940079715106549, 0.999996489776549 ], [ 37.609962011378229, 63.940668378938426, 0.999996489776549 ], [ 37.593384789059201, 63.92566987471946, 0.999996489776549 ], [ 37.573685553623363, 63.911834725789959, 0.999996489776549 ], [ 37.524409370624198, 63.897177746039233, 0.999996489776549 ], [ 37.515382434183266, 63.863838104593015, 0.999996489776549 ], [ 37.515382434183266, 63.863838104593015, 0.999996489776549 ], [ 37.499288343773514, 63.853189398370887, 0.999996489776549 ], [ 37.482259767388314, 63.852539722189249, 0.999996489776549 ], [ 37.461896580785833, 63.860571784633066, 0.999996489776549 ], [ 37.401414007475978, 63.866884302933613, 0.999996489776549 ], [ 37.373033149993717, 63.871832790675398, 0.999996489776549 ], [ 37.351278466478107, 63.902538535421627, 0.999996489776549 ], [ 37.320220669218543, 63.929575652167841, 0.999996489776549 ], [ 37.320220669218543, 63.929575652175117, 0.999996489776549 ], [ 37.276488326511753, 63.932196315046895, 0.999996489776549 ], [ 37.262169052661193, 63.926552019325754, 0.999996489776549 ], [ 37.262169052661193, 63.926552019318478, 0.999996489776549 ], [ 37.241984571312059, 63.934443162263051, 0.999996489776549 ], [ 37.176011352923524, 63.938610329460062, 0.999996489776549 ], [ 37.155520752483426, 63.935441539357271, 0.999996489776549 ], [ 37.143698026447964, 63.937902300232963, 0.999996489776549 ], [ 37.116224398745544, 63.937795557492791, 0.711196489776512 ], [ 37.089880588329834, 63.937693204410607, 0.999996489776549 ], [ 37.057472353451885, 63.933443221605557, 0.999996489776549 ], [ 37.022573018282856, 63.92756730164183, 0.999996489776549 ], [ 37.018865233560064, 63.931815698033461, 0.999996489776549 ], [ 37.015691408942075, 63.936743765301799, 0.999996489776549 ], [ 37.003853909740428, 63.938795888429013, 0.94749648977654 ], [ 36.926689302501472, 63.95217297695126, 0.601196489776612 ], [ 36.898795649492968, 63.957008559988026, 0.999996489776549 ], [ 36.898795649492968, 63.95700855998075, 0.999996489776549 ], [ 36.877885760524805, 63.957908609780134, 1.051296489776632 ], [ 36.834555487559555, 63.959773727452557, 0.804396489776536 ], [ 36.812440105888527, 63.960725666733197, 0.999996489776549 ], [ 36.812440105888527, 63.960725666725921, 0.999996489776549 ], [ 36.797404804547114, 63.961592569674394, 1.025096489776615 ], [ 36.742306597483548, 63.964769413116301, 0.964096489776693 ], [ 36.708918987980724, 63.966694470458606, 0.999996489776549 ], [ 36.675543993129395, 63.964151253851014, 0.999996489776549 ], [ 36.637042705388012, 63.973883820468473, 0.999996489776549 ], [ 36.618442937069631, 63.980821978144377, 0.999996489776549 ], [ 36.618442937062355, 63.980821978151653, 0.999996489776549 ], [ 36.617551920178812, 63.981847460185236, 0.999996489776549 ], [ 36.611137121639331, 63.982992532972276, 0.999996489776549 ], [ 36.611137121570209, 63.982992532979551, 0.999996489776549 ], [ 36.541565319519577, 64.004656429464376, 0.999996489776549 ], [ 36.50003997274689, 64.020333303556981, 0.999996489776549 ], [ 36.482563021541864, 64.030229377225623, 0.999996489776549 ], [ 36.47850122068121, 64.031726138713566, 0.999996489776549 ], [ 36.47365311604517, 64.047184461465804, 0.999996489776549 ], [ 36.478177849643544, 64.084825039622956, 0.999996489776549 ], [ 36.466648146368243, 64.092719771542761, 0.999996489776549 ], [ 36.446171526571561, 64.089628978184919, 0.999996489776549 ], [ 36.426843726192601, 64.095370267907128, 0.999996489776549 ], [ 36.426843726192601, 64.095370267907128, 0.999996489776549 ], [ 36.421075548791123, 64.104083411915781, 0.999996489776549 ], [ 36.407495129504241, 64.134777940977074, 0.999996489776549 ], [ 36.400419656602025, 64.137717428377073, 0.999996489776549 ], [ 36.404492097986804, 64.154702532952797, 0.999996489776549 ], [ 36.428590258459735, 64.161493767707725, 0.999996489776549 ], [ 36.422821225853113, 64.183266910327802, 0.809796489776545 ], [ 36.41749106538191, 64.203383687614405, 1.050696489776556 ], [ 36.41135619218403, 64.203261293292599, 1.055296489776538 ], [ 36.387147741370427, 64.2027783204976, 0.905496489776624 ], [ 36.361706696665351, 64.20227075672301, 0.999996489776549 ], [ 36.357510948248091, 64.164011456054141, 0.999996489776549 ], [ 36.341680995796196, 64.142052120085282, 0.999996489776549 ], [ 36.30515743721844, 64.132955938701343, 0.999996489776549 ], [ 36.294472887817392, 64.145815334934014, 0.999996489776549 ], [ 36.294472887810116, 64.145815334934014, 0.999996489776549 ], [ 36.283626105858275, 64.132230635914311, 0.999996489776549 ], [ 36.249851651766221, 64.146627417885611, 0.999996489776549 ], [ 36.212258678100625, 64.17011348939559, 0.999996489776549 ], [ 36.198681012705492, 64.173347730411479, 0.999996489776549 ], [ 36.152176441501069, 64.193872870066116, 0.999996489776549 ], [ 36.138890333986637, 64.206710277561797, 0.999996489776549 ], [ 36.118644672835217, 64.220898944560759, 0.999996489776549 ], [ 36.118644672813389, 64.220898944571672, 0.999996489776549 ], [ 36.091802297945833, 64.255146406627318, 0.999996489776549 ], [ 36.085735210006533, 64.276375761739473, 0.999996489776549 ], [ 36.085735209999257, 64.276375761746749, 0.999996489776549 ], [ 36.113692428873037, 64.303809525965335, 0.999996489776549 ], [ 36.128924527965864, 64.31021232164494, 0.999996489776549 ], [ 36.123709169452923, 64.319129130573856, 0.999996489776549 ], [ 36.11792360533218, 64.319502190151979, 0.932996489776542 ], [ 36.114008475473383, 64.319754642059706, 0.999996489776549 ], [ 36.065051614528784, 64.326002491492545, 0.999996489776549 ], [ 36.051413417997537, 64.344318479521462, 0.999996489776549 ], [ 36.016050575359259, 64.350928594343713, 0.999996489776549 ], [ 35.963003303430014, 64.369074346897833, 0.907196489776652 ], [ 35.939811449741683, 64.377007528437389, 0.874996489776549 ], [ 35.892151252799522, 64.39331053722708, 0.999996489776549 ], [ 35.858333406958991, 64.407376172523072, 0.999996489776549 ], [ 35.798780233759317, 64.409549108360807, 0.999996489776549 ], [ 35.773219645441714, 64.4111862184036, 0.999996489776549 ], [ 35.705533091218967, 64.42018873629786, 0.999996489776549 ], [ 35.696327818481222, 64.433295824601373, 0.999996489776549 ], [ 35.684525271844905, 64.424556510333787, 0.999996489776549 ], [ 35.646081255039462, 64.425795893166651, 0.999996489776549 ], [ 35.599448564975319, 64.423721875213232, 0.999996489776549 ], [ 35.57983931542185, 64.417815881955903, 0.999996489776549 ], [ 35.535778528072115, 64.407846842645085, 0.999996489776549 ], [ 35.511095678069978, 64.424288842034002, 0.999996489776549 ], [ 35.506774158537155, 64.427114235157205, 0.999996489776549 ], [ 35.499754611228127, 64.423713467360358, 0.999996489776549 ], [ 35.4946728664072, 64.418859363577212, 0.999996489776549 ], [ 35.445993075885781, 64.385672727472411, 0.999996489776549 ], [ 35.394606624449807, 64.380641737581755, 0.999996489776549 ], [ 35.374979438984155, 64.401852979353862, 0.999996489776549 ], [ 35.365108806654462, 64.408018949397956, 0.999996489776549 ], [ 35.327612144406885, 64.403605082112335, 0.999996489776549 ], [ 35.292568678276439, 64.405200609122403, 0.999996489776549 ], [ 35.266420646563347, 64.410787166772934, 0.999996489776549 ], [ 35.255148531949089, 64.433108520519454, 0.999996489776549 ], [ 35.232099989461858, 64.456989414858981, 0.999996489776549 ], [ 35.21263510913559, 64.472259593316267, 0.999996489776549 ], [ 35.197310396153625, 64.467520597110706, 0.999996489776549 ], [ 35.128228937552194, 64.466497967125179, 0.999996489776549 ], [ 35.088005891331704, 64.489039975436754, 0.999996489776549 ], [ 35.072719374787994, 64.490056849263055, 0.999996489776549 ], [ 35.028607413310965, 64.484007795916114, 0.999996489776549 ], [ 35.010667076487152, 64.488596331437293, 0.999996489776549 ], [ 35.000877838152519, 64.491239170791232, 0.999996489776549 ], [ 34.995441717637732, 64.503941105078411, 0.999996489776549 ], [ 34.984951700218517, 64.518237128537294, 0.999996489776549 ], [ 34.976362770492415, 64.563747706528375, 0.999996489776549 ], [ 34.928284306406567, 64.530574602529668, 0.999996489776549 ], [ 34.922230571475666, 64.53151524961504, 0.999996489776549 ], [ 34.922230571475666, 64.531515249622316, 0.999996489776549 ], [ 34.910258793748653, 64.530591431252105, 0.999996489776549 ], [ 34.906497447140282, 64.533308328558633, 1.074796489776645 ], [ 34.902371296426281, 64.536288731291279, 0.999996489776549 ], [ 34.910380032579269, 64.546060991960985, 0.999996489776549 ], [ 34.93528131948915, 64.565776807579823, 0.999996489776549 ], [ 34.975033505608735, 64.576760686792113, 0.999996489776549 ], [ 35.013873132207664, 64.601600548605347, 0.999996489776549 ], [ 35.021603683133435, 64.60400666406349, 0.999996489776549 ], [ 35.031350913304777, 64.612006465780723, 0.999996489776549 ], [ 35.076965174903307, 64.65361132495309, 0.999996489776549 ], [ 35.085296828710852, 64.66459234150534, 0.999996489776549 ], [ 35.082290591501078, 64.669573303221114, 0.999996489776549 ], [ 35.080085385765415, 64.703122469258233, 0.999996489776549 ], [ 35.080085385765415, 64.703122469258233, 0.999996489776549 ], [ 35.065676640220772, 64.729663882124441, 0.999996489776549 ], [ 35.073473951229971, 64.738941013260046, 0.999996489776549 ], [ 35.074204000946338, 64.764558213893906, 0.999996489776549 ], [ 35.081945291029115, 64.792806495763216, 0.999996489776549 ], [ 35.075646016088285, 64.804599076323939, 0.999996489776549 ], [ 35.075397028958832, 64.821355594049237, 0.999996489776549 ], [ 35.065837088099215, 64.818757695426029, 0.999996489776549 ], [ 35.065837088091939, 64.818757695433305, 0.999996489776549 ], [ 35.036163105589367, 64.851812140019319, 0.999996489776549 ], [ 35.034676835690334, 64.888839951905538, 0.999996489776549 ], [ 35.050223190548422, 64.914724488047796, 0.999996489776549 ], [ 35.047457331453188, 64.920520071464125, 0.999996489776549 ], [ 35.051837518723914, 64.925072797061148, 0.999996489776549 ], [ 35.056174218992965, 64.922427962355869, 0.999996489776549 ], [ 35.065682467335137, 64.924031011109037, 0.999996489776549 ], [ 35.083678876872, 64.922042345133377, 0.999996489776549 ], [ 35.09259897368247, 64.919121867809736, 0.999996489776549 ], [ 35.106491494119837, 64.910522076599591, 0.999996489776549 ], [ 35.114373895630706, 64.910052989605902, 0.999996489776549 ], [ 35.121472073464247, 64.906447216733795, 0.999996489776549 ], [ 35.121472073475161, 64.906447216722881, 0.999996489776549 ], [ 35.128651138380519, 64.9029210807239, 0.999996489776549 ], [ 35.130874094407773, 64.902693570638803, 0.999996489776549 ], [ 35.145427364041097, 64.905656238257507, 0.999996489776549 ], [ 35.146979847584589, 64.909381061166641, 0.999996489776549 ], [ 35.148662123261602, 64.915201307667303, 0.999996489776549 ], [ 35.147356309164024, 64.919444667339121, 0.999996489776549 ], [ 35.141282563567074, 64.928489831941988, 0.999996489776549 ], [ 35.142456477540691, 64.935857232587296, 0.999996489776549 ], [ 35.145142061854131, 64.944659216169384, 0.999996489776549 ], [ 35.133278122480988, 64.950354892429459, 0.999996489776549 ], [ 35.129587822095345, 64.951511877523444, 0.999996489776549 ], [ 35.115898257427034, 64.958380615400529, 0.999996489776549 ], [ 35.110511137816502, 64.958387650593068, 0.999996489776549 ], [ 35.101967928076192, 64.959932250167185, 0.999996489776549 ], [ 35.101967928065278, 64.959932250167185, 0.999996489776549 ], [ 35.098192745328561, 64.964882640571886, 0.999996489776549 ], [ 35.087785079889727, 64.976373620807863, 0.999996489776549 ], [ 35.087785079875175, 64.976373620815139, 0.999996489776549 ], [ 35.081681099174602, 64.985103057642846, 0.999996489776549 ], [ 35.081681099167326, 64.98510305765376, 0.999996489776549 ], [ 35.077987982582272, 64.989975599241006, 0.999996489776549 ], [ 35.068210539600841, 64.995795238704886, 0.999996489776549 ], [ 35.056336488618399, 64.997074507795332, 0.999996489776549 ], [ 35.027746605941502, 64.997392760418734, 0.999996489776549 ], [ 35.022971510625212, 64.97844924261517, 0.999996489776549 ], [ 35.022971510636125, 64.97844924261517, 0.999996489776549 ], [ 35.013639365497511, 64.968882601846417, 0.999996489776549 ], [ 35.007045196980471, 64.96095560879985, 0.999996489776549 ], [ 34.995544229914231, 64.967475674307934, 0.999996489776549 ], [ 34.98513037531302, 64.979940475957847, 0.999996489776549 ], [ 34.944793397902686, 64.964541324698075, 0.999996489776549 ], [ 34.93190410562238, 64.950020468069852, 0.999996489776549 ], [ 34.917530893711955, 64.970650541454233, 0.999996489776549 ], [ 34.910555294984079, 64.988776850776048, 0.999996489776549 ], [ 34.910555294976803, 64.988776850786962, 0.999996489776549 ], [ 34.915252014819998, 65.016105068876641, 0.999996489776549 ], [ 34.906221040928358, 65.029746451600658, 0.999996489776549 ], [ 34.869366185692343, 65.051771084610664, 0.999996489776549 ], [ 34.86006319048829, 65.056103853556124, 0.999996489776549 ], [ 34.824199528935424, 65.082574620260857, 0.999996489776549 ], [ 34.823137752606272, 65.086163435324124, 0.999996489776549 ], [ 34.775017213636602, 65.142739571907441, 0.999996489776549 ], [ 34.762779892265826, 65.14733445479942, 0.999996489776549 ], [ 34.757978175013704, 65.179534123963094, 0.999996489776549 ], [ 34.749975246166287, 65.190106410464068, 0.999996489776549 ], [ 34.70475395907124, 65.209752294438658, 0.999996489776549 ], [ 34.704753959063964, 65.209752294438658, 0.999996489776549 ], [ 34.700722083340224, 65.212790279863839, 0.999996489776549 ], [ 34.674136476147396, 65.245638227857853, 0.999996489776549 ], [ 34.655902412614523, 65.254034833338665, 0.999996489776549 ], [ 34.625123808647913, 65.251234413717611, 0.999996489776549 ], [ 34.606158931848768, 65.23194002346645, 0.999996489776549 ], [ 34.581462869355164, 65.240940325107658, 0.999996489776549 ], [ 34.567775067065668, 65.252061664559733, 1.270896489776533 ], [ 34.562628539315483, 65.256243218384043, 0.999996489776549 ], [ 34.555891930122016, 65.300297390382184, 0.999996489776549 ], [ 34.55589193011474, 65.300297390396736, 0.999996489776549 ], [ 34.556820866146154, 65.302490829708404, 0.999996489776549 ], [ 34.556391214431642, 65.303575130092213, 0.999996489776549 ], [ 34.552329137102788, 65.347532996300288, 0.999996489776549 ], [ 34.548650056236511, 65.364427860109572, 0.999996489776549 ], [ 34.540439233936922, 65.393276491868164, 0.999996489776549 ], [ 34.564834771077585, 65.40703585520896, 0.999996489776549 ], [ 34.580852420625888, 65.396976128395181, 0.999996489776549 ], [ 34.59795355172173, 65.400255886037485, 0.999996489776549 ], [ 34.648483765155106, 65.383528945341823, 0.999996489776549 ], [ 34.652119783055241, 65.378833696526272, 0.999996489776549 ], [ 34.660618211324618, 65.38392545203169, 0.999996489776549 ], [ 34.718138676144008, 65.411287214767071, 0.999996489776549 ], [ 34.720607562790974, 65.415065664521535, 0.999996489776549 ], [ 34.721150709901849, 65.422944031539373, 0.999996489776549 ], [ 34.721150709901849, 65.422944031543011, 0.999996489776549 ], [ 34.709200441811845, 65.454615332884714, 0.999996489776549 ], [ 34.721951390813047, 65.495576596997125, 0.999996489776549 ], [ 34.745486401123344, 65.526362747219537, 0.999996489776549 ], [ 34.781780196968612, 65.520420296612429, 0.999996489776549 ], [ 34.781780196975888, 65.520420296612429, 0.999996489776549 ], [ 34.812181567038351, 65.549629791377811, 0.999996489776549 ], [ 34.814242865864799, 65.550422101008735, 0.999996489776549 ], [ 34.811628505467525, 65.586092660156282, 0.999996489776549 ], [ 34.801625172804052, 65.593749906533048, 0.999996489776549 ], [ 34.822191634310002, 65.605715242869337, 0.999996489776549 ], [ 34.822191634310002, 65.605715242869337, 0.999996489776549 ], [ 34.829035706512514, 65.625187087138329, 0.999996489776549 ], [ 34.880531922524824, 65.647789819955506, 0.999996489776549 ], [ 34.891972411060124, 65.65022206712456, 0.999996489776549 ], [ 34.891972411071038, 65.65022206712456, 0.999996489776549 ], [ 34.915902323096816, 65.669030491779267, 0.999996489776549 ], [ 34.958772995851177, 65.670120448921807, 0.999996489776549 ], [ 34.958772995876643, 65.670120448921807, 0.999996489776549 ], [ 34.967297844865243, 65.676207017142588, 0.999996489776549 ], [ 35.015133331518882, 65.687281043334224, 0.999996489776549 ], [ 35.034702566834312, 65.694556452614052, 0.999996489776549 ], [ 35.036096725383686, 65.695075793435535, 0.999996489776549 ], [ 35.035851127802744, 65.696666237137833, 0.999996489776549 ], [ 35.034498857981816, 65.696754997326934, 0.999996489776549 ], [ 34.968559811281011, 65.715853648587654, 0.999996489776549 ], [ 34.964082946749841, 65.770030232863064, 0.999996489776549 ], [ 34.981099628425, 65.788657235210849, 0.999996489776549 ], [ 34.981099628432275, 65.788657235225401, 0.999996489776549 ], [ 34.945826861978276, 65.793036923540058, 0.999996489776549 ], [ 34.905030222813366, 65.804009776758903, 0.999996489776549 ], [ 34.90503022280609, 65.804009776758903, 0.999996489776549 ], [ 34.899509504957678, 65.760588624965749, 0.999996489776549 ], [ 34.878774460150453, 65.786054162646906, 0.999996489776549 ], [ 34.867872377431922, 65.824270774854085, 0.999996489776549 ], [ 34.853783727274276, 65.836537731669523, 0.999996489776549 ], [ 34.853783727267, 65.836537731669523, 0.999996489776549 ], [ 34.852232034019835, 65.862105324795266, 0.999996489776549 ], [ 34.852438644196809, 65.867988135785708, 0.999996489776549 ], [ 34.847791850774229, 65.867273786898295, 0.999996489776549 ], [ 34.847791850766953, 65.867273786898295, 0.999996489776549 ], [ 34.791525813365297, 65.902800365289295, 0.999996489776549 ], [ 34.768382735939667, 65.905045947380131, 0.999996489776549 ], [ 34.739176734936336, 65.908097622908826, 0.999996489776549 ], [ 34.721553185634548, 65.924373917499906, 1.999996489776549 ], [ 34.764065471870708, 65.919931894764886, 1.999996489776549 ], [ 34.810351626732881, 65.915440730583214, 1.999996489776549 ] ], [ [ 36.555451409603847, 64.227099672036275, 0.999996489776549 ], [ 36.56748051219256, 64.224934043526446, 0.999996489776549 ], [ 36.56748051219256, 64.224934043526446, 0.999996489776549 ], [ 36.569350270914583, 64.225253495467769, 0.999996489776549 ], [ 36.569350270921859, 64.225253495475044, 0.999996489776549 ], [ 36.56955971070056, 64.222268206689478, 0.999996489776549 ], [ 36.579191038581484, 64.212911518137844, 0.999996489776549 ], [ 36.593382954903063, 64.215887837515766, 0.999996489776549 ], [ 36.593382954913977, 64.215887837515766, 0.999996489776549 ], [ 36.594255462772708, 64.215414073994907, 0.999996489776549 ], [ 36.59690074115133, 64.20722595108964, 0.999996489776549 ], [ 36.601013676372531, 64.205731118672702, 0.999996489776549 ], [ 36.601013676361617, 64.205731118672702, 0.999996489776549 ], [ 36.603616364853224, 64.200882134282438, 0.999996489776549 ], [ 36.608721369186242, 64.19710677450712, 0.999996489776549 ], [ 36.609129203992779, 64.189994670927263, 0.999996489776549 ], [ 36.611640896760946, 64.18845810593848, 0.999996489776549 ], [ 36.628794462067162, 64.184110891390446, 0.999996489776549 ], [ 36.638975362275232, 64.191762143553206, 0.999996489776549 ], [ 36.640052930524689, 64.189798209350556, 0.999996489776549 ], [ 36.647056197874917, 64.191628426939133, 0.999996489776549 ], [ 36.652190257900656, 64.18991341331639, 0.999996489776549 ], [ 36.654789363641612, 64.190450746853458, 0.999996489776549 ], [ 36.654789363652526, 64.190450746853458, 0.999996489776549 ], [ 36.660391479348618, 64.186755739301589, 0.999996489776549 ], [ 36.674140583447297, 64.186217612306791, 0.999996489776549 ], [ 36.674140583443659, 64.186217612299515, 0.999996489776549 ], [ 36.679784067284345, 64.183344652308733, 0.999996489776549 ], [ 36.697663358187128, 64.178899543188891, 0.999996489776549 ], [ 36.69184623018009, 64.167860659359576, 0.999996489776549 ], [ 36.710433011285204, 64.151163462844124, 0.999996489776549 ], [ 36.710433011285204, 64.151163462836848, 0.999996489776549 ], [ 36.732875734734989, 64.158493400922453, 0.999996489776549 ], [ 36.749714446603321, 64.168073252694739, 0.999996489776549 ], [ 36.762210621662234, 64.176621218120999, 0.999996489776549 ], [ 36.752330824459932, 64.182458232138742, 0.999996489776549 ], [ 36.747160308681487, 64.186071847980202, 0.999996489776549 ], [ 36.742434240182774, 64.183269920882594, 0.999996489776549 ], [ 36.71455342106492, 64.185249303878663, 0.999996489776549 ], [ 36.707774107908335, 64.189180590317847, 0.999996489776549 ], [ 36.692479067522072, 64.192401331816654, 0.999996489776549 ], [ 36.701866857598361, 64.198401400397415, 0.999996489776549 ], [ 36.701866857605637, 64.198401400397415, 0.999996489776549 ], [ 36.701696033334883, 64.207518541159516, 0.999996489776549 ], [ 36.701415182880737, 64.208640018590813, 0.999996489776549 ], [ 36.699396352338226, 64.216050811755849, 0.999996489776549 ], [ 36.699341880826978, 64.216201382118015, 0.999996489776549 ], [ 36.699312706343335, 64.216219307876599, 0.999996489776549 ], [ 36.699312706332421, 64.216219307876599, 0.999996489776549 ], [ 36.688608496522647, 64.222353903696785, 0.999996489776549 ], [ 36.685754104142688, 64.225416424505966, 0.999996489776549 ], [ 36.680488229685579, 64.230228361277113, 0.999996489776549 ], [ 36.678274350433639, 64.22983409749213, 0.999996489776549 ], [ 36.661893207940011, 64.235483173310058, 0.999996489776549 ], [ 36.656559688060952, 64.236354600798222, 0.999996489776549 ], [ 36.650490011110378, 64.236463784247462, 0.999996489776549 ], [ 36.644197334491764, 64.236731239572691, 0.999996489776549 ], [ 36.641347574870451, 64.238706592150265, 0.999996489776549 ], [ 36.639822448982159, 64.239242648982327, 0.999996489776549 ], [ 36.637193171252875, 64.23955490213848, 0.999996489776549 ], [ 36.62745129623363, 64.246135868565034, 0.999996489776549 ], [ 36.621049642675644, 64.250257735096966, 0.999996489776549 ], [ 36.612597932795325, 64.250966323164903, 0.999996489776549 ], [ 36.606747331152292, 64.249106345443579, 0.999996489776549 ], [ 36.606747331152292, 64.249106345436303, 0.999996489776549 ], [ 36.601284218850196, 64.248373142418131, 0.999996489776549 ], [ 36.60128421884292, 64.248373142418131, 0.999996489776549 ], [ 36.588013438937196, 64.25319400169974, 0.999996489776549 ], [ 36.58517177783142, 64.254976023770723, 0.999996489776549 ], [ 36.576673871550156, 64.256715928528138, 0.999996489776549 ], [ 36.57667387154288, 64.256715928528138, 0.999996489776549 ], [ 36.55549085043458, 64.261700425962772, 0.999996489776549 ], [ 36.539229891452123, 64.243402368589159, 0.999996489776549 ], [ 36.540495343477232, 64.240719016881485, 0.999996489776549 ], [ 36.540027895982348, 64.231911307175324, 0.999996489776549 ], [ 36.55145365950375, 64.229211425299582, 0.999996489776549 ], [ 36.555451409603847, 64.227099672036275, 0.999996489776549 ] ] ] ] } },
{ "type": "Feature", "properties": { "gid": 38, "objectid": 38.0, "shape_leng": 0.55752578079100001, "shape_area": 0.0039551594760899996, "z_mean": 1.51780898977 }, "geometry": { "type": "MultiPolygon", "coordinates": [ [ [ [ 40.60442709603376, 65.940827551614348, 1.999996489776549 ], [ 40.638371048760746, 65.92924316403878, 1.999996489776549 ], [ 40.644899539995095, 65.932182524837117, 1.999996489776549 ], [ 40.621185664826044, 65.91631715236872, 1.128796489776505 ], [ 40.618436547825695, 65.914477901518694, 0.999996489776549 ], [ 40.601673548022518, 65.920198775802419, 0.999996489776549 ], [ 40.601673548022518, 65.920198775816971, 0.999996489776549 ], [ 40.584293249827169, 65.909911662969535, 0.999996489776549 ], [ 40.549031374550395, 65.880712716294511, 0.999996489776549 ], [ 40.534538107778644, 65.869758422577434, 0.999996489776549 ], [ 40.495518632051244, 65.840985518632806, 0.999996489776549 ], [ 40.480436292455124, 65.830421480772202, 0.999996489776549 ], [ 40.480436292455124, 65.830421480772202, 0.999996489776549 ], [ 40.47622050994687, 65.825589837037114, 0.999996489776549 ], [ 40.432870194097632, 65.804006232057873, 1.945496489776588 ], [ 40.415580004333606, 65.795397652887914, 1.999996489776549 ], [ 40.43287203077125, 65.805626641074923, 1.999996489776549 ], [ 40.43287203077125, 65.805626641074923, 1.999996489776549 ], [ 40.462962584904744, 65.840112961534032, 1.999996489776549 ], [ 40.493127264096984, 65.861241037258878, 1.999996489776549 ], [ 40.518196215562057, 65.879726845145342, 1.999996489776549 ], [ 40.547182749087369, 65.901635432583134, 1.999996489776549 ], [ 40.569666499657615, 65.920253325944941, 1.999996489776549 ], [ 40.60442709603376, 65.940827551614348, 1.999996489776549 ] ] ] ] } },
{ "type": "Feature", "properties": { "gid": 39, "objectid": 39.0, "shape_leng": 0.29289014243799999, "shape_area": 0.00176874459134, "z_mean": 0.585227851395 }, "geometry": { "type": "MultiPolygon", "coordinates": [ [ [ [ 40.774414063002041, 65.987890625008731, 0.539896489776538 ], [ 40.752933517389465, 65.981545251474017, 0.738496489776708 ], [ 40.735240242505824, 65.976318641292892, 0.999996489776549 ], [ 40.732398294978339, 65.976773329712159, 0.999996489776549 ], [ 40.732398294963787, 65.976773329712159, 0.999996489776549 ], [ 40.800377079311147, 66.008203345794755, 0.999996489776549 ], [ 40.809166649403778, 66.016372486992623, 0.999996489776549 ], [ 40.809166649403778, 66.016372486992623, 0.999996489776549 ], [ 40.848705912201694, 66.012972759581316, 0.999996489776549 ], [ 40.848705912216246, 66.012972759581316, 0.999996489776549 ], [ 40.865292950595176, 66.006286274150625, 0.999996489776549 ], [ 40.869547932001296, 65.998361818008561, 0.812896489776676 ], [ 40.848633379424427, 65.996059795405017, 0.489496489776684 ], [ 40.801773809336737, 65.990902057084895, -0.000003510223451 ], [ 40.798027350141638, 65.990489691881521, 0.213996489776491 ], [ 40.785482547853462, 65.989108910802315, 0.323996489776619 ], [ 40.774414063002041, 65.987890625008731, 0.539896489776538 ] ] ] ] } },
{ "type": "Feature", "properties": { "gid": 40, "objectid": 40.0, "shape_leng": 0.42149314658699999, "shape_area": 0.00312754830942, "z_mean": 1.5090344125299999 }, "geometry": { "type": "MultiPolygon", "coordinates": [ [ [ [ 40.850396626632573, 66.034029113521683, 1.999996489776549 ], [ 40.859060992170271, 66.017892642412335, 1.273996489776664 ], [ 40.865292950595176, 66.006286274150625, 0.999996489776549 ], [ 40.848705912216246, 66.012972759581316, 0.999996489776549 ], [ 40.848705912201694, 66.012972759581316, 0.999996489776549 ], [ 40.809166649403778, 66.016372486992623, 0.999996489776549 ], [ 40.809166649403778, 66.016372487007175, 0.999996489776549 ], [ 40.800377079311147, 66.008203345794755, 0.999996489776549 ], [ 40.800377079311147, 66.008203345780203, 0.999996489776549 ], [ 40.732398294963787, 65.976773329712159, 0.999996489776549 ], [ 40.735240242505824, 65.976318641292892, 0.999996489776549 ], [ 40.709779854783847, 65.968797618632379, 1.376296489776678 ], [ 40.691601563001313, 65.963427734008292, 1.908596489776528 ], [ 40.685965208431298, 65.959656825034472, 1.999996489776549 ], [ 40.709531736421923, 65.986354624263186, 1.999996489776549 ], [ 40.709531736421923, 65.986354624263186, 1.999996489776549 ], [ 40.754879446081759, 66.005225367323874, 1.999996489776549 ], [ 40.789834158611484, 66.021386691591033, 1.999996489776549 ], [ 40.807413298800384, 66.037724973975855, 1.999996489776549 ], [ 40.850396626632573, 66.034029113521683, 1.999996489776549 ] ] ] ] } },
{ "type": "Feature", "properties": { "gid": 41, "objectid": 41.0, "shape_leng": 5.9072589493100001, "shape_area": 1.2496620956, "z_mean": 5.0482485072100003 }, "geometry": { "type": "MultiPolygon", "coordinates": [ [ [ [ 35.322722599608824, 66.040998003918503, 4.999996489776549 ], [ 35.403423358588043, 66.038189495138795, 4.999996489776549 ], [ 35.419028078369593, 66.036342381139548, 4.999996489776549 ], [ 35.43096290847825, 66.037492110932362, 4.999996489776549 ], [ 35.510526020363613, 66.034229228389449, 4.999996489776549 ], [ 35.510526020374527, 66.034229228389449, 4.999996489776549 ], [ 35.520969102490199, 66.032583127351245, 4.999996489776549 ], [ 35.528084140474675, 66.033446892906795, 4.999996489776549 ], [ 35.619293900545017, 66.027421830793173, 4.999996489776549 ], [ 35.626601151743671, 66.026267006538546, 4.999996489776549 ], [ 35.631825328320701, 66.026363887827756, 4.999996489776549 ], [ 35.745016633693012, 66.017065166040993, 4.999996489776549 ], [ 35.745810137941589, 66.016941418220085, 4.999996489776549 ], [ 35.746344846578722, 66.016953192076471, 4.999996489776549 ], [ 35.75969567755601, 66.01578658859944, 4.999996489776549 ], [ 35.759695677770651, 66.015786588573974, 4.999996489776549 ], [ 35.862718511696585, 66.006009114058543, 4.999996489776549 ], [ 35.870632942620432, 66.005187966911762, 4.999996489776549 ], [ 35.870632942638622, 66.005187966911762, 4.999996489776549 ], [ 35.982413401285157, 65.99312180040215, 4.999996489776549 ], [ 35.992253501004598, 65.992014961000677, 4.999996489776549 ], [ 36.101264340777561, 65.977207038911729, 4.999996489776549 ], [ 36.203302249945409, 65.961807601335749, 4.999996489776549 ], [ 36.207288165816863, 65.961133209602849, 4.999996489776549 ], [ 36.209458721790725, 65.960888083194732, 4.999996489776549 ], [ 36.225422011608316, 65.958719423208095, 4.999996489776549 ], [ 36.303812110138097, 65.945315291901352, 4.999996489776549 ], [ 36.303812110149011, 65.945315291901352, 4.999996489776549 ], [ 36.336868399888772, 65.94020700504916, 4.999996489776549 ], [ 36.372837704017002, 65.93272580343546, 4.999996489776549 ], [ 36.411742453637999, 65.927373487080331, 4.999996489776549 ], [ 36.442546270849562, 65.920340587141254, 4.999996489776549 ], [ 36.474451690468413, 65.917829771657125, 4.999996489776549 ], [ 36.474451690475689, 65.917829771657125, 4.999996489776549 ], [ 36.49720792286098, 65.914162068704172, 4.999996489776549 ], [ 36.521059557406261, 65.910015659959754, 4.999996489776549 ], [ 36.521059557406261, 65.910015659959754, 4.999996489776549 ], [ 36.565828462502395, 65.897616479702265, 4.999996489776549 ], [ 36.617517323080392, 65.892326995734038, 4.999996489776549 ], [ 36.621001095245447, 65.891680182114214, 4.999996489776549 ], [ 36.625140837706567, 65.890939184409945, 4.999996489776549 ], [ 36.684421145044325, 65.873395821919985, 4.999996489776549 ], [ 36.727212162953947, 65.868226488179062, 4.999996489776549 ], [ 36.751960470075574, 65.862940877312212, 4.999996489776549 ], [ 36.796456339739962, 65.850701027593459, 4.999996489776549 ], [ 36.82822902360931, 65.843402580834663, 4.999996489776549 ], [ 36.828229023602034, 65.843402580834663, 4.999996489776549 ], [ 36.874450983799761, 65.829580864785385, 4.999996489776549 ], [ 36.903780504155293, 65.820663100646925, 4.999996489776549 ], [ 36.929785981934401, 65.816873759540613, 4.999996489776549 ], [ 36.989085265311587, 65.802614010201069, 4.999996489776549 ], [ 37.014290926807007, 65.795131969684007, 4.999996489776549 ], [ 37.038401174118917, 65.791819128942734, 4.999996489776549 ], [ 37.038401174126193, 65.791819128942734, 4.999996489776549 ], [ 37.102226204573526, 65.776207902828901, 4.999996489776549 ], [ 37.124453829928825, 65.769425412552664, 4.999996489776549 ], [ 37.145149206393398, 65.766322993938957, 4.999996489776549 ], [ 37.219621847016242, 65.745236708906305, 4.999996489776549 ], [ 37.219621847030794, 65.745236708906305, 4.999996489776549 ], [ 37.232796618634893, 65.740748642067047, 4.999996489776549 ], [ 37.232796618649445, 65.740748642081599, 4.999996489776549 ], [ 37.244170294979995, 65.738908459908998, 4.999996489776549 ], [ 37.315345128212357, 65.716902701751678, 4.999996489776549 ], [ 37.335041692047525, 65.710404833334906, 4.999996489776549 ], [ 37.343271148871281, 65.703901365977799, 4.999996489776549 ], [ 37.389851726497, 65.676134771976649, 4.999996489776549 ], [ 37.403616874304134, 65.650121168037003, 4.999996489776549 ], [ 37.36312713830921, 65.608385068357165, 4.999996489776549 ], [ 37.356187971792679, 65.591852755027503, 4.999996489776549 ], [ 37.356187971792679, 65.591852755027503, 4.999996489776549 ], [ 37.273942386895214, 65.541194238820026, 4.999996489776549 ], [ 37.273942386895214, 65.541194238820026, 4.999996489776549 ], [ 37.273610907835973, 65.541005040922755, 4.999996489776549 ], [ 37.273610907835973, 65.541005040922755, 4.999996489776549 ], [ 37.273509359230957, 65.540945575688966, 4.999996489776549 ], [ 37.273509359230957, 65.540945575688966, 4.999996489776549 ], [ 37.273437090909283, 65.540927725876827, 4.999996489776549 ], [ 37.273437090909283, 65.540927725891379, 4.999996489776549 ], [ 37.251025114663207, 65.5329856679964, 4.999996489776549 ], [ 37.251025114663207, 65.532985668010951, 4.999996489776549 ], [ 37.218986673578911, 65.513234145673778, 4.999996489776549 ], [ 37.181751192365482, 65.50193817172476, 4.999996489776549 ], [ 37.138377491548454, 65.492514212292008, 4.999996489776549 ], [ 37.117200849006622, 65.487047312755749, 4.999996489776549 ], [ 37.086644660306774, 65.476886153854139, 4.999996489776549 ], [ 37.086644660288584, 65.476886153868691, 4.999996489776549 ], [ 37.068152948526404, 65.472731631776696, 4.999996489776549 ], [ 37.050126044123317, 65.44644999180673, 4.999996489776549 ], [ 37.003388156103028, 65.451371150622435, 4.999996489776549 ], [ 37.003388156110304, 65.451371150615159, 4.999996489776549 ], [ 36.989091907362308, 65.437820368973917, 4.999996489776549 ], [ 36.982683020920376, 65.442437280533341, 4.999996489776549 ], [ 36.963083338465367, 65.42671133143449, 4.999996489776549 ], [ 36.945801438636408, 65.42838063655654, 4.999996489776549 ], [ 36.922255527410016, 65.414619798233616, 4.999996489776549 ], [ 36.881272691596678, 65.400820508504694, 4.999996489776549 ], [ 36.873627201359341, 65.398443160753231, 5.006996489776611 ], [ 36.822236337284266, 65.382463288799045, 5.017996489776579 ], [ 36.788967582502664, 65.372118445389788, 4.999996489776549 ], [ 36.77388879197315, 65.359312860957289, 4.999996489776549 ], [ 36.773888791980426, 65.359312860946375, 4.999996489776549 ], [ 36.772752553399187, 65.359734104513336, 4.999996489776549 ], [ 36.771570205295575, 65.359505788426759, 4.999996489776549 ], [ 36.766179833448405, 65.358623565934977, 4.999996489776549 ], [ 36.692218165891973, 65.351392541990208, 4.999996489776549 ], [ 36.650402341630979, 65.345925201661885, 4.999996489776549 ], [ 36.605322400570003, 65.345569650442485, 4.999996489776549 ], [ 36.593948514459044, 65.344087721001415, 4.999996489776549 ], [ 36.566254546811251, 65.340243816033762, 4.999996489776549 ], [ 36.527632974084554, 65.338142052518378, 4.999996489776549 ], [ 36.494202875368501, 65.333905366467661, 4.999996489776549 ], [ 36.456965070545266, 65.331217165930866, 4.999996489776549 ], [ 36.444948201304214, 65.331378935214161, 4.999996489776549 ], [ 36.408796714065829, 65.322928046447487, 4.999996489776549 ], [ 36.398533176503406, 65.323999931333674, 4.999996489776549 ], [ 36.390186286964308, 65.320750397120719, 4.999996489776549 ], [ 36.346643374574342, 65.321112716108473, 4.999996489776549 ], [ 36.319811164110433, 65.31440737171215, 4.999996489776549 ], [ 36.307148438358126, 65.313861390197417, 4.999996489776549 ], [ 36.286591986368876, 65.311740614506562, 4.999996489776549 ], [ 36.261822787837446, 65.311601245579368, 4.999996489776549 ], [ 36.247171373197489, 65.309937629579508, 4.999996489776549 ], [ 36.220984877894807, 65.309053839628177, 4.999996489776549 ], [ 36.18538697765689, 65.301698777773709, 4.999996489776549 ], [ 36.177184870386554, 65.299646068844595, 4.999996489776549 ], [ 36.16808851627502, 65.300888953082904, 4.999996489776549 ], [ 36.168088516260468, 65.300888953082904, 4.999996489776549 ], [ 36.142474890279118, 65.302742526546353, 4.999996489776549 ], [ 36.124721500000305, 65.300460999998904, 4.999996489776549 ], [ 36.102224185247906, 65.295792599688866, 4.999996489776549 ], [ 36.102224185247906, 65.295792599696142, 4.999996489776549 ], [ 36.074600046216801, 65.299149943686643, 4.999996489776549 ], [ 36.07027687469963, 65.299276239689789, 4.999996489776549 ], [ 36.067757798460661, 65.298472998536454, 4.999996489776549 ], [ 36.03299750774022, 65.300453947940696, 4.999996489776549 ], [ 36.001445151985536, 65.299762603815907, 4.999996489776549 ], [ 36.000169377366547, 65.299953071145865, 4.999996489776549 ], [ 35.999171359679167, 65.299810791770142, 4.999996489776549 ], [ 35.961512279853196, 65.320033878273534, 4.999996489776549 ], [ 35.956361222335545, 65.319687263956439, 4.999996489776549 ], [ 35.927524868853652, 65.310086828798376, 4.999996489776549 ], [ 35.91614389505412, 65.304448308543215, 4.999996489776549 ], [ 35.916143895061396, 65.304448308535939, 4.999996489776549 ], [ 35.895284845282731, 65.29417330609067, 4.999996489776549 ], [ 35.876877524238807, 65.304986224586173, 4.999996489776549 ], [ 35.85462098482094, 65.311608661279024, 4.999996489776549 ], [ 35.815052135276346, 65.307787124642346, 4.999996489776549 ], [ 35.78097517340575, 65.312901649009291, 4.999996489776549 ], [ 35.752860884200345, 65.322151399981522, 4.999996489776549 ], [ 35.736094180629152, 65.323141952179867, 4.999996489776549 ], [ 35.736094180621876, 65.323141952187143, 4.999996489776549 ], [ 35.721369938848511, 65.320344302235753, 4.999996489776549 ], [ 35.702659835176746, 65.31664251208349, 5.073596489776492 ], [ 35.6722367453076, 65.310623310037045, 4.998196489776547 ], [ 35.668869493740203, 65.309957100009342, 4.999996489776549 ], [ 35.664262544803933, 65.310101153932919, 4.999996489776549 ], [ 35.62480734410201, 65.304070487924037, 5.052696489776508 ], [ 35.600972580003145, 65.300427381334885, 4.999996489776549 ], [ 35.552405258444196, 65.305229810262972, 4.999996489776549 ], [ 35.532236062994343, 65.309511366431252, 4.999996489776549 ], [ 35.520680341764091, 65.313403561471205, 4.999996489776549 ], [ 35.516666805313434, 65.317594445808936, 4.999996489776549 ], [ 35.477059123371873, 65.336073789301736, 4.999996489776549 ], [ 35.477059123353683, 65.336073789309012, 4.999996489776549 ], [ 35.468475308138295, 65.343104327672336, 4.999996489776549 ], [ 35.458129299979191, 65.346792279422516, 4.999996489776549 ], [ 35.435550788479304, 65.350664425939613, 4.999996489776549 ], [ 35.416120928250166, 65.356698856165167, 4.999996489776549 ], [ 35.413311865737342, 65.356199869493139, 4.999996489776549 ], [ 35.406972534867236, 65.358887235051952, 4.999996489776549 ], [ 35.378354325162945, 65.376919308084325, 4.999996489776549 ], [ 35.378354325155669, 65.376919308084325, 4.999996489776549 ], [ 35.3373559601132, 65.371220056924358, 4.999996489776549 ], [ 35.328969213613163, 65.377269759606861, 4.999996489776549 ], [ 35.320934728548309, 65.37503662056406, 4.999996489776549 ], [ 35.277263128864433, 65.402482660985697, 5.18059648977669 ], [ 35.234129184256744, 65.429590804389591, 5.066596489776657 ], [ 35.226042177429918, 65.434673199306417, 4.999996489776549 ], [ 35.189104576660611, 65.440397268986999, 4.999996489776549 ], [ 35.148933720698551, 65.446451253679697, 4.999996489776549 ], [ 35.132999648238183, 65.463881235977169, 4.999996489776549 ], [ 35.121955522488861, 65.45060054755595, 4.999996489776549 ], [ 35.091636130902771, 65.479585262546607, 5.107296489776672 ], [ 35.070192931452766, 65.500084520350356, 4.999996489776549 ], [ 35.087959217806201, 65.523541889040644, 4.999996489776549 ], [ 35.081429156991362, 65.573926039531216, 4.999996489776549 ], [ 35.086009566592111, 65.580017123527796, 4.999996489776549 ], [ 35.087467621102405, 65.579944658351451, 4.999996489776549 ], [ 35.088895565026178, 65.580025689734612, 4.999996489776549 ], [ 35.149735181752476, 65.560947034555284, 4.999996489776549 ], [ 35.191483193066233, 65.587194585175894, 4.999996489776549 ], [ 35.208487578925997, 65.592574017853622, 4.999996489776549 ], [ 35.264817203929852, 65.615784165525838, 4.999996489776549 ], [ 35.261761444719014, 65.667866940970271, 4.999996489776549 ], [ 35.234895201985637, 65.697137755421863, 4.999996489776549 ], [ 35.234895201971085, 65.697137755432777, 4.999996489776549 ], [ 35.250089636374469, 65.712548838353541, 4.999996489776549 ], [ 35.250089636381745, 65.712548838353541, 4.999996489776549 ], [ 35.21620308934871, 65.738305616760044, 4.999996489776549 ], [ 35.212161228122568, 65.750561062457564, 4.999996489776549 ], [ 35.207553645541338, 65.791246927041357, 4.999996489776549 ], [ 35.207553645541338, 65.791246927041357, 4.999996489776549 ], [ 35.181391914247797, 65.791041348224098, 4.999996489776549 ], [ 35.142776143700758, 65.811281735430384, 4.999996489776549 ], [ 35.144832097339531, 65.829601875277149, 4.999996489776549 ], [ 35.092241995265795, 65.858002047876653, 4.999996489776549 ], [ 35.081184897615458, 65.863059120929393, 4.999996489776549 ], [ 35.081184897600906, 65.863059120929393, 4.999996489776549 ], [ 35.031884815503872, 65.896102103695739, 4.999996489776549 ], [ 35.021371846210968, 65.899062322758255, 4.999996489776549 ], [ 34.977029433295684, 65.934461102122441, 4.999996489776549 ], [ 34.96091291933044, 65.931928747886559, 4.999996489776549 ], [ 34.951204177530599, 65.961460114205693, 4.999996489776549 ], [ 34.9443701570126, 65.971123792438448, 4.999996489776549 ], [ 34.941697844020382, 65.977808616637049, 4.999996489776549 ], [ 34.952123964201746, 65.985887868457212, 4.999996489776549 ], [ 34.952123964209022, 65.985887868457212, 4.999996489776549 ], [ 34.992223761080822, 66.00660392059217, 4.999996489776549 ], [ 35.025425813943002, 66.0146709590299, 4.999996489776549 ], [ 35.025425813953916, 66.0146709590299, 4.999996489776549 ], [ 35.040801656516123, 66.015872695908911, 4.999996489776549 ], [ 35.054946117099462, 66.018993355337443, 4.999996489776549 ], [ 35.114421444577602, 66.031681739317719, 4.999996489776549 ], [ 35.126982613623113, 66.031815816924791, 4.999996489776549 ], [ 35.154868196921598, 66.034779527682986, 4.999996489776549 ], [ 35.15486819691796, 66.034779527668434, 4.999996489776549 ], [ 35.190797476880107, 66.03508923415211, 4.999996489776549 ], [ 35.213915609103424, 66.038931168175623, 4.999996489776549 ], [ 35.242649385032564, 66.036577536204277, 4.999996489776549 ], [ 35.285576659425715, 66.039867539231636, 4.999996489776549 ], [ 35.305231268997886, 66.038906805322767, 4.999996489776549 ], [ 35.322722599608824, 66.040998003918503, 4.999996489776549 ] ] ] ] } },
{ "type": "Feature", "properties": { "gid": 69, "objectid": 69.0, "shape_leng": 3.3008827242300001, "shape_area": 0.12048054423100001, "z_mean": 0.52310237206800003 }, "geometry": { "type": "MultiPolygon", "coordinates": [ [ [ [ 32.847558593999565, 67.02153320299476, 0.210596489776663 ], [ 33.001953125003638, 66.908300780996797, 0.784996489776631 ], [ 33.047842070202023, 66.888379295873165, 0.784596489776504 ], [ 33.078622887434904, 66.875016609268641, 0.816696489776632 ], [ 33.150195312999131, 66.843945313004951, 0.911296489776532 ], [ 33.154536135272792, 66.842906734855205, 0.90929648977658 ], [ 33.377888291161071, 66.789467857663112, -0.000003510223451 ], [ 33.412743249969935, 66.781128516333411, -0.000003510223451 ], [ 33.478128087797813, 66.765484645318793, -0.000003510223451 ], [ 33.482031250001455, 66.764550781012076, 0.083696489776685 ], [ 33.522949219004659, 66.764355469007569, 0.389196489776623 ], [ 33.547906788957334, 66.771334843451768, 0.152896489776595 ], [ 33.552720795840287, 66.772681078542519, 0.05319648977661 ], [ 33.554282428151055, 66.773117788394302, 0.059996489776495 ], [ 33.556828313558071, 66.773829744226532, 0.0943964897765 ], [ 33.595410155998252, 66.784619141002622, 0.175696489776556 ], [ 33.62711979201049, 66.778120646355092, 0.999996489776549 ], [ 33.593269579618209, 66.767207385641086, 0.999996489776549 ], [ 33.593269579618209, 66.767207385630172, 0.999996489776549 ], [ 33.573921418937971, 66.751130083212047, 0.999996489776549 ], [ 33.549617598466284, 66.740980079750443, 0.999996489776549 ], [ 33.548846262230654, 66.739674431690219, 0.999996489776549 ], [ 33.546469557324599, 66.740656016365392, 0.999996489776549 ], [ 33.544613736201427, 66.741270128241013, 0.999996489776549 ], [ 33.519517694068782, 66.753685031453642, 0.999996489776549 ], [ 33.430531017820613, 66.742950643529184, 0.999996489776549 ], [ 33.430531017806061, 66.742950643529184, 0.999996489776549 ], [ 33.395880696105451, 66.736599947867944, 0.999996489776549 ], [ 33.364802309399238, 66.721865429477475, 0.999996489776549 ], [ 33.355971984648932, 66.742968253620347, 0.999996489776549 ], [ 33.31132314534625, 66.760486432260223, 0.999996489776549 ], [ 33.266150097344507, 66.767127499635535, 0.999996489776549 ], [ 33.218340910087136, 66.780286133736809, 0.999996489776549 ], [ 33.188158084474708, 66.795828111189621, 0.999996489776549 ], [ 33.143516362790251, 66.839472116684192, 0.999996489776549 ], [ 33.139971245298511, 66.837643956656393, 0.999996489776549 ], [ 33.139971245291235, 66.837643956656393, 0.999996489776549 ], [ 33.136473478807602, 66.839224970743089, 0.999996489776549 ], [ 33.065694514127244, 66.860929071746796, 0.999996489776549 ], [ 33.044661403557257, 66.869392409429565, 0.999996489776549 ], [ 33.044661403549981, 66.869392409429565, 0.999996489776549 ], [ 32.982765794437, 66.864965835149633, 0.999996489776549 ], [ 32.982765794429724, 66.864965835149633, 0.999996489776549 ], [ 32.916974213349022, 66.878167305076204, 0.999996489776549 ], [ 32.916974213341746, 66.878167305076204, 0.999996489776549 ], [ 32.904869226080336, 66.927509788150928, 0.999996489776549 ], [ 32.889143480377243, 66.928720627303846, 0.999996489776549 ], [ 32.848339965112245, 66.946334546672006, 0.999996489776549 ], [ 32.781608925066394, 66.943072013327765, 0.999996489776549 ], [ 32.775189105868776, 66.943621801277914, 0.999996489776549 ], [ 32.772383986390196, 66.944293827058573, 0.999996489776549 ], [ 32.766975262988126, 66.945047455930762, 0.999996489776549 ], [ 32.713637784512684, 66.959479953438859, 0.999996489776549 ], [ 32.668827132998558, 66.957161096052005, 0.999996489776549 ], [ 32.668827132998558, 66.957161096052005, 0.999996489776549 ], [ 32.60842087344281, 66.937949527411547, 0.999996489776549 ], [ 32.60842087342462, 66.937949527411547, 0.999996489776549 ], [ 32.607251061912393, 66.937560855159973, 0.999996489776549 ], [ 32.60674063155966, 66.938193678968673, 0.999996489776549 ], [ 32.606981470929895, 66.937428052682662, 0.999996489776549 ], [ 32.606981470933533, 66.93742805266811, 0.999996489776549 ], [ 32.583611091544299, 66.924119692022941, 0.999996489776549 ], [ 32.574859999145701, 66.910788297591353, 0.999996489776549 ], [ 32.550742113609886, 66.882392808398436, 0.999996489776549 ], [ 32.532692456301447, 66.889423549531784, 0.859996489776677 ], [ 32.490787065496988, 66.905746627002372, 0.030396489776649 ], [ 32.489252714764007, 66.906344290575362, 0.016896489776627 ], [ 32.486744834917772, 66.907321165301255, 0.017996489776579 ], [ 32.483895847406529, 66.908430909010349, 0.011796489776543 ], [ 32.463671875004366, 66.916308594001748, 0.184596489776595 ], [ 32.466608861926943, 66.923201287034317, 0.051096489776683 ], [ 32.47000184024364, 66.931164127385273, 0.147496489776586 ], [ 32.495964830879529, 66.992095595360297, 0.63779648977652 ], [ 32.500976562998403, 67.003857422001602, 0.76909648977653 ], [ 32.497009442100534, 67.005441129524115, 0.7343964897766 ], [ 32.428726293332147, 67.032700328050851, 0.76869648977663 ], [ 32.407380716558691, 67.041221659073926, 0.722896489776531 ], [ 32.400287522992585, 67.04405332069291, 0.696096489776664 ], [ 32.392451255982451, 67.047181623383949, 0.691896489776582 ], [ 32.346134394898399, 67.065671697942889, 0.483096489776699 ], [ 32.340625000004366, 67.067871094008296, 0.460596489776663 ], [ 32.324450859428907, 67.073146998693119, 0.39779648977651 ], [ 32.295277549084858, 67.082663152224995, 0.372796489776647 ], [ 32.287850000000617, 67.095150000004651, 0.357796489776547 ], [ 32.270260000004782, 67.136520000010933, -0.000003510223451 ], [ 32.318873423337209, 67.154089086405293, -0.000003510223451 ], [ 32.333497439780331, 67.153835777055065, 0.041496489776591 ], [ 32.342712774159736, 67.153676153982815, 0.06599648977658 ], [ 32.360127055962948, 67.153374513163726, -0.000003510223451 ], [ 32.372400480006036, 67.15316191950842, 0.08099648977668 ], [ 32.399902344004659, 67.152685547007422, 0.004196489776632 ], [ 32.409749053742416, 67.151463090591278, -0.000003510223451 ], [ 32.670562942956167, 67.119083379679068, -0.000003510223451 ], [ 32.899234848391643, 67.090694054972118, 0.415896489776514 ], [ 32.930468750000728, 67.086816406008438, 0.411996489776584 ], [ 32.885253905998979, 67.061132813003496, 0.396596489776584 ], [ 32.879999350414437, 67.055612806918361, 0.393096489776553 ], [ 32.869813624784001, 67.04491251710715, 0.354696489776643 ], [ 32.8649560050726, 67.039809499361581, -0.000003510223451 ], [ 32.849712377534161, 67.023795791716111, 0.170696489776674 ], [ 32.847558593999565, 67.02153320299476, 0.210596489776663 ] ] ] ] } },
{ "type": "Feature", "properties": { "gid": 42, "objectid": 42.0, "shape_leng": 9.5152426831600003, "shape_area": 0.113205733357, "z_mean": 2.50140923296 }, "geometry": { "type": "MultiPolygon", "coordinates": [ [ [ [ 40.838461481802369, 66.056257067641127, 2.999996489776549 ], [ 40.850396626632573, 66.034029113521683, 1.999996489776549 ], [ 40.807413298800384, 66.037724973975855, 1.999996489776549 ], [ 40.789834158611484, 66.021386691591033, 1.999996489776549 ], [ 40.789834158611484, 66.021386691591033, 1.999996489776549 ], [ 40.754879446092673, 66.005225367334788, 1.999996489776549 ], [ 40.709531736421923, 65.986354624263186, 1.999996489776549 ], [ 40.709531736421923, 65.986354624263186, 1.999996489776549 ], [ 40.685965208431298, 65.959656825034472, 1.999996489776549 ], [ 40.666947709833039, 65.946933484956389, 2.308396489776669 ], [ 40.65906643096605, 65.941660646836681, 2.520496489776633 ], [ 40.644899539995095, 65.932182524837117, 1.999996489776549 ], [ 40.638371048760746, 65.92924316403878, 1.999996489776549 ], [ 40.638371048760746, 65.92924316403878, 1.999996489776549 ], [ 40.60442709603376, 65.940827551614348, 1.999996489776549 ], [ 40.569666499657615, 65.920253325944941, 1.999996489776549 ], [ 40.569666499657615, 65.920253325944941, 1.999996489776549 ], [ 40.547182749087369, 65.901635432583134, 1.999996489776549 ], [ 40.518196215562057, 65.879726845145342, 1.999996489776549 ], [ 40.493127264096984, 65.861241037258878, 1.999996489776549 ], [ 40.462962584904744, 65.840112961534032, 1.999996489776549 ], [ 40.462962584904744, 65.840112961534032, 1.999996489776549 ], [ 40.43287203077125, 65.805626641074923, 1.999996489776549 ], [ 40.43287203077125, 65.805626641074923, 1.999996489776549 ], [ 40.415580004333606, 65.795397652887914, 1.999996489776549 ], [ 40.413842808735353, 65.794532723932207, 2.005496489776533 ], [ 40.413675970183249, 65.794449657001678, 1.999996489776549 ], [ 40.356756864905037, 65.792036665334308, 1.999996489776549 ], [ 40.305991754416027, 65.775711298105307, 1.999996489776549 ], [ 40.274016828199819, 65.741803999280819, 1.999996489776549 ], [ 40.272150021453854, 65.734965033720073, 1.999996489776549 ], [ 40.258959678420069, 65.730998609920789, 2.357096489776495 ], [ 40.246328375331359, 65.727200293149508, 1.999996489776549 ], [ 40.246439882390405, 65.730392380162812, 1.999996489776549 ], [ 40.187665436573297, 65.725098222566885, 1.999996489776549 ], [ 40.153937768816832, 65.711538093204581, 1.999996489776549 ], [ 40.103670294240146, 65.689843711861613, 1.999996489776549 ], [ 40.078637356466061, 65.682223026040447, 1.999996489776549 ], [ 40.010586992826575, 65.667777457751072, 1.999996489776549 ], [ 40.010586992812023, 65.667777457751072, 1.999996489776549 ], [ 39.980397214989353, 65.66009385225334, 1.999996489776549 ], [ 39.913183762459084, 65.636300166916044, 1.999996489776549 ], [ 39.912020870357082, 65.635930631302472, 1.999996489776549 ], [ 39.912020870357082, 65.635930631302472, 1.999996489776549 ], [ 39.8259804793488, 65.624598169350065, 1.999996489776549 ], [ 39.790533651783335, 65.604627110755246, 1.999996489776549 ], [ 39.757261897335411, 65.588959482065547, 1.999996489776549 ], [ 39.733409004915302, 65.571580048086616, 1.999996489776549 ], [ 39.733409004926216, 65.571580048086616, 1.999996489776549 ], [ 39.713272960922041, 65.547125018707447, 1.999996489776549 ], [ 39.714758388225164, 65.495300431306532, 1.999996489776549 ], [ 39.704808766458882, 65.448871138109098, 1.999996489776549 ], [ 39.704808766458882, 65.448871138083632, 1.999996489776549 ], [ 39.715161991480272, 65.41377783995631, 1.999996489776549 ], [ 39.701420050481829, 65.43386219052627, 1.999996489776549 ], [ 39.664164013534901, 65.418312536563462, 1.999996489776549 ], [ 39.67108955339063, 65.376658041921473, 1.999996489776549 ], [ 39.679022157670261, 65.353114921428642, 1.999996489776549 ], [ 39.679022157670261, 65.353114921428642, 1.999996489776549 ], [ 39.696454135941167, 65.329717361830262, 1.999996489776549 ], [ 39.729192242521094, 65.309207962651271, 1.999996489776549 ], [ 39.76172552301432, 65.2965138103973, 1.999996489776549 ], [ 39.783105533395428, 65.282241348762909, 1.999996489776549 ], [ 39.783105533395428, 65.282241348755633, 1.999996489776549 ], [ 39.832500874661491, 65.280377536175365, 1.999996489776549 ], [ 39.835752576764207, 65.294748371663445, 1.999996489776549 ], [ 39.835752576764207, 65.294748371677997, 1.999996489776549 ], [ 39.839759195518127, 65.297005736396386, 1.999996489776549 ], [ 39.839759195518127, 65.297005736396386, 1.999996489776549 ], [ 39.842041537769546, 65.307364622662135, 1.999996489776549 ], [ 39.845678637902893, 65.303852006592933, 2.121096489776619 ], [ 39.856578446491767, 65.293325256854587, 1.999996489776549 ], [ 39.852541142819973, 65.267438245791709, 1.999996489776549 ], [ 39.886467053420347, 65.228224393584242, 1.999996489776549 ], [ 39.923812175984494, 65.215266348281148, 1.999996489776549 ], [ 39.929597312911937, 65.229027729896188, 1.999996489776549 ], [ 39.947628919457202, 65.21500155758622, 2.266296489776551 ], [ 39.955363551900518, 65.208985050550837, 1.999996489776549 ], [ 39.954537768593582, 65.194677383205999, 1.999996489776549 ], [ 39.968730362830684, 65.158965413651458, 1.999996489776549 ], [ 39.975576372984506, 65.137795787348296, 1.999996489776549 ], [ 39.986665785261721, 65.11724567597048, 1.999996489776549 ], [ 39.986665785261721, 65.11724567597048, 1.999996489776549 ], [ 40.016286802419927, 65.097069456493045, 1.999996489776549 ], [ 40.060977464931057, 65.081422637598735, 1.999996489776549 ], [ 40.093171223685204, 65.046779782911472, 1.999996489776549 ], [ 40.093171223685204, 65.046779782904196, 1.999996489776549 ], [ 40.119709428912756, 65.010564288935711, 1.999996489776549 ], [ 40.119709428912756, 65.010564288928435, 1.999996489776549 ], [ 40.133608184434706, 64.994328540433344, 1.999996489776549 ], [ 40.144366664455447, 64.962973270557995, 1.999996489776549 ], [ 40.151270727386873, 64.948663567472977, 1.999996489776549 ], [ 40.14167147767148, 64.90931337713846, 1.999996489776549 ], [ 40.131534886710142, 64.891878776736121, 1.999996489776549 ], [ 40.131534886710142, 64.891878776728845, 1.999996489776549 ], [ 40.099556909019157, 64.8521665890039, 1.999996489776549 ], [ 40.099556909004605, 64.8521665890039, 1.999996489776549 ], [ 40.076273458023934, 64.837225887506065, 1.999996489776549 ], [ 40.038615113655396, 64.80735468068815, 1.999996489776549 ], [ 40.038578458690608, 64.806320980820601, 1.999996489776549 ], [ 40.038578458690608, 64.806320980813325, 1.999996489776549 ], [ 40.036659038516518, 64.806365920456301, 1.999996489776549 ], [ 40.017597121488507, 64.802956360061216, 1.999996489776549 ], [ 40.017597121252038, 64.802956360021199, 1.999996489776549 ], [ 39.946907110013854, 64.791116646596493, 1.999996489776549 ], [ 39.946907110013854, 64.791116646596493, 1.999996489776549 ], [ 39.942006397119258, 64.789491482857557, 1.999996489776549 ], [ 39.939243800723489, 64.786444145982387, 1.999996489776549 ], [ 39.899556602664234, 64.758641469463328, 1.999996489776549 ], [ 39.882902147601271, 64.748918562017934, 1.999996489776549 ], [ 39.857520611538348, 64.740787212776922, 1.999996489776549 ], [ 39.803037805351778, 64.734451556490967, 1.999996489776549 ], [ 39.765430046845722, 64.730003760469117, 1.999996489776549 ], [ 39.76543004683117, 64.730003760469117, 1.999996489776549 ], [ 39.738517393023358, 64.711536314283876, 1.999996489776549 ], [ 39.708248600651132, 64.692199322085798, 1.999996489776549 ], [ 39.712602010717092, 64.630695726049453, 1.999996489776549 ], [ 39.714948898144939, 64.605994234279933, 1.999996489776549 ], [ 39.704664291064546, 64.597782658765937, 1.999996489776549 ], [ 39.704664291064546, 64.597782658758661, 1.999996489776549 ], [ 39.680360822731018, 64.592130757511768, 1.999996489776549 ], [ 39.61608381003316, 64.580600980207237, 1.999996489776549 ], [ 39.58953806444697, 64.580904363185255, 1.999996489776549 ], [ 39.519205157772376, 64.589906954486651, 1.999996489776549 ], [ 39.503648911875644, 64.597027534204244, 1.999996489776549 ], [ 39.503648911875644, 64.597027534215158, 1.999996489776549 ], [ 39.436655045115913, 64.620371432130923, 1.999996489776549 ], [ 39.420013861396001, 64.628088757352089, 1.999996489776549 ], [ 39.360580347267387, 64.654490654687834, 1.999996489776549 ], [ 39.329353956036357, 64.655383206954866, 1.999996489776549 ], [ 39.295218680414109, 64.664255659146875, 1.999996489776549 ], [ 39.283954691192775, 64.654874225518142, 1.999996489776549 ], [ 39.283954691192775, 64.654874225510866, 1.999996489776549 ], [ 39.264098136238317, 64.655167417335178, 1.999996489776549 ], [ 39.230681478940824, 64.66449004235983, 2.394696489776607 ], [ 39.178347632270743, 64.679090210895083, 2.586296489776714 ], [ 39.143874434026657, 64.688707591158163, 2.135396489776667 ], [ 39.094198654038337, 64.702566208594362, 1.999996489776549 ], [ 39.087063630577177, 64.704875154198817, 1.999996489776549 ], [ 39.057581165310694, 64.717573818634264, 1.999996489776549 ], [ 39.01184460787772, 64.732102193251194, 1.999996489776549 ], [ 38.971248220808775, 64.739702307117113, 1.999996489776549 ], [ 38.966814713337953, 64.754394658248202, 1.999996489776549 ], [ 38.922906029234582, 64.762358680454781, 1.999996489776549 ], [ 38.873754850817932, 64.77871777798282, 1.999996489776549 ], [ 38.820250255976134, 64.767500674071925, 1.999996489776549 ], [ 38.820250255976134, 64.767500674071925, 1.999996489776549 ], [ 38.781041557169374, 64.769335878841957, 1.999996489776549 ], [ 38.768352349758061, 64.789800396334613, 1.999996489776549 ], [ 38.768352349758061, 64.789800396330975, 1.999996489776549 ], [ 38.714344313917536, 64.779573520314443, 1.999996489776549 ], [ 38.682410796198383, 64.78449233561696, 1.999996489776549 ], [ 38.669186748360517, 64.807852526184433, 1.999996489776549 ], [ 38.588266771123017, 64.809003627804486, 1.999996489776549 ], [ 38.585194916624459, 64.808475620477111, 1.999996489776549 ], [ 38.58177209398491, 64.811212801268994, 1.999996489776549 ], [ 38.581772093973996, 64.811212801268994, 1.999996489776549 ], [ 38.52482700476321, 64.841879145125858, 1.999996489776549 ], [ 38.49001896032496, 64.851215169910574, 1.999996489776549 ], [ 38.49001896032496, 64.851215169910574, 1.999996489776549 ], [ 38.46298183329418, 64.853711871321138, 1.999996489776549 ], [ 38.406640922130464, 64.867402330139157, 1.999996489776549 ], [ 38.372687291364855, 64.863898723011516, 1.999996489776549 ], [ 38.341414001879457, 64.855049923971819, 1.999996489776549 ], [ 38.341414001879457, 64.855049923979095, 1.999996489776549 ], [ 38.322016879483272, 64.864036108559958, 1.999996489776549 ], [ 38.260358004783484, 64.870381084503606, 1.999996489776549 ], [ 38.215966303469031, 64.853446803077532, 1.999996489776549 ], [ 38.207677005444566, 64.855068373592076, 1.999996489776549 ], [ 38.207677005444566, 64.855068373577524, 1.999996489776549 ], [ 38.197039407856209, 64.852154576423345, 1.999996489776549 ], [ 38.188854770334729, 64.852399689294543, 2.052396489776584 ], [ 38.182487046997267, 64.852590389367833, 1.999996489776549 ], [ 38.113267763677868, 64.865440893037885, 1.999996489776549 ], [ 38.060362798325514, 64.875500706231833, 1.999996489776549 ], [ 38.060362798325514, 64.875500706224557, 1.999996489776549 ], [ 38.013419524391793, 64.890788332631928, 1.999996489776549 ], [ 37.971865805724519, 64.896646658526151, 1.999996489776549 ], [ 37.971190913423925, 64.896968492314045, 2.016696489776677 ], [ 37.923576227971353, 64.919674358912744, 2.758596489776664 ], [ 37.908167005210998, 64.927022506923095, 2.841996489776648 ], [ 37.897218302907277, 64.932243580446084, 2.999996489776549 ], [ 37.912595812627842, 64.92800951909885, 2.999996489776549 ], [ 37.924326740991091, 64.923497026906261, 2.999996489776549 ], [ 38.007563504965219, 64.905222924953705, 2.999996489776549 ], [ 38.015014286593214, 64.904172498943808, 2.999996489776549 ], [ 38.015014286593214, 64.904172498943808, 2.999996489776549 ], [ 38.023177814255178, 64.901513949822402, 2.999996489776549 ], [ 38.023177814255178, 64.901513949815126, 2.999996489776549 ], [ 38.120533630964928, 64.883001862661331, 2.999996489776549 ], [ 38.130041344255005, 64.881236764551431, 2.999996489776549 ], [ 38.130041344284109, 64.881236764544155, 2.999996489776549 ], [ 38.201849924502312, 64.900906209270033, 2.999996489776549 ], [ 38.221623537956475, 64.89703805199315, 2.999996489776549 ], [ 38.236290965614899, 64.900985650412622, 2.999996489776549 ], [ 38.236290965614899, 64.90098565041626, 2.999996489776549 ], [ 38.256527004774398, 64.892386358027579, 2.999996489776549 ], [ 38.286252804315154, 64.880801240022265, 2.999996489776549 ], [ 38.327111611804867, 64.876596683126991, 2.999996489776549 ], [ 38.327111611804867, 64.876596683126991, 2.999996489776549 ], [ 38.330526002817351, 64.87501488595808, 2.999996489776549 ], [ 38.330526002817351, 64.875014885954442, 2.999996489776549 ], [ 38.336030902850325, 64.876572501249029, 2.999996489776549 ], [ 38.414399134540872, 64.884659157523856, 2.999996489776549 ], [ 38.434281462159561, 64.879827889217268, 2.999996489776549 ], [ 38.434281462159561, 64.879827889209992, 2.999996489776549 ], [ 38.474060502536304, 64.876154555633548, 2.999996489776549 ], [ 38.474060502550856, 64.876154555633548, 2.999996489776549 ], [ 38.483626241839374, 64.880468354684126, 2.999996489776549 ], [ 38.495909908364411, 64.881898957079102, 2.999996489776549 ], [ 38.502095442661812, 64.876481853174482, 2.999996489776549 ], [ 38.531515120161203, 64.864422039427154, 2.999996489776549 ], [ 38.573104972660076, 64.85326703489045, 2.999996489776549 ], [ 38.587112676545075, 64.845723538703169, 2.999996489776549 ], [ 38.656760585352458, 64.831281346323522, 2.999996489776549 ], [ 38.680490122536867, 64.830943789278535, 2.999996489776549 ], [ 38.697983110978385, 64.800042544175085, 2.999996489776549 ], [ 38.697983110992936, 64.800042544135067, 2.999996489776549 ], [ 38.701845727890031, 64.798714047647081, 2.999996489776549 ], [ 38.704972211613494, 64.797299974987254, 2.999996489776549 ], [ 38.779833524626156, 64.811475594502554, 2.999996489776549 ], [ 38.798867335764953, 64.780778818272665, 2.999996489776549 ], [ 38.805550383949594, 64.780466011095996, 2.999996489776549 ], [ 38.885807276215928, 64.797291666971432, 2.999996489776549 ], [ 38.88580727623048, 64.79729166697507, 2.999996489776549 ], [ 38.907437581892736, 64.790092402228765, 2.999996489776549 ], [ 38.907437581892736, 64.790092402221489, 2.999996489776549 ], [ 38.982467970443395, 64.776483620902582, 2.999996489776549 ], [ 38.990043870166119, 64.751377589218464, 2.999996489776549 ], [ 39.002031911808444, 64.749133289871679, 2.999996489776549 ], [ 39.070636747972458, 64.727340727957198, 2.999996489776549 ], [ 39.077945445864316, 64.724192731311632, 2.999996489776549 ], [ 39.077945445864316, 64.724192731304356, 2.999996489776549 ], [ 39.159491630336561, 64.697803791543265, 2.999996489776549 ], [ 39.168889946406125, 64.692677639784961, 2.999996489776549 ], [ 39.168889946420677, 64.692677639777685, 2.999996489776549 ], [ 39.255555764622841, 64.6776653072302, 2.999996489776549 ], [ 39.259712302929984, 64.677603933894716, 2.999996489776549 ], [ 39.286884307763103, 64.700234669286147, 2.999996489776549 ], [ 39.331048036990978, 64.688755618102732, 2.999996489776549 ], [ 39.33104803700553, 64.688755618091818, 2.999996489776549 ], [ 39.357464448978135, 64.698559545031458, 2.999996489776549 ], [ 39.357464448978135, 64.698559545031458, 2.999996489776549 ], [ 39.369928992033238, 64.68678018247374, 2.999996489776549 ], [ 39.369928992033238, 64.686780182466464, 2.999996489776549 ], [ 39.404244724722957, 64.676306876852323, 2.999996489776549 ], [ 39.45656233997579, 64.665391320446361, 2.999996489776549 ], [ 39.476604541279812, 64.659563752415124, 2.999996489776549 ], [ 39.476604541279812, 64.659563752407848, 2.999996489776549 ], [ 39.526202877677861, 64.650278459746914, 2.999996489776549 ], [ 39.526202877688775, 64.650278459739638, 2.999996489776549 ], [ 39.545738347726001, 64.653494164460426, 2.999996489776549 ], [ 39.602868343346927, 64.665214615299192, 2.999996489776549 ], [ 39.628497190464259, 64.665425812338071, 2.999996489776549 ], [ 39.628497190478811, 64.665425812338071, 2.999996489776549 ], [ 39.647458915136667, 64.667134102310229, 2.999996489776549 ], [ 39.647458915136667, 64.667134102310229, 2.999996489776549 ], [ 39.6715183992128, 64.672915422586811, 2.999996489776549 ], [ 39.670295593456103, 64.690190829609492, 2.999996489776549 ], [ 39.724682758078416, 64.724935659756738, 2.999996489776549 ], [ 39.773039585947117, 64.758118089092022, 2.999996489776549 ], [ 39.785631708014989, 64.759607334737666, 2.999996489776549 ], [ 39.785631708029541, 64.759607334737666, 2.999996489776549 ], [ 39.850579148442193, 64.767159894661745, 2.999996489776549 ], [ 39.865838601439464, 64.772787963109295, 2.999996489776549 ], [ 39.890812028195796, 64.800335397809249, 2.999996489776549 ], [ 39.949858275325823, 64.819916185675538, 2.999996489776549 ], [ 39.974560564070998, 64.824053517313587, 2.999996489776549 ], [ 39.97456056408555, 64.824053517313587, 2.999996489776549 ], [ 40.035551324403059, 64.84322930280905, 2.999996489776549 ], [ 40.037871289183386, 64.845069536320807, 2.999996489776549 ], [ 40.064369909825473, 64.86207337227097, 2.999996489776549 ], [ 40.076994427621685, 64.878676566153445, 2.999996489776549 ], [ 40.115063085591828, 64.939048649604956, 2.999996489776549 ], [ 40.115063085602742, 64.939048649612232, 2.999996489776549 ], [ 40.120631283436524, 64.94572315687401, 2.999996489776549 ], [ 40.106047276658501, 64.988227810656099, 2.999996489776549 ], [ 40.103249143354333, 64.991496433394786, 2.999996489776549 ], [ 40.097906403469096, 64.998787430002267, 2.999996489776549 ], [ 40.024301622463099, 65.07799159356, 2.999996489776549 ], [ 40.005900203632336, 65.084434184736892, 2.999996489776549 ], [ 39.961468677880475, 65.114698513949406, 2.999996489776549 ], [ 39.956579559475358, 65.123758681020263, 2.999996489776549 ], [ 39.946310544240987, 65.155513120480464, 2.999996489776549 ], [ 39.937824084918248, 65.176867086633138, 2.999996489776549 ], [ 39.905953902722104, 65.194006892372272, 2.999996489776549 ], [ 39.8701924779416, 65.206415424745501, 2.999996489776549 ], [ 39.848026501364075, 65.232036353234435, 2.999996489776549 ], [ 39.821480704758869, 65.253181325471814, 2.999996489776549 ], [ 39.792331885459134, 65.254281184981664, 2.999996489776549 ], [ 39.750372999082174, 65.282291302159138, 2.999996489776549 ], [ 39.733328363789042, 65.288941943981627, 2.999996489776549 ], [ 39.733328363789042, 65.288941943970713, 2.999996489776549 ], [ 39.684221203904599, 65.319706042733742, 2.999996489776549 ], [ 39.658073236496421, 65.354802382142225, 2.999996489776549 ], [ 39.653649330088228, 65.367932062883483, 2.999996489776549 ], [ 39.643261020304635, 65.430413804842829, 2.999996489776549 ], [ 39.671516206206434, 65.442206749004981, 2.999996489776549 ], [ 39.692934063212306, 65.478583016149059, 2.999996489776549 ], [ 39.692863218471757, 65.48487836019558, 2.999996489776549 ], [ 39.703703619863518, 65.495712681840814, 2.999996489776549 ], [ 39.701939441380091, 65.557262528058345, 2.999996489776549 ], [ 39.714683507372683, 65.57274007212618, 2.999996489776549 ], [ 39.714683507372683, 65.57274007212618, 2.999996489776549 ], [ 39.750462846011942, 65.598809223090939, 2.999996489776549 ], [ 39.800370477671095, 65.622310666134581, 2.999996489776549 ], [ 39.821565719019418, 65.634252254021703, 2.999996489776549 ], [ 39.873013111580804, 65.641028439160436, 2.999996489776549 ], [ 39.873013111595355, 65.641028439160436, 2.999996489776549 ], [ 39.911081642352656, 65.653125587017712, 2.999996489776549 ], [ 39.911081642352656, 65.653125587017712, 2.999996489776549 ], [ 39.949482371685008, 65.666719515571458, 2.999996489776549 ], [ 39.949482371695922, 65.666719515571458, 2.999996489776549 ], [ 40.008272596907773, 65.681682225782424, 2.999996489776549 ], [ 40.008272596907773, 65.681682225782424, 2.999996489776549 ], [ 40.045483778008929, 65.689581326234475, 2.999996489776549 ], [ 40.045483778008929, 65.689581326234475, 2.999996489776549 ], [ 40.100847537647496, 65.706435513369797, 2.999996489776549 ], [ 40.100847537647496, 65.706435513369797, 2.999996489776549 ], [ 40.127228510944406, 65.717820984806167, 2.999996489776549 ], [ 40.127228510958957, 65.717820984806167, 2.999996489776549 ], [ 40.183697664062493, 65.74052427476272, 2.999996489776549 ], [ 40.228870189719601, 65.744593227980658, 2.999996489776549 ], [ 40.228870189759618, 65.744593227980658, 2.999996489776549 ], [ 40.262763413011271, 65.757980097630934, 2.999996489776549 ], [ 40.285062631613982, 65.781626947158657, 2.999996489776549 ], [ 40.285062631613982, 65.781626947158657, 2.999996489776549 ], [ 40.361210297356592, 65.806114997991244, 2.999996489776549 ], [ 40.385143396146304, 65.807129602275381, 2.999996489776549 ], [ 40.432905758720153, 65.835383123903739, 2.999996489776549 ], [ 40.432905758720153, 65.835383123903739, 2.999996489776549 ], [ 40.445488877354364, 65.849804442299501, 2.999996489776549 ], [ 40.490735896157275, 65.881496555884951, 2.999996489776549 ], [ 40.490735896157275, 65.881496555884951, 2.999996489776549 ], [ 40.501854323345469, 65.889695267716888, 2.999996489776549 ], [ 40.501854323345469, 65.889695267716888, 2.999996489776549 ], [ 40.545334123642533, 65.922558148860844, 2.999996489776549 ], [ 40.555039749477146, 65.930594988923986, 2.999996489776549 ], [ 40.555039749477146, 65.930594988923986, 2.999996489776549 ], [ 40.607180644045002, 65.961456327411724, 2.999996489776549 ], [ 40.637513528959971, 65.951104324587504, 2.999996489776549 ], [ 40.637513528970885, 65.95110432457659, 2.999996489776549 ], [ 40.671331546585861, 65.971680510978331, 2.999996489776549 ], [ 40.697543378304545, 66.00137509256092, 2.999996489776549 ], [ 40.697543378304545, 66.00137509256092, 2.999996489776549 ], [ 40.740388572434313, 66.019204453779821, 2.999996489776549 ], [ 40.740388572485244, 66.019204453790735, 2.999996489776549 ], [ 40.754078183897946, 66.036721895150549, 2.999996489776549 ], [ 40.754078183897946, 66.036721895150549, 2.999996489776549 ], [ 40.75352183580253, 66.052905326858308, 2.999996489776549 ], [ 40.75352183580253, 66.05290532687286, 2.999996489776549 ], [ 40.791798227986874, 66.046194197231671, 2.999996489776549 ], [ 40.791798227986874, 66.046194197231671, 2.999996489776549 ], [ 40.80565994819699, 66.059077460970002, 2.999996489776549 ], [ 40.838461481802369, 66.056257067641127, 2.999996489776549 ] ] ] ] } },
{ "type": "Feature", "properties": { "gid": 43, "objectid": 43.0, "shape_leng": 0.64705401430300002, "shape_area": 0.0064454473774500001, "z_mean": 0.54939454948800004 }, "geometry": { "type": "MultiPolygon", "coordinates": [ [ [ [ 34.712811409321148, 65.97391892133237, 0.999996489776549 ], [ 34.712811409321148, 65.97391892133237, 0.999996489776549 ], [ 34.705507252721873, 65.939193198595603, 0.999996489776549 ], [ 34.695294059660228, 65.948625631081086, 0.294896489776647 ], [ 34.691796874998545, 65.951855469003931, 0.224896489776711 ], [ 34.678612168139807, 65.959828027545882, -0.000003510223451 ], [ 34.63590895883317, 65.985649901318538, 0.453896489776525 ], [ 34.613383121570223, 65.999270875843649, 0.479496489776693 ], [ 34.533288791160885, 66.047702497795399, -0.000003510223451 ], [ 34.485974736173375, 66.076312468212564, 0.005396489776558 ], [ 34.462767255048675, 66.090345620708831, 0.389396489776573 ], [ 34.445597716170596, 66.100727736542467, 0.999996489776549 ], [ 34.469879002499511, 66.100737350316194, 0.999996489776549 ], [ 34.469879002506786, 66.100737350316194, 0.999996489776549 ], [ 34.491111726834788, 66.093504629934614, 0.999996489776549 ], [ 34.560309031159704, 66.052609586575272, 0.999996489776549 ], [ 34.560309031163342, 66.05260958656072, 0.999996489776549 ], [ 34.5617064293765, 66.052051375241717, 0.999996489776549 ], [ 34.613332808890846, 66.017944599578186, 0.999996489776549 ], [ 34.617975102737546, 66.015415592391946, 0.999996489776549 ], [ 34.688752900419786, 66.000278583582258, 0.999996489776549 ], [ 34.702842518076068, 65.992190572233085, 0.999996489776549 ], [ 34.712811409321148, 65.97391892133237, 0.999996489776549 ] ] ] ] } },
{ "type": "Feature", "properties": { "gid": 44, "objectid": 44.0, "shape_leng": 0.79308863726099998, "shape_area": 0.0049863153321099999, "z_mean": 1.5066530546800001 }, "geometry": { "type": "MultiPolygon", "coordinates": [ [ [ [ 34.496153453659645, 66.103279259881674, 1.999996489776549 ], [ 34.543571012625762, 66.075255868894601, 1.999996489776549 ], [ 34.57009242820277, 66.064661498614441, 1.999996489776549 ], [ 34.606158664249961, 66.040834473213181, 1.999996489776549 ], [ 34.629862689460424, 66.027921104960114, 1.999996489776549 ], [ 34.680005800841172, 66.017197167155246, 1.999996489776549 ], [ 34.70818503614646, 66.001021144475089, 1.999996489776549 ], [ 34.728122818632983, 65.964477842655469, 1.999996489776549 ], [ 34.719990906363819, 65.925816766342905, 1.999996489776549 ], [ 34.705507252721873, 65.939193198595603, 0.999996489776549 ], [ 34.712811409321148, 65.97391892133237, 0.999996489776549 ], [ 34.712811409321148, 65.97391892133237, 0.999996489776549 ], [ 34.702842518076068, 65.992190572233085, 0.999996489776549 ], [ 34.688752900419786, 66.000278583582258, 0.999996489776549 ], [ 34.617975102737546, 66.015415592391946, 0.999996489776549 ], [ 34.613332808890846, 66.017944599578186, 0.999996489776549 ], [ 34.5617064293765, 66.052051375241717, 0.999996489776549 ], [ 34.560309031163342, 66.05260958656072, 0.999996489776549 ], [ 34.491111726834788, 66.093504629934614, 0.999996489776549 ], [ 34.469879002506786, 66.100737350316194, 0.999996489776549 ], [ 34.445597716170596, 66.100727736542467, 0.999996489776549 ], [ 34.417479431820539, 66.11773036469458, 1.999996489776549 ], [ 34.45368800500728, 66.117744700626645, 1.999996489776549 ], [ 34.496153453659645, 66.103279259881674, 1.999996489776549 ] ] ] ] } },
{ "type": "Feature", "properties": { "gid": 45, "objectid": 45.0, "shape_leng": 1.65270514661, "shape_area": 0.0081697716730300008, "z_mean": 0.69242222309400003 }, "geometry": { "type": "MultiPolygon", "coordinates": [ [ [ [ 37.900683594005386, 66.095605469003203, 0.414796489776563 ], [ 38.070009318555094, 66.084989331709949, 0.476596489776512 ], [ 38.138695941612241, 66.080682918014645, 0.451496489776673 ], [ 38.143926874654426, 66.08035495659351, 0.50349648977658 ], [ 38.242238243012252, 66.074191173822328, 0.801296489776632 ], [ 38.397558593998838, 66.064453125007276, 0.624296489776498 ], [ 38.43082536464135, 66.065048758649937, 0.999996489776549 ], [ 38.499221304311504, 66.061265945241757, 0.999996489776549 ], [ 38.49922130433697, 66.061265945241757, 0.999996489776549 ], [ 38.450252190013998, 66.041454932463239, 0.999996489776549 ], [ 38.450252189999446, 66.041454932463239, 0.999996489776549 ], [ 38.423433592030051, 66.041085561220825, 0.999996489776549 ], [ 38.423433592030051, 66.041085561231739, 0.999996489776549 ], [ 38.411732209773618, 66.048098874107382, 0.999996489776549 ], [ 38.373060210822587, 66.057207303627365, 0.999996489776549 ], [ 38.221862965227047, 66.065909858782106, 0.999996489776549 ], [ 38.221862965150649, 66.065909858782106, 0.999996489776549 ], [ 38.212225525439862, 66.065342474641511, 0.999996489776549 ], [ 38.212225525439862, 66.065342474641511, 0.999996489776549 ], [ 38.209045640836848, 66.064346306826337, 0.999996489776549 ], [ 38.207524749341246, 66.065753835369833, 0.999996489776549 ], [ 38.110939078254887, 66.072569951789774, 0.999996489776549 ], [ 38.110939078243973, 66.072569951789774, 0.999996489776549 ], [ 38.098728789696906, 66.068588044916396, 0.999996489776549 ], [ 37.996949123054947, 66.078840801601473, 0.999996489776549 ], [ 37.996949123054947, 66.078840801590559, 0.999996489776549 ], [ 37.99253755871905, 66.079091213687207, 0.999996489776549 ], [ 37.991379370883806, 66.080591531954269, 0.999996489776549 ], [ 37.991379370883806, 66.080591531954269, 0.999996489776549 ], [ 37.892889309721795, 66.084012712308322, 0.999996489776549 ], [ 37.87751400277557, 66.079046678161831, 0.999996489776549 ], [ 37.873445018405619, 66.085541710242978, 0.999996489776549 ], [ 37.845723882473976, 66.095103276300506, 0.999996489776549 ], [ 37.845723882433958, 66.095103276315058, 0.999996489776549 ], [ 37.683418269622052, 66.122705229849089, 0.999996489776549 ], [ 37.768515033127187, 66.112091009897995, 0.265796489776676 ], [ 37.805456018271798, 66.107483317144215, 0.415996489776489 ], [ 37.900683594005386, 66.095605469003203, 0.414796489776563 ] ] ] ] } },
{ "type": "Feature", "properties": { "gid": 46, "objectid": 46.0, "shape_leng": 0.70316455345899997, "shape_area": 0.0046189950432, "z_mean": 0.52720938178599996 }, "geometry": { "type": "MultiPolygon", "coordinates": [ [ [ [ 39.193765859123232, 66.111916675963585, 0.999996489776549 ], [ 39.193765859123232, 66.111916675963585, 0.999996489776549 ], [ 39.182651137576613, 66.100692781332327, 0.999996489776549 ], [ 39.165248973880807, 66.106897149264114, 0.999996489776549 ], [ 39.090921564253222, 66.096526053988782, 0.999996489776549 ], [ 39.078137633667211, 66.086706060843426, 0.999996489776549 ], [ 39.078137633652659, 66.086706060843426, 0.999996489776549 ], [ 39.050430192983185, 66.084274620967335, 0.999996489776549 ], [ 38.965613659300288, 66.086233043679385, 0.999996489776549 ], [ 38.950576166651445, 66.093383714076481, 0.999996489776549 ], [ 38.905367240295163, 66.093980290363106, 0.999996489776549 ], [ 38.953132663915312, 66.098717175071215, 0.57489648977662 ], [ 38.959600523783593, 66.099358591054624, 0.33359648977671 ], [ 39.012781480603735, 66.104632532784308, -0.000003510223451 ], [ 39.11012777486394, 66.114286339605314, -0.000003510223451 ], [ 39.181996513474587, 66.121413543813105, -0.000003510223451 ], [ 39.249173633666942, 66.128075481443375, 0.999996489776549 ], [ 39.193765859123232, 66.111916675963585, 0.999996489776549 ] ] ] ] } },
{ "type": "Feature", "properties": { "gid": 47, "objectid": 47.0, "shape_leng": 18.213871640400001, "shape_area": 1.10683884234, "z_mean": 2.078790195 }, "geometry": { "type": "MultiPolygon", "coordinates": [ [ [ [ 34.355240073644381, 66.15267442892582, 2.999996489776549 ], [ 34.410304686382005, 66.134741285764903, 2.999996489776549 ], [ 34.437497007511411, 66.134752050937095, 2.999996489776549 ], [ 34.501195180495415, 66.113053889814182, 2.999996489776549 ], [ 34.526832994077267, 66.097902151243034, 2.999996489776549 ], [ 34.526832994095457, 66.097902151228482, 2.999996489776549 ], [ 34.578478427025402, 66.077271621972614, 2.999996489776549 ], [ 34.578478427032678, 66.077271621972614, 2.999996489776549 ], [ 34.598984519598162, 66.063724346862728, 2.999996489776549 ], [ 34.641750276179664, 66.040426617528283, 2.999996489776549 ], [ 34.671258701258921, 66.034115750731871, 2.999996489776549 ], [ 34.713527554216853, 66.009851716713456, 2.999996489776549 ], [ 34.743434227952093, 65.955036763978569, 2.999996489776549 ], [ 34.739623705012491, 65.936920611646201, 2.999996489776549 ], [ 34.759748207801749, 65.934817842149641, 2.999996489776549 ], [ 34.829177440089552, 65.928081095862581, 2.999996489776549 ], [ 34.829177440096828, 65.928081095862581, 2.999996489776549 ], [ 34.856300736973935, 65.910955350173026, 2.999996489776549 ], [ 34.871157126817707, 65.913239213499764, 2.999996489776549 ], [ 34.893230134730402, 65.899978511100926, 2.999996489776549 ], [ 34.901700068206992, 65.870411625168344, 2.999996489776549 ], [ 34.901700068206992, 65.870411625168344, 2.999996489776549 ], [ 34.901284980747732, 65.858592790722469, 2.999996489776549 ], [ 34.901695309657953, 65.851831675208814, 2.999996489776549 ], [ 34.901695309679781, 65.851831675208814, 2.999996489776549 ], [ 34.911074814219319, 65.843664961135801, 2.999996489776549 ], [ 34.937318635777046, 65.822161356660217, 2.999996489776549 ], [ 34.945760585938842, 65.819890770602797, 2.999996489776549 ], [ 34.964809851247992, 65.81752549412704, 2.999996489776549 ], [ 34.964809851280734, 65.81752549412704, 2.999996489776549 ], [ 35.016183067455131, 65.819806706902455, 2.999996489776549 ], [ 35.042953378397215, 65.808237605127943, 2.999996489776549 ], [ 35.042953378404491, 65.808237605127943, 2.999996489776549 ], [ 35.040250744335935, 65.784332470608206, 2.999996489776549 ], [ 35.003569594889996, 65.754199205573968, 2.999996489776549 ], [ 35.000528840253537, 65.750870698604558, 2.999996489776549 ], [ 35.000528840253537, 65.750870698604558, 2.999996489776549 ], [ 35.000712729830411, 65.748645366853452, 2.999996489776549 ], [ 35.003421210916713, 65.747860879695509, 2.999996489776549 ], [ 35.003421210923989, 65.747860879684595, 2.999996489776549 ], [ 35.009127330467891, 65.747486341835611, 2.999996489776549 ], [ 35.009127330493357, 65.747486341835611, 2.999996489776549 ], [ 35.064286957207514, 65.7402056840765, 2.999996489776549 ], [ 35.083840346698707, 65.719559186622064, 2.999996489776549 ], [ 35.089083725699311, 65.679651075857691, 2.999996489776549 ], [ 35.089083725706587, 65.679651075857691, 2.999996489776549 ], [ 35.11716864353366, 65.654656808557775, 2.999996489776549 ], [ 35.1244391086002, 65.644386296193261, 2.999996489776549 ], [ 35.1244391086002, 65.644386296178709, 2.999996489776549 ], [ 35.125556110837351, 65.630506534591404, 2.999996489776549 ], [ 35.11018744256944, 65.629634410379367, 2.999996489776549 ], [ 35.090894010165357, 65.630593292204139, 2.999996489776549 ], [ 35.060329662654112, 65.647724559250491, 2.999996489776549 ], [ 35.022227192832361, 65.634718255270855, 2.999996489776549 ], [ 35.011389374161809, 65.633209750678361, 2.999996489776549 ], [ 34.945940246714599, 65.613266981490597, 2.999996489776549 ], [ 34.906647696130676, 65.605383952566626, 2.999996489776549 ], [ 34.89015563439898, 65.601877742687066, 2.999996489776549 ], [ 34.883034538248467, 65.598752146699553, 2.999996489776549 ], [ 34.883034538255743, 65.598752146688639, 2.999996489776549 ], [ 34.881185449674376, 65.593491361181805, 2.999996489776549 ], [ 34.881185449674376, 65.593491361181805, 2.999996489776549 ], [ 34.88527854665881, 65.560280778645392, 2.999996489776549 ], [ 34.885242583790387, 65.556865383656259, 2.999996489776549 ], [ 34.855150021354348, 65.52681992174621, 2.999996489776549 ], [ 34.855150021336158, 65.52681992174621, 2.999996489776549 ], [ 34.84579577029217, 65.514915593110345, 2.999996489776549 ], [ 34.84579577029217, 65.514915593110345, 2.999996489776549 ], [ 34.832789651052735, 65.467236903492449, 2.999996489776549 ], [ 34.808252274768165, 65.441303820807661, 2.999996489776549 ], [ 34.815293718686007, 65.410777561046416, 2.999996489776549 ], [ 34.809844321360288, 65.398963756852027, 2.999996489776549 ], [ 34.799293967607809, 65.392721048672684, 2.999996489776549 ], [ 34.759241985568224, 65.370679423576803, 2.999996489776549 ], [ 34.693464008269075, 65.36005370694329, 2.999996489776549 ], [ 34.684502498341317, 65.355790830231854, 2.999996489776549 ], [ 34.655030071888177, 65.33813269444363, 2.999996489776549 ], [ 34.671097328086034, 65.308635140310798, 2.999996489776549 ], [ 34.673094936904818, 65.291991046502517, 2.999996489776549 ], [ 34.728914521852857, 65.266653595532262, 2.999996489776549 ], [ 34.735043586151733, 65.259762032099388, 2.999996489776549 ], [ 34.764877597997838, 65.239649201066641, 2.999996489776549 ], [ 34.777502324563102, 65.228445086759166, 2.999996489776549 ], [ 34.78243244994519, 65.207300617053988, 2.999996489776549 ], [ 34.798157922643441, 65.18652644368558, 2.999996489776549 ], [ 34.798157922650717, 65.18652644368558, 2.999996489776549 ], [ 34.799324346895446, 65.178704581627244, 2.999996489776549 ], [ 34.818551769098121, 65.171485047299939, 2.999996489776549 ], [ 34.840019512146682, 65.178129586602154, 2.999996489776549 ], [ 34.840019512157596, 65.178129586605792, 2.999996489776549 ], [ 34.853073720820248, 65.163490300408739, 2.999996489776549 ], [ 34.845635000416223, 65.125313739528792, 2.999996489776549 ], [ 34.849067506660504, 65.113711836071161, 2.999996489776549 ], [ 34.852227049643261, 65.111379791138461, 2.999996489776549 ], [ 34.875213496776269, 65.100674103345227, 2.999996489776549 ], [ 34.907383012916398, 65.099944552745001, 2.999996489776549 ], [ 34.923618836026435, 65.092751896543632, 2.999996489776549 ], [ 34.951425756509707, 65.100204381684307, 2.999996489776549 ], [ 34.975858180107025, 65.081392239873821, 2.999996489776549 ], [ 34.975858180114301, 65.081392239859269, 2.999996489776549 ], [ 35.034312847234105, 65.085001770385134, 2.999996489776549 ], [ 35.059880468023039, 65.076119697241666, 2.999996489776549 ], [ 35.059880468030315, 65.07611969723439, 2.999996489776549 ], [ 35.087453441774414, 65.075564902126644, 2.999996489776549 ], [ 35.087453441788966, 65.075564902126644, 2.999996489776549 ], [ 35.110776359029842, 65.071975624374318, 2.999996489776549 ], [ 35.129622150034265, 65.052915748190571, 2.999996489776549 ], [ 35.137846315650677, 65.048554084547504, 2.999996489776549 ], [ 35.151836180069949, 65.058608470822946, 2.999996489776549 ], [ 35.151836180077225, 65.058608470822946, 2.999996489776549 ], [ 35.187829616486852, 65.084818538492982, 2.999996489776549 ], [ 35.194442137395527, 65.102986329846317, 2.999996489776549 ], [ 35.187529751707189, 65.106599850871135, 2.999996489776549 ], [ 35.180962653066672, 65.135367155853601, 2.999996489776549 ], [ 35.212186219570867, 65.162846867413464, 2.999996489776549 ], [ 35.226969921448472, 65.160212794675317, 2.999996489776549 ], [ 35.251125541122747, 65.161882935855829, 2.999996489776549 ], [ 35.295869306322857, 65.161097685468121, 2.999996489776549 ], [ 35.306813737373886, 65.156974049074051, 2.999996489776549 ], [ 35.3205532159227, 65.136446554446593, 2.999996489776549 ], [ 35.31541583651051, 65.122085322494968, 2.999996489776549 ], [ 35.315415836517786, 65.122085322494968, 2.999996489776549 ], [ 35.320435431134683, 65.108741219148214, 2.999996489776549 ], [ 35.346679710757599, 65.11205002270799, 2.999996489776549 ], [ 35.386445826130512, 65.106710514231963, 2.999996489776549 ], [ 35.390525454306044, 65.106239519474912, 2.999996489776549 ], [ 35.398584933598613, 65.107848509778705, 2.999996489776549 ], [ 35.398584933605889, 65.107848509778705, 2.999996489776549 ], [ 35.40733283843656, 65.114777003727795, 2.999996489776549 ], [ 35.412685857889301, 65.128710011609655, 2.999996489776549 ], [ 35.435571052817977, 65.12852550667958, 2.999996489776549 ], [ 35.448058476817096, 65.125567404040339, 2.999996489776549 ], [ 35.472816072022397, 65.125710174008418, 2.999996489776549 ], [ 35.477160248719883, 65.129617655991751, 2.999996489776549 ], [ 35.476573266092601, 65.131717350006511, 2.999996489776549 ], [ 35.497894461161195, 65.143578642422654, 2.999996489776549 ], [ 35.526505602574616, 65.143047364243102, 2.999996489776549 ], [ 35.526935408692225, 65.140386224265967, 2.999996489776549 ], [ 35.526935408692225, 65.140386224258691, 2.999996489776549 ], [ 35.528295785556111, 65.138718843048991, 2.999996489776549 ], [ 35.528295785556111, 65.138718843041715, 2.999996489776549 ], [ 35.556684118368139, 65.137345410887065, 2.999996489776549 ], [ 35.562057494520559, 65.135514827052248, 2.999996489776549 ], [ 35.573626843568491, 65.151683415369916, 2.999996489776549 ], [ 35.583140101254685, 65.15748909541071, 2.999996489776549 ], [ 35.599595068571944, 65.164441320233891, 2.999996489776549 ], [ 35.612404012703337, 65.168539608901483, 2.999996489776549 ], [ 35.626084625455405, 65.174613875722571, 2.999996489776549 ], [ 35.642620303358854, 65.181323129127122, 2.999996489776549 ], [ 35.661926664015482, 65.187034974074777, 2.999996489776549 ], [ 35.661926664026396, 65.187034974074777, 2.999996489776549 ], [ 35.680891857398819, 65.191533608594909, 2.999996489776549 ], [ 35.692266970592755, 65.194966509257938, 2.999996489776549 ], [ 35.719500843253627, 65.190337310770701, 2.999996489776549 ], [ 35.719500843297283, 65.190337310763425, 2.999996489776549 ], [ 35.719798154626915, 65.190560520659346, 2.999996489776549 ], [ 35.720452083707642, 65.190430200658739, 2.999996489776549 ], [ 35.739132368362334, 65.199535077019391, 2.999996489776549 ], [ 35.761414341068303, 65.193364444399776, 2.999996489776549 ], [ 35.761414341093769, 65.1933644443925, 2.999996489776549 ], [ 35.761818975501228, 65.19350212001882, 2.999996489776549 ], [ 35.762466070609662, 65.193314077470859, 2.999996489776549 ], [ 35.787237588207063, 65.196254726819461, 2.999996489776549 ], [ 35.791666964436445, 65.197390979785268, 2.999996489776549 ], [ 35.791666964443721, 65.197390979785268, 2.999996489776549 ], [ 35.802106716244452, 65.203917306051153, 2.999996489776549 ], [ 35.825862753121328, 65.194848488139542, 2.999996489776549 ], [ 35.835736824221385, 65.193994080069388, 2.999996489776549 ], [ 35.871296794026421, 65.179612455485767, 2.999996489776549 ], [ 35.872572390399, 65.174369739030226, 2.999996489776549 ], [ 35.890222314916173, 65.170867218643252, 2.999996489776549 ], [ 35.890222314927087, 65.170867218635976, 2.999996489776549 ], [ 35.902322909867507, 65.181192594405729, 2.999996489776549 ], [ 35.902322909874783, 65.181192594405729, 2.999996489776549 ], [ 35.915604167224956, 65.186824419783079, 2.999996489776549 ], [ 35.918686544999218, 65.191170117836009, 2.999996489776549 ], [ 35.923012804927566, 65.210421964104171, 2.999996489776549 ], [ 35.923012804927566, 65.210421964111447, 2.999996489776549 ], [ 35.938055517381144, 65.21744816298451, 2.999996489776549 ], [ 35.954713052531588, 65.212540975735465, 2.999996489776549 ], [ 35.972745384511654, 65.21087183005875, 2.999996489776549 ], [ 35.978818951625726, 65.213070806963515, 2.999996489776549 ], [ 35.984699383923726, 65.211346197876992, 2.999996489776549 ], [ 36.012050082070346, 65.216208181103866, 2.999996489776549 ], [ 36.016427471124189, 65.204733270453289, 2.999996489776549 ], [ 36.019542279322195, 65.200647835208656, 2.999996489776549 ], [ 36.039649809768889, 65.190573532072449, 2.999996489776549 ], [ 36.04588978447282, 65.187564246662077, 2.999996489776549 ], [ 36.063380101997609, 65.175319491052505, 2.999996489776549 ], [ 36.071443565535446, 65.170306967607758, 2.999996489776549 ], [ 36.098629418407654, 65.168486512560776, 2.999996489776549 ], [ 36.111487974107149, 65.170435800551786, 2.999996489776549 ], [ 36.130613483808702, 65.180042100113496, 2.999996489776549 ], [ 36.151839809754165, 65.168960084894934, 2.999996489776549 ], [ 36.159783485662047, 65.167894357909972, 2.999996489776549 ], [ 36.166246388893342, 65.16912847938147, 2.999996489776549 ], [ 36.184719871980633, 65.182489189406624, 2.999996489776549 ], [ 36.205956850644725, 65.170847422556108, 2.999996489776549 ], [ 36.212155581208208, 65.16759826397174, 2.999996489776549 ], [ 36.212595094912103, 65.171809341729386, 2.999996489776549 ], [ 36.231069013287197, 65.184625205412885, 2.999996489776549 ], [ 36.24779720650622, 65.172387106220413, 2.999996489776549 ], [ 36.253772696483793, 65.16896553413244, 2.999996489776549 ], [ 36.279510085740185, 65.164062728657882, 2.999996489776549 ], [ 36.283546671540535, 65.159753918971546, 2.999996489776549 ], [ 36.283546671555087, 65.159753918949718, 2.999996489776549 ], [ 36.283190372982062, 65.164953620038432, 2.999996489776549 ], [ 36.295184852766397, 65.179808311873785, 2.999996489776549 ], [ 36.295184852799139, 65.179808311913803, 2.999996489776549 ], [ 36.299543295914191, 65.191530171101476, 2.999996489776549 ], [ 36.307914356428228, 65.19755029384396, 2.999996489776549 ], [ 36.312536413257476, 65.196639844820311, 2.999996489776549 ], [ 36.315268171845673, 65.193364848928468, 2.999996489776549 ], [ 36.340504273000988, 65.173184650317125, 2.999996489776549 ], [ 36.323981573539641, 65.149018368687393, 2.999996489776549 ], [ 36.306784865635564, 65.145870818898402, 2.999996489776549 ], [ 36.294100335137045, 65.137043816848745, 2.999996489776549 ], [ 36.277490174019476, 65.130558385422773, 2.999996489776549 ], [ 36.29095893118938, 65.1255609034597, 2.999996489776549 ], [ 36.290958931203932, 65.1255609034597, 2.999996489776549 ], [ 36.274567234297137, 65.086058891469293, 2.999996489776549 ], [ 36.255999024921039, 65.091725813450466, 2.999996489776549 ], [ 36.255999024928315, 65.09172581344319, 2.999996489776549 ], [ 36.245600629965338, 65.084674920602993, 2.999996489776549 ], [ 36.217501607603481, 65.075250187263009, 2.999996489776549 ], [ 36.215330933213409, 65.07417148019158, 2.999996489776549 ], [ 36.215242014732212, 65.074043293847353, 2.999996489776549 ], [ 36.1790354421355, 65.057926988978579, 2.999996489776549 ], [ 36.176175203439925, 65.057640714130685, 2.999996489776549 ], [ 36.176175203439925, 65.057640714123409, 2.999996489776549 ], [ 36.168202969292906, 65.051751801009232, 2.999996489776549 ], [ 36.172493433932686, 65.041119458885078, 2.999996489776549 ], [ 36.17652701127372, 65.014250553798774, 2.999996489776549 ], [ 36.182135185150401, 64.997698581879376, 2.999996489776549 ], [ 36.220179737643775, 64.997842152628436, 2.999996489776549 ], [ 36.222911092310824, 64.997463667241391, 2.999996489776549 ], [ 36.223720469886757, 64.996728353580693, 2.999996489776549 ], [ 36.229858714363218, 64.997843315359205, 2.999996489776549 ], [ 36.248508395146928, 64.980096521747328, 2.999996489776549 ], [ 36.257901874185336, 64.970193827211915, 2.999996489776549 ], [ 36.254123121190787, 64.957586345357413, 2.999996489776549 ], [ 36.294954757689993, 64.928310381375923, 2.999996489776549 ], [ 36.328731800444075, 64.919329464388284, 2.999996489776549 ], [ 36.357611998453649, 64.921737265340198, 2.999996489776549 ], [ 36.369105485468026, 64.921547706930141, 2.999996489776549 ], [ 36.368572399256664, 64.928739287417557, 2.999996489776549 ], [ 36.446611907133047, 64.947496945900639, 2.999996489776549 ], [ 36.454301192858111, 64.947810477948224, 2.999996489776549 ], [ 36.460390950451256, 64.979593957625184, 2.999996489776549 ], [ 36.536267116938689, 64.988581081455777, 2.999996489776549 ], [ 36.602924651509966, 64.96460437733549, 2.999996489776549 ], [ 36.602924651517242, 64.96460437733549, 2.999996489776549 ], [ 36.620400714149582, 64.965602858388593, 2.999996489776549 ], [ 36.70383961659536, 64.975989689341077, 2.999996489776549 ], [ 36.712125909842143, 64.977648177806259, 2.999996489776549 ], [ 36.712125909849419, 64.977648177806259, 2.999996489776549 ], [ 36.740612609693926, 65.010575514366792, 2.999996489776549 ], [ 36.748258115985664, 65.014740987513505, 2.999996489776549 ], [ 36.762386786384013, 65.020743034656334, 2.999996489776549 ], [ 36.780153099032759, 65.051001202937186, 2.999996489776549 ], [ 36.774147945336153, 65.063009933484864, 2.999996489776549 ], [ 36.788214449352381, 65.095545091233362, 2.999996489776549 ], [ 36.799645692852209, 65.106184743661288, 2.999996489776549 ], [ 36.806117973119399, 65.131909201623785, 2.999996489776549 ], [ 36.797211793436873, 65.144961500791396, 2.999996489776549 ], [ 36.79686685946217, 65.153308117241977, 2.999996489776549 ], [ 36.785026264973567, 65.16815224651873, 2.999996489776549 ], [ 36.749936074262223, 65.212132781769469, 2.999996489776549 ], [ 36.792447782176168, 65.225462261350913, 2.999996489776549 ], [ 36.836855732017284, 65.215139823754726, 2.999996489776549 ], [ 36.865446866893762, 65.207332926802337, 2.999996489776549 ], [ 36.904956120895804, 65.190891222697246, 2.999996489776549 ], [ 36.908768334167689, 65.181848891777918, 2.999996489776549 ], [ 36.936954479584529, 65.185753979625588, 2.999996489776549 ], [ 36.974510641626694, 65.215219969370082, 2.999996489776549 ], [ 37.000140361800732, 65.218076293604099, 2.999996489776549 ], [ 37.062349502612051, 65.235200573479233, 2.999996489776549 ], [ 37.09387146199515, 65.195121868120623, 2.999996489776549 ], [ 37.070897863912251, 65.195530342876737, 1.999996489776549 ], [ 37.057506335073413, 65.212557048987946, 1.999996489776549 ], [ 37.016033574534958, 65.201140862398461, 1.999996489776549 ], [ 36.965747094414837, 65.195536646242545, 1.999996489776549 ], [ 36.947870395029895, 65.181510861606512, 1.999996489776549 ], [ 36.939042899117339, 65.180269655909797, 2.443896489776535 ], [ 36.895963211725757, 65.174212360121601, 2.435296489776647 ], [ 36.884301597459853, 65.172572658186255, 1.999996489776549 ], [ 36.878705048253323, 65.185847310305689, 1.999996489776549 ], [ 36.855898291640187, 65.195338300542062, 1.999996489776549 ], [ 36.80347049345437, 65.209653876208904, 1.999996489776549 ], [ 36.791807900419371, 65.212364795974281, 1.999996489776549 ], [ 36.780643306003185, 65.20886415483983, 1.999996489776549 ], [ 36.78985883194764, 65.197313811131608, 1.999996489776549 ], [ 36.816310413360043, 65.164152424877102, 1.999996489776549 ], [ 36.817080981571053, 65.145506301116257, 1.999996489776549 ], [ 36.817080981556501, 65.145506301116257, 1.999996489776549 ], [ 36.836977156042849, 65.116347807183047, 1.999996489776549 ], [ 36.834809198109724, 65.10773113108371, 1.999996489776549 ], [ 36.810329632902722, 65.084946727492934, 1.999996489776549 ], [ 36.800951963559783, 65.063256622328481, 1.999996489776549 ], [ 36.800951963567059, 65.063256622328481, 1.999996489776549 ], [ 36.813068406794628, 65.039026917409501, 1.999996489776549 ], [ 36.810088576487033, 65.033330094658595, 2.216496489776546 ], [ 36.8033173504773, 65.020384903004015, 2.20029648977652 ], [ 36.800327620527241, 65.01466915418132, 1.999996489776549 ], [ 36.770278743992094, 65.001903991680592, 1.999996489776549 ], [ 36.770278743984818, 65.001903991680592, 1.999996489776549 ], [ 36.746851739793783, 64.989140342910105, 1.999996489776549 ], [ 36.727860606562899, 64.967188785205508, 1.999996489776549 ], [ 36.690893077735382, 64.959789792897936, 1.999996489776549 ], [ 36.635267142770317, 64.95286523892355, 1.999996489776549 ], [ 36.574710495653562, 64.949405378440133, 1.999996489776549 ], [ 36.534168286649219, 64.963988404295378, 1.999996489776549 ], [ 36.488019154065114, 64.958522287746746, 1.999996489776549 ], [ 36.484315263325698, 64.939191052584647, 1.999996489776549 ], [ 36.444754604755872, 64.937577963934018, 1.999996489776549 ], [ 36.392728266175254, 64.925072858277417, 1.999996489776549 ], [ 36.398168751024059, 64.851678191716928, 1.999996489776549 ], [ 36.399178352945455, 64.851010826143465, 1.999996489776549 ], [ 36.399862428792403, 64.846376715562656, 1.999996489776549 ], [ 36.374618325367919, 64.798596599855955, 1.999996489776549 ], [ 36.398184727444459, 64.778911446501297, 1.999996489776549 ], [ 36.435801364208601, 64.782118529794388, 1.999996489776549 ], [ 36.446084287388658, 64.772423714599427, 1.999996489776549 ], [ 36.47528200895249, 64.733450795909448, 1.999996489776549 ], [ 36.476744067720574, 64.728842495092977, 1.999996489776549 ], [ 36.527289150082652, 64.695625874952384, 1.999996489776549 ], [ 36.531149587244727, 64.692878603611462, 1.999996489776549 ], [ 36.556198775149824, 64.687650061321619, 1.097196489776707 ], [ 36.618188129315968, 64.674710960811353, 1.999996489776549 ], [ 36.622363294867682, 64.675438483540347, 1.999996489776549 ], [ 36.622363294878596, 64.675438483540347, 1.999996489776549 ], [ 36.636750259986002, 64.665724504597165, 1.999996489776549 ], [ 36.647959519257711, 64.634276097986003, 1.999996489776549 ], [ 36.676949916174635, 64.627881931744923, 1.999996489776549 ], [ 36.707351362834743, 64.618987449550332, 1.999996489776549 ], [ 36.707351362845657, 64.618987449543056, 1.999996489776549 ], [ 36.720152101472195, 64.609790286285715, 1.999996489776549 ], [ 36.721784049190319, 64.607621481598471, 1.999996489776549 ], [ 36.77034110544264, 64.575297955354472, 1.999996489776549 ], [ 36.774979406196508, 64.57012088675765, 1.999996489776549 ], [ 36.774979406207422, 64.57012088675765, 1.999996489776549 ], [ 36.819021460662043, 64.534673251677305, 1.999996489776549 ], [ 36.825480104220333, 64.528748520391673, 1.999996489776549 ], [ 36.880656804300088, 64.491699702259211, 1.999996489776549 ], [ 36.885950297437375, 64.487831674581685, 1.999996489776549 ], [ 36.938137608351099, 64.453208908445959, 1.999996489776549 ], [ 36.942781349913275, 64.450680630448915, 1.999996489776549 ], [ 36.995439170630561, 64.416606637223595, 1.999996489776549 ], [ 36.995439170630561, 64.416606637216319, 1.999996489776549 ], [ 36.998614320873457, 64.414787948207959, 1.999996489776549 ], [ 37.04353027380057, 64.384629112166294, 1.999996489776549 ], [ 37.048335513358325, 64.381474089299445, 1.999996489776549 ], [ 37.09536710606335, 64.361094038751617, 1.999996489776549 ], [ 37.112416288997338, 64.347891583860473, 1.999996489776549 ], [ 37.148434441591235, 64.32103488357825, 1.999996489776549 ], [ 37.167417679000209, 64.294852082268335, 1.999996489776549 ], [ 37.202831700484239, 64.296149426434567, 1.999996489776549 ], [ 37.203767814800813, 64.294911083175975, 1.999996489776549 ], [ 37.206981259172608, 64.295364438719844, 1.999996489776549 ], [ 37.210181639045913, 64.293338749041141, 1.999996489776549 ], [ 37.267345867097902, 64.26845909925396, 1.999996489776549 ], [ 37.291536553519109, 64.252681112666323, 1.999996489776549 ], [ 37.291536553519109, 64.252681112659047, 1.999996489776549 ], [ 37.324772795720492, 64.257600987577462, 1.999996489776549 ], [ 37.324772795735043, 64.257600987577462, 1.999996489776549 ], [ 37.333014767325949, 64.259138026394794, 1.999996489776549 ], [ 37.352678187431593, 64.263378708932578, 1.999996489776549 ], [ 37.352678187446145, 64.263378708936216, 1.999996489776549 ], [ 37.38515781982278, 64.250110981647595, 1.999996489776549 ], [ 37.42156397268991, 64.239684534411936, 1.999996489776549 ], [ 37.42156397268991, 64.23968453440466, 1.999996489776549 ], [ 37.435048942788853, 64.228414740759035, 1.999996489776549 ], [ 37.481998925257358, 64.224943568064191, 1.999996489776549 ], [ 37.491415198495815, 64.225809969055263, 1.999996489776549 ], [ 37.49788858467582, 64.222724533083237, 1.999996489776549 ], [ 37.558053725784703, 64.215637004239397, 1.999996489776549 ], [ 37.577934890930919, 64.207928321055078, 1.999996489776549 ], [ 37.577934890930919, 64.207928321047802, 1.999996489776549 ], [ 37.628655965443613, 64.192927637977846, 1.999996489776549 ], [ 37.642800690769946, 64.186345950591203, 1.999996489776549 ], [ 37.646964380801364, 64.176716240803216, 1.999996489776549 ], [ 37.646964380801364, 64.176716240788664, 1.999996489776549 ], [ 37.666893199650076, 64.174844844503241, 1.999996489776549 ], [ 37.666893199650076, 64.174844844503241, 1.999996489776549 ], [ 37.697420788656018, 64.159936051131808, 1.999996489776549 ], [ 37.706544590844715, 64.128915683046216, 1.999996489776549 ], [ 37.706544590844715, 64.128915683042578, 1.999996489776549 ], [ 37.6728568847102, 64.079115984444798, 1.999996489776549 ], [ 37.672856884695648, 64.079115984437522, 1.999996489776549 ], [ 37.665003913389228, 64.072035451492411, 1.999996489776549 ], [ 37.663091635200544, 64.07039340753181, 1.999996489776549 ], [ 37.663091635185992, 64.07039340753181, 1.999996489776549 ], [ 37.661693624719192, 64.070641062102368, 1.999996489776549 ], [ 37.661693624719192, 64.070641062102368, 1.999996489776549 ], [ 37.659893567153631, 64.068279637500382, 1.999996489776549 ], [ 37.659893567139079, 64.068279637474916, 1.999996489776549 ], [ 37.569675909580837, 64.049677661918395, 1.999996489776549 ], [ 37.567863670334191, 64.048104298079124, 1.999996489776549 ], [ 37.532501619192772, 64.047985161698307, 1.999996489776549 ], [ 37.49045582531835, 64.035104484973999, 1.999996489776549 ], [ 37.49045582531835, 64.035104484981275, 1.999996489776549 ], [ 37.465012474298419, 64.032406112004537, 1.999996489776549 ], [ 37.465012474298419, 64.032406112004537, 1.999996489776549 ], [ 37.46279432263691, 64.033083467365941, 1.999996489776549 ], [ 37.457446338383306, 64.031946770373906, 1.999996489776549 ], [ 37.45797485926596, 64.039112216600188, 1.999996489776549 ], [ 37.443208089229302, 64.070499030534847, 1.999996489776549 ], [ 37.420795802656357, 64.073906124758651, 1.999996489776549 ], [ 37.386825477944512, 64.094707768956141, 1.999996489776549 ], [ 37.332722457176715, 64.109387934950064, 1.999996489776549 ], [ 37.313745867770194, 64.122786962096143, 1.999996489776549 ], [ 37.313745867755642, 64.122786962096143, 1.999996489776549 ], [ 37.236550355901272, 64.140384005113447, 1.999996489776549 ], [ 37.17406107032366, 64.1373807414966, 1.999996489776549 ], [ 37.153765253820893, 64.132795067431289, 1.799796489776554 ], [ 37.13152679079576, 64.12777046823976, 1.999996489776549 ], [ 37.102249875642883, 64.117632720306574, 1.999996489776549 ], [ 37.102249875657435, 64.117632720306574, 1.999996489776549 ], [ 37.079921279411792, 64.109983948605077, 2.050396489776631 ], [ 37.070321801380487, 64.10669559966118, 2.043896489776671 ], [ 37.064879049554293, 64.104831157947046, 1.999996489776549 ], [ 37.061559758207295, 64.112934218817827, 1.999996489776549 ], [ 36.991208904553787, 64.12315404763649, 1.999996489776549 ], [ 36.971807712721784, 64.123083966911508, 1.999996489776549 ], [ 36.971807712703594, 64.123083966911508, 1.999996489776549 ], [ 36.929178174334083, 64.140020224986074, 1.999996489776549 ], [ 36.927343598279549, 64.14322893957069, 1.999996489776549 ], [ 36.90100502403584, 64.153126033601438, 1.999996489776549 ], [ 36.90100502394489, 64.15312603363418, 1.999996489776549 ], [ 36.883497017337504, 64.163104722523713, 1.999996489776549 ], [ 36.875980893772066, 64.164732384069794, 1.999996489776549 ], [ 36.875980893772066, 64.16473238407707, 1.999996489776549 ], [ 36.866233393542643, 64.164773843178409, 1.999996489776549 ], [ 36.837571933941945, 64.171679118036991, 1.999996489776549 ], [ 36.83183088894657, 64.171663669952977, 1.999996489776549 ], [ 36.816151075046946, 64.183783452186617, 1.999996489776549 ], [ 36.808181245523883, 64.191623776609049, 1.999996489776549 ], [ 36.800917651791679, 64.197094112518243, 1.999996489776549 ], [ 36.780293120191345, 64.208800932294253, 1.999996489776549 ], [ 36.772121895624878, 64.21454430934682, 1.999996489776549 ], [ 36.751128809559304, 64.221291492311138, 1.999996489776549 ], [ 36.734704278431309, 64.218368925066898, 1.999996489776549 ], [ 36.727789895801834, 64.217896463465877, 1.999996489776549 ], [ 36.724669278308284, 64.219977212709637, 1.999996489776549 ], [ 36.712605210879701, 64.228206091218453, 1.999996489776549 ], [ 36.708372802528174, 64.230759047233732, 1.999996489776549 ], [ 36.698120001372445, 64.239083112039225, 1.999996489776549 ], [ 36.692473426643119, 64.244656665436196, 1.999996489776549 ], [ 36.669654438952421, 64.244808605562866, 1.999996489776549 ], [ 36.668859484099812, 64.244667034203303, 1.999996489776549 ], [ 36.667909685987979, 64.244994573640724, 1.999996489776549 ], [ 36.666153584046697, 64.24528149852631, 1.999996489776549 ], [ 36.646543206476053, 64.250437569302449, 1.999996489776549 ], [ 36.644550047596567, 64.251138132087362, 1.999996489776549 ], [ 36.639246030546929, 64.251768037414877, 1.999996489776549 ], [ 36.630974739906378, 64.258476176579279, 1.999996489776549 ], [ 36.618499715368671, 64.257197329152405, 1.999996489776549 ], [ 36.61708928535154, 64.258105470184091, 1.999996489776549 ], [ 36.616645865589817, 64.258142646325723, 1.999996489776549 ], [ 36.616077514732751, 64.257961960651301, 1.999996489776549 ], [ 36.616077514714561, 64.257961960644025, 1.999996489776549 ], [ 36.594713575515925, 64.267955585917662, 1.999996489776549 ], [ 36.592760472591181, 64.268638747504156, 1.999996489776549 ], [ 36.567541396405431, 64.280364384278073, 1.999996489776549 ], [ 36.565848357040522, 64.280825890244159, 1.999996489776549 ], [ 36.5591169569052, 64.286237722033547, 1.999996489776549 ], [ 36.54772184372996, 64.300396435362927, 1.999996489776549 ], [ 36.539421445955668, 64.301261353859445, 1.999996489776549 ], [ 36.521337547223084, 64.293537619407289, 1.999996489776549 ], [ 36.507178432693763, 64.314293429768441, 1.999996489776549 ], [ 36.461345051026001, 64.317975895351992, 1.999996489776549 ], [ 36.421204274425691, 64.310144795996166, 1.999996489776549 ], [ 36.407421667070594, 64.305324121749436, 1.999996489776549 ], [ 36.377606583850138, 64.288332223750331, 1.999996489776549 ], [ 36.375614452314039, 64.281099336847547, 1.999996489776549 ], [ 36.353496697920491, 64.278829209873948, 1.999996489776549 ], [ 36.345013936410396, 64.291493975866615, 1.999996489776549 ], [ 36.315602068349108, 64.313091445164901, 1.999996489776549 ], [ 36.291352096570336, 64.323970082801679, 1.999996489776549 ], [ 36.272006358336512, 64.337001526135282, 1.999996489776549 ], [ 36.251529790031782, 64.337059277640947, 1.999996489776549 ], [ 36.225723705494602, 64.335427040485229, 1.999996489776549 ], [ 36.205159648845438, 64.373975533784687, 1.999996489776549 ], [ 36.181740652773442, 64.384867099386611, 1.999996489776549 ], [ 36.164031957730913, 64.3806670526792, 1.999996489776549 ], [ 36.145779090416909, 64.402934310008277, 1.999996489776549 ], [ 36.106751380757487, 64.424716157882358, 1.999996489776549 ], [ 36.070754229869635, 64.404304308201972, 1.999996489776549 ], [ 36.066209465832799, 64.380248952078546, 1.999996489776549 ], [ 36.066209465821885, 64.380248952085822, 1.999996489776549 ], [ 36.024433251135633, 64.376203784388053, 1.999996489776549 ], [ 36.018271232296684, 64.377355605825869, 1.999996489776549 ], [ 36.016004419332603, 64.378239218247472, 1.999996489776549 ], [ 35.980832632845704, 64.391580800773227, 1.999996489776549 ], [ 35.980832632747479, 64.391580800805968, 1.999996489776549 ], [ 35.946398991989554, 64.406011702394608, 1.999996489776549 ], [ 35.938829062546574, 64.409919842295494, 1.907496489776577 ], [ 35.871788281903719, 64.444531096185528, 1.541196489776667 ], [ 35.85583892998693, 64.452765294281562, 1.999996489776549 ], [ 35.789443437795853, 64.455221092179272, 1.999996489776549 ], [ 35.779476100222382, 64.46375416808587, 1.999996489776549 ], [ 35.753533008508384, 64.469788856840751, 1.999996489776549 ], [ 35.724415089320246, 64.501586415663041, 1.999996489776549 ], [ 35.679532257381652, 64.506211469259142, 1.999996489776549 ], [ 35.679532257374376, 64.506211469259142, 1.999996489776549 ], [ 35.6609805786793, 64.492857448462019, 1.999996489776549 ], [ 35.6609805786793, 64.492857448469294, 1.999996489776549 ], [ 35.625298739465507, 64.477219668930047, 1.999996489776549 ], [ 35.615326003622613, 64.475845960987499, 1.861996489776629 ], [ 35.591785987133335, 64.472603409692965, 1.448496489776517 ], [ 35.543819171249197, 64.465996155984612, 1.999996489776549 ], [ 35.541019440639502, 64.457100246687332, 1.999996489776549 ], [ 35.535371537735045, 64.455822370535316, 1.999996489776549 ], [ 35.533596417026274, 64.457004836549459, 1.999996489776549 ], [ 35.504378482281027, 64.476107411799603, 1.999996489776549 ], [ 35.504378482281027, 64.476107411799603, 1.999996489776549 ], [ 35.45691909348534, 64.453114709616784, 1.999996489776549 ], [ 35.427765453925531, 64.425267027665541, 1.999996489776549 ], [ 35.40712126994913, 64.454282178725407, 1.999996489776549 ], [ 35.363650435618183, 64.473681490595482, 1.999996489776549 ], [ 35.300732083444018, 64.472338042964111, 1.999996489776549 ], [ 35.300732083436742, 64.472338042964111, 1.999996489776549 ], [ 35.28800398581734, 64.475898114127631, 1.999996489776549 ], [ 35.275913236760971, 64.505092384661111, 1.999996489776549 ], [ 35.222471454526385, 64.517731313168042, 1.999996489776549 ], [ 35.166708659737196, 64.511341934274242, 1.999996489776549 ], [ 35.159098054238711, 64.508988441979454, 1.999996489776549 ], [ 35.147402280796086, 64.508815303423034, 1.999996489776549 ], [ 35.137669925232331, 64.514269562212576, 1.999996489776549 ], [ 35.10084708854265, 64.539099535730202, 1.999996489776549 ], [ 35.075515232518228, 64.546069501491729, 1.999996489776549 ], [ 35.082854682641482, 64.578387486566498, 1.999996489776549 ], [ 35.083667522703763, 64.583169142475526, 1.999996489776549 ], [ 35.129902780772682, 64.614316029557813, 1.999996489776549 ], [ 35.155924367001717, 64.633012421087187, 1.999996489776549 ], [ 35.167430187921127, 64.643192009858467, 1.999996489776549 ], [ 35.166299026463093, 64.648941777275468, 1.999996489776549 ], [ 35.163607126418356, 64.654407948903099, 1.999996489776549 ], [ 35.154638501953741, 64.68552552662004, 1.999996489776549 ], [ 35.15816135384739, 64.696872990130942, 1.999996489776549 ], [ 35.136858926151035, 64.72057660119026, 1.999996489776549 ], [ 35.167081315667019, 64.742241092153563, 1.999996489776549 ], [ 35.167081315674295, 64.742241092153563, 1.999996489776549 ], [ 35.166307661806059, 64.762556847021187, 1.999996489776549 ], [ 35.128477257443592, 64.779746131727734, 1.999996489776549 ], [ 35.122500048109941, 64.790935788187198, 1.999996489776549 ], [ 35.122403498138738, 64.797433478561288, 1.999996489776549 ], [ 35.127136652936315, 64.826283411468467, 1.999996489776549 ], [ 35.130012294466724, 64.854108812109189, 1.999996489776549 ], [ 35.125731066171284, 64.864638577040751, 1.999996489776549 ], [ 35.125731066164008, 64.864638577048026, 1.999996489776549 ], [ 35.135017810669524, 64.860681961650698, 1.999996489776549 ], [ 35.152009421846742, 64.885200340570009, 1.999996489776549 ], [ 35.153523597640742, 64.885508586226933, 1.999996489776549 ], [ 35.160929429406679, 64.903277155757678, 1.999996489776549 ], [ 35.161116867471719, 64.903925646933203, 1.999996489776549 ], [ 35.161808856981224, 64.90405416388603, 1.999996489776549 ], [ 35.179119800042827, 64.914598426152224, 1.999996489776549 ], [ 35.173133047446754, 64.924021561215341, 1.999996489776549 ], [ 35.171806581409328, 64.926028655569098, 1.999996489776549 ], [ 35.162386274583696, 64.933769833991391, 1.999996489776549 ], [ 35.155104333658528, 64.942015390239249, 1.999996489776549 ], [ 35.155104333658528, 64.942015390246524, 1.999996489776549 ], [ 35.15233541345151, 64.945186687946261, 1.999996489776549 ], [ 35.152824123702885, 64.946788432331232, 1.999996489776549 ], [ 35.150286652380601, 64.948006629318115, 1.999996489776549 ], [ 35.150860155430564, 64.95763605391403, 1.999996489776549 ], [ 35.140145639099501, 64.967538054443139, 1.999996489776549 ], [ 35.140145639092225, 64.967538054446777, 1.999996489776549 ], [ 35.126046841105563, 64.984185469984368, 1.999996489776549 ], [ 35.11769314707999, 64.995206980049261, 1.999996489776549 ], [ 35.117693147072714, 64.995206980049261, 1.999996489776549 ], [ 35.076450674914668, 65.019754944085435, 1.999996489776549 ], [ 35.026364449076937, 65.025151060413918, 1.999996489776549 ], [ 35.008002105620108, 65.025355463625601, 1.999996489776549 ], [ 34.987188685881847, 65.043527472309506, 1.999996489776549 ], [ 34.945802984355396, 65.075393066137622, 1.999996489776549 ], [ 34.920066031354509, 65.06849534943467, 1.999996489776549 ], [ 34.919575177802471, 65.050072513538908, 1.999996489776549 ], [ 34.888274751800054, 65.068777795422648, 1.999996489776549 ], [ 34.856145120069414, 65.083741822345473, 1.999996489776549 ], [ 34.836633517799783, 65.098143228166009, 1.999996489776549 ], [ 34.825333805212722, 65.136336374598613, 1.999996489776549 ], [ 34.825333805205446, 65.136336374594975, 1.999996489776549 ], [ 34.812767247236479, 65.151111087176105, 1.999996489776549 ], [ 34.781052119575179, 65.163019518207875, 1.999996489776549 ], [ 34.778068048828573, 65.183030283820699, 1.999996489776549 ], [ 34.757076304540533, 65.210761473113962, 1.999996489776549 ], [ 34.741741140056547, 65.217423666206741, 1.999996489776549 ], [ 34.716264254988346, 65.23662029105617, 1.999996489776549 ], [ 34.704172798083164, 65.251559934476973, 1.999996489776549 ], [ 34.659527101324784, 65.27211883520431, 1.999996489776549 ], [ 34.584166377866495, 65.265262070395693, 1.999996489776549 ], [ 34.582237863702176, 65.26330004693591, 1.999996489776549 ], [ 34.577950278926437, 65.264862626245304, 1.999996489776549 ], [ 34.577126274551119, 65.270251222853403, 1.999996489776549 ], [ 34.596630206808186, 65.316304653970292, 1.999996489776549 ], [ 34.587609243524639, 65.339070614700177, 1.999996489776549 ], [ 34.586130441744899, 65.355073460788844, 1.999996489776549 ], [ 34.582784183035983, 65.370439967082348, 1.999996489776549 ], [ 34.602739998943434, 65.374267212566338, 1.999996489776549 ], [ 34.621135508838051, 65.368177776392258, 1.999996489776549 ], [ 34.636544671968295, 65.348279674428341, 1.999996489776549 ], [ 34.672560354836605, 65.369858141133591, 1.999996489776549 ], [ 34.710232690202247, 65.387778397456714, 1.999996489776549 ], [ 34.742429401674599, 65.392979425927479, 1.999996489776549 ], [ 34.771496156208741, 65.408975600737904, 1.999996489776549 ], [ 34.766555617421545, 65.43608987636253, 1.999996489776549 ], [ 34.746623007806193, 65.478875732427696, 1.999996489776549 ], [ 34.746062908314343, 65.480360140973062, 1.999996489776549 ], [ 34.746062908307067, 65.480360140973062, 1.999996489776549 ], [ 34.746502781632444, 65.481773194002017, 1.999996489776549 ], [ 34.747314675849339, 65.482835235590755, 1.999996489776549 ], [ 34.747314675849339, 65.482835235590755, 1.999996489776549 ], [ 34.749036600114778, 65.482553299254505, 1.999996489776549 ], [ 34.784256706658198, 65.464560548949521, 1.999996489776549 ], [ 34.810339496707456, 65.492126949811791, 1.999996489776549 ], [ 34.810339496707456, 65.492126949811791, 1.999996489776549 ], [ 34.816467128668592, 65.514590027178201, 1.999996489776549 ], [ 34.835209053911967, 65.53844121466318, 1.999996489776549 ], [ 34.85006356447775, 65.553272475128324, 1.999996489776549 ], [ 34.850063564488664, 65.553272475139238, 1.999996489776549 ], [ 34.850293897161464, 65.575151476405154, 1.999996489776549 ], [ 34.850293897161464, 65.575151476405154, 1.999996489776549 ], [ 34.848424729287217, 65.590317536261864, 1.999996489776549 ], [ 34.856035122375033, 65.611969616918941, 1.999996489776549 ], [ 34.885343778463721, 65.624833781319467, 1.999996489776549 ], [ 34.921560100632632, 65.632533369182056, 1.999996489776549 ], [ 34.928586896388879, 65.638056286170468, 1.999996489776549 ], [ 34.944722221105621, 65.638466515607433, 1.999996489776549 ], [ 34.99534772160041, 65.653429574638722, 1.999996489776549 ], [ 34.995347721611324, 65.653429574638722, 1.999996489776549 ], [ 35.024343220051378, 65.664209460261191, 1.999996489776549 ], [ 35.061185086364276, 65.677933498252969, 1.999996489776549 ], [ 35.054694954324077, 65.719962372539158, 1.999996489776549 ], [ 35.018960034452903, 65.722307938507583, 1.999996489776549 ], [ 34.98463627055753, 65.732249507720553, 1.999996489776549 ], [ 34.982305893503508, 65.760450465739268, 1.999996489776549 ], [ 34.982305893503508, 65.760450465739268, 1.999996489776549 ], [ 35.016339256857464, 65.797704470438475, 1.999996489776549 ], [ 35.016339256857464, 65.797704470438475, 1.999996489776549 ], [ 34.94579372395674, 65.806463847064151, 1.999996489776549 ], [ 34.910925250838773, 65.815842233274452, 1.999996489776549 ], [ 34.90016387018477, 65.824659869547759, 1.999996489776549 ], [ 34.877739518466115, 65.844184703433712, 1.999996489776549 ], [ 34.876758507383784, 65.860349057766143, 1.999996489776549 ], [ 34.876758507383784, 65.860349057766143, 1.999996489776549 ], [ 34.877750895120698, 65.888605315420136, 1.999996489776549 ], [ 34.876955853029358, 65.891380652297812, 1.999996489776549 ], [ 34.874883939439314, 65.892625386572035, 1.999996489776549 ], [ 34.852046293875901, 65.889114568533842, 1.999996489776549 ], [ 34.852046293868625, 65.889114568533842, 1.999996489776549 ], [ 34.810351626740157, 65.915440730583214, 1.999996489776549 ], [ 34.764065471870708, 65.919931894764886, 1.999996489776549 ], [ 34.721553185634548, 65.924373917499906, 1.999996489776549 ], [ 34.720695655138115, 65.925165892986115, 2.048696489776603 ], [ 34.719990906363819, 65.925816766342905, 1.999996489776549 ], [ 34.728122818632983, 65.964477842655469, 1.999996489776549 ], [ 34.70818503614646, 66.001021144475089, 1.999996489776549 ], [ 34.680005800841172, 66.017197167155246, 1.999996489776549 ], [ 34.629862689460424, 66.027921104960114, 1.999996489776549 ], [ 34.606158664249961, 66.040834473213181, 1.999996489776549 ], [ 34.57009242820277, 66.064661498614441, 1.999996489776549 ], [ 34.543571012625762, 66.075255868894601, 1.999996489776549 ], [ 34.496153453666921, 66.103279259881674, 1.999996489776549 ], [ 34.45368800500728, 66.117744700626645, 1.999996489776549 ], [ 34.417479431820539, 66.11773036469458, 1.999996489776549 ], [ 34.404852588315407, 66.125365593157767, 2.449096489776593 ], [ 34.399804688004224, 66.128417969004659, 2.518596489776655 ], [ 34.367794120997132, 66.139213369420759, 2.536896489776609 ], [ 34.326869274991623, 66.153015064952342, 2.999996489776549 ], [ 34.355240073637106, 66.15267442892582, 2.999996489776549 ], [ 34.355240073644381, 66.15267442892582, 2.999996489776549 ] ], [ [ 35.523323988370976, 64.971884985439829, 1.999996489776549 ], [ 35.568357756688783, 64.962069376382715, 1.999996489776549 ], [ 35.57461218068056, 64.962299694077956, 1.999996489776549 ], [ 35.578806455880112, 64.958101611278835, 1.999996489776549 ], [ 35.604332372939098, 64.961444486889377, 1.999996489776549 ], [ 35.619469116005348, 64.961204405241006, 1.999996489776549 ], [ 35.633489212988934, 64.959742443952564, 1.999996489776549 ], [ 35.639799036685872, 64.956897585401748, 1.999996489776549 ], [ 35.657384007896326, 64.949968695906136, 1.999996489776549 ], [ 35.676151911880879, 64.952543858671561, 1.999996489776549 ], [ 35.686412792769261, 64.948927452231146, 1.999996489776549 ], [ 35.686605811526533, 64.945241656394501, 1.999996489776549 ], [ 35.687416625292826, 64.944884723878204, 1.999996489776549 ], [ 35.716073365256307, 64.93775817286587, 1.354796489776618 ], [ 35.732024106491735, 64.933791435152671, 1.999996489776549 ], [ 35.734769734892325, 64.933708940181532, 1.999996489776549 ], [ 35.76005275006537, 64.940063966543676, 1.999996489776549 ], [ 35.767588101040019, 64.936442508234904, 1.999996489776549 ], [ 35.771890513562539, 64.939951928870869, 1.999996489776549 ], [ 35.788519878784427, 64.940076108920039, 1.999996489776549 ], [ 35.812514857723727, 64.945894054853852, 1.999996489776549 ], [ 35.82391785375512, 64.946886030218593, 2.11609648977651 ], [ 35.845679293426656, 64.948779112684861, 2.113996489776582 ], [ 35.856928319404687, 64.949757693801075, 2.108496489776599 ], [ 35.881739061198459, 64.951916042748053, 2.154796489776572 ], [ 35.902699222686351, 64.953739420012425, 2.162396489776711 ], [ 35.911516580821626, 64.95450646421159, 1.999996489776549 ], [ 35.944554099700326, 64.965105421917542, 1.999996489776549 ], [ 35.947612526506418, 64.965048985890462, 2.072796489776692 ], [ 35.951318974730384, 64.964980592158099, 2.090596489776544 ], [ 35.977524666261161, 64.964497028126061, 2.141396489776525 ], [ 36.002781199440506, 64.964030978571827, 2.129096489776657 ], [ 36.00838970397308, 64.963927486889588, 1.999996489776549 ], [ 36.054306434216414, 64.973671696250676, 1.999996489776549 ], [ 36.05430643422369, 64.973671696250676, 1.999996489776549 ], [ 36.064609127010044, 64.981314746150019, 1.999996489776549 ], [ 36.064609127010044, 64.981314746150019, 1.999996489776549 ], [ 36.083392125328828, 64.999114114452823, 1.999996489776549 ], [ 36.081977342822938, 65.02971914466616, 1.999996489776549 ], [ 36.062384410051891, 65.029414219858154, 1.999996489776549 ], [ 36.057078838133748, 65.037009227791714, 1.999996489776549 ], [ 36.031415182224009, 65.041536601107509, 1.999996489776549 ], [ 36.028066127957572, 65.042771237949637, 1.999996489776549 ], [ 36.027526736306754, 65.044321374647552, 1.999996489776549 ], [ 36.027526736299478, 65.044321374654828, 1.999996489776549 ], [ 36.031799751173821, 65.060404556748836, 1.999996489776549 ], [ 36.031982285843696, 65.06185096716581, 2.233496489776599 ], [ 36.034370258508716, 65.080773337493156, 2.178696489776712 ], [ 36.034427753278578, 65.081228927865595, 2.178896489776662 ], [ 36.034530603326857, 65.082043914895621, 2.166096489776692 ], [ 36.036351621914946, 65.096473723344388, 1.999996489776549 ], [ 36.03635162192586, 65.096473723420786, 1.999996489776549 ], [ 36.055762537664123, 65.097381449013483, 2.121296489776569 ], [ 36.056185802961409, 65.097401242448541, 2.107296489776672 ], [ 36.056419021992042, 65.097412148625153, 2.126396489776653 ], [ 36.076997803658742, 65.098374487904948, 2.211496489776664 ], [ 36.103690011314029, 65.099622713394638, 2.10269648977669 ], [ 36.10727295430479, 65.099790264946932, 1.999996489776549 ], [ 36.10825027419196, 65.099935294707393, 2.097996489776506 ], [ 36.147768051421735, 65.105799550387019, 2.029096489776521 ], [ 36.152447233962448, 65.10649391946572, 1.999996489776549 ], [ 36.155188183271093, 65.106876069388818, 2.043996489776646 ], [ 36.178470935090445, 65.110122208170651, 2.131996489776611 ], [ 36.194485928594077, 65.112355058128742, 1.999996489776549 ], [ 36.202819220819947, 65.107694427395472, 1.94339648977666 ], [ 36.204199742282071, 65.106922331495298, 1.999996489776549 ], [ 36.206598399432551, 65.108114333594131, 1.999996489776549 ], [ 36.205557709192362, 65.112518121044559, 1.999996489776549 ], [ 36.234386156738765, 65.108225133946689, 2.620196489776617 ], [ 36.251037902518874, 65.105745439897873, 1.999996489776549 ], [ 36.252980358796776, 65.115666273090028, 1.174596489776604 ], [ 36.253081200666202, 65.116181309327658, 1.150296489776565 ], [ 36.254987395088392, 65.12591694002549, 1.999996489776549 ], [ 36.254987395099306, 65.12591694008006, 1.999996489776549 ], [ 36.24725116546324, 65.13826609597163, 1.999996489776549 ], [ 36.25254656144898, 65.141267192866508, 1.999996489776549 ], [ 36.234975486808253, 65.150245106204238, 0.572996489776642 ], [ 36.221226448084053, 65.157270156218146, 1.999996489776549 ], [ 36.20333481021953, 65.16039461422406, 0.877996489776706 ], [ 36.198862190060026, 65.161175678200379, 0.579796489776527 ], [ 36.178247592593834, 65.164775652923709, 1.999996489776549 ], [ 36.160167238675058, 65.161323126561911, 1.999996489776549 ], [ 36.137944337322551, 65.164304559897573, 1.999996489776549 ], [ 36.122373107875319, 65.164874018675619, 1.365196489776508 ], [ 36.114425615523942, 65.165164668123907, 1.999996489776549 ], [ 36.083981266649062, 65.160549467866076, 1.999996489776549 ], [ 36.075071371909871, 65.161146104026557, 1.999996489776549 ], [ 36.057070068003668, 65.172336327366793, 1.999996489776549 ], [ 36.045409856316837, 65.1804994977756, 1.999996489776549 ], [ 36.032043206512753, 65.186945688044943, 1.999996489776549 ], [ 36.018638186214957, 65.193661890138173, 1.999996489776549 ], [ 36.01231498074776, 65.201955513632129, 1.999996489776549 ], [ 36.0065262512544, 65.202462463388656, 0.918196489776619 ], [ 35.981529161399521, 65.204651591157017, 1.999996489776549 ], [ 35.981529161392245, 65.204651591157017, 1.999996489776549 ], [ 35.970585782135458, 65.199524684441712, 1.999996489776549 ], [ 35.954367458180059, 65.20242281226092, 1.999996489776549 ], [ 35.942649523880391, 65.203507471720513, 1.999996489776549 ], [ 35.935884576378157, 65.205500375457632, 1.999996489776549 ], [ 35.929775439639343, 65.202646900073887, 1.999996489776549 ], [ 35.927033280833712, 65.190444299983938, 1.999996489776549 ], [ 35.927487657900201, 65.179376484386012, 1.999996489776549 ], [ 35.924647933021333, 65.173139695110876, 1.999996489776549 ], [ 35.915418937263894, 65.160317539037351, 1.999996489776549 ], [ 35.922829071714659, 65.144442168482783, 1.999996489776549 ], [ 35.942113096007233, 65.133742914884351, 1.999996489776549 ], [ 35.942390476349829, 65.125948995268118, 1.999996489776549 ], [ 35.953328190251341, 65.11118456902841, 1.999996489776549 ], [ 35.949452868917433, 65.106421900236455, 1.999996489776549 ], [ 35.936283438841201, 65.090602703723562, 1.999996489776549 ], [ 35.919597626118048, 65.096451743600483, 1.999996489776549 ], [ 35.906645205661334, 65.094607852093759, 1.999996489776549 ], [ 35.886754295901483, 65.109682082424115, 1.999996489776549 ], [ 35.883109450263873, 65.124156449219299, 1.999996489776549 ], [ 35.877409928285488, 65.138827682432748, 1.999996489776549 ], [ 35.875311004925607, 65.142601773593924, 1.999996489776549 ], [ 35.863779113318742, 65.157799929831526, 1.999996489776549 ], [ 35.861849346667441, 65.163315005505865, 1.999996489776549 ], [ 35.858232576261798, 65.178179975471721, 1.999996489776549 ], [ 35.836734600150521, 65.186874466027803, 1.999996489776549 ], [ 35.809780607651192, 65.189206806375296, 1.999996489776549 ], [ 35.801757879056822, 65.192269466402649, 1.999996489776549 ], [ 35.798232236480544, 65.190065439510363, 1.999996489776549 ], [ 35.798232236480544, 65.190065439503087, 1.999996489776549 ], [ 35.78998505880736, 65.187949817882327, 1.999996489776549 ], [ 35.78998505880736, 65.187949817875051, 1.999996489776549 ], [ 35.773004391448922, 65.185934027442272, 1.999996489776549 ], [ 35.773004391456197, 65.185934027434996, 1.999996489776549 ], [ 35.760146800988878, 65.188000953181472, 1.999996489776549 ], [ 35.744851578907401, 65.19223671801592, 1.999996489776549 ], [ 35.732066781460162, 65.186005335453956, 1.999996489776549 ], [ 35.732066781467438, 65.18600533544668, 1.999996489776549 ], [ 35.718445285023336, 65.184966881199216, 1.999996489776549 ], [ 35.699791313727474, 65.188137672837911, 1.999996489776549 ], [ 35.6816939269047, 65.182676054100739, 1.999996489776549 ], [ 35.678197139252006, 65.182038107301196, 1.999996489776549 ], [ 35.644284852947749, 65.171322812697326, 1.999996489776549 ], [ 35.644284852947749, 65.171322812697326, 1.999996489776549 ], [ 35.644216936321754, 65.171225580525061, 1.999996489776549 ], [ 35.644042536066991, 65.171194755115721, 1.999996489776549 ], [ 35.617642675140814, 65.15947307260285, 1.999996489776549 ], [ 35.617642675140814, 65.159473072595574, 1.999996489776549 ], [ 35.592686450039764, 65.151488197854633, 1.999996489776549 ], [ 35.589171745090425, 65.150003234768519, 1.999996489776549 ], [ 35.58713975723731, 65.148763168352161, 1.999996489776549 ], [ 35.560328329687763, 65.111293218044011, 1.999996489776549 ], [ 35.547875781427138, 65.115535512526549, 1.999996489776549 ], [ 35.529814233872457, 65.116409333128104, 1.999996489776549 ], [ 35.522956939126743, 65.124814149505255, 1.999996489776549 ], [ 35.520790401715203, 65.138228242827608, 1.999996489776549 ], [ 35.50171630744444, 65.138582428280642, 1.999996489776549 ], [ 35.487502177391434, 65.130674900006852, 1.999996489776549 ], [ 35.490254031312361, 65.120831259042461, 1.999996489776549 ], [ 35.481366633037396, 65.112837261545792, 1.999996489776549 ], [ 35.481366633044672, 65.112837261538516, 1.999996489776549 ], [ 35.479946111656318, 65.09571744995992, 1.999996489776549 ], [ 35.47939289520582, 65.094018627383775, 1.999996489776549 ], [ 35.48093026366405, 65.089879561000998, 1.999996489776549 ], [ 35.473418597146519, 65.060402894323488, 1.999996489776549 ], [ 35.483968389777147, 65.050278092418012, 1.999996489776549 ], [ 35.483968389777147, 65.050278092410736, 1.999996489776549 ], [ 35.496456234053767, 65.031023078663566, 1.999996489776549 ], [ 35.513373667021369, 65.022303449408355, 1.999996489776549 ], [ 35.518926137181552, 65.009996681394114, 1.999996489776549 ], [ 35.519952807870141, 65.001099572473322, 1.972396489776656 ], [ 35.523323988370976, 64.971884985439829, 1.999996489776549 ] ], [ [ 35.696561103031854, 64.711472928513103, 2.999996489776549 ], [ 35.680861367807665, 64.691794918431697, 2.999996489776549 ], [ 35.676660226017702, 64.689957085218339, 2.999996489776549 ], [ 35.677843357243546, 64.683712074594951, 2.999996489776549 ], [ 35.675046326643496, 64.666701042402565, 2.999996489776549 ], [ 35.685842583341582, 64.662570407272142, 2.999996489776549 ], [ 35.687027046456933, 64.662296048736607, 2.999996489776549 ], [ 35.687769255557214, 64.660737753481953, 2.999996489776549 ], [ 35.68776925556449, 64.660737753471039, 2.999996489776549 ], [ 35.719593057434395, 64.642603932989005, 2.999996489776549 ], [ 35.721209108796756, 64.633253453626821, 2.999996489776549 ], [ 35.743354798596556, 64.614062447206379, 2.999996489776549 ], [ 35.759978921050788, 64.595720432582311, 2.999996489776549 ], [ 35.766423922123067, 64.569846370352025, 2.999996489776549 ], [ 35.803827094208827, 64.573028467722906, 2.999996489776549 ], [ 35.8145843592647, 64.582559097667399, 2.999996489776549 ], [ 35.833098275466909, 64.57612212751701, 2.999996489776549 ], [ 35.848236480076594, 64.564376387643279, 2.999996489776549 ], [ 35.890584388285788, 64.556535713218182, 2.999996489776549 ], [ 35.893859672858525, 64.555539675791806, 2.999996489776549 ], [ 35.912218015775579, 64.521739877469372, 2.999996489776549 ], [ 35.913031596213841, 64.521963033443171, 2.999996489776549 ], [ 35.913957458280493, 64.520871482232906, 2.999996489776549 ], [ 35.913957458305958, 64.520871482192888, 2.999996489776549 ], [ 35.976992908636021, 64.53846340830205, 2.999996489776549 ], [ 35.984262277899688, 64.541810147835349, 2.999996489776549 ], [ 36.02459818207717, 64.552001038882736, 2.999996489776549 ], [ 36.062092374326312, 64.549533186996996, 2.999996489776549 ], [ 36.069570127190673, 64.609414444574213, 2.999996489776549 ], [ 36.06106244444527, 64.627241777776362, 2.999996489776549 ], [ 36.041389337708097, 64.66009057897827, 2.999996489776549 ], [ 36.036433851841139, 64.669788379906095, 2.999996489776549 ], [ 36.01017776124354, 64.69684048106501, 2.999996489776549 ], [ 36.007150404515414, 64.702619364183192, 2.999996489776549 ], [ 35.985790827828168, 64.732748934169649, 2.999996489776549 ], [ 35.962492762628244, 64.760428035595396, 2.999996489776549 ], [ 35.960769327994058, 64.764916041363904, 2.999996489776549 ], [ 35.950661585309717, 64.790075755983707, 2.999996489776549 ], [ 35.950671118644095, 64.790184046712966, 2.999996489776549 ], [ 35.950428882133565, 64.79021863683738, 2.999996489776549 ], [ 35.887562224801513, 64.785205020882131, 2.999996489776549 ], [ 35.872638859444123, 64.781240872889612, 2.999996489776549 ], [ 35.833007090863248, 64.758513540989952, 2.999996489776549 ], [ 35.827624740253668, 64.754923710497678, 2.999996489776549 ], [ 35.818554131594283, 64.752299908235727, 2.999996489776549 ], [ 35.818554131587007, 64.752299908232089, 2.999996489776549 ], [ 35.769564882411942, 64.743365672504297, 2.999996489776549 ], [ 35.754503006872255, 64.73587617328667, 2.999996489776549 ], [ 35.719373951924354, 64.734853610199934, 2.999996489776549 ], [ 35.709829524323141, 64.732760992224939, 2.999996489776549 ], [ 35.696561103031854, 64.711472928513103, 2.999996489776549 ] ], [ [ 35.576682223021635, 64.689620457975252, 1.999996489776549 ], [ 35.560936892834434, 64.694771617185324, 1.999996489776549 ], [ 35.550486912841734, 64.690402939984779, 1.999996489776549 ], [ 35.546478413678415, 64.689255197834427, 2.593196489776574 ], [ 35.544038525880751, 64.688556591714587, 2.545896489776624 ], [ 35.528268151119846, 64.684041105214419, 2.302496489776559 ], [ 35.517808346787206, 64.681046179222903, 1.999996489776549 ], [ 35.512898907851195, 64.680186846391734, 1.999996489776549 ], [ 35.508189679789211, 64.675629823846975, 1.999996489776549 ], [ 35.510875337458856, 64.669958830196265, 1.999996489776549 ], [ 35.506174521982757, 64.661358579396619, 1.999996489776549 ], [ 35.515289806062356, 64.644115059745673, 1.999996489776549 ], [ 35.516425131278083, 64.643003021756158, 1.999996489776549 ], [ 35.521277123472828, 64.635639797448675, 1.999996489776549 ], [ 35.527034159647883, 64.613980116246239, 1.999996489776549 ], [ 35.533114618592663, 64.609708540003339, 1.999996489776549 ], [ 35.566911921923747, 64.597144464289158, 1.999996489776549 ], [ 35.566911921931023, 64.59714446428552, 1.999996489776549 ], [ 35.570555306636379, 64.595597484691098, 1.999996489776549 ], [ 35.572281397013285, 64.594620608211699, 1.999996489776549 ], [ 35.572406805265928, 64.594084329706675, 1.999996489776549 ], [ 35.588404307702149, 64.587730150509742, 1.999996489776549 ], [ 35.625089575496531, 64.590210254409612, 1.999996489776549 ], [ 35.64619710720217, 64.593454080117226, 1.999996489776549 ], [ 35.677637548647908, 64.614711868969607, 1.999996489776549 ], [ 35.677637548655184, 64.614711868976883, 1.999996489776549 ], [ 35.692300078335393, 64.622933781774918, 1.999996489776549 ], [ 35.679221243030042, 64.650393276657269, 1.999996489776549 ], [ 35.653893678711029, 64.656259929146472, 1.999996489776549 ], [ 35.64998314830882, 64.657756093489297, 1.999996489776549 ], [ 35.633050819793425, 64.666896939928847, 1.999996489776549 ], [ 35.628364837393747, 64.668219955390668, 1.862396489776529 ], [ 35.625154474786541, 64.669126352164312, 1.999996489776549 ], [ 35.611843055608915, 64.673645842012775, 2.251596489776603 ], [ 35.60569715938982, 64.675732495226839, 2.169896489776647 ], [ 35.598340680437104, 64.678230165187415, 2.166296489776641 ], [ 35.595289866945677, 64.67926597665064, 1.999996489776549 ], [ 35.594876925628341, 64.680136944687547, 1.999996489776549 ], [ 35.582415511828003, 64.685623656372627, 1.999996489776549 ], [ 35.579327778519655, 64.687776183112874, 2.561796489776498 ], [ 35.576682223021635, 64.689620457975252, 1.999996489776549 ] ] ] ] } },
{ "type": "Feature", "properties": { "gid": 48, "objectid": 48.0, "shape_leng": 0.086664694869700007, "shape_area": 3.8330346652500003e-06, "z_mean": 0.99374648977699997 }, "geometry": { "type": "MultiPolygon", "coordinates": [ [ [ [ 39.3636282278203, 66.147227883629967, 0.999996489776549 ], [ 39.360546515246824, 66.146773006326839, 0.999996489776549 ], [ 39.363616563554388, 66.147406125546695, 0.984996489776677 ], [ 39.402983164880425, 66.155524483790941, 0.999996489776549 ], [ 39.3636282278203, 66.147227883629967, 0.999996489776549 ] ] ] ] } },
{ "type": "Feature", "properties": { "gid": 49, "objectid": 49.0, "shape_leng": 0.87159178882099997, "shape_area": 0.0070740712178899998, "z_mean": 0.63456669234499996 }, "geometry": { "type": "MultiPolygon", "coordinates": [ [ [ [ 37.680136060913355, 66.102285640958144, 0.999996489776549 ], [ 37.680136060902441, 66.102285640958144, 0.999996489776549 ], [ 37.655888482589944, 66.096086735520657, 0.999996489776549 ], [ 37.652297503002046, 66.106599489554355, 0.999996489776549 ], [ 37.580881934372883, 66.122596635930677, 0.999996489776549 ], [ 37.580881934372883, 66.122596635930677, 0.999996489776549 ], [ 37.554620756491204, 66.12878588602689, 0.999996489776549 ], [ 37.488876170882577, 66.148257868069777, 0.999996489776549 ], [ 37.462914526753593, 66.155080881206231, 0.999996489776549 ], [ 37.462914526724489, 66.155080881206231, 0.999996489776549 ], [ 37.398549556284706, 66.181457693488483, 0.999996489776549 ], [ 37.398549556284706, 66.181457693488483, 0.999996489776549 ], [ 37.385265085969877, 66.184529409048992, 0.999996489776549 ], [ 37.311685984343057, 66.206869058114535, 0.999996489776549 ], [ 37.338203099447128, 66.212628542260063, 0.999996489776549 ], [ 37.414086648866942, 66.19090148621035, 0.598696489776557 ], [ 37.430583599634701, 66.186178062263934, 0.588796489776541 ], [ 37.454500076095428, 66.179330272083462, 0.590696489776519 ], [ 37.482324709104432, 66.171363494482648, 0.563096489776626 ], [ 37.564792303615832, 66.147751287851861, 0.072596489776515 ], [ 37.593663084331638, 66.139484976167296, 0.711496489776664 ], [ 37.628222656003345, 66.129589843996655, 0.73679648977668 ], [ 37.648856304458604, 66.127016184636886, 0.999996489776549 ], [ 37.680498881527456, 66.11764440616389, 0.999996489776549 ], [ 37.680498881527456, 66.117644406152976, 0.999996489776549 ], [ 37.728205274503125, 66.10695813471466, 0.999996489776549 ], [ 37.680136060913355, 66.102285640958144, 0.999996489776549 ] ] ] ] } },
{ "type": "Feature", "properties": { "gid": 50, "objectid": 50.0, "shape_leng": 0.036522461227099998, "shape_area": 2.9439909576499999e-05, "z_mean": 0.93020482311099995 }, "geometry": { "type": "MultiPolygon", "coordinates": [ [ [ [ 34.093005829192407, 66.23208444260672, 0.999996489776549 ], [ 34.093005829210597, 66.23208444260672, 0.999996489776549 ], [ 34.101874203126499, 66.227141851286433, 0.999996489776549 ], [ 34.088564792524267, 66.229475937696407, 0.832496489776531 ], [ 34.084491857684043, 66.230190212882007, 0.999996489776549 ], [ 34.093005829192407, 66.23208444260672, 0.999996489776549 ] ] ] ] } },
{ "type": "Feature", "properties": { "gid": 51, "objectid": 51.0, "shape_leng": 0.33427683327500002, "shape_area": 0.0019991112487800001, "z_mean": 1.5707240248400001 }, "geometry": { "type": "MultiPolygon", "coordinates": [ [ [ [ 34.119521658383746, 66.24765888519687, 1.999996489776549 ], [ 34.199639656999352, 66.203006898067542, 1.999996489776549 ], [ 34.213374940027279, 66.191290450409724, 1.999996489776549 ], [ 34.203619725529279, 66.194580346738803, 1.795496489776497 ], [ 34.112695313004224, 66.225244141001895, 1.136196489776694 ], [ 34.101874203126499, 66.227141851286433, 0.999996489776549 ], [ 34.093005829199683, 66.23208444260672, 0.999996489776549 ], [ 34.093005829192407, 66.23208444260672, 0.999996489776549 ], [ 34.084491857684043, 66.230190212882007, 0.999996489776549 ], [ 34.065564230357268, 66.233509572317416, 1.778296489776494 ], [ 34.058700237488665, 66.234713318517606, 1.999996489776549 ], [ 34.065448836852738, 66.235628501312021, 1.999996489776549 ], [ 34.119521658383746, 66.24765888519687, 1.999996489776549 ], [ 34.119521658383746, 66.24765888519687, 1.999996489776549 ] ] ] ] } },
{ "type": "Feature", "properties": { "gid": 52, "objectid": 52.0, "shape_leng": 26.976281301499998, "shape_area": 3.4802298496900002, "z_mean": 4.5117104901499996 }, "geometry": { "type": "MultiPolygon", "coordinates": [ [ [ [ 34.861456565286062, 66.294647980281297, 3.999996489776549 ], [ 34.870169720485137, 66.2937695395849, 3.999996489776549 ], [ 34.88045580832113, 66.293816432786116, 3.999996489776549 ], [ 34.94116743091945, 66.290758142793493, 3.999996489776549 ], [ 35.015500451936532, 66.286068536661332, 3.999996489776549 ], [ 35.015500451969274, 66.286068536661332, 3.999996489776549 ], [ 35.033252747449296, 66.284381684981781, 3.999996489776549 ], [ 35.045535457462393, 66.283299718124908, 3.999996489776549 ], [ 35.04553545748422, 66.283299718124908, 3.999996489776549 ], [ 35.132000104720646, 66.276028791911813, 3.999996489776549 ], [ 35.206094944602228, 66.269325692202983, 3.999996489776549 ], [ 35.206094944602228, 66.269325692202983, 3.999996489776549 ], [ 35.23228608188947, 66.267199650999828, 3.999996489776549 ], [ 35.293444346731121, 66.261523615379701, 3.999996489776549 ], [ 35.293444346778415, 66.261523615368787, 3.999996489776549 ], [ 35.337599855847657, 66.256837261076726, 3.999996489776549 ], [ 35.352425984117872, 66.25499968980148, 3.999996489776549 ], [ 35.352425984136062, 66.25499968980148, 3.999996489776549 ], [ 35.448611708801764, 66.243857149311225, 3.999996489776549 ], [ 35.479362741396471, 66.239877303465619, 3.999996489776549 ], [ 35.479362741411023, 66.239877303465619, 3.999996489776549 ], [ 35.564473429898499, 66.230005433157203, 3.999996489776549 ], [ 35.596717005515529, 66.225114023356582, 3.999996489776549 ], [ 35.596717005526443, 66.225114023356582, 3.999996489776549 ], [ 35.68342288212807, 66.213735495613946, 3.999996489776549 ], [ 35.707598475251871, 66.210004428288812, 3.999996489776549 ], [ 35.707598475262785, 66.210004428288812, 3.999996489776549 ], [ 35.803799495875865, 66.197002869481366, 3.999996489776549 ], [ 35.812017914689932, 66.196935007606953, 3.999996489776549 ], [ 35.817907186465163, 66.194946302082826, 3.999996489776549 ], [ 35.92415247768804, 66.180571142675035, 3.999996489776549 ], [ 35.927223203110771, 66.180518073091662, 3.999996489776549 ], [ 35.929448862003483, 66.179727247130359, 3.999996489776549 ], [ 35.981911619193852, 66.1693466683937, 3.999996489776549 ], [ 35.981911619208404, 66.1693466683937, 3.999996489776549 ], [ 36.042223314678267, 66.164067602949217, 3.999996489776549 ], [ 36.043164202983462, 66.163940594557062, 3.999996489776549 ], [ 36.044052694152924, 66.163842072033731, 3.999996489776549 ], [ 36.098951551510254, 66.153905585357279, 3.999996489776549 ], [ 36.15888907020053, 66.149069184160908, 3.999996489776549 ], [ 36.158889070207806, 66.149069184160908, 3.999996489776549 ], [ 36.161114865299169, 66.148775788085914, 3.999996489776549 ], [ 36.163214656971832, 66.148563191811263, 3.999996489776549 ], [ 36.275804532066104, 66.13465547198939, 3.999996489776549 ], [ 36.279659482726856, 66.134141364014795, 3.999996489776549 ], [ 36.283422842272557, 66.133797577102087, 3.999996489776549 ], [ 36.389974504418205, 66.121108561215806, 3.999996489776549 ], [ 36.398057333342877, 66.120004790242092, 3.999996489776549 ], [ 36.406649549542635, 66.119321714519174, 3.999996489776549 ], [ 36.500956512401899, 66.108639767906425, 3.999996489776549 ], [ 36.516023061241867, 66.106487257507979, 3.999996489776549 ], [ 36.516023061249143, 66.106487257518893, 3.999996489776549 ], [ 36.533272345441219, 66.105134235254809, 3.999996489776549 ], [ 36.573350300128368, 66.100289115631313, 3.999996489776549 ], [ 36.60942860085197, 66.09646415055613, 3.999996489776549 ], [ 36.609428600859246, 66.09646415055613, 3.999996489776549 ], [ 36.633172534275218, 66.092754830453487, 3.999996489776549 ], [ 36.63317253428977, 66.092754830464401, 3.999996489776549 ], [ 36.66184170964334, 66.09066852441174, 3.999996489776549 ], [ 36.691871204857307, 66.088028178317472, 3.999996489776549 ], [ 36.718544359875523, 66.084109392813843, 3.999996489776549 ], [ 36.718544359882799, 66.084109392813843, 3.999996489776549 ], [ 36.750646770749881, 66.078895173224737, 3.999996489776549 ], [ 36.789649139293033, 66.075412946844153, 3.999996489776549 ], [ 36.789649139300309, 66.075412946844153, 3.999996489776549 ], [ 36.81285083045077, 66.076650356870232, 3.999996489776549 ], [ 36.828423091210425, 66.069730961498863, 3.999996489776549 ], [ 36.91350985995814, 66.058157751824183, 3.999996489776549 ], [ 36.913509859969054, 66.058157751824183, 3.999996489776549 ], [ 36.952857270167442, 66.057035110894503, 3.999996489776549 ], [ 36.952857270181994, 66.057035110894503, 3.999996489776549 ], [ 36.992557908652088, 66.053340095677413, 3.999996489776549 ], [ 37.026076063353685, 66.047957837879949, 3.999996489776549 ], [ 37.026076063360961, 66.047957837879949, 3.999996489776549 ], [ 37.056525980355218, 66.054918941666983, 3.999996489776549 ], [ 37.092183667995414, 66.045394201981253, 3.999996489776549 ], [ 37.115367725287797, 66.04447461089876, 3.999996489776549 ], [ 37.115367725295073, 66.04447461089876, 3.999996489776549 ], [ 37.131378145186318, 66.040845080478903, 3.999996489776549 ], [ 37.180593946508452, 66.051849197807314, 3.999996489776549 ], [ 37.231008580489288, 66.036134958514594, 3.999996489776549 ], [ 37.235741444648738, 66.035463378841087, 3.999996489776549 ], [ 37.253771051480726, 66.040034289067989, 3.999996489776549 ], [ 37.253771051495278, 66.040034289067989, 3.999996489776549 ], [ 37.30340223573512, 66.052340953738167, 3.999996489776549 ], [ 37.303402235749672, 66.052340953738167, 3.999996489776549 ], [ 37.316767311887816, 66.050147546953667, 3.999996489776549 ], [ 37.363771012533107, 66.045527695681812, 3.999996489776549 ], [ 37.407693694156478, 66.052742302730621, 3.999996489776549 ], [ 37.407693694156478, 66.052742302730621, 3.999996489776549 ], [ 37.469044471861707, 66.057327585578605, 3.999996489776549 ], [ 37.469044471876259, 66.057327585578605, 3.999996489776549 ], [ 37.487513074851449, 66.056493523159588, 3.999996489776549 ], [ 37.496429413069563, 66.058761619999132, 3.999996489776549 ], [ 37.496429413069563, 66.058761619999132, 3.999996489776549 ], [ 37.548398629518488, 66.042285522311431, 3.999996489776549 ], [ 37.54839862953304, 66.042285522311431, 3.999996489776549 ], [ 37.596736103485455, 66.055471334606409, 3.999996489776549 ], [ 37.6001739303465, 66.045406942073896, 3.999996489776549 ], [ 37.648419368302712, 66.057740912237932, 3.999996489776549 ], [ 37.648419368302712, 66.057740912237932, 3.999996489776549 ], [ 37.680577817725862, 66.050603167255758, 3.999996489776549 ], [ 37.701604261194007, 66.056358465946687, 3.999996489776549 ], [ 37.71489236484922, 66.032177930581383, 3.999996489776549 ], [ 37.770633252115658, 66.047004955828015, 3.999996489776549 ], [ 37.79509524934474, 66.041226535184251, 3.999996489776549 ], [ 37.812129363483109, 66.047336298655864, 3.999996489776549 ], [ 37.812129363497661, 66.047336298655864, 3.999996489776549 ], [ 37.829204634308553, 66.020080255177163, 3.999996489776549 ], [ 37.918812559146318, 66.049022507613699, 3.999996489776549 ], [ 37.919407108849555, 66.049001853465597, 3.999996489776549 ], [ 37.919407108864107, 66.049001853465597, 3.999996489776549 ], [ 37.947106920935767, 66.013119475115673, 3.999996489776549 ], [ 38.052616148466768, 66.007130491445423, 3.999996489776549 ], [ 38.052616148466768, 66.007130491445423, 3.999996489776549 ], [ 38.063730240752193, 66.006010916495143, 3.999996489776549 ], [ 38.132739854998363, 66.028515696456452, 3.999996489776549 ], [ 38.141218844917603, 66.025160933160805, 3.999996489776549 ], [ 38.14825249912974, 66.02795564648477, 3.999996489776549 ], [ 38.179951178881311, 65.998619694833906, 3.999996489776549 ], [ 38.179951178881311, 65.998619694822992, 3.999996489776549 ], [ 38.24882642099692, 66.020196359346301, 3.999996489776549 ], [ 38.248826421036938, 66.020196359360853, 3.999996489776549 ], [ 38.254722268124169, 66.01802240258985, 3.999996489776549 ], [ 38.254722268124169, 66.018022402575298, 3.999996489776549 ], [ 38.259596297095413, 66.019673844144563, 3.999996489776549 ], [ 38.298112345793925, 65.995693508284603, 3.999996489776549 ], [ 38.340761728399229, 66.004330293133535, 3.999996489776549 ], [ 38.36688619922279, 65.994554727465584, 3.999996489776549 ], [ 38.388188567849284, 66.003648859441455, 3.999996489776549 ], [ 38.388188567860198, 66.003648859441455, 3.999996489776549 ], [ 38.414444368092518, 65.987912244887411, 3.999996489776549 ], [ 38.521718760024669, 65.989389729846152, 3.999996489776549 ], [ 38.521718760035583, 65.989389729846152, 3.999996489776549 ], [ 38.532348228392948, 65.993689999544586, 3.999996489776549 ], [ 38.575785609558807, 66.008938502964156, 3.999996489776549 ], [ 38.575785609587911, 66.00893850297507, 3.999996489776549 ], [ 38.601920363675163, 66.003780741659284, 3.999996489776549 ], [ 38.620078275493142, 66.010885007130128, 3.999996489776549 ], [ 38.648919267645397, 65.994762096925115, 3.999996489776549 ], [ 38.725451867208903, 66.026996607237379, 3.999996489776549 ], [ 38.728859570128407, 66.026760828215629, 3.999996489776549 ], [ 38.730424523295369, 66.027222714274103, 3.999996489776549 ], [ 38.760133762403711, 65.998616597898945, 3.999996489776549 ], [ 38.760133762403711, 65.998616597898945, 3.999996489776549 ], [ 38.807636386776721, 66.029159289842937, 3.999996489776549 ], [ 38.807636386791273, 66.029159289857489, 3.999996489776549 ], [ 38.836084956579725, 66.026376344569144, 3.999996489776549 ], [ 38.836084956579725, 66.026376344569144, 3.999996489776549 ], [ 38.850451109392452, 66.031903345341561, 3.999996489776549 ], [ 38.850451109392452, 66.031903345341561, 3.999996489776549 ], [ 38.868022737773572, 66.018302693799342, 3.999996489776549 ], [ 38.868022737773572, 66.018302693799342, 3.999996489776549 ], [ 38.901280993359251, 66.034842483863031, 3.999996489776549 ], [ 38.901280993384717, 66.034842483877583, 3.999996489776549 ], [ 38.96591448432082, 66.039871992390545, 3.999996489776549 ], [ 38.96591448432082, 66.039871992390545, 3.999996489776549 ], [ 38.992684637210914, 66.027142174716573, 3.999996489776549 ], [ 38.999340771908464, 66.02698848385262, 3.999996489776549 ], [ 39.110170534651843, 66.036714243356982, 3.999996489776549 ], [ 39.110170534651843, 66.036714243356982, 3.999996489776549 ], [ 39.134673574302724, 66.055536285592098, 3.999996489776549 ], [ 39.166438984502747, 66.058852103298705, 3.999996489776549 ], [ 39.166438984502747, 66.058852103298705, 3.999996489776549 ], [ 39.197000041684078, 66.060475359761767, 3.999996489776549 ], [ 39.22528455029169, 66.050391125347232, 3.999996489776549 ], [ 39.225284550320794, 66.050391125336319, 3.999996489776549 ], [ 39.239574537037697, 66.064821473817574, 3.999996489776549 ], [ 39.239574537052249, 66.064821473828488, 3.999996489776549 ], [ 39.279028878543613, 66.071294729787041, 3.999996489776549 ], [ 39.324543069771607, 66.072023646989692, 3.999996489776549 ], [ 39.324543069786159, 66.072023646989692, 3.999996489776549 ], [ 39.340595315654355, 66.072614102700754, 3.999996489776549 ], [ 39.400896267969074, 66.07202286892425, 3.999996489776549 ], [ 39.400896267983626, 66.07202286892425, 3.999996489776549 ], [ 39.439915966337139, 66.069891761115286, 3.999996489776549 ], [ 39.460604825959308, 66.070240210439806, 3.999996489776549 ], [ 39.478319911897415, 66.077070945342712, 3.999996489776549 ], [ 39.51832511595785, 66.088323671116086, 3.999996489776549 ], [ 39.552557219554728, 66.089994925783685, 3.999996489776549 ], [ 39.572709384454356, 66.088104761052819, 3.999996489776549 ], [ 39.593427986608731, 66.093444161928346, 3.999996489776549 ], [ 39.644266154362413, 66.091862900513661, 3.999996489776549 ], [ 39.644266154362413, 66.091862900513661, 3.999996489776549 ], [ 39.668733112059272, 66.106857519891491, 3.999996489776549 ], [ 39.668733112059272, 66.106857519891491, 3.999996489776549 ], [ 39.685710222227499, 66.105886836350692, 3.999996489776549 ], [ 39.712458024278021, 66.107236208783434, 3.999996489776549 ], [ 39.764903610845067, 66.10223914665039, 3.999996489776549 ], [ 39.781638647782529, 66.109121330700873, 3.999996489776549 ], [ 39.813252756670408, 66.110220118051075, 3.999996489776549 ], [ 39.864060240295657, 66.113604410107655, 3.999996489776549 ], [ 39.864060240321123, 66.113604410107655, 3.999996489776549 ], [ 39.885628800951963, 66.113134615010495, 3.999996489776549 ], [ 39.885628800951963, 66.113134615010495, 3.999996489776549 ], [ 39.89524088363396, 66.116371971151239, 3.999996489776549 ], [ 39.89524088363396, 66.116371971151239, 3.999996489776549 ], [ 40.002996656803589, 66.127225739041023, 3.999996489776549 ], [ 40.002996656818141, 66.127225739041023, 3.999996489776549 ], [ 40.006766913822503, 66.127381180191151, 3.999996489776549 ], [ 40.014091585591814, 66.127992181518493, 3.999996489776549 ], [ 40.01409158561728, 66.127992181518493, 3.999996489776549 ], [ 40.103443771113234, 66.118997450954339, 3.999996489776549 ], [ 40.150846202657704, 66.112346059238916, 3.999996489776549 ], [ 40.150846202672255, 66.112346059228003, 3.999996489776549 ], [ 40.200491249321203, 66.128661240862129, 3.999996489776549 ], [ 40.200491249332117, 66.128661240862129, 3.999996489776549 ], [ 40.2091135815499, 66.128452559965808, 3.999996489776549 ], [ 40.229735794200678, 66.12119687048471, 3.999996489776549 ], [ 40.22973579421523, 66.12119687048471, 3.999996489776549 ], [ 40.267566621274455, 66.098878859662364, 3.999996489776549 ], [ 40.291637851423729, 66.095365299093828, 3.999996489776549 ], [ 40.291637851423729, 66.095365299093828, 3.999996489776549 ], [ 40.352977859969542, 66.087871465453645, 3.999996489776549 ], [ 40.369155325344764, 66.08478693509096, 3.999996489776549 ], [ 40.369155325344764, 66.08478693509096, 3.999996489776549 ], [ 40.385182574638748, 66.083462092577975, 3.999996489776549 ], [ 40.399364464945393, 66.089792278435198, 3.999996489776549 ], [ 40.432517515244399, 66.082252388867346, 3.999996489776549 ], [ 40.496240462227433, 66.050577308993525, 3.999996489776549 ], [ 40.506117342141806, 66.043754349640949, 3.999996489776549 ], [ 40.53574968520843, 66.013456152180879, 3.999996489776549 ], [ 40.534110803022486, 65.985892814947874, 3.999996489776549 ], [ 40.534110803022486, 65.985892814947874, 3.999996489776549 ], [ 40.52063334281047, 65.976327855030831, 3.999996489776549 ], [ 40.506392467468686, 65.963405220030836, 3.999996489776549 ], [ 40.451378953443054, 65.94271979900077, 3.999996489776549 ], [ 40.451378953443054, 65.94271979900077, 3.999996489776549 ], [ 40.445515426170459, 65.940761449375714, 3.999996489776549 ], [ 40.39859403547598, 65.894764589374972, 3.999996489776549 ], [ 40.39859403547598, 65.894764589374972, 3.999996489776549 ], [ 40.382523199048592, 65.885268389240082, 3.999996489776549 ], [ 40.38252319903404, 65.885268389240082, 3.999996489776549 ], [ 40.33876371788574, 65.849360631757008, 3.999996489776549 ], [ 40.33876371788574, 65.849360631742456, 3.999996489776549 ], [ 40.294477299208665, 65.823723179728404, 3.999996489776549 ], [ 40.294477299194114, 65.823723179713852, 3.999996489776549 ], [ 40.260931639772025, 65.801024592939939, 3.999996489776549 ], [ 40.260931639772025, 65.801024592939939, 3.999996489776549 ], [ 40.185328989595291, 65.761666213362332, 3.999996489776549 ], [ 40.178811337180377, 65.75766142019711, 3.999996489776549 ], [ 40.165156898601708, 65.750091289479315, 3.999996489776549 ], [ 40.100519251518563, 65.724103876756999, 3.999996489776549 ], [ 40.098024781036656, 65.723027314877982, 3.999996489776549 ], [ 40.012330199559074, 65.696939626424864, 3.999996489776549 ], [ 40.005958201269095, 65.695586992165772, 3.999996489776549 ], [ 40.005958201269095, 65.695586992165772, 3.999996489776549 ], [ 39.918567532095039, 65.673345178089221, 3.999996489776549 ], [ 39.918567532095039, 65.673345178089221, 3.999996489776549 ], [ 39.908979521991569, 65.66995100913482, 3.999996489776549 ], [ 39.834005348184292, 65.646126247633219, 3.999996489776549 ], [ 39.834005348184292, 65.646126247633219, 3.999996489776549 ], [ 39.817150958693674, 65.643906338689703, 3.999996489776549 ], [ 39.810207303558855, 65.639994221503002, 3.999996489776549 ], [ 39.743663794677559, 65.608658964130882, 3.999996489776549 ], [ 39.743663794677559, 65.608658964130882, 3.999996489776549 ], [ 39.695958009833703, 65.573900096162106, 3.999996489776549 ], [ 39.690605921838142, 65.567400037409243, 3.999996489776549 ], [ 39.691346818708553, 65.541551129157597, 3.999996489776549 ], [ 39.691346818708553, 65.541551129172149, 3.999996489776549 ], [ 39.639244248715841, 65.489477780458401, 3.999996489776549 ], [ 39.639584752036171, 65.459220265842305, 3.999996489776549 ], [ 39.632156990213844, 65.446604893149924, 3.999996489776549 ], [ 39.632156990213844, 65.446604893149924, 3.999996489776549 ], [ 39.622358027088922, 65.442515073125833, 3.999996489776549 ], [ 39.622358027088922, 65.442515073118557, 3.999996489776549 ], [ 39.636209106785827, 65.359206083841855, 3.999996489776549 ], [ 39.637124315326218, 65.356489842859446, 3.999996489776549 ], [ 39.637124315311667, 65.356489842859446, 3.999996489776549 ], [ 39.671988271864393, 65.309694723648136, 3.999996489776549 ], [ 39.671988271878945, 65.309694723648136, 3.999996489776549 ], [ 39.737464485042437, 65.268675925301068, 3.999996489776549 ], [ 39.73902047448064, 65.268068793080602, 3.999996489776549 ], [ 39.7798750862421, 65.240795847897971, 3.999996489776549 ], [ 39.779875086253014, 65.240795847883419, 3.999996489776549 ], [ 39.787135880455025, 65.226312586091808, 3.999996489776549 ], [ 39.791694263352838, 65.216538604749076, 3.999996489776549 ], [ 39.815259166407486, 65.181159500261856, 3.999996489776549 ], [ 39.836466755808942, 65.150240225051675, 3.999996489776549 ], [ 39.844717073756328, 65.1386643062433, 3.999996489776549 ], [ 39.852472109039809, 65.113076093348354, 3.999996489776549 ], [ 39.852472109039809, 65.113076093341078, 3.999996489776549 ], [ 39.857394097052747, 65.079492722037685, 3.999996489776549 ], [ 39.842643553038215, 65.029775058337691, 3.999996489776549 ], [ 39.842643553038215, 65.029775058330415, 3.999996489776549 ], [ 39.823781913208222, 64.985982263111509, 3.999996489776549 ], [ 39.823781913197308, 64.985982263093319, 3.999996489776549 ], [ 39.808759603838553, 64.961292226616933, 3.999996489776549 ], [ 39.808759603838553, 64.961292226616933, 3.999996489776549 ], [ 39.80145869324042, 64.954678081867314, 3.999996489776549 ], [ 39.80145869324042, 64.954678081863676, 3.999996489776549 ], [ 39.738642099378922, 64.920584386061819, 3.999996489776549 ], [ 39.732127707480686, 64.915167791310523, 3.999996489776549 ], [ 39.682199739789212, 64.897846429750643, 3.999996489776549 ], [ 39.665365290435147, 64.890495364456001, 3.999996489776549 ], [ 39.665365290424234, 64.890495364456001, 3.999996489776549 ], [ 39.6641625494849, 64.8899145639989, 3.999996489776549 ], [ 39.603923031248996, 64.860707485757302, 3.999996489776549 ], [ 39.603923031238082, 64.860707485764578, 3.999996489776549 ], [ 39.596440925131901, 64.859037793601601, 3.999996489776549 ], [ 39.514025009899342, 64.843746555285179, 3.999996489776549 ], [ 39.493627983596525, 64.838151648251369, 3.999996489776549 ], [ 39.470295298200654, 64.830748876876896, 3.999996489776549 ], [ 39.418804269658722, 64.813061174281756, 3.999996489776549 ], [ 39.390790505309269, 64.810308199870633, 3.999996489776549 ], [ 39.342966164786048, 64.807913937063859, 3.999996489776549 ], [ 39.331145436190127, 64.807860957371304, 3.999996489776549 ], [ 39.267938090197276, 64.787446377067681, 3.999996489776549 ], [ 39.267938090197276, 64.787446377067681, 3.999996489776549 ], [ 39.253047135091037, 64.78895022607685, 3.999996489776549 ], [ 39.208729054593277, 64.787580527026876, 3.999996489776549 ], [ 39.168888962114579, 64.788420651322667, 3.999996489776549 ], [ 39.168888962114579, 64.788420651322667, 3.999996489776549 ], [ 39.144566424067307, 64.79144675851785, 3.999996489776549 ], [ 39.106111880850221, 64.797127273752267, 3.999996489776549 ], [ 39.082079552314099, 64.793934494427958, 3.999996489776549 ], [ 39.029479529592209, 64.808252058814105, 3.999996489776549 ], [ 39.006596300831006, 64.817420070980006, 3.999996489776549 ], [ 39.006596300831006, 64.81742007099092, 3.999996489776549 ], [ 38.97840381235801, 64.822153011682531, 3.999996489776549 ], [ 38.97840381235801, 64.822153011675255, 3.999996489776549 ], [ 38.940883873412531, 64.831686123470718, 3.999996489776549 ], [ 38.905972245942394, 64.837953975416895, 3.999996489776549 ], [ 38.905972245942394, 64.837953975416895, 3.999996489776549 ], [ 38.871624961084308, 64.844942052590341, 3.999996489776549 ], [ 38.855835624475731, 64.851068364656385, 3.999996489776549 ], [ 38.845582056335843, 64.851581623162929, 3.999996489776549 ], [ 38.845582056321291, 64.851581623162929, 3.999996489776549 ], [ 38.803455181878235, 64.864998094348266, 3.999996489776549 ], [ 38.755572847578151, 64.871657004776353, 3.999996489776549 ], [ 38.75352848213879, 64.872581647770858, 3.999996489776549 ], [ 38.75352848213879, 64.872581647770858, 3.999996489776549 ], [ 38.752743096272752, 64.872851770945999, 3.999996489776549 ], [ 38.70363166644529, 64.892557055998623, 3.999996489776549 ], [ 38.678858024959482, 64.904435111828207, 3.999996489776549 ], [ 38.661231098005373, 64.920190332806669, 3.999996489776549 ], [ 38.661231098005373, 64.920190332799393, 3.999996489776549 ], [ 38.629616261543561, 64.91511684721263, 3.999996489776549 ], [ 38.603205445950152, 64.916439200278546, 3.999996489776549 ], [ 38.603205445950152, 64.91643920028946, 3.999996489776549 ], [ 38.55872212774193, 64.916574890838092, 3.999996489776549 ], [ 38.54577910961234, 64.923201822999545, 3.999996489776549 ], [ 38.529510592925362, 64.923133606833289, 3.999996489776549 ], [ 38.529510592925362, 64.923133606833289, 3.999996489776549 ], [ 38.505645889734296, 64.944033592237247, 3.999996489776549 ], [ 38.505645889734296, 64.944033592237247, 3.999996489776549 ], [ 38.447490128190111, 64.937260551683721, 3.999996489776549 ], [ 38.447490128175559, 64.937260551683721, 3.999996489776549 ], [ 38.437924142686825, 64.940731431135646, 3.999996489776549 ], [ 38.426267363676743, 64.942464667532477, 3.999996489776549 ], [ 38.344037439954263, 64.954940596649976, 3.999996489776549 ], [ 38.344037439954263, 64.954940596657252, 3.999996489776549 ], [ 38.34189936436087, 64.955035935563501, 3.999996489776549 ], [ 38.306068453013722, 64.961397532711999, 3.999996489776549 ], [ 38.263818555238686, 64.972489146010048, 3.999996489776549 ], [ 38.244161536578758, 64.979700433104881, 3.999996489776549 ], [ 38.225787954874249, 64.978635367766401, 3.999996489776549 ], [ 38.199670656624221, 64.982316086880019, 3.999996489776549 ], [ 38.163419800668635, 64.987070827060961, 3.999996489776549 ], [ 38.118524451831036, 65.001227709530212, 3.999996489776549 ], [ 38.118524451831036, 65.001227709530212, 3.999996489776549 ], [ 38.065707932066289, 65.00941734873777, 3.999996489776549 ], [ 38.033808821503044, 65.018795287422108, 3.999996489776549 ], [ 37.970335813461134, 65.037364035986684, 3.999996489776549 ], [ 37.926073699887638, 65.044685913653666, 3.999996489776549 ], [ 37.900173462447128, 65.045681736635743, 3.999996489776549 ], [ 37.868349884058262, 65.048438172667375, 3.999996489776549 ], [ 37.846183443743939, 65.054185993158171, 3.999996489776549 ], [ 37.835578969818016, 65.059648335452948, 3.999996489776549 ], [ 37.830161293099081, 65.060829329555418, 3.999996489776549 ], [ 37.763414477059996, 65.077238280151505, 3.999996489776549 ], [ 37.732701280161564, 65.080718535456981, 3.999996489776549 ], [ 37.677577605329134, 65.094338345999859, 3.999996489776549 ], [ 37.677577605329134, 65.094338345999859, 3.999996489776549 ], [ 37.624813394766534, 65.099910987457406, 3.999996489776549 ], [ 37.590244007413276, 65.105281466196175, 3.999996489776549 ], [ 37.531811074564757, 65.123103915917454, 3.999996489776549 ], [ 37.501985053400858, 65.12522936654932, 3.999996489776549 ], [ 37.486846773877915, 65.158760094342142, 3.999996489776549 ], [ 37.424272489293799, 65.141741933326557, 3.999996489776549 ], [ 37.424272489268333, 65.141741933319281, 3.999996489776549 ], [ 37.409818145377358, 65.14302822114405, 3.999996489776549 ], [ 37.333508172643633, 65.163382912960515, 3.999996489776549 ], [ 37.314713986947027, 65.165864635575417, 3.999996489776549 ], [ 37.293718244385673, 65.198564849717513, 3.999996489776549 ], [ 37.222069444265799, 65.176238575331809, 3.999996489776549 ], [ 37.22202542175728, 65.176248354415293, 4.001896489776527 ], [ 37.219970385911438, 65.17670485632334, 4.012696489776545 ], [ 37.219628611099324, 65.176780777557724, 3.999996489776549 ], [ 37.19543789294039, 65.215016281668795, 3.999996489776549 ], [ 37.138593290103017, 65.194326705877756, 3.999996489776549 ], [ 37.128639931550424, 65.194503678401816, 4.318096489776508 ], [ 37.1261281950392, 65.194548337534798, 4.317396489776684 ], [ 37.124105724302353, 65.194584297434631, 4.31599648977658 ], [ 37.116845060078049, 65.194713393360871, 3.999996489776549 ], [ 37.067192670147051, 65.257844097970519, 3.999996489776549 ], [ 36.984247149073781, 65.235011724798824, 3.999996489776549 ], [ 36.983274188831274, 65.234903292483068, 3.999996489776549 ], [ 36.933199306113238, 65.195615306161926, 3.999996489776549 ], [ 36.931444525471306, 65.195372187114117, 3.999996489776549 ], [ 36.931444525456754, 65.195372187114117, 3.999996489776549 ], [ 36.931207191970316, 65.195935134786851, 3.999996489776549 ], [ 36.874995441579813, 65.219327552349569, 3.999996489776549 ], [ 36.870240974556509, 65.220625771955383, 3.999996489776549 ], [ 36.793087664009363, 65.238559728295513, 3.999996489776549 ], [ 36.793087664009363, 65.238559728295513, 3.999996489776549 ], [ 36.719228838839626, 65.215401409081096, 3.999996489776549 ], [ 36.758490083077049, 65.166193050623406, 3.999996489776549 ], [ 36.745894281364599, 65.142171753846924, 3.999996489776549 ], [ 36.745844441375084, 65.115048904568539, 3.999996489776549 ], [ 36.72155562242915, 65.100059236741799, 3.999996489776549 ], [ 36.694119744512136, 65.089363528226386, 3.999996489776549 ], [ 36.674101926717412, 65.074826886371739, 3.999996489776549 ], [ 36.648019957716315, 65.076296000694128, 3.999996489776549 ], [ 36.587994379213342, 65.083316476764594, 3.999996489776549 ], [ 36.548430914848723, 65.104470732658228, 3.999996489776549 ], [ 36.548430914841447, 65.104470732658228, 3.999996489776549 ], [ 36.520308051964093, 65.1141815943447, 3.999996489776549 ], [ 36.493161885478912, 65.126535392955702, 3.999996489776549 ], [ 36.461610377707984, 65.13383685304143, 3.999996489776549 ], [ 36.443917090811738, 65.14723422483803, 3.999996489776549 ], [ 36.429642068524117, 65.153555253978993, 3.999996489776549 ], [ 36.417725503215479, 65.152792889617558, 3.999996489776549 ], [ 36.389089133484958, 65.153236488546099, 3.999996489776549 ], [ 36.363533770214417, 65.175715693923848, 3.999996489776549 ], [ 36.358000700802222, 65.178586708967487, 3.999996489776549 ], [ 36.35447657061377, 65.179273064801237, 3.999996489776549 ], [ 36.331030843797635, 65.207381207048456, 3.999996489776549 ], [ 36.287311736738047, 65.215992961475422, 3.999996489776549 ], [ 36.280692349766468, 65.211232570363791, 3.999996489776549 ], [ 36.274317393759702, 65.217200538794714, 3.999996489776549 ], [ 36.265932893551508, 65.225738362532866, 3.999996489776549 ], [ 36.221368942278787, 65.227469711739104, 3.999996489776549 ], [ 36.220502344949637, 65.227514607959165, 3.999996489776549 ], [ 36.208879969977716, 65.219390255380858, 3.999996489776549 ], [ 36.208879969944974, 65.219390255359031, 3.999996489776549 ], [ 36.194865739864326, 65.208169169462053, 3.999996489776549 ], [ 36.193805786981102, 65.207830215451395, 3.999996489776549 ], [ 36.192070464850985, 65.207199996249983, 3.999996489776549 ], [ 36.174345396520948, 65.199220599275577, 3.999996489776549 ], [ 36.143306273363123, 65.211263950379362, 3.999996489776549 ], [ 36.13612855244719, 65.211437048681546, 3.999996489776549 ], [ 36.127938730933238, 65.211376363582531, 3.999996489776549 ], [ 36.122088823733066, 65.200148044321395, 3.999996489776549 ], [ 36.103994492299535, 65.20037675210915, 3.999996489776549 ], [ 36.08334599034788, 65.198096966018056, 3.999996489776549 ], [ 36.06046932540994, 65.203577179589047, 3.999996489776549 ], [ 36.053695536938903, 65.206089648210764, 3.999996489776549 ], [ 36.031774392267835, 65.20903157333305, 3.999996489776549 ], [ 36.031774392260559, 65.20903157333305, 3.999996489776549 ], [ 36.022155416038004, 65.208770841516525, 3.999996489776549 ], [ 36.020045171353559, 65.223839399517601, 3.999996489776549 ], [ 36.017522108628327, 65.225310360168805, 3.999996489776549 ], [ 36.017522108621051, 65.225310360168805, 3.999996489776549 ], [ 36.012623402479221, 65.224663764478464, 3.999996489776549 ], [ 35.993587801720423, 65.23024651221931, 3.999996489776549 ], [ 35.969053544064082, 65.221363714845211, 3.999996489776549 ], [ 35.966776581190061, 65.221574479757692, 3.999996489776549 ], [ 35.966776581179147, 65.221574479757692, 3.999996489776549 ], [ 35.94022645838777, 65.229395950518665, 3.999996489776549 ], [ 35.931491907318559, 65.225316188094439, 3.999996489776549 ], [ 35.902783161331172, 65.22354335860291, 3.999996489776549 ], [ 35.900409272147954, 65.220196524973289, 3.999996489776549 ], [ 35.900409272147954, 65.220196524962375, 3.999996489776549 ], [ 35.892762260620657, 65.216953862585797, 3.999996489776549 ], [ 35.864736320258089, 65.201501885669131, 3.999996489776549 ], [ 35.844588957806991, 65.206598638240393, 3.999996489776549 ], [ 35.829868230375723, 65.215731261079782, 3.999996489776549 ], [ 35.820274395868182, 65.208762839360134, 3.999996489776549 ], [ 35.820274395875458, 65.208762839352858, 3.999996489776549 ], [ 35.802455553424807, 65.215565145699657, 3.999996489776549 ], [ 35.785101692406897, 65.204716520060174, 3.999996489776549 ], [ 35.785101692406897, 65.204716520052898, 3.999996489776549 ], [ 35.784490117606765, 65.204559635763871, 3.999996489776549 ], [ 35.781069857432158, 65.20415361356936, 3.999996489776549 ], [ 35.752816179388901, 65.212363988764992, 3.999996489776549 ], [ 35.735148899490014, 65.206352750399674, 3.999996489776549 ], [ 35.73514889949729, 65.20635275038876, 3.999996489776549 ], [ 35.733413157813629, 65.206833436030138, 3.999996489776549 ], [ 35.731957983764005, 65.20612417596567, 3.999996489776549 ], [ 35.700223720064969, 65.212448423426395, 3.999996489776549 ], [ 35.685795616918767, 65.201616359114269, 3.999996489776549 ], [ 35.684742627454398, 65.201795345677965, 3.999996489776549 ], [ 35.684302812140231, 65.201662613610097, 3.999996489776549 ], [ 35.64130610198481, 65.191463588445913, 3.999996489776549 ], [ 35.641105871141917, 65.191404349545337, 3.999996489776549 ], [ 35.607872040633083, 65.177919919588021, 3.999996489776549 ], [ 35.607165350269497, 65.177606145207392, 3.999996489776549 ], [ 35.606503687122313, 65.177394442620425, 3.999996489776549 ], [ 35.589231005131296, 65.170096733298124, 3.999996489776549 ], [ 35.589231005043985, 65.170096733254468, 3.999996489776549 ], [ 35.579297619580757, 65.168762900186266, 3.999996489776549 ], [ 35.573910094262828, 65.168322383913619, 3.999996489776549 ], [ 35.563445090923778, 65.171286962377053, 3.999996489776549 ], [ 35.548203943766566, 65.171990133672807, 3.999996489776549 ], [ 35.533168072746776, 65.171000945290871, 3.999996489776549 ], [ 35.520227835517289, 65.169792404773034, 3.999996489776549 ], [ 35.501134248912422, 65.160628015746624, 3.999996489776549 ], [ 35.477524975463893, 65.159756431803544, 3.999996489776549 ], [ 35.474250304076122, 65.161114432121394, 3.999996489776549 ], [ 35.45350222129855, 65.170325664574193, 3.999996489776549 ], [ 35.448361633716559, 65.171543400567316, 3.999996489776549 ], [ 35.443023276373424, 65.171586439457315, 3.999996489776549 ], [ 35.44302327636251, 65.171586439457315, 3.999996489776549 ], [ 35.388875253924198, 65.167502109954512, 3.999996489776549 ], [ 35.375531852376298, 65.166554623399861, 3.999996489776549 ], [ 35.377064761112706, 65.184459276941197, 3.999996489776549 ], [ 35.380407570570242, 65.205728553792142, 3.999996489776549 ], [ 35.37539066213867, 65.216238794946548, 3.999996489776549 ], [ 35.349587444521603, 65.20925335244101, 3.999996489776549 ], [ 35.328281586113008, 65.195565406193055, 3.999996489776549 ], [ 35.294410486334527, 65.195898286423471, 3.999996489776549 ], [ 35.29111103024843, 65.197141453576478, 3.999996489776549 ], [ 35.289210908365931, 65.197174800607172, 3.999996489776549 ], [ 35.223210712691071, 65.1926114879534, 3.999996489776549 ], [ 35.182817328888632, 65.199808542656683, 3.999996489776549 ], [ 35.179225216535997, 65.196647141750873, 3.999996489776549 ], [ 35.121413232860505, 65.202262247061299, 3.999996489776549 ], [ 35.121413232809573, 65.202262247061299, 3.999996489776549 ], [ 35.110451511034626, 65.203416585070954, 3.999996489776549 ], [ 35.108708996685891, 65.203620001415402, 3.999996489776549 ], [ 35.107430159994692, 65.20344821308754, 3.999996489776549 ], [ 35.054173754197109, 65.194618010620616, 3.999996489776549 ], [ 35.039867001120001, 65.192964055444463, 3.999996489776549 ], [ 34.994826566988195, 65.191193397025927, 3.999996489776549 ], [ 34.960051912803465, 65.190627738098556, 3.999996489776549 ], [ 34.941951601667824, 65.188329123800941, 3.999996489776549 ], [ 34.91446527689186, 65.187477509869495, 3.999996489776549 ], [ 34.899194811387133, 65.196866623482492, 3.999996489776549 ], [ 34.871845258578105, 65.219055043264234, 3.999996489776549 ], [ 34.861457003604301, 65.2213142425353, 3.999996489776549 ], [ 34.854190416586789, 65.218673036753898, 3.999996489776549 ], [ 34.817254865156428, 65.220337385904713, 3.999996489776549 ], [ 34.811971438826731, 65.242997103319794, 3.999996489776549 ], [ 34.773416863208695, 65.277213279794523, 3.999996489776549 ], [ 34.770113769292948, 65.279440086236718, 3.999996489776549 ], [ 34.756353361513902, 65.294912386496435, 3.999996489776549 ], [ 34.756353361502988, 65.294912386503711, 3.999996489776549 ], [ 34.754455204780243, 65.330699813592219, 3.999996489776549 ], [ 34.760158690434764, 65.345811614894046, 3.999996489776549 ], [ 34.776054569458211, 65.348379421226127, 3.999996489776549 ], [ 34.78219695241205, 65.351759730889171, 3.999996489776549 ], [ 34.827799467650038, 65.378743015175132, 3.999996489776549 ], [ 34.851353770231071, 65.429806628621009, 3.999996489776549 ], [ 34.849789789630449, 65.436586839969095, 3.999996489776549 ], [ 34.855239805401652, 65.442346857176744, 3.999996489776549 ], [ 34.874855352107261, 65.514254821864597, 3.999996489776549 ], [ 34.874855352107261, 65.514254821875511, 3.999996489776549 ], [ 34.875361709771823, 65.515170913178736, 3.999996489776549 ], [ 34.921053431178734, 65.527988707905024, 3.999996489776549 ], [ 34.92105343118601, 65.527988707905024, 3.999996489776549 ], [ 34.935526223966008, 65.54490841093866, 3.999996489776549 ], [ 34.935526223973284, 65.54490841093866, 3.999996489776549 ], [ 34.941621192407183, 65.570490135261934, 3.999996489776549 ], [ 34.941621192407183, 65.570490135261934, 3.999996489776549 ], [ 34.937636844562803, 65.587064322335209, 3.999996489776549 ], [ 34.966615332949004, 65.592878102776012, 3.999996489776549 ], [ 34.991586556101538, 65.600486994739185, 3.999996489776549 ], [ 35.026625689584762, 65.605364054928941, 3.999996489776549 ], [ 35.026625689584762, 65.605364054928941, 3.999996489776549 ], [ 35.040418329899694, 65.601066744577111, 3.999996489776549 ], [ 35.04522127605378, 65.607453760374483, 3.999996489776549 ], [ 35.098827531837742, 65.604789534365409, 3.999996489776549 ], [ 35.151326753853937, 65.607768702193425, 3.999996489776549 ], [ 35.153364252386382, 65.607129764382989, 3.999996489776549 ], [ 35.15476237940311, 65.608008786119171, 3.999996489776549 ], [ 35.15455405809189, 65.609206565972272, 3.960996489776562 ], [ 35.154251310290419, 65.610947267468873, 3.999996489776549 ], [ 35.150446885760175, 65.658220677989448, 3.999996489776549 ], [ 35.150446885760175, 65.658220677989448, 3.999996489776549 ], [ 35.124113353340363, 65.695420343741716, 3.999996489776549 ], [ 35.119665955618984, 65.699378320354299, 3.999996489776549 ], [ 35.118835638357268, 65.705697984245489, 3.999996489776549 ], [ 35.068625172727479, 65.758715403633687, 3.999996489776549 ], [ 35.053227040702041, 65.760747841773991, 3.999996489776549 ], [ 35.063100140316237, 65.768858512568841, 3.999996489776549 ], [ 35.06875879906147, 65.818910053152649, 3.999996489776549 ], [ 35.012708275531622, 65.843132939964562, 3.999996489776549 ], [ 34.991416542947263, 65.84218748674175, 3.999996489776549 ], [ 34.955298129261791, 65.856473215219012, 3.999996489776549 ], [ 34.933630841209379, 65.865951993819181, 3.999996489776549 ], [ 34.92020207931273, 65.871232915076689, 3.999996489776549 ], [ 34.90950441642417, 65.90857636990404, 3.999996489776549 ], [ 34.867430314188823, 65.933853040442045, 3.999996489776549 ], [ 34.860555180075607, 65.932796131819487, 3.999996489776549 ], [ 34.848003253464412, 65.940721461160138, 3.999996489776549 ], [ 34.773871774719737, 65.94791446830277, 3.999996489776549 ], [ 34.773871774661529, 65.94791446830277, 3.999996489776549 ], [ 34.76154127949485, 65.954562074086425, 3.999996489776549 ], [ 34.748365686667967, 65.964620753307827, 3.999996489776549 ], [ 34.718870072287245, 66.018682288951823, 3.999996489776549 ], [ 34.662511601680308, 66.051034334304859, 3.999996489776549 ], [ 34.653637862895266, 66.052932130096451, 3.999996489776549 ], [ 34.591810374957277, 66.086614220512274, 3.999996489776549 ], [ 34.591810374950001, 66.086614220512274, 3.999996489776549 ], [ 34.586864425851672, 66.089881745345338, 3.999996489776549 ], [ 34.510094975557877, 66.120548433562362, 3.999996489776549 ], [ 34.510094975557877, 66.120548433562362, 3.999996489776549 ], [ 34.506236907320272, 66.12282851974669, 3.999996489776549 ], [ 34.421306010015542, 66.151759401247546, 3.999996489776549 ], [ 34.420200708296761, 66.151758965625049, 3.999996489776549 ], [ 34.420200708289485, 66.151758965625049, 3.999996489776549 ], [ 34.388873293661163, 66.161961504978535, 3.999996489776549 ], [ 34.388873293431971, 66.161961505044019, 3.999996489776549 ], [ 34.369362439028919, 66.207276465716859, 3.999996489776549 ], [ 34.369362439021643, 66.207276465731411, 3.999996489776549 ], [ 34.365131499831477, 66.217880285479623, 3.999996489776549 ], [ 34.365131499824201, 66.217880285490537, 3.999996489776549 ], [ 34.398143094509578, 66.244453401650389, 3.999996489776549 ], [ 34.412121856759768, 66.252374604158831, 3.999996489776549 ], [ 34.470985733361886, 66.267835162561823, 3.999996489776549 ], [ 34.501783327985322, 66.275025875365827, 3.999996489776549 ], [ 34.501783327999874, 66.275025875365827, 3.999996489776549 ], [ 34.557871993019944, 66.282321598220733, 3.999996489776549 ], [ 34.55787199302722, 66.282321598220733, 3.999996489776549 ], [ 34.629982817627024, 66.291443793768849, 3.999996489776549 ], [ 34.629982817637938, 66.291443793768849, 3.999996489776549 ], [ 34.652258248388534, 66.291844326056889, 3.999996489776549 ], [ 34.761589993733651, 66.296475768915116, 3.999996489776549 ], [ 34.761589993733651, 66.296475768915116, 3.999996489776549 ], [ 34.765227715244691, 66.296604727191152, 3.999996489776549 ], [ 34.765496169478865, 66.296626424187707, 3.999996489776549 ], [ 34.765757743840368, 66.29662138949061, 3.999996489776549 ], [ 34.768552139888925, 66.296587514672865, 3.999996489776549 ], [ 34.768552139994426, 66.296587514672865, 3.999996489776549 ], [ 34.861456565278786, 66.294647980281297, 3.999996489776549 ], [ 34.861456565286062, 66.294647980281297, 3.999996489776549 ] ], [ [ 35.322722599608824, 66.040998003918503, 4.999996489776549 ], [ 35.305231268997886, 66.038906805322767, 4.999996489776549 ], [ 35.285576659425715, 66.039867539231636, 4.999996489776549 ], [ 35.242649385032564, 66.036577536204277, 4.999996489776549 ], [ 35.213915609103424, 66.038931168175623, 4.999996489776549 ], [ 35.190797476887383, 66.03508923415211, 4.999996489776549 ], [ 35.190797476880107, 66.03508923415211, 4.999996489776549 ], [ 35.154868196943426, 66.034779527682986, 4.999996489776549 ], [ 35.154868196921598, 66.034779527682986, 4.999996489776549 ], [ 35.126982613623113, 66.031815816924791, 4.999996489776549 ], [ 35.114421444584877, 66.031681739317719, 4.999996489776549 ], [ 35.054946117099462, 66.018993355337443, 4.999996489776549 ], [ 35.040801656516123, 66.015872695908911, 4.999996489776549 ], [ 35.025425813953916, 66.0146709590299, 4.999996489776549 ], [ 35.025425813943002, 66.0146709590299, 4.999996489776549 ], [ 34.992223761080822, 66.00660392059217, 4.999996489776549 ], [ 34.952123964209022, 65.985887868457212, 4.999996489776549 ], [ 34.952123964201746, 65.985887868457212, 4.999996489776549 ], [ 34.941697844020382, 65.977808616637049, 4.999996489776549 ], [ 34.9443701570126, 65.971123792438448, 4.999996489776549 ], [ 34.951204177523323, 65.961460114205693, 4.999996489776549 ], [ 34.96091291933044, 65.931928747886559, 4.999996489776549 ], [ 34.977029433295684, 65.934461102122441, 4.999996489776549 ], [ 35.021371846203692, 65.899062322758255, 4.999996489776549 ], [ 35.031884815503872, 65.896102103695739, 4.999996489776549 ], [ 35.081184897600906, 65.863059120929393, 4.999996489776549 ], [ 35.081184897608182, 65.863059120929393, 4.999996489776549 ], [ 35.092241995265795, 65.858002047876653, 4.999996489776549 ], [ 35.144832097339531, 65.829601875277149, 4.999996489776549 ], [ 35.142776143693482, 65.811281735430384, 4.999996489776549 ], [ 35.181391914247797, 65.791041348224098, 4.999996489776549 ], [ 35.207553645541338, 65.791246927041357, 4.999996489776549 ], [ 35.207553645552252, 65.791246927041357, 4.999996489776549 ], [ 35.212161228122568, 65.750561062457564, 4.999996489776549 ], [ 35.21620308934871, 65.738305616770958, 4.999996489776549 ], [ 35.250089636381745, 65.712548838353541, 4.999996489776549 ], [ 35.250089636392659, 65.712548838353541, 4.999996489776549 ], [ 35.234895201971085, 65.697137755432777, 4.999996489776549 ], [ 35.234895201971085, 65.697137755432777, 4.999996489776549 ], [ 35.261761444719014, 65.667866940970271, 4.999996489776549 ], [ 35.264817203929852, 65.615784165525838, 4.999996489776549 ], [ 35.208487578925997, 65.592574017853622, 4.999996489776549 ], [ 35.191483193066233, 65.587194585175894, 4.999996489776549 ], [ 35.149735181752476, 65.560947034555284, 4.999996489776549 ], [ 35.088895565026178, 65.580025689734612, 4.999996489776549 ], [ 35.087467621102405, 65.579944658351451, 4.999996489776549 ], [ 35.086009566592111, 65.580017123527796, 4.999996489776549 ], [ 35.081429156991362, 65.573926039545768, 4.999996489776549 ], [ 35.087959217806201, 65.523541889040644, 4.999996489776549 ], [ 35.070192931452766, 65.500084520350356, 4.999996489776549 ], [ 35.091636130902771, 65.479585262546607, 5.107296489776672 ], [ 35.121955522488861, 65.45060054755595, 4.999996489776549 ], [ 35.132999648238183, 65.463881235977169, 4.999996489776549 ], [ 35.148933720691275, 65.446451253679697, 4.999996489776549 ], [ 35.189104576660611, 65.440397268986999, 4.999996489776549 ], [ 35.226042177429918, 65.434673199306417, 4.999996489776549 ], [ 35.23412918426402, 65.429590804393229, 5.066596489776657 ], [ 35.277263128871709, 65.402482660985697, 5.18059648977669 ], [ 35.320934728548309, 65.37503662056406, 4.999996489776549 ], [ 35.328969213613163, 65.377269759606861, 4.999996489776549 ], [ 35.337355960109562, 65.371220056924358, 4.999996489776549 ], [ 35.378354325155669, 65.376919308084325, 4.999996489776549 ], [ 35.406972534867236, 65.358887235051952, 4.999996489776549 ], [ 35.413311865737342, 65.356199869493139, 4.999996489776549 ], [ 35.416120928250166, 65.356698856165167, 4.999996489776549 ], [ 35.435550788472028, 65.350664425946889, 4.999996489776549 ], [ 35.435550788479304, 65.350664425939613, 4.999996489776549 ], [ 35.458129299971915, 65.346792279422516, 4.999996489776549 ], [ 35.468475308138295, 65.343104327672336, 4.999996489776549 ], [ 35.477059123353683, 65.336073789309012, 4.999996489776549 ], [ 35.516666805313434, 65.317594445808936, 4.999996489776549 ], [ 35.520680341764091, 65.313403561471205, 4.999996489776549 ], [ 35.532236062994343, 65.309511366431252, 4.999996489776549 ], [ 35.552405258444196, 65.305229810262972, 4.999996489776549 ], [ 35.600972580003145, 65.300427381334885, 4.999996489776549 ], [ 35.62480734410201, 65.304070487924037, 5.052696489776508 ], [ 35.664262544796657, 65.310101153932919, 4.999996489776549 ], [ 35.664262544803933, 65.310101153932919, 4.999996489776549 ], [ 35.668869493740203, 65.309957100009342, 4.999996489776549 ], [ 35.668869493740203, 65.309957100009342, 4.999996489776549 ], [ 35.6722367453076, 65.310623310037045, 4.998196489776547 ], [ 35.702659835176746, 65.31664251208349, 5.073596489776492 ], [ 35.721369938841235, 65.320344302235753, 4.999996489776549 ], [ 35.721369938848511, 65.320344302235753, 4.999996489776549 ], [ 35.736094180629152, 65.323141952179867, 4.999996489776549 ], [ 35.752860884200345, 65.322151399981522, 4.999996489776549 ], [ 35.78097517340575, 65.312901649009291, 4.999996489776549 ], [ 35.815052135276346, 65.307787124642346, 4.999996489776549 ], [ 35.85462098482094, 65.311608661279024, 4.999996489776549 ], [ 35.876877524238807, 65.304986224586173, 4.999996489776549 ], [ 35.895284845282731, 65.294173306094308, 4.999996489776549 ], [ 35.91614389505412, 65.304448308543215, 4.999996489776549 ], [ 35.91614389505412, 65.304448308543215, 4.999996489776549 ], [ 35.927524868853652, 65.310086828798376, 4.999996489776549 ], [ 35.956361222335545, 65.319687263956439, 4.999996489776549 ], [ 35.961512279853196, 65.320033878273534, 4.999996489776549 ], [ 35.999171359679167, 65.299810791770142, 4.999996489776549 ], [ 36.000169377366547, 65.299953071145865, 4.999996489776549 ], [ 36.001445151985536, 65.299762603815907, 4.999996489776549 ], [ 36.03299750774022, 65.300453947940696, 4.999996489776549 ], [ 36.067757798453385, 65.298472998536454, 4.999996489776549 ], [ 36.067757798460661, 65.298472998536454, 4.999996489776549 ], [ 36.07027687469963, 65.299276239689789, 4.999996489776549 ], [ 36.074600046209525, 65.299149943686643, 4.999996489776549 ], [ 36.102224185247906, 65.295792599688866, 4.999996489776549 ], [ 36.102224185247906, 65.295792599688866, 4.999996489776549 ], [ 36.124721500000305, 65.300460999998904, 4.999996489776549 ], [ 36.142474890279118, 65.302742526546353, 4.999996489776549 ], [ 36.168088516260468, 65.300888953082904, 4.999996489776549 ], [ 36.177184870386554, 65.299646068844595, 4.999996489776549 ], [ 36.18538697765689, 65.301698777773709, 4.999996489776549 ], [ 36.220984877894807, 65.309053839628177, 4.999996489776549 ], [ 36.247171373197489, 65.309937629579508, 4.999996489776549 ], [ 36.261822787833808, 65.311601245579368, 4.999996489776549 ], [ 36.2865919863616, 65.311740614506562, 4.999996489776549 ], [ 36.307148438358126, 65.313861390197417, 4.999996489776549 ], [ 36.319811164110433, 65.31440737171215, 4.999996489776549 ], [ 36.346643374574342, 65.321112716108473, 4.999996489776549 ], [ 36.390186286964308, 65.320750397120719, 4.999996489776549 ], [ 36.39853317649613, 65.323999931333674, 4.999996489776549 ], [ 36.408796714065829, 65.322928046447487, 4.999996489776549 ], [ 36.444948201304214, 65.331378935214161, 4.999996489776549 ], [ 36.456965070545266, 65.331217165930866, 4.999996489776549 ], [ 36.494202875361225, 65.333905366467661, 4.999996489776549 ], [ 36.494202875368501, 65.333905366467661, 4.999996489776549 ], [ 36.527632974084554, 65.338142052518378, 4.999996489776549 ], [ 36.566254546803975, 65.340243816033762, 4.999996489776549 ], [ 36.593948514459044, 65.344087721001415, 4.999996489776549 ], [ 36.605322400570003, 65.345569650442485, 4.999996489776549 ], [ 36.650402341623703, 65.345925201661885, 4.999996489776549 ], [ 36.692218165891973, 65.351392541990208, 4.999996489776549 ], [ 36.766179833448405, 65.358623565934977, 4.999996489776549 ], [ 36.771570205295575, 65.359505788426759, 4.999996489776549 ], [ 36.772752553399187, 65.359734104513336, 4.999996489776549 ], [ 36.77388879195496, 65.359312860964565, 4.999996489776549 ], [ 36.77388879197315, 65.359312860957289, 4.999996489776549 ], [ 36.788967582502664, 65.372118445389788, 4.999996489776549 ], [ 36.822236337284266, 65.382463288799045, 5.017996489776579 ], [ 36.873627201359341, 65.398443160753231, 5.006996489776611 ], [ 36.881272691596678, 65.400820508504694, 4.999996489776549 ], [ 36.922255527410016, 65.414619798233616, 4.999996489776549 ], [ 36.945801438636408, 65.42838063655654, 4.999996489776549 ], [ 36.963083338465367, 65.42671133143449, 4.999996489776549 ], [ 36.982683020920376, 65.442437280533341, 4.999996489776549 ], [ 36.989091907362308, 65.437820368973917, 4.999996489776549 ], [ 37.003388156103028, 65.451371150622435, 4.999996489776549 ], [ 37.050126044123317, 65.44644999180673, 4.999996489776549 ], [ 37.068152948526404, 65.472731631776696, 4.999996489776549 ], [ 37.086644660299498, 65.476886153854139, 4.999996489776549 ], [ 37.086644660306774, 65.476886153854139, 4.999996489776549 ], [ 37.117200848999346, 65.487047312755749, 4.999996489776549 ], [ 37.138377491548454, 65.492514212292008, 4.999996489776549 ], [ 37.181751192365482, 65.50193817172476, 4.999996489776549 ], [ 37.218986673578911, 65.513234145673778, 4.999996489776549 ], [ 37.251025114663207, 65.5329856679964, 4.999996489776549 ], [ 37.251025114663207, 65.5329856679964, 4.999996489776549 ], [ 37.273437090909283, 65.540927725876827, 4.999996489776549 ], [ 37.273437090909283, 65.540927725876827, 4.999996489776549 ], [ 37.273509359216405, 65.540945575688966, 4.999996489776549 ], [ 37.273509359230957, 65.540945575688966, 4.999996489776549 ], [ 37.273610907825059, 65.541005040922755, 4.999996489776549 ], [ 37.273610907835973, 65.541005040922755, 4.999996489776549 ], [ 37.273942386869749, 65.541194238809112, 4.999996489776549 ], [ 37.273942386895214, 65.541194238820026, 4.999996489776549 ], [ 37.356187971792679, 65.591852755027503, 4.999996489776549 ], [ 37.356187971792679, 65.591852755027503, 4.999996489776549 ], [ 37.36312713830921, 65.608385068357165, 4.999996489776549 ], [ 37.403616874304134, 65.650121168026089, 4.999996489776549 ], [ 37.389851726497, 65.676134771976649, 4.999996489776549 ], [ 37.343271148871281, 65.703901365977799, 4.999996489776549 ], [ 37.335041692047525, 65.710404833334906, 4.999996489776549 ], [ 37.315345128237823, 65.716902701751678, 4.999996489776549 ], [ 37.315345128212357, 65.716902701751678, 4.999996489776549 ], [ 37.244170294994547, 65.738908459908998, 4.999996489776549 ], [ 37.244170294979995, 65.738908459908998, 4.999996489776549 ], [ 37.232796618649445, 65.740748642067047, 4.999996489776549 ], [ 37.232796618634893, 65.740748642067047, 4.999996489776549 ], [ 37.219621847030794, 65.745236708906305, 4.999996489776549 ], [ 37.219621847030794, 65.745236708906305, 4.999996489776549 ], [ 37.145149206393398, 65.766322993938957, 4.999996489776549 ], [ 37.124453829936101, 65.769425412552664, 4.999996489776549 ], [ 37.102226204573526, 65.776207902828901, 4.999996489776549 ], [ 37.038401174126193, 65.791819128942734, 4.999996489776549 ], [ 37.038401174118917, 65.791819128942734, 4.999996489776549 ], [ 37.014290926810645, 65.795131969684007, 4.999996489776549 ], [ 36.989085265311587, 65.802614010201069, 4.999996489776549 ], [ 36.929785981945315, 65.816873759540613, 4.999996489776549 ], [ 36.929785981934401, 65.816873759540613, 4.999996489776549 ], [ 36.903780504155293, 65.820663100646925, 4.999996489776549 ], [ 36.874450983799761, 65.829580864785385, 4.999996489776549 ], [ 36.828229023616586, 65.843402580834663, 4.999996489776549 ], [ 36.82822902360931, 65.843402580834663, 4.999996489776549 ], [ 36.796456339747238, 65.850701027593459, 4.999996489776549 ], [ 36.751960470075574, 65.862940877312212, 4.999996489776549 ], [ 36.727212162964861, 65.868226488179062, 4.999996489776549 ], [ 36.727212162953947, 65.868226488179062, 4.999996489776549 ], [ 36.684421145044325, 65.873395821919985, 4.999996489776549 ], [ 36.625140837713843, 65.890939184409945, 4.999996489776549 ], [ 36.621001095245447, 65.891680182114214, 4.999996489776549 ], [ 36.617517323080392, 65.892326995734038, 4.999996489776549 ], [ 36.565828462502395, 65.897616479702265, 4.999996489776549 ], [ 36.521059557413537, 65.910015659959754, 4.999996489776549 ], [ 36.521059557406261, 65.910015659959754, 4.999996489776549 ], [ 36.49720792286098, 65.914162068704172, 4.999996489776549 ], [ 36.474451690475689, 65.917829771657125, 4.999996489776549 ], [ 36.474451690475689, 65.917829771657125, 4.999996489776549 ], [ 36.4425462708532, 65.920340587141254, 4.999996489776549 ], [ 36.411742453645275, 65.927373487080331, 4.999996489776549 ], [ 36.411742453637999, 65.927373487080331, 4.999996489776549 ], [ 36.372837704017002, 65.93272580343546, 4.999996489776549 ], [ 36.336868399888772, 65.94020700504916, 4.999996489776549 ], [ 36.303812110149011, 65.945315291901352, 4.999996489776549 ], [ 36.225422011611954, 65.958719423208095, 4.999996489776549 ], [ 36.209458721790725, 65.960888083194732, 4.999996489776549 ], [ 36.207288165816863, 65.961133209602849, 4.999996489776549 ], [ 36.203302249945409, 65.961807601335749, 4.999996489776549 ], [ 36.101264340777561, 65.977207038911729, 4.999996489776549 ], [ 35.992253501004598, 65.992014961000677, 4.999996489776549 ], [ 35.982413401285157, 65.99312180040215, 4.999996489776549 ], [ 35.870632942638622, 66.005187966911762, 4.999996489776549 ], [ 35.870632942620432, 66.005187966911762, 4.999996489776549 ], [ 35.862718511696585, 66.006009114058543, 4.999996489776549 ], [ 35.759695677770651, 66.015786588573974, 4.999996489776549 ], [ 35.759695677770651, 66.015786588573974, 4.999996489776549 ], [ 35.746344846578722, 66.016953192076471, 4.999996489776549 ], [ 35.745810137948865, 66.016941418220085, 4.999996489776549 ], [ 35.745016633700288, 66.017065166040993, 4.999996489776549 ], [ 35.745016633693012, 66.017065166040993, 4.999996489776549 ], [ 35.631825328320701, 66.026363887827756, 4.999996489776549 ], [ 35.626601151743671, 66.026267006538546, 4.999996489776549 ], [ 35.619293900548655, 66.027421830793173, 4.999996489776549 ], [ 35.528084140474675, 66.033446892906795, 4.999996489776549 ], [ 35.520969102490199, 66.032583127351245, 4.999996489776549 ], [ 35.510526020374527, 66.034229228389449, 4.999996489776549 ], [ 35.510526020374527, 66.034229228389449, 4.999996489776549 ], [ 35.43096290847825, 66.037492110932362, 4.999996489776549 ], [ 35.419028078369593, 66.036342381139548, 4.999996489776549 ], [ 35.403423358595319, 66.038189495138795, 4.999996489776549 ], [ 35.322722599608824, 66.040998003918503, 4.999996489776549 ] ], [ [ 39.371134777902626, 65.911797873708565, 4.999996489776549 ], [ 39.371134777902626, 65.911797873708565, 4.999996489776549 ], [ 39.338657468921156, 65.8980290465297, 4.999996489776549 ], [ 39.338657468921156, 65.898029046540614, 4.999996489776549 ], [ 39.30810442681468, 65.90211598850874, 4.999996489776549 ], [ 39.274367115314817, 65.895838721928158, 4.999996489776549 ], [ 39.244824732268171, 65.895752309766976, 4.999996489776549 ], [ 39.221294865983509, 65.890731349249108, 4.999996489776549 ], [ 39.188613677586545, 65.88822244257608, 4.999996489776549 ], [ 39.150698456138343, 65.883515656965756, 4.999996489776549 ], [ 39.113531473201874, 65.886415250919526, 4.999996489776549 ], [ 39.099644515361433, 65.883075208566879, 4.999996489776549 ], [ 39.081020779791288, 65.885019941972132, 4.999996489776549 ], [ 39.030663363180793, 65.876369162742776, 4.999996489776549 ], [ 38.991079671726766, 65.873138963743259, 4.999996489776549 ], [ 38.97100341944315, 65.855300595721928, 4.999996489776549 ], [ 38.944660794230003, 65.863488790917472, 4.999996489776549 ], [ 38.90449529079342, 65.856490985333949, 4.999996489776549 ], [ 38.877788910122035, 65.851109041417658, 4.999996489776549 ], [ 38.841718360090454, 65.822449760853488, 4.999996489776549 ], [ 38.841718360090454, 65.822449760853488, 4.999996489776549 ], [ 38.777181354307686, 65.823586297145084, 4.999996489776549 ], [ 38.773861874637078, 65.822350132602878, 4.999996489776549 ], [ 38.773861874637078, 65.822350132602878, 4.999996489776549 ], [ 38.771934942258667, 65.822674692106375, 4.999996489776549 ], [ 38.771934942258667, 65.822674692106375, 4.999996489776549 ], [ 38.759971111427149, 65.811342256201897, 4.999996489776549 ], [ 38.759971111427149, 65.811342256187345, 4.999996489776549 ], [ 38.734445696121838, 65.754556167899864, 4.999996489776549 ], [ 38.760757302869024, 65.717254196901195, 4.999996489776549 ], [ 38.776284583385859, 65.71869696142312, 4.999996489776549 ], [ 38.838436571128113, 65.687105758181133, 4.999996489776549 ], [ 38.842645258184348, 65.684044155481388, 4.999996489776549 ], [ 38.845782877673628, 65.686919943196699, 4.999996489776549 ], [ 38.898706701071205, 65.698334050019184, 4.999996489776549 ], [ 38.939475040184334, 65.689951341657434, 4.999996489776549 ], [ 38.988020836728538, 65.6646050406016, 4.999996489776549 ], [ 38.988020836728538, 65.6646050406016, 4.999996489776549 ], [ 39.083885269828897, 65.639032900977327, 4.999996489776549 ], [ 39.083885269843449, 65.639032900966413, 4.999996489776549 ], [ 39.086611773505865, 65.639197932527168, 4.999996489776549 ], [ 39.087442838033894, 65.638298270019732, 4.999996489776549 ], [ 39.150905241367582, 65.640884062897385, 4.999996489776549 ], [ 39.150905241367582, 65.640884062897385, 4.999996489776549 ], [ 39.199906381945766, 65.630772720851382, 4.999996489776549 ], [ 39.2284602254731, 65.614818276018923, 4.999996489776549 ], [ 39.260081541753607, 65.625955538558628, 4.999996489776549 ], [ 39.260081541753607, 65.625955538558628, 4.999996489776549 ], [ 39.287027912323538, 65.624409341486171, 4.999996489776549 ], [ 39.287027912323538, 65.624409341486171, 4.999996489776549 ], [ 39.301437816458929, 65.621123791042919, 4.999996489776549 ], [ 39.352913739967335, 65.621398744304315, 5.070896489776715 ], [ 39.395263978865842, 65.621624953666469, 4.999996489776549 ], [ 39.406679305200669, 65.627163939774618, 4.999996489776549 ], [ 39.426815281847666, 65.632476896145818, 4.999996489776549 ], [ 39.462791405767348, 65.621208844204375, 5.030696489776574 ], [ 39.508255519147497, 65.606969066968304, 5.030696489776574 ], [ 39.514377319446794, 65.605051662969345, 4.999996489776549 ], [ 39.514377319446794, 65.605051662969345, 4.999996489776549 ], [ 39.532813450110552, 65.598637411087111, 4.999996489776549 ], [ 39.532813450139656, 65.598637411072559, 4.999996489776549 ], [ 39.575159463136515, 65.613927898062684, 4.999996489776549 ], [ 39.61973546151421, 65.620849470418761, 4.999996489776549 ], [ 39.636620837969531, 65.643702383284108, 4.999996489776549 ], [ 39.636620837969531, 65.643702383284108, 4.999996489776549 ], [ 39.636780936649302, 65.619786782986921, 4.999996489776549 ], [ 39.693462601695501, 65.636010987498594, 4.999996489776549 ], [ 39.704014114151505, 65.64702195116115, 4.999996489776549 ], [ 39.704014114151505, 65.64702195116115, 4.999996489776549 ], [ 39.770970925754227, 65.682224366075388, 4.999996489776549 ], [ 39.770970925765141, 65.682224366086302, 4.999996489776549 ], [ 39.769501476679579, 65.698474727902067, 4.984496489776575 ], [ 39.766488307319378, 65.731796802600002, 4.928096489776635 ], [ 39.765012867788755, 65.748113411609665, 4.946896489776691 ], [ 39.761861319286254, 65.782965795307973, 4.949296489776543 ], [ 39.759512173917756, 65.808944553173205, 4.999996489776549 ], [ 39.759512173917756, 65.808944553173205, 4.999996489776549 ], [ 39.751547519743326, 65.83483485522811, 4.999996489776549 ], [ 39.751547519732412, 65.83483485522811, 4.999996489776549 ], [ 39.731119158994261, 65.848546697063284, 4.999996489776549 ], [ 39.687221592230344, 65.857707657207357, 4.955196489776654 ], [ 39.667817428016861, 65.86175710203679, 4.921196489776548 ], [ 39.64918700169801, 65.865645075922657, 4.88109648977661 ], [ 39.610340923332842, 65.873751843602804, 4.894796489776581 ], [ 39.551370980596403, 65.886058249965572, 4.982696489776572 ], [ 39.531914886163577, 65.890118532082852, 5.007796489776638 ], [ 39.521027368678915, 65.892390642391547, 5.033796489776705 ], [ 39.459650447854074, 65.905199359738617, 4.986896489776655 ], [ 39.424102080571174, 65.912617929825501, 4.999996489776549 ], [ 39.400003114722495, 65.914436836563254, 4.999996489776549 ], [ 39.371134777902626, 65.911797873708565, 4.999996489776549 ] ], [ [ 37.885583783543552, 65.447351827522652, 4.999996489776549 ], [ 37.891045155891334, 65.408492384893179, 4.999996489776549 ], [ 37.900158773783915, 65.394357989647688, 5.008296489776512 ], [ 37.905768424185226, 65.385657930350135, 4.999996489776549 ], [ 37.923211079287285, 65.379019901785796, 4.999996489776549 ], [ 37.923211079301836, 65.37901990177852, 4.999996489776549 ], [ 38.006626687645621, 65.357263293120923, 4.999996489776549 ], [ 38.014983451997978, 65.357370044894196, 4.999996489776549 ], [ 38.096175538972602, 65.316608938708669, 4.999996489776549 ], [ 38.115151526857517, 65.306833842540073, 4.999996489776549 ], [ 38.13488302438418, 65.300946304942045, 4.999996489776549 ], [ 38.199789207606955, 65.297760132729309, 4.999996489776549 ], [ 38.204384336095245, 65.297919255324814, 4.999996489776549 ], [ 38.281847462356382, 65.257009205684881, 4.999996489776549 ], [ 38.290637931651872, 65.254433978971065, 4.999996489776549 ], [ 38.300550458054204, 65.248004534809297, 4.999996489776549 ], [ 38.300550458054204, 65.248004534798383, 4.999996489776549 ], [ 38.364866545634868, 65.219196913505584, 4.999996489776549 ], [ 38.384762111279997, 65.214232404228824, 4.999996489776549 ], [ 38.458873402531026, 65.184566396874288, 4.999996489776549 ], [ 38.472184946316702, 65.182703881444468, 4.999996489776549 ], [ 38.493174515329883, 65.173373905734479, 4.999996489776549 ], [ 38.493174515329883, 65.173373905727203, 4.999996489776549 ], [ 38.520326423080405, 65.16953674989054, 4.999996489776549 ], [ 38.54559002494716, 65.162844350601517, 4.999996489776549 ], [ 38.54559002494716, 65.162844350594241, 4.999996489776549 ], [ 38.556036886795482, 65.153632804609515, 4.999996489776549 ], [ 38.590215620297386, 65.147949351263378, 4.999996489776549 ], [ 38.622978697538201, 65.139942488814995, 4.999996489776549 ], [ 38.695544846916164, 65.118890520509012, 4.999996489776549 ], [ 38.73930810420643, 65.109901958134287, 4.999996489776549 ], [ 38.751464392000344, 65.10987134066454, 4.999996489776549 ], [ 38.75677890103907, 65.105377326293819, 4.999996489776549 ], [ 38.799595615811995, 65.090288466999482, 4.999996489776549 ], [ 38.852308446501411, 65.078882186808187, 4.999996489776549 ], [ 38.863051532633108, 65.076570584402361, 4.999996489776549 ], [ 38.908103290559666, 65.073147644161509, 4.999996489776549 ], [ 38.95848431783088, 65.059124507435627, 4.999996489776549 ], [ 38.981981871609605, 65.050724633834761, 4.999996489776549 ], [ 38.981981871609605, 65.050724633827485, 4.999996489776549 ], [ 39.021098800367326, 65.046915919865569, 4.999996489776549 ], [ 39.021098800367326, 65.046915919865569, 4.999996489776549 ], [ 39.070112347362738, 65.065464682011225, 4.999996489776549 ], [ 39.092048773840361, 65.077734164409776, 4.999996489776549 ], [ 39.125954289531364, 65.069451868374017, 4.999996489776549 ], [ 39.156092117540538, 65.094793625346938, 5.036996489776584 ], [ 39.164340424489637, 65.101729313959368, 5.038396489776687 ], [ 39.215224416613637, 65.144515733794833, 5.044096489776621 ], [ 39.225445886771922, 65.153110580529756, 5.038396489776687 ], [ 39.271758466751635, 65.192053073216812, 4.999996489776549 ], [ 39.285837437018927, 65.216275712355127, 4.999996489776549 ], [ 39.303004979570687, 65.264959892490879, 5.011796489776543 ], [ 39.308531794806186, 65.280632984176918, 4.999996489776549 ], [ 39.300810445078241, 65.284206065040053, 4.999996489776549 ], [ 39.258670855280798, 65.328458617994329, 4.999996489776549 ], [ 39.225965669251309, 65.359527177763084, 4.999996489776549 ], [ 39.217704918250092, 65.364229277711274, 4.999996489776549 ], [ 39.196321784955217, 65.375934092757234, 4.999996489776549 ], [ 39.196321784940665, 65.37593409276451, 4.999996489776549 ], [ 39.139937321207981, 65.394245495990617, 4.999996489776549 ], [ 39.121002636260528, 65.401205268284684, 4.999996489776549 ], [ 39.052965538408898, 65.427165149780194, 4.999996489776549 ], [ 39.01161829519333, 65.43930675863885, 4.999996489776549 ], [ 38.953168757016101, 65.450670723272196, 4.999996489776549 ], [ 38.905997849880805, 65.459358845277166, 4.999996489776549 ], [ 38.852976993821358, 65.46888343111641, 4.999996489776549 ], [ 38.852976993810444, 65.46888343111641, 4.999996489776549 ], [ 38.797364059399115, 65.478284360589896, 4.999996489776549 ], [ 38.797364059399115, 65.478284360589896, 4.999996489776549 ], [ 38.71111099970949, 65.48658465538756, 4.999996489776549 ], [ 38.711110999680386, 65.48658465538756, 4.999996489776549 ], [ 38.686693002317043, 65.489697718454408, 4.999996489776549 ], [ 38.644786187869613, 65.494236174537946, 4.999996489776549 ], [ 38.644786187869613, 65.494236174537946, 4.999996489776549 ], [ 38.56554843894628, 65.502363390987739, 4.999996489776549 ], [ 38.545377907852526, 65.503280871103925, 4.999996489776549 ], [ 38.516381127123168, 65.502876989095967, 4.999996489776549 ], [ 38.449212978051946, 65.504130757002713, 4.999996489776549 ], [ 38.449212978051946, 65.504130757002713, 4.999996489776549 ], [ 38.415500225040887, 65.509465759951127, 4.999996489776549 ], [ 38.415500225040887, 65.509465759951127, 4.999996489776549 ], [ 38.39664658042966, 65.509710894806631, 4.999996489776549 ], [ 38.372748380254052, 65.509222018874425, 4.999996489776549 ], [ 38.372748380228586, 65.509222018874425, 4.999996489776549 ], [ 38.296307032906043, 65.504364679716673, 4.999996489776549 ], [ 38.266586966456089, 65.517668201788183, 4.999996489776549 ], [ 38.266586966456089, 65.517668201773631, 4.999996489776549 ], [ 38.238017654090072, 65.519427629955317, 4.999996489776549 ], [ 38.23801765407552, 65.519427629955317, 4.999996489776549 ], [ 38.166102362582023, 65.514152400362946, 4.999996489776549 ], [ 38.14417279015106, 65.520164272365946, 4.999996489776549 ], [ 38.092419929311291, 65.501969995144464, 4.999996489776549 ], [ 38.092419929296739, 65.501969995129912, 4.999996489776549 ], [ 38.039025100621075, 65.496471010057576, 4.999996489776549 ], [ 38.039025100621075, 65.496471010057576, 4.999996489776549 ], [ 37.986393050661718, 65.473921155979042, 4.999996489776549 ], [ 37.938209080424713, 65.459301341365062, 4.999996489776549 ], [ 37.938209080424713, 65.459301341365062, 4.999996489776549 ], [ 37.885583783543552, 65.447351827522652, 4.999996489776549 ] ] ] ] } },
{ "type": "Feature", "properties": { "gid": 53, "objectid": 53.0, "shape_leng": 2.23584671386, "shape_area": 0.025710028750099999, "z_mean": 0.52988262907799999 }, "geometry": { "type": "MultiPolygon", "coordinates": [ [ [ [ 36.273273876380699, 66.308178488405247, 0.999996489776549 ], [ 36.436344149275101, 66.297606492131308, 0.999996489776549 ], [ 36.436344149340584, 66.297606492116756, 0.999996489776549 ], [ 36.391870849045517, 66.301888571102609, 0.999996489776549 ], [ 36.431754308418022, 66.301009366805374, 0.529696489776597 ], [ 36.560137734133605, 66.298179239678575, 0.312496489776549 ], [ 36.643299412218767, 66.29634599587007, -0.000003510223451 ], [ 36.73142881426611, 66.294403241889086, -0.000003510223451 ], [ 36.769921874998545, 66.293554687999858, -0.000003510223451 ], [ 36.933812119714275, 66.277457655993203, -0.000003510223451 ], [ 36.983691405999707, 66.272558594006114, -0.000003510223451 ], [ 37.033773426541302, 66.264911103859049, -0.000003510223451 ], [ 37.12468076897494, 66.251029615068546, -0.000003510223451 ], [ 37.155675912003062, 66.246296678004001, 0.186096489776673 ], [ 37.229037675129803, 66.235094387637218, 0.626596489776603 ], [ 37.294824218995927, 66.225048828004219, 0.85959648977655 ], [ 37.322827227759262, 66.21703097768841, 0.999996489776549 ], [ 37.290284837112267, 66.211534587109782, 0.999996489776549 ], [ 37.290284837101353, 66.211534587109782, 0.999996489776549 ], [ 37.215780547619943, 66.22188313325023, 0.999996489776549 ], [ 37.215780547619943, 66.22188313325023, 0.999996489776549 ], [ 37.20134654749927, 66.219612859033077, 0.999996489776549 ], [ 37.189343625086622, 66.226930100339814, 0.999996489776549 ], [ 37.10275454452858, 66.23391990005257, 0.999996489776549 ], [ 37.069553359044221, 66.23641753046104, 0.999996489776549 ], [ 36.996185000247351, 66.244064181679278, 0.999996489776549 ], [ 36.977951573149767, 66.235106555275706, 0.999996489776549 ], [ 36.959833342916681, 66.247688372732227, 0.999996489776549 ], [ 36.887115555535274, 66.255530752194318, 0.999996489776549 ], [ 36.866862621547625, 66.245927945092262, 0.999996489776549 ], [ 36.789024404741212, 66.249207862718322, 0.999996489776549 ], [ 36.772394656192773, 66.262114681725507, 0.999996489776549 ], [ 36.6892848012576, 66.269460232822894, 0.999996489776549 ], [ 36.6892848012576, 66.269460232822894, 0.999996489776549 ], [ 36.673163765226491, 66.261317639422487, 0.999996489776549 ], [ 36.659013429336483, 66.269681570367538, 0.999996489776549 ], [ 36.582854344938823, 66.262946572867804, 0.999996489776549 ], [ 36.563346431012178, 66.252511016336939, 0.999996489776549 ], [ 36.544718754805217, 66.264173268547893, 0.999996489776549 ], [ 36.449314159253845, 66.283608916786761, 0.999996489776549 ], [ 36.449314159239293, 66.283608916786761, 0.999996489776549 ], [ 36.446662143884168, 66.282341445163183, 0.999996489776549 ], [ 36.44432967402463, 66.284048382713081, 0.999996489776549 ], [ 36.362567970027158, 66.28399912329769, 0.999996489776549 ], [ 36.343116845269833, 66.274838292836648, 0.999996489776549 ], [ 36.327650470386288, 66.287948839668388, 0.999996489776549 ], [ 36.273273876413441, 66.308178488390695, 0.999996489776549 ], [ 36.273273876380699, 66.308178488405247, 0.999996489776549 ] ] ] ] } },
{ "type": "Feature", "properties": { "gid": 54, "objectid": 54.0, "shape_leng": 0.658429954107, "shape_area": 0.010030977270399999, "z_mean": 0.48908551335400002 }, "geometry": { "type": "MultiPolygon", "coordinates": [ [ [ [ 33.638163144030841, 66.342028333092458, 0.999996489776549 ], [ 33.670335522085225, 66.302821278230113, 0.999996489776549 ], [ 33.634980072412873, 66.309021603465226, -0.000003510223451 ], [ 33.602618048174918, 66.314696968285716, -0.000003510223451 ], [ 33.566699219001748, 66.320996094011207, -0.000003510223451 ], [ 33.415820313002769, 66.31562500000291, -0.000003510223451 ], [ 33.36054687500291, 66.329541015998984, -0.000003510223451 ], [ 33.476953125002183, 66.346874999999272, -0.000003510223451 ], [ 33.554021602056309, 66.371852693097026, -0.000003510223451 ], [ 33.558332743679784, 66.37324992289723, -0.000003510223451 ], [ 33.576468234401545, 66.37912758829043, 0.999996489776549 ], [ 33.600496310718881, 66.367921174405637, 0.999996489776549 ], [ 33.638163144030841, 66.342028333092458, 0.999996489776549 ] ] ] ] } },
{ "type": "Feature", "properties": { "gid": 55, "objectid": 55.0, "shape_leng": 0.0072128957063200003, "shape_area": 1.74884810428e-06, "z_mean": 0.97412148977699997 }, "geometry": { "type": "MultiPolygon", "coordinates": [ [ [ [ 33.622426023448497, 66.409826117964258, 0.999996489776549 ], [ 33.622426023463049, 66.409826117964258, 0.999996489776549 ], [ 33.619410518374934, 66.408784426992497, 0.999996489776549 ], [ 33.620618869786995, 66.409903375457361, 0.937896489776676 ], [ 33.621408397852065, 66.410634488282085, 0.999996489776549 ], [ 33.622426023448497, 66.409826117964258, 0.999996489776549 ] ] ] ] } },
{ "type": "Feature", "properties": { "gid": 56, "objectid": 56.0, "shape_leng": 0.506903852637, "shape_area": 0.00274206411852, "z_mean": 1.5231954109300001 }, "geometry": { "type": "MultiPolygon", "coordinates": [ [ [ [ 33.701305782702548, 66.301964989041153, 1.999996489776549 ], [ 33.728147835623531, 66.29268266737563, 1.999996489776549 ], [ 33.705286142983823, 66.296691948293301, 1.988596489776683 ], [ 33.670335522085225, 66.302821278230113, 0.999996489776549 ], [ 33.638163144030841, 66.342028333092458, 0.999996489776549 ], [ 33.600496310718881, 66.367921174405637, 0.999996489776549 ], [ 33.576468234401545, 66.37912758829043, 0.999996489776549 ], [ 33.593261719004659, 66.384570313006407, 1.925996489776708 ], [ 33.593794377480663, 66.385063561392599, 1.97769648977669 ], [ 33.60248004017194, 66.393106593252014, 1.870196489776617 ], [ 33.619410518374934, 66.408784426992497, 0.999996489776549 ], [ 33.622426023430307, 66.409826117964258, 0.999996489776549 ], [ 33.622426023448497, 66.409826117964258, 0.999996489776549 ], [ 33.621408397852065, 66.410634488282085, 0.999996489776549 ], [ 33.633463599770039, 66.421797755458101, 1.948396489776542 ], [ 33.634465851930145, 66.422725853444717, 1.999996489776549 ], [ 33.638127517260727, 66.419222436208656, 1.999996489776549 ], [ 33.651522046897298, 66.408582235919312, 1.999996489776549 ], [ 33.651522046908212, 66.408582235919312, 1.999996489776549 ], [ 33.603114900502987, 66.391860232131876, 1.999996489776549 ], [ 33.594296148341527, 66.38514870391009, 1.999996489776549 ], [ 33.603872621439223, 66.380682348819391, 1.999996489776549 ], [ 33.679206288063142, 66.328896666193032, 1.999996489776549 ], [ 33.679206288063142, 66.328896666193032, 1.999996489776549 ], [ 33.701305782629788, 66.301964989132102, 1.999996489776549 ], [ 33.701305782702548, 66.301964989041153, 1.999996489776549 ] ] ] ] } },
{ "type": "Feature", "properties": { "gid": 57, "objectid": 57.0, "shape_leng": 2.1149319650099998, "shape_area": 0.0121272974881, "z_mean": 0.56487417333500001 }, "geometry": { "type": "MultiPolygon", "coordinates": [ [ [ [ 35.363964844003931, 66.428662109003199, 0.265296489776574 ], [ 35.383230722734879, 66.424427642541559, -0.000003510223451 ], [ 35.442514795067837, 66.411397537875018, -0.000003510223451 ], [ 35.513476562999131, 66.395800781003345, -0.000003510223451 ], [ 35.545082000389812, 66.39236423703187, -0.000003510223451 ], [ 35.655817001614196, 66.380323723373294, 0.935596489776572 ], [ 35.897809408736066, 66.354011239949614, 0.086496489776664 ], [ 35.909421280510287, 66.352748650002468, 0.05969648977657 ], [ 35.915086981323839, 66.352132603151404, 0.032696489776527 ], [ 35.915518311332562, 66.352085703481862, 0.017296489776527 ], [ 35.916121909518552, 66.352020072627056, 0.032396489776602 ], [ 35.922834304223215, 66.351290215963672, -0.000003510223451 ], [ 36.032368836087699, 66.339380232548137, 0.431696489776641 ], [ 36.125427373423008, 66.329261728213169, 0.785996489776608 ], [ 36.148011466633761, 66.326806099186797, 0.771596489776584 ], [ 36.263504612612451, 66.314248219681758, 0.999996489776549 ], [ 36.156271422332793, 66.324573088459147, 0.999996489776549 ], [ 36.156271422223654, 66.324573088473699, 0.999996489776549 ], [ 36.134036002928042, 66.32419212304012, 0.999996489776549 ], [ 36.128241038109991, 66.321863170538563, 0.999996489776549 ], [ 36.048395567726402, 66.308942967469193, 0.999996489776549 ], [ 36.048395567726402, 66.308942967469193, 0.999996489776549 ], [ 36.015536124250502, 66.313028039683559, 0.999996489776549 ], [ 36.003775702723942, 66.32584475596741, 0.999996489776549 ], [ 35.930799985431804, 66.337997921476926, 0.999996489776549 ], [ 35.909163032698416, 66.329080531439104, 0.999996489776549 ], [ 35.899043114797678, 66.341573063149553, 0.999996489776549 ], [ 35.811679111444391, 66.356820505916403, 0.999996489776549 ], [ 35.811679111389822, 66.356820505916403, 0.999996489776549 ], [ 35.709571747993323, 66.370079991287639, 0.999996489776549 ], [ 35.70957174780051, 66.370079991316743, 0.999996489776549 ], [ 35.679171876854525, 66.375240146957367, 0.999996489776549 ], [ 35.679171876796318, 66.375240146971919, 0.999996489776549 ], [ 35.693016840272321, 66.371496345476771, 0.999996489776549 ], [ 35.693016840305063, 66.371496345476771, 0.999996489776549 ], [ 35.601540470674081, 66.367898397893441, 0.999996489776549 ], [ 35.601540470666805, 66.367898397893441, 0.999996489776549 ], [ 35.577492657983385, 66.359491977047583, 0.999996489776549 ], [ 35.577492657976109, 66.359491977047583, 0.999996489776549 ], [ 35.569989735438867, 66.371767834058119, 0.999996489776549 ], [ 35.495770559093216, 66.383521582469257, 0.999996489776549 ], [ 35.471410421396286, 66.375920620033867, 0.999996489776549 ], [ 35.46556247891931, 66.389066859512241, 0.999996489776549 ], [ 35.399044358393439, 66.406027035274747, 0.999996489776549 ], [ 35.374411844724818, 66.399408851684711, 0.999996489776549 ], [ 35.374411844717542, 66.399408851673797, 0.999996489776549 ], [ 35.370517163159093, 66.413705180715624, 0.999996489776549 ], [ 35.318403378976654, 66.436918680148665, 0.999996489776549 ], [ 35.289747553109919, 66.444620089387172, 0.999996489776549 ], [ 35.258946024408942, 66.464191289753217, 0.999996489776549 ], [ 35.302847403167107, 66.449338903996249, 0.507896489776613 ], [ 35.317526824099332, 66.444372672209283, 0.568896489776535 ], [ 35.363964844003931, 66.428662109003199, 0.265296489776574 ] ] ] ] } },
{ "type": "Feature", "properties": { "gid": 58, "objectid": 58.0, "shape_leng": 2.5020177551699998, "shape_area": 0.026531808756599998, "z_mean": 0.53455128784799999 }, "geometry": { "type": "MultiPolygon", "coordinates": [ [ [ [ 39.990185000031488, 66.244614761217235, 0.999996489776549 ], [ 39.98615660111318, 66.237582573336113, 0.999996489776549 ], [ 39.967070708516985, 66.241447770069499, 0.999996489776549 ], [ 39.887873904437583, 66.227000302733359, 0.999996489776549 ], [ 39.887873904437583, 66.227000302733359, 0.999996489776549 ], [ 39.882679171718337, 66.216289462594432, 0.999996489776549 ], [ 39.859934021853405, 66.220229786365962, 0.999996489776549 ], [ 39.791006343479239, 66.203340169588046, 0.999996489776549 ], [ 39.781798421965505, 66.193574899269152, 0.999996489776549 ], [ 39.781798421965505, 66.193574899269152, 0.999996489776549 ], [ 39.75839579888634, 66.19963432491204, 0.999996489776549 ], [ 39.684340385359974, 66.19156259907686, 0.999996489776549 ], [ 39.684340385359974, 66.19156259907686, 0.999996489776549 ], [ 39.673161267641262, 66.182666623684781, 0.999996489776549 ], [ 39.651240060098644, 66.186860376808909, 0.999996489776549 ], [ 39.57715262460988, 66.177865218814986, 0.999996489776549 ], [ 39.577152624595328, 66.177865218814986, 0.999996489776549 ], [ 39.563465198662016, 66.168129419118486, 0.999996489776549 ], [ 39.540311006781849, 66.175509536911704, 0.999996489776549 ], [ 39.465825056213362, 66.16776726964963, 0.999996489776549 ], [ 39.456100672818138, 66.155293096697278, 0.999996489776549 ], [ 39.456100672803586, 66.155293096686364, 0.999996489776549 ], [ 39.433158797786746, 66.16174743902593, 0.999996489776549 ], [ 39.457751900201401, 66.166819139627478, 0.524096489776639 ], [ 39.465481049497612, 66.168413079682068, 0.944996489776713 ], [ 39.561795822515705, 66.18827554697782, 0.150096489776615 ], [ 39.565447587989183, 66.189028630527901, 0.066996489776557 ], [ 39.566720963943226, 66.189291231876268, 0.097796489776556 ], [ 39.579919523122953, 66.192013098338066, 0.018196489776528 ], [ 39.947602941221703, 66.267838432646386, 0.056296489776514 ], [ 40.061313739304751, 66.291288386750239, 0.032896489776704 ], [ 40.103320312999131, 66.29995117200815, 0.004296489776607 ], [ 40.120130363229691, 66.305846267834568, -0.000003510223451 ], [ 40.137459168570786, 66.311923285240482, 0.084296489776534 ], [ 40.139988722137787, 66.312810371266096, 0.081096489776655 ], [ 40.218282412872213, 66.340267089297413, 0.178896489776662 ], [ 40.224534988672531, 66.342459797400807, 0.191896489776582 ], [ 40.299302085008094, 66.368679778377555, 0.682996489776542 ], [ 40.309756212205684, 66.372345923380635, 0.648296489776612 ], [ 40.331303094473697, 66.379902173001028, 0.410596489776708 ], [ 40.459334339142515, 66.424801292574557, 0.239496489776684 ], [ 40.519073828287219, 66.445751260489487, -0.000003510223451 ], [ 40.521582031004073, 66.446630859009019, 0.015096489776624 ], [ 40.567532752265834, 66.472604800004774, 0.179296489776561 ], [ 40.591109273787879, 66.485931580569741, 0.523196489776637 ], [ 40.60387593500127, 66.493148018002103, 0.616296489776687 ], [ 40.610059208189341, 66.481632321134384, 0.999996489776549 ], [ 40.601872682527755, 66.474357771607174, 0.999996489776549 ], [ 40.601872682527755, 66.474357771607174, 0.999996489776549 ], [ 40.583067636136548, 66.448585495309089, 0.999996489776549 ], [ 40.583067636147462, 66.448585495309089, 0.999996489776549 ], [ 40.562240157516499, 66.438423962379602, 0.999996489776549 ], [ 40.562240157516499, 66.438423962379602, 0.999996489776549 ], [ 40.52009749042918, 66.412690298595408, 0.999996489776549 ], [ 40.487444298571063, 66.400762401273823, 0.999996489776549 ], [ 40.42679993006459, 66.384793219574931, 0.999996489776549 ], [ 40.42679993006459, 66.384793219574931, 0.999996489776549 ], [ 40.398251760059793, 66.377161779721064, 0.999996489776549 ], [ 40.398251760059793, 66.377161779721064, 0.999996489776549 ], [ 40.323188302099879, 66.367188378670107, 0.999996489776549 ], [ 40.296334526108694, 66.359986455860053, 0.999996489776549 ], [ 40.243594235344062, 66.333613746650371, 0.999996489776549 ], [ 40.210351471814647, 66.320559358700848, 0.999996489776549 ], [ 40.158438229966123, 66.301033876068686, 0.999996489776549 ], [ 40.127670551340998, 66.290987211606989, 0.999996489776549 ], [ 40.078421777106996, 66.269364509873412, 0.999996489776549 ], [ 40.078421777106996, 66.26936450985886, 0.999996489776549 ], [ 40.051115124635544, 66.260804786132212, 0.999996489776549 ], [ 39.990185000031488, 66.244614761217235, 0.999996489776549 ] ] ] ] } },
{ "type": "Feature", "properties": { "gid": 59, "objectid": 59.0, "shape_leng": 0.27910010450200001, "shape_area": 0.0015479965668399999, "z_mean": 0.61392519287900005 }, "geometry": { "type": "MultiPolygon", "coordinates": [ [ [ [ 34.686783816909156, 66.561750647346344, 0.999996489776549 ], [ 34.624446718738909, 66.553821818713914, 0.999996489776549 ], [ 34.624446718713443, 66.553821818699362, 0.999996489776549 ], [ 34.601548031696439, 66.558986349806219, 0.999996489776549 ], [ 34.610253906001162, 66.559619141000439, 0.932596489776643 ], [ 34.675060852081515, 66.575193475448032, 0.148796489776714 ], [ 34.684168902174861, 66.577382312098052, 0.09009648977667 ], [ 34.687510782223399, 66.578185429058067, 0.092196489776597 ], [ 34.732803381702979, 66.58907009705581, 0.999996489776549 ], [ 34.722977158093272, 66.570851680040505, 0.999996489776549 ], [ 34.722977158093272, 66.570851680040505, 0.999996489776549 ], [ 34.686783816909156, 66.561750647346344, 0.999996489776549 ] ] ] ] } },
{ "type": "Feature", "properties": { "gid": 60, "objectid": 60.0, "shape_leng": 35.426652347400001, "shape_area": 1.4871576100299999, "z_mean": 3.4889120831399998 }, "geometry": { "type": "MultiPolygon", "coordinates": [ [ [ [ 33.861809380658087, 66.590792270406382, 2.999996489776549 ], [ 33.870798229345382, 66.587253005945968, 2.999996489776549 ], [ 33.877623900716571, 66.589215492989752, 2.999996489776549 ], [ 33.896662998628017, 66.582108637605415, 2.999996489776549 ], [ 33.896662998635293, 66.582108637616329, 2.999996489776549 ], [ 33.95917244080556, 66.584156902521499, 2.999996489776549 ], [ 33.972776191090816, 66.580458332995477, 2.999996489776549 ], [ 33.979087716845243, 66.578560088059021, 2.999996489776549 ], [ 34.085433303964237, 66.564895616163994, 2.999996489776549 ], [ 34.092220940998232, 66.561840695194405, 2.999996489776549 ], [ 34.173172006423556, 66.541409149842366, 2.999996489776549 ], [ 34.201370832179236, 66.552141033258522, 2.999996489776549 ], [ 34.201370832175598, 66.55214103324397, 2.999996489776549 ], [ 34.216813090752112, 66.549113027474959, 2.999996489776549 ], [ 34.230678581952816, 66.551697312570468, 2.999996489776549 ], [ 34.279517572726036, 66.537795442560309, 2.999996489776549 ], [ 34.293655657791533, 66.537251870955515, 2.999996489776549 ], [ 34.34494490875295, 66.52367982236683, 2.999996489776549 ], [ 34.38290744288679, 66.535299858758663, 2.999996489776549 ], [ 34.39412070196704, 66.531283243133657, 2.999996489776549 ], [ 34.394120701974316, 66.531283243133657, 2.999996489776549 ], [ 34.395253690061509, 66.5303729537045, 2.999996489776549 ], [ 34.397070599305152, 66.52974705806264, 2.999996489776549 ], [ 34.397070599316066, 66.52974705806264, 2.999996489776549 ], [ 34.512231660384714, 66.415889873846027, 2.999996489776549 ], [ 34.512231660384714, 66.415889873846027, 2.999996489776549 ], [ 34.541161409026245, 66.444663649963331, 2.999996489776549 ], [ 34.563332550824271, 66.476071430024604, 2.999996489776549 ], [ 34.588567732313095, 66.510700704657211, 2.999996489776549 ], [ 34.588567732313095, 66.510700704657211, 2.999996489776549 ], [ 34.593033664838003, 66.512052382073307, 2.999996489776549 ], [ 34.672248579481675, 66.4906336235872, 2.999996489776549 ], [ 34.685693782928865, 66.508677765199536, 2.999996489776549 ], [ 34.72306275855226, 66.502216931035946, 2.999996489776549 ], [ 34.77357661172573, 66.4970936194768, 2.999996489776549 ], [ 34.848517954844283, 66.48410737319864, 2.999996489776549 ], [ 34.867899512013537, 66.481406896342378, 2.999996489776549 ], [ 34.913615422505245, 66.475962629392598, 2.999996489776549 ], [ 34.913615422545263, 66.475962629381684, 2.999996489776549 ], [ 34.959909069126297, 66.474298078694119, 2.999996489776549 ], [ 35.009604541257431, 66.472311004246876, 2.999996489776549 ], [ 35.009604541271983, 66.472311004246876, 2.999996489776549 ], [ 35.05048965154856, 66.469978613953572, 2.999996489776549 ], [ 35.106644089126348, 66.462087633710325, 2.999996489776549 ], [ 35.106644089166366, 66.462087633695774, 2.999996489776549 ], [ 35.139224048372853, 66.451559213157452, 2.999996489776549 ], [ 35.141054557374446, 66.451539069224964, 2.999996489776549 ], [ 35.233108403637743, 66.427596968202124, 2.999996489776549 ], [ 35.236502659325197, 66.425440268161765, 2.999996489776549 ], [ 35.322470136921766, 66.40233604043533, 2.999996489776549 ], [ 35.329071489475609, 66.399395542124694, 2.999996489776549 ], [ 35.329071489482885, 66.399395542124694, 2.999996489776549 ], [ 35.340755534158234, 66.356506555013766, 2.999996489776549 ], [ 35.340755534172786, 66.35650655502468, 2.999996489776549 ], [ 35.414653075175011, 66.376361105816613, 2.999996489776549 ], [ 35.426107436760503, 66.373440578536247, 2.999996489776549 ], [ 35.426107436775055, 66.373440578536247, 2.999996489776549 ], [ 35.443651264173241, 66.334001860104763, 2.999996489776549 ], [ 35.516731677282223, 66.356804747396382, 2.999996489776549 ], [ 35.531389206316817, 66.354483502174844, 2.999996489776549 ], [ 35.553897973943094, 66.317655931146874, 2.999996489776549 ], [ 35.626041412011546, 66.342875193666259, 2.999996489776549 ], [ 35.646453423352796, 66.343678037461359, 2.999996489776549 ], [ 35.646453423367348, 66.343678037461359, 2.999996489776549 ], [ 35.670114699722035, 66.310934236309549, 2.999996489776549 ], [ 35.7584482802813, 66.301870566738216, 2.999996489776549 ], [ 35.758448280288576, 66.301870566738216, 2.999996489776549 ], [ 35.783593054991798, 66.298676599199098, 2.999996489776549 ], [ 35.846742213947437, 66.323077404438664, 2.999996489776549 ], [ 35.865869344379462, 66.319739189442771, 2.999996489776549 ], [ 35.896229098085314, 66.282261594329611, 2.999996489776549 ], [ 35.961139956281841, 66.309013764435804, 2.999996489776549 ], [ 35.961139956289117, 66.309013764435804, 2.999996489776549 ], [ 35.974227108170453, 66.306834267892555, 2.999996489776549 ], [ 35.974227108170453, 66.306834267892555, 2.999996489776549 ], [ 36.009508372731943, 66.268384119030088, 2.999996489776549 ], [ 36.108086703163281, 66.256128902397904, 2.999996489776549 ], [ 36.123720610848977, 66.25865870479538, 2.999996489776549 ], [ 36.184208271264652, 66.282968237719615, 2.999996489776549 ], [ 36.184208271271928, 66.282968237719615, 2.999996489776549 ], [ 36.197729596537101, 66.283199902216438, 2.999996489776549 ], [ 36.235901060343167, 66.249378418509878, 2.999996489776549 ], [ 36.294515549587231, 66.268250915141834, 2.999996489776549 ], [ 36.303451411127753, 66.264926518979337, 2.999996489776549 ], [ 36.349850535807491, 66.225594878505945, 2.999996489776549 ], [ 36.408203910072189, 66.25307736988907, 2.999996489776549 ], [ 36.408203910079465, 66.25307736988907, 2.999996489776549 ], [ 36.415208643767983, 66.253081591756199, 2.999996489776549 ], [ 36.464699830845348, 66.216863175024628, 2.999996489776549 ], [ 36.52097124964348, 66.243756845124153, 2.999996489776549 ], [ 36.520971249647118, 66.243756845124153, 2.999996489776549 ], [ 36.527436264401331, 66.242439805635513, 2.999996489776549 ], [ 36.58331929302949, 66.20745304900629, 2.999996489776549 ], [ 36.641843034809426, 66.238759718609799, 2.999996489776549 ], [ 36.641843034816702, 66.238759718609799, 2.999996489776549 ], [ 36.64492400958261, 66.239032177621993, 2.999996489776549 ], [ 36.701434279319074, 66.205630285476218, 2.999996489776549 ], [ 36.765814665857761, 66.238148252014071, 2.999996489776549 ], [ 36.765814665865037, 66.238148252014071, 2.999996489776549 ], [ 36.768803968574503, 66.237884045152896, 2.999996489776549 ], [ 36.818693214223458, 66.199163588160445, 2.999996489776549 ], [ 36.818693214230734, 66.199163588145893, 2.999996489776549 ], [ 36.831027864631324, 66.198643835265102, 2.999996489776549 ], [ 36.891786666594271, 66.227452256567631, 2.999996489776549 ], [ 36.894820028741378, 66.227125118213735, 2.999996489776549 ], [ 36.949174719436996, 66.189379665825982, 2.999996489776549 ], [ 37.003875000737025, 66.216252545054886, 2.999996489776549 ], [ 37.008480077129207, 66.215772591385758, 2.999996489776549 ], [ 37.008480077143759, 66.215772591385758, 2.999996489776549 ], [ 37.108083633578644, 66.208279700127605, 2.999996489776549 ], [ 37.112352745101816, 66.207935081220057, 2.999996489776549 ], [ 37.112352745116368, 66.207935081220057, 2.999996489776549 ], [ 37.1893135759492, 66.161018092941958, 2.999996489776549 ], [ 37.281862090523646, 66.17557473044144, 2.999996489776549 ], [ 37.281862090523646, 66.17557473044144, 2.999996489776549 ], [ 37.299373122190445, 66.173142471558094, 2.999996489776549 ], [ 37.316522098237328, 66.167935800600389, 2.999996489776549 ], [ 37.396392051854491, 66.14946778693411, 2.999996489776549 ], [ 37.396392051854491, 66.14946778693411, 2.999996489776549 ], [ 37.412363580195233, 66.142922643604834, 2.999996489776549 ], [ 37.490248512636754, 66.122453604191833, 2.999996489776549 ], [ 37.508602269477706, 66.117017658085388, 2.999996489776549 ], [ 37.508602269477706, 66.117017658085388, 2.999996489776549 ], [ 37.587385803100915, 66.098449907818576, 2.999996489776549 ], [ 37.587385803100915, 66.098449907807662, 2.999996489776549 ], [ 37.607972509009414, 66.093838468659669, 2.999996489776549 ], [ 37.607972509009414, 66.093838468659669, 2.999996489776549 ], [ 37.618745447762194, 66.062300206562213, 2.999996489776549 ], [ 37.691488182717876, 66.080896922852844, 2.999996489776549 ], [ 37.736665345015354, 66.085288299243985, 2.999996489776549 ], [ 37.736665345029905, 66.085288299243985, 2.999996489776549 ], [ 37.747180427777494, 66.066153863150248, 2.999996489776549 ], [ 37.794498739171104, 66.078740491881035, 2.999996489776549 ], [ 37.794498739185656, 66.078740491881035, 2.999996489776549 ], [ 37.82814195616811, 66.067136283912987, 2.999996489776549 ], [ 37.845307757135743, 66.039735729515087, 2.999996489776549 ], [ 37.845307757135743, 66.039735729500535, 2.999996489776549 ], [ 37.910171476007235, 66.060685909178574, 2.999996489776549 ], [ 37.94339786286946, 66.059531746304856, 2.999996489776549 ], [ 37.94339786286946, 66.059531746304856, 2.999996489776549 ], [ 37.962250466865953, 66.035110054643155, 2.999996489776549 ], [ 37.962250466865953, 66.035110054632241, 2.999996489776549 ], [ 38.034060473324644, 66.031033928160468, 2.999996489776549 ], [ 38.075396423733764, 66.026869959296164, 2.999996489776549 ], [ 38.133697187618964, 66.04588246759522, 2.999996489776549 ], [ 38.133697187618964, 66.04588246759522, 2.999996489776549 ], [ 38.164610711661226, 66.043700878697564, 2.999996489776549 ], [ 38.164610711675778, 66.043700878697564, 2.999996489776549 ], [ 38.189649332867702, 66.0205285655029, 2.999996489776549 ], [ 38.189649332867702, 66.020528565488348, 2.999996489776549 ], [ 38.242000158770679, 66.036928597131919, 2.999996489776549 ], [ 38.286652436370787, 66.039557407570101, 2.999996489776549 ], [ 38.307606389884313, 66.026511343421589, 2.999996489776549 ], [ 38.307606389884313, 66.026511343407037, 2.999996489776549 ], [ 38.348165788382175, 66.034724892513623, 2.999996489776549 ], [ 38.382336629321799, 66.026676622332161, 2.999996489776549 ], [ 38.382336629332713, 66.026676622332161, 2.999996489776549 ], [ 38.41744077606927, 66.005636683654302, 2.999996489776549 ], [ 38.497896570017474, 66.006744797385181, 2.999996489776549 ], [ 38.497896570028388, 66.006744797385181, 2.999996489776549 ], [ 38.533971834105614, 66.02133945458263, 2.999996489776549 ], [ 38.580365856050776, 66.037625870438205, 2.999996489776549 ], [ 38.58036585606169, 66.037625870438205, 2.999996489776549 ], [ 38.611231516719272, 66.033203353330464, 2.999996489776549 ], [ 38.611231516719272, 66.033203353330464, 2.999996489776549 ], [ 38.648316950730077, 66.012471572677896, 2.999996489776549 ], [ 38.708728772482573, 66.037916226374364, 2.999996489776549 ], [ 38.708728772482573, 66.037916226374364, 2.999996489776549 ], [ 38.735613773038494, 66.039159990134067, 2.999996489776549 ], [ 38.759017821805173, 66.016624948435492, 2.999996489776549 ], [ 38.759017821805173, 66.01662494842094, 2.999996489776549 ], [ 38.817696714904741, 66.054353629304387, 2.999996489776549 ], [ 38.838602871259354, 66.062585543597379, 2.999996489776549 ], [ 38.862294382422988, 66.044248029222217, 2.999996489776549 ], [ 38.911361728445627, 66.068649898428703, 2.999996489776549 ], [ 38.938548499954777, 66.068291142222733, 2.999996489776549 ], [ 38.983660977912223, 66.046839131031447, 2.999996489776549 ], [ 39.016370578934584, 66.046083862893283, 2.999996489776549 ], [ 39.099492900990299, 66.053378182517918, 2.999996489776549 ], [ 39.099492900990299, 66.053378182517918, 2.999996489776549 ], [ 39.137844692762883, 66.082838161961263, 2.999996489776549 ], [ 39.158866921639856, 66.085771447815205, 2.999996489776549 ], [ 39.211073412734549, 66.067158344008931, 2.999996489776549 ], [ 39.244417577345303, 66.100830027877237, 2.999996489776549 ], [ 39.244417577345303, 66.100830027877237, 2.999996489776549 ], [ 39.2614809988263, 66.105806306219165, 2.999996489776549 ], [ 39.2614809988263, 66.105806306219165, 2.999996489776549 ], [ 39.349741235819238, 66.121164115182182, 2.999996489776549 ], [ 39.349741235830152, 66.121164115182182, 2.999996489776549 ], [ 39.365184683472762, 66.123443650900299, 2.999996489776549 ], [ 39.365184683472762, 66.123443650900299, 2.999996489776549 ], [ 39.379492061394558, 66.126459856801375, 2.999996489776549 ], [ 39.44916201842716, 66.106859290088323, 2.999996489776549 ], [ 39.478335168641934, 66.144281808941741, 2.999996489776549 ], [ 39.489753020334319, 66.145468610735406, 2.999996489776549 ], [ 39.489753020334319, 66.145468610735406, 2.999996489776549 ], [ 39.55921559599301, 66.12332825735939, 2.999996489776549 ], [ 39.599908421005239, 66.152272866427666, 2.999996489776549 ], [ 39.599908421019791, 66.15227286643858, 2.999996489776549 ], [ 39.600467104959534, 66.152255489239906, 2.999996489776549 ], [ 39.600467104974086, 66.152255489239906, 2.999996489776549 ], [ 39.600685672045074, 66.15238943845543, 2.999996489776549 ], [ 39.672793333382288, 66.138594497399026, 2.999996489776549 ], [ 39.672793333382288, 66.138594497388112, 2.999996489776549 ], [ 39.709885128533642, 66.168110931997944, 2.999996489776549 ], [ 39.709885128533642, 66.168110931997944, 2.999996489776549 ], [ 39.715867396640533, 66.168762974735728, 2.999996489776549 ], [ 39.715867396640533, 66.168762974735728, 2.999996489776549 ], [ 39.786075265878026, 66.150584697796148, 2.999996489776549 ], [ 39.813699030437419, 66.179880508781935, 2.999996489776549 ], [ 39.813699030437419, 66.179880508781935, 2.999996489776549 ], [ 39.822313028969802, 66.181991229444975, 2.999996489776549 ], [ 39.896279071959725, 66.169177501757076, 2.999996489776549 ], [ 39.913172072265297, 66.204008596112544, 2.999996489776549 ], [ 39.913172072265297, 66.204008596112544, 2.999996489776549 ], [ 39.91798786821164, 66.204887119136401, 2.999996489776549 ], [ 40.003516093696817, 66.187566293494456, 2.999996489776549 ], [ 40.021568265448877, 66.219079126716679, 2.999996489776549 ], [ 40.025765373902686, 66.220194358389563, 2.999996489776549 ], [ 40.08437870106718, 66.238567679269181, 2.999996489776549 ], [ 40.084378701078094, 66.238567679269181, 2.999996489776549 ], [ 40.107522167894786, 66.241438404264045, 2.999996489776549 ], [ 40.107522167909337, 66.241438404264045, 2.999996489776549 ], [ 40.126731872434902, 66.243248707098246, 2.999996489776549 ], [ 40.126731872449454, 66.243248707098246, 2.999996489776549 ], [ 40.201114493767818, 66.25277810676198, 2.999996489776549 ], [ 40.257329410280363, 66.269132641344186, 2.999996489776549 ], [ 40.293206090918829, 66.278373833174555, 2.999996489776549 ], [ 40.293206090918829, 66.278373833174555, 2.999996489776549 ], [ 40.363604324636981, 66.299806148934294, 2.999996489776549 ], [ 40.363604324647895, 66.299806148934294, 2.999996489776549 ], [ 40.388366882070841, 66.306342871015659, 2.999996489776549 ], [ 40.472332943852962, 66.326342687039869, 2.999996489776549 ], [ 40.472332943878428, 66.326342687039869, 2.999996489776549 ], [ 40.487792721731239, 66.331114392403833, 2.999996489776549 ], [ 40.487792721731239, 66.331114392403833, 2.999996489776549 ], [ 40.580097438461962, 66.354223911457666, 2.999996489776549 ], [ 40.580097438476514, 66.354223911457666, 2.999996489776549 ], [ 40.584868533587724, 66.355623763654876, 2.999996489776549 ], [ 40.584868533587724, 66.355623763654876, 2.999996489776549 ], [ 40.588736771154799, 66.357940567755577, 2.999996489776549 ], [ 40.659323954707361, 66.385504077672522, 2.999996489776549 ], [ 40.66127350140232, 66.386251077678025, 2.999996489776549 ], [ 40.663277908533928, 66.382518079844886, 3.023796489776714 ], [ 40.688055873888516, 66.336371720888565, 3.238496489776708 ], [ 40.701781588573795, 66.31080901837413, 3.295296489776547 ], [ 40.74104254269696, 66.237689613437396, 3.469796489776627 ], [ 40.753980642737588, 66.213593760530784, 3.516596489776703 ], [ 40.763543335579016, 66.195784249124699, 3.492796489776538 ], [ 40.775598658408853, 66.173332476082578, 3.482696489776572 ], [ 40.785412702891335, 66.155054848622967, 3.468296489776549 ], [ 40.806090452530043, 66.116544710945163, 3.440896489776605 ], [ 40.807698703400092, 66.113549512549071, 3.441596489776657 ], [ 40.811879823904746, 66.105762614606647, 3.442796489776583 ], [ 40.829630045362137, 66.072704690788669, 3.408996489776655 ], [ 40.837600576014665, 66.057860414282914, 3.072096489776641 ], [ 40.838461481802369, 66.056257067641127, 2.999996489776549 ], [ 40.80565994819699, 66.059077460970002, 2.999996489776549 ], [ 40.791798227986874, 66.046194197231671, 2.999996489776549 ], [ 40.791798227986874, 66.046194197242585, 2.999996489776549 ], [ 40.75352183580253, 66.05290532687286, 2.999996489776549 ], [ 40.753521835777065, 66.052905326883774, 2.999996489776549 ], [ 40.754078183897946, 66.036721895150549, 2.999996489776549 ], [ 40.754078183897946, 66.036721895150549, 2.999996489776549 ], [ 40.740388572485244, 66.019204453790735, 2.999996489776549 ], [ 40.74038857251071, 66.019204453790735, 2.999996489776549 ], [ 40.697543378304545, 66.00137509256092, 2.999996489776549 ], [ 40.697543378304545, 66.00137509256092, 2.999996489776549 ], [ 40.671331546600413, 65.971680510989245, 2.999996489776549 ], [ 40.671331546585861, 65.971680510978331, 2.999996489776549 ], [ 40.637513528970885, 65.95110432457659, 2.999996489776549 ], [ 40.637513528970885, 65.95110432457659, 2.999996489776549 ], [ 40.607180644045002, 65.961456327411724, 2.999996489776549 ], [ 40.555039749477146, 65.930594988923986, 2.999996489776549 ], [ 40.555039749477146, 65.930594988923986, 2.999996489776549 ], [ 40.545334123642533, 65.922558148860844, 2.999996489776549 ], [ 40.501854323345469, 65.889695267716888, 2.999996489776549 ], [ 40.501854323345469, 65.889695267716888, 2.999996489776549 ], [ 40.490735896157275, 65.881496555884951, 2.999996489776549 ], [ 40.490735896157275, 65.881496555884951, 2.999996489776549 ], [ 40.445488877354364, 65.849804442299501, 2.999996489776549 ], [ 40.445488877354364, 65.849804442299501, 2.999996489776549 ], [ 40.432905758720153, 65.835383123903739, 2.999996489776549 ], [ 40.432905758720153, 65.835383123903739, 2.999996489776549 ], [ 40.385143396146304, 65.807129602275381, 2.999996489776549 ], [ 40.361210297356592, 65.806114997991244, 2.999996489776549 ], [ 40.285062631613982, 65.781626947158657, 2.999996489776549 ], [ 40.285062631613982, 65.781626947158657, 2.999996489776549 ], [ 40.262763413011271, 65.757980097630934, 2.999996489776549 ], [ 40.228870189759618, 65.744593227980658, 2.999996489776549 ], [ 40.228870189745066, 65.744593227980658, 2.999996489776549 ], [ 40.183697664062493, 65.74052427476272, 2.999996489776549 ], [ 40.127228510958957, 65.717820984806167, 2.999996489776549 ], [ 40.127228510944406, 65.717820984806167, 2.999996489776549 ], [ 40.100847537647496, 65.706435513369797, 2.999996489776549 ], [ 40.100847537647496, 65.706435513369797, 2.999996489776549 ], [ 40.045483778008929, 65.689581326234475, 2.999996489776549 ], [ 40.008272596907773, 65.681682225782424, 2.999996489776549 ], [ 40.008272596907773, 65.681682225782424, 2.999996489776549 ], [ 39.949482371695922, 65.666719515571458, 2.999996489776549 ], [ 39.949482371685008, 65.666719515571458, 2.999996489776549 ], [ 39.911081642352656, 65.653125587017712, 2.999996489776549 ], [ 39.911081642352656, 65.653125587017712, 2.999996489776549 ], [ 39.873013111595355, 65.641028439160436, 2.999996489776549 ], [ 39.821565719019418, 65.634252254021703, 2.999996489776549 ], [ 39.800370477671095, 65.622310666134581, 2.999996489776549 ], [ 39.750462846011942, 65.598809223090939, 2.999996489776549 ], [ 39.714683507372683, 65.57274007212618, 2.999996489776549 ], [ 39.714683507387235, 65.57274007212618, 2.999996489776549 ], [ 39.701939441380091, 65.557262528058345, 2.999996489776549 ], [ 39.703703619863518, 65.495712681840814, 2.999996489776549 ], [ 39.692863218471757, 65.48487836019558, 2.999996489776549 ], [ 39.692863218471757, 65.48487836019558, 2.999996489776549 ], [ 39.692934063212306, 65.478583016149059, 2.999996489776549 ], [ 39.671516206206434, 65.442206749004981, 2.999996489776549 ], [ 39.643261020304635, 65.430413804842829, 2.999996489776549 ], [ 39.653649330088228, 65.367932062883483, 2.999996489776549 ], [ 39.658073236496421, 65.354802382142225, 2.999996489776549 ], [ 39.658073236496421, 65.354802382142225, 2.999996489776549 ], [ 39.684221203904599, 65.319706042733742, 2.999996489776549 ], [ 39.73332836377449, 65.288941943988902, 2.999996489776549 ], [ 39.733328363789042, 65.288941943981627, 2.999996489776549 ], [ 39.750372999082174, 65.282291302159138, 2.999996489776549 ], [ 39.792331885459134, 65.254281184981664, 2.999996489776549 ], [ 39.821480704758869, 65.253181325471814, 2.999996489776549 ], [ 39.848026501364075, 65.232036353234435, 2.999996489776549 ], [ 39.8701924779416, 65.206415424745501, 2.999996489776549 ], [ 39.905953902722104, 65.194006892372272, 2.999996489776549 ], [ 39.937824084918248, 65.176867086633138, 2.999996489776549 ], [ 39.946310544240987, 65.155513120480464, 2.999996489776549 ], [ 39.956579559475358, 65.123758681020263, 2.999996489776549 ], [ 39.961468677880475, 65.114698513949406, 2.999996489776549 ], [ 40.005900203621422, 65.084434184736892, 2.999996489776549 ], [ 40.024301622463099, 65.07799159356, 2.999996489776549 ], [ 40.097906403469096, 64.998787430009543, 2.999996489776549 ], [ 40.103249143354333, 64.991496433394786, 2.999996489776549 ], [ 40.106047276658501, 64.988227810656099, 2.999996489776549 ], [ 40.120631283436524, 64.94572315687401, 2.999996489776549 ], [ 40.115063085602742, 64.939048649612232, 2.999996489776549 ], [ 40.115063085591828, 64.939048649604956, 2.999996489776549 ], [ 40.076994427621685, 64.878676566153445, 2.999996489776549 ], [ 40.064369909836387, 64.862073372278246, 2.999996489776549 ], [ 40.064369909825473, 64.86207337227097, 2.999996489776549 ], [ 40.037871289183386, 64.845069536320807, 2.999996489776549 ], [ 40.035551324403059, 64.84322930280905, 2.999996489776549 ], [ 39.97456056408555, 64.824053517313587, 2.999996489776549 ], [ 39.949858275325823, 64.819916185675538, 2.999996489776549 ], [ 39.890812028195796, 64.800335397809249, 2.999996489776549 ], [ 39.865838601439464, 64.772787963109295, 2.999996489776549 ], [ 39.850579148442193, 64.767159894661745, 2.999996489776549 ], [ 39.785631708029541, 64.759607334737666, 2.999996489776549 ], [ 39.785631708029541, 64.75960733473039, 2.999996489776549 ], [ 39.773039585947117, 64.758118089092022, 2.999996489776549 ], [ 39.724682758078416, 64.724935659756738, 2.999996489776549 ], [ 39.670295593456103, 64.690190829609492, 2.999996489776549 ], [ 39.6715183992128, 64.672915422601363, 2.999996489776549 ], [ 39.6715183992128, 64.672915422586811, 2.999996489776549 ], [ 39.647458915136667, 64.667134102310229, 2.999996489776549 ], [ 39.628497190478811, 64.665425812338071, 2.999996489776549 ], [ 39.628497190478811, 64.665425812323519, 2.999996489776549 ], [ 39.602868343346927, 64.665214615299192, 2.999996489776549 ], [ 39.545738347726001, 64.653494164460426, 2.999996489776549 ], [ 39.526202877688775, 64.650278459739638, 2.999996489776549 ], [ 39.476604541279812, 64.659563752407848, 2.999996489776549 ], [ 39.476604541279812, 64.659563752400572, 2.999996489776549 ], [ 39.45656233997579, 64.665391320446361, 2.999996489776549 ], [ 39.404244724722957, 64.676306876852323, 2.999996489776549 ], [ 39.369928992033238, 64.686780182466464, 2.999996489776549 ], [ 39.369928992033238, 64.68678018247374, 2.999996489776549 ], [ 39.357464448978135, 64.698559545031458, 2.999996489776549 ], [ 39.357464448978135, 64.698559545024182, 2.999996489776549 ], [ 39.33104803700553, 64.688755618091818, 2.999996489776549 ], [ 39.286884307763103, 64.700234669286147, 2.999996489776549 ], [ 39.259712302929984, 64.677603933901992, 2.999996489776549 ], [ 39.255555764622841, 64.6776653072302, 2.999996489776549 ], [ 39.168889946420677, 64.692677639777685, 2.999996489776549 ], [ 39.159491630336561, 64.697803791543265, 2.999996489776549 ], [ 39.077945445864316, 64.724192731304356, 2.999996489776549 ], [ 39.070636747972458, 64.727340727957198, 2.999996489776549 ], [ 39.002031911808444, 64.749133289871679, 2.999996489776549 ], [ 38.990043870177033, 64.751377589218464, 2.999996489776549 ], [ 38.982467970443395, 64.776483620902582, 2.999996489776549 ], [ 38.907437581892736, 64.790092402221489, 2.999996489776549 ], [ 38.885807276215928, 64.797291666971432, 2.999996489776549 ], [ 38.805550383949594, 64.780466011095996, 2.999996489776549 ], [ 38.798867335764953, 64.780778818265389, 2.999996489776549 ], [ 38.779833524626156, 64.811475594502554, 2.999996489776549 ], [ 38.704972211653512, 64.797299974998168, 2.999996489776549 ], [ 38.704972211613494, 64.797299974987254, 2.999996489776549 ], [ 38.701845727890031, 64.798714047639805, 2.999996489776549 ], [ 38.701845727879117, 64.798714047639805, 2.999996489776549 ], [ 38.697983110992936, 64.800042544135067, 2.999996489776549 ], [ 38.697983110992936, 64.800042544127791, 2.999996489776549 ], [ 38.680490122547781, 64.830943789278535, 2.999996489776549 ], [ 38.656760585363372, 64.831281346323522, 2.999996489776549 ], [ 38.587112676545075, 64.845723538695893, 2.999996489776549 ], [ 38.573104972660076, 64.85326703489045, 2.999996489776549 ], [ 38.531515120197582, 64.864422039419878, 2.999996489776549 ], [ 38.531515120161203, 64.864422039427154, 2.999996489776549 ], [ 38.502095442661812, 64.876481853174482, 2.999996489776549 ], [ 38.495909908364411, 64.881898957079102, 2.999996489776549 ], [ 38.495909908364411, 64.881898957079102, 2.999996489776549 ], [ 38.483626241839374, 64.880468354684126, 2.999996489776549 ], [ 38.474060502550856, 64.876154555633548, 2.999996489776549 ], [ 38.434281462159561, 64.879827889209992, 2.999996489776549 ], [ 38.434281462145009, 64.879827889217268, 2.999996489776549 ], [ 38.414399134540872, 64.884659157523856, 2.999996489776549 ], [ 38.336030902850325, 64.876572501249029, 2.999996489776549 ], [ 38.330526002817351, 64.875014885954442, 2.999996489776549 ], [ 38.327111611804867, 64.876596683126991, 2.999996489776549 ], [ 38.327111611804867, 64.876596683134267, 2.999996489776549 ], [ 38.286252804329706, 64.880801240022265, 2.999996489776549 ], [ 38.286252804315154, 64.880801240022265, 2.999996489776549 ], [ 38.256527004774398, 64.892386358027579, 2.999996489776549 ], [ 38.236290965614899, 64.90098565041626, 2.999996489776549 ], [ 38.236290965614899, 64.900985650412622, 2.999996489776549 ], [ 38.221623537956475, 64.89703805199315, 2.999996489776549 ], [ 38.201849924502312, 64.900906209270033, 2.999996489776549 ], [ 38.130041344284109, 64.881236764544155, 2.999996489776549 ], [ 38.130041344284109, 64.881236764536879, 2.999996489776549 ], [ 38.120533630964928, 64.883001862661331, 2.999996489776549 ], [ 38.023177814255178, 64.901513949815126, 2.999996489776549 ], [ 38.015014286593214, 64.904172498943808, 2.999996489776549 ], [ 38.015014286593214, 64.904172498943808, 2.999996489776549 ], [ 38.007563504965219, 64.905222924953705, 2.999996489776549 ], [ 37.924326740991091, 64.923497026906261, 2.999996489776549 ], [ 37.912595812638756, 64.92800951909885, 2.999996489776549 ], [ 37.897218302907277, 64.932243580446084, 2.999996489776549 ], [ 37.866961931715196, 64.946671841848001, 3.436696489776523 ], [ 37.848602430687606, 64.95542687986017, 3.448896489776644 ], [ 37.844258847057063, 64.957498191040941, 3.4522964897767 ], [ 37.824757420556125, 64.966797775490704, 3.466696489776496 ], [ 37.787053441421449, 64.984777554473112, 3.096096489776528 ], [ 37.777836092598591, 64.989173002868483, 3.099096489776684 ], [ 37.772681310805638, 64.991631147582666, 2.999996489776549 ], [ 37.752299638552358, 65.023615241494554, 2.999996489776549 ], [ 37.754728990366857, 65.03534142670469, 2.999996489776549 ], [ 37.685450675027823, 65.055721035289025, 2.999996489776549 ], [ 37.665617381044285, 65.060975070173299, 2.999996489776549 ], [ 37.596564993040374, 65.078786685273371, 2.999996489776549 ], [ 37.587414020574215, 65.079978982623288, 2.999996489776549 ], [ 37.577286912262934, 65.084808265193715, 3.301996489776684 ], [ 37.52812499999709, 65.108251953002764, 3.940596489776681 ], [ 37.505433111917228, 65.113292687590729, 3.857496489776622 ], [ 37.502814621522703, 65.113874354268773, 3.834596489776686 ], [ 37.478724553395296, 65.119225678012299, 2.999996489776549 ], [ 37.47011578344609, 65.138293786167196, 2.999996489776549 ], [ 37.435394916952646, 65.128850844339468, 2.999996489776549 ], [ 37.413478860544274, 65.133719237095647, 3.680396489776513 ], [ 37.405690679752297, 65.135449289358803, 3.651596489776693 ], [ 37.31903458087254, 65.154698916936468, 3.657796489776501 ], [ 37.312645402431372, 65.156118197373871, 3.640796489776676 ], [ 37.295317680494918, 65.159967345880432, 2.999996489776549 ], [ 37.281196183299471, 65.181961137288454, 2.999996489776549 ], [ 37.281196183299471, 65.181961137288454, 2.999996489776549 ], [ 37.245866843742988, 65.170952264463267, 2.999996489776549 ], [ 37.222069444265799, 65.176238575331809, 3.999996489776549 ], [ 37.293718244385673, 65.198564849717513, 3.999996489776549 ], [ 37.293718244400225, 65.198564849724789, 3.999996489776549 ], [ 37.314713986947027, 65.165864635597245, 3.999996489776549 ], [ 37.314713986947027, 65.165864635575417, 3.999996489776549 ], [ 37.333508172643633, 65.163382912960515, 3.999996489776549 ], [ 37.409818145377358, 65.143028221151326, 3.999996489776549 ], [ 37.409818145377358, 65.14302822114405, 3.999996489776549 ], [ 37.424272489268333, 65.141741933319281, 3.999996489776549 ], [ 37.486846773877915, 65.158760094342142, 3.999996489776549 ], [ 37.501985053389944, 65.125229366589338, 3.999996489776549 ], [ 37.501985053400858, 65.12522936654932, 3.999996489776549 ], [ 37.531811074564757, 65.123103915917454, 3.999996489776549 ], [ 37.590244007402362, 65.105281466196175, 3.999996489776549 ], [ 37.624813394766534, 65.099910987457406, 3.999996489776549 ], [ 37.677577605329134, 65.094338345999859, 3.999996489776549 ], [ 37.677577605329134, 65.094338345999859, 3.999996489776549 ], [ 37.73270128015065, 65.080718535456981, 3.999996489776549 ], [ 37.763414477059996, 65.077238280151505, 3.999996489776549 ], [ 37.830161293099081, 65.060829329555418, 3.999996489776549 ], [ 37.835578969818016, 65.059648335452948, 3.999996489776549 ], [ 37.846183443743939, 65.054185993158171, 3.999996489776549 ], [ 37.868349884058262, 65.048438172667375, 3.999996489776549 ], [ 37.900173462447128, 65.045681736635743, 3.999996489776549 ], [ 37.900173462447128, 65.045681736635743, 3.999996489776549 ], [ 37.926073699887638, 65.044685913653666, 3.999996489776549 ], [ 37.970335813461134, 65.037364035986684, 3.999996489776549 ], [ 37.970335813461134, 65.037364035986684, 3.999996489776549 ], [ 38.033808821503044, 65.018795287422108, 3.999996489776549 ], [ 38.065707932066289, 65.00941734873777, 3.999996489776549 ], [ 38.118524451831036, 65.001227709530212, 3.999996489776549 ], [ 38.118524451831036, 65.001227709530212, 3.999996489776549 ], [ 38.163419800657721, 64.987070827060961, 3.999996489776549 ], [ 38.199670656624221, 64.982316086880019, 3.999996489776549 ], [ 38.225787954874249, 64.978635367766401, 3.999996489776549 ], [ 38.244161536578758, 64.979700433104881, 3.999996489776549 ], [ 38.263818555238686, 64.972489146010048, 3.999996489776549 ], [ 38.306068453013722, 64.961397532711999, 3.999996489776549 ], [ 38.34189936436087, 64.955035935563501, 3.999996489776549 ], [ 38.344037439954263, 64.954940596649976, 3.999996489776549 ], [ 38.344037439954263, 64.954940596649976, 3.999996489776549 ], [ 38.426267363676743, 64.942464667532477, 3.999996489776549 ], [ 38.437924142686825, 64.940731431135646, 3.999996489776549 ], [ 38.447490128175559, 64.937260551683721, 3.999996489776549 ], [ 38.505645889734296, 64.944033592237247, 3.999996489776549 ], [ 38.52951059291081, 64.923133606851479, 3.999996489776549 ], [ 38.529510592925362, 64.923133606833289, 3.999996489776549 ], [ 38.54577910961234, 64.923201822999545, 3.999996489776549 ], [ 38.55872212774193, 64.916574890838092, 3.999996489776549 ], [ 38.603205445950152, 64.916439200278546, 3.999996489776549 ], [ 38.603205445950152, 64.916439200278546, 3.999996489776549 ], [ 38.629616261543561, 64.91511684721263, 3.999996489776549 ], [ 38.661231098005373, 64.920190332806669, 3.999996489776549 ], [ 38.661231098005373, 64.920190332806669, 3.999996489776549 ], [ 38.678858024959482, 64.904435111828207, 3.999996489776549 ], [ 38.70363166644529, 64.892557055998623, 3.999996489776549 ], [ 38.752743096272752, 64.872851770945999, 3.999996489776549 ], [ 38.75352848213879, 64.872581647778134, 3.999996489776549 ], [ 38.755572847578151, 64.871657004783629, 3.999996489776549 ], [ 38.755572847578151, 64.871657004776353, 3.999996489776549 ], [ 38.803455181878235, 64.864998094348266, 3.999996489776549 ], [ 38.845582056321291, 64.851581623162929, 3.999996489776549 ], [ 38.855835624475731, 64.851068364656385, 3.999996489776549 ], [ 38.871624961084308, 64.844942052597617, 3.999996489776549 ], [ 38.871624961084308, 64.844942052590341, 3.999996489776549 ], [ 38.905972245942394, 64.837953975416895, 3.999996489776549 ], [ 38.905972245942394, 64.837953975416895, 3.999996489776549 ], [ 38.940883873401617, 64.831686123470718, 3.999996489776549 ], [ 38.978403812343458, 64.822153011689807, 3.999996489776549 ], [ 38.97840381235801, 64.822153011682531, 3.999996489776549 ], [ 39.006596300831006, 64.817420070980006, 3.999996489776549 ], [ 39.006596300831006, 64.817420070980006, 3.999996489776549 ], [ 39.029479529592209, 64.808252058814105, 3.999996489776549 ], [ 39.082079552314099, 64.793934494427958, 3.999996489776549 ], [ 39.106111880850221, 64.797127273752267, 3.999996489776549 ], [ 39.144566424067307, 64.79144675851785, 3.999996489776549 ], [ 39.168888962114579, 64.788420651322667, 3.999996489776549 ], [ 39.168888962114579, 64.788420651322667, 3.999996489776549 ], [ 39.208729054593277, 64.787580527026876, 3.999996489776549 ], [ 39.253047135091037, 64.78895022607685, 3.999996489776549 ], [ 39.267938090197276, 64.787446377067681, 3.999996489776549 ], [ 39.331145436190127, 64.807860957371304, 3.999996489776549 ], [ 39.342966164786048, 64.807913937063859, 3.999996489776549 ], [ 39.390790505309269, 64.810308199870633, 3.999996489776549 ], [ 39.418804269658722, 64.813061174281756, 3.999996489776549 ], [ 39.470295298200654, 64.830748876876896, 3.999996489776549 ], [ 39.493627983596525, 64.838151648251369, 3.999996489776549 ], [ 39.493627983596525, 64.838151648251369, 3.999996489776549 ], [ 39.514025009899342, 64.843746555285179, 3.999996489776549 ], [ 39.596440925131901, 64.859037793601601, 3.999996489776549 ], [ 39.603923031248996, 64.860707485757302, 3.999996489776549 ], [ 39.603923031248996, 64.860707485757302, 3.999996489776549 ], [ 39.6641625494849, 64.8899145639989, 3.999996489776549 ], [ 39.6641625494849, 64.8899145639989, 3.999996489776549 ], [ 39.665365290424234, 64.890495364456001, 3.999996489776549 ], [ 39.665365290435147, 64.890495364456001, 3.999996489776549 ], [ 39.682199739749194, 64.89784642973973, 3.999996489776549 ], [ 39.682199739789212, 64.897846429750643, 3.999996489776549 ], [ 39.732127707480686, 64.915167791306885, 3.999996489776549 ], [ 39.738642099378922, 64.920584386061819, 3.999996489776549 ], [ 39.80145869324042, 64.954678081863676, 3.999996489776549 ], [ 39.80145869324042, 64.954678081867314, 3.999996489776549 ], [ 39.808759603838553, 64.961292226616933, 3.999996489776549 ], [ 39.808759603838553, 64.961292226616933, 3.999996489776549 ], [ 39.823781913197308, 64.985982263093319, 3.999996489776549 ], [ 39.823781913197308, 64.985982263100595, 3.999996489776549 ], [ 39.842643553038215, 65.029775058330415, 3.999996489776549 ], [ 39.842643553038215, 65.029775058337691, 3.999996489776549 ], [ 39.857394097052747, 65.079492722037685, 3.999996489776549 ], [ 39.852472109050723, 65.113076093333802, 3.999996489776549 ], [ 39.852472109039809, 65.113076093348354, 3.999996489776549 ], [ 39.844717073756328, 65.1386643062433, 3.999996489776549 ], [ 39.836466755808942, 65.150240225048037, 3.999996489776549 ], [ 39.815259166407486, 65.181159500258218, 3.999996489776549 ], [ 39.791694263352838, 65.2165386047418, 3.999996489776549 ], [ 39.787135880455025, 65.226312586091808, 3.999996489776549 ], [ 39.779875086253014, 65.240795847883419, 3.999996489776549 ], [ 39.73902047448064, 65.268068793080602, 3.999996489776549 ], [ 39.737464485042437, 65.268675925301068, 3.999996489776549 ], [ 39.671988271864393, 65.309694723648136, 3.999996489776549 ], [ 39.637124315337132, 65.356489842848532, 3.999996489776549 ], [ 39.637124315326218, 65.356489842859446, 3.999996489776549 ], [ 39.636209106785827, 65.359206083841855, 3.999996489776549 ], [ 39.622358027099835, 65.442515073118557, 3.999996489776549 ], [ 39.622358027088922, 65.442515073125833, 3.999996489776549 ], [ 39.632156990213844, 65.446604893149924, 3.999996489776549 ], [ 39.632156990213844, 65.446604893149924, 3.999996489776549 ], [ 39.639584752036171, 65.459220265842305, 3.999996489776549 ], [ 39.639244248715841, 65.489477780458401, 3.999996489776549 ], [ 39.691346818708553, 65.541551129157597, 3.999996489776549 ], [ 39.691346818708553, 65.541551129157597, 3.999996489776549 ], [ 39.690605921838142, 65.567400037409243, 3.999996489776549 ], [ 39.690605921838142, 65.567400037423795, 3.999996489776549 ], [ 39.695958009833703, 65.573900096162106, 3.999996489776549 ], [ 39.743663794677559, 65.608658964130882, 3.999996489776549 ], [ 39.743663794677559, 65.608658964130882, 3.999996489776549 ], [ 39.810207303558855, 65.639994221503002, 3.999996489776549 ], [ 39.817150958693674, 65.643906338689703, 3.999996489776549 ], [ 39.834005348158826, 65.646126247633219, 3.999996489776549 ], [ 39.834005348184292, 65.646126247633219, 3.999996489776549 ], [ 39.908979521991569, 65.66995100913482, 3.999996489776549 ], [ 39.918567532095039, 65.673345178089221, 3.999996489776549 ], [ 39.918567532095039, 65.673345178089221, 3.999996489776549 ], [ 40.005958201269095, 65.695586992165772, 3.999996489776549 ], [ 40.005958201269095, 65.695586992165772, 3.999996489776549 ], [ 40.012330199559074, 65.696939626424864, 3.999996489776549 ], [ 40.012330199559074, 65.696939626424864, 3.999996489776549 ], [ 40.098024781036656, 65.723027314877982, 3.999996489776549 ], [ 40.100519251518563, 65.724103876756999, 3.999996489776549 ], [ 40.165156898379792, 65.750091289399279, 3.999996489776549 ], [ 40.165156898601708, 65.750091289479315, 3.999996489776549 ], [ 40.178811337180377, 65.75766142019711, 3.999996489776549 ], [ 40.185328989595291, 65.761666213362332, 3.999996489776549 ], [ 40.260931639772025, 65.801024592939939, 3.999996489776549 ], [ 40.260931639772025, 65.801024592939939, 3.999996489776549 ], [ 40.294477299194114, 65.823723179713852, 3.999996489776549 ], [ 40.33876371788574, 65.849360631757008, 3.999996489776549 ], [ 40.33876371788574, 65.849360631757008, 3.999996489776549 ], [ 40.38252319903404, 65.885268389240082, 3.999996489776549 ], [ 40.382523199048592, 65.885268389240082, 3.999996489776549 ], [ 40.39859403547598, 65.894764589374972, 3.999996489776549 ], [ 40.445515426170459, 65.940761449375714, 3.999996489776549 ], [ 40.451378953428502, 65.94271979900077, 3.999996489776549 ], [ 40.451378953443054, 65.94271979900077, 3.999996489776549 ], [ 40.506392467468686, 65.963405220030836, 3.999996489776549 ], [ 40.52063334281047, 65.976327855030831, 3.999996489776549 ], [ 40.534110803007934, 65.985892814947874, 3.999996489776549 ], [ 40.534110803022486, 65.985892814947874, 3.999996489776549 ], [ 40.53574968520843, 66.013456152180879, 3.999996489776549 ], [ 40.506117342141806, 66.043754349640949, 3.999996489776549 ], [ 40.496240462227433, 66.050577308993525, 3.999996489776549 ], [ 40.432517515244399, 66.082252388867346, 3.999996489776549 ], [ 40.399364464945393, 66.089792278435198, 3.999996489776549 ], [ 40.385182574638748, 66.083462092577975, 3.999996489776549 ], [ 40.369155325344764, 66.08478693509096, 3.999996489776549 ], [ 40.369155325330212, 66.08478693509096, 3.999996489776549 ], [ 40.352977859969542, 66.087871465453645, 3.999996489776549 ], [ 40.291637851423729, 66.095365299093828, 3.999996489776549 ], [ 40.291637851423729, 66.095365299093828, 3.999996489776549 ], [ 40.267566621274455, 66.098878859662364, 3.999996489776549 ], [ 40.22973579421523, 66.12119687048471, 3.999996489776549 ], [ 40.229735794200678, 66.12119687048471, 3.999996489776549 ], [ 40.209113581560814, 66.128452559965808, 3.999996489776549 ], [ 40.200491249332117, 66.128661240862129, 3.999996489776549 ], [ 40.200491249332117, 66.128661240862129, 3.999996489776549 ], [ 40.150846202672255, 66.112346059228003, 3.999996489776549 ], [ 40.150846202672255, 66.112346059213451, 3.999996489776549 ], [ 40.103443771113234, 66.118997450954339, 3.999996489776549 ], [ 40.01409158561728, 66.127992181518493, 3.999996489776549 ], [ 40.014091585591814, 66.127992181518493, 3.999996489776549 ], [ 40.006766913822503, 66.127381180191151, 3.999996489776549 ], [ 40.002996656818141, 66.127225739041023, 3.999996489776549 ], [ 40.002996656818141, 66.127225739041023, 3.999996489776549 ], [ 39.89524088363396, 66.116371971151239, 3.999996489776549 ], [ 39.89524088363396, 66.116371971151239, 3.999996489776549 ], [ 39.885628800951963, 66.113134615010495, 3.999996489776549 ], [ 39.885628800937411, 66.113134615021409, 3.999996489776549 ], [ 39.864060240321123, 66.113604410107655, 3.999996489776549 ], [ 39.864060240321123, 66.113604410107655, 3.999996489776549 ], [ 39.813252756670408, 66.110220118051075, 3.999996489776549 ], [ 39.781638647793443, 66.109121330700873, 3.999996489776549 ], [ 39.764903610845067, 66.10223914665039, 3.999996489776549 ], [ 39.712458024278021, 66.107236208783434, 3.999996489776549 ], [ 39.685710222227499, 66.105886836350692, 3.999996489776549 ], [ 39.685710222227499, 66.105886836350692, 3.999996489776549 ], [ 39.668733112073824, 66.106857519891491, 3.999996489776549 ], [ 39.668733112059272, 66.106857519891491, 3.999996489776549 ], [ 39.644266154362413, 66.091862900513661, 3.999996489776549 ], [ 39.644266154362413, 66.091862900513661, 3.999996489776549 ], [ 39.593427986608731, 66.093444161928346, 3.999996489776549 ], [ 39.572709384454356, 66.088104761052819, 3.999996489776549 ], [ 39.552557219554728, 66.089994925783685, 3.999996489776549 ], [ 39.51832511595785, 66.088323671116086, 3.999996489776549 ], [ 39.478319911897415, 66.077070945342712, 3.999996489776549 ], [ 39.478319911908329, 66.077070945342712, 3.999996489776549 ], [ 39.460604825959308, 66.070240210439806, 3.999996489776549 ], [ 39.439915966348053, 66.069891761115286, 3.999996489776549 ], [ 39.400896267983626, 66.07202286892425, 3.999996489776549 ], [ 39.400896267969074, 66.072022868935164, 3.999996489776549 ], [ 39.340595315654355, 66.072614102700754, 3.999996489776549 ], [ 39.324543069786159, 66.072023646989692, 3.999996489776549 ], [ 39.324543069771607, 66.072023646989692, 3.999996489776549 ], [ 39.279028878543613, 66.071294729787041, 3.999996489776549 ], [ 39.239574537052249, 66.064821473828488, 3.999996489776549 ], [ 39.225284550320794, 66.050391125336319, 3.999996489776549 ], [ 39.225284550320794, 66.050391125336319, 3.999996489776549 ], [ 39.197000041709543, 66.060475359750853, 3.999996489776549 ], [ 39.197000041684078, 66.060475359761767, 3.999996489776549 ], [ 39.166438984502747, 66.058852103298705, 3.999996489776549 ], [ 39.166438984491833, 66.058852103309619, 3.999996489776549 ], [ 39.134673574313638, 66.055536285592098, 3.999996489776549 ], [ 39.110170534651843, 66.036714243356982, 3.999996489776549 ], [ 39.110170534640929, 66.036714243371534, 3.999996489776549 ], [ 38.999340771908464, 66.02698848385262, 3.999996489776549 ], [ 38.992684637210914, 66.027142174716573, 3.999996489776549 ], [ 38.96591448432082, 66.039871992390545, 3.999996489776549 ], [ 38.901280993384717, 66.034842483877583, 3.999996489776549 ], [ 38.901280993370165, 66.034842483877583, 3.999996489776549 ], [ 38.868022737773572, 66.018302693799342, 3.999996489776549 ], [ 38.850451109392452, 66.031903345341561, 3.999996489776549 ], [ 38.850451109392452, 66.031903345327009, 3.999996489776549 ], [ 38.836084956579725, 66.026376344569144, 3.999996489776549 ], [ 38.836084956579725, 66.02637634455823, 3.999996489776549 ], [ 38.807636386791273, 66.029159289857489, 3.999996489776549 ], [ 38.760133762403711, 65.998616597898945, 3.999996489776549 ], [ 38.730424523295369, 66.027222714274103, 3.999996489776549 ], [ 38.728859570128407, 66.026760828215629, 3.999996489776549 ], [ 38.728859570128407, 66.026760828215629, 3.999996489776549 ], [ 38.725451867219817, 66.026996607237379, 3.999996489776549 ], [ 38.725451867208903, 66.026996607237379, 3.999996489776549 ], [ 38.648919267645397, 65.994762096914201, 3.999996489776549 ], [ 38.620078275493142, 66.010885007130128, 3.999996489776549 ], [ 38.620078275493142, 66.010885007130128, 3.999996489776549 ], [ 38.601920363675163, 66.003780741659284, 3.999996489776549 ], [ 38.575785609587911, 66.00893850297507, 3.999996489776549 ], [ 38.575785609587911, 66.00893850297507, 3.999996489776549 ], [ 38.532348228392948, 65.993689999544586, 3.999996489776549 ], [ 38.521718760035583, 65.989389729846152, 3.999996489776549 ], [ 38.521718760024669, 65.989389729846152, 3.999996489776549 ], [ 38.414444368092518, 65.987912244887411, 3.999996489776549 ], [ 38.388188567860198, 66.003648859441455, 3.999996489776549 ], [ 38.388188567860198, 66.003648859430541, 3.999996489776549 ], [ 38.36688619922279, 65.994554727465584, 3.999996489776549 ], [ 38.340761728399229, 66.004330293133535, 3.999996489776549 ], [ 38.298112345793925, 65.995693508284603, 3.999996489776549 ], [ 38.259596297095413, 66.019673844144563, 3.999996489776549 ], [ 38.254722268124169, 66.018022402575298, 3.999996489776549 ], [ 38.254722268109617, 66.018022402575298, 3.999996489776549 ], [ 38.248826421036938, 66.020196359360853, 3.999996489776549 ], [ 38.179951178881311, 65.998619694822992, 3.999996489776549 ], [ 38.179951178870397, 65.998619694822992, 3.999996489776549 ], [ 38.14825249912974, 66.02795564648477, 3.999996489776549 ], [ 38.141218844917603, 66.025160933160805, 3.999996489776549 ], [ 38.132739854998363, 66.028515696456452, 3.999996489776549 ], [ 38.063730240752193, 66.006010916495143, 3.999996489776549 ], [ 38.052616148466768, 66.007130491445423, 3.999996489776549 ], [ 38.052616148466768, 66.007130491445423, 3.999996489776549 ], [ 37.947106920935767, 66.013119475104759, 3.999996489776549 ], [ 37.919407108864107, 66.049001853465597, 3.999996489776549 ], [ 37.919407108864107, 66.049001853480149, 3.999996489776549 ], [ 37.918812559146318, 66.049022507613699, 3.999996489776549 ], [ 37.829204634308553, 66.020080255177163, 3.999996489776549 ], [ 37.812129363497661, 66.047336298655864, 3.999996489776549 ], [ 37.812129363483109, 66.047336298655864, 3.999996489776549 ], [ 37.79509524934474, 66.041226535184251, 3.999996489776549 ], [ 37.770633252115658, 66.047004955828015, 3.999996489776549 ], [ 37.71489236484922, 66.032177930581383, 3.999996489776549 ], [ 37.701604261194007, 66.056358465946687, 3.999996489776549 ], [ 37.680577817740414, 66.050603167255758, 3.999996489776549 ], [ 37.680577817725862, 66.050603167255758, 3.999996489776549 ], [ 37.648419368313625, 66.057740912237932, 3.999996489776549 ], [ 37.648419368302712, 66.057740912237932, 3.999996489776549 ], [ 37.6001739303465, 66.045406942073896, 3.999996489776549 ], [ 37.596736103485455, 66.055471334606409, 3.999996489776549 ], [ 37.596736103485455, 66.055471334606409, 3.999996489776549 ], [ 37.54839862953304, 66.042285522311431, 3.999996489776549 ], [ 37.548398629518488, 66.042285522311431, 3.999996489776549 ], [ 37.496429413069563, 66.058761619999132, 3.999996489776549 ], [ 37.496429413069563, 66.058761619999132, 3.999996489776549 ], [ 37.487513074851449, 66.056493523159588, 3.999996489776549 ], [ 37.469044471876259, 66.057327585578605, 3.999996489776549 ], [ 37.407693694156478, 66.052742302730621, 3.999996489776549 ], [ 37.407693694156478, 66.052742302730621, 3.999996489776549 ], [ 37.363771012533107, 66.045527695681812, 3.999996489776549 ], [ 37.363771012533107, 66.045527695681812, 3.999996489776549 ], [ 37.316767311887816, 66.050147546953667, 3.999996489776549 ], [ 37.303402235749672, 66.052340953738167, 3.999996489776549 ], [ 37.303402235749672, 66.052340953752719, 3.999996489776549 ], [ 37.253771051495278, 66.040034289067989, 3.999996489776549 ], [ 37.235741444648738, 66.035463378841087, 3.999996489776549 ], [ 37.231008580489288, 66.036134958514594, 3.999996489776549 ], [ 37.180593946508452, 66.051849197807314, 3.999996489776549 ], [ 37.131378145186318, 66.040845080478903, 3.999996489776549 ], [ 37.115367725298711, 66.04447461089876, 3.999996489776549 ], [ 37.115367725287797, 66.04447461089876, 3.999996489776549 ], [ 37.092183667995414, 66.045394201981253, 3.999996489776549 ], [ 37.056525980355218, 66.054918941666983, 3.999996489776549 ], [ 37.026076063360961, 66.047957837879949, 3.999996489776549 ], [ 37.026076063353685, 66.047957837879949, 3.999996489776549 ], [ 36.992557908659364, 66.053340095677413, 3.999996489776549 ], [ 36.992557908652088, 66.053340095677413, 3.999996489776549 ], [ 36.952857270181994, 66.057035110894503, 3.999996489776549 ], [ 36.952857270167442, 66.057035110894503, 3.999996489776549 ], [ 36.913509859969054, 66.058157751824183, 3.999996489776549 ], [ 36.913509859961778, 66.058157751824183, 3.999996489776549 ], [ 36.828423091217701, 66.069730961498863, 3.999996489776549 ], [ 36.81285083045077, 66.076650356870232, 3.999996489776549 ], [ 36.789649139300309, 66.075412946844153, 3.999996489776549 ], [ 36.789649139293033, 66.075412946844153, 3.999996489776549 ], [ 36.750646770757157, 66.078895173224737, 3.999996489776549 ], [ 36.718544359882799, 66.084109392813843, 3.999996489776549 ], [ 36.691871204857307, 66.088028178317472, 3.999996489776549 ], [ 36.661841709646978, 66.09066852441174, 3.999996489776549 ], [ 36.633172534282494, 66.092754830453487, 3.999996489776549 ], [ 36.609428600877436, 66.09646415055613, 3.999996489776549 ], [ 36.60942860085197, 66.09646415055613, 3.999996489776549 ], [ 36.573350300128368, 66.100289115631313, 3.999996489776549 ], [ 36.533272345441219, 66.105134235254809, 3.999996489776549 ], [ 36.516023061249143, 66.106487257507979, 3.999996489776549 ], [ 36.500956512401899, 66.108639767906425, 3.999996489776549 ], [ 36.406649549542635, 66.119321714519174, 3.999996489776549 ], [ 36.398057333350152, 66.120004790242092, 3.999996489776549 ], [ 36.398057333342877, 66.120004790242092, 3.999996489776549 ], [ 36.389974504418205, 66.121108561215806, 3.999996489776549 ], [ 36.283422842272557, 66.133797577102087, 3.999996489776549 ], [ 36.279659482726856, 66.134141364014795, 3.999996489776549 ], [ 36.275804532066104, 66.13465547198939, 3.999996489776549 ], [ 36.163214656971832, 66.148563191811263, 3.999996489776549 ], [ 36.161114865299169, 66.148775788085914, 3.999996489776549 ], [ 36.15888907021872, 66.149069184160908, 3.999996489776549 ], [ 36.15888907020053, 66.149069184160908, 3.999996489776549 ], [ 36.098951551510254, 66.153905585357279, 3.999996489776549 ], [ 36.044052694152924, 66.163842072033731, 3.999996489776549 ], [ 36.043164202983462, 66.163940594557062, 3.999996489776549 ], [ 36.042223314678267, 66.164067602949217, 3.999996489776549 ], [ 35.981911619208404, 66.1693466683937, 3.999996489776549 ], [ 35.981911619193852, 66.1693466683937, 3.999996489776549 ], [ 35.929448862007121, 66.179727247130359, 3.999996489776549 ], [ 35.927223203110771, 66.180518073091662, 3.999996489776549 ], [ 35.92415247768804, 66.180571142675035, 3.999996489776549 ], [ 35.817907186468801, 66.194946302082826, 3.999996489776549 ], [ 35.812017914689932, 66.196935007606953, 3.999996489776549 ], [ 35.803799495875865, 66.197002869481366, 3.999996489776549 ], [ 35.707598475262785, 66.210004428288812, 3.999996489776549 ], [ 35.707598475251871, 66.210004428288812, 3.999996489776549 ], [ 35.68342288212807, 66.213735495613946, 3.999996489776549 ], [ 35.596717005526443, 66.225114023356582, 3.999996489776549 ], [ 35.596717005515529, 66.225114023356582, 3.999996489776549 ], [ 35.564473429898499, 66.230005433157203, 3.999996489776549 ], [ 35.479362741411023, 66.239877303465619, 3.999996489776549 ], [ 35.479362741396471, 66.239877303465619, 3.999996489776549 ], [ 35.448611708801764, 66.243857149311225, 3.999996489776549 ], [ 35.352425984143338, 66.25499968980148, 3.999996489776549 ], [ 35.352425984117872, 66.25499968980148, 3.999996489776549 ], [ 35.337599855847657, 66.256837261076726, 3.999996489776549 ], [ 35.293444346778415, 66.261523615368787, 3.999996489776549 ], [ 35.293444346778415, 66.261523615368787, 3.999996489776549 ], [ 35.23228608188947, 66.267199650999828, 3.999996489776549 ], [ 35.206094944627694, 66.269325692202983, 3.999996489776549 ], [ 35.206094944602228, 66.269325692202983, 3.999996489776549 ], [ 35.132000104727922, 66.276028791911813, 3.999996489776549 ], [ 35.04553545750241, 66.283299718124908, 3.999996489776549 ], [ 35.045535457462393, 66.283299718124908, 3.999996489776549 ], [ 35.033252747449296, 66.284381684981781, 3.999996489776549 ], [ 35.015500451969274, 66.286068536661332, 3.999996489776549 ], [ 35.015500451954722, 66.286068536661332, 3.999996489776549 ], [ 34.94116743091945, 66.290758142793493, 3.999996489776549 ], [ 34.880455808328406, 66.293816432786116, 3.999996489776549 ], [ 34.870169720492413, 66.2937695395849, 3.999996489776549 ], [ 34.861456565286062, 66.294647980281297, 3.999996489776549 ], [ 34.861456565286062, 66.294647980281297, 3.999996489776549 ], [ 34.768552139994426, 66.296587514672865, 3.999996489776549 ], [ 34.76855213998715, 66.296587514672865, 3.999996489776549 ], [ 34.76575774385492, 66.29662138949061, 3.999996489776549 ], [ 34.765757743840368, 66.29662138949061, 3.999996489776549 ], [ 34.765496169478865, 66.296626424187707, 3.999996489776549 ], [ 34.765227715251967, 66.296604727191152, 3.999996489776549 ], [ 34.761589993922826, 66.29647576892603, 3.999996489776549 ], [ 34.761589993733651, 66.296475768915116, 3.999996489776549 ], [ 34.65225824839581, 66.291844326056889, 3.999996489776549 ], [ 34.629982817637938, 66.291443793768849, 3.999996489776549 ], [ 34.55787199302722, 66.282321598220733, 3.999996489776549 ], [ 34.557871993019944, 66.282321598220733, 3.999996489776549 ], [ 34.501783327999874, 66.275025875365827, 3.999996489776549 ], [ 34.50178332800715, 66.275025875365827, 3.999996489776549 ], [ 34.470985733361886, 66.267835162561823, 3.999996489776549 ], [ 34.412121856759768, 66.252374604158831, 3.999996489776549 ], [ 34.398143094509578, 66.244453401650389, 3.999996489776549 ], [ 34.398143094502302, 66.244453401661303, 3.999996489776549 ], [ 34.365131499824201, 66.217880285490537, 3.999996489776549 ], [ 34.365131499835115, 66.217880285479623, 3.999996489776549 ], [ 34.369362439021643, 66.207276465731411, 3.999996489776549 ], [ 34.388873293431971, 66.161961505044019, 3.999996489776549 ], [ 34.388873293439246, 66.161961505044019, 3.999996489776549 ], [ 34.420200708289485, 66.151758965625049, 3.999996489776549 ], [ 34.421306010015542, 66.151759401247546, 3.999996489776549 ], [ 34.506236907320272, 66.12282851974669, 3.999996489776549 ], [ 34.510094975543325, 66.120548433576914, 3.999996489776549 ], [ 34.510094975557877, 66.120548433562362, 3.999996489776549 ], [ 34.586864425851672, 66.089881745345338, 3.999996489776549 ], [ 34.591810374950001, 66.086614220523188, 3.999996489776549 ], [ 34.591810374957277, 66.086614220512274, 3.999996489776549 ], [ 34.653637862895266, 66.052932130096451, 3.999996489776549 ], [ 34.662511601680308, 66.051034334304859, 3.999996489776549 ], [ 34.718870072287245, 66.018682288951823, 3.999996489776549 ], [ 34.748365686657053, 65.964620753333293, 3.999996489776549 ], [ 34.748365686667967, 65.964620753307827, 3.999996489776549 ], [ 34.76154127949485, 65.954562074086425, 3.999996489776549 ], [ 34.773871774661529, 65.94791446830277, 3.999996489776549 ], [ 34.773871774654253, 65.94791446830277, 3.999996489776549 ], [ 34.848003253457136, 65.940721461160138, 3.999996489776549 ], [ 34.860555180075607, 65.932796131819487, 3.999996489776549 ], [ 34.867430314188823, 65.933853040442045, 3.999996489776549 ], [ 34.90950441642417, 65.90857636990404, 3.999996489776549 ], [ 34.92020207931273, 65.871232915087603, 3.999996489776549 ], [ 34.92020207931273, 65.871232915076689, 3.999996489776549 ], [ 34.933630841209379, 65.865951993819181, 3.999996489776549 ], [ 34.955298129261791, 65.856473215219012, 3.999996489776549 ], [ 34.991416542939987, 65.84218748674175, 3.999996489776549 ], [ 35.012708275531622, 65.843132939964562, 3.999996489776549 ], [ 35.06875879906147, 65.818910053152649, 3.999996489776549 ], [ 35.063100140316237, 65.768858512568841, 3.999996489776549 ], [ 35.053227040694765, 65.760747841773991, 3.999996489776549 ], [ 35.068625172727479, 65.758715403633687, 3.999996489776549 ], [ 35.118835638357268, 65.705697984245489, 3.999996489776549 ], [ 35.119665955611708, 65.699378320354299, 3.999996489776549 ], [ 35.119665955618984, 65.699378320354299, 3.999996489776549 ], [ 35.124113353340363, 65.695420343741716, 3.999996489776549 ], [ 35.150446885760175, 65.658220677989448, 3.999996489776549 ], [ 35.150446885767451, 65.658220677989448, 3.999996489776549 ], [ 35.154251310290419, 65.610947267468873, 3.999996489776549 ], [ 35.154554058095528, 65.609206565972272, 3.960996489776562 ], [ 35.15476237940311, 65.608008786119171, 3.999996489776549 ], [ 35.153364252386382, 65.607129764382989, 3.999996489776549 ], [ 35.151326753853937, 65.607768702193425, 3.999996489776549 ], [ 35.098827531837742, 65.604789534365409, 3.999996489776549 ], [ 35.04522127605378, 65.607453760374483, 3.999996489776549 ], [ 35.040418329899694, 65.601066744577111, 3.999996489776549 ], [ 35.026625689592038, 65.605364054928941, 3.999996489776549 ], [ 34.991586556108814, 65.600486994739185, 3.999996489776549 ], [ 34.966615332949004, 65.592878102776012, 3.999996489776549 ], [ 34.937636844562803, 65.587064322335209, 3.999996489776549 ], [ 34.941621192407183, 65.570490135261934, 3.999996489776549 ], [ 34.935526223973284, 65.54490841093866, 3.999996489776549 ], [ 34.935526223973284, 65.54490841093866, 3.999996489776549 ], [ 34.92105343118601, 65.527988707905024, 3.999996489776549 ], [ 34.921053431175096, 65.527988707915938, 3.999996489776549 ], [ 34.875361709771823, 65.515170913178736, 3.999996489776549 ], [ 34.874855352107261, 65.514254821875511, 3.999996489776549 ], [ 34.855239805401652, 65.442346857176744, 3.999996489776549 ], [ 34.849789789630449, 65.436586839969095, 3.999996489776549 ], [ 34.851353770231071, 65.429806628621009, 3.999996489776549 ], [ 34.827799467650038, 65.378743015175132, 3.999996489776549 ], [ 34.78219695241205, 65.351759730889171, 3.999996489776549 ], [ 34.776054569461849, 65.348379421226127, 3.999996489776549 ], [ 34.76015869044204, 65.345811614894046, 3.999996489776549 ], [ 34.754455204780243, 65.330699813592219, 3.999996489776549 ], [ 34.756353361502988, 65.294912386503711, 3.999996489776549 ], [ 34.770113769292948, 65.279440086240356, 3.999996489776549 ], [ 34.773416863208695, 65.277213279794523, 3.999996489776549 ], [ 34.811971438826731, 65.242997103319794, 3.999996489776549 ], [ 34.817254865156428, 65.220337385904713, 3.999996489776549 ], [ 34.854190416586789, 65.218673036753898, 3.999996489776549 ], [ 34.861457003604301, 65.2213142425353, 3.999996489776549 ], [ 34.871845258570829, 65.219055043264234, 3.999996489776549 ], [ 34.899194811387133, 65.196866623489768, 3.999996489776549 ], [ 34.91446527689186, 65.187477509869495, 3.999996489776549 ], [ 34.941951601667824, 65.188329123800941, 3.999996489776549 ], [ 34.960051912803465, 65.190627738098556, 3.999996489776549 ], [ 34.994826566988195, 65.191193397025927, 3.999996489776549 ], [ 35.039867001120001, 65.192964055444463, 3.999996489776549 ], [ 35.054173754197109, 65.194618010620616, 3.999996489776549 ], [ 35.107430159994692, 65.20344821308754, 3.999996489776549 ], [ 35.108708996685891, 65.203620001415402, 3.999996489776549 ], [ 35.110451511034626, 65.203416585070954, 3.999996489776549 ], [ 35.121413232809573, 65.202262247061299, 3.999996489776549 ], [ 35.121413232802297, 65.202262247061299, 3.999996489776549 ], [ 35.179225216535997, 65.196647141750873, 3.999996489776549 ], [ 35.182817328888632, 65.199808542656683, 3.999996489776549 ], [ 35.223210712691071, 65.1926114879534, 3.999996489776549 ], [ 35.289210908355017, 65.197174800607172, 3.999996489776549 ], [ 35.289210908365931, 65.197174800607172, 3.999996489776549 ], [ 35.29111103024843, 65.197141453576478, 3.999996489776549 ], [ 35.294410486327251, 65.195898286423471, 3.999996489776549 ], [ 35.328281586113008, 65.195565406193055, 3.999996489776549 ], [ 35.349587444521603, 65.20925335244101, 3.999996489776549 ], [ 35.37539066213867, 65.216238794946548, 3.999996489776549 ], [ 35.380407570570242, 65.205728553792142, 3.999996489776549 ], [ 35.377064761112706, 65.184459276941197, 3.999996489776549 ], [ 35.375531852376298, 65.166554623399861, 3.999996489776549 ], [ 35.388875253924198, 65.167502109954512, 3.999996489776549 ], [ 35.44302327636251, 65.171586439457315, 3.999996489776549 ], [ 35.443023276373424, 65.171586439457315, 3.999996489776549 ], [ 35.448361633716559, 65.171543400567316, 3.999996489776549 ], [ 35.45350222129855, 65.170325664574193, 3.999996489776549 ], [ 35.474250304076122, 65.161114432121394, 3.999996489776549 ], [ 35.477524975463893, 65.159756431803544, 3.999996489776549 ], [ 35.501134248912422, 65.160628015746624, 3.999996489776549 ], [ 35.520227835517289, 65.169792404773034, 3.999996489776549 ], [ 35.5331680727395, 65.171000945290871, 3.999996489776549 ], [ 35.548203943762928, 65.171990133672807, 3.999996489776549 ], [ 35.563445090923778, 65.171286962377053, 3.999996489776549 ], [ 35.573910094262828, 65.168322383913619, 3.999996489776549 ], [ 35.579297619580757, 65.168762900186266, 3.999996489776549 ], [ 35.589231005043985, 65.170096733254468, 3.999996489776549 ], [ 35.606503687122313, 65.177394442620425, 3.999996489776549 ], [ 35.607165350269497, 65.177606145207392, 3.999996489776549 ], [ 35.607872040625807, 65.177919919588021, 3.999996489776549 ], [ 35.641105871141917, 65.191404349545337, 3.999996489776549 ], [ 35.641306101981172, 65.191463588445913, 3.999996489776549 ], [ 35.684302812140231, 65.201662613610097, 3.999996489776549 ], [ 35.684742627454398, 65.201795345677965, 3.999996489776549 ], [ 35.685795616911491, 65.201616359114269, 3.999996489776549 ], [ 35.700223720064969, 65.212448423426395, 3.999996489776549 ], [ 35.731957983764005, 65.20612417596567, 3.999996489776549 ], [ 35.733413157813629, 65.206833436030138, 3.999996489776549 ], [ 35.735148899446358, 65.206352750414226, 3.999996489776549 ], [ 35.735148899490014, 65.206352750399674, 3.999996489776549 ], [ 35.752816179388901, 65.212363988764992, 3.999996489776549 ], [ 35.781069857432158, 65.20415361356936, 3.999996489776549 ], [ 35.784490117606765, 65.204559635763871, 3.999996489776549 ], [ 35.785101692399621, 65.204716520060174, 3.999996489776549 ], [ 35.802455553424807, 65.215565145699657, 3.999996489776549 ], [ 35.820274395849992, 65.208762839367409, 3.999996489776549 ], [ 35.820274395868182, 65.208762839360134, 3.999996489776549 ], [ 35.829868230375723, 65.215731261079782, 3.999996489776549 ], [ 35.844588957799715, 65.206598638240393, 3.999996489776549 ], [ 35.864736320258089, 65.201501885669131, 3.999996489776549 ], [ 35.892762260620657, 65.216953862585797, 3.999996489776549 ], [ 35.900409272140678, 65.220196524973289, 3.999996489776549 ], [ 35.902783161331172, 65.22354335860291, 3.999996489776549 ], [ 35.931491907318559, 65.225316188094439, 3.999996489776549 ], [ 35.94022645838777, 65.229395950518665, 3.999996489776549 ], [ 35.966776581179147, 65.221574479757692, 3.999996489776549 ], [ 35.966776581179147, 65.221574479750416, 3.999996489776549 ], [ 35.969053544064082, 65.221363714845211, 3.999996489776549 ], [ 35.993587801720423, 65.23024651221931, 3.999996489776549 ], [ 36.012623402479221, 65.224663764478464, 3.999996489776549 ], [ 36.017522108621051, 65.225310360168805, 3.999996489776549 ], [ 36.020045171353559, 65.223839399517601, 3.999996489776549 ], [ 36.022155416038004, 65.208770841516525, 3.999996489776549 ], [ 36.031774392260559, 65.20903157333305, 3.999996489776549 ], [ 36.053695536938903, 65.206089648210764, 3.999996489776549 ], [ 36.06046932540994, 65.203577179596323, 3.999996489776549 ], [ 36.08334599034788, 65.198096966018056, 3.999996489776549 ], [ 36.103994492299535, 65.20037675210915, 3.999996489776549 ], [ 36.122088823733066, 65.200148044321395, 3.999996489776549 ], [ 36.127938730933238, 65.211376363582531, 3.999996489776549 ], [ 36.13612855244719, 65.211437048681546, 3.999996489776549 ], [ 36.143306273363123, 65.211263950379362, 3.999996489776549 ], [ 36.174345396520948, 65.199220599275577, 3.999996489776549 ], [ 36.192070464850985, 65.207199996249983, 3.999996489776549 ], [ 36.193805786981102, 65.207830215451395, 3.999996489776549 ], [ 36.194865739860688, 65.208169169462053, 3.999996489776549 ], [ 36.208879969944974, 65.219390255359031, 3.999996489776549 ], [ 36.220502344949637, 65.227514607959165, 3.999996489776549 ], [ 36.221368942278787, 65.227469711739104, 3.999996489776549 ], [ 36.265932893551508, 65.225738362532866, 3.999996489776549 ], [ 36.274317393756064, 65.217200538794714, 3.999996489776549 ], [ 36.280692349766468, 65.211232570371067, 3.999996489776549 ], [ 36.287311736738047, 65.215992961475422, 3.999996489776549 ], [ 36.331030843797635, 65.207381207048456, 3.999996489776549 ], [ 36.35447657061377, 65.179273064801237, 3.999996489776549 ], [ 36.358000700802222, 65.178586708967487, 3.999996489776549 ], [ 36.363533770207141, 65.175715693923848, 3.999996489776549 ], [ 36.389089133484958, 65.153236488546099, 3.999996489776549 ], [ 36.417725503215479, 65.152792889617558, 3.999996489776549 ], [ 36.429642068524117, 65.153555253978993, 3.999996489776549 ], [ 36.443917090811738, 65.14723422483803, 3.999996489776549 ], [ 36.461610377707984, 65.13383685304143, 3.999996489776549 ], [ 36.493161885471636, 65.126535392955702, 3.999996489776549 ], [ 36.520308051964093, 65.1141815943447, 3.999996489776549 ], [ 36.548430914841447, 65.104470732658228, 3.999996489776549 ], [ 36.548430914855999, 65.104470732658228, 3.999996489776549 ], [ 36.587994379213342, 65.083316476764594, 3.999996489776549 ], [ 36.648019957709039, 65.076296000694128, 3.999996489776549 ], [ 36.648019957716315, 65.076296000694128, 3.999996489776549 ], [ 36.674101926717412, 65.074826886371739, 3.999996489776549 ], [ 36.694119744512136, 65.089363528226386, 3.999996489776549 ], [ 36.72155562242915, 65.100059236741799, 3.999996489776549 ], [ 36.745844441375084, 65.115048904568539, 3.999996489776549 ], [ 36.745894281364599, 65.142171753846924, 3.999996489776549 ], [ 36.758490083077049, 65.16619305061613, 3.999996489776549 ], [ 36.719228838839626, 65.215401409081096, 3.999996489776549 ], [ 36.793087664009363, 65.238559728295513, 3.999996489776549 ], [ 36.793087664009363, 65.238559728295513, 3.999996489776549 ], [ 36.870240974556509, 65.220625771955383, 3.999996489776549 ], [ 36.874995441579813, 65.219327552349569, 3.999996489776549 ], [ 36.931207191970316, 65.195935134786851, 3.999996489776549 ], [ 36.931444525456754, 65.195372187114117, 3.999996489776549 ], [ 36.931444525471306, 65.195372187121393, 3.999996489776549 ], [ 36.933199306113238, 65.195615306161926, 3.999996489776549 ], [ 36.983274188831274, 65.234903292483068, 3.999996489776549 ], [ 36.984247149073781, 65.235011724798824, 3.999996489776549 ], [ 37.067192670147051, 65.257844097970519, 3.999996489776549 ], [ 37.116845060078049, 65.194713393360871, 3.999996489776549 ], [ 37.09387146199515, 65.195121868120623, 2.999996489776549 ], [ 37.062349502612051, 65.235200573479233, 2.999996489776549 ], [ 37.000140361800732, 65.218076293604099, 2.999996489776549 ], [ 36.974510641626694, 65.215219969370082, 2.999996489776549 ], [ 36.936954479584529, 65.185753979625588, 2.999996489776549 ], [ 36.908768334167689, 65.181848891777918, 2.999996489776549 ], [ 36.904956120895804, 65.190891222697246, 2.999996489776549 ], [ 36.865446866893762, 65.207332926802337, 2.999996489776549 ], [ 36.836855732017284, 65.215139823754726, 2.999996489776549 ], [ 36.792447782176168, 65.225462261350913, 2.999996489776549 ], [ 36.749936074254947, 65.212132781769469, 2.999996489776549 ], [ 36.785026264973567, 65.16815224651873, 2.999996489776549 ], [ 36.79686685946217, 65.153308117249253, 2.999996489776549 ], [ 36.797211793429597, 65.144961500791396, 2.999996489776549 ], [ 36.797211793422321, 65.144961500791396, 2.999996489776549 ], [ 36.806117973119399, 65.131909201631061, 2.999996489776549 ], [ 36.806117973119399, 65.131909201623785, 2.999996489776549 ], [ 36.799645692852209, 65.106184743661288, 2.999996489776549 ], [ 36.788214449352381, 65.095545091233362, 2.999996489776549 ], [ 36.774147945336153, 65.063009933484864, 2.999996489776549 ], [ 36.780153099032759, 65.051001202937186, 2.999996489776549 ], [ 36.762386786384013, 65.020743034656334, 2.999996489776549 ], [ 36.748258115985664, 65.014740987513505, 2.999996489776549 ], [ 36.740612609693926, 65.010575514366792, 2.999996489776549 ], [ 36.74061260968665, 65.010575514374068, 2.999996489776549 ], [ 36.712125909849419, 64.977648177806259, 2.999996489776549 ], [ 36.712125909860333, 64.977648177798983, 2.999996489776549 ], [ 36.70383961659536, 64.975989689341077, 2.999996489776549 ], [ 36.62040071415322, 64.965602858388593, 2.999996489776549 ], [ 36.602924651524518, 64.96460437733549, 2.999996489776549 ], [ 36.602924651509966, 64.96460437733549, 2.999996489776549 ], [ 36.536267116938689, 64.988581081455777, 2.999996489776549 ], [ 36.460390950451256, 64.979593957625184, 2.999996489776549 ], [ 36.454301192861749, 64.947810477948224, 2.999996489776549 ], [ 36.446611907133047, 64.947496945900639, 2.999996489776549 ], [ 36.368572399256664, 64.928739287417557, 2.999996489776549 ], [ 36.369105485468026, 64.921547706930141, 2.999996489776549 ], [ 36.357611998464563, 64.921737265340198, 2.999996489776549 ], [ 36.328731800451351, 64.919329464388284, 2.999996489776549 ], [ 36.294954757689993, 64.928310381368647, 2.999996489776549 ], [ 36.254123121194425, 64.957586345357413, 2.999996489776549 ], [ 36.257901874185336, 64.970193827211915, 2.999996489776549 ], [ 36.248508395146928, 64.980096521747328, 2.999996489776549 ], [ 36.229858714363218, 64.997843315359205, 2.999996489776549 ], [ 36.223720469894033, 64.996728353580693, 2.999996489776549 ], [ 36.222911092310824, 64.997463667241391, 2.999996489776549 ], [ 36.220179737643775, 64.997842152628436, 2.999996489776549 ], [ 36.182135185150401, 64.997698581879376, 2.999996489776549 ], [ 36.17652701127372, 65.014250553798774, 2.999996489776549 ], [ 36.172493433932686, 65.041119458877802, 2.999996489776549 ], [ 36.168202969289268, 65.051751801001956, 2.999996489776549 ], [ 36.176175203439925, 65.057640714130685, 2.999996489776549 ], [ 36.1790354421355, 65.057926988978579, 2.999996489776549 ], [ 36.215242014732212, 65.074043293847353, 2.999996489776549 ], [ 36.215330933213409, 65.07417148019158, 2.999996489776549 ], [ 36.217501607588929, 65.075250187255733, 2.999996489776549 ], [ 36.217501607603481, 65.075250187263009, 2.999996489776549 ], [ 36.245600629965338, 65.084674920602993, 2.999996489776549 ], [ 36.255999024913763, 65.091725813450466, 2.999996489776549 ], [ 36.255999024921039, 65.091725813450466, 2.999996489776549 ], [ 36.274567234297137, 65.086058891469293, 2.999996489776549 ], [ 36.29095893118938, 65.1255609034597, 2.999996489776549 ], [ 36.277490174026752, 65.130558385422773, 2.999996489776549 ], [ 36.294100335137045, 65.137043816848745, 2.999996489776549 ], [ 36.306784865635564, 65.145870818898402, 2.999996489776549 ], [ 36.323981573539641, 65.149018368687393, 2.999996489776549 ], [ 36.340504273000988, 65.173184650317125, 2.999996489776549 ], [ 36.315268171845673, 65.193364848928468, 2.999996489776549 ], [ 36.312536413257476, 65.196639844820311, 2.999996489776549 ], [ 36.307914356428228, 65.19755029384396, 2.999996489776549 ], [ 36.299543295914191, 65.191530171101476, 2.999996489776549 ], [ 36.295184852799139, 65.179808311913803, 2.999996489776549 ], [ 36.283190372982062, 65.164953620038432, 2.999996489776549 ], [ 36.283546671555087, 65.159753918949718, 2.999996489776549 ], [ 36.279510085740185, 65.164062728657882, 2.999996489776549 ], [ 36.253772696483793, 65.16896553413244, 2.999996489776549 ], [ 36.24779720650622, 65.172387106213137, 2.999996489776549 ], [ 36.231069013287197, 65.184625205412885, 2.999996489776549 ], [ 36.231069013279921, 65.184625205420161, 2.999996489776549 ], [ 36.212595094912103, 65.171809341729386, 2.999996489776549 ], [ 36.212155581208208, 65.16759826397174, 2.999996489776549 ], [ 36.205956850644725, 65.170847422556108, 2.999996489776549 ], [ 36.184719871980633, 65.182489189406624, 2.999996489776549 ], [ 36.166246388893342, 65.16912847938147, 2.999996489776549 ], [ 36.159783485662047, 65.167894357909972, 2.999996489776549 ], [ 36.151839809757803, 65.168960084894934, 2.999996489776549 ], [ 36.130613483808702, 65.180042100113496, 2.999996489776549 ], [ 36.111487974107149, 65.170435800551786, 2.999996489776549 ], [ 36.09862941841493, 65.168486512560776, 2.999996489776549 ], [ 36.071443565535446, 65.170306967607758, 2.999996489776549 ], [ 36.063380102004885, 65.175319491052505, 2.999996489776549 ], [ 36.04588978447282, 65.187564246662077, 2.999996489776549 ], [ 36.039649809776165, 65.190573532072449, 2.999996489776549 ], [ 36.019542279322195, 65.200647835208656, 2.999996489776549 ], [ 36.016427471124189, 65.204733270449651, 2.999996489776549 ], [ 36.012050082070346, 65.216208181103866, 2.999996489776549 ], [ 35.984699383938278, 65.211346197884268, 2.999996489776549 ], [ 35.984699383923726, 65.211346197876992, 2.999996489776549 ], [ 35.978818951625726, 65.213070806963515, 2.999996489776549 ], [ 35.972745384511654, 65.21087183005875, 2.999996489776549 ], [ 35.954713052531588, 65.212540975735465, 2.999996489776549 ], [ 35.938055517381144, 65.21744816298451, 2.999996489776549 ], [ 35.923012804927566, 65.210421964111447, 2.999996489776549 ], [ 35.918686544999218, 65.191170117843285, 2.999996489776549 ], [ 35.915604167224956, 65.186824419783079, 2.999996489776549 ], [ 35.915604167224956, 65.186824419775803, 2.999996489776549 ], [ 35.902322909874783, 65.181192594405729, 2.999996489776549 ], [ 35.890222314927087, 65.170867218635976, 2.999996489776549 ], [ 35.872572390399, 65.17436973902295, 2.999996489776549 ], [ 35.871296794026421, 65.179612455485767, 2.999996489776549 ], [ 35.835736824221385, 65.193994080069388, 2.999996489776549 ], [ 35.825862753121328, 65.194848488139542, 2.999996489776549 ], [ 35.802106716244452, 65.203917306051153, 2.999996489776549 ], [ 35.791666964443721, 65.197390979785268, 2.999996489776549 ], [ 35.791666964443721, 65.197390979777992, 2.999996489776549 ], [ 35.787237588207063, 65.196254726819461, 2.999996489776549 ], [ 35.762466070609662, 65.193314077470859, 2.999996489776549 ], [ 35.761818975501228, 65.19350212001882, 2.999996489776549 ], [ 35.761414341093769, 65.1933644443925, 2.999996489776549 ], [ 35.761414341101045, 65.193364444385224, 2.999996489776549 ], [ 35.739132368362334, 65.199535077019391, 2.999996489776549 ], [ 35.720452083714918, 65.190430200666015, 2.999996489776549 ], [ 35.719798154626915, 65.190560520659346, 2.999996489776549 ], [ 35.719500843297283, 65.190337310763425, 2.999996489776549 ], [ 35.719500843311835, 65.190337310752511, 2.999996489776549 ], [ 35.692266970592755, 65.194966509257938, 2.999996489776549 ], [ 35.680891857402457, 65.191533608594909, 2.999996489776549 ], [ 35.661926664026396, 65.187034974074777, 2.999996489776549 ], [ 35.642620303358854, 65.181323129127122, 2.999996489776549 ], [ 35.626084625455405, 65.174613875722571, 2.999996489776549 ], [ 35.612404012703337, 65.168539608901483, 2.999996489776549 ], [ 35.59959506857922, 65.164441320233891, 2.999996489776549 ], [ 35.583140101254685, 65.15748909541071, 2.999996489776549 ], [ 35.573626843568491, 65.151683415369916, 2.999996489776549 ], [ 35.562057494520559, 65.135514827052248, 2.999996489776549 ], [ 35.562057494520559, 65.135514827044972, 2.999996489776549 ], [ 35.556684118368139, 65.137345410887065, 2.999996489776549 ], [ 35.528295785556111, 65.138718843041715, 2.999996489776549 ], [ 35.528295785556111, 65.138718843034439, 2.999996489776549 ], [ 35.526935408692225, 65.140386224258691, 2.999996489776549 ], [ 35.526505602574616, 65.143047364243102, 2.999996489776549 ], [ 35.497894461161195, 65.143578642422654, 2.999996489776549 ], [ 35.476573266092601, 65.131717350006511, 2.999996489776549 ], [ 35.477160248719883, 65.129617655991751, 2.999996489776549 ], [ 35.472816072022397, 65.125710174008418, 2.999996489776549 ], [ 35.44805847682801, 65.125567404040339, 2.999996489776549 ], [ 35.435571052817977, 65.12852550667958, 2.999996489776549 ], [ 35.435571052817977, 65.12852550667958, 2.999996489776549 ], [ 35.412685857889301, 65.128710011616931, 2.999996489776549 ], [ 35.412685857889301, 65.128710011616931, 2.999996489776549 ], [ 35.40733283843656, 65.114777003727795, 2.999996489776549 ], [ 35.398584933605889, 65.107848509778705, 2.999996489776549 ], [ 35.398584933598613, 65.107848509778705, 2.999996489776549 ], [ 35.39052545431332, 65.106239519474912, 2.999996489776549 ], [ 35.386445826130512, 65.106710514231963, 2.999996489776549 ], [ 35.346679710757599, 65.11205002270799, 2.999996489776549 ], [ 35.320435431134683, 65.108741219148214, 2.999996489776549 ], [ 35.31541583651051, 65.122085322494968, 2.999996489776549 ], [ 35.3205532159227, 65.136446554446593, 2.999996489776549 ], [ 35.306813737373886, 65.156974049074051, 2.999996489776549 ], [ 35.295869306322857, 65.161097685468121, 2.999996489776549 ], [ 35.251125541122747, 65.161882935855829, 2.999996489776549 ], [ 35.226969921448472, 65.160212794675317, 2.999996489776549 ], [ 35.212186219570867, 65.162846867413464, 2.999996489776549 ], [ 35.212186219563591, 65.162846867413464, 2.999996489776549 ], [ 35.180962653066672, 65.135367155853601, 2.999996489776549 ], [ 35.187529751707189, 65.106599850871135, 2.999996489776549 ], [ 35.194442137395527, 65.102986329846317, 2.999996489776549 ], [ 35.187829616486852, 65.084818538500258, 2.999996489776549 ], [ 35.151836180077225, 65.058608470822946, 2.999996489776549 ], [ 35.151836180069949, 65.058608470822946, 2.999996489776549 ], [ 35.137846315650677, 65.048554084547504, 2.999996489776549 ], [ 35.129622150034265, 65.052915748190571, 2.999996489776549 ], [ 35.110776359037118, 65.071975624374318, 2.999996489776549 ], [ 35.087453441788966, 65.075564902126644, 2.999996489776549 ], [ 35.087453441774414, 65.075564902126644, 2.999996489776549 ], [ 35.059880468030315, 65.07611969723439, 2.999996489776549 ], [ 35.034312847245019, 65.085001770385134, 2.999996489776549 ], [ 34.975858180114301, 65.081392239859269, 2.999996489776549 ], [ 34.951425756509707, 65.100204381684307, 2.999996489776549 ], [ 34.923618836026435, 65.092751896543632, 2.999996489776549 ], [ 34.907383012916398, 65.099944552745001, 2.999996489776549 ], [ 34.875213496776269, 65.100674103345227, 2.999996489776549 ], [ 34.852227049643261, 65.111379791138461, 2.999996489776549 ], [ 34.849067506660504, 65.113711836063885, 2.999996489776549 ], [ 34.845635000416223, 65.125313739528792, 2.999996489776549 ], [ 34.853073720820248, 65.163490300408739, 2.999996489776549 ], [ 34.840019512157596, 65.178129586605792, 2.999996489776549 ], [ 34.840019512146682, 65.178129586602154, 2.999996489776549 ], [ 34.818551769098121, 65.171485047299939, 2.999996489776549 ], [ 34.799324346895446, 65.178704581627244, 2.999996489776549 ], [ 34.798157922643441, 65.18652644368558, 2.999996489776549 ], [ 34.78243244994519, 65.207300617053988, 2.999996489776549 ], [ 34.777502324563102, 65.228445086759166, 2.999996489776549 ], [ 34.764877597997838, 65.239649201059365, 2.999996489776549 ], [ 34.735043586155371, 65.259762032099388, 2.999996489776549 ], [ 34.728914521860133, 65.266653595524986, 2.999996489776549 ], [ 34.673094936912094, 65.291991046502517, 2.999996489776549 ], [ 34.671097328086034, 65.308635140310798, 2.999996489776549 ], [ 34.655030071888177, 65.33813269444363, 2.999996489776549 ], [ 34.684502498341317, 65.355790830231854, 2.999996489776549 ], [ 34.693464008269075, 65.36005370694329, 2.999996489776549 ], [ 34.759241985568224, 65.370679423576803, 2.999996489776549 ], [ 34.799293967607809, 65.392721048672684, 2.999996489776549 ], [ 34.809844321360288, 65.398963756852027, 2.999996489776549 ], [ 34.815293718686007, 65.41077756103914, 2.999996489776549 ], [ 34.815293718686007, 65.410777561046416, 2.999996489776549 ], [ 34.808252274768165, 65.441303820807661, 2.999996489776549 ], [ 34.832789651052735, 65.467236903492449, 2.999996489776549 ], [ 34.84579577029217, 65.514915593110345, 2.999996489776549 ], [ 34.855150021354348, 65.52681992174621, 2.999996489776549 ], [ 34.855150021354348, 65.52681992174621, 2.999996489776549 ], [ 34.885242583790387, 65.556865383656259, 2.999996489776549 ], [ 34.88527854665881, 65.560280778645392, 2.999996489776549 ], [ 34.881185449674376, 65.593491361181805, 2.999996489776549 ], [ 34.881185449674376, 65.593491361181805, 2.999996489776549 ], [ 34.883034538248467, 65.598752146699553, 2.999996489776549 ], [ 34.883034538248467, 65.598752146699553, 2.999996489776549 ], [ 34.89015563439898, 65.601877742687066, 2.999996489776549 ], [ 34.9066476961234, 65.605383952566626, 2.999996489776549 ], [ 34.945940246707323, 65.613266981490597, 2.999996489776549 ], [ 35.011389374154533, 65.633209750678361, 2.999996489776549 ], [ 35.022227192825085, 65.634718255270855, 2.999996489776549 ], [ 35.060329662654112, 65.647724559250491, 2.999996489776549 ], [ 35.090894010165357, 65.630593292204139, 2.999996489776549 ], [ 35.11018744256944, 65.629634410379367, 2.999996489776549 ], [ 35.125556110830075, 65.630506534591404, 2.999996489776549 ], [ 35.125556110837351, 65.630506534591404, 2.999996489776549 ], [ 35.1244391086002, 65.644386296178709, 2.999996489776549 ], [ 35.124439108607476, 65.644386296193261, 2.999996489776549 ], [ 35.11716864353366, 65.654656808557775, 2.999996489776549 ], [ 35.089083725706587, 65.679651075857691, 2.999996489776549 ], [ 35.083840346698707, 65.719559186622064, 2.999996489776549 ], [ 35.064286957207514, 65.7402056840765, 2.999996489776549 ], [ 35.009127330493357, 65.747486341835611, 2.999996489776549 ], [ 35.009127330493357, 65.747486341835611, 2.999996489776549 ], [ 35.003421210923989, 65.747860879684595, 2.999996489776549 ], [ 35.000712729830411, 65.748645366842538, 2.999996489776549 ], [ 35.000528840253537, 65.750870698604558, 2.999996489776549 ], [ 35.000528840253537, 65.750870698604558, 2.999996489776549 ], [ 35.00356959488272, 65.754199205573968, 2.999996489776549 ], [ 35.040250744335935, 65.784332470608206, 2.999996489776549 ], [ 35.042953378397215, 65.808237605127943, 2.999996489776549 ], [ 35.042953378397215, 65.808237605127943, 2.999996489776549 ], [ 35.016183067462407, 65.819806706902455, 2.999996489776549 ], [ 34.964809851280734, 65.81752549412704, 2.999996489776549 ], [ 34.964809851280734, 65.81752549412704, 2.999996489776549 ], [ 34.945760585938842, 65.819890770602797, 2.999996489776549 ], [ 34.937318635784322, 65.822161356660217, 2.999996489776549 ], [ 34.937318635777046, 65.822161356660217, 2.999996489776549 ], [ 34.911074814219319, 65.843664961135801, 2.999996489776549 ], [ 34.901695309665229, 65.851831675208814, 2.999996489776549 ], [ 34.901695309657953, 65.851831675208814, 2.999996489776549 ], [ 34.901284980747732, 65.858592790722469, 2.999996489776549 ], [ 34.901700068206992, 65.870411625168344, 2.999996489776549 ], [ 34.901700068206992, 65.870411625168344, 2.999996489776549 ], [ 34.893230134730402, 65.899978511100926, 2.999996489776549 ], [ 34.871157126817707, 65.913239213499764, 2.999996489776549 ], [ 34.856300736973935, 65.910955350173026, 2.999996489776549 ], [ 34.829177440096828, 65.928081095862581, 2.999996489776549 ], [ 34.829177440089552, 65.928081095862581, 2.999996489776549 ], [ 34.759748207801749, 65.934817842149641, 2.999996489776549 ], [ 34.739623705012491, 65.936920611635287, 2.999996489776549 ], [ 34.743434227952093, 65.955036763978569, 2.999996489776549 ], [ 34.713527554216853, 66.009851716713456, 2.999996489776549 ], [ 34.671258701258921, 66.034115750731871, 2.999996489776549 ], [ 34.641750276179664, 66.040426617528283, 2.999996489776549 ], [ 34.598984519598162, 66.063724346862728, 2.999996489776549 ], [ 34.578478427032678, 66.077271621972614, 2.999996489776549 ], [ 34.578478427025402, 66.077271621972614, 2.999996489776549 ], [ 34.526832994095457, 66.097902151228482, 2.999996489776549 ], [ 34.526832994095457, 66.097902151228482, 2.999996489776549 ], [ 34.501195180495415, 66.113053889814182, 2.999996489776549 ], [ 34.437497007511411, 66.134752050937095, 2.999996489776549 ], [ 34.410304686382005, 66.134741285764903, 2.999996489776549 ], [ 34.355240073644381, 66.15267442892582, 2.999996489776549 ], [ 34.326869274991623, 66.153015064952342, 2.999996489776549 ], [ 34.3203557364468, 66.155211722598324, 3.073696489776694 ], [ 34.28765464571552, 66.166239998619858, 3.040496489776615 ], [ 34.284080343324604, 66.167445413866517, 2.999996489776549 ], [ 34.239729299577448, 66.193408472961892, 2.999996489776549 ], [ 34.180181207029818, 66.244204085123783, 2.999996489776549 ], [ 34.180181207022542, 66.244204085123783, 2.999996489776549 ], [ 34.146037487578724, 66.263233327801572, 2.999996489776549 ], [ 34.06492825528403, 66.245187751970661, 2.999996489776549 ], [ 34.04063307513934, 66.241893063717725, 2.999996489776549 ], [ 34.040633075081132, 66.241893063706812, 2.999996489776549 ], [ 33.967434634749225, 66.263499076881999, 2.999996489776549 ], [ 33.953685422075068, 66.265595251192281, 2.999996489776549 ], [ 33.953685422064154, 66.265595251192281, 2.999996489776549 ], [ 33.909657814117963, 66.295180127304775, 2.999996489776549 ], [ 33.908370909233781, 66.305564087211678, 2.999996489776549 ], [ 33.843700463945424, 66.330194810871035, 2.999996489776549 ], [ 33.840524813764205, 66.331828974794917, 2.999996489776549 ], [ 33.839347471952351, 66.371958430510858, 2.999996489776549 ], [ 33.839347471952351, 66.371958430510858, 2.999996489776549 ], [ 33.794260510458116, 66.423685021363781, 2.999996489776549 ], [ 33.770980426372262, 66.410651760364999, 2.999996489776549 ], [ 33.725934650676209, 66.450496337336517, 2.999996489776549 ], [ 33.725934650668933, 66.450496337336517, 2.999996489776549 ], [ 33.725914930091676, 66.459010727474379, 2.999996489776549 ], [ 33.721323881756689, 66.47171718606478, 2.999996489776549 ], [ 33.691412056698027, 66.474311389483773, 2.999996489776549 ], [ 33.691412056698027, 66.474311389483773, 2.999996489776549 ], [ 33.676548721330619, 66.484761555959267, 2.999996489776549 ], [ 33.660691868630238, 66.483555527094722, 2.999996489776549 ], [ 33.633965353885287, 66.5120744564083, 2.999996489776549 ], [ 33.629144652157265, 66.520903472999635, 2.999996489776549 ], [ 33.636054523747589, 66.52627762181146, 3.029396489776673 ], [ 33.643711206179432, 66.532232602341537, 2.999996489776549 ], [ 33.694235516733897, 66.556804704512615, 2.999996489776549 ], [ 33.766575998593908, 66.590150727148284, 2.999996489776549 ], [ 33.786736698137247, 66.593779039521905, 2.999996489776549 ], [ 33.823657816243212, 66.594098274395947, 2.999996489776549 ], [ 33.823657816268678, 66.594098274395947, 2.999996489776549 ], [ 33.861809380658087, 66.590792270406382, 2.999996489776549 ] ] ] ] } },
{ "type": "Feature", "properties": { "gid": 61, "objectid": 61.0, "shape_leng": 0.98798502734600002, "shape_area": 0.0057538581122200004, "z_mean": 0.53273299031700005 }, "geometry": { "type": "MultiPolygon", "coordinates": [ [ [ [ 34.824609374998545, 66.611132813006407, 0.014996489776649 ], [ 34.857265353177354, 66.600084886973491, 0.006196489776585 ], [ 34.869051125580881, 66.596097612695303, -0.000003510223451 ], [ 34.873515045823297, 66.594587412626424, 0.014996489776649 ], [ 34.876597404010681, 66.593544612285768, 0.223396489776633 ], [ 34.884049621687154, 66.591023433786177, 0.127096489776704 ], [ 34.888595534837805, 66.58948549449633, 0.16539648977664 ], [ 34.968635693188844, 66.562406907396507, 0.912696489776636 ], [ 34.974809704304789, 66.560318162173644, 0.925996489776708 ], [ 35.051035451077041, 66.534530038246885, 0.045996489776599 ], [ 35.062548433823395, 66.530635052124126, -0.000003510223451 ], [ 35.195657361175108, 66.48560263643958, -0.000003510223451 ], [ 35.25357646118573, 66.466007880171674, 0.999996489776549 ], [ 35.183895760565065, 66.484129105276224, 0.999996489776549 ], [ 35.183895760514133, 66.484129105287138, 0.999996489776549 ], [ 35.136888016128069, 66.484646404380328, 0.999996489776549 ], [ 35.107088380173082, 66.494276345831167, 0.999996489776549 ], [ 35.10708838015853, 66.494276345831167, 0.999996489776549 ], [ 35.054273609708616, 66.515077158710483, 0.999996489776549 ], [ 35.024004329621675, 66.525424579514947, 0.999996489776549 ], [ 34.974489407479268, 66.558426363331819, 0.999996489776549 ], [ 34.964223335249699, 66.561310606506595, 0.999996489776549 ], [ 34.885596630418149, 66.573117904812534, 0.999996489776549 ], [ 34.84875967384869, 66.579307441530545, 0.999996489776549 ], [ 34.848759673823224, 66.579307441530545, 0.999996489776549 ], [ 34.832808789022238, 66.59637728819871, 0.999996489776549 ], [ 34.832808789014962, 66.59637728819871, 0.999996489776549 ], [ 34.786589007515431, 66.60199579984328, 0.999996489776549 ], [ 34.794648780367424, 66.603932715643168, 0.090396489776595 ], [ 34.805951814647415, 66.60664904848818, -0.000003510223451 ], [ 34.817121504227543, 66.60933333608773, 0.014096489776648 ], [ 34.824609374998545, 66.611132813006407, 0.014996489776649 ] ] ] ] } },
{ "type": "Feature", "properties": { "gid": 62, "objectid": 62.0, "shape_leng": 0.0055810259655500001, "shape_area": 9.36944208461e-08, "z_mean": 1.00287753144 }, "geometry": { "type": "MultiPolygon", "coordinates": [ [ [ [ 34.44421653482641, 66.643614856937347, 0.999996489776549 ], [ 34.444195398613374, 66.643592972977785, 1.007596489776688 ], [ 34.444157701167569, 66.643553941907157, 0.999996489776549 ], [ 34.441463524974097, 66.643949514891574, 0.999996489776549 ], [ 34.441463524588471, 66.643949514942506, 0.999996489776549 ], [ 34.44421653482641, 66.643614856937347, 0.999996489776549 ] ] ] ] } },
{ "type": "Feature", "properties": { "gid": 63, "objectid": 63.0, "shape_leng": 1.3172938754300001, "shape_area": 0.0286142078157, "z_mean": 0.53716698269700003 }, "geometry": { "type": "MultiPolygon", "coordinates": [ [ [ [ 33.44547246219372, 66.569021897194034, 0.999996489776549 ], [ 33.457780356122385, 66.555501101673144, 0.999996489776549 ], [ 33.445319027348887, 66.532179108820856, 0.999996489776549 ], [ 33.359052813942981, 66.562984493350086, 0.999996489776549 ], [ 33.458105135196092, 66.478218452539295, 0.999996489776549 ], [ 33.42741368186762, 66.481738236958336, -0.000003510223451 ], [ 33.405273437998403, 66.484277343999565, 0.048396489776678 ], [ 33.306005415899563, 66.509300727815571, 0.225096489776661 ], [ 33.231463282110781, 66.528091234416934, -0.000003510223451 ], [ 33.217382812999858, 66.531640624998545, -0.000003510223451 ], [ 33.213225146148034, 66.536734650129802, -0.000003510223451 ], [ 33.182910155999707, 66.573876953007129, 0.309996489776495 ], [ 33.184595314258331, 66.575094232022821, 0.33749648977664 ], [ 33.224414063002769, 66.603857421996508, 0.152196489776543 ], [ 33.216976544441422, 66.616761268065602, 0.132896489776613 ], [ 33.209137758170982, 66.630361300172808, -0.000003510223451 ], [ 33.188995472497481, 66.665307492454303, -0.000003510223451 ], [ 33.1805664060048, 66.679931641006988, 0.633096489776563 ], [ 33.120103208289947, 66.68573413870763, 0.698896489776644 ], [ 33.110378777953883, 66.686667367292102, 0.390096489776624 ], [ 33.081036230367317, 66.689483296166145, 0.704496489776602 ], [ 33.032890415601287, 66.694103726276808, 0.999996489776549 ], [ 33.069219098109897, 66.697219104076794, 0.999996489776549 ], [ 33.069219098117173, 66.697219104076794, 0.999996489776549 ], [ 33.112206301168044, 66.71110261305148, 0.999996489776549 ], [ 33.124795283853018, 66.692063404367218, 0.999996489776549 ], [ 33.178377897413156, 66.688213546392944, 0.999996489776549 ], [ 33.221925441881467, 66.679741201831348, 0.999996489776549 ], [ 33.258371727919439, 66.649312612134963, 0.999996489776549 ], [ 33.258371727926715, 66.649312612120411, 0.999996489776549 ], [ 33.298206009021669, 66.614766067457822, 0.999996489776549 ], [ 33.334887520340999, 66.611400444508035, 0.999996489776549 ], [ 33.334887520355551, 66.611400444508035, 0.999996489776549 ], [ 33.395646546712669, 66.602158608511672, 0.999996489776549 ], [ 33.422670167452452, 66.590390045956156, 0.999996489776549 ], [ 33.44547246219372, 66.569021897194034, 0.999996489776549 ] ] ] ] } },
{ "type": "Feature", "properties": { "gid": 64, "objectid": 64.0, "shape_leng": 18.513932594500002, "shape_area": 0.345057378277, "z_mean": 2.1663905369299998 }, "geometry": { "type": "MultiPolygon", "coordinates": [ [ [ [ 33.788915473454836, 66.703579821525636, 1.999996489776549 ], [ 33.864762408738898, 66.676244840902655, 1.999996489776549 ], [ 33.883507133057719, 66.67210950079243, 1.999996489776549 ], [ 33.926472671624651, 66.641187991554034, 1.999996489776549 ], [ 33.926472671631927, 66.641187991554034, 1.999996489776549 ], [ 33.977349254910223, 66.659745398999803, 1.999996489776549 ], [ 34.012223071767949, 66.662011574873759, 1.999996489776549 ], [ 34.085114465819061, 66.652874924580829, 1.999996489776549 ], [ 34.105265243204485, 66.646809116449731, 1.999996489776549 ], [ 34.105265243229951, 66.646809116449731, 1.999996489776549 ], [ 34.193343609975273, 66.636677101709211, 1.999996489776549 ], [ 34.201519497848494, 66.63677809192086, 1.999996489776549 ], [ 34.201519497870322, 66.63677809192086, 1.999996489776549 ], [ 34.274475345402607, 66.612217306701496, 1.999996489776549 ], [ 34.278953215376532, 66.607854297271842, 1.999996489776549 ], [ 34.336151755156607, 66.574345683369756, 1.999996489776549 ], [ 34.388450467980874, 66.555612162090256, 1.999996489776549 ], [ 34.405672460041387, 66.541775302477618, 1.999996489776549 ], [ 34.433290399538237, 66.532261372045468, 1.999996489776549 ], [ 34.433290399556427, 66.532261372045468, 1.999996489776549 ], [ 34.510064440255519, 66.45635658257379, 1.999996489776549 ], [ 34.529350939352298, 66.47553909997805, 1.999996489776549 ], [ 34.544131700553407, 66.496477620021324, 1.999996489776549 ], [ 34.544131700553407, 66.496477620021324, 1.999996489776549 ], [ 34.560955154873227, 66.519563803107303, 1.999996489776549 ], [ 34.560955154880503, 66.519563803107303, 1.999996489776549 ], [ 34.603454932726891, 66.532426959802251, 1.999996489776549 ], [ 34.638278313279443, 66.523011137276626, 1.999996489776549 ], [ 34.650646081958257, 66.539609307048522, 1.999996489776549 ], [ 34.689657633811294, 66.5445712946821, 1.999996489776549 ], [ 34.762044316175889, 66.562773360081337, 1.999996489776549 ], [ 34.76204431619044, 66.562773360081337, 1.999996489776549 ], [ 34.780046937776206, 66.596151316894975, 1.999996489776549 ], [ 34.808329347644758, 66.565884883038962, 1.999996489776549 ], [ 34.882003260827332, 66.553505809628405, 1.999996489776549 ], [ 34.913670988564263, 66.54875029672985, 1.999996489776549 ], [ 34.913670988571539, 66.54875029672985, 1.999996489776549 ], [ 34.970163972688169, 66.532878646885365, 1.999996489776549 ], [ 34.992218659219361, 66.518179159033025, 1.999996489776549 ], [ 34.992218659219361, 66.518179159018473, 1.999996489776549 ], [ 35.052757219415071, 66.497484317420458, 1.999996489776549 ], [ 35.078456760322297, 66.487362691652379, 1.999996489776549 ], [ 35.138056032250461, 66.46810280876889, 1.999996489776549 ], [ 35.199357120091008, 66.46742821783846, 1.999996489776549 ], [ 35.220992492613732, 66.461801117005962, 1.999996489776549 ], [ 35.263125106223015, 66.435030178774468, 1.999996489776549 ], [ 35.32043675794921, 66.41962736028654, 1.999996489776549 ], [ 35.349794326324627, 66.406550361421978, 1.999996489776549 ], [ 35.357583689441526, 66.377957703334687, 1.999996489776549 ], [ 35.406848716782406, 66.391194070540223, 1.999996489776549 ], [ 35.445834957838088, 66.38125371903152, 1.999996489776549 ], [ 35.445834957856277, 66.38125371903152, 1.999996489776549 ], [ 35.457530842788401, 66.354961240074772, 1.999996489776549 ], [ 35.506251118189539, 66.370163164934638, 1.999996489776549 ], [ 35.55068947088148, 66.3631256681183, 1.999996489776549 ], [ 35.565695315963239, 66.338573954097228, 1.999996489776549 ], [ 35.613790941340994, 66.355386795770755, 1.999996489776549 ], [ 35.673221966819256, 66.357724335641251, 1.999996489776549 ], [ 35.673221966826532, 66.357724335641251, 1.999996489776549 ], [ 35.684727812036726, 66.341801901780855, 1.999996489776549 ], [ 35.727682067317801, 66.337394481932279, 1.999996489776549 ], [ 35.794526994122862, 66.328903637553594, 1.999996489776549 ], [ 35.825009698215581, 66.34068214004219, 1.999996489776549 ], [ 35.882456229584932, 66.330656126297981, 1.999996489776549 ], [ 35.902696065386408, 66.305671062877082, 1.999996489776549 ], [ 35.945969970856822, 66.323505842963641, 1.999996489776549 ], [ 35.945969970864098, 66.323505842963641, 1.999996489776549 ], [ 35.98900140544356, 66.316339511937258, 1.999996489776549 ], [ 35.989001405450836, 66.316339511937258, 1.999996489776549 ], [ 36.012522248489404, 66.290706079358642, 1.999996489776549 ], [ 36.078241135444841, 66.282535934926273, 1.999996489776549 ], [ 36.125980824483122, 66.290260937668791, 1.999996489776549 ], [ 36.159122137094528, 66.303580180378049, 1.999996489776549 ], [ 36.223332573263178, 66.304680315028236, 1.999996489776549 ], [ 36.234326836445689, 66.294938946586626, 1.999996489776549 ], [ 36.251209163106978, 66.300374661488604, 1.999996489776549 ], [ 36.31555094075884, 66.276437679323863, 1.999996489776549 ], [ 36.346483690544119, 66.25021658566402, 1.999996489776549 ], [ 36.346483690544119, 66.25021658566402, 1.999996489776549 ], [ 36.38538594005513, 66.268538246589742, 1.999996489776549 ], [ 36.429769158894487, 66.268564987236459, 1.999996489776549 ], [ 36.455680987364758, 66.249602310101182, 1.999996489776549 ], [ 36.485142704448663, 66.263682880948181, 1.999996489776549 ], [ 36.536077509605093, 66.253306537091703, 1.999996489776549 ], [ 36.573332862019015, 66.229982032673433, 1.999996489776549 ], [ 36.612348689868668, 66.250853145746078, 1.999996489776549 ], [ 36.612348689879582, 66.250853145746078, 1.999996489776549 ], [ 36.651968719455908, 66.254356873996585, 1.999996489776549 ], [ 36.687299022265506, 66.23347396247118, 1.999996489776549 ], [ 36.68729902227642, 66.233473962456628, 1.999996489776549 ], [ 36.727549733550404, 66.253804242420301, 1.999996489776549 ], [ 36.72754973355768, 66.253804242420301, 1.999996489776549 ], [ 36.770599312381819, 66.249999363433744, 1.999996489776549 ], [ 36.803858809482335, 66.224185725437565, 1.999996489776549 ], [ 36.803858809489611, 66.224185725426651, 1.999996489776549 ], [ 36.848945243084017, 66.222285890169587, 1.999996489776549 ], [ 36.848945243091293, 66.222285890169587, 1.999996489776549 ], [ 36.889451111066592, 66.241491504373698, 1.999996489776549 ], [ 36.92732668582903, 66.237406745480257, 1.999996489776549 ], [ 36.92732668582903, 66.237406745480257, 1.999996489776549 ], [ 36.963563146295201, 66.212243110552663, 1.999996489776549 ], [ 37.000030000494007, 66.230158363359806, 1.999996489776549 ], [ 37.039016718081257, 66.226095060919761, 1.999996489776549 ], [ 37.105419089053612, 66.22109980008463, 1.999996489776549 ], [ 37.150848185090581, 66.217432590776298, 1.999996489776549 ], [ 37.195330061724235, 66.190315475989337, 1.999996489776549 ], [ 37.248821319051785, 66.198728931853111, 1.999996489776549 ], [ 37.248821319062699, 66.198728931853111, 1.999996489776549 ], [ 37.300390572912875, 66.191566031466209, 1.999996489776549 ], [ 37.35089359209087, 66.176232604830147, 1.999996489776549 ], [ 37.35089359209087, 66.176232604830147, 1.999996489776549 ], [ 37.397470804069599, 66.165462740209477, 1.999996489776549 ], [ 37.397470804069599, 66.165462740209477, 1.999996489776549 ], [ 37.437639053459861, 66.149001762398257, 1.999996489776549 ], [ 37.489562341757846, 66.135355736132624, 1.999996489776549 ], [ 37.531611512982636, 66.122901772057958, 1.999996489776549 ], [ 37.584133868738718, 66.110523271876446, 1.999996489776549 ], [ 37.584133868738718, 66.110523271861894, 1.999996489776549 ], [ 37.630135006013006, 66.100218979114288, 1.999996489776549 ], [ 37.63731696517425, 66.079193471039616, 1.999996489776549 ], [ 37.685812121810159, 66.091591281907313, 1.999996489776549 ], [ 37.779173637492931, 66.100666344031197, 1.999996489776549 ], [ 37.779173637492931, 66.100666344031197, 1.999996489776549 ], [ 37.779468490694853, 66.100129795733665, 1.999996489776549 ], [ 37.779468490705767, 66.100129795733665, 1.999996489776549 ], [ 37.780795342445344, 66.100482737107086, 1.999996489776549 ], [ 37.850793487283227, 66.076338997070707, 1.999996489776549 ], [ 37.86141087994838, 66.059391203823907, 1.999996489776549 ], [ 37.901530392864515, 66.072349310743448, 1.999996489776549 ], [ 37.967388616878452, 66.070061639129563, 1.999996489776549 ], [ 37.967388616889366, 66.070061639129563, 1.999996489776549 ], [ 37.977394012785226, 66.057100634159724, 1.999996489776549 ], [ 38.015504798182519, 66.054937364875514, 1.999996489776549 ], [ 38.087062606715335, 66.047729002111737, 1.999996489776549 ], [ 38.122318132929649, 66.05922620968704, 1.999996489776549 ], [ 38.18606773049396, 66.054727357033698, 1.999996489776549 ], [ 38.186067730508512, 66.054727357033698, 1.999996489776549 ], [ 38.199347486854094, 66.042437436171895, 1.999996489776549 ], [ 38.199347486854094, 66.042437436157343, 1.999996489776549 ], [ 38.227112842097995, 66.051135535886715, 1.999996489776549 ], [ 38.311262732047908, 66.056089684840117, 1.999996489776549 ], [ 38.311262732087926, 66.056089684840117, 1.999996489776549 ], [ 38.319690421649284, 66.055604607263376, 1.999996489776549 ], [ 38.319690421751147, 66.055604607263376, 1.999996489776549 ], [ 38.397034419554984, 66.037387748212495, 1.999996489776549 ], [ 38.397034419554984, 66.037387748212495, 1.999996489776549 ], [ 38.420437184042385, 66.023361122439383, 1.999996489776549 ], [ 38.420437184042385, 66.023361122450297, 1.999996489776549 ], [ 38.474074380006641, 66.02409986492421, 1.999996489776549 ], [ 38.474074380021193, 66.02409986492421, 1.999996489776549 ], [ 38.535595439832832, 66.048988909635227, 1.999996489776549 ], [ 38.55083957264651, 66.054340294918802, 1.999996489776549 ], [ 38.55083957264651, 66.054340294918802, 1.999996489776549 ], [ 38.622991011139675, 66.044002235557855, 1.999996489776549 ], [ 38.647714633825672, 66.030181048452505, 1.999996489776549 ], [ 38.687989181657031, 66.047144150918029, 1.999996489776549 ], [ 38.687989181657031, 66.047144150918029, 1.999996489776549 ], [ 38.742299182031275, 66.049656660095934, 1.999996489776549 ], [ 38.757901881202997, 66.034633298942936, 1.999996489776549 ], [ 38.797021143269376, 66.059785752870084, 1.999996489776549 ], [ 38.845400693160627, 66.078835467287718, 1.999996489776549 ], [ 38.856566027076042, 66.070193364659644, 1.999996489776549 ], [ 38.879690482866863, 66.081693476065993, 1.999996489776549 ], [ 38.879690482866863, 66.081693476065993, 1.999996489776549 ], [ 38.94456233330493, 66.08083742814415, 1.999996489776549 ], [ 38.97463731859898, 66.066536087375425, 1.999996489776549 ], [ 38.974637318613532, 66.066536087364511, 1.999996489776549 ], [ 39.033400385957066, 66.065179241930309, 1.999996489776549 ], [ 39.088815267328755, 66.070042121682491, 1.999996489776549 ], [ 39.088815267328755, 66.070042121682491, 1.999996489776549 ], [ 39.114383128515328, 66.089682107980479, 1.999996489776549 ], [ 39.114383128515328, 66.089682107980479, 1.999996489776549 ], [ 39.162057947767607, 66.096334298545116, 1.999996489776549 ], [ 39.162057947767607, 66.096334298545116, 1.999996489776549 ], [ 39.196862275148305, 66.083925562685181, 1.999996489776549 ], [ 39.196862275162857, 66.083925562670629, 1.999996489776549 ], [ 39.219091718241543, 66.106373351918592, 1.999996489776549 ], [ 39.219091718241543, 66.106373351918592, 1.999996489776549 ], [ 39.260470665885805, 66.118440870806808, 1.999996489776549 ], [ 39.319310823881096, 66.128679410117911, 1.999996489776549 ], [ 39.364406455653807, 66.135335767263314, 1.999996489776549 ], [ 39.364406455653807, 66.135335767263314, 1.999996489776549 ], [ 39.406184707593638, 66.14414323787787, 1.999996489776549 ], [ 39.406184707619104, 66.144143237888784, 1.999996489776549 ], [ 39.452631345622649, 66.131076193392801, 1.999996489776549 ], [ 39.452631345622649, 66.131076193392801, 1.999996489776549 ], [ 39.472080112427648, 66.156024539297505, 1.999996489776549 ], [ 39.515032013550808, 66.160489073823555, 1.999996489776549 ], [ 39.561340397329332, 66.145728838240757, 1.999996489776549 ], [ 39.588715249206871, 66.165200437619205, 1.999996489776549 ], [ 39.625649920704745, 66.169684776486974, 1.999996489776549 ], [ 39.672977300509956, 66.16063056053099, 1.999996489776549 ], [ 39.697112756941351, 66.179836765535583, 1.999996489776549 ], [ 39.737131597768894, 66.184198649822065, 1.999996489776549 ], [ 39.783936843927222, 66.172079798525374, 1.999996489776549 ], [ 39.783936843927222, 66.172079798525374, 1.999996489776549 ], [ 39.802352686958329, 66.191610339177714, 1.999996489776549 ], [ 39.841123525406147, 66.201110507900012, 1.999996489776549 ], [ 39.889479121837212, 66.192733482184849, 1.999996489776549 ], [ 39.900522988355078, 66.215504449421132, 1.999996489776549 ], [ 39.900522988355078, 66.215504449421132, 1.999996489776549 ], [ 39.94252928834976, 66.223167444597493, 1.999996489776549 ], [ 39.942529288364312, 66.223167444597493, 1.999996489776549 ], [ 39.994836347399541, 66.212574433418922, 1.999996489776549 ], [ 39.994836347410455, 66.212574433418922, 1.999996489776549 ], [ 40.00587663274564, 66.231846943959681, 1.999996489776549 ], [ 40.038440249270934, 66.240499572260887, 1.999996489776549 ], [ 40.093053554195649, 66.25761901973965, 1.999996489776549 ], [ 40.116981102666614, 66.268124423208064, 1.999996489776549 ], [ 40.178516459931416, 66.288217752131459, 1.999996489776549 ], [ 40.178516459945968, 66.288217752131459, 1.999996489776549 ], [ 40.200692943632021, 66.296558717389416, 1.999996489776549 ], [ 40.267178470690851, 66.322667493310291, 1.999996489776549 ], [ 40.286974403919885, 66.332566423530807, 1.999996489776549 ], [ 40.36138392034627, 66.352522335626418, 1.999996489776549 ], [ 40.389377681131009, 66.356241762347054, 1.999996489776549 ], [ 40.461845437708689, 66.375613698433881, 1.999996489776549 ], [ 40.485508597135777, 66.381844802548585, 1.999996489776549 ], [ 40.550814980859286, 66.405700597195391, 1.999996489776549 ], [ 40.550814980859286, 66.405700597195391, 1.999996489776549 ], [ 40.566300933107414, 66.415156815695809, 1.999996489776549 ], [ 40.617012160881131, 66.439898351607553, 1.999996489776549 ], [ 40.624445365039719, 66.450085543197929, 1.999996489776549 ], [ 40.626173492906673, 66.451621158223134, 1.999996489776549 ], [ 40.630485327568749, 66.443590818900702, 2.267596489776679 ], [ 40.634930184925906, 66.435312738736684, 2.527896489776595 ], [ 40.636248806200456, 66.432856945080857, 2.65059648977649 ], [ 40.637166987173259, 66.431146929415263, 2.667596489776543 ], [ 40.661227839373169, 66.386336118430336, 2.999496489776675 ], [ 40.66127350140232, 66.386251077678025, 2.999996489776549 ], [ 40.659323954707361, 66.385504077672522, 2.999996489776549 ], [ 40.588736771154799, 66.357940567755577, 2.999996489776549 ], [ 40.584868533587724, 66.355623763654876, 2.999996489776549 ], [ 40.584868533587724, 66.355623763654876, 2.999996489776549 ], [ 40.580097438476514, 66.354223911457666, 2.999996489776549 ], [ 40.580097438487428, 66.354223911457666, 2.999996489776549 ], [ 40.487792721731239, 66.331114392403833, 2.999996489776549 ], [ 40.487792721731239, 66.331114392403833, 2.999996489776549 ], [ 40.472332943878428, 66.326342687039869, 2.999996489776549 ], [ 40.472332943878428, 66.326342687039869, 2.999996489776549 ], [ 40.388366882070841, 66.306342871015659, 2.999996489776549 ], [ 40.363604324647895, 66.299806148934294, 2.999996489776549 ], [ 40.363604324636981, 66.299806148934294, 2.999996489776549 ], [ 40.293206090918829, 66.278373833174555, 2.999996489776549 ], [ 40.293206090918829, 66.278373833174555, 2.999996489776549 ], [ 40.257329410280363, 66.269132641344186, 2.999996489776549 ], [ 40.201114493767818, 66.25277810676198, 2.999996489776549 ], [ 40.126731872449454, 66.243248707098246, 2.999996489776549 ], [ 40.126731872449454, 66.243248707098246, 2.999996489776549 ], [ 40.107522167909337, 66.241438404264045, 2.999996489776549 ], [ 40.107522167909337, 66.241438404264045, 2.999996489776549 ], [ 40.084378701078094, 66.238567679269181, 2.999996489776549 ], [ 40.025765373902686, 66.220194358389563, 2.999996489776549 ], [ 40.021568265448877, 66.219079126716679, 2.999996489776549 ], [ 40.003516093696817, 66.187566293494456, 2.999996489776549 ], [ 40.003516093696817, 66.18756629350537, 2.999996489776549 ], [ 39.91798786821164, 66.204887119136401, 2.999996489776549 ], [ 39.913172072265297, 66.204008596112544, 2.999996489776549 ], [ 39.913172072265297, 66.204008596112544, 2.999996489776549 ], [ 39.896279071959725, 66.169177501757076, 2.999996489776549 ], [ 39.896279071959725, 66.169177501771628, 2.999996489776549 ], [ 39.822313028969802, 66.181991229444975, 2.999996489776549 ], [ 39.813699030437419, 66.179880508781935, 2.999996489776549 ], [ 39.813699030437419, 66.179880508781935, 2.999996489776549 ], [ 39.786075265878026, 66.150584697796148, 2.999996489776549 ], [ 39.715867396655085, 66.168762974735728, 2.999996489776549 ], [ 39.715867396640533, 66.168762974735728, 2.999996489776549 ], [ 39.709885128533642, 66.168110931997944, 2.999996489776549 ], [ 39.709885128533642, 66.168110931997944, 2.999996489776549 ], [ 39.672793333382288, 66.138594497388112, 2.999996489776549 ], [ 39.672793333382288, 66.138594497388112, 2.999996489776549 ], [ 39.600685672045074, 66.15238943845543, 2.999996489776549 ], [ 39.600467104974086, 66.152255489239906, 2.999996489776549 ], [ 39.600467104974086, 66.152255489239906, 2.999996489776549 ], [ 39.599908421019791, 66.15227286643858, 2.999996489776549 ], [ 39.55921559599301, 66.12332825735939, 2.999996489776549 ], [ 39.489753020334319, 66.145468610735406, 2.999996489776549 ], [ 39.478335168641934, 66.144281808941741, 2.999996489776549 ], [ 39.44916201842716, 66.106859290088323, 2.999996489776549 ], [ 39.44916201842716, 66.106859290088323, 2.999996489776549 ], [ 39.379492061394558, 66.126459856801375, 2.999996489776549 ], [ 39.365184683472762, 66.123443650900299, 2.999996489776549 ], [ 39.365184683472762, 66.123443650900299, 2.999996489776549 ], [ 39.349741235830152, 66.121164115182182, 2.999996489776549 ], [ 39.2614809988263, 66.105806306219165, 2.999996489776549 ], [ 39.2614809988263, 66.105806306219165, 2.999996489776549 ], [ 39.244417577345303, 66.100830027877237, 2.999996489776549 ], [ 39.244417577345303, 66.100830027877237, 2.999996489776549 ], [ 39.211073412734549, 66.067158343998017, 2.999996489776549 ], [ 39.158866921639856, 66.085771447815205, 2.999996489776549 ], [ 39.137844692762883, 66.082838161961263, 2.999996489776549 ], [ 39.099492900990299, 66.053378182517918, 2.999996489776549 ], [ 39.099492900979385, 66.053378182517918, 2.999996489776549 ], [ 39.016370578934584, 66.046083862893283, 2.999996489776549 ], [ 38.983660977912223, 66.046839131031447, 2.999996489776549 ], [ 38.938548499954777, 66.068291142222733, 2.999996489776549 ], [ 38.911361728445627, 66.068649898428703, 2.999996489776549 ], [ 38.862294382422988, 66.044248029222217, 2.999996489776549 ], [ 38.838602871259354, 66.062585543597379, 2.999996489776549 ], [ 38.817696714904741, 66.054353629304387, 2.999996489776549 ], [ 38.759017821805173, 66.01662494842094, 2.999996489776549 ], [ 38.759017821805173, 66.01662494842094, 2.999996489776549 ], [ 38.735613773038494, 66.039159990134067, 2.999996489776549 ], [ 38.708728772482573, 66.037916226374364, 2.999996489776549 ], [ 38.708728772482573, 66.037916226374364, 2.999996489776549 ], [ 38.648316950730077, 66.012471572677896, 2.999996489776549 ], [ 38.611231516719272, 66.033203353330464, 2.999996489776549 ], [ 38.611231516719272, 66.033203353345016, 2.999996489776549 ], [ 38.58036585606169, 66.037625870438205, 2.999996489776549 ], [ 38.580365856050776, 66.037625870438205, 2.999996489776549 ], [ 38.533971834105614, 66.02133945458263, 2.999996489776549 ], [ 38.497896570028388, 66.006744797385181, 2.999996489776549 ], [ 38.497896570017474, 66.006744797385181, 2.999996489776549 ], [ 38.41744077606927, 66.005636683654302, 2.999996489776549 ], [ 38.382336629332713, 66.026676622332161, 2.999996489776549 ], [ 38.382336629321799, 66.026676622332161, 2.999996489776549 ], [ 38.348165788382175, 66.034724892513623, 2.999996489776549 ], [ 38.307606389884313, 66.026511343407037, 2.999996489776549 ], [ 38.307606389884313, 66.026511343421589, 2.999996489776549 ], [ 38.286652436370787, 66.039557407570101, 2.999996489776549 ], [ 38.242000158770679, 66.036928597131919, 2.999996489776549 ], [ 38.242000158770679, 66.036928597131919, 2.999996489776549 ], [ 38.189649332867702, 66.020528565488348, 2.999996489776549 ], [ 38.189649332853151, 66.020528565488348, 2.999996489776549 ], [ 38.164610711675778, 66.043700878697564, 2.999996489776549 ], [ 38.164610711661226, 66.043700878697564, 2.999996489776549 ], [ 38.133697187618964, 66.04588246759522, 2.999996489776549 ], [ 38.133697187604412, 66.04588246759522, 2.999996489776549 ], [ 38.075396423733764, 66.026869959296164, 2.999996489776549 ], [ 38.034060473324644, 66.031033928160468, 2.999996489776549 ], [ 37.962250466865953, 66.035110054632241, 2.999996489776549 ], [ 37.962250466865953, 66.035110054643155, 2.999996489776549 ], [ 37.94339786286946, 66.059531746304856, 2.999996489776549 ], [ 37.94339786286946, 66.059531746304856, 2.999996489776549 ], [ 37.910171476007235, 66.060685909178574, 2.999996489776549 ], [ 37.845307757135743, 66.039735729500535, 2.999996489776549 ], [ 37.845307757121191, 66.039735729500535, 2.999996489776549 ], [ 37.82814195616811, 66.067136283912987, 2.999996489776549 ], [ 37.794498739185656, 66.078740491881035, 2.999996489776549 ], [ 37.794498739171104, 66.078740491881035, 2.999996489776549 ], [ 37.747180427777494, 66.066153863150248, 2.999996489776549 ], [ 37.747180427762942, 66.066153863150248, 2.999996489776549 ], [ 37.736665345029905, 66.085288299243985, 2.999996489776549 ], [ 37.691488182717876, 66.080896922852844, 2.999996489776549 ], [ 37.618745447762194, 66.062300206551299, 2.999996489776549 ], [ 37.618745447747642, 66.062300206551299, 2.999996489776549 ], [ 37.607972509009414, 66.093838468659669, 2.999996489776549 ], [ 37.587385803100915, 66.098449907807662, 2.999996489776549 ], [ 37.587385803100915, 66.098449907807662, 2.999996489776549 ], [ 37.508602269477706, 66.117017658085388, 2.999996489776549 ], [ 37.508602269477706, 66.117017658085388, 2.999996489776549 ], [ 37.490248512636754, 66.122453604191833, 2.999996489776549 ], [ 37.412363580209785, 66.142922643604834, 2.999996489776549 ], [ 37.412363580195233, 66.142922643604834, 2.999996489776549 ], [ 37.396392051854491, 66.14946778693411, 2.999996489776549 ], [ 37.396392051854491, 66.14946778693411, 2.999996489776549 ], [ 37.316522098237328, 66.167935800600389, 2.999996489776549 ], [ 37.299373122190445, 66.173142471558094, 2.999996489776549 ], [ 37.281862090523646, 66.17557473044144, 2.999996489776549 ], [ 37.281862090523646, 66.17557473044144, 2.999996489776549 ], [ 37.1893135759492, 66.161018092941958, 2.999996489776549 ], [ 37.112352745109092, 66.207935081220057, 2.999996489776549 ], [ 37.112352745101816, 66.207935081220057, 2.999996489776549 ], [ 37.108083633578644, 66.208279700127605, 2.999996489776549 ], [ 37.008480077143759, 66.215772591385758, 2.999996489776549 ], [ 37.008480077129207, 66.215772591385758, 2.999996489776549 ], [ 37.003875000737025, 66.216252545054886, 2.999996489776549 ], [ 36.949174719436996, 66.189379665825982, 2.999996489776549 ], [ 36.894820028748654, 66.227125118213735, 2.999996489776549 ], [ 36.891786666594271, 66.227452256567631, 2.999996489776549 ], [ 36.831027864631324, 66.198643835265102, 2.999996489776549 ], [ 36.818693214230734, 66.199163588145893, 2.999996489776549 ], [ 36.768803968574503, 66.237884045152896, 2.999996489776549 ], [ 36.765814665865037, 66.238148252014071, 2.999996489776549 ], [ 36.765814665865037, 66.238148252014071, 2.999996489776549 ], [ 36.701434279319074, 66.205630285476218, 2.999996489776549 ], [ 36.64492400958261, 66.239032177621993, 2.999996489776549 ], [ 36.641843034816702, 66.238759718609799, 2.999996489776549 ], [ 36.64184303480215, 66.238759718609799, 2.999996489776549 ], [ 36.58331929302949, 66.20745304900629, 2.999996489776549 ], [ 36.527436264401331, 66.242439805635513, 2.999996489776549 ], [ 36.520971249647118, 66.243756845124153, 2.999996489776549 ], [ 36.520971249628928, 66.243756845124153, 2.999996489776549 ], [ 36.464699830845348, 66.216863175024628, 2.999996489776549 ], [ 36.415208643775259, 66.253081591756199, 2.999996489776549 ], [ 36.408203910079465, 66.25307736988907, 2.999996489776549 ], [ 36.408203910072189, 66.25307736988907, 2.999996489776549 ], [ 36.349850535807491, 66.225594878505945, 2.999996489776549 ], [ 36.303451411131391, 66.264926518979337, 2.999996489776549 ], [ 36.294515549590869, 66.268250915141834, 2.999996489776549 ], [ 36.235901060343167, 66.249378418509878, 2.999996489776549 ], [ 36.197729596544377, 66.283199902216438, 2.999996489776549 ], [ 36.184208271271928, 66.282968237719615, 2.999996489776549 ], [ 36.184208271264652, 66.282968237719615, 2.999996489776549 ], [ 36.123720610848977, 66.25865870479538, 2.999996489776549 ], [ 36.108086703170557, 66.256128902397904, 2.999996489776549 ], [ 36.009508372731943, 66.268384119030088, 2.999996489776549 ], [ 35.974227108170453, 66.306834267892555, 2.999996489776549 ], [ 35.961139956289117, 66.309013764435804, 2.999996489776549 ], [ 35.896229098085314, 66.282261594315059, 2.999996489776549 ], [ 35.865869344379462, 66.319739189442771, 2.999996489776549 ], [ 35.846742213954712, 66.323077404438664, 2.999996489776549 ], [ 35.783593054999074, 66.298676599199098, 2.999996489776549 ], [ 35.758448280288576, 66.301870566738216, 2.999996489776549 ], [ 35.7584482802813, 66.301870566738216, 2.999996489776549 ], [ 35.670114699722035, 66.310934236309549, 2.999996489776549 ], [ 35.646453423360072, 66.343678037461359, 2.999996489776549 ], [ 35.626041412011546, 66.342875193666259, 2.999996489776549 ], [ 35.553897973943094, 66.317655931146874, 2.999996489776549 ], [ 35.553897973935818, 66.317655931146874, 2.999996489776549 ], [ 35.531389206316817, 66.354483502174844, 2.999996489776549 ], [ 35.516731677285861, 66.356804747396382, 2.999996489776549 ], [ 35.443651264173241, 66.334001860104763, 2.999996489776549 ], [ 35.426107436767779, 66.373440578536247, 2.999996489776549 ], [ 35.414653075175011, 66.376361105816613, 2.999996489776549 ], [ 35.340755534172786, 66.35650655502468, 2.999996489776549 ], [ 35.340755534158234, 66.356506555013766, 2.999996489776549 ], [ 35.329071489482885, 66.399395542124694, 2.999996489776549 ], [ 35.329071489493799, 66.399395542139246, 2.999996489776549 ], [ 35.322470136921766, 66.40233604043533, 2.999996489776549 ], [ 35.236502659328835, 66.425440268161765, 2.999996489776549 ], [ 35.233108403637743, 66.427596968202124, 2.999996489776549 ], [ 35.141054557388998, 66.451539069224964, 2.999996489776549 ], [ 35.141054557374446, 66.451539069224964, 2.999996489776549 ], [ 35.139224048372853, 66.451559213157452, 2.999996489776549 ], [ 35.106644089166366, 66.462087633695774, 2.999996489776549 ], [ 35.106644089166366, 66.46208763368486, 2.999996489776549 ], [ 35.05048965154856, 66.469978613953572, 2.999996489776549 ], [ 35.009604541279259, 66.472311004246876, 2.999996489776549 ], [ 35.009604541257431, 66.472311004246876, 2.999996489776549 ], [ 34.959909069126297, 66.474298078694119, 2.999996489776549 ], [ 34.913615422545263, 66.475962629381684, 2.999996489776549 ], [ 34.913615422530711, 66.475962629381684, 2.999996489776549 ], [ 34.867899512013537, 66.481406896342378, 2.999996489776549 ], [ 34.848517954844283, 66.48410737319864, 2.999996489776549 ], [ 34.77357661172573, 66.4970936194768, 2.999996489776549 ], [ 34.72306275855226, 66.502216931035946, 2.999996489776549 ], [ 34.685693782928865, 66.508677765199536, 2.999996489776549 ], [ 34.672248579481675, 66.4906336235872, 2.999996489776549 ], [ 34.593033664845279, 66.512052382073307, 2.999996489776549 ], [ 34.588567732313095, 66.510700704657211, 2.999996489776549 ], [ 34.588567732313095, 66.510700704657211, 2.999996489776549 ], [ 34.563332550824271, 66.476071430024604, 2.999996489776549 ], [ 34.541161409026245, 66.444663649963331, 2.999996489776549 ], [ 34.512231660384714, 66.415889873846027, 2.999996489776549 ], [ 34.512231660377438, 66.415889873860579, 2.999996489776549 ], [ 34.397070599316066, 66.52974705806264, 2.999996489776549 ], [ 34.395253690061509, 66.5303729537045, 2.999996489776549 ], [ 34.394120701974316, 66.531283243133657, 2.999996489776549 ], [ 34.39412070196704, 66.531283243148209, 2.999996489776549 ], [ 34.38290744290498, 66.535299858758663, 2.999996489776549 ], [ 34.38290744288679, 66.535299858758663, 2.999996489776549 ], [ 34.34494490875295, 66.52367982236683, 2.999996489776549 ], [ 34.293655657798809, 66.537251870955515, 2.999996489776549 ], [ 34.279517572726036, 66.537795442560309, 2.999996489776549 ], [ 34.230678581952816, 66.551697312570468, 2.999996489776549 ], [ 34.216813090752112, 66.549113027474959, 2.999996489776549 ], [ 34.201370832186512, 66.552141033258522, 2.999996489776549 ], [ 34.201370832179236, 66.552141033258522, 2.999996489776549 ], [ 34.173172006423556, 66.541409149842366, 2.999996489776549 ], [ 34.092220941005507, 66.561840695194405, 2.999996489776549 ], [ 34.085433303964237, 66.564895616163994, 2.999996489776549 ], [ 33.979087716852518, 66.578560088059021, 2.999996489776549 ], [ 33.972776191090816, 66.580458332995477, 2.999996489776549 ], [ 33.959172440812836, 66.584156902521499, 2.999996489776549 ], [ 33.95917244080556, 66.584156902521499, 2.999996489776549 ], [ 33.896662998635293, 66.582108637605415, 2.999996489776549 ], [ 33.877623900716571, 66.589215492989752, 2.999996489776549 ], [ 33.870798229345382, 66.587253005945968, 2.999996489776549 ], [ 33.861809380665363, 66.590792270406382, 2.999996489776549 ], [ 33.823657816268678, 66.594098274395947, 2.999996489776549 ], [ 33.823657816279592, 66.594098274385033, 2.999996489776549 ], [ 33.786736698137247, 66.593779039521905, 2.999996489776549 ], [ 33.766575998601184, 66.590150727148284, 2.999996489776549 ], [ 33.694235516733897, 66.556804704512615, 2.999996489776549 ], [ 33.643711206179432, 66.532232602341537, 2.999996489776549 ], [ 33.636054523747589, 66.52627762181146, 3.029396489776673 ], [ 33.629144652164541, 66.520903472999635, 2.999996489776549 ], [ 33.633965353885287, 66.512074456422852, 2.999996489776549 ], [ 33.660691868630238, 66.483555527094722, 2.999996489776549 ], [ 33.676548721330619, 66.484761555959267, 2.999996489776549 ], [ 33.691412056665285, 66.474311389509239, 2.999996489776549 ], [ 33.691412056698027, 66.474311389483773, 2.999996489776549 ], [ 33.721323881756689, 66.47171718606478, 2.999996489776549 ], [ 33.725914930091676, 66.459010727474379, 2.999996489776549 ], [ 33.725914930091676, 66.459010727474379, 2.999996489776549 ], [ 33.725934650668933, 66.450496337336517, 2.999996489776549 ], [ 33.725934650661657, 66.450496337336517, 2.999996489776549 ], [ 33.770980426372262, 66.410651760364999, 2.999996489776549 ], [ 33.794260510458116, 66.423685021363781, 2.999996489776549 ], [ 33.839347471952351, 66.371958430521772, 2.999996489776549 ], [ 33.840524813764205, 66.331828974794917, 2.999996489776549 ], [ 33.843700463945424, 66.330194810871035, 2.999996489776549 ], [ 33.908370909233781, 66.305564087211678, 2.999996489776549 ], [ 33.908370909241057, 66.305564087211678, 2.999996489776549 ], [ 33.909657814117963, 66.295180127315689, 2.999996489776549 ], [ 33.953685422064154, 66.265595251192281, 2.999996489776549 ], [ 33.953685422064154, 66.265595251192281, 2.999996489776549 ], [ 33.967434634749225, 66.263499076881999, 2.999996489776549 ], [ 34.040633075081132, 66.241893063706812, 2.999996489776549 ], [ 34.040633075088408, 66.241893063706812, 2.999996489776549 ], [ 34.06492825528403, 66.245187751970661, 2.999996489776549 ], [ 34.146037487571448, 66.263233327801572, 2.999996489776549 ], [ 34.146037487586, 66.263233327801572, 2.999996489776549 ], [ 34.180181207029818, 66.244204085123783, 2.999996489776549 ], [ 34.239729299577448, 66.193408472961892, 2.999996489776549 ], [ 34.284080343324604, 66.167445413866517, 2.999996489776549 ], [ 34.234054687916796, 66.184316310933355, 2.433596489776619 ], [ 34.213374940027279, 66.191290450409724, 1.999996489776549 ], [ 34.19963965700299, 66.203006898067542, 1.999996489776549 ], [ 34.119521658383746, 66.24765888519687, 1.999996489776549 ], [ 34.065448836852738, 66.235628501312021, 1.999996489776549 ], [ 34.058700237488665, 66.234713318517606, 1.999996489776549 ], [ 34.03276362676479, 66.23926185129676, 2.837596489776615 ], [ 33.970342663593328, 66.250208686269616, 2.592396489776547 ], [ 33.930323580010736, 66.257226878253277, 2.621496489776519 ], [ 33.899386940855038, 66.262652271674597, 2.379896489776684 ], [ 33.858770927694422, 66.269775147877226, 0.657196489776652 ], [ 33.804800743699161, 66.279239960134873, 2.038396489776687 ], [ 33.728147835623531, 66.29268266737563, 1.999996489776549 ], [ 33.701305782702548, 66.301964989041153, 1.999996489776549 ], [ 33.701305782728014, 66.301964989015687, 1.999996489776549 ], [ 33.679206288070418, 66.328896666182118, 1.999996489776549 ], [ 33.679206288063142, 66.328896666193032, 1.999996489776549 ], [ 33.603872621446499, 66.380682348819391, 1.999996489776549 ], [ 33.594296148348803, 66.38514870391009, 1.999996489776549 ], [ 33.603114900502987, 66.391860232131876, 1.999996489776549 ], [ 33.651522046882747, 66.408582235919312, 1.999996489776549 ], [ 33.651522046897298, 66.408582235919312, 1.999996489776549 ], [ 33.638127517260727, 66.419222436208656, 1.999996489776549 ], [ 33.634465851930145, 66.422725853444717, 1.999996489776549 ], [ 33.643543468118878, 66.431131839122827, 2.467796489776674 ], [ 33.65595703100189, 66.442626953004947, 2.577696489776599 ], [ 33.633363304041268, 66.447326001507463, 2.644496489776657 ], [ 33.609739398940292, 66.452239306694537, 2.160296489776556 ], [ 33.577046815993526, 66.459038717566727, 2.202696489776599 ], [ 33.569906302986055, 66.460523803092656, 2.134196489776514 ], [ 33.559243146853987, 66.462741528750485, 2.192096489776532 ], [ 33.526103242977115, 66.469633973531018, 2.175496489776606 ], [ 33.517675781000435, 66.471386718996655, 2.102296489776563 ], [ 33.509176432697132, 66.472361448792071, 1.999996489776549 ], [ 33.483595378645987, 66.483855703838344, 1.999996489776549 ], [ 33.483595378656901, 66.483855703838344, 1.999996489776549 ], [ 33.484438193067035, 66.478428453781817, 1.999996489776549 ], [ 33.484438193074311, 66.478428453767265, 1.999996489776549 ], [ 33.423895627900492, 66.530238986684708, 1.999996489776549 ], [ 33.423895627867751, 66.530238986713812, 1.999996489776549 ], [ 33.456998054698488, 66.518418217630824, 1.999996489776549 ], [ 33.481920712238207, 66.565062203357229, 1.999996489776549 ], [ 33.481920712238207, 66.565062203357229, 1.999996489776549 ], [ 33.457304924388154, 66.592103794384457, 1.999996489776549 ], [ 33.448110334898956, 66.600720091915719, 1.999996489776549 ], [ 33.394063093415753, 66.62425721703039, 1.999996489776549 ], [ 33.375565040685615, 66.62707088901152, 1.999996489776549 ], [ 33.375565040671063, 66.62707088901152, 1.999996489776549 ], [ 33.302202018046955, 66.633802134925645, 1.999996489776549 ], [ 33.300503455851867, 66.635275224252837, 1.999996489776549 ], [ 33.22761088376501, 66.696132403660158, 1.999996489776549 ], [ 33.140515794832027, 66.713077092797903, 1.999996489776549 ], [ 33.140515794817475, 66.713077092808817, 1.999996489776549 ], [ 33.140380567707325, 66.713086808726075, 1.999996489776549 ], [ 33.139457723973464, 66.714482490559021, 1.999996489776549 ], [ 33.139457723947999, 66.714482490599039, 1.999996489776549 ], [ 33.140811601268069, 66.714214738236478, 1.999996489776549 ], [ 33.20518526536398, 66.757568594286568, 1.999996489776549 ], [ 33.221801820171095, 66.749012267464423, 1.999996489776549 ], [ 33.224880194684374, 66.74816499926601, 1.999996489776549 ], [ 33.22488019469165, 66.74816499926601, 1.999996489776549 ], [ 33.315226290684222, 66.734882864511746, 1.999996489776549 ], [ 33.324213969302946, 66.731356507232704, 1.999996489776549 ], [ 33.341874618807196, 66.689150858968787, 1.999996489776549 ], [ 33.404031392212346, 66.71861989572426, 1.999996489776549 ], [ 33.473332035628118, 66.731321287054016, 1.999996489776549 ], [ 33.473332035635394, 66.731321287054016, 1.999996489776549 ], [ 33.486005388127523, 66.732850062908255, 1.999996489776549 ], [ 33.486005388134799, 66.732850062908255, 1.999996489776549 ], [ 33.489579526987654, 66.731081950001681, 1.999996489776549 ], [ 33.489579526987654, 66.731081950001681, 1.999996489776549 ], [ 33.526457436408236, 66.718878639268951, 1.999996489776549 ], [ 33.57368607634271, 66.699373100633238, 1.999996489776549 ], [ 33.589013667591644, 66.725318257733306, 1.999996489776549 ], [ 33.59481283786954, 66.727740166417789, 1.999996489776549 ], [ 33.594812837876816, 66.727740166417789, 1.999996489776549 ], [ 33.630841697435244, 66.75767825101866, 1.999996489776549 ], [ 33.634814468739933, 66.756731558842148, 1.999996489776549 ], [ 33.647366896682797, 66.75497634610656, 1.999996489776549 ], [ 33.647366896704625, 66.754976346092008, 1.999996489776549 ], [ 33.706912273395574, 66.736288309184602, 1.999996489776549 ], [ 33.770968231383449, 66.711971777876897, 1.999996489776549 ], [ 33.770968231383449, 66.711971777865983, 1.999996489776549 ], [ 33.78260746488013, 66.709621282829175, 1.999996489776549 ], [ 33.788915473454836, 66.703579821525636, 1.999996489776549 ] ] ] ] } },
{ "type": "Feature", "properties": { "gid": 65, "objectid": 65.0, "shape_leng": 2.0782179327799999, "shape_area": 0.030129559304700002, "z_mean": 0.54716791085399996 }, "geometry": { "type": "MultiPolygon", "coordinates": [ [ [ [ 34.146093750001455, 66.703271484002471, 0.269196489776505 ], [ 34.451562500002183, 66.651220702995488, 0.28819648977651 ], [ 34.445813354632264, 66.645268168023904, 0.423796489776578 ], [ 34.44421653482641, 66.643614856937347, 0.999996489776549 ], [ 34.441463524588471, 66.643949514942506, 0.999996489776549 ], [ 34.441463524497522, 66.643949514957058, 0.999996489776549 ], [ 34.444157701167569, 66.643553941907157, 0.999996489776549 ], [ 34.440581469221797, 66.639851192303468, 0.276496489776491 ], [ 34.435790278628701, 66.634890502009512, -0.000003510223451 ], [ 34.43085937500291, 66.629785156008438, 0.161396489776507 ], [ 34.427160827392072, 66.628018995696038, 0.228896489776616 ], [ 34.412611534924508, 66.621071300050971, -0.000003510223451 ], [ 34.400432862705202, 66.615255642147531, -0.000003510223451 ], [ 34.396093750005093, 66.613183594003203, -0.000003510223451 ], [ 34.404725005515502, 66.606914730684366, -0.000003510223451 ], [ 34.482617188001313, 66.550341796999419, -0.000003510223451 ], [ 34.490580311059603, 66.550920600922836, -0.000003510223451 ], [ 34.580597663087246, 66.557463560915494, 0.999996489776549 ], [ 34.592851769350091, 66.546438197121461, 0.999996489776549 ], [ 34.533342577436997, 66.528426901557395, 0.999996489776549 ], [ 34.533342577433359, 66.528426901557395, 0.999996489776549 ], [ 34.524930850278906, 66.516883810010768, 0.999996489776549 ], [ 34.524930850278906, 66.516883810010768, 0.999996489776549 ], [ 34.517540469674714, 66.506414549992769, 0.999996489776549 ], [ 34.507897220126324, 66.496823291283363, 0.999996489776549 ], [ 34.469510199778597, 66.534775686024659, 0.999996489776549 ], [ 34.469510199771321, 66.534775686024659, 0.999996489776549 ], [ 34.416091230024904, 66.553177651236183, 0.999996489776549 ], [ 34.38278023399107, 66.579941081046854, 0.999996489776549 ], [ 34.356630877577118, 66.589307841681148, 0.999996489776549 ], [ 34.328031607710727, 66.606062148643105, 0.999996489776549 ], [ 34.328031607692537, 66.606062148643105, 0.999996489776549 ], [ 34.284541087807156, 66.648437105755875, 0.999996489776549 ], [ 34.262743194827635, 66.655775425915635, 0.999996489776549 ], [ 34.186086804991646, 66.65482855085429, 0.999996489776549 ], [ 34.142047621608071, 66.659894558222732, 0.999996489776549 ], [ 34.142047621600796, 66.659894558222732, 0.999996489776549 ], [ 34.073595651840151, 66.680500045422377, 0.999996489776549 ], [ 34.068173799772921, 66.681179653311119, 0.999996489776549 ], [ 34.06817379975837, 66.681179653311119, 0.999996489776549 ], [ 33.970424627455941, 66.674827699502202, 0.999996489776549 ], [ 33.944986335813155, 66.665548995770223, 0.999996489776549 ], [ 33.923503566536965, 66.681009750402154, 0.999996489776549 ], [ 33.923503566529689, 66.681009750402154, 0.999996489776549 ], [ 33.864746204370022, 66.693972420453065, 0.999996489776549 ], [ 33.82682273672981, 66.707639910764556, 0.999996489776549 ], [ 33.798807140097779, 66.73447169370047, 0.999996489776549 ], [ 33.747114115689328, 66.744910888937738, 0.999996489776549 ], [ 33.715086136704485, 66.757069154598867, 0.999996489776549 ], [ 33.687320570687007, 66.765783247137733, 0.999996489776549 ], [ 33.716186816043773, 66.75986746995477, 0.865296489776711 ], [ 33.73978502533646, 66.755031311098719, 0.692796489776583 ], [ 33.759570312999131, 66.750976563002041, 0.694896489776511 ], [ 33.800716689664114, 66.737400955589692, 0.882096489776586 ], [ 33.849699209684331, 66.721239934486221, 0.120296489776592 ], [ 33.893652343998838, 66.706738281009166, 0.027396489776493 ], [ 33.919249780494283, 66.706386749472586, 0.129796489776709 ], [ 33.979895942375151, 66.705553891119052, 0.757796489776638 ], [ 34.020302274257119, 66.704998987897852, 0.195296489776638 ], [ 34.040967900669784, 66.704715185282112, -0.000003510223451 ], [ 34.089460188894009, 66.70404923699607, 0.371596489776493 ], [ 34.100149549441994, 66.703902439196099, 0.407496489776577 ], [ 34.146093750001455, 66.703271484002471, 0.269196489776505 ] ] ] ] } }
]
}
