{
"type": "FeatureCollection",
"name": "maxs_02_50_iso_ws",
"crs": { "type": "name", "properties": { "name": "urn:ogc:def:crs:OGC:1.3:CRS84" } },
"features": [
{ "type": "Feature", "properties": { "gid": 8, "objectid": 51.0, "z": 3.0, "index": 0.0, "shape_leng": 19.196739872599998, "z1": 0.0, "z2": 0.0, "index1": 0.0, "index2": 0.0 }, "geometry": { "type": "MultiLineString", "coordinates": [ [ [ 40.661273501390838, 66.386251077673478 ], [ 40.659323954707475, 66.385504077672579 ], [ 40.588736771154799, 66.357940567755577 ], [ 40.584868533587724, 66.355623763654819 ], [ 40.580097438476571, 66.354223911457666 ], [ 40.487792721731353, 66.33111439240389 ], [ 40.472332943878428, 66.326342687039926 ], [ 40.388366882070954, 66.306342871015659 ], [ 40.363604324647895, 66.299806148934351 ], [ 40.293206090918829, 66.278373833174669 ], [ 40.257329410280477, 66.269132641344243 ], [ 40.201114493767932, 66.252778106762037 ], [ 40.126731872449454, 66.24324870709836 ], [ 40.107522167909337, 66.241438404264102 ], [ 40.084378701078208, 66.238567679269181 ], [ 40.025765373902686, 66.220194358389676 ], [ 40.021568265448877, 66.219079126716792 ], [ 40.003516093696931, 66.187566293494456 ], [ 39.917987868211753, 66.204887119136458 ], [ 39.913172072265354, 66.204008596112544 ], [ 39.896279071959725, 66.169177501757133 ], [ 39.822313028969859, 66.181991229445089 ], [ 39.813699030437419, 66.179880508781935 ], [ 39.786075265878083, 66.150584697796148 ], [ 39.715867396640533, 66.168762974735671 ], [ 39.709885128533699, 66.168110931998001 ], [ 39.672793333382288, 66.138594497388112 ], [ 39.600685672045074, 66.152389438455486 ], [ 39.600467104974143, 66.152255489240019 ], [ 39.599908421019734, 66.152272866438693 ], [ 39.55921559599301, 66.12332825735939 ], [ 39.489753020334433, 66.145468610735463 ], [ 39.478335168642047, 66.144281808941741 ], [ 39.449162018427216, 66.10685929008838 ], [ 39.379492061394558, 66.126459856801375 ], [ 39.365184683472876, 66.123443650900356 ], [ 39.349741235830209, 66.121164115182296 ], [ 39.2614809988263, 66.105806306219222 ], [ 39.244417577345359, 66.100830027877294 ], [ 39.211073412734606, 66.06715834399813 ], [ 39.158866921639799, 66.085771447815318 ], [ 39.137844692762883, 66.082838161961263 ], [ 39.099492900990299, 66.053378182517974 ], [ 39.016370578934641, 66.046083862893397 ], [ 38.983660977912223, 66.046839131031561 ], [ 38.938548499954891, 66.06829114222279 ], [ 38.911361728445627, 66.068649898428703 ], [ 38.862294382423102, 66.044248029222331 ], [ 38.838602871259354, 66.062585543597379 ], [ 38.817696714904855, 66.054353629304444 ], [ 38.759017821805287, 66.01662494842094 ], [ 38.735613773038551, 66.039159990134181 ], [ 38.70872877248263, 66.037916226374421 ], [ 38.648316950730077, 66.012471572677896 ], [ 38.611231516719272, 66.033203353330464 ], [ 38.58036585606169, 66.037625870438148 ], [ 38.533971834105614, 66.021339454582744 ], [ 38.497896570028445, 66.006744797385124 ], [ 38.41744077606927, 66.005636683654416 ], [ 38.382336629321912, 66.026676622332275 ], [ 38.348165788382175, 66.034724892513623 ], [ 38.307606389884427, 66.026511343407151 ], [ 38.286652436370787, 66.039557407570157 ], [ 38.242000158770736, 66.036928597132032 ], [ 38.189649332867646, 66.020528565488405 ], [ 38.164610711661226, 66.043700878697621 ], [ 38.133697187618907, 66.045882467595277 ], [ 38.075396423733707, 66.026869959296164 ], [ 38.034060473324701, 66.031033928160468 ], [ 37.96225046686601, 66.035110054632355 ], [ 37.943397862869517, 66.059531746304856 ], [ 37.910171476007349, 66.060685909178574 ], [ 37.845307757135743, 66.039735729500535 ], [ 37.828141956168054, 66.067136283912987 ], [ 37.794498739185656, 66.078740491881035 ], [ 37.747180427777494, 66.066153863150305 ], [ 37.736665345015467, 66.085288299244041 ], [ 37.691488182717933, 66.080896922852958 ], [ 37.618745447762308, 66.062300206551299 ], [ 37.607972509009528, 66.093838468659669 ], [ 37.587385803101029, 66.098449907807719 ], [ 37.508602269477706, 66.117017658085501 ], [ 37.490248512636811, 66.12245360419189 ], [ 37.412363580195233, 66.142922643604834 ], [ 37.396392051854491, 66.149467786934224 ], [ 37.316522098237385, 66.167935800600446 ], [ 37.299373122190502, 66.173142471558151 ], [ 37.281862090523703, 66.175574730441497 ], [ 37.189313575949257, 66.161018092942015 ], [ 37.112352745101873, 66.207935081220057 ], [ 37.108083633578701, 66.208279700127719 ], [ 37.00848007712932, 66.215772591385758 ], [ 37.003875000737082, 66.216252545054886 ], [ 36.949174719437053, 66.189379665826038 ], [ 36.894820028741435, 66.227125118213849 ], [ 36.891786666594385, 66.227452256567574 ], [ 36.83102786463138, 66.198643835265045 ], [ 36.818693214230791, 66.199163588146007 ], [ 36.768803968574559, 66.237884045152896 ], [ 36.76581466586498, 66.238148252014071 ], [ 36.701434279319017, 66.205630285476332 ], [ 36.644924009582667, 66.239032177621993 ], [ 36.641843034816702, 66.238759718609856 ], [ 36.583319293029604, 66.20745304900629 ], [ 36.527436264401388, 66.24243980563557 ], [ 36.520971249647232, 66.24375684512421 ], [ 36.464699830845291, 66.216863175024628 ], [ 36.415208643768096, 66.253081591756313 ], [ 36.408203910079521, 66.253077369889184 ], [ 36.349850535807491, 66.225594878505945 ], [ 36.303451411131391, 66.264926518979337 ], [ 36.294515549590926, 66.268250915141778 ], [ 36.235901060343224, 66.249378418509878 ], [ 36.197729596537101, 66.283199902216495 ], [ 36.184208271271928, 66.282968237719672 ], [ 36.123720610849091, 66.258658704795437 ], [ 36.108086703170613, 66.256128902398018 ], [ 36.009508372731943, 66.268384119030088 ], [ 35.97422710817051, 66.306834267892611 ], [ 35.96113995628923, 66.309013764435861 ], [ 35.896229098085371, 66.282261594315059 ], [ 35.865869344379462, 66.319739189442828 ], [ 35.846742213947437, 66.323077404438607 ], [ 35.783593054991741, 66.298676599199155 ], [ 35.758448280288633, 66.30187056673833 ], [ 35.670114699722092, 66.310934236309663 ], [ 35.646453423352909, 66.343678037461359 ], [ 35.626041412011659, 66.342875193666373 ], [ 35.553897973943208, 66.317655931146987 ], [ 35.531389206316874, 66.354483502174958 ], [ 35.51673167728228, 66.356804747396382 ], [ 35.443651264173297, 66.334001860104763 ], [ 35.426107436760617, 66.373440578536247 ], [ 35.414653075175011, 66.37636110581667 ], [ 35.340755534158291, 66.356506555013766 ], [ 35.329071489482885, 66.399395542124751 ], [ 35.322470136921766, 66.402336040435387 ], [ 35.236502659325254, 66.425440268161765 ], [ 35.233108403637743, 66.427596968202181 ], [ 35.141054557374559, 66.451539069224964 ], [ 35.139224048372967, 66.451559213157566 ], [ 35.106644089166366, 66.462087633695774 ], [ 35.050489651548673, 66.469978613953629 ], [ 35.009604541257545, 66.47231100424699 ], [ 34.959909069126354, 66.474298078694176 ], [ 34.91361542254532, 66.475962629381684 ], [ 34.867899512013537, 66.481406896342492 ], [ 34.848517954844397, 66.48410737319864 ], [ 34.773576611725844, 66.4970936194768 ], [ 34.72306275855226, 66.502216931036003 ], [ 34.685693782928865, 66.50867776519965 ], [ 34.672248579481732, 66.490633623587314 ], [ 34.593033664838117, 66.512052382073421 ], [ 34.588567732313152, 66.510700704657211 ], [ 34.563332550824384, 66.47607143002466 ], [ 34.541161409026358, 66.444663649963331 ], [ 34.512231660384714, 66.415889873846027 ], [ 34.397070599305096, 66.529747058062753 ], [ 34.395253690061622, 66.530372953704557 ], [ 34.39412070197443, 66.531283243133657 ], [ 34.38290744288679, 66.535299858758606 ], [ 34.34494490875295, 66.52367982236683 ], [ 34.293655657791589, 66.537251870955458 ], [ 34.279517572726093, 66.537795442560252 ], [ 34.23067858195293, 66.551697312570468 ], [ 34.216813090752225, 66.549113027475016 ], [ 34.20137083217935, 66.552141033258579 ], [ 34.17317200642367, 66.54140914984248 ], [ 34.092220940998345, 66.561840695194405 ], [ 34.085433303964237, 66.564895616163938 ], [ 33.979087716845243, 66.578560088059078 ], [ 33.972776191090929, 66.580458332995477 ], [ 33.95917244080556, 66.584156902521499 ], [ 33.896662998628074, 66.582108637605415 ], [ 33.877623900716685, 66.589215492989752 ], [ 33.870798229345496, 66.587253005945968 ], [ 33.86180938065803, 66.590792270406496 ], [ 33.823657816268735, 66.594098274396003 ], [ 33.786736698137247, 66.593779039521905 ], [ 33.766575998594021, 66.590150727148341 ], [ 33.694235516733954, 66.556804704512729 ], [ 33.643711206179432, 66.532232602341594 ], [ 33.629144652157265, 66.520903472999748 ], [ 33.633965353885401, 66.5120744564083 ], [ 33.660691868630352, 66.483555527094722 ], [ 33.676548721330562, 66.484761555959267 ], [ 33.691412056698027, 66.474311389483773 ], [ 33.721323881756689, 66.47171718606478 ], [ 33.72591493009179, 66.459010727474435 ], [ 33.725934650668933, 66.450496337336574 ], [ 33.770980426372262, 66.410651760365056 ], [ 33.794260510458116, 66.423685021363895 ], [ 33.839347471952408, 66.371958430510972 ], [ 33.840524813764148, 66.33182897479503 ], [ 33.843700463945368, 66.330194810871035 ], [ 33.908370909233895, 66.305564087211792 ], [ 33.909657814118077, 66.295180127304718 ], [ 33.953685422064154, 66.265595251192281 ], [ 33.967434634749338, 66.263499076882056 ], [ 34.040633075081132, 66.241893063706812 ], [ 34.06492825528403, 66.245187751970718 ], [ 34.146037487571562, 66.263233327801686 ], [ 34.180181207029932, 66.244204085123897 ], [ 34.239729299577505, 66.193408472961949 ], [ 34.284080343319772, 66.167445413863561 ] ], [ [ 34.326869274982926, 66.153015064952569 ], [ 34.355240073644381, 66.15267442892582 ], [ 34.410304686382005, 66.13474128576496 ], [ 34.437497007511524, 66.134752050937152 ], [ 34.501195180495415, 66.113053889814182 ], [ 34.526832994095514, 66.097902151228425 ], [ 34.578478427032678, 66.07727162197267 ], [ 34.598984519598162, 66.063724346862784 ], [ 34.641750276179721, 66.040426617528396 ], [ 34.671258701258978, 66.034115750731985 ], [ 34.713527554216853, 66.009851716713513 ], [ 34.74343422795215, 65.955036763978626 ], [ 34.739623705012491, 65.936920611635401 ], [ 34.759748207801863, 65.934817842149755 ], [ 34.829177440096942, 65.928081095862694 ], [ 34.856300736974049, 65.910955350173026 ], [ 34.871157126817707, 65.913239213499764 ], [ 34.893230134730402, 65.89997851110104 ], [ 34.901700068207106, 65.870411625168401 ], [ 34.901284980747789, 65.858592790722525 ], [ 34.90169530965801, 65.851831675208814 ], [ 34.911074814219319, 65.843664961135858 ], [ 34.93731863577716, 65.822161356660274 ], [ 34.945760585938842, 65.819890770602797 ], [ 34.964809851280847, 65.817525494127153 ], [ 35.016183067455131, 65.819806706902455 ], [ 35.042953378397328, 65.808237605127943 ], [ 35.040250744335935, 65.784332470608206 ], [ 35.00356959488272, 65.754199205574082 ], [ 35.00052884025348, 65.750870698604672 ], [ 35.000712729830468, 65.748645366842595 ], [ 35.003421210924103, 65.747860879684708 ], [ 35.0091273304933, 65.747486341835611 ], [ 35.064286957207514, 65.740205684076614 ], [ 35.083840346698707, 65.719559186622121 ], [ 35.089083725699425, 65.679651075857635 ], [ 35.117168643533773, 65.654656808557888 ], [ 35.1244391086002, 65.644386296178652 ], [ 35.125556110837408, 65.630506534591518 ], [ 35.11018744256944, 65.629634410379367 ], [ 35.090894010165357, 65.630593292204139 ], [ 35.060329662654169, 65.647724559250491 ], [ 35.022227192832361, 65.634718255270911 ], [ 35.011389374154476, 65.633209750678361 ], [ 34.945940246707437, 65.61326698149071 ], [ 34.906647696123343, 65.605383952566683 ], [ 34.890155634399093, 65.601877742687066 ], [ 34.883034538248467, 65.598752146699553 ], [ 34.88118544967449, 65.593491361181918 ], [ 34.885278546658867, 65.560280778645449 ], [ 34.885242583790443, 65.556865383656202 ], [ 34.855150021354405, 65.526819921746323 ], [ 34.845795770292284, 65.514915593110402 ], [ 34.832789651052735, 65.467236903492505 ], [ 34.808252274768108, 65.441303820807661 ], [ 34.815293718686007, 65.410777561046416 ], [ 34.809844321360288, 65.39896375685214 ], [ 34.799293967607866, 65.392721048672797 ], [ 34.759241985568337, 65.370679423576803 ], [ 34.693464008269189, 65.360053706943347 ], [ 34.684502498341431, 65.355790830231967 ], [ 34.65503007188812, 65.338132694443743 ], [ 34.671097328086034, 65.308635140310912 ], [ 34.673094936904818, 65.29199104650246 ], [ 34.728914521860133, 65.266653595524986 ], [ 34.735043586151789, 65.259762032099445 ], [ 34.764877597997838, 65.239649201059365 ], [ 34.777502324563159, 65.228445086759166 ], [ 34.782432449945247, 65.207300617054102 ], [ 34.798157922643441, 65.186526443685693 ], [ 34.79932434689556, 65.178704581627187 ], [ 34.818551769098235, 65.171485047300052 ], [ 34.84001951215771, 65.178129586605849 ], [ 34.853073720820191, 65.163490300408682 ], [ 34.84563500041628, 65.125313739528849 ], [ 34.849067506660504, 65.113711836063885 ], [ 34.852227049643318, 65.111379791138518 ], [ 34.875213496776212, 65.100674103345227 ], [ 34.907383012916398, 65.099944552745001 ], [ 34.923618836026549, 65.092751896543689 ], [ 34.951425756509707, 65.100204381684364 ], [ 34.975858180114358, 65.081392239859213 ], [ 35.034312847234048, 65.085001770385247 ], [ 35.059880468030428, 65.076119697234503 ], [ 35.087453441774471, 65.0755649021267 ], [ 35.110776359029899, 65.071975624374375 ], [ 35.129622150034265, 65.052915748190514 ], [ 35.137846315650734, 65.048554084547447 ], [ 35.151836180077282, 65.058608470823003 ], [ 35.187829616486965, 65.084818538493039 ], [ 35.194442137395583, 65.102986329846317 ], [ 35.187529751707189, 65.106599850871135 ], [ 35.180962653066672, 65.135367155853714 ], [ 35.212186219570867, 65.162846867413464 ], [ 35.226969921448529, 65.160212794675374 ], [ 35.251125541122803, 65.161882935855942 ], [ 35.295869306322913, 65.161097685468235 ], [ 35.306813737373943, 65.156974049074108 ], [ 35.320553215922757, 65.136446554446593 ], [ 35.315415836510567, 65.122085322495025 ], [ 35.320435431134797, 65.108741219148328 ], [ 35.346679710757712, 65.11205002270799 ], [ 35.386445826130569, 65.106710514232077 ], [ 35.390525454313433, 65.106239519474912 ], [ 35.398584933605889, 65.107848509778762 ], [ 35.407332838436616, 65.114777003727795 ], [ 35.412685857889414, 65.128710011616931 ], [ 35.435571052818034, 65.12852550667958 ], [ 35.448058476817209, 65.125567404040453 ], [ 35.472816072022454, 65.125710174008418 ], [ 35.477160248719883, 65.129617655991694 ], [ 35.476573266092601, 65.131717350006625 ], [ 35.497894461161309, 65.143578642422654 ], [ 35.526505602574673, 65.143047364243159 ], [ 35.526935408692282, 65.140386224258691 ], [ 35.528295785556111, 65.138718843041772 ], [ 35.556684118368196, 65.137345410887065 ], [ 35.562057494520616, 65.135514827052361 ], [ 35.573626843568434, 65.151683415369973 ], [ 35.583140101254799, 65.15748909541071 ], [ 35.599595068579333, 65.164441320233891 ], [ 35.612404012703337, 65.168539608901426 ], [ 35.626084625455519, 65.174613875722514 ], [ 35.64262030335891, 65.181323129127122 ], [ 35.661926664026396, 65.187034974074891 ], [ 35.680891857398933, 65.191533608594909 ], [ 35.692266970592868, 65.194966509257995 ], [ 35.719500843297396, 65.190337310763425 ], [ 35.719798154626915, 65.190560520659346 ], [ 35.720452083707755, 65.190430200658852 ], [ 35.739132368362334, 65.199535077019448 ], [ 35.761414341093825, 65.193364444392557 ], [ 35.761818975501228, 65.19350212001882 ], [ 35.762466070609719, 65.193314077470859 ], [ 35.787237588207063, 65.196254726819461 ], [ 35.791666964443721, 65.197390979785268 ], [ 35.802106716244509, 65.20391730605121 ], [ 35.825862753121385, 65.194848488139598 ], [ 35.835736824221499, 65.193994080069444 ], [ 35.871296794026534, 65.179612455485767 ], [ 35.872572390399057, 65.174369739023064 ], [ 35.8902223149272, 65.17086721863609 ], [ 35.902322909874727, 65.181192594405786 ], [ 35.915604167225013, 65.186824419783193 ], [ 35.918686544999161, 65.191170117836009 ], [ 35.923012804927623, 65.210421964111561 ], [ 35.938055517381258, 65.217448162984567 ], [ 35.954713052531588, 65.212540975735465 ], [ 35.972745384511711, 65.210871830058863 ], [ 35.97881895162584, 65.213070806963628 ], [ 35.984699383923783, 65.211346197876992 ], [ 36.012050082070402, 65.216208181103866 ], [ 36.016427471124302, 65.204733270449651 ], [ 36.019542279322195, 65.200647835208656 ], [ 36.039649809768889, 65.190573532072449 ], [ 36.045889784472934, 65.187564246662077 ], [ 36.063380101997723, 65.175319491052619 ], [ 36.071443565535503, 65.170306967607758 ], [ 36.098629418407654, 65.168486512560776 ], [ 36.111487974107149, 65.1704358005519 ], [ 36.130613483808816, 65.180042100113553 ], [ 36.151839809757803, 65.168960084895048 ], [ 36.159783485662103, 65.167894357909972 ], [ 36.166246388893342, 65.16912847938147 ], [ 36.184719871980747, 65.182489189406738 ], [ 36.205956850644725, 65.170847422556108 ], [ 36.212155581208265, 65.167598263971797 ], [ 36.212595094912103, 65.171809341729386 ], [ 36.231069013287254, 65.184625205412942 ], [ 36.247797206506334, 65.172387106213137 ], [ 36.253772696483793, 65.168965534132553 ], [ 36.279510085740242, 65.164062728657882 ], [ 36.2835466715552, 65.159753918949718 ], [ 36.283190372982119, 65.164953620038432 ], [ 36.295184852799139, 65.179808311913916 ], [ 36.299543295914191, 65.19153017110159 ], [ 36.307914356428284, 65.19755029384396 ], [ 36.312536413257476, 65.196639844820368 ], [ 36.31526817184573, 65.193364848928468 ], [ 36.340504273000988, 65.173184650317125 ], [ 36.323981573539754, 65.14901836868745 ], [ 36.306784865635677, 65.145870818898459 ], [ 36.294100335137159, 65.137043816848802 ], [ 36.277490174019533, 65.130558385422773 ], [ 36.29095893118938, 65.125560903459757 ], [ 36.274567234297251, 65.086058891469293 ], [ 36.255999024921152, 65.091725813450523 ], [ 36.245600629965395, 65.084674920602993 ], [ 36.217501607603538, 65.075250187263123 ], [ 36.215330933213409, 65.074171480191694 ], [ 36.215242014732326, 65.074043293847353 ], [ 36.179035442135557, 65.057926988978579 ], [ 36.176175203440039, 65.057640714130798 ], [ 36.168202969289325, 65.051751801001956 ], [ 36.1724934339328, 65.041119458877859 ], [ 36.176527011273777, 65.014250553798888 ], [ 36.182135185150514, 64.997698581879433 ], [ 36.220179737643718, 64.997842152628493 ], [ 36.222911092310824, 64.997463667241448 ], [ 36.223720469886814, 64.996728353580806 ], [ 36.229858714363218, 64.997843315359205 ], [ 36.248508395146928, 64.980096521747271 ], [ 36.25790187418545, 64.970193827211972 ], [ 36.254123121190844, 64.957586345357413 ], [ 36.294954757689993, 64.928310381368703 ], [ 36.328731800444189, 64.919329464388284 ], [ 36.357611998453592, 64.921737265340312 ], [ 36.369105485468026, 64.921547706930141 ], [ 36.36857239925672, 64.92873928741767 ], [ 36.446611907133047, 64.947496945900696 ], [ 36.454301192861749, 64.947810477948281 ], [ 36.460390950451313, 64.979593957625241 ], [ 36.536267116938745, 64.988581081455777 ], [ 36.602924651510079, 64.964604377335547 ], [ 36.620400714153334, 64.965602858388536 ], [ 36.703839616595417, 64.975989689341077 ], [ 36.712125909849476, 64.977648177806373 ], [ 36.740612609693983, 65.010575514366849 ], [ 36.748258115985664, 65.014740987513505 ], [ 36.762386786384127, 65.020743034656334 ], [ 36.780153099032702, 65.051001202937186 ], [ 36.774147945336267, 65.063009933484921 ], [ 36.788214449352438, 65.095545091233475 ], [ 36.799645692852323, 65.106184743661345 ], [ 36.806117973119399, 65.131909201631174 ], [ 36.79721179342971, 65.144961500791396 ], [ 36.796866859462227, 65.153308117242034 ], [ 36.785026264973567, 65.16815224651873 ], [ 36.74993607425489, 65.212132781769583 ], [ 36.792447782176282, 65.225462261351026 ], [ 36.836855732017398, 65.215139823754782 ], [ 36.865446866893762, 65.207332926802394 ], [ 36.904956120895861, 65.19089122269736 ], [ 36.908768334167689, 65.181848891777975 ], [ 36.936954479584642, 65.185753979625702 ], [ 36.97451064162675, 65.215219969370082 ], [ 37.000140361800845, 65.218076293604099 ], [ 37.062349502612165, 65.235200573479233 ], [ 37.093871461994411, 65.195121868118918 ] ], [ [ 37.159750209398737, 65.190082056377832 ], [ 37.182788419704593, 65.198467211248499 ], [ 37.192728310794337, 65.182756361147653 ] ], [ [ 37.245866843743329, 65.170952264462642 ], [ 37.281196183299585, 65.181961137288454 ], [ 37.295317680486107, 65.159967345879693 ] ], [ [ 37.435394916948553, 65.128850844335602 ], [ 37.470115783446204, 65.138293786167253 ], [ 37.478724553386485, 65.11922567801173 ] ], [ [ 37.587414020571316, 65.079978982618741 ], [ 37.596564993040374, 65.078786685273485 ], [ 37.665617381044399, 65.060975070173299 ], [ 37.68545067502788, 65.055721035289139 ], [ 37.754728990366857, 65.035341426704804 ], [ 37.752299638552415, 65.02361524149461 ], [ 37.772681310798191, 64.991631147577209 ] ], [ [ 37.897218302911654, 64.932243580444833 ], [ 37.912595812627899, 64.92800951909885 ], [ 37.924326740991148, 64.923497026906318 ], [ 38.007563504965333, 64.905222924953762 ], [ 38.015014286593271, 64.904172498943751 ], [ 38.023177814255121, 64.901513949815183 ], [ 38.120533630964985, 64.883001862661331 ], [ 38.130041344284223, 64.881236764544212 ], [ 38.201849924502426, 64.900906209270033 ], [ 38.221623537956589, 64.897038051993206 ], [ 38.236290965615012, 64.900985650416317 ], [ 38.256527004774341, 64.892386358027579 ], [ 38.286252804315154, 64.880801240022379 ], [ 38.327111611804924, 64.876596683126991 ], [ 38.330526002817294, 64.875014885954499 ], [ 38.336030902850382, 64.876572501248972 ], [ 38.414399134540929, 64.884659157523913 ], [ 38.434281462159674, 64.879827889209992 ], [ 38.474060502550969, 64.876154555633661 ], [ 38.483626241839431, 64.88046835468424 ], [ 38.495909908364467, 64.881898957079159 ], [ 38.502095442661869, 64.876481853174539 ], [ 38.531515120161316, 64.864422039427268 ], [ 38.573104972660133, 64.85326703489045 ], [ 38.587112676545132, 64.845723538696006 ], [ 38.656760585352515, 64.831281346323522 ], [ 38.680490122536924, 64.830943789278592 ], [ 38.697983110992936, 64.800042544135124 ], [ 38.701845727890031, 64.798714047639919 ], [ 38.704972211613494, 64.797299974987311 ], [ 38.77983352462627, 64.811475594502497 ], [ 38.798867335765067, 64.780778818265333 ], [ 38.805550383949594, 64.780466011096053 ], [ 38.885807276215985, 64.797291666971546 ], [ 38.90743758189285, 64.790092402221489 ], [ 38.982467970443395, 64.776483620902582 ], [ 38.990043870166232, 64.751377589218578 ], [ 39.002031911808444, 64.749133289871679 ], [ 39.070636747972458, 64.727340727957198 ], [ 39.077945445864316, 64.724192731304356 ], [ 39.159491630336674, 64.697803791543322 ], [ 39.16888994642062, 64.692677639777685 ], [ 39.255555764622954, 64.677665307230257 ], [ 39.259712302930097, 64.677603933894716 ], [ 39.286884307763046, 64.700234669286147 ], [ 39.331048037005587, 64.688755618091932 ], [ 39.357464448978135, 64.698559545031571 ], [ 39.369928992033294, 64.686780182466578 ], [ 39.404244724723014, 64.676306876852323 ], [ 39.456562339975846, 64.665391320446361 ], [ 39.476604541279926, 64.659563752407905 ], [ 39.526202877688888, 64.650278459739638 ], [ 39.545738347726115, 64.653494164460483 ], [ 39.602868343346927, 64.665214615299305 ], [ 39.628497190478924, 64.665425812338185 ], [ 39.647458915136724, 64.667134102310229 ], [ 39.671518399212857, 64.672915422586811 ], [ 39.670295593456103, 64.690190829609548 ], [ 39.724682758078529, 64.724935659756795 ], [ 39.773039585947231, 64.758118089092079 ], [ 39.785631708029541, 64.75960733473778 ], [ 39.850579148442307, 64.767159894661745 ], [ 39.865838601439464, 64.772787963109295 ], [ 39.89081202819591, 64.800335397809192 ], [ 39.949858275325823, 64.819916185675538 ], [ 39.974560564085607, 64.8240535173137 ], [ 40.035551324403116, 64.84322930280905 ], [ 40.037871289183443, 64.845069536320921 ], [ 40.06436990982553, 64.862073372271027 ], [ 40.076994427621685, 64.878676566153501 ], [ 40.115063085591771, 64.93904864960507 ], [ 40.120631283436637, 64.945723156874067 ], [ 40.106047276658614, 64.988227810656156 ], [ 40.103249143354333, 64.991496433394843 ], [ 40.097906403469153, 64.99878743000238 ], [ 40.024301622463213, 65.077991593560114 ], [ 40.005900203621536, 65.084434184736892 ], [ 39.961468677880589, 65.114698513949406 ], [ 39.956579559475358, 65.123758681020377 ], [ 39.946310544241101, 65.155513120480521 ], [ 39.937824084918248, 65.176867086633195 ], [ 39.905953902722217, 65.194006892372329 ], [ 39.870192477941657, 65.206415424745501 ], [ 39.848026501364018, 65.232036353234491 ], [ 39.821480704758869, 65.253181325471814 ], [ 39.792331885459134, 65.254281184981778 ], [ 39.750372999082174, 65.282291302159138 ], [ 39.733328363789155, 65.288941943981627 ], [ 39.684221203904713, 65.319706042733799 ], [ 39.658073236496534, 65.354802382142168 ], [ 39.653649330088228, 65.367932062883597 ], [ 39.643261020304635, 65.430413804842942 ], [ 39.671516206206547, 65.442206749005095 ], [ 39.692934063212363, 65.478583016149173 ], [ 39.692863218471757, 65.48487836019558 ], [ 39.703703619863632, 65.495712681840928 ], [ 39.701939441380148, 65.557262528058402 ], [ 39.714683507372683, 65.572740072126294 ], [ 39.750462846011885, 65.598809223090996 ], [ 39.800370477671095, 65.622310666134695 ], [ 39.821565719019418, 65.63425225402176 ], [ 39.873013111595412, 65.641028439160436 ], [ 39.911081642352656, 65.653125587017769 ], [ 39.949482371696035, 65.666719515571401 ], [ 40.008272596907773, 65.681682225782538 ], [ 40.045483778009043, 65.689581326234475 ], [ 40.100847537647496, 65.706435513369854 ], [ 40.127228510958957, 65.717820984806224 ], [ 40.183697664062549, 65.74052427476272 ], [ 40.228870189759618, 65.744593227980602 ], [ 40.262763413011271, 65.757980097630934 ], [ 40.285062631614096, 65.781626947158657 ], [ 40.361210297356649, 65.806114997991301 ], [ 40.385143396146361, 65.807129602275438 ], [ 40.432905758720153, 65.835383123903853 ], [ 40.445488877354478, 65.849804442299501 ], [ 40.490735896157275, 65.881496555885008 ], [ 40.501854323345469, 65.889695267716945 ], [ 40.545334123642533, 65.922558148860958 ], [ 40.555039749477089, 65.930594988924099 ], [ 40.607180644045116, 65.961456327411838 ], [ 40.637513528970885, 65.95110432457659 ], [ 40.671331546585918, 65.971680510978445 ], [ 40.697543378304601, 66.001375092560863 ], [ 40.740388572485358, 66.019204453790792 ], [ 40.754078183898002, 66.036721895150663 ], [ 40.753521835802587, 66.05290532687286 ], [ 40.791798227986931, 66.046194197231671 ], [ 40.80565994819699, 66.059077460970002 ], [ 40.838461481802369, 66.056257067636693 ] ] ] } },
{ "type": "Feature", "properties": { "gid": 4, "objectid": 41.0, "z": 2.0, "index": 0.0, "shape_leng": 22.490041745799999, "z1": 1.0, "z2": 0.0, "index1": 0.0, "index2": 0.0 }, "geometry": { "type": "MultiLineString", "coordinates": [ [ [ 40.85039662662507, 66.034029113509973 ], [ 40.807413298800384, 66.037724973975969 ], [ 40.789834158611541, 66.021386691591033 ], [ 40.754879446081702, 66.005225367323931 ], [ 40.709531736422036, 65.986354624263299 ], [ 40.6859652084309, 65.959656825030606 ] ], [ [ 40.644899539986454, 65.932182524829102 ], [ 40.638371048760803, 65.92924316403878 ], [ 40.604427096033817, 65.940827551614404 ], [ 40.569666499657558, 65.920253325944941 ], [ 40.547182749087426, 65.901635432583191 ], [ 40.51819621556217, 65.879726845145456 ], [ 40.493127264097041, 65.861241037258878 ], [ 40.462962584904687, 65.840112961534032 ], [ 40.432872030771364, 65.80562664107498 ], [ 40.41558000433696, 65.795397652879444 ] ], [ [ 40.413675970181885, 65.794449656993379 ], [ 40.356756864905037, 65.792036665334308 ], [ 40.305991754416027, 65.775711298105364 ], [ 40.274016828199933, 65.741803999280876 ], [ 40.272150021441519, 65.73496503371473 ] ], [ [ 40.246328375330449, 65.727200293142459 ], [ 40.246439882390348, 65.730392380162755 ], [ 40.187665436573297, 65.725098222566885 ], [ 40.15393776880228, 65.711538093204581 ], [ 40.10367029424026, 65.68984371186167 ], [ 40.078637356466174, 65.682223026040447 ], [ 40.010586992826632, 65.667777457751129 ], [ 39.980397214989353, 65.66009385225334 ], [ 39.913183762459084, 65.636300166916158 ], [ 39.912020870357139, 65.635930631302472 ], [ 39.8259804793488, 65.624598169350179 ], [ 39.790533651783392, 65.604627110755246 ], [ 39.757261897335468, 65.588959482065661 ], [ 39.733409004915302, 65.571580048086616 ], [ 39.713272960921984, 65.547125018707504 ], [ 39.714758388225107, 65.495300431306589 ], [ 39.704808766458996, 65.448871138083746 ], [ 39.715161991480272, 65.413777839956367 ], [ 39.701420050481829, 65.433862190526213 ], [ 39.664164013534958, 65.418312536563576 ], [ 39.671089553390686, 65.376658041921587 ], [ 39.679022157670261, 65.353114921428642 ], [ 39.696454135941281, 65.3297173618231 ], [ 39.729192242521094, 65.309207962651215 ], [ 39.76172552301432, 65.296513810390138 ], [ 39.783105533395428, 65.282241348755747 ], [ 39.832500874661548, 65.280377536175365 ], [ 39.835752576764321, 65.29474837167794 ], [ 39.83975919551807, 65.297005736396386 ], [ 39.84204153776875, 65.307364622660032 ] ], [ [ 39.856578446487845, 65.293325256855326 ], [ 39.852541142820087, 65.267438245791709 ], [ 39.886467053420347, 65.228224393584355 ], [ 39.923812175984494, 65.215266348281261 ], [ 39.929597312904093, 65.229027729895051 ] ], [ [ 39.955363551889718, 65.208985050547028 ], [ 39.954537768593582, 65.194677383205999 ], [ 39.968730362830627, 65.158965413651515 ], [ 39.975576372984619, 65.137795787348352 ], [ 39.986665785261778, 65.117245675970423 ], [ 40.016286802419984, 65.097069456493102 ], [ 40.060977464931113, 65.081422637598848 ], [ 40.09317122368526, 65.046779782904252 ], [ 40.119709428912756, 65.010564288928492 ], [ 40.133608184434706, 64.994328540433344 ], [ 40.144366664455504, 64.962973270558052 ], [ 40.151270727386986, 64.948663567473034 ], [ 40.141671477671537, 64.909313377138574 ], [ 40.131534886710256, 64.891878776736235 ], [ 40.099556909019157, 64.852166589003843 ], [ 40.076273458024048, 64.837225887506179 ], [ 40.03861511365551, 64.807354680688263 ], [ 40.038578458690722, 64.806320980820658 ], [ 40.036659038516632, 64.806365920456358 ], [ 40.017597121252095, 64.802956360021255 ], [ 39.94690711001391, 64.791116646596493 ], [ 39.942006397119371, 64.789491482857613 ], [ 39.93924380070905, 64.786444145975224 ], [ 39.899556602664347, 64.758641469463441 ], [ 39.882902147601271, 64.748918562018048 ], [ 39.857520611538348, 64.740787212777036 ], [ 39.803037805351778, 64.734451556491024 ], [ 39.765430046831227, 64.730003760469231 ], [ 39.738517393023358, 64.711536314283933 ], [ 39.708248600651245, 64.692199322085912 ], [ 39.712602010717092, 64.630695726049566 ], [ 39.714948898144939, 64.605994234280047 ], [ 39.704664291064489, 64.59778265876605 ], [ 39.680360822731018, 64.592130757511882 ], [ 39.616083810033217, 64.580600980207237 ], [ 39.58953806444697, 64.580904363185368 ], [ 39.51920515777249, 64.589906954486764 ], [ 39.5036489118757, 64.597027534204244 ], [ 39.43665504511597, 64.620371432130923 ], [ 39.420013861396058, 64.628088757352145 ], [ 39.360580347267387, 64.654490654687891 ], [ 39.329353956021862, 64.65538320695498 ], [ 39.295218680414109, 64.664255659146988 ], [ 39.283954691192775, 64.654874225518256 ], [ 39.264098136235873, 64.655167417331654 ] ], [ [ 39.094198654034585, 64.702566208595158 ], [ 39.087063630577177, 64.70487515419893 ], [ 39.057581165310751, 64.717573818634264 ], [ 39.011844607877833, 64.732102193251251 ], [ 38.971248220808775, 64.739702307117113 ], [ 38.966814713337953, 64.754394658248202 ], [ 38.922906029234525, 64.762358680454895 ], [ 38.873754850817988, 64.778717777982934 ], [ 38.820250255976248, 64.767500674071925 ], [ 38.781041557169431, 64.769335878841957 ], [ 38.768352349758004, 64.78980039633467 ], [ 38.714344313917479, 64.7795735203145 ], [ 38.682410796187469, 64.784492335616903 ], [ 38.669186748360573, 64.807852526184433 ], [ 38.588266771123074, 64.809003627804543 ], [ 38.585194916624459, 64.808475620477225 ], [ 38.581772093974109, 64.811212801269107 ], [ 38.524827004763267, 64.841879145125972 ], [ 38.490018960325017, 64.851215169910688 ], [ 38.462981833294293, 64.853711871321252 ], [ 38.406640922130464, 64.867402330139271 ], [ 38.372687291364798, 64.86389872301163 ], [ 38.341414001879457, 64.855049923971819 ], [ 38.322016879483385, 64.864036108560072 ], [ 38.260358004783484, 64.870381084503663 ], [ 38.215966303469145, 64.853446803077645 ], [ 38.207677005444623, 64.855068373592133 ], [ 38.197039407857517, 64.852154576420787 ] ], [ [ 38.182487046996812, 64.852590389359762 ], [ 38.113267763677925, 64.865440893037999 ], [ 38.060362798325514, 64.875500706231833 ], [ 38.01341952439185, 64.890788332631985 ], [ 37.971865805717187, 64.896646658527118 ] ], [ [ 37.730426463959759, 65.011781084641711 ], [ 37.734225993583152, 65.030120951141839 ], [ 37.688040450022527, 65.04370735685734 ], [ 37.645978254026033, 65.054850046781326 ], [ 37.633195664842106, 65.058147232658939 ] ], [ [ 37.070897863907419, 65.195530342875657 ], [ 37.057506335073469, 65.21255704898789 ], [ 37.016033574535015, 65.201140862398404 ], [ 36.965747094414951, 65.195536646242545 ], [ 36.947870395028701, 65.181510861603783 ] ], [ [ 36.884301597454794, 65.172572658186198 ], [ 36.878705048253266, 65.185847310305803 ], [ 36.855898291640244, 65.195338300542176 ], [ 36.803470493454427, 65.209653876208904 ], [ 36.791807900419485, 65.212364795974395 ], [ 36.780643306003185, 65.208864154839944 ], [ 36.789858831947697, 65.197313811131608 ], [ 36.816310413360043, 65.164152424877216 ], [ 36.817080981571053, 65.145506301116257 ], [ 36.836977156042906, 65.116347807183104 ], [ 36.834809198109724, 65.10773113108371 ], [ 36.810329632902835, 65.084946727493048 ], [ 36.800951963559896, 65.063256622328481 ], [ 36.813068406791785, 65.039026917411036 ] ], [ [ 36.800327620528606, 65.014669154173362 ], [ 36.770278743992094, 65.001903991680592 ], [ 36.74685173979384, 64.989140342910162 ], [ 36.727860606563013, 64.967188785205622 ], [ 36.690893077728163, 64.95978979289788 ], [ 36.635267142770374, 64.952865238923607 ], [ 36.574710495653676, 64.949405378440133 ], [ 36.534168286649276, 64.963988404295492 ], [ 36.488019154065114, 64.958522287746746 ], [ 36.484315263325755, 64.939191052584647 ], [ 36.444754604755929, 64.937577963934075 ], [ 36.392728266171673, 64.925072858277474 ], [ 36.398168751024116, 64.851678191716985 ], [ 36.399178352945512, 64.851010826143522 ], [ 36.39986242879246, 64.846376715562712 ], [ 36.374618325367976, 64.798596599855955 ], [ 36.398184727444516, 64.778911446494021 ], [ 36.435801364208601, 64.782118529794445 ], [ 36.446084287388715, 64.77242371459954 ], [ 36.475282008952604, 64.733450795902286 ], [ 36.476744067720517, 64.72884249509309 ], [ 36.527289150082765, 64.69562587494886 ], [ 36.531149587244727, 64.692878603611518 ], [ 36.618188129316025, 64.67471096081141 ], [ 36.622363294878653, 64.675438483540404 ], [ 36.636750259986059, 64.665724504597222 ], [ 36.647959519257768, 64.634276097986117 ], [ 36.676949916174635, 64.62788193174498 ], [ 36.707351362845657, 64.618987449543056 ], [ 36.720152101472252, 64.609790286285715 ], [ 36.721784049190376, 64.607621481598414 ], [ 36.77034110544264, 64.575297955354586 ], [ 36.774979406196621, 64.57012088675765 ], [ 36.819021460662043, 64.534673251677418 ], [ 36.825480104220333, 64.528748520388035 ], [ 36.880656804300202, 64.491699702259268 ], [ 36.885950297437375, 64.487831674581741 ], [ 36.938137608351155, 64.453208908446072 ], [ 36.942781349913275, 64.450680630448971 ], [ 36.995439170630618, 64.416606637216319 ], [ 36.998614320873457, 64.414787948208016 ], [ 37.04353027380057, 64.384629112166351 ], [ 37.048335513358325, 64.381474089299559 ], [ 37.095367106063463, 64.361094038751617 ], [ 37.112416288997338, 64.347891583860473 ], [ 37.148434441591291, 64.321034883578307 ], [ 37.167417679000152, 64.294852082268335 ], [ 37.202831700484182, 64.296149426434624 ], [ 37.203767814800926, 64.294911083175919 ], [ 37.206981259172665, 64.295364438719787 ], [ 37.21018163904597, 64.293338749041254 ], [ 37.267345867097902, 64.268459099253903 ], [ 37.291536553519222, 64.252681112659161 ], [ 37.324772795735043, 64.257600987577462 ], [ 37.333014767325949, 64.259138026394794 ], [ 37.352678187446202, 64.263378708936273 ], [ 37.385157819822894, 64.250110981647708 ], [ 37.421563972690024, 64.23968453440466 ], [ 37.435048942788967, 64.228414740759035 ], [ 37.481998925257358, 64.224943568064305 ], [ 37.491415198495815, 64.225809969055263 ], [ 37.49788858467582, 64.222724533083294 ], [ 37.558053725784816, 64.215637004239454 ], [ 37.577934890930976, 64.207928321047802 ], [ 37.62865596544367, 64.192927637977846 ], [ 37.642800690770002, 64.186345950591317 ], [ 37.646964380801478, 64.176716240788778 ], [ 37.66689319965019, 64.174844844503355 ], [ 37.697420788656018, 64.159936051131808 ], [ 37.706544590844771, 64.128915683046159 ], [ 37.672856884695705, 64.079115984437578 ], [ 37.665003913389228, 64.072035451492411 ], [ 37.663091635200601, 64.070393407531867 ], [ 37.661693624719192, 64.070641062102482 ], [ 37.659893567139022, 64.068279637474916 ], [ 37.569675909580951, 64.049677661918395 ], [ 37.567863670334305, 64.048104298079181 ], [ 37.532501619192772, 64.047985161698421 ], [ 37.490455825318463, 64.035104484974056 ], [ 37.465012474298476, 64.032406112004537 ], [ 37.462794322637023, 64.033083467366055 ], [ 37.457446338383363, 64.03194677037402 ], [ 37.457974859266017, 64.039112216600245 ], [ 37.443208089229415, 64.070499030534847 ], [ 37.420795802656471, 64.073906124758651 ], [ 37.386825477944512, 64.094707768956198 ], [ 37.332722457176715, 64.109387934950121 ], [ 37.313745867755586, 64.122786962096257 ], [ 37.236550355901329, 64.140384005113447 ], [ 37.174061070312803, 64.137380741496656 ], [ 37.131526790795817, 64.127770468239817 ], [ 37.102249875642997, 64.117632720306631 ], [ 37.064879049554349, 64.104831157947103 ], [ 37.061559758207352, 64.112934218817941 ], [ 36.991208904553844, 64.123154047636547 ], [ 36.971807712703594, 64.123083966911452 ], [ 36.929178174334083, 64.140020224986188 ], [ 36.92734359827233, 64.143228939570747 ], [ 36.901005023944947, 64.153126033634294 ], [ 36.883497017337561, 64.163104722523713 ], [ 36.875980893772123, 64.164732384069907 ], [ 36.8662333935427, 64.164773843178409 ], [ 36.837571933942002, 64.171679118036991 ], [ 36.831830888946513, 64.171663669953091 ], [ 36.816151075047003, 64.183783452186731 ], [ 36.808181245523883, 64.191623776609106 ], [ 36.800917651784459, 64.197094112518357 ], [ 36.780293120191459, 64.208800932294366 ], [ 36.772121895624991, 64.214544309346877 ], [ 36.751128809559361, 64.221291492311195 ], [ 36.734704278431366, 64.218368925067011 ], [ 36.727789895801891, 64.217896463465934 ], [ 36.724669278308397, 64.219977212709637 ], [ 36.712605210879815, 64.22820609121851 ], [ 36.708372802528174, 64.230759047233846 ], [ 36.698120001372558, 64.239083112039282 ], [ 36.692473426643176, 64.244656665436196 ], [ 36.669654438952477, 64.24480860556298 ], [ 36.668859484099926, 64.24466703420336 ], [ 36.667909685987979, 64.244994573640724 ], [ 36.666153584046754, 64.245281498526367 ], [ 36.646543206476053, 64.250437569302562 ], [ 36.644550047596681, 64.251138132087419 ], [ 36.639246030546929, 64.251768037414934 ], [ 36.630974739906435, 64.258476176579279 ], [ 36.618499715368785, 64.257197329152405 ], [ 36.617089285351597, 64.258105470184091 ], [ 36.616645865589874, 64.258142646325723 ], [ 36.616077514714505, 64.257961960644025 ], [ 36.594713575516039, 64.267955585917662 ], [ 36.592760472591294, 64.268638747504156 ], [ 36.567541396394518, 64.280364384278073 ], [ 36.565848357040636, 64.280825890244103 ], [ 36.5591169569052, 64.286237722033604 ], [ 36.547721843730017, 64.300396435362984 ], [ 36.539421445955782, 64.301261353859445 ], [ 36.521337547223141, 64.293537619407289 ], [ 36.507178432693763, 64.314293429768554 ], [ 36.461345051026058, 64.317975895352049 ], [ 36.421204274425804, 64.310144795996223 ], [ 36.407421667070651, 64.305324121749379 ], [ 36.377606583850195, 64.288332223750331 ], [ 36.375614452314039, 64.281099336847603 ], [ 36.353496697920548, 64.278829209873948 ], [ 36.345013936410453, 64.291493975866672 ], [ 36.315602068349222, 64.313091445164957 ], [ 36.29135209656306, 64.323970082801736 ], [ 36.272006358336569, 64.337001526135396 ], [ 36.251529790031782, 64.337059277641004 ], [ 36.225723705487326, 64.335427040485285 ], [ 36.205159648838162, 64.373975533784744 ], [ 36.181740652773442, 64.384867099386668 ], [ 36.16403195773097, 64.380667052679257 ], [ 36.145779090417022, 64.402934310008334 ], [ 36.106751380757601, 64.424716157882472 ], [ 36.070754229869635, 64.404304308201972 ], [ 36.066209465832856, 64.380248952078546 ], [ 36.02443325113569, 64.376203784388167 ], [ 36.018271232296684, 64.377355605825812 ], [ 36.01600441933266, 64.378239218247472 ], [ 35.980832632747422, 64.391580800806025 ], [ 35.946398991982392, 64.406011702394721 ], [ 35.85583892998693, 64.452765294281619 ], [ 35.78944343779591, 64.455221092179272 ], [ 35.779476100222496, 64.463754168085927 ], [ 35.753533008508498, 64.469788856840864 ], [ 35.724415089320303, 64.501586415663155 ], [ 35.679532257381652, 64.506211469259256 ], [ 35.660980578679414, 64.492857448462019 ], [ 35.62529873946562, 64.477219668930104 ], [ 35.543819171249254, 64.465996155984556 ], [ 35.541019440639559, 64.457100246687389 ], [ 35.535371537735102, 64.455822370535259 ], [ 35.533596417026388, 64.457004836549459 ], [ 35.50437848228114, 64.476107411799603 ], [ 35.45691909348534, 64.453114709616841 ], [ 35.427765453925645, 64.425267027665541 ], [ 35.40712126994913, 64.454282178725464 ], [ 35.363650435618126, 64.473681490595595 ], [ 35.300732083436856, 64.472338042964225 ], [ 35.288003985817454, 64.475898114127631 ], [ 35.275913236761085, 64.505092384661111 ], [ 35.222471454519223, 64.517731313168099 ], [ 35.166708659737196, 64.511341934274185 ], [ 35.159098054238825, 64.508988441979454 ], [ 35.147402280796143, 64.508815303422978 ], [ 35.137669925232387, 64.514269562212689 ], [ 35.10084708854265, 64.539099535730315 ], [ 35.075515232518285, 64.546069501491843 ], [ 35.082854682641482, 64.578387486566555 ], [ 35.083667522703763, 64.583169142475469 ], [ 35.129902780772682, 64.614316029557813 ], [ 35.155924367001717, 64.63301242108713 ], [ 35.167430187921241, 64.643192009858524 ], [ 35.166299026463207, 64.648941777275581 ], [ 35.163607126418469, 64.654407948903099 ], [ 35.154638501953855, 64.685525526620154 ], [ 35.158161353847447, 64.696872990130998 ], [ 35.136858926143873, 64.720576601190203 ], [ 35.167081315674409, 64.742241092153563 ], [ 35.166307661806115, 64.762556847021244 ], [ 35.128477257443592, 64.779746131727848 ], [ 35.122500048110055, 64.790935788187198 ], [ 35.122403498138851, 64.797433478561402 ], [ 35.127136652936372, 64.82628341146858 ], [ 35.130012294466781, 64.854108812109246 ], [ 35.125731066164064, 64.86463857704814 ], [ 35.135017810669581, 64.860681961650698 ], [ 35.152009421846856, 64.885200340570009 ], [ 35.153523597640799, 64.885508586226933 ], [ 35.160929429406792, 64.903277155757678 ], [ 35.161116867471662, 64.903925646940593 ], [ 35.161808856981281, 64.904054163886087 ], [ 35.179119800042884, 64.914598426152281 ], [ 35.173133047446811, 64.924021561215454 ], [ 35.171806581409385, 64.926028655569098 ], [ 35.162386274583753, 64.933769833991448 ], [ 35.155104333658642, 64.942015390239192 ], [ 35.152335413451567, 64.945186687946318 ], [ 35.152824123702828, 64.946788432331289 ], [ 35.150286652380714, 64.948006629318115 ], [ 35.150860155430564, 64.957636053914143 ], [ 35.140145639092225, 64.967538054446891 ], [ 35.126046841105563, 64.984185469984368 ], [ 35.117693147072657, 64.995206980049318 ], [ 35.076450674914724, 65.019754944085378 ], [ 35.026364449076993, 65.025151060413918 ], [ 35.008002105620221, 65.025355463625601 ], [ 34.987188685881961, 65.043527472309563 ], [ 34.945802984355339, 65.075393066137735 ], [ 34.920066031354565, 65.06849534943467 ], [ 34.919575177802471, 65.050072513538908 ], [ 34.888274751800111, 65.068777795422648 ], [ 34.856145120069471, 65.083741822345473 ], [ 34.836633517792507, 65.098143228166066 ], [ 34.825333805212836, 65.136336374598613 ], [ 34.812767247236536, 65.151111087176048 ], [ 34.781052119575236, 65.163019518207932 ], [ 34.778068048828629, 65.183030283820813 ], [ 34.757076304540533, 65.210761473113962 ], [ 34.74174114005649, 65.217423666206798 ], [ 34.716264254988403, 65.23662029105617 ], [ 34.704172798083164, 65.251559934477029 ], [ 34.659527101324784, 65.27211883520431 ], [ 34.584166377866552, 65.26526207039575 ], [ 34.582237863702233, 65.26330004693591 ], [ 34.577950278926437, 65.264862626245417 ], [ 34.577126274551176, 65.27025122285346 ], [ 34.5966302068083, 65.316304653970292 ], [ 34.587609243524753, 65.339070614700177 ], [ 34.586130441744842, 65.355073460788844 ], [ 34.582784183035983, 65.370439967082348 ], [ 34.602739998943491, 65.374267212566451 ], [ 34.621135508837995, 65.368177776392315 ], [ 34.636544671968409, 65.348279674421065 ], [ 34.672560354836605, 65.369858141133705 ], [ 34.710232690202304, 65.387778397456827 ], [ 34.742429401674713, 65.392979425927479 ], [ 34.771496156208855, 65.408975600738017 ], [ 34.766555617421488, 65.436089876362587 ], [ 34.746623007806193, 65.478875732427753 ], [ 34.746062908307181, 65.480360140973175 ], [ 34.746502781632501, 65.481773194002074 ], [ 34.747314675849395, 65.482835235590812 ], [ 34.749036600114778, 65.482553299254505 ], [ 34.784256706658198, 65.464560548949521 ], [ 34.81033949670757, 65.492126949811791 ], [ 34.816467128668705, 65.514590027178315 ], [ 34.835209053911967, 65.538441214663294 ], [ 34.850063564488721, 65.553272475139238 ], [ 34.850293897161464, 65.57515147640521 ], [ 34.848424729287331, 65.590317536261864 ], [ 34.856035122375147, 65.611969616918998 ], [ 34.885343778463721, 65.62483378131958 ], [ 34.921560100632632, 65.63253336918217 ], [ 34.928586896388936, 65.638056286170581 ], [ 34.944722221105621, 65.63846651560749 ], [ 34.995347721611267, 65.653429574638778 ], [ 35.024343220051435, 65.664209460261134 ], [ 35.061185086364333, 65.677933498253083 ], [ 35.054694954324191, 65.719962372539158 ], [ 35.018960034452959, 65.72230793850764 ], [ 34.984636270553949, 65.732249507720667 ], [ 34.982305893503508, 65.760450465739211 ], [ 35.01633925685752, 65.797704470438475 ], [ 34.945793723956854, 65.806463847064094 ], [ 34.910925250831497, 65.815842233274509 ], [ 34.900163870184826, 65.824659869547702 ], [ 34.877739518466171, 65.844184703433768 ], [ 34.87675850738384, 65.860349057766143 ], [ 34.877750895120812, 65.888605315420193 ], [ 34.876955853029472, 65.891380652297812 ], [ 34.874883939439428, 65.892625386572035 ], [ 34.852046293875958, 65.889114568533785 ], [ 34.810351626732938, 65.915440730583271 ], [ 34.764065471870765, 65.919931894764943 ], [ 34.721553185632956, 65.924373917493654 ] ], [ [ 34.719990906360636, 65.925816766334208 ], [ 34.728122818633096, 65.964477842655526 ], [ 34.708185036146574, 66.001021144475089 ], [ 34.680005800841229, 66.017197167155189 ], [ 34.629862689460481, 66.027921104960171 ], [ 34.606158664250017, 66.040834473213295 ], [ 34.57009242820277, 66.064661498614555 ], [ 34.543571012625819, 66.075255868894601 ], [ 34.496153453659758, 66.103279259881731 ], [ 34.453688005007336, 66.117744700626702 ], [ 34.417479431819402, 66.117730364692477 ] ], [ [ 34.213374940027222, 66.191290450412907 ], [ 34.199639656999466, 66.203006898067656 ], [ 34.119521658383803, 66.247658885196984 ], [ 34.065448836852852, 66.235628501312135 ], [ 34.058700237487471, 66.234713318508113 ] ], [ [ 33.728147835623702, 66.292682667364375 ], [ 33.701305782702548, 66.30196498904121 ], [ 33.679206288063142, 66.328896666193032 ], [ 33.603872621439166, 66.380682348819391 ], [ 33.594296148341641, 66.385148703910147 ], [ 33.603114900503044, 66.391860232131876 ], [ 33.651522046897298, 66.408582235919425 ], [ 33.638127517260727, 66.41922243620877 ], [ 33.634465851929122, 66.422725853433008 ] ], [ [ 33.509176432695028, 66.47236144878616 ], [ 33.48359537864593, 66.483855703838458 ], [ 33.484438193067035, 66.478428453781817 ], [ 33.423895627867864, 66.530238986713812 ], [ 33.456998054698602, 66.518418217630938 ], [ 33.481920712238264, 66.565062203357229 ], [ 33.457304924388268, 66.592103794384457 ], [ 33.448110334899013, 66.600720091915719 ], [ 33.394063093415809, 66.624257217030447 ], [ 33.375565040671177, 66.62707088901152 ], [ 33.302202018047012, 66.633802134925588 ], [ 33.300503455851924, 66.63527522425295 ], [ 33.22761088376501, 66.696132403660272 ], [ 33.14051579483214, 66.71307709279796 ], [ 33.140380567707325, 66.713086808726075 ], [ 33.139457723948055, 66.714482490599096 ], [ 33.140811601268183, 66.714214738236592 ], [ 33.20518526536398, 66.757568594286624 ], [ 33.221801820171152, 66.749012267464423 ], [ 33.224880194691764, 66.748164999266066 ], [ 33.315226290691555, 66.734882864511746 ], [ 33.324213969303059, 66.731356507232647 ], [ 33.34187461880731, 66.689150858968901 ], [ 33.404031392212346, 66.71861989572426 ], [ 33.473332035635451, 66.731321287054072 ], [ 33.486005388127523, 66.732850062908255 ], [ 33.489579526987768, 66.731081950001681 ], [ 33.52645743640818, 66.718878639269064 ], [ 33.57368607634271, 66.699373100633238 ], [ 33.589013667591757, 66.725318257733306 ], [ 33.594812837876873, 66.727740166417789 ], [ 33.630841697435244, 66.75767825101866 ], [ 33.634814468739876, 66.756731558842091 ], [ 33.647366896704682, 66.754976346092008 ], [ 33.706912273395574, 66.736288309184715 ], [ 33.770968231383563, 66.711971777866097 ], [ 33.782607464880243, 66.709621282829232 ], [ 33.788915473454892, 66.70357982152575 ], [ 33.864762408738954, 66.676244840902768 ], [ 33.883507133057833, 66.672109500792374 ], [ 33.926472671624595, 66.641187991554148 ], [ 33.97734925491028, 66.65974539899986 ], [ 34.012223071768062, 66.662011574873873 ], [ 34.085114465819174, 66.652874924580772 ], [ 34.105265243204542, 66.646809116449788 ], [ 34.193343609975273, 66.636677101709211 ], [ 34.201519497848494, 66.636778091920917 ], [ 34.274475345402607, 66.612217306701609 ], [ 34.278953215376589, 66.607854297271956 ], [ 34.33615175515655, 66.57434568336987 ], [ 34.388450467980988, 66.555612162090199 ], [ 34.40567246004133, 66.541775302477618 ], [ 34.433290399538294, 66.532261372045525 ], [ 34.510064440255633, 66.456356582559351 ], [ 34.529350939352241, 66.475539099978107 ], [ 34.544131700553407, 66.496477620021437 ], [ 34.560955154880617, 66.51956380310736 ], [ 34.603454932726947, 66.532426959802365 ], [ 34.638278313279443, 66.523011137276626 ], [ 34.650646081958314, 66.539609307048579 ], [ 34.689657633811407, 66.544571294682157 ], [ 34.76204431619044, 66.562773360081451 ], [ 34.780046937776262, 66.596151316895032 ], [ 34.808329347644758, 66.565884883038962 ], [ 34.882003260827332, 66.553505809628518 ], [ 34.913670988571596, 66.54875029672985 ], [ 34.970163972688226, 66.532878646885479 ], [ 34.992218659219361, 66.518179159033139 ], [ 35.052757219415128, 66.497484317420515 ], [ 35.07845676032241, 66.487362691652379 ], [ 35.138056032250518, 66.468102808769004 ], [ 35.199357120091065, 66.467428217838517 ], [ 35.220992492613732, 66.461801117005962 ], [ 35.263125106223129, 66.435030178774582 ], [ 35.32043675794921, 66.41962736028654 ], [ 35.349794326324627, 66.406550361421921 ], [ 35.357583689441583, 66.377957703334687 ], [ 35.406848716782406, 66.391194070540223 ], [ 35.445834957838144, 66.38125371903152 ], [ 35.457530842788458, 66.354961240074829 ], [ 35.506251118189539, 66.370163164934752 ], [ 35.550689470881537, 66.363125668118357 ], [ 35.565695315963239, 66.338573954097228 ], [ 35.613790941341051, 66.355386795770755 ], [ 35.673221966819369, 66.357724335641251 ], [ 35.684727812036783, 66.341801901780968 ], [ 35.727682067317801, 66.337394481932336 ], [ 35.794526994122918, 66.328903637553594 ], [ 35.825009698215524, 66.340682140042134 ], [ 35.882456229584932, 66.330656126297924 ], [ 35.902696065386408, 66.305671062877082 ], [ 35.945969970864212, 66.323505842963641 ], [ 35.98900140544356, 66.316339511937258 ], [ 36.012522248489461, 66.290706079358756 ], [ 36.078241135444955, 66.282535934926273 ], [ 36.125980824483122, 66.290260937668847 ], [ 36.159122137101804, 66.303580180378106 ], [ 36.223332573263178, 66.304680315028349 ], [ 36.234326836445689, 66.294938946586683 ], [ 36.251209163106921, 66.300374661488718 ], [ 36.315550940758897, 66.276437679323919 ], [ 36.346483690544119, 66.25021658566402 ], [ 36.38538594005513, 66.268538246589856 ], [ 36.429769158894487, 66.268564987236516 ], [ 36.455680987364758, 66.249602310101182 ], [ 36.485142704448663, 66.263682880948238 ], [ 36.536077509605207, 66.253306537091703 ], [ 36.573332862019129, 66.229982032673547 ], [ 36.612348689879695, 66.250853145746191 ], [ 36.651968719455908, 66.254356873996642 ], [ 36.687299022276477, 66.233473962456742 ], [ 36.727549733557623, 66.253804242420415 ], [ 36.770599312381876, 66.249999363433801 ], [ 36.803858809489725, 66.224185725426707 ], [ 36.848945243091407, 66.222285890169644 ], [ 36.889451111066592, 66.241491504373698 ], [ 36.927326685829144, 66.237406745480257 ], [ 36.963563146295201, 66.212243110552663 ], [ 37.000030000494064, 66.230158363359919 ], [ 37.039016718081371, 66.226095060919818 ], [ 37.105419089053612, 66.22109980008463 ], [ 37.150848185090638, 66.217432590776298 ], [ 37.195330061724235, 66.190315475989451 ], [ 37.248821319062813, 66.198728931853168 ], [ 37.300390572912931, 66.191566031466209 ], [ 37.350893592090983, 66.176232604830261 ], [ 37.397470804069656, 66.165462740209477 ], [ 37.437639053459975, 66.149001762398257 ], [ 37.489562341757903, 66.135355736132681 ], [ 37.531611512982693, 66.122901772057901 ], [ 37.584133868738661, 66.110523271861837 ], [ 37.630135006013006, 66.100218979114231 ], [ 37.63731696517425, 66.079193471039559 ], [ 37.685812121810272, 66.091591281907256 ], [ 37.779173637492931, 66.100666344031254 ], [ 37.779468490694853, 66.100129795733778 ], [ 37.780795342445458, 66.100482737107143 ], [ 37.850793487283227, 66.076338997070764 ], [ 37.86141087994838, 66.059391203823907 ], [ 37.901530392864629, 66.072349310743448 ], [ 37.967388616878509, 66.070061639129563 ], [ 37.977394012785282, 66.057100634159838 ], [ 38.015504798182462, 66.05493736487557 ], [ 38.087062606715335, 66.047729002111851 ], [ 38.122318132929649, 66.059226209687154 ], [ 38.186067730494074, 66.054727357033698 ], [ 38.199347486854208, 66.042437436157343 ], [ 38.227112842097995, 66.051135535886715 ], [ 38.311262732088039, 66.056089684840174 ], [ 38.319690421649341, 66.05560460726349 ], [ 38.397034419554984, 66.037387748212609 ], [ 38.420437184042385, 66.023361122439326 ], [ 38.474074380021307, 66.024099864924324 ], [ 38.535595439832775, 66.048988909635227 ], [ 38.550839572646623, 66.054340294918916 ], [ 38.622991011139788, 66.044002235557969 ], [ 38.647714633825785, 66.030181048452619 ], [ 38.687989181657088, 66.047144150918029 ], [ 38.742299182031388, 66.049656660095991 ], [ 38.757901881202997, 66.034633298943049 ], [ 38.797021143269433, 66.059785752870141 ], [ 38.845400693160684, 66.078835467287774 ], [ 38.856566027076042, 66.070193364659758 ], [ 38.879690482866977, 66.08169347606605 ], [ 38.94456233330493, 66.080837428144264 ], [ 38.974637318613475, 66.066536087364511 ], [ 39.033400385957123, 66.065179241930309 ], [ 39.088815267328755, 66.070042121682491 ], [ 39.114383128515385, 66.089682107980593 ], [ 39.162057947767607, 66.09633429854523 ], [ 39.1968622751628, 66.083925562670629 ], [ 39.219091718241657, 66.106373351918705 ], [ 39.260470665885805, 66.118440870806864 ], [ 39.319310823881153, 66.128679410117968 ], [ 39.364406455653807, 66.135335767263257 ], [ 39.406184707593695, 66.144143237877984 ], [ 39.452631345622706, 66.131076193392744 ], [ 39.472080112427761, 66.156024539297505 ], [ 39.515032013550808, 66.160489073823555 ], [ 39.561340397329275, 66.145728838240814 ], [ 39.588715249206871, 66.165200437619205 ], [ 39.625649920704802, 66.169684776487088 ], [ 39.672977300510013, 66.160630560531047 ], [ 39.697112756941351, 66.179836765535583 ], [ 39.737131597769007, 66.184198649822065 ], [ 39.783936843927279, 66.172079798525374 ], [ 39.802352686958443, 66.191610339177828 ], [ 39.84112352540626, 66.201110507900125 ], [ 39.889479121837269, 66.192733482184849 ], [ 39.900522988355078, 66.215504449421132 ], [ 39.942529288364312, 66.223167444597493 ], [ 39.994836347410399, 66.212574433419036 ], [ 40.005876632745583, 66.231846943959738 ], [ 40.038440249270991, 66.240499572260887 ], [ 40.093053554195649, 66.257619019739707 ], [ 40.116981102666728, 66.268124423208064 ], [ 40.178516459945968, 66.288217752131459 ], [ 40.200692943631964, 66.296558717389473 ], [ 40.267178470690908, 66.322667493310291 ], [ 40.286974403919885, 66.332566423530864 ], [ 40.361383920346384, 66.352522335626475 ], [ 40.389377681131009, 66.356241762347054 ], [ 40.461845437708803, 66.375613698433938 ], [ 40.48550859713572, 66.381844802548585 ], [ 40.550814980859343, 66.405700597195505 ], [ 40.566300933107527, 66.415156815695809 ], [ 40.617012160881131, 66.43989835160761 ], [ 40.624445365039833, 66.450085543197986 ], [ 40.626173492909402, 66.4516211582187 ] ] ] } },
{ "type": "Feature", "properties": { "gid": 6, "objectid": 45.0, "z": 2.0, "index": 0.0, "shape_leng": 0.463057159946, "z1": 1.0, "z2": 0.0, "index1": 0.0, "index2": 0.0 }, "geometry": { "type": "MultiLineString", "coordinates": [ [ [ 35.692300078335393, 64.622933781775032 ], [ 35.679221243030099, 64.650393276657212 ], [ 35.653893678711029, 64.656259929146529 ], [ 35.64998314830882, 64.657756093489354 ], [ 35.633050819793482, 64.666896939928961 ], [ 35.625154474786655, 64.669126352164426 ], [ 35.595289866945734, 64.679265976650754 ], [ 35.594876925628341, 64.680136944687661 ], [ 35.582415511828117, 64.685623656372627 ], [ 35.576682223021692, 64.689620457975366 ], [ 35.560936892834491, 64.694771617185324 ], [ 35.550486912834572, 64.690402939984892 ], [ 35.517808346787319, 64.68104617922296 ], [ 35.512898907851195, 64.680186846391734 ], [ 35.508189679789268, 64.675629823847032 ], [ 35.510875337458856, 64.669958830196322 ], [ 35.506174521982814, 64.661358579396619 ], [ 35.515289806062356, 64.644115059745729 ], [ 35.516425131278027, 64.643003021756215 ], [ 35.521277123472942, 64.635639797448789 ], [ 35.527034159647997, 64.613980116246239 ], [ 35.533114618592663, 64.609708540003453 ], [ 35.56691192193108, 64.59714446428552 ], [ 35.570555306636436, 64.595597484691154 ], [ 35.572281397013398, 64.594620608211699 ], [ 35.572406805265871, 64.594084329706732 ], [ 35.588404307702262, 64.587730150509856 ], [ 35.625089575496645, 64.590210254409726 ], [ 35.646197107202227, 64.593454080117283 ], [ 35.677637548655184, 64.614711868976997 ], [ 35.692300078335393, 64.622933781775032 ] ] ] } },
{ "type": "Feature", "properties": { "gid": 1, "objectid": 27.0, "z": 1.0, "index": 0.0, "shape_leng": 21.062786278099999, "z1": 0.0, "z2": 0.0, "index1": 0.0, "index2": 0.0 }, "geometry": { "type": "MultiLineString", "coordinates": [ [ [ 34.910258793743424, 64.530591431249263 ], [ 34.922230571475779, 64.531515249615097 ], [ 34.928284306406681, 64.530574602529725 ], [ 34.976362770492358, 64.563747706528375 ], [ 34.984951700218573, 64.518237128537407 ], [ 34.995441717637732, 64.503941105078525 ], [ 35.000877838145243, 64.491239170791175 ], [ 35.010667076487152, 64.488596331437236 ], [ 35.028607413311079, 64.484007795916114 ], [ 35.072719374788051, 64.490056849263055 ], [ 35.088005891331704, 64.48903997543681 ], [ 35.128228937552194, 64.466497967125292 ], [ 35.197310396153739, 64.46752059711082 ], [ 35.212635109135704, 64.47225959331638 ], [ 35.232099989461915, 64.456989414859038 ], [ 35.255148531941813, 64.433108520519511 ], [ 35.266420646556185, 64.410787166772991 ], [ 35.292568678276496, 64.405200609122346 ], [ 35.327612144406999, 64.403605082112279 ], [ 35.365108806654519, 64.408018949398013 ], [ 35.374979438984155, 64.401852979353976 ], [ 35.394606624449807, 64.380641737581868 ], [ 35.445993075885838, 64.385672727472524 ], [ 35.494672866407313, 64.418859363577326 ], [ 35.499754611220851, 64.423713467360415 ], [ 35.506774158537269, 64.427114235157205 ], [ 35.511095678070035, 64.424288842034002 ], [ 35.535778528072171, 64.407846842645142 ], [ 35.57983931542185, 64.417815881956017 ], [ 35.599448564975376, 64.423721875213289 ], [ 35.646081255032243, 64.425795893166764 ], [ 35.684525271845018, 64.424556510333787 ], [ 35.696327818481222, 64.43329582460143 ], [ 35.705533091219081, 64.42018873629786 ], [ 35.77321964544177, 64.411186218403657 ], [ 35.798780233759317, 64.40954910836092 ], [ 35.858333406959105, 64.407376172523072 ], [ 35.892151252795998, 64.393310537227137 ], [ 36.016050575359202, 64.35092859434377 ], [ 36.051413417997594, 64.344318479521519 ], [ 36.065051614528784, 64.326002491492659 ], [ 36.114008475473383, 64.31975464205982 ], [ 36.123709169453036, 64.319129130573856 ], [ 36.128924527965864, 64.31021232164494 ], [ 36.113692428873094, 64.303809525965335 ], [ 36.085735209999257, 64.276375761746749 ], [ 36.091802297945833, 64.255146406627432 ], [ 36.118644672813332, 64.220898944571672 ], [ 36.138890333986637, 64.206710277561797 ], [ 36.152176441501069, 64.19387287006623 ], [ 36.198681012705492, 64.173347730411479 ], [ 36.212258678100682, 64.170113489395646 ], [ 36.249851651766278, 64.146627417885668 ], [ 36.283626105858218, 64.132230635914311 ], [ 36.294472887817449, 64.145815334934014 ], [ 36.305157437211278, 64.1329559387014 ], [ 36.341680995796253, 64.142052120085339 ], [ 36.357510948248091, 64.164011456054141 ], [ 36.361706696665408, 64.20227075672301 ], [ 36.41749106538299, 64.203383687609175 ], [ 36.428590258459792, 64.161493767707782 ], [ 36.404492097986804, 64.154702532952797 ], [ 36.400419656602139, 64.137717428377186 ], [ 36.407495129504298, 64.134777940977187 ], [ 36.42107554879118, 64.104083411915781 ], [ 36.426843726192715, 64.095370267907185 ], [ 36.446171526571561, 64.089628978184976 ], [ 36.466648146364719, 64.092719771542761 ], [ 36.4781778496436, 64.084825039623013 ], [ 36.473653116045284, 64.047184461465861 ], [ 36.478501220673991, 64.031726138713566 ], [ 36.482563021541921, 64.030229377225623 ], [ 36.50003997274689, 64.020333303557038 ], [ 36.541565319519634, 64.004656429464433 ], [ 36.611137121570152, 63.982992532979551 ], [ 36.617551920178926, 63.981847460185293 ], [ 36.618442937069744, 63.98082197814449 ], [ 36.637042705388012, 63.973883820468529 ], [ 36.675543993129452, 63.964151253851014 ], [ 36.70891898798078, 63.966694470458663 ], [ 36.812440105888527, 63.960725666733254 ], [ 36.898795649493024, 63.957008559987969 ], [ 37.015691408942075, 63.936743765301799 ], [ 37.01886523356012, 63.931815698033574 ], [ 37.022573018275637, 63.927567301641886 ], [ 37.057472353451885, 63.933443221605671 ], [ 37.089880588329834, 63.937693204410607 ], [ 37.143698026440745, 63.937902300233077 ], [ 37.15552075248354, 63.935441539357271 ], [ 37.176011352923581, 63.938610329460118 ], [ 37.241984571312173, 63.934443162263051 ], [ 37.26216905266125, 63.926552019325698 ], [ 37.27648832651181, 63.932196315047008 ], [ 37.3202206692186, 63.929575652167955 ], [ 37.351278466478107, 63.902538535421627 ], [ 37.373033149979278, 63.871832790675512 ], [ 37.401414007475978, 63.866884302933613 ], [ 37.461896580785833, 63.86057178463318 ], [ 37.482259767388371, 63.852539722189192 ], [ 37.499288343773571, 63.853189398370887 ], [ 37.515382434183323, 63.863838104593071 ], [ 37.524409370624312, 63.897177746039233 ], [ 37.573685553623363, 63.911834725790015 ], [ 37.593384789059314, 63.92566987471946 ], [ 37.609962011378229, 63.94066837893854 ], [ 37.641118074461815, 63.940079715106549 ], [ 37.672144427731894, 63.938303924038394 ], [ 37.691495429480767, 63.929970941662759 ], [ 37.69309705754506, 63.93030588045076 ], [ 37.765203249244166, 63.967946128370386 ], [ 37.783463555286346, 64.00829551806612 ], [ 37.795498365711012, 64.02714254063909 ], [ 37.854436214511338, 64.025377301877711 ], [ 37.874164964992815, 64.017326630961122 ], [ 37.884117422323413, 64.004470385138177 ], [ 37.90629017124229, 64.013724202941432 ], [ 37.928934479390705, 64.020786163542596 ], [ 37.966375173353299, 64.03289053665145 ], [ 38.004634000120916, 64.045041108194823 ], [ 38.003697960579416, 64.063207153871247 ], [ 37.979763682851683, 64.072167428792397 ], [ 37.970468664119892, 64.087172740586595 ], [ 37.948973701790237, 64.125273917263371 ], [ 37.9178398004006, 64.144064288342747 ], [ 37.896316573020158, 64.164066360222989 ], [ 37.862872362806286, 64.201011935172573 ], [ 37.860840986966707, 64.219469965897588 ], [ 37.848299550732975, 64.260299555629899 ], [ 37.848924382869939, 64.261832389598624 ], [ 37.846687797071411, 64.262148283105489 ], [ 37.793004081551885, 64.295922230449037 ], [ 37.75568680557268, 64.313315571143903 ], [ 37.732640627509682, 64.325734950827666 ], [ 37.70843936787071, 64.334677501185126 ], [ 37.671113174092227, 64.348904019781912 ], [ 37.640007690773928, 64.351280973729502 ], [ 37.575389206351247, 64.346773022338311 ], [ 37.571124387170244, 64.344648613936442 ], [ 37.568007729139879, 64.346048608364185 ], [ 37.56262329800677, 64.347404457763332 ], [ 37.504575554761743, 64.355019355265597 ], [ 37.460305200762321, 64.365710182872249 ], [ 37.435623895689901, 64.361693516799221 ], [ 37.385611707231988, 64.33174629927089 ], [ 37.325781685733091, 64.330532890387985 ], [ 37.28877912896138, 64.33250075981789 ], [ 37.242336342449505, 64.325948570844105 ], [ 37.230431109219353, 64.341697465006405 ], [ 37.191626904481382, 64.34962416217968 ], [ 37.148509089460333, 64.3646728417188 ], [ 37.110212758721957, 64.385037250329447 ], [ 37.085802948393336, 64.395614675832007 ], [ 37.051118097340918, 64.418388048125053 ], [ 37.032179388112127, 64.431104452636646 ], [ 36.995535835678311, 64.4520934518697 ], [ 36.972674827640787, 64.466886427013378 ], [ 36.936419488785759, 64.486625591340271 ], [ 36.912098850960376, 64.50276069661777 ], [ 36.882045102902339, 64.524721376168657 ], [ 36.855849130810384, 64.542310862394629 ], [ 36.829107073997818, 64.566842250962623 ], [ 36.808581455828971, 64.583362475365107 ], [ 36.778883462582712, 64.616510082800346 ], [ 36.765127596496313, 64.625667106160165 ], [ 36.74121042418858, 64.657452243813282 ], [ 36.72975799125561, 64.665680664806189 ], [ 36.685974874453791, 64.707360918669963 ], [ 36.683908166138394, 64.714298434417287 ], [ 36.6819028688152, 64.71389707733033 ], [ 36.680117807689442, 64.709404131412271 ], [ 36.599609064658637, 64.695375480405346 ], [ 36.558398290850221, 64.690164802988875 ], [ 36.556089793626597, 64.704459301807276 ], [ 36.529519575040581, 64.72336793747678 ], [ 36.504247033863066, 64.739976247547133 ], [ 36.496506004477965, 64.764375397950118 ], [ 36.481907143697754, 64.783861857300622 ], [ 36.458690037714462, 64.805751114650775 ], [ 36.456801300217194, 64.821425422531377 ], [ 36.444659154269289, 64.856325111668411 ], [ 36.442725270120832, 64.8694257591888 ], [ 36.419604375510914, 64.884709095855271 ], [ 36.416884133086569, 64.92140642914103 ], [ 36.44289730237881, 64.927658981967454 ], [ 36.51432932841999, 64.930571628759992 ], [ 36.515647352734959, 64.937450621637367 ], [ 36.532069456723605, 64.939395731529714 ], [ 36.53456170362773, 64.938499270731313 ] ], [ [ 34.581462869351014, 65.240940325107715 ], [ 34.606158931848768, 65.231940023466507 ], [ 34.625123808647913, 65.251234413717725 ], [ 34.655902412614523, 65.254034833338721 ], [ 34.674136476147396, 65.24563822785791 ], [ 34.700722083340281, 65.212790279863952 ], [ 34.704753959064021, 65.209752294438772 ], [ 34.749975246166343, 65.190106410464182 ], [ 34.757978175013818, 65.179534123963208 ], [ 34.762779892258607, 65.147334454799477 ], [ 34.775017213629383, 65.142739571907498 ], [ 34.823137752606385, 65.086163435324067 ], [ 34.82419952893548, 65.0825746202608 ], [ 34.860063190488347, 65.056103853556181 ], [ 34.8693661856924, 65.051771084610778 ], [ 34.906221040928472, 65.029746451600772 ], [ 34.915252014819998, 65.016105068876755 ], [ 34.910555294976916, 64.988776850787019 ], [ 34.917530893712012, 64.970650541454233 ], [ 34.931904105622436, 64.950020468069852 ], [ 34.944793397902686, 64.964541324698075 ], [ 34.98513037531302, 64.979940475957847 ], [ 34.995544229914231, 64.967475674307991 ], [ 35.007045196980584, 64.96095560879985 ], [ 35.013639365497625, 64.968882601846531 ], [ 35.022971510625212, 64.97844924261517 ], [ 35.027746605941502, 64.997392760418791 ], [ 35.056336488618456, 64.997074507795446 ], [ 35.068210539600898, 64.995795238704943 ], [ 35.077987982582385, 64.98997559924112 ], [ 35.081681099167383, 64.985103057653873 ], [ 35.087785079875289, 64.976373620815195 ], [ 35.098192745321342, 64.964882640572 ], [ 35.101967928065392, 64.959932250167185 ], [ 35.110511137805531, 64.958387650593068 ], [ 35.115898257427034, 64.958380615400529 ], [ 35.129587822095402, 64.951511877523387 ], [ 35.133278122481045, 64.950354892429516 ], [ 35.145142061854187, 64.944659216169498 ], [ 35.142456477540634, 64.935857232594572 ], [ 35.141282563567131, 64.928489831942045 ], [ 35.147356309164138, 64.919444667339121 ], [ 35.148662123261659, 64.915201307667303 ], [ 35.146979847584703, 64.909381061166698 ], [ 35.145427364041211, 64.905656238257563 ], [ 35.130874094407886, 64.902693570638803 ], [ 35.128651138380633, 64.9029210807239 ], [ 35.121472073475218, 64.906447216722881 ], [ 35.11437389563082, 64.910052989606015 ], [ 35.106491494119894, 64.910522076599591 ], [ 35.092598973682584, 64.919121867809793 ], [ 35.083678876872057, 64.922042345133377 ], [ 35.06568246733525, 64.924031011109093 ], [ 35.056174218992965, 64.922427962348706 ], [ 35.051837518724028, 64.925072797061205 ], [ 35.047457331453188, 64.920520071464125 ], [ 35.050223190548536, 64.914724488047796 ], [ 35.034676835690334, 64.888839951905538 ], [ 35.03616310558948, 64.851812140019376 ], [ 35.065837088099272, 64.818757695426029 ], [ 35.075397028958832, 64.821355594049351 ], [ 35.075646016088399, 64.804599076323996 ], [ 35.081945291029172, 64.792806495763216 ], [ 35.074204000946452, 64.76455821389402 ], [ 35.073473951229914, 64.738941013260046 ], [ 35.065676640220829, 64.729663882124555 ], [ 35.080085385765415, 64.70312246925829 ], [ 35.082290591501135, 64.669573303221171 ], [ 35.085296828710852, 64.664592341505397 ], [ 35.076965174903307, 64.653611324953147 ], [ 35.031350913304834, 64.61200646578078 ], [ 35.021603683133378, 64.604006664063547 ], [ 35.013873132207777, 64.601600548605347 ], [ 34.975033505608792, 64.576760686792227 ], [ 34.935281319489206, 64.565776807579823 ], [ 34.910380032579269, 64.546060991960985 ], [ 34.902371296423041, 64.536288731287243 ] ], [ [ 39.722387649165455, 64.575837286805893 ], [ 39.754694449082365, 64.601632117144618 ], [ 39.747086189309016, 64.681710676930493 ], [ 39.746201603302438, 64.694207814318361 ], [ 39.752352029616304, 64.698136967206722 ], [ 39.757820508635575, 64.701889435189457 ], [ 39.820443902674015, 64.709295778244211 ], [ 39.847685305776508, 64.712463606389122 ], [ 39.901501073796737, 64.729704281005922 ], [ 39.9368130514668, 64.750319492908659 ], [ 39.938207950170238, 64.751296682446991 ], [ 39.983262703273851, 64.77743126313004 ], [ 40.030094519257602, 64.785807960230272 ], [ 40.110293972520594, 64.783930239860695 ], [ 40.111825532825662, 64.827121493865093 ], [ 40.114675631437535, 64.82938223775642 ], [ 40.116437793767545, 64.830512995453319 ], [ 40.121108728002639, 64.836313644784298 ], [ 40.169254450596782, 64.869033837632799 ], [ 40.215247432104718, 64.915778044774981 ], [ 40.172848270540271, 64.92428059046506 ], [ 40.180530363701166, 64.955771783737873 ], [ 40.166548332235948, 64.984751635278371 ], [ 40.161169092225521, 65.000429270217978 ], [ 40.136169714456742, 65.02963214446936 ], [ 40.100985116016091, 65.077646982015835 ], [ 40.075668188034001, 65.098978669422706 ], [ 40.079944720746482, 65.091053702682984 ], [ 40.02667340120388, 65.109704728249255 ], [ 40.011862892632166, 65.119792837984392 ], [ 39.994573186490015, 65.151832893672804 ], [ 39.99115018142038, 65.162417706829785 ], [ 39.984053884298191, 65.180273691603361 ], [ 39.984407072095223, 65.186393085808277 ] ], [ [ 39.353984069187732, 64.630090916106838 ], [ 39.36485017363151, 64.629780327348385 ], [ 39.381315799356969, 64.622465872425721 ] ], [ [ 38.796812526814847, 64.756320407953012 ], [ 38.834950127988122, 64.754535337036998 ], [ 38.861702425409021, 64.760143888990569 ], [ 38.938374478420997, 64.734624955377569 ], [ 38.951161454373562, 64.732305692970897 ], [ 38.951632101541918, 64.730745999326416 ] ], [ [ 38.742184994710783, 64.765344246384132 ], [ 38.756871174871833, 64.76812519817031 ], [ 38.760468217077118, 64.762324068860437 ] ], [ [ 38.621507900355539, 64.785278710926889 ], [ 38.657883374184166, 64.784761263094026 ], [ 38.661312678371132, 64.778703420560305 ] ], [ [ 38.429857166770432, 64.839303287238579 ], [ 38.481498973942507, 64.827106290817028 ], [ 38.510469081317922, 64.802306129564272 ] ], [ [ 38.296520281716766, 64.853396941734843 ], [ 38.29688783105297, 64.853537152241188 ], [ 38.297841309412718, 64.853439035022973 ] ], [ [ 36.595297927896524, 64.936994625047703 ], [ 36.650133571387414, 64.940127619462203 ], [ 36.671949024539799, 64.942843300250161 ] ], [ [ 37.686218550706485, 65.032862374398064 ], [ 37.690630225017344, 65.031693678429292 ], [ 37.713722996784838, 65.024900475567904 ], [ 37.712751219185634, 65.020209823507173 ] ], [ [ 36.858095408540919, 65.125109285112444 ], [ 36.851095434824003, 65.125320756647795 ], [ 36.836950172073557, 65.146051101492105 ], [ 36.835753964933247, 65.174996731209944 ], [ 36.82429157101069, 65.189366720929684 ], [ 36.846349717521662, 65.183343675707988 ], [ 36.852453978743142, 65.180803398514456 ], [ 36.863415951578702, 65.154802301112909 ], [ 36.874424694729385, 65.156327522245022 ] ], [ [ 34.739176734936621, 65.908097622899049 ], [ 34.768382735939667, 65.905045947380188 ], [ 34.791525813365354, 65.902800365289409 ], [ 34.847791850774342, 65.867273786898295 ], [ 34.852438644196923, 65.867988135785708 ], [ 34.852232034019949, 65.86210532479538 ], [ 34.853783727267114, 65.836537731669523 ], [ 34.867872377431979, 65.824270774854199 ], [ 34.878774460150566, 65.786054162646906 ], [ 34.899509504957734, 65.760588624965862 ], [ 34.905030222806147, 65.804009776758903 ], [ 34.945826861978276, 65.793036923540171 ], [ 34.981099628432389, 65.788657235225401 ], [ 34.964082946749784, 65.770030232863178 ], [ 34.968559811281011, 65.715853648587711 ], [ 35.034498857981873, 65.696754997327048 ], [ 35.0358511278028, 65.696666237137947 ], [ 35.0360967253838, 65.695075793435535 ], [ 35.034702566834312, 65.694556452614165 ], [ 35.015133331518882, 65.687281043334337 ], [ 34.967297844865357, 65.676207017142644 ], [ 34.9587729958767, 65.670120448921807 ], [ 34.91590232309693, 65.669030491779324 ], [ 34.891972411071151, 65.650222067124616 ], [ 34.880531922524938, 65.647789819955619 ], [ 34.829035706512627, 65.625187087138329 ], [ 34.822191634309945, 65.605715242869394 ], [ 34.801625172804052, 65.593749906533105 ], [ 34.811628505467581, 65.586092660156396 ], [ 34.814242865872188, 65.550422101008735 ], [ 34.812181567038351, 65.549629791377811 ], [ 34.781780196975888, 65.520420296612485 ], [ 34.745486401123287, 65.52636274721965 ], [ 34.721951390813103, 65.495576596997125 ], [ 34.709200441811902, 65.454615332884828 ], [ 34.721150709901849, 65.422944031543125 ], [ 34.720607562791088, 65.415065664521592 ], [ 34.718138676144122, 65.411287214767071 ], [ 34.660618211324675, 65.383925452031747 ], [ 34.652119783055298, 65.378833696526328 ], [ 34.648483765155163, 65.383528945341823 ], [ 34.597953551721787, 65.400255886037485 ], [ 34.580852420625888, 65.396976128395295 ], [ 34.564834771077642, 65.407035855209017 ], [ 34.540439233936979, 65.393276491868221 ], [ 34.548650056236568, 65.364427860109572 ], [ 34.552329137102845, 65.347532996300288 ], [ 34.556391214431756, 65.30357513009227 ], [ 34.556820866146154, 65.302490829708404 ], [ 34.55589193011474, 65.300297390396793 ], [ 34.562628539313778, 65.256243218384895 ] ], [ [ 40.309085360543065, 65.74607173562066 ], [ 40.310933414100873, 65.752841999648808 ], [ 40.326920877203577, 65.769795649059233 ], [ 40.352303432453596, 65.777958332673734 ], [ 40.383182669386713, 65.779267406386282 ] ], [ [ 40.476220509944312, 65.825589837033874 ], [ 40.480436292455124, 65.830421480772259 ], [ 40.495518632051358, 65.840985518632749 ], [ 40.534538107778644, 65.869758422577547 ], [ 40.549031374550452, 65.880712716294624 ], [ 40.584293249827226, 65.909911662969535 ], [ 40.601673548022518, 65.920198775802419 ], [ 40.618436547821773, 65.914477901514715 ] ], [ [ 34.445597716169743, 66.100727736534452 ], [ 34.469879002506843, 66.100737350316194 ], [ 34.491111726834731, 66.093504629934671 ], [ 34.560309031163399, 66.052609586560777 ], [ 34.561706429376557, 66.052051375241831 ], [ 34.613332808890902, 66.017944599578186 ], [ 34.61797510273766, 66.015415592391946 ], [ 34.6887529004199, 66.000278583582315 ], [ 34.702842518076125, 65.992190572233142 ], [ 34.712811409321262, 65.973918921332427 ], [ 34.705507252722441, 65.939193198593102 ] ], [ [ 40.735240242498719, 65.976318641290106 ], [ 40.732398294963787, 65.976773329712273 ], [ 40.800377079311204, 66.008203345794811 ], [ 40.809166649403721, 66.016372486992623 ], [ 40.848705912201638, 66.01297275958143 ], [ 40.865292950587104, 66.006286274138745 ] ], [ [ 38.430825364640214, 66.065048758640728 ], [ 38.49922130433697, 66.061265945241814 ], [ 38.450252190013998, 66.041454932463296 ], [ 38.423433592030051, 66.041085561220939 ], [ 38.411732209773675, 66.048098874107438 ], [ 38.373060210822644, 66.057207303627422 ], [ 38.22186296522716, 66.065909858782106 ], [ 38.212225525439976, 66.065342474641568 ], [ 38.209045640836848, 66.06434630682628 ], [ 38.207524749341246, 66.065753835369776 ], [ 38.110939078254944, 66.072569951789887 ], [ 38.098728789696963, 66.06858804491651 ], [ 37.99694912305506, 66.078840801601586 ], [ 37.992537558719164, 66.07909121368732 ], [ 37.991379370883919, 66.080591531954269 ], [ 37.892889309721738, 66.084012712308379 ], [ 37.87751400277557, 66.079046678161831 ], [ 37.873445018394818, 66.085541710243035 ], [ 37.845723882434072, 66.095103276315115 ], [ 37.683418269617164, 66.122705229841131 ] ], [ [ 39.249173633667112, 66.128075481444853 ], [ 39.193765859123346, 66.111916675963641 ], [ 39.18265113757667, 66.100692781332327 ], [ 39.165248973880807, 66.106897149264114 ], [ 39.090921564253165, 66.096526053988896 ], [ 39.078137633667268, 66.086706060843539 ], [ 39.050430192983185, 66.084274620967392 ], [ 38.965613659300402, 66.086233043679385 ], [ 38.950576166651445, 66.093383714076538 ], [ 38.90536724028965, 66.093980290355034 ] ], [ [ 37.648856304453204, 66.127016184627848 ], [ 37.680498881527456, 66.117644406152976 ], [ 37.728205274503239, 66.106958134714773 ], [ 37.680136060913412, 66.1022856409582 ], [ 37.655888482590058, 66.096086735520714 ], [ 37.652297503002046, 66.106599489554412 ], [ 37.580881934372997, 66.122596635930734 ], [ 37.554620756491261, 66.128785886026947 ], [ 37.488876170882577, 66.14825786806972 ], [ 37.462914526724603, 66.155080881206288 ], [ 37.398549556284706, 66.181457693488539 ], [ 37.385265085969991, 66.184529409048992 ], [ 37.311685984343171, 66.206869058114535 ], [ 37.338203099440989, 66.212628542256766 ] ], [ [ 39.402983164872808, 66.155524483782074 ], [ 39.3636282278203, 66.147227883629967 ], [ 39.360546515242049, 66.146773006323485 ] ], [ [ 40.610059208181838, 66.481632321126938 ], [ 40.601872682527869, 66.474357771607174 ], [ 40.583067636136661, 66.448585495309203 ], [ 40.562240157516499, 66.438423962379659 ], [ 40.520097490429293, 66.412690298595408 ], [ 40.487444298571177, 66.400762401273823 ], [ 40.426799930064647, 66.384793219575045 ], [ 40.398251760059793, 66.377161779721121 ], [ 40.323188302099993, 66.367188378670164 ], [ 40.296334526108694, 66.359986455859996 ], [ 40.243594235344176, 66.333613746650485 ], [ 40.210351471814761, 66.320559358700848 ], [ 40.15843822996618, 66.301033876068686 ], [ 40.127670551341055, 66.290987211607103 ], [ 40.078421777106996, 66.269364509873412 ], [ 40.051115124635544, 66.260804786132269 ], [ 39.990185000031545, 66.244614761217235 ], [ 39.986156601113237, 66.237582573336169 ], [ 39.967070708517099, 66.241447770069499 ], [ 39.887873904437583, 66.227000302733416 ], [ 39.882679171718394, 66.216289462594489 ], [ 39.859934021853519, 66.220229786365962 ], [ 39.791006343479296, 66.203340169588103 ], [ 39.781798421965505, 66.193574899269152 ], [ 39.758395798886397, 66.199634324912154 ], [ 39.684340385359974, 66.191562599076917 ], [ 39.673161267641319, 66.182666623684838 ], [ 39.651240060084092, 66.186860376808966 ], [ 39.57715262460988, 66.177865218815043 ], [ 39.563465198662016, 66.168129419118486 ], [ 39.540311006781963, 66.175509536911818 ], [ 39.465825056213419, 66.167767269649687 ], [ 39.456100672818195, 66.155293096697335 ], [ 39.433158797780948, 66.161747439022292 ] ], [ [ 37.322827227749372, 66.217030977682043 ], [ 37.290284837112267, 66.211534587109895 ], [ 37.215780547619886, 66.22188313325023 ], [ 37.20134654749927, 66.219612859033077 ], [ 37.18934362507207, 66.226930100339814 ], [ 37.102754544528693, 66.23391990005257 ], [ 37.069553359040697, 66.236417530460983 ], [ 36.996185000247351, 66.244064181679335 ], [ 36.977951573149767, 66.235106555275706 ], [ 36.959833342916681, 66.247688372732227 ], [ 36.887115555535388, 66.255530752194318 ], [ 36.866862621547739, 66.245927945092262 ], [ 36.789024404741269, 66.249207862718322 ], [ 36.772394656192887, 66.262114681725507 ], [ 36.689284801257543, 66.269460232823008 ], [ 36.673163765226491, 66.261317639422543 ], [ 36.659013429336596, 66.269681570367538 ], [ 36.58285434493888, 66.262946572867747 ], [ 36.563346431012178, 66.252511016337053 ], [ 36.544718754805331, 66.264173268547893 ], [ 36.449314159253959, 66.283608916786818 ], [ 36.446662143884168, 66.282341445163127 ], [ 36.44432967402463, 66.284048382713195 ], [ 36.362567970027158, 66.283999123297804 ], [ 36.34311684526989, 66.274838292836705 ], [ 36.327650470379069, 66.287948839668502 ], [ 36.273273876380699, 66.308178488405304 ], [ 36.436344149340641, 66.297606492116756 ], [ 36.391870849044494, 66.301888571096526 ] ], [ [ 34.084491857684554, 66.230190212881382 ], [ 34.093005829192407, 66.232084442606777 ], [ 34.10187420312451, 66.227141851287115 ] ], [ [ 33.576468234396884, 66.379127588290714 ], [ 33.600496310718938, 66.367921174405694 ], [ 33.638163144030898, 66.342028333092514 ], [ 33.670335522086418, 66.302821278225281 ] ], [ [ 36.263504612610461, 66.3142482196738 ], [ 36.15627142233285, 66.324573088459147 ], [ 36.134036002928099, 66.32419212304012 ], [ 36.128241038110048, 66.321863170538506 ], [ 36.048395567726402, 66.308942967469136 ], [ 36.015536124243226, 66.313028039683502 ], [ 36.003775702723942, 66.325844755967523 ], [ 35.930799985431747, 66.33799792147704 ], [ 35.909163032698473, 66.329080531439104 ], [ 35.899043114797792, 66.341573063149553 ], [ 35.811679111389878, 66.356820505916403 ], [ 35.70957174780051, 66.370079991316686 ], [ 35.679171876854639, 66.375240146957424 ], [ 35.693016840272321, 66.371496345476885 ], [ 35.601540470674195, 66.367898397893441 ], [ 35.577492657983328, 66.359491977047639 ], [ 35.569989735438924, 66.371767834058176 ], [ 35.495770559093216, 66.383521582469371 ], [ 35.471410421396286, 66.375920620033924 ], [ 35.465562478919367, 66.389066859512241 ], [ 35.399044358393553, 66.406027035274747 ], [ 35.374411844717599, 66.399408851673741 ], [ 35.370517163159207, 66.413705180715624 ], [ 35.318403378976598, 66.436918680148665 ], [ 35.289747553109919, 66.444620089387172 ], [ 35.258946024403485, 66.464191289747248 ] ], [ [ 33.621408397852008, 66.410634488281744 ], [ 33.622426023448611, 66.409826117964258 ], [ 33.619410518372206, 66.408784426992725 ] ], [ [ 35.253576461185787, 66.466007880172015 ], [ 35.183895760565065, 66.484129105276338 ], [ 35.136888016128125, 66.484646404380328 ], [ 35.107088380158643, 66.494276345831167 ], [ 35.054273609708616, 66.515077158710596 ], [ 35.024004329614456, 66.525424579515061 ], [ 34.974489407479382, 66.558426363331876 ], [ 34.964223335246174, 66.561310606506652 ], [ 34.885596630418206, 66.573117904812648 ], [ 34.848759673823224, 66.579307441530659 ], [ 34.832808789015075, 66.59637728819871 ], [ 34.786589007510543, 66.601995799844701 ] ], [ [ 33.032890415596739, 66.694103726274534 ], [ 33.069219098110011, 66.697219104076851 ], [ 33.112206301168158, 66.71110261305148 ], [ 33.124795283853075, 66.692063404367161 ], [ 33.17837789741327, 66.688213546392888 ], [ 33.221925441881524, 66.679741201831348 ], [ 33.258371727926828, 66.649312612120468 ], [ 33.298206009021669, 66.614766067457879 ], [ 33.334887520341113, 66.611400444508092 ], [ 33.395646546712669, 66.602158608511672 ], [ 33.422670167452566, 66.590390045956099 ], [ 33.445472462193834, 66.569021897194034 ], [ 33.457780356122385, 66.555501101673201 ], [ 33.445319027348944, 66.532179108820856 ], [ 33.359052813935705, 66.5629844933502 ], [ 33.458105135193932, 66.478218452535202 ] ], [ [ 34.580597663088838, 66.557463560916631 ], [ 34.592851769350091, 66.546438197121574 ], [ 34.533342577437054, 66.528426901557395 ], [ 34.52493085027902, 66.516883810010768 ], [ 34.517540469674827, 66.506414549992769 ], [ 34.507897220126438, 66.496823291283363 ], [ 34.469510199771321, 66.534775686024773 ], [ 34.416091230025017, 66.553177651236126 ], [ 34.38278023399107, 66.579941081046968 ], [ 34.356630877577174, 66.589307841681148 ], [ 34.328031607692651, 66.606062148643161 ], [ 34.28454108779988, 66.648437105755818 ], [ 34.262743194827635, 66.655775425915749 ], [ 34.186086804991703, 66.654828550854347 ], [ 34.142047621600796, 66.659894558222788 ], [ 34.073595651840265, 66.680500045422491 ], [ 34.068173799758483, 66.681179653311233 ], [ 33.970424627455884, 66.674827699502259 ], [ 33.944986335813155, 66.665548995770337 ], [ 33.923503566529689, 66.681009750402268 ], [ 33.864746204370078, 66.693972420453179 ], [ 33.826822736726228, 66.707639910764613 ], [ 33.798807140097836, 66.734471693700584 ], [ 33.747114115689328, 66.744910888937852 ], [ 33.715086136697153, 66.75706915459898 ], [ 33.687320570687064, 66.765783247129036 ] ], [ [ 34.732803381703548, 66.589070097043304 ], [ 34.722977158093272, 66.570851680040562 ], [ 34.686783816909269, 66.561750647346344 ], [ 34.624446718713557, 66.553821818699362 ], [ 34.601548031693426, 66.558986349809288 ] ], [ [ 34.444216534821578, 66.643614856933539 ], [ 34.441463524588471, 66.643949514942562 ], [ 34.444157701167342, 66.643553941899825 ] ], [ [ 32.709311756421016, 66.818477281561968 ], [ 32.732189869653723, 66.825472226883051 ], [ 32.796155134827188, 66.802017405698393 ], [ 32.824475790690485, 66.795399699051018 ], [ 32.838603791868138, 66.808770807059773 ], [ 32.88247193075955, 66.782845888887152 ], [ 32.899453686754043, 66.781044828508982 ], [ 32.945239062810401, 66.760363172426878 ], [ 32.945207744462095, 66.757706178847059 ], [ 32.952295352795772, 66.753407120981137 ], [ 33.007575583939001, 66.706918919269867 ], [ 33.015717048703038, 66.695751810160061 ] ], [ [ 33.627119792005203, 66.77812064634611 ], [ 33.593269579618266, 66.7672073856412 ], [ 33.573921418938085, 66.751130083212104 ], [ 33.549617598466398, 66.740980079750557 ], [ 33.548846262230654, 66.739674431690332 ], [ 33.546469557324713, 66.740656016365392 ], [ 33.54461373619057, 66.741270128241013 ], [ 33.519517694061562, 66.753685031453699 ], [ 33.430531017820726, 66.742950643529184 ], [ 33.395880696105507, 66.736599947867944 ], [ 33.364802309399238, 66.721865429477475 ], [ 33.355971984648932, 66.742968253620347 ], [ 33.311323145346364, 66.760486432260336 ], [ 33.266150097344564, 66.767127499635649 ], [ 33.218340910087079, 66.780286133736922 ], [ 33.188158084467432, 66.795828111189678 ], [ 33.143516362790308, 66.839472116684249 ], [ 33.139971245298455, 66.83764395665645 ], [ 33.136473478800326, 66.839224970743032 ], [ 33.065694514127301, 66.860929071746796 ], [ 33.044661403549981, 66.869392409429565 ], [ 32.982765794437057, 66.864965835149633 ], [ 32.916974213341803, 66.878167305076261 ], [ 32.904869226080336, 66.927509788150985 ], [ 32.88914348037008, 66.928720627303846 ], [ 32.848339965112302, 66.946334546672063 ], [ 32.781608925066394, 66.943072013327765 ], [ 32.77518910586889, 66.943621801278027 ], [ 32.772383986390139, 66.94429382705863 ], [ 32.766975262988183, 66.945047455930876 ], [ 32.713637784505408, 66.959479953438859 ], [ 32.668827132998672, 66.957161096052062 ], [ 32.608420873424734, 66.937949527411604 ], [ 32.607251061912393, 66.937560855160086 ], [ 32.606740631559603, 66.93819367896873 ], [ 32.606981470929952, 66.937428052682776 ], [ 32.583611091544299, 66.924119692023055 ], [ 32.574859999145815, 66.910788297591466 ], [ 32.550742113605736, 66.88239280839008 ] ], [ [ 32.556614709065798, 66.880105302443269 ], [ 32.595420330773777, 66.894571722521505 ], [ 32.65075232692476, 66.867030755460291 ], [ 32.669515908949052, 66.836127785536462 ] ] ] } },
{ "type": "Feature", "properties": { "gid": 2, "objectid": 28.0, "z": 1.0, "index": 0.0, "shape_leng": 1.4980152637899999, "z1": 0.0, "z2": 0.0, "index1": 0.0, "index2": 0.0 }, "geometry": { "type": "MultiLineString", "coordinates": [ [ [ 35.914920408427861, 65.073851773679053 ], [ 35.929021248204663, 65.070368099412008 ], [ 35.938966472462198, 65.063380763960595 ], [ 35.9551295688143, 65.065005729586119 ], [ 35.971221008279826, 65.070947064024949 ], [ 35.976974385881476, 65.062501045435056 ], [ 35.998851782751444, 65.062390447139478 ], [ 36.015829875585041, 65.058072278377949 ], [ 36.013693368149688, 65.050030687329127 ], [ 36.020139367734373, 65.031505779970757 ], [ 36.032104404061101, 65.027094840777863 ], [ 36.037456889214809, 65.022125225492346 ], [ 36.045716639298917, 65.010256842677336 ], [ 36.028204653721332, 65.000995861631964 ], [ 36.018190658785898, 64.993566983921482 ], [ 36.010708583642554, 64.99197917690617 ], [ 36.007056278220261, 64.994542546530283 ], [ 35.976354665293911, 64.997867855428922 ], [ 35.967866639457498, 65.003492345043924 ], [ 35.950610323616274, 65.008442284826742 ], [ 35.944705141271697, 65.001453754935937 ], [ 35.927522431105899, 64.988883871763392 ], [ 35.920168416549132, 64.987061851414182 ], [ 35.895329337497969, 64.986286277518957 ], [ 35.888081748864352, 64.991294571289473 ], [ 35.868320811787271, 64.995278160276939 ], [ 35.864228599210037, 64.984393545717467 ], [ 35.84500328699869, 64.977563554457447 ], [ 35.827208568520291, 64.973693072584865 ], [ 35.806107682423317, 64.96614752367168 ], [ 35.774982387036289, 64.968526795368234 ], [ 35.773619613348274, 64.968231948296307 ], [ 35.761731659105862, 64.949872328375932 ], [ 35.746683472334553, 64.946089883014793 ], [ 35.727742304607091, 64.946658988053969 ], [ 35.723221776541322, 64.945172887280933 ], [ 35.720776996931818, 64.948391167654336 ], [ 35.697171264022472, 64.958782799618348 ], [ 35.696558153336809, 64.970490433624946 ], [ 35.702762788805558, 64.983080799305753 ], [ 35.717701400833903, 64.994234250094451 ], [ 35.715712916342454, 65.008676926896442 ], [ 35.707733860697772, 65.015190783447906 ], [ 35.683645235843869, 65.02434316781364 ], [ 35.666305239796202, 65.031912834627292 ], [ 35.643824733258953, 65.031845261106355 ], [ 35.626926861987158, 65.028468704036641 ], [ 35.593525342694193, 65.033871574894874 ], [ 35.585087883584492, 65.035548571224354 ], [ 35.560551268688869, 65.045271875056642 ], [ 35.551239696142147, 65.050574298311403 ], [ 35.541149032527755, 65.05830959301602 ], [ 35.521548727439949, 65.062835967306455 ], [ 35.517621530827455, 65.064955281901348 ], [ 35.501568140472955, 65.082074378598918 ], [ 35.497196447602619, 65.093844313691079 ], [ 35.502261672572786, 65.109398630185751 ], [ 35.50241135233955, 65.111202537813369 ], [ 35.503347813897562, 65.112044862096809 ], [ 35.498431088697544, 65.129632449999917 ], [ 35.505538153720408, 65.133586214145907 ], [ 35.515075200863066, 65.13340912141939 ], [ 35.5189784695649, 65.109242074755457 ], [ 35.531332682188804, 65.094099823210854 ], [ 35.539067444482498, 65.093725614158757 ], [ 35.558599164840416, 65.087071609017585 ], [ 35.576506772038556, 65.112098144840274 ], [ 35.587126729165902, 65.106050669262913 ], [ 35.606533436512109, 65.14517593985147 ], [ 35.622881337567378, 65.150406536300579 ], [ 35.636081268032285, 65.156267377562472 ], [ 35.654179517026932, 65.159466177228751 ], [ 35.661227426473488, 65.16955640634842 ], [ 35.678183569627436, 65.174914053652174 ], [ 35.698266963448987, 65.178578027054755 ], [ 35.707315656862193, 65.18130883642516 ], [ 35.716642642513762, 65.179723440596717 ], [ 35.744178390734305, 65.181822667727829 ], [ 35.750570789456106, 65.184938359005173 ], [ 35.758218400493206, 65.182820476595225 ], [ 35.784242195728439, 65.178637013719708 ], [ 35.792732529400382, 65.179644908945193 ], [ 35.79957373993966, 65.181399862569378 ], [ 35.813184374634147, 65.175828843668569 ], [ 35.819223033719027, 65.18135647305462 ], [ 35.837732376079657, 65.179754851986218 ], [ 35.845168358493538, 65.176747495454038 ], [ 35.846419371195225, 65.171605818173703 ], [ 35.853914113726205, 65.150186613864207 ], [ 35.858388414515503, 65.144289825653686 ], [ 35.868329964141594, 65.126413841215253 ], [ 35.871179725134425, 65.119078224612167 ], [ 35.876539344902994, 65.0977941675701 ], [ 35.867603069757024, 65.09235705375977 ], [ 35.86775976262652, 65.083857566674851 ], [ 35.877106959997036, 65.077281303954805 ], [ 35.883044615766266, 65.068354508541233 ], [ 35.90237709367284, 65.074405736912013 ], [ 35.910173762353224, 65.075515661592362 ], [ 35.914920408427861, 65.073851773679053 ] ] ] } },
{ "type": "Feature", "properties": { "gid": 3, "objectid": 30.0, "z": 1.0, "index": 0.0, "shape_leng": 0.58239081264600001, "z1": 0.0, "z2": 0.0, "index1": 0.0, "index2": 0.0 }, "geometry": { "type": "MultiLineString", "coordinates": [ [ [ 36.656559688060952, 64.236354600798222 ], [ 36.650490011110378, 64.236463784247462 ], [ 36.644197334488126, 64.236731239572691 ], [ 36.641347574870451, 64.238706592150265 ], [ 36.639822448982159, 64.239242648982327 ], [ 36.637193171252875, 64.23955490213848 ], [ 36.62745129623363, 64.246135868565034 ], [ 36.621049642675644, 64.250257735096966 ], [ 36.612597932795325, 64.250966323164903 ], [ 36.606747331152292, 64.249106345443579 ], [ 36.601284218850196, 64.248373142418131 ], [ 36.588013438937196, 64.25319400169974 ], [ 36.58517177783142, 64.254976023770723 ], [ 36.57667387154288, 64.256715928528138 ], [ 36.55549085043458, 64.261700425962772 ], [ 36.539229891452123, 64.243402368589159 ], [ 36.540495343477232, 64.240719016881485 ], [ 36.540027895982348, 64.231911307168048 ], [ 36.55145365950375, 64.229211425299582 ], [ 36.555451409603847, 64.227099672036275 ], [ 36.56748051219256, 64.224934043526446 ], [ 36.569350270914583, 64.225253495467769 ], [ 36.56955971070056, 64.222268206689478 ], [ 36.579191038581484, 64.212911518137844 ], [ 36.593382954903063, 64.215887837515766 ], [ 36.594255462772708, 64.215414073994907 ], [ 36.59690074115133, 64.20722595108964 ], [ 36.601013676372531, 64.205731118672702 ], [ 36.603616364853224, 64.200882134282438 ], [ 36.608721369186242, 64.19710677450712 ], [ 36.609129203992779, 64.189994670927263 ], [ 36.611640896760946, 64.18845810593848 ], [ 36.628794462074438, 64.184110891390446 ], [ 36.638975362275232, 64.191762143553206 ], [ 36.640052930524689, 64.189798209350556 ], [ 36.647056197874917, 64.191628426939133 ], [ 36.652190257900656, 64.18991341331639 ], [ 36.654789363652526, 64.190450746853458 ], [ 36.660391479348618, 64.186755739301589 ], [ 36.674140583447297, 64.186217612306791 ], [ 36.679784067284345, 64.183344652308733 ], [ 36.697663358187128, 64.178899543188891 ], [ 36.69184623018009, 64.167860659359576 ], [ 36.710433011285204, 64.151163462836848 ], [ 36.732875734734989, 64.158493400922453 ], [ 36.749714446603321, 64.168073252694739 ], [ 36.762210621662234, 64.176621218120999 ], [ 36.752330824459932, 64.182458232138742 ], [ 36.747160308674211, 64.186071847980202 ], [ 36.742434240182774, 64.183269920882594 ], [ 36.71455342106492, 64.185249303878663 ], [ 36.707774107908335, 64.189180590317847 ], [ 36.692479067514796, 64.192401331816654 ], [ 36.701866857605637, 64.198401400397415 ], [ 36.701696033334883, 64.207518541159516 ], [ 36.701415182880737, 64.208640018590813 ], [ 36.699396352338226, 64.216050811755849 ], [ 36.699341880826978, 64.216201382118015 ], [ 36.699312706343335, 64.216219307876599 ], [ 36.688608496522647, 64.222353903696785 ], [ 36.685754104142688, 64.225416424505966 ], [ 36.680488229685579, 64.230228361277113 ], [ 36.678274350433639, 64.22983409749213 ], [ 36.661893207932735, 64.235483173310058 ], [ 36.656559688060952, 64.236354600798222 ] ] ] } },
{ "type": "Feature", "properties": { "gid": 10, "objectid": 55.0, "z": 5.0, "index": 1.0, "shape_leng": 3.1350981450100002, "z1": 0.0, "z2": 0.0, "index1": 0.0, "index2": 0.0 }, "geometry": { "type": "MultiLineString", "coordinates": [ [ [ 38.115151526857517, 65.306833842540073 ], [ 38.096175538972659, 65.316608938708669 ], [ 38.014983451997978, 65.35737004489431 ], [ 38.006626687645621, 65.35726329312098 ], [ 37.923211079301893, 65.379019901778577 ], [ 37.905768424185169, 65.385657930350192 ], [ 37.891045155891391, 65.408492384893236 ], [ 37.885583783543609, 65.447351827522652 ], [ 37.938209080424713, 65.459301341365062 ], [ 37.986393050661775, 65.473921155979099 ], [ 38.039025100621132, 65.496471010057689 ], [ 38.092419929296796, 65.501969995129969 ], [ 38.144172790151003, 65.52016427236606 ], [ 38.166102362571223, 65.514152400363002 ], [ 38.238017654075634, 65.519427629955374 ], [ 38.266586966456202, 65.517668201788297 ], [ 38.296307032906157, 65.504364679716787 ], [ 38.372748380228586, 65.509222018874539 ], [ 38.396646580429717, 65.509710894806631 ], [ 38.415500225040944, 65.50946575995124 ], [ 38.449212978052003, 65.504130757002713 ], [ 38.516381127123168, 65.502876989095967 ], [ 38.545377907852583, 65.503280871103982 ], [ 38.565548438946337, 65.502363390987739 ], [ 38.64478618786967, 65.494236174538059 ], [ 38.686693002317099, 65.489697718454352 ], [ 38.711110999680329, 65.486584655387674 ], [ 38.797364059399058, 65.478284360589896 ], [ 38.852976993810444, 65.46888343111641 ], [ 38.905997849880862, 65.459358845277279 ], [ 38.953168757016215, 65.45067072327214 ], [ 39.01161829519333, 65.43930675863885 ], [ 39.052965538408898, 65.427165149780251 ], [ 39.121002636260528, 65.401205268284798 ], [ 39.139937321207981, 65.394245495990674 ], [ 39.196321784940665, 65.375934092764624 ], [ 39.217704918250149, 65.364229277711388 ], [ 39.225965669251309, 65.359527177763084 ], [ 39.258670855280911, 65.328458617994272 ], [ 39.300810445078241, 65.284206065040166 ], [ 39.308531794806186, 65.280632984176975 ], [ 39.28583743701904, 65.216275712355184 ], [ 39.271758466751692, 65.192053073216812 ], [ 39.125954289531421, 65.069451868374074 ], [ 39.092048773840361, 65.077734164409776 ], [ 39.070112347362738, 65.065464682011338 ], [ 39.021098800367326, 65.046915919865683 ], [ 38.981981871609662, 65.050724633827542 ], [ 38.95848431783088, 65.05912450743574 ], [ 38.908103290559723, 65.073147644161509 ], [ 38.863051532633165, 65.076570584402475 ], [ 38.852308446501354, 65.078882186808301 ], [ 38.799595615811995, 65.090288466999596 ], [ 38.756778901039183, 65.105377326293876 ], [ 38.751464392000457, 65.109871340664654 ], [ 38.739308104206486, 65.109901958134287 ], [ 38.695544846916277, 65.118890520509069 ], [ 38.622978697538258, 65.139942488815109 ], [ 38.590215620297386, 65.147949351263321 ], [ 38.556036886795482, 65.153632804609515 ], [ 38.54559002494716, 65.162844350594355 ], [ 38.520326423080462, 65.169536749890597 ], [ 38.493174515329883, 65.173373905727203 ], [ 38.472184946316702, 65.182703881444581 ], [ 38.458873402531083, 65.184566396874288 ], [ 38.38476211127994, 65.214232404228937 ], [ 38.364866545634868, 65.219196913505698 ], [ 38.300550458054317, 65.248004534798383 ], [ 38.290637931651986, 65.254433978971178 ], [ 38.281847462356382, 65.257009205684994 ], [ 38.204384336095359, 65.297919255324814 ], [ 38.199789207607012, 65.297760132729366 ], [ 38.134883024384237, 65.300946304942158 ], [ 38.115151526857517, 65.306833842540073 ] ] ] } },
{ "type": "Feature", "properties": { "gid": 13, "objectid": 58.0, "z": 0.0, "index": 0.0, "shape_leng": 27.544584003600001, "z1": 1.0, "z2": 1.0, "index1": 0.0, "index2": 0.0 }, "geometry": { "type": "MultiLineString", "coordinates": [ [ [ 37.155675912000049, 66.246296678000078 ], [ 37.294824219000077, 66.22504882800007 ], [ 37.628222656000048, 66.129589844000066 ], [ 37.900683594000043, 66.095605469000077 ], [ 38.397558594000031, 66.064453125000057 ], [ 38.653906250000034, 66.069042969000066 ], [ 39.289062500000057, 66.132031250000068 ], [ 40.10332031300004, 66.299951172000078 ], [ 40.521582031000037, 66.446630859000038 ], [ 40.603875935000076, 66.493148018000056 ], [ 40.623909178000076, 66.455838207000056 ], [ 40.869547932000046, 65.998361818000035 ], [ 40.774414063000052, 65.987890625000034 ], [ 40.691601563000063, 65.963427734000049 ], [ 40.512792969000031, 65.843798828000047 ], [ 40.327832031000071, 65.751708984000061 ], [ 39.816503906000037, 65.597949219000043 ], [ 39.781152344000077, 65.534716797000044 ], [ 39.749121094000031, 65.447949219000066 ], [ 39.798046875000068, 65.349853516000053 ], [ 39.896484375000057, 65.254785156000082 ], [ 40.142675781000037, 65.063281250000045 ], [ 40.28125, 64.998095703000047 ], [ 40.37539062500008, 64.89628906300004 ], [ 40.444921875000034, 64.778710938000074 ], [ 40.407812500000034, 64.754882813000052 ], [ 40.203710938000029, 64.784033203000035 ], [ 40.057812500000068, 64.770751953000058 ], [ 39.848632813000052, 64.690527344000031 ], [ 39.833007813000052, 64.656396484000084 ], [ 39.758007813000063, 64.577050781000082 ], [ 39.567382813000052, 64.570556641000053 ], [ 39.053515625000045, 64.713916016000042 ], [ 38.61308593800004, 64.786669922000044 ], [ 38.540917969000077, 64.791259766000053 ], [ 38.441992188000029, 64.827148438000052 ], [ 38.412109375000057, 64.857080078000081 ], [ 38.228222656000071, 64.851220703000081 ], [ 38.115722656000059, 64.854589844000031 ], [ 38.009375, 64.87875976600003 ], [ 37.528125, 65.108251953000035 ], [ 37.140820313000063, 65.194287109000072 ], [ 37.050195313000074, 65.195898438000029 ], [ 36.882812500000057, 65.172363281000059 ], [ 36.785937500000045, 64.987158203000035 ], [ 36.652929688000029, 64.935449219000077 ], [ 36.534570313000074, 64.938623047000078 ], [ 36.528222656000025, 64.847363281000071 ], [ 36.578710938000029, 64.790966797000067 ], [ 36.624218750000068, 64.750537109000049 ], [ 36.76933593800004, 64.685253906000071 ], [ 37.040429688000074, 64.489160156000082 ], [ 37.183691406000037, 64.408496094000043 ], [ 37.289550781000059, 64.377929688000052 ], [ 37.429589844000077, 64.373583984000049 ], [ 37.740625, 64.396972656000059 ], [ 37.84355468800004, 64.366308594000031 ], [ 37.953710938000029, 64.32011718800004 ], [ 37.977148438000029, 64.207031250000057 ], [ 38.062207031000071, 64.091015625000068 ], [ 38.070800781000059, 64.02583007800007 ], [ 37.967968750000068, 63.949121094000077 ], [ 37.635351563000029, 63.893408203000035 ], [ 37.442187500000045, 63.813378906000082 ], [ 37.372753906000071, 63.816748047000033 ], [ 36.975195313000029, 63.909521484000038 ], [ 36.713769531000025, 63.945068359000061 ], [ 36.364941406000071, 64.002832031000082 ], [ 36.301953125000068, 64.034375 ], [ 36.146484375000057, 64.189013672000044 ], [ 35.802050781000048, 64.335351563000074 ], [ 35.647070313000029, 64.378320313000074 ], [ 35.43203125000008, 64.346777344000031 ], [ 35.284082031000025, 64.362548828000058 ], [ 35.035351563000063, 64.440234375000045 ], [ 34.86953125000008, 64.560009766000064 ], [ 34.858300781000025, 64.706689453000081 ], [ 34.905468750000068, 64.73867187500008 ], [ 34.952246094000031, 64.755957031000037 ], [ 34.832617188000029, 64.800195313000074 ], [ 34.827148438000052, 64.912695313000029 ], [ 34.803515625000045, 64.985986328000081 ], [ 34.671093750000068, 65.168115234000084 ], [ 34.535937500000045, 65.277929688000029 ], [ 34.406445313000063, 65.395751953000058 ], [ 34.544140625000068, 65.456689453000081 ], [ 34.615722656000059, 65.509912109000084 ], [ 34.715527344000066, 65.664062500000057 ], [ 34.73476562500008, 65.716308594000054 ], [ 34.776953125000034, 65.768261719000066 ], [ 34.793164063000063, 65.816357422000067 ], [ 34.786328125000068, 65.864550781000048 ], [ 34.69179687500008, 65.951855469000066 ], [ 34.399804688000074, 66.128417969000054 ], [ 34.112695313000074, 66.225244141000076 ], [ 33.566699219000043, 66.320996094000066 ], [ 33.41582031300004, 66.315625 ], [ 33.360546875000068, 66.329541016000064 ], [ 33.47695312500008, 66.346875 ], [ 33.593261719000054, 66.38457031300004 ], [ 33.655957031000071, 66.442626953000058 ], [ 33.517675781000037, 66.471386719000066 ], [ 33.405273438000052, 66.484277344000077 ], [ 33.217382813000029, 66.53164062500008 ], [ 33.182910156000048, 66.573876953000081 ], [ 33.22441406300004, 66.603857422000033 ], [ 33.180566406000025, 66.679931641000053 ], [ 32.928710938000052, 66.704101563000052 ], [ 32.862402344000031, 66.721386719000066 ], [ 32.857324219000077, 66.746923828000035 ], [ 32.686425781000025, 66.829541016000064 ], [ 32.463671875000045, 66.916308594000043 ], [ 32.500976563000052, 67.003857422000067 ], [ 32.340625, 67.067871094000054 ], [ 32.20156250000008, 67.113232422000067 ], [ 31.983007813000029, 67.129833984000072 ], [ 31.895312500000045, 67.161425781000048 ], [ 32.399902344000054, 67.152685547000033 ], [ 32.930468750000045, 67.086816406000082 ], [ 32.885253906000059, 67.061132813000029 ], [ 32.847558594000077, 67.021533203000047 ], [ 33.001953125000057, 66.908300781000037 ], [ 33.15019531300004, 66.843945313000063 ], [ 33.482031250000034, 66.764550781000082 ], [ 33.522949219000054, 66.764355469000066 ], [ 33.595410156000071, 66.784619141000064 ], [ 33.75957031300004, 66.750976563000052 ], [ 33.893652344000031, 66.706738281000071 ], [ 34.146093750000034, 66.703271484000084 ], [ 34.45156250000008, 66.651220703000035 ], [ 34.430859375000068, 66.629785156000082 ], [ 34.396093750000034, 66.613183594000077 ], [ 34.482617188000063, 66.550341797000044 ], [ 34.610253906000025, 66.559619141000042 ], [ 34.82460937500008, 66.61113281300004 ], [ 35.363964844000066, 66.428662109000072 ], [ 35.51347656300004, 66.395800781000048 ], [ 36.37343750000008, 66.302294922000044 ], [ 36.76992187500008, 66.293554688000029 ], [ 36.983691406000048, 66.272558594000031 ], [ 37.155675912000049, 66.246296678000078 ] ] ] } },
{ "type": "Feature", "properties": { "gid": 12, "objectid": 57.0, "z": 5.0, "index": 1.0, "shape_leng": 2.3957341807499999, "z1": 0.0, "z2": 0.0, "index1": 0.0, "index2": 0.0 }, "geometry": { "type": "MultiLineString", "coordinates": [ [ [ 39.759512173917756, 65.808944553173262 ], [ 39.751547519732526, 65.834834855228223 ], [ 39.731119158983404, 65.848546697063341 ], [ 39.424102080571174, 65.912617929825501 ], [ 39.400003114722551, 65.914436836563254 ], [ 39.371134777902626, 65.911797873708622 ], [ 39.338657468921099, 65.898029046529757 ], [ 39.30810442681468, 65.90211598850874 ], [ 39.274367115314817, 65.895838721928271 ], [ 39.244824732268285, 65.89575230976709 ], [ 39.221294865983566, 65.890731349249165 ], [ 39.188613677586659, 65.888222442576136 ], [ 39.150698456138286, 65.883515656965812 ], [ 39.113531473201817, 65.886415250919583 ], [ 39.09964451536149, 65.883075208566993 ], [ 39.08102077977685, 65.885019941972246 ], [ 39.030663363180906, 65.876369162742776 ], [ 38.991079671715852, 65.873138963743259 ], [ 38.971003419443093, 65.855300595721985 ], [ 38.944660794215451, 65.863488790917472 ], [ 38.90449529079342, 65.856490985333949 ], [ 38.877788910122035, 65.851109041417658 ], [ 38.841718360090567, 65.822449760853601 ], [ 38.777181354307686, 65.823586297145198 ], [ 38.773861874637191, 65.822350132602878 ], [ 38.771934942258724, 65.822674692106432 ], [ 38.759971111427092, 65.811342256201897 ], [ 38.734445696121952, 65.754556167899921 ], [ 38.760757302869024, 65.717254196901251 ], [ 38.776284583385859, 65.718696961423177 ], [ 38.83843657112817, 65.68710575818119 ], [ 38.842645258184461, 65.684044155470474 ], [ 38.845782877673685, 65.686919943196813 ], [ 38.898706701071148, 65.698334050019184 ], [ 38.939475040184277, 65.689951341657434 ], [ 38.988020836728595, 65.664605040601714 ], [ 39.083885269843506, 65.639032900966413 ], [ 39.086611773505979, 65.639197932527225 ], [ 39.087442838033951, 65.638298270019732 ], [ 39.150905241367582, 65.640884062897499 ], [ 39.199906381945823, 65.630772720851382 ], [ 39.228460225473157, 65.614818276018923 ], [ 39.260081541753607, 65.625955538558685 ], [ 39.287027912323651, 65.624409341486228 ], [ 39.301437816459043, 65.621123791042976 ], [ 39.395263978865785, 65.621624953666583 ], [ 39.406679305200669, 65.627163939774732 ], [ 39.42681528184761, 65.632476896145931 ], [ 39.514377319446908, 65.605051662969402 ], [ 39.53281345013977, 65.598637411072673 ], [ 39.575159463136515, 65.613927898062627 ], [ 39.619735461514324, 65.620849470418818 ], [ 39.636620837969588, 65.643702383284165 ], [ 39.636780936649359, 65.619786782986864 ], [ 39.693462601695558, 65.636010987498651 ], [ 39.704014114151505, 65.647021951161094 ], [ 39.770970925765255, 65.682224366086359 ], [ 39.759512173917756, 65.808944553173262 ] ] ] } },
{ "type": "Feature", "properties": { "gid": 11, "objectid": 56.0, "z": 5.0, "index": 1.0, "shape_leng": 5.90725894916, "z1": 0.0, "z2": 0.0, "index1": 0.0, "index2": 0.0 }, "geometry": { "type": "MultiLineString", "coordinates": [ [ [ 35.250089636381801, 65.712548838353484 ], [ 35.216203089348824, 65.738305616760158 ], [ 35.212161228122682, 65.750561062457507 ], [ 35.207553645541452, 65.791246927041414 ], [ 35.181391914247911, 65.791041348224155 ], [ 35.142776143693595, 65.811281735430441 ], [ 35.144832097339645, 65.829601875277149 ], [ 35.092241995265795, 65.858002047876766 ], [ 35.081184897600963, 65.863059120929506 ], [ 35.031884815503929, 65.896102103695853 ], [ 35.021371846203635, 65.899062322758255 ], [ 34.977029433295741, 65.934461102122555 ], [ 34.960912919330383, 65.931928747886559 ], [ 34.951204177523437, 65.961460114205806 ], [ 34.944370157012713, 65.971123792438561 ], [ 34.941697844020496, 65.977808616637105 ], [ 34.952123964209022, 65.985887868457212 ], [ 34.992223761080879, 66.006603920592227 ], [ 35.025425813953973, 66.014670959030013 ], [ 35.040801656516123, 66.015872695908911 ], [ 35.054946117099576, 66.018993355337557 ], [ 35.114421444577602, 66.031681739317719 ], [ 35.12698261362317, 66.031815816924848 ], [ 35.154868196921655, 66.034779527683099 ], [ 35.19079747688744, 66.035089234152053 ], [ 35.213915609103424, 66.038931168175623 ], [ 35.242649385032507, 66.036577536204334 ], [ 35.285576659425828, 66.039867539231693 ], [ 35.305231268997886, 66.038906805322711 ], [ 35.322722599608767, 66.040998003918503 ], [ 35.403423358588157, 66.038189495138852 ], [ 35.419028078369593, 66.036342381139661 ], [ 35.430962908478307, 66.037492110932476 ], [ 35.510526020374641, 66.034229228389449 ], [ 35.520969102490312, 66.032583127351245 ], [ 35.528084140474732, 66.033446892906852 ], [ 35.619293900548655, 66.027421830793287 ], [ 35.626601151743728, 66.026267006538546 ], [ 35.631825328320758, 66.02636388782787 ], [ 35.745016633693012, 66.017065166040993 ], [ 35.745810137941589, 66.016941418220085 ], [ 35.746344846578779, 66.016953192076471 ], [ 35.759695677770651, 66.015786588573974 ], [ 35.862718511696528, 66.0060091140586 ], [ 35.870632942620489, 66.005187966911876 ], [ 35.982413401285214, 65.993121800402207 ], [ 35.992253501004598, 65.992014961000734 ], [ 36.101264340777561, 65.977207038911672 ], [ 36.203302249945466, 65.961807601335749 ], [ 36.207288165816976, 65.961133209602849 ], [ 36.209458721790725, 65.960888083194789 ], [ 36.225422011608373, 65.958719423208095 ], [ 36.303812110138097, 65.945315291901352 ], [ 36.336868399888886, 65.94020700504916 ], [ 36.372837704016945, 65.932725803435574 ], [ 36.411742453638112, 65.927373487080274 ], [ 36.442546270849618, 65.920340587141254 ], [ 36.474451690475689, 65.917829771657182 ], [ 36.497207922861094, 65.914162068704286 ], [ 36.521059557406204, 65.910015659959754 ], [ 36.565828462502395, 65.897616479702322 ], [ 36.617517323080392, 65.892326995734152 ], [ 36.62100109524556, 65.891680182114214 ], [ 36.625140837706567, 65.890939184409945 ], [ 36.684421145044325, 65.873395821919985 ], [ 36.727212162954004, 65.868226488179175 ], [ 36.751960470075687, 65.862940877312326 ], [ 36.796456339740018, 65.850701027593459 ], [ 36.828229023609367, 65.84340258083472 ], [ 36.874450983799875, 65.829580864785498 ], [ 36.903780504155407, 65.820663100646982 ], [ 36.929785981934401, 65.81687375954067 ], [ 36.989085265311587, 65.802614010201125 ], [ 37.014290926807007, 65.795131969684007 ], [ 37.038401174126193, 65.791819128942734 ], [ 37.102226204573583, 65.776207902828958 ], [ 37.124453829928825, 65.769425412552721 ], [ 37.145149206393455, 65.766322993938957 ], [ 37.219621847030908, 65.745236708906418 ], [ 37.232796618634893, 65.74074864206716 ], [ 37.244170294979995, 65.738908459909055 ], [ 37.315345128212471, 65.716902701751678 ], [ 37.335041692047525, 65.710404833335019 ], [ 37.343271148871224, 65.703901365977799 ], [ 37.389851726497056, 65.676134771976706 ], [ 37.403616874304078, 65.650121168026146 ], [ 37.363127138309324, 65.608385068357222 ], [ 37.356187971792735, 65.591852755027503 ], [ 37.273942386895328, 65.541194238820026 ], [ 37.27361090783603, 65.541005040922869 ], [ 37.273509359230957, 65.540945575689022 ], [ 37.273437090909283, 65.540927725876941 ], [ 37.251025114663264, 65.5329856679964 ], [ 37.218986673578911, 65.513234145673835 ], [ 37.181751192365539, 65.501938171724703 ], [ 37.138377491548454, 65.492514212292008 ], [ 37.117200848999403, 65.487047312755749 ], [ 37.086644660306831, 65.476886153854252 ], [ 37.068152948526404, 65.472731631776753 ], [ 37.050126044123374, 65.446449991806844 ], [ 37.003388156103142, 65.451371150622435 ], [ 36.989091907362422, 65.437820368973973 ], [ 36.982683020920433, 65.442437280533397 ], [ 36.963083338465424, 65.426711331434547 ], [ 36.945801438636408, 65.428380636556597 ], [ 36.922255527410073, 65.414619798233673 ], [ 36.881272691596735, 65.400820508504694 ], [ 36.788967582502778, 65.372118445389845 ], [ 36.77388879197315, 65.359312860957345 ], [ 36.772752553399187, 65.35973410451345 ], [ 36.771570205295632, 65.359505788426702 ], [ 36.766179833448462, 65.358623565935034 ], [ 36.692218165891973, 65.351392541990265 ], [ 36.650402341623703, 65.345925201661885 ], [ 36.605322400570003, 65.345569650442485 ], [ 36.593948514459044, 65.344087721001472 ], [ 36.566254546804089, 65.340243816033819 ], [ 36.527632974084554, 65.338142052518378 ], [ 36.494202875368501, 65.333905366467718 ], [ 36.456965070545323, 65.331217165930866 ], [ 36.444948201304328, 65.331378935214161 ], [ 36.408796714065886, 65.322928046447601 ], [ 36.398533176496187, 65.323999931333674 ], [ 36.390186286964422, 65.320750397120776 ], [ 36.346643374574398, 65.321112716108587 ], [ 36.319811164110376, 65.314407371712207 ], [ 36.307148438358183, 65.313861390197474 ], [ 36.286591986361543, 65.311740614506562 ], [ 36.261822787833751, 65.311601245579368 ], [ 36.247171373197602, 65.309937629579565 ], [ 36.220984877894921, 65.309053839628291 ], [ 36.18538697765689, 65.301698777773765 ], [ 36.177184870386554, 65.299646068844709 ], [ 36.168088516260582, 65.300888953082904 ], [ 36.142474890279175, 65.302742526546353 ], [ 36.124721500000419, 65.300460999998904 ], [ 36.102224185247962, 65.295792599688866 ], [ 36.074600046209468, 65.2991499436867 ], [ 36.07027687469963, 65.299276239689846 ], [ 36.067757798460661, 65.298472998536454 ], [ 36.03299750774022, 65.300453947940809 ], [ 36.001445151985592, 65.299762603815907 ], [ 36.00016937736666, 65.299953071145978 ], [ 35.99917135967911, 65.299810791770142 ], [ 35.961512279853196, 65.320033878273534 ], [ 35.956361222335602, 65.319687263956553 ], [ 35.927524868853652, 65.310086828798376 ], [ 35.916143895054176, 65.304448308543215 ], [ 35.895284845282845, 65.294173306090613 ], [ 35.876877524238864, 65.304986224586173 ], [ 35.854620984821054, 65.311608661279024 ], [ 35.815052135276346, 65.307787124642402 ], [ 35.78097517340575, 65.312901649009234 ], [ 35.752860884200459, 65.322151399981522 ], [ 35.736094180629152, 65.323141952179867 ], [ 35.721369938848625, 65.320344302235753 ], [ 35.668869493740203, 65.309957100009456 ], [ 35.664262544803876, 65.310101153932862 ], [ 35.600972580003202, 65.300427381334998 ], [ 35.552405258444253, 65.305229810262915 ], [ 35.532236062994457, 65.309511366431366 ], [ 35.520680341764091, 65.313403561471262 ], [ 35.516666805313491, 65.317594445808936 ], [ 35.477059123353683, 65.336073789308955 ], [ 35.468475308138295, 65.343104327672393 ], [ 35.458129299979305, 65.346792279422573 ], [ 35.435550788479361, 65.350664425939613 ], [ 35.416120928250166, 65.356698856165167 ], [ 35.413311865737455, 65.356199869493253 ], [ 35.406972534867236, 65.358887235051952 ], [ 35.378354325155726, 65.376919308084439 ], [ 35.337355960109562, 65.371220056924358 ], [ 35.328969213613163, 65.377269759606975 ], [ 35.320934728548366, 65.37503662056406 ], [ 35.226042177430031, 65.43467319930653 ], [ 35.189104576660668, 65.440397268986999 ], [ 35.148933720691389, 65.446451253679754 ], [ 35.13299964823824, 65.463881235977226 ], [ 35.121955522488861, 65.450600547556064 ], [ 35.070192931452823, 65.50008452035047 ], [ 35.087959217806201, 65.523541889040587 ], [ 35.081429156991476, 65.573926039531273 ], [ 35.086009566592224, 65.580017123527739 ], [ 35.087467621102405, 65.579944658351508 ], [ 35.088895565026235, 65.580025689734725 ], [ 35.149735181752476, 65.560947034555284 ], [ 35.191483193066347, 65.587194585175894 ], [ 35.20848757892611, 65.592574017853678 ], [ 35.264817203929852, 65.615784165525952 ], [ 35.261761444719014, 65.667866940970384 ], [ 35.234895201971199, 65.697137755432777 ], [ 35.250089636381801, 65.712548838353484 ] ] ] } },
{ "type": "Feature", "properties": { "gid": 7, "objectid": 50.0, "z": 3.0, "index": 0.0, "shape_leng": 1.0808356592199999, "z1": 0.0, "z2": 0.0, "index1": 0.0, "index2": 0.0 }, "geometry": { "type": "MultiLineString", "coordinates": [ [ [ 35.984262277899688, 64.541810147835349 ], [ 35.976992908636021, 64.53846340830205 ], [ 35.913957458305958, 64.520871482192888 ], [ 35.913031596213841, 64.521963033443171 ], [ 35.912218015775579, 64.521739877469372 ], [ 35.893859672858525, 64.555539675791806 ], [ 35.890584388285788, 64.556535713218182 ], [ 35.848236480076594, 64.564376387643279 ], [ 35.833098275466909, 64.57612212751701 ], [ 35.8145843592647, 64.582559097667399 ], [ 35.803827094208827, 64.573028467722906 ], [ 35.766423922123067, 64.569846370352025 ], [ 35.759978921050788, 64.595720432582311 ], [ 35.743354798596556, 64.614062447206379 ], [ 35.721209108796756, 64.633253453619545 ], [ 35.719593057434395, 64.642603932989005 ], [ 35.68776925556449, 64.660737753471039 ], [ 35.687027046456933, 64.662296048736607 ], [ 35.685842583341582, 64.662570407272142 ], [ 35.675046326643496, 64.666701042402565 ], [ 35.677843357243546, 64.683712074594951 ], [ 35.676660226017702, 64.689957085218339 ], [ 35.680861367807665, 64.691794918431697 ], [ 35.696561103031854, 64.711472928513103 ], [ 35.709829524323141, 64.732760992224939 ], [ 35.719373951924354, 64.734853610199934 ], [ 35.754503006872255, 64.73587617328667 ], [ 35.769564882411942, 64.743365672504297 ], [ 35.818554131587007, 64.752299908232089 ], [ 35.827624740253668, 64.754923710497678 ], [ 35.833007090863248, 64.758513540989952 ], [ 35.872638859444123, 64.781240872889612 ], [ 35.887562224801513, 64.785205020882131 ], [ 35.950428882133565, 64.79021863683738 ], [ 35.950671118644095, 64.790184046712966 ], [ 35.950661585309717, 64.790075755983707 ], [ 35.960769327994058, 64.764916041363904 ], [ 35.962492762628244, 64.760428035595396 ], [ 35.985790827828168, 64.732748934169649 ], [ 36.007150404515414, 64.702619364183192 ], [ 36.01017776124354, 64.69684048106501 ], [ 36.036433851841139, 64.669788379906095 ], [ 36.041389337708097, 64.66009057897827 ], [ 36.06106244444527, 64.627241777776362 ], [ 36.069570127190673, 64.609414444574213 ], [ 36.062092374326312, 64.549533186996996 ], [ 36.02459818207717, 64.552001038882736 ], [ 35.984262277899688, 64.541810147835349 ] ] ] } },
{ "type": "Feature", "properties": { "gid": 5, "objectid": 42.0, "z": 2.0, "index": 0.0, "shape_leng": 2.2141447882400001, "z1": 1.0, "z2": 0.0, "index1": 0.0, "index2": 0.0 }, "geometry": { "type": "MultiLineString", "coordinates": [ [ [ 35.483968389777203, 65.050278092417955 ], [ 35.473418597146633, 65.060402894323488 ], [ 35.48093026366405, 65.089879561001112 ], [ 35.479392895205933, 65.094018627383718 ], [ 35.479946111656318, 65.095717449952758 ], [ 35.481366633037396, 65.112837261545849 ], [ 35.490254031312475, 65.120831259042518 ], [ 35.487502177391377, 65.130674900006909 ], [ 35.50171630744444, 65.138582428280642 ], [ 35.52079040171526, 65.138228242827608 ], [ 35.5229569391268, 65.124814149505255 ], [ 35.529814233872514, 65.116409333128161 ], [ 35.547875781427138, 65.115535512526549 ], [ 35.560328329676963, 65.111293218036792 ], [ 35.587139757230091, 65.148763168352275 ], [ 35.589171745090539, 65.150003234768576 ], [ 35.592686450032545, 65.151488197854746 ], [ 35.617642675140871, 65.15947307260285 ], [ 35.644042536059715, 65.171194755115778 ], [ 35.644216936321811, 65.171225580525061 ], [ 35.644284852947692, 65.171322812697383 ], [ 35.678197139252006, 65.182038107301196 ], [ 35.681693926897367, 65.182676054100739 ], [ 35.699791313727587, 65.188137672837968 ], [ 35.718445285019811, 65.184966881199273 ], [ 35.732066781460162, 65.186005335453956 ], [ 35.744851578907515, 65.19223671801592 ], [ 35.760146800988935, 65.188000953181529 ], [ 35.773004391448978, 65.185934027442386 ], [ 35.789985058807417, 65.187949817882327 ], [ 35.798232236480658, 65.190065439510477 ], [ 35.801757879056936, 65.192269466402649 ], [ 35.809780607644029, 65.189206806375353 ], [ 35.836734600150578, 65.186874466027859 ], [ 35.858232576261855, 65.178179975471721 ], [ 35.861849346667555, 65.163315005505865 ], [ 35.863779113318742, 65.15779992983164 ], [ 35.875311004925663, 65.142601773593981 ], [ 35.877409928285601, 65.138827682432748 ], [ 35.883109450263873, 65.124156449219413 ], [ 35.886754295901483, 65.109682082424115 ], [ 35.906645205661448, 65.094607852093816 ], [ 35.919597626118161, 65.096451743600539 ], [ 35.936283438841315, 65.090602703723562 ], [ 35.949452868917547, 65.106421900236455 ], [ 35.953328190251455, 65.11118456902841 ], [ 35.942390476349942, 65.125948995268232 ], [ 35.942113096007233, 65.133742914884408 ], [ 35.922829071714773, 65.144442168482897 ], [ 35.915418937263837, 65.160317539037408 ], [ 35.924647933021333, 65.17313969511099 ], [ 35.927487657900201, 65.179376484386069 ], [ 35.927033280833768, 65.190444299976662 ], [ 35.9297754396394, 65.202646900073944 ], [ 35.935884576378271, 65.205500375457575 ], [ 35.942649523880391, 65.203507471720627 ], [ 35.954367458176478, 65.202422812260977 ], [ 35.970585782135515, 65.199524684441826 ], [ 35.981529161399635, 65.20465159115713 ], [ 36.012314980747817, 65.201955513632186 ], [ 36.018638186214957, 65.19366189013823 ], [ 36.03204320651281, 65.186945688044943 ], [ 36.045409856316894, 65.180499497775713 ], [ 36.057070068003725, 65.172336327366736 ], [ 36.075071371909928, 65.161146104026614 ], [ 36.083981266649062, 65.160549467866076 ], [ 36.114425615524056, 65.165164668123907 ], [ 36.137944337322551, 65.164304559897687 ], [ 36.160167238675115, 65.161323126561911 ], [ 36.178247592593834, 65.164775652923765 ], [ 36.221226448083996, 65.157270156218203 ], [ 36.252546561449037, 65.141267192866621 ], [ 36.247251165463354, 65.138266095971687 ], [ 36.254987395099306, 65.12591694008006 ], [ 36.251037902518817, 65.105745439897873 ], [ 36.205557709192419, 65.112518121044616 ], [ 36.206598399432551, 65.108114333594187 ], [ 36.204199742282128, 65.106922331495355 ], [ 36.194485928594133, 65.112355058128742 ], [ 36.152447233962448, 65.106493919465777 ], [ 36.10727295430479, 65.099790264946989 ], [ 36.03635162192586, 65.096473723420786 ], [ 36.031799751173935, 65.060404556748892 ], [ 36.027526736299535, 65.044321374654828 ], [ 36.028066127957629, 65.042771237949637 ], [ 36.031415182224066, 65.041536601107623 ], [ 36.057078838133805, 65.037009227791714 ], [ 36.062384410051948, 65.029414219858211 ], [ 36.081977342822938, 65.029719144666103 ], [ 36.083392125328828, 64.99911411445288 ], [ 36.064609127010158, 64.981314746150076 ], [ 36.054306434223804, 64.97367169625079 ], [ 36.00838970397308, 64.963927486889588 ], [ 35.94455409970044, 64.965105421917542 ], [ 35.911516580821626, 64.954506464211704 ], [ 35.81251485772367, 64.945894054853966 ], [ 35.788519878784427, 64.940076108920039 ], [ 35.771890513562539, 64.939951928870869 ], [ 35.767588101040076, 64.936442508235018 ], [ 35.760052750065427, 64.940063966543676 ], [ 35.734769734892438, 64.933708940181646 ], [ 35.732024106491849, 64.933791435152671 ], [ 35.687416625292883, 64.944884723878147 ], [ 35.686605811526533, 64.945241656387338 ], [ 35.686412792769318, 64.948927452231146 ], [ 35.676151911880879, 64.952543858671561 ], [ 35.657384007896383, 64.94996869590625 ], [ 35.639799036685986, 64.956897585401805 ], [ 35.633489212989048, 64.959742443952678 ], [ 35.619469116005405, 64.961204405241062 ], [ 35.604332372939155, 64.961444486889491 ], [ 35.578806455880112, 64.958101611278892 ], [ 35.574612180680617, 64.962299694077956 ], [ 35.568357756696059, 64.962069376382715 ], [ 35.523323988370919, 64.971884985439829 ], [ 35.518926137181609, 65.009996681394171 ], [ 35.513373667021483, 65.022303449408412 ], [ 35.496456234053767, 65.031023078659985 ], [ 35.483968389777203, 65.050278092417955 ] ] ] } },
{ "type": "Feature", "properties": { "gid": 9, "objectid": 53.0, "z": 4.0, "index": 0.0, "shape_leng": 15.5139380289, "z1": 1.0, "z2": 1.0, "index1": 0.0, "index2": 0.0 }, "geometry": { "type": "MultiLineString", "coordinates": [ [ [ 37.138593290101312, 65.194326705872811 ], [ 37.19543789294039, 65.215016281668852 ], [ 37.219628611100575, 65.1767807775542 ] ], [ [ 37.222069444257329, 65.176238575333457 ], [ 37.29371824438573, 65.19856484971757 ], [ 37.314713986947027, 65.165864635575417 ], [ 37.333508172643633, 65.163382912960628 ], [ 37.409818145377471, 65.143028221144107 ], [ 37.424272489268333, 65.141741933319224 ], [ 37.486846773878028, 65.158760094342199 ], [ 37.501985053400915, 65.12522936654932 ], [ 37.5318110745647, 65.123103915917454 ], [ 37.590244007402305, 65.105281466196288 ], [ 37.624813394766591, 65.099910987457406 ], [ 37.677577605329134, 65.094338345999972 ], [ 37.73270128015065, 65.080718535457095 ], [ 37.76341447706011, 65.077238280151448 ], [ 37.830161293099138, 65.060829329555474 ], [ 37.83557896981813, 65.059648335453005 ], [ 37.846183443743939, 65.054185993158228 ], [ 37.868349884058375, 65.048438172667375 ], [ 37.900173462447185, 65.0456817366358 ], [ 37.926073699887638, 65.044685913653666 ], [ 37.970335813461247, 65.037364035986627 ], [ 38.033808821503158, 65.018795287422108 ], [ 38.065707932066289, 65.009417348737827 ], [ 38.118524451831149, 65.001227709530326 ], [ 38.163419800657834, 64.987070827061018 ], [ 38.199670656624278, 64.982316086880019 ], [ 38.225787954874249, 64.978635367766344 ], [ 38.244161536578872, 64.979700433104881 ], [ 38.263818555238743, 64.972489146010105 ], [ 38.306068453013779, 64.961397532712056 ], [ 38.34189936436087, 64.955035935563615 ], [ 38.344037439954263, 64.954940596649976 ], [ 38.426267363676743, 64.942464667532477 ], [ 38.437924142686882, 64.94073143113576 ], [ 38.447490128175559, 64.937260551683778 ], [ 38.505645889734353, 64.944033592237247 ], [ 38.529510592925362, 64.923133606833233 ], [ 38.545779109612397, 64.923201822999658 ], [ 38.558722127742044, 64.916574890838035 ], [ 38.603205445950209, 64.91643920027866 ], [ 38.629616261543561, 64.915116847212687 ], [ 38.661231098005373, 64.920190332806783 ], [ 38.678858024959482, 64.904435111828263 ], [ 38.70363166644529, 64.89255705599868 ], [ 38.752743096272695, 64.872851770946113 ], [ 38.753528482138904, 64.872581647770915 ], [ 38.755572847578151, 64.871657004776409 ], [ 38.803455181878348, 64.864998094348323 ], [ 38.845582056321405, 64.851581623162929 ], [ 38.855835624475787, 64.851068364656498 ], [ 38.871624961084422, 64.844942052590341 ], [ 38.905972245942507, 64.837953975416838 ], [ 38.940883873401674, 64.831686123470774 ], [ 38.978403812358124, 64.822153011682644 ], [ 39.00659630083112, 64.817420070980006 ], [ 39.029479529592209, 64.808252058814162 ], [ 39.082079552314212, 64.793934494428015 ], [ 39.106111880850278, 64.797127273752324 ], [ 39.14456642406742, 64.791446758517964 ], [ 39.168888962114693, 64.788420651322724 ], [ 39.208729054593391, 64.787580527026876 ], [ 39.253047135091094, 64.788950226076906 ], [ 39.26793809019739, 64.787446377067681 ], [ 39.331145436190127, 64.807860957371417 ], [ 39.342966164786105, 64.807913937063859 ], [ 39.390790505309212, 64.81030819987069 ], [ 39.418804269658722, 64.813061174281813 ], [ 39.470295298200654, 64.83074887687701 ], [ 39.493627983596525, 64.838151648251426 ], [ 39.514025009899342, 64.843746555285236 ], [ 39.596440925132015, 64.859037793601715 ], [ 39.603923031249053, 64.860707485757246 ], [ 39.664162549484956, 64.8899145639989 ], [ 39.665365290435147, 64.890495364456058 ], [ 39.682199739789326, 64.897846429750643 ], [ 39.732127707480743, 64.915167791306942 ], [ 39.738642099378978, 64.920584386061876 ], [ 39.801458693240477, 64.954678081867428 ], [ 39.808759603838666, 64.961292226617047 ], [ 39.823781913197251, 64.985982263093319 ], [ 39.842643553038215, 65.029775058337691 ], [ 39.857394097052861, 65.079492722037799 ], [ 39.852472109039809, 65.113076093348354 ], [ 39.844717073756328, 65.138664306243413 ], [ 39.836466755808942, 65.150240225048037 ], [ 39.815259166407543, 65.181159500258275 ], [ 39.791694263352895, 65.2165386047418 ], [ 39.787135880455082, 65.226312586091922 ], [ 39.779875086253128, 65.240795847883419 ], [ 39.739020474480753, 65.268068793080545 ], [ 39.737464485042437, 65.268675925301181 ], [ 39.671988271864393, 65.309694723648249 ], [ 39.637124315326275, 65.356489842859503 ], [ 39.636209106785884, 65.359206083841855 ], [ 39.622358027088978, 65.442515073125833 ], [ 39.632156990213844, 65.446604893149981 ], [ 39.639584752036114, 65.459220265842418 ], [ 39.639244248715841, 65.489477780458401 ], [ 39.691346818708666, 65.541551129157597 ], [ 39.690605921838255, 65.5674000374093 ], [ 39.695958009833817, 65.57390009616222 ], [ 39.743663794677502, 65.608658964130996 ], [ 39.810207303558968, 65.639994221503002 ], [ 39.81715095869373, 65.643906338689817 ], [ 39.834005348184405, 65.646126247633219 ], [ 39.908979521991625, 65.66995100913482 ], [ 39.918567532095039, 65.673345178089278 ], [ 40.005958201269095, 65.695586992165829 ], [ 40.012330199559187, 65.696939626424978 ], [ 40.098024781036656, 65.723027314878038 ], [ 40.100519251518563, 65.724103876757113 ], [ 40.165156898601822, 65.750091289479315 ], [ 40.178811337180434, 65.757661420197167 ], [ 40.185328989595348, 65.761666213362332 ], [ 40.260931639772025, 65.801024592940053 ], [ 40.294477299194227, 65.823723179713909 ], [ 40.33876371788574, 65.849360631757008 ], [ 40.382523199034097, 65.885268389240196 ], [ 40.39859403547598, 65.894764589375029 ], [ 40.445515426170402, 65.940761449375714 ], [ 40.451378953443054, 65.942719799000713 ], [ 40.506392467468686, 65.963405220030836 ], [ 40.520633342810413, 65.976327855030775 ], [ 40.534110803022486, 65.985892814947874 ], [ 40.535749685208486, 66.013456152180936 ], [ 40.50611734214192, 66.043754349641063 ], [ 40.496240462227433, 66.050577308993581 ], [ 40.432517515244342, 66.082252388867403 ], [ 40.399364464945336, 66.089792278435198 ], [ 40.385182574638804, 66.083462092577975 ], [ 40.369155325344877, 66.08478693509096 ], [ 40.352977859969542, 66.087871465453645 ], [ 40.291637851423786, 66.095365299093885 ], [ 40.267566621274568, 66.09887885966242 ], [ 40.229735794200735, 66.121196870484766 ], [ 40.209113581549957, 66.128452559965808 ], [ 40.200491249332174, 66.128661240862186 ], [ 40.150846202672255, 66.112346059228059 ], [ 40.103443771113234, 66.118997450954339 ], [ 40.014091585591927, 66.127992181518607 ], [ 40.00676691382256, 66.127381180191207 ], [ 40.002996656818198, 66.127225739041137 ], [ 39.895240883634017, 66.116371971151352 ], [ 39.88562880095202, 66.113134615010495 ], [ 39.86406024032118, 66.113604410107712 ], [ 39.813252756670522, 66.110220118051188 ], [ 39.781638647782643, 66.109121330700987 ], [ 39.764903610845067, 66.102239146650447 ], [ 39.712458024278135, 66.107236208783434 ], [ 39.685710222227556, 66.105886836350805 ], [ 39.668733112059385, 66.106857519891605 ], [ 39.644266154362356, 66.091862900513661 ], [ 39.593427986608788, 66.093444161928403 ], [ 39.572709384454356, 66.088104761052875 ], [ 39.552557219554672, 66.089994925783742 ], [ 39.518325115957964, 66.088323671116086 ], [ 39.478319911897415, 66.077070945342712 ], [ 39.460604825959308, 66.070240210439806 ], [ 39.439915966337196, 66.069891761115343 ], [ 39.40089626798374, 66.072022868924307 ], [ 39.340595315654355, 66.072614102700697 ], [ 39.324543069786159, 66.072023646989749 ], [ 39.279028878543613, 66.071294729787041 ], [ 39.239574537052306, 66.064821473828601 ], [ 39.225284550320794, 66.050391125336432 ], [ 39.197000041684021, 66.06047535976171 ], [ 39.166438984502747, 66.058852103298818 ], [ 39.134673574302781, 66.055536285592154 ], [ 39.110170534651957, 66.036714243356982 ], [ 38.999340771908578, 66.026988483852733 ], [ 38.992684637210914, 66.027142174716687 ], [ 38.965914484320933, 66.039871992390601 ], [ 38.901280993384717, 66.03484248387764 ], [ 38.868022737773686, 66.018302693799285 ], [ 38.850451109392566, 66.031903345341561 ], [ 38.836084956579782, 66.026376344569087 ], [ 38.80763638679133, 66.029159289857546 ], [ 38.760133762403711, 65.998616597899058 ], [ 38.730424523295426, 66.027222714274103 ], [ 38.72885957012852, 66.026760828215629 ], [ 38.725451867208847, 66.026996607237379 ], [ 38.64891926764551, 65.994762096914144 ], [ 38.620078275493142, 66.010885007130128 ], [ 38.601920363675276, 66.003780741659284 ], [ 38.575785609588024, 66.008938502975127 ], [ 38.532348228392948, 65.993689999544699 ], [ 38.521718760035526, 65.989389729846152 ], [ 38.414444368092575, 65.987912244887411 ], [ 38.388188567860311, 66.003648859441455 ], [ 38.366886199222847, 65.994554727465641 ], [ 38.340761728399286, 66.004330293133478 ], [ 38.298112345793982, 65.995693508284603 ], [ 38.25959629709547, 66.019673844144563 ], [ 38.254722268124283, 66.018022402575298 ], [ 38.248826421036938, 66.020196359360909 ], [ 38.179951178881311, 65.998619694822992 ], [ 38.148252499129853, 66.027955646484827 ], [ 38.141218844917717, 66.025160933160805 ], [ 38.132739854998476, 66.028515696456566 ], [ 38.063730240752307, 66.0060109164952 ], [ 38.052616148466882, 66.00713049144548 ], [ 37.94710692093588, 66.013119475104872 ], [ 37.91940710886405, 66.049001853465597 ], [ 37.918812559146318, 66.049022507613813 ], [ 37.829204634308553, 66.02008025517722 ], [ 37.812129363497775, 66.047336298655921 ], [ 37.795095249344797, 66.041226535184251 ], [ 37.770633252115715, 66.047004955828129 ], [ 37.714892364849277, 66.03217793058144 ], [ 37.701604261194007, 66.056358465946744 ], [ 37.680577817725862, 66.050603167255758 ], [ 37.648419368302825, 66.057740912238046 ], [ 37.6001739303465, 66.045406942073896 ], [ 37.596736103485455, 66.055471334606409 ], [ 37.548398629518488, 66.042285522311431 ], [ 37.496429413069677, 66.058761619999188 ], [ 37.487513074851506, 66.056493523159588 ], [ 37.469044471876259, 66.057327585578719 ], [ 37.407693694156478, 66.052742302730735 ], [ 37.363771012533107, 66.045527695681869 ], [ 37.316767311887816, 66.050147546953724 ], [ 37.303402235749786, 66.05234095373828 ], [ 37.253771051495278, 66.040034289068046 ], [ 37.235741444648852, 66.0354633788412 ], [ 37.231008580489231, 66.036134958514651 ], [ 37.180593946508509, 66.051849197807371 ], [ 37.131378145186375, 66.040845080478903 ], [ 37.115367725287911, 66.04447461089876 ], [ 37.092183667995471, 66.045394201981367 ], [ 37.056525980355218, 66.05491894166704 ], [ 37.026076063360961, 66.047957837879949 ], [ 36.992557908652088, 66.053340095677413 ], [ 36.952857270167499, 66.057035110894617 ], [ 36.913509859969167, 66.058157751824183 ], [ 36.828423091210425, 66.069730961498863 ], [ 36.812850830450827, 66.076650356870175 ], [ 36.789649139300423, 66.07541294684421 ], [ 36.750646770749995, 66.078895173224851 ], [ 36.718544359882799, 66.084109392813957 ], [ 36.691871204857307, 66.088028178317529 ], [ 36.661841709646978, 66.090668524411797 ], [ 36.633172534275332, 66.092754830453487 ], [ 36.609428600852027, 66.09646415055613 ], [ 36.573350300128368, 66.100289115631313 ], [ 36.533272345441333, 66.105134235254866 ], [ 36.516023061241924, 66.106487257508036 ], [ 36.500956512401899, 66.108639767906368 ], [ 36.406649549542692, 66.119321714519117 ], [ 36.398057333350096, 66.120004790242035 ], [ 36.389974504418262, 66.121108561215863 ], [ 36.283422842272557, 66.133797577102087 ], [ 36.27965948272697, 66.134141364014795 ], [ 36.275804532066218, 66.134655471989504 ], [ 36.163214656971832, 66.14856319181132 ], [ 36.161114865299169, 66.14877578808597 ], [ 36.158889070200587, 66.149069184161021 ], [ 36.098951551510254, 66.153905585357336 ], [ 36.044052694152924, 66.163842072033844 ], [ 36.043164202983576, 66.163940594557118 ], [ 36.042223314678324, 66.164067602949217 ], [ 35.981911619193966, 66.1693466683937 ], [ 35.929448862003539, 66.179727247130415 ], [ 35.927223203110771, 66.180518073091719 ], [ 35.92415247768804, 66.180571142675149 ], [ 35.817907186465277, 66.194946302082883 ], [ 35.812017914689932, 66.19693500760701 ], [ 35.803799495875808, 66.197002869481366 ], [ 35.707598475251928, 66.210004428288869 ], [ 35.683422882128127, 66.21373549561406 ], [ 35.596717005515529, 66.225114023356639 ], [ 35.564473429898555, 66.230005433157203 ], [ 35.479362741396528, 66.239877303465619 ], [ 35.448611708801877, 66.243857149311225 ], [ 35.352425984117986, 66.25499968980148 ], [ 35.337599855847657, 66.256837261076726 ], [ 35.293444346778472, 66.261523615368901 ], [ 35.232286081889413, 66.267199650999942 ], [ 35.206094944602171, 66.269325692203097 ], [ 35.132000104727865, 66.276028791911813 ], [ 35.045535457462393, 66.283299718124908 ], [ 35.03325274744941, 66.284381684981838 ], [ 35.015500451969388, 66.286068536661332 ], [ 34.941167430919506, 66.29075814279355 ], [ 34.880455808321074, 66.293816432786173 ], [ 34.870169720485194, 66.293769539584844 ], [ 34.861456565286062, 66.294647980281411 ], [ 34.76855213999454, 66.296587514672979 ], [ 34.765757743840425, 66.29662138949061 ], [ 34.765496169478979, 66.296626424187707 ], [ 34.765227715244691, 66.296604727191152 ], [ 34.761589993733651, 66.296475768915116 ], [ 34.652258248388534, 66.291844326056889 ], [ 34.629982817637881, 66.291443793768849 ], [ 34.557871993027334, 66.282321598220733 ], [ 34.501783327999988, 66.275025875365941 ], [ 34.470985733361886, 66.26783516256188 ], [ 34.412121856759882, 66.252374604158945 ], [ 34.398143094509578, 66.244453401650446 ], [ 34.365131499824201, 66.21788028549048 ], [ 34.369362439021756, 66.207276465731525 ], [ 34.388873293432084, 66.161961505044076 ], [ 34.420200708289542, 66.151758965625049 ], [ 34.421306010015599, 66.151759401247659 ], [ 34.506236907320272, 66.12282851974669 ], [ 34.510094975557934, 66.120548433562476 ], [ 34.586864425851786, 66.089881745345394 ], [ 34.591810374957333, 66.086614220512274 ], [ 34.653637862895266, 66.052932130096451 ], [ 34.662511601680251, 66.051034334304859 ], [ 34.718870072287245, 66.018682288951936 ], [ 34.748365686668023, 65.964620753307884 ], [ 34.761541279494963, 65.954562074086425 ], [ 34.773871774661529, 65.947914468302713 ], [ 34.84800325345725, 65.940721461160138 ], [ 34.860555180075721, 65.9327961318196 ], [ 34.867430314188937, 65.933853040442045 ], [ 34.909504416424227, 65.908576369904097 ], [ 34.92020207931273, 65.871232915076632 ], [ 34.933630841209492, 65.865951993819181 ], [ 34.955298129261791, 65.856473215219125 ], [ 34.991416542939987, 65.842187486741807 ], [ 35.012708275531566, 65.843132939964562 ], [ 35.06875879906147, 65.818910053152649 ], [ 35.063100140316351, 65.768858512568841 ], [ 35.053227040694765, 65.760747841773934 ], [ 35.068625172727479, 65.758715403633687 ], [ 35.118835638357382, 65.705697984245489 ], [ 35.119665955611765, 65.699378320354299 ], [ 35.124113353340476, 65.69542034374166 ], [ 35.150446885760175, 65.658220677989448 ], [ 35.154251310290419, 65.61094726746893 ], [ 35.154762379403167, 65.608008786119115 ], [ 35.153364252386496, 65.607129764383046 ], [ 35.151326753853937, 65.607768702193425 ], [ 35.098827531837856, 65.604789534365409 ], [ 35.045221276053837, 65.607453760374483 ], [ 35.040418329899808, 65.601066744577167 ], [ 35.026625689584819, 65.605364054928998 ], [ 34.991586556101595, 65.600486994739185 ], [ 34.966615332949061, 65.592878102776069 ], [ 34.937636844562917, 65.587064322335209 ], [ 34.94162119240724, 65.570490135261934 ], [ 34.935526223973284, 65.54490841093866 ], [ 34.921053431185953, 65.527988707905024 ], [ 34.87536170977188, 65.515170913178792 ], [ 34.874855352107318, 65.514254821875511 ], [ 34.855239805401766, 65.442346857176744 ], [ 34.849789789630506, 65.436586839969209 ], [ 34.851353770231128, 65.429806628621066 ], [ 34.827799467650038, 65.378743015175189 ], [ 34.782196952412107, 65.351759730889285 ], [ 34.776054569461905, 65.348379421226184 ], [ 34.760158690434821, 65.34581161489416 ], [ 34.754455204780186, 65.330699813592275 ], [ 34.756353361503045, 65.294912386503654 ], [ 34.770113769292948, 65.279440086236718 ], [ 34.773416863208695, 65.27721327979458 ], [ 34.811971438826788, 65.242997103319851 ], [ 34.817254865156485, 65.220337385904656 ], [ 34.854190416586846, 65.218673036753898 ], [ 34.861457003604244, 65.2213142425353 ], [ 34.871845258570886, 65.219055043264234 ], [ 34.899194811387133, 65.196866623482549 ], [ 34.91446527689186, 65.187477509869552 ], [ 34.941951601667938, 65.188329123800941 ], [ 34.960051912803522, 65.190627738098613 ], [ 34.994826566988195, 65.191193397025927 ], [ 35.039867001120058, 65.192964055444577 ], [ 35.054173754197222, 65.194618010620616 ], [ 35.107430159994749, 65.203448213087597 ], [ 35.108708996686005, 65.203620001415516 ], [ 35.110451511034682, 65.203416585070954 ], [ 35.121413232809573, 65.202262247061412 ], [ 35.179225216535997, 65.19664714175093 ], [ 35.182817328888632, 65.199808542656797 ], [ 35.223210712691071, 65.192611487953457 ], [ 35.28921090835496, 65.197174800607286 ], [ 35.29111103024843, 65.197141453576535 ], [ 35.294410486327251, 65.195898286423471 ], [ 35.328281586112951, 65.195565406193055 ], [ 35.349587444521717, 65.20925335244101 ], [ 35.37539066213867, 65.216238794946662 ], [ 35.380407570570299, 65.205728553792142 ], [ 35.37706476111282, 65.184459276941254 ], [ 35.375531852376355, 65.166554623399975 ], [ 35.388875253924255, 65.167502109954626 ], [ 35.443023276362567, 65.171586439457315 ], [ 35.448361633716615, 65.171543400567316 ], [ 35.45350222129855, 65.17032566457425 ], [ 35.474250304076065, 65.161114432121508 ], [ 35.477524975464007, 65.159756431803658 ], [ 35.501134248912422, 65.160628015746624 ], [ 35.520227835517346, 65.169792404773091 ], [ 35.533168072739556, 65.171000945290928 ], [ 35.548203943763042, 65.17199013367275 ], [ 35.563445090923892, 65.171286962377167 ], [ 35.573910094262828, 65.168322383913562 ], [ 35.579297619580757, 65.168762900186266 ], [ 35.589231005044098, 65.170096733254468 ], [ 35.606503687122313, 65.177394442620482 ], [ 35.607165350269554, 65.177606145207506 ], [ 35.607872040633197, 65.177919919588021 ], [ 35.641105871141917, 65.191404349545394 ], [ 35.641306101984867, 65.191463588445913 ], [ 35.684302812140345, 65.201662613610097 ], [ 35.684742627454455, 65.201795345678079 ], [ 35.685795616918767, 65.201616359114382 ], [ 35.700223720064969, 65.212448423426395 ], [ 35.731957983764119, 65.206124175965726 ], [ 35.733413157813629, 65.206833436030081 ], [ 35.735148899490071, 65.206352750399788 ], [ 35.752816179388844, 65.212363988764992 ], [ 35.781069857432271, 65.204153613569474 ], [ 35.784490117606879, 65.204559635763985 ], [ 35.785101692406954, 65.204716520060288 ], [ 35.802455553424807, 65.215565145699713 ], [ 35.820274395868182, 65.20876283936019 ], [ 35.82986823037578, 65.215731261079839 ], [ 35.844588957799829, 65.206598638240337 ], [ 35.864736320258203, 65.201501885669245 ], [ 35.892762260620771, 65.21695386258591 ], [ 35.900409272148067, 65.220196524973403 ], [ 35.902783161331229, 65.223543358603024 ], [ 35.931491907318673, 65.225316188094382 ], [ 35.94022645838777, 65.229395950518665 ], [ 35.966776581179261, 65.221574479757805 ], [ 35.969053544064138, 65.221363714845268 ], [ 35.993587801720366, 65.230246512219367 ], [ 36.012623402479335, 65.224663764478464 ], [ 36.017522108628327, 65.225310360168862 ], [ 36.020045171353672, 65.223839399517658 ], [ 36.022155416038061, 65.208770841516639 ], [ 36.031774392260559, 65.20903157333305 ], [ 36.053695536939017, 65.206089648210877 ], [ 36.060469325409997, 65.203577179589104 ], [ 36.083345990347993, 65.198096966018113 ], [ 36.103994492299648, 65.200376752109264 ], [ 36.122088823733179, 65.200148044321452 ], [ 36.127938730933238, 65.211376363582644 ], [ 36.13612855244719, 65.211437048681546 ], [ 36.143306273363123, 65.211263950379475 ], [ 36.174345396521062, 65.199220599275691 ], [ 36.192070464850985, 65.207199996249983 ], [ 36.193805786981216, 65.207830215451395 ], [ 36.194865739864383, 65.208169169462053 ], [ 36.208879969944974, 65.219390255359144 ], [ 36.22050234494975, 65.227514607959222 ], [ 36.221368942278787, 65.227469711739161 ], [ 36.265932893551565, 65.225738362532923 ], [ 36.274317393756121, 65.217200538794771 ], [ 36.280692349766468, 65.211232570363904 ], [ 36.28731173673799, 65.215992961475422 ], [ 36.331030843797748, 65.207381207048513 ], [ 36.35447657061377, 65.17927306480135 ], [ 36.358000700802336, 65.178586708967487 ], [ 36.363533770207084, 65.175715693923848 ], [ 36.389089133485072, 65.153236488546156 ], [ 36.417725503215479, 65.152792889617558 ], [ 36.429642068524231, 65.15355525397905 ], [ 36.443917090811851, 65.147234224838087 ], [ 36.461610377708098, 65.13383685304143 ], [ 36.493161885471693, 65.126535392955816 ], [ 36.52030805196415, 65.1141815943447 ], [ 36.54843091484156, 65.104470732658342 ], [ 36.587994379213399, 65.083316476764708 ], [ 36.648019957716258, 65.076296000694185 ], [ 36.674101926717356, 65.074826886371682 ], [ 36.694119744512193, 65.089363528226386 ], [ 36.72155562242915, 65.100059236741856 ], [ 36.745844441375084, 65.115048904568482 ], [ 36.745894281364656, 65.142171753847038 ], [ 36.758490083077049, 65.166193050616187 ], [ 36.719228838839683, 65.215401409081153 ], [ 36.793087664009477, 65.238559728295627 ], [ 36.870240974556623, 65.220625771955383 ], [ 36.87499544157987, 65.219327552349569 ], [ 36.931207191970259, 65.195935134786964 ], [ 36.931444525456811, 65.195372187114117 ], [ 36.933199306113238, 65.19561530616204 ], [ 36.983274188831331, 65.234903292483182 ], [ 36.984247149073838, 65.235011724798937 ], [ 37.067192670147051, 65.257844097970633 ], [ 37.116845060079811, 65.194713393362122 ] ] ] } }
]
}
