{
"type": "FeatureCollection",
"name": "obesp_02_50_plg_ws",
"crs": { "type": "name", "properties": { "name": "urn:ogc:def:crs:OGC:1.3:CRS84" } },
"features": [
{ "type": "Feature", "properties": { "gid": 1, "objectid": 1.0, "shape_leng": 0.422617388132, "shape_area": 0.0099025304322100001, "z_mean": 5.6068514174199997 }, "geometry": { "type": "MultiPolygon", "coordinates": [ [ [ [ 35.603171466427739, 64.669512011707411, 4.999984977783242 ], [ 35.604373261448927, 64.667162448255112, 4.999984977783242 ], [ 35.606561926339054, 64.667774286601343, 4.999984977783242 ], [ 35.624942380425637, 64.662835417911992, 4.999984977783242 ], [ 35.626733198849251, 64.661234472689102, 4.999984977783242 ], [ 35.646368037560023, 64.652981905310298, 4.999984977783242 ], [ 35.647908877013833, 64.650515659377561, 4.999984977783242 ], [ 35.664801015242119, 64.645874099078355, 4.999984977783242 ], [ 35.67484113543469, 64.64371421757096, 4.999984977783242 ], [ 35.6768442667817, 64.637189630273497, 4.999984977783242 ], [ 35.660594679284259, 64.62437982634583, 4.999984977783242 ], [ 35.643320372982998, 64.604520586028229, 4.999984977783242 ], [ 35.62250207766192, 64.606440876392298, 4.999984977783242 ], [ 35.589214684732724, 64.593432670735638, 4.999984977783242 ], [ 35.578813077343511, 64.600140308088157, 4.999984977783242 ], [ 35.575306770959287, 64.600521870990633, 4.999984977783242 ], [ 35.575306770959287, 64.600521871019737, 4.999984977783242 ], [ 35.565657107785228, 64.605840989839635, 4.999984977783242 ], [ 35.565657107785228, 64.605840989810531, 4.999984977783242 ], [ 35.53956216442748, 64.61916483726236, 4.999984977783242 ], [ 35.539538845099742, 64.619186214404181, 4.999984977783242 ], [ 35.515753016516101, 64.642411999622709, 4.999984977783242 ], [ 35.515080829238286, 64.643114297374268, 4.999984977783242 ], [ 35.507679240952712, 64.661917595090927, 4.999984977783242 ], [ 35.510585655341856, 64.670069759464241, 4.999984977783242 ], [ 35.507694213942159, 64.675510785644292, 4.999984977783242 ], [ 35.512723872598144, 64.680452109314501, 4.999984977783242 ], [ 35.520267682746635, 64.684218649359536, 4.999984977783242 ], [ 35.520267682775739, 64.684218649359536, 4.999984977783242 ], [ 35.527364511886844, 64.685708739532856, 4.999984977783242 ], [ 35.542337137521827, 64.686082359708962, 4.999984977783242 ], [ 35.546610023258836, 64.68883017981716, 5.716984977783113 ], [ 35.549364545935532, 64.690601566471742, 4.999984977783242 ], [ 35.561052326811478, 64.694471149356104, 4.999984977783242 ], [ 35.576311307944707, 64.6895776760648, 4.999984977783242 ], [ 35.579300010969746, 64.687743611473707, 6.572584977783208 ], [ 35.582359031555825, 64.685866395389894, 5.242484977783306 ], [ 35.593465066835051, 64.679051002211054, 4.999984977783242 ], [ 35.594416304360493, 64.677044669966563, 4.999984977783242 ], [ 35.603171466427739, 64.669512011707411, 4.999984977783242 ] ] ] ] } },
{ "type": "Feature", "properties": { "gid": 2, "objectid": 2.0, "shape_leng": 3.2320975893499999, "shape_area": 0.088504730589599998, "z_mean": 2.65697459603 }, "geometry": { "type": "MultiPolygon", "coordinates": [ [ [ [ 39.986061169111053, 65.185106420103693, 4.542384977783286 ], [ 40.00611235066026, 65.169509289204143, 1.222684977783274 ], [ 40.011250139184995, 65.165512778592529, 0.398684977783205 ], [ 40.012144773470936, 65.164816873060772, 0.279184977783189 ], [ 40.015580449529807, 65.162144377740333, -0.000015022216758 ], [ 40.020792229959625, 65.158090311320848, 0.601684977783179 ], [ 40.046971758813015, 65.137726147848298, -0.000015022216758 ], [ 40.142675781011349, 65.063281250011642, -0.000015022216758 ], [ 40.153232075477717, 65.058315551257692, -0.000015022216758 ], [ 40.154067265451886, 65.057922676482121, 0.143884977783273 ], [ 40.155024559237063, 65.057472363871057, -0.000015022216758 ], [ 40.155820859217783, 65.057097782992059, 0.075984977783264 ], [ 40.198305804122356, 65.037112793055712, 0.261784977783236 ], [ 40.200034546491224, 65.036299589730334, -0.000015022216758 ], [ 40.229753591091139, 65.022319700889057, -0.000015022216758 ], [ 40.28125, 64.998095703005674, -0.000015022216758 ], [ 40.305106925428845, 64.972296071689925, -0.000015022216758 ], [ 40.309518838737858, 64.967524889550987, -0.000015022216758 ], [ 40.33222613784892, 64.942968500356073, 0.290884977783207 ], [ 40.337202884591534, 64.937586489526439, 0.45458497778327 ], [ 40.341529882090981, 64.9329071380198, -0.000015022216758 ], [ 40.345339569015778, 64.928787222466781, -0.000015022216758 ], [ 40.34858991362853, 64.925272197317099, -0.000015022216758 ], [ 40.350926505387179, 64.922745333315106, -0.000015022216758 ], [ 40.352817446255358, 64.920700410249992, -0.000015022216758 ], [ 40.37095180756296, 64.901089340171893, -0.000015022216758 ], [ 40.375390625020373, 64.896289063020959, 0.000684977783294 ], [ 40.382758154228213, 64.883830488339299, 0.00208497778317 ], [ 40.383616094404715, 64.882379701899481, -0.000015022216758 ], [ 40.38415810035076, 64.881463163750595, 0.063984977783093 ], [ 40.384533163523884, 64.880828927707626, -0.000015022216758 ], [ 40.416169644566253, 64.827331282751402, -0.000015022216758 ], [ 40.444921874994179, 64.778710938015138, -0.000015022216758 ], [ 40.407812499994179, 64.754882812994765, -0.000015022216758 ], [ 40.277205189253436, 64.773536536231404, -0.000015022216758 ], [ 40.203710938018048, 64.784033203017316, -0.000015022216758 ], [ 40.156406362191774, 64.779727030138019, -0.000015022216758 ], [ 40.154795354450471, 64.779580378846731, -0.000015022216758 ], [ 40.14837512547092, 64.778995940301684, -0.000015022216758 ], [ 40.115386505087372, 64.775992960145231, 1.01708497778327 ], [ 40.109209126414498, 64.775430628476897, 0.971084977783221 ], [ 40.064357079245383, 64.771347711212002, 0.428284977783278 ], [ 40.057812500017462, 64.770751952994033, 0.435284977783112 ], [ 40.056182436397648, 64.770126790870563, 0.34258497778319 ], [ 39.971130964506301, 64.737507844096399, -0.000015022216758 ], [ 39.924155059939949, 64.719491641721106, 0.788184977783203 ], [ 39.914843459322583, 64.715920455986634, 0.987884977783096 ], [ 39.907140510476893, 64.712966220467933, 1.318684977783278 ], [ 39.848632813023869, 64.690527344020666, 0.583584977783175 ], [ 39.847059371633804, 64.687090357969282, -0.000015022216758 ], [ 39.833007812994765, 64.656396484002471, -0.000015022216758 ], [ 39.830421009130077, 64.653659793752013, -0.000015022216758 ], [ 39.821463115964434, 64.6441828560055, 0.000884977783244 ], [ 39.818323914718349, 64.64086176091223, 0.413084977783228 ], [ 39.785349141908227, 64.605976340521011, 0.68548497778329 ], [ 39.758071245480096, 64.577117888940847, -0.000015022216758 ], [ 39.758007812997676, 64.577050781008438, -0.000015022216758 ], [ 39.757946356534376, 64.577048687351635, -0.000015022216758 ], [ 39.732265973449103, 64.57617381781165, 0.666084977783157 ], [ 39.720787943137111, 64.575782788640936, 1.984584977783243 ], [ 39.66074580118584, 64.573737295795581, 2.889384977783266 ], [ 39.620261559510254, 64.572358094039373, 3.701384977783164 ], [ 39.570842177097802, 64.570674493312254, 3.356284977783162 ], [ 39.567382812994765, 64.57055664100335, 3.303984977783102 ], [ 39.521119456316228, 64.583463255912648, 4.533584977783221 ], [ 39.490185742397443, 64.592093185972772, 4.070184977783128 ], [ 39.442527231396525, 64.605389022923191, 3.908084977783119 ], [ 39.397561272591702, 64.617933687972254, 3.627384977783095 ], [ 39.365344136123895, 64.62692166902707, 3.085384977783178 ], [ 39.341295665391954, 64.633630744472612, 3.998584977783139 ], [ 39.363086588142323, 64.639986544483691, 4.929984977783306 ], [ 39.36478555672511, 64.640482085873373, 5.10538497778316 ], [ 39.409149686660385, 64.623175005574012, 5.10538497778316 ], [ 39.410107842268189, 64.622801215402433, 5.093684977783141 ], [ 39.439328889478929, 64.613549334098934, 5.093684977783141 ], [ 39.441366318977089, 64.61290424921026, 5.087984977783208 ], [ 39.499467195768375, 64.595494905253872, 5.087984977783208 ], [ 39.50044906164112, 64.595200698982808, 5.099784977783202 ], [ 39.519826293166261, 64.58781615771295, 5.099784977783202 ], [ 39.521838727916474, 64.587049231442506, 5.018884977783273 ], [ 39.59075634808687, 64.581570974143688, 5.018884977783273 ], [ 39.59231457397982, 64.581447110846057, 5.003384977783298 ], [ 39.615806868081563, 64.581147399032488, 5.003384977783298 ], [ 39.617603078309912, 64.581124483200256, 4.955984977783146 ], [ 39.680905892048031, 64.592641881696181, 4.955984977783146 ], [ 39.683120098139625, 64.593044737295713, 4.96518497778311 ], [ 39.70566053505172, 64.596423336537555, 4.96518497778311 ], [ 39.707268489844864, 64.59666435381223, 4.791484977783284 ], [ 39.726686961192172, 64.635289157842635, 4.791484977783284 ], [ 39.727059554541484, 64.63742038125929, 4.873084977783265 ], [ 39.730112242483301, 64.654881669703173, 4.873084977783265 ], [ 39.730265187114128, 64.655756508727791, 4.933784977783262 ], [ 39.737228896963643, 64.659160503288149, 4.933784977783262 ], [ 39.73881760466611, 64.659937093980261, 4.486084977783094 ], [ 39.740970352810109, 64.709160533835529, 4.486084977783094 ], [ 39.741042873167316, 64.710818740888499, 4.778584977783112 ], [ 39.764584835080313, 64.726881027076161, 4.778584977783112 ], [ 39.766773635681602, 64.728374409052776, 5.129584977783225 ], [ 39.794245093828067, 64.712862513042637, 5.129584977783225 ], [ 39.795058474061079, 64.712403233832447, 5.050884977783198 ], [ 39.832013605497195, 64.707655983773293, 5.050884977783198 ], [ 39.833856971890782, 64.70741918522981, 4.886284977783134 ], [ 39.872081708657788, 64.719665043114219, 4.886284977783134 ], [ 39.872748435125686, 64.719878638774389, 4.853284977783233 ], [ 39.894275123340776, 64.737169305692078, 4.853284977783233 ], [ 39.89527911748155, 64.737975733878557, 4.881284977783253 ], [ 39.92267080815509, 64.753478447164525, 4.881284977783253 ], [ 39.923175822783378, 64.753764267312363, 4.892184977783245 ], [ 39.940392484408221, 64.760937726823613, 4.892184977783245 ], [ 39.942363127032877, 64.761758810811443, 4.881484977783202 ], [ 39.979431927160476, 64.77859011151304, 4.881484977783202 ], [ 39.980145491252188, 64.778914109381731, 4.914384977783129 ], [ 40.031700203719083, 64.790836446845788, 4.914384977783129 ], [ 40.033627088618232, 64.791282050558948, 4.965884977783162 ], [ 40.074213260100805, 64.795195220664027, 4.965884977783162 ], [ 40.075576782677672, 64.795326686507906, 4.857284977783138 ], [ 40.076463213743409, 64.817091826873366, 4.857284977783138 ], [ 40.076749877727707, 64.817651067001862, 4.836184977783205 ], [ 40.085787721487577, 64.835282597749028, 4.836184977783205 ], [ 40.085956856535631, 64.835612555863918, 4.863684977783123 ], [ 40.103782799633336, 64.846745918272063, 4.863684977783123 ], [ 40.104983012643061, 64.847495522728423, 4.837184977783181 ], [ 40.137641780733247, 64.874387778123491, 4.837184977783181 ], [ 40.140419626521179, 64.876675143575994, 4.878884977783173 ], [ 40.156100842898013, 64.887246525235241, 4.878884977783173 ], [ 40.157301070576068, 64.88805565025541, 4.84018497778311 ], [ 40.172710066020954, 64.90430096561613, 4.84018497778311 ], [ 40.17237533518346, 64.904676405116334, 4.902084977783261 ], [ 40.164415288716555, 64.913604521236266, 4.902084977783261 ], [ 40.164571176297613, 64.915632079559145, 4.794284977783263 ], [ 40.167378306490718, 64.952143134418293, 4.794284977783263 ], [ 40.16719107850804, 64.952531192422612, 4.819284977783127 ], [ 40.157009483271395, 64.973634071400738, 4.819284977783127 ], [ 40.156588905971148, 64.974973289499758, 4.796484977783166 ], [ 40.149527840825613, 64.99745739910577, 4.796484977783166 ], [ 40.149243545281934, 64.997789497268968, 4.81698497778325 ], [ 40.129935950302752, 65.020343549345853, 4.81698497778325 ], [ 40.129191982676275, 65.021549029406742, 4.787484977783151 ], [ 40.116560754322563, 65.042015905928565, 4.787484977783151 ], [ 40.116457468058798, 65.042312785488321, 4.777884977783287 ], [ 40.104934642688022, 65.075433270452777, 4.777884977783287 ], [ 40.104502344765933, 65.076675840406097, 4.465984977783137 ], [ 40.075369453174062, 65.101222805067664, 4.465984977783137 ], [ 40.077846882297308, 65.096631809385144, 5.355084977783235 ], [ 40.080290578029235, 65.092103325921926, 5.355084977783235 ], [ 40.077727435025736, 65.092671310529113, 4.906084977783166 ], [ 40.024205521171098, 65.104531601944473, 4.906084977783166 ], [ 40.023100685197278, 65.105358528046054, 4.767784977783094 ], [ 40.004985295265215, 65.118917181549477, 4.767784977783094 ], [ 40.004892980185105, 65.119088253282825, 4.750084977783217 ], [ 39.989827109340695, 65.147007255392964, 4.750084977783217 ], [ 39.989550714744837, 65.148121693913708, 4.70458497778327 ], [ 39.986260033983854, 65.161389903223608, 4.70458497778327 ], [ 39.986240365557023, 65.161661673788331, 4.696684977783207 ], [ 39.984924121104996, 65.179849021151313, 4.696684977783207 ], [ 39.984858787429403, 65.180751775871613, 4.712184977783181 ], [ 39.986061169111053, 65.185106420103693, 4.542384977783286 ] ] ] ] } },
{ "type": "Feature", "properties": { "gid": 3, "objectid": 3.0, "shape_leng": 1.8989258897500001, "shape_area": 0.088092103984299994, "z_mean": 4.5061113916800002 }, "geometry": { "type": "MultiPolygon", "coordinates": [ [ [ [ 36.051964737242088, 65.169922705303179, 4.999984977783242 ], [ 36.060345248115482, 65.161614675700548, 4.999984977783242 ], [ 36.068714378561708, 65.151369924788014, 8.105284977783185 ], [ 36.077114997402532, 65.141086628515041, 4.999984977783242 ], [ 36.095157882853528, 65.145405106304679, 4.999984977783242 ], [ 36.09807081836334, 65.157250365009531, 4.999984977783242 ], [ 36.115689570287941, 65.16289670142578, 4.999984977783242 ], [ 36.123145609948551, 65.16629596526036, 4.999984977783242 ], [ 36.131010711760609, 65.161981525030569, 4.999984977783242 ], [ 36.140718215261586, 65.157011532544857, 4.999984977783242 ], [ 36.152628912604996, 65.139699751700391, 4.999984977783242 ], [ 36.153088661783841, 65.137838026843383, 4.999984977783242 ], [ 36.153088661783841, 65.137838026814279, 4.999984977783242 ], [ 36.152214162866585, 65.136939910138608, 4.999984977783242 ], [ 36.149473495606799, 65.137021290196571, 4.999984977783242 ], [ 36.118383489942062, 65.124004177589086, 4.999984977783242 ], [ 36.110897350954474, 65.122536478418624, 2.847084977783197 ], [ 36.088730780043988, 65.118190598906949, 4.999984977783242 ], [ 36.077929150807904, 65.115605280938325, 4.999984977783242 ], [ 36.069660286753788, 65.115621416742215, 2.57108497778313 ], [ 36.03906828869367, 65.115681113762548, 4.999984977783242 ], [ 36.039068288650014, 65.115681113762548, 4.999984977783242 ], [ 36.037426138762385, 65.11587068666995, 4.999984977783242 ], [ 36.029887473705458, 65.116457400843501, 4.999984977783242 ], [ 36.029887473603594, 65.116457400843501, 4.999984977783242 ], [ 36.00305369689886, 65.110778326154104, 4.999984977783242 ], [ 35.989275978907244, 65.101310813915916, 4.999984977783242 ], [ 35.984114316452178, 65.088471922514145, 5.611284977783271 ], [ 35.983235292806057, 65.08628547785338, 5.606184977783187 ], [ 35.982199623293127, 65.083709399259533, 4.999984977783242 ], [ 35.990668590806308, 65.067310175014427, 4.999984977783242 ], [ 35.998111649372731, 65.0672725475888, 4.999984977783242 ], [ 36.023598639527336, 65.059206847014138, 4.999984977783242 ], [ 36.02207468218694, 65.046571548402426, 4.999984977783242 ], [ 36.022074682157836, 65.046571548402426, 4.999984977783242 ], [ 36.026183258931269, 65.040095317235682, 4.999984977783242 ], [ 36.04128291780944, 65.026624594378518, 4.999984977783242 ], [ 36.041282917867647, 65.026624594334862, 4.999984977783242 ], [ 36.040728473715717, 65.023267959826626, 4.999984977783242 ], [ 36.028959397270228, 64.996721690346021, 4.999984977783242 ], [ 36.028959397270228, 64.996721690316917, 4.999984977783242 ], [ 36.027064793393947, 64.989524564749445, 4.999984977783242 ], [ 36.009761517721927, 64.980522437559557, 4.999984977783242 ], [ 35.995748814122635, 64.986558854434406, 4.999984977783242 ], [ 35.978484456703882, 64.992323636528454, 4.999984977783242 ], [ 35.964818420325173, 64.996846227877541, 4.999984977783242 ], [ 35.960641235404182, 64.998394423208083, 4.999984977783242 ], [ 35.959984836808871, 64.996372036490357, 4.999984977783242 ], [ 35.959984836837975, 64.996372036461253, 4.999984977783242 ], [ 35.93685293753515, 64.986542610524339, 4.999984977783242 ], [ 35.936852937564254, 64.986542610524339, 4.999984977783242 ], [ 35.92819100341876, 64.982468438116484, 4.999984977783242 ], [ 35.92634796272614, 64.981943773920648, 4.999984977783242 ], [ 35.924849835471832, 64.982328257436166, 4.999984977783242 ], [ 35.894840766661218, 64.978810221989988, 4.999984977783242 ], [ 35.880826358217746, 64.984248028966249, 4.999984977783242 ], [ 35.876950962716364, 64.984573506197194, 4.999984977783242 ], [ 35.874995766193024, 64.982831794739468, 4.999984977783242 ], [ 35.844415174258756, 64.972882072994253, 4.999984977783242 ], [ 35.836371156779933, 64.971132440157817, 4.999984977783242 ], [ 35.805147846316686, 64.961476616197615, 4.999984977783242 ], [ 35.797614137278288, 64.960222581721609, 4.999984977783242 ], [ 35.771683551123715, 64.953612123455969, 4.999984977783242 ], [ 35.765189893500064, 64.947198600872071, 4.999984977783242 ], [ 35.743938077328494, 64.943236825463828, 4.999984977783242 ], [ 35.729833848017734, 64.940373539502616, 4.999984977783242 ], [ 35.713812949848943, 64.935413549144869, 4.999984977783242 ], [ 35.704273039431428, 64.946656468775473, 4.999984977783242 ], [ 35.692853775180993, 64.953249318219605, 4.999984977783242 ], [ 35.68824389463407, 64.981648230634164, 4.999984977783242 ], [ 35.688861863265629, 64.982211991446093, 4.999984977783242 ], [ 35.691497741165222, 64.984865849939524, 4.999984977783242 ], [ 35.684307050221832, 65.000040620783693, 4.999984977783242 ], [ 35.6732681220019, 65.006965643915464, 4.999984977783242 ], [ 35.652227627360844, 65.011290971189737, 4.999984977783242 ], [ 35.628990373123088, 65.021140419979929, 4.999984977783242 ], [ 35.622836401802488, 65.022876561037265, 4.999984977783242 ], [ 35.593030240168446, 65.030519855747116, 4.999984977783242 ], [ 35.593030240139342, 65.030519855747116, 4.999984977783242 ], [ 35.586458643301739, 65.031856486428296, 4.999984977783242 ], [ 35.585923408070812, 65.031962867695256, 4.999984977783242 ], [ 35.55353414604906, 65.0442192038754, 4.999984977783242 ], [ 35.553534145990852, 65.0442192038754, 4.999984977783242 ], [ 35.54940368955431, 65.046571269354899, 4.999984977783242 ], [ 35.545404358679662, 65.048954477155348, 4.999984977783242 ], [ 35.519420687443926, 65.060000073994161, 4.999984977783242 ], [ 35.517948686770978, 65.061371806747047, 4.999984977783242 ], [ 35.498925014806446, 65.079792588483542, 4.999984977783242 ], [ 35.492173622755217, 65.093893491939525, 4.999984977783242 ], [ 35.489002521964721, 65.101269736187533, 4.999984977783242 ], [ 35.489374184704502, 65.11221524636494, 4.999984977783242 ], [ 35.494522539273021, 65.117966937381425, 4.999984977783242 ], [ 35.506310466153082, 65.116596531297546, 0.398484977783255 ], [ 35.511392512955354, 65.1160057176603, -0.000015022216758 ], [ 35.520437833940377, 65.114954153366853, 4.999984977783242 ], [ 35.530554973360267, 65.105526160856243, 4.999984977783242 ], [ 35.544260670532822, 65.106584310735343, 4.999984977783242 ], [ 35.560065647820011, 65.107613651372958, 6.442184977783199 ], [ 35.575109325014637, 65.108593410273897, 4.999984977783242 ], [ 35.588661964022322, 65.123523187619867, 7.017384977783195 ], [ 35.608069640074973, 65.144902955944417, 4.999984977783242 ], [ 35.623361395686516, 65.14891535663628, 4.999984977783242 ], [ 35.642162990188808, 65.1547449973732, 4.999984977783242 ], [ 35.654896613690653, 65.163660048085148, 4.999984977783242 ], [ 35.67290663831227, 65.171156961689121, 2.336584977783104 ], [ 35.678180594884907, 65.173352316618548, 4.999984977783242 ], [ 35.701900109197595, 65.177679656408145, 4.999984977783242 ], [ 35.71015708296909, 65.178730055311462, 2.674484977783095 ], [ 35.716582124121487, 65.179547407562495, 4.999984977783242 ], [ 35.744585002248641, 65.181682247013669, 4.999984977783242 ], [ 35.744585002277745, 65.181682247013669, 4.999984977783242 ], [ 35.752705743463594, 65.182213916399633, 2.726684977783179 ], [ 35.758124677100568, 65.182568696982344, 4.999984977783242 ], [ 35.784788371325703, 65.178282366949134, 4.999984977783242 ], [ 35.79339501495997, 65.177642382594058, 3.248284977783214 ], [ 35.797908113963786, 65.177306791534647, 4.999984977783242 ], [ 35.810088154234109, 65.178630708964192, 8.770084977783199 ], [ 35.823659472094732, 65.180105852195993, 4.999984977783242 ], [ 35.837355217023287, 65.182446064398391, 4.999984977783242 ], [ 35.851032974707778, 65.177390545475646, 4.999984977783242 ], [ 35.85399579560908, 65.167534864493064, 4.999984977783242 ], [ 35.858284652596922, 65.153559578378918, 4.999984977783242 ], [ 35.870515302638523, 65.143080151596223, 4.999984977783242 ], [ 35.873873700460535, 65.133993063049274, 4.999984977783242 ], [ 35.881212274543941, 65.123348862762214, 4.999984977783242 ], [ 35.886070599677623, 65.106506144962623, 4.999984977783242 ], [ 35.888461442518746, 65.097723339364165, 4.999984977783242 ], [ 35.905880155230989, 65.094253563904203, 4.999984977783242 ], [ 35.920585632964503, 65.098646702346741, 4.999984977783242 ], [ 35.931550565626821, 65.092627091304166, 4.999984977783242 ], [ 35.932627189846244, 65.093435436763684, 5.194584977783279 ], [ 35.950063325028168, 65.106526746079908, 4.999984977783242 ], [ 35.94735797753674, 65.112992942216806, 5.236484977783221 ], [ 35.944370665427414, 65.120133077027276, 4.999984977783242 ], [ 35.938952322510886, 65.124996955084498, 4.999984977783242 ], [ 35.938696763609187, 65.134773047902854, 4.999984977783242 ], [ 35.922280907485401, 65.143987529896549, 4.999984977783242 ], [ 35.919361041364027, 65.159655636802199, 4.999984977783242 ], [ 35.936350069896434, 65.171714888259885, 4.999984977783242 ], [ 35.944276160473237, 65.182352205039933, 4.999984977783242 ], [ 35.958994888409507, 65.182321776897879, 4.999984977783242 ], [ 35.963875045679742, 65.168897952244151, 4.999984977783242 ], [ 35.982310190302087, 65.167079765742528, 4.999984977783242 ], [ 35.989175879614777, 65.185112376551842, 4.999984977783242 ], [ 36.011552988362382, 65.186611417928361, -0.000015022216758 ], [ 36.017779725414584, 65.187028546730289, 4.999984977783242 ], [ 36.025030747900018, 65.183601211509085, 4.999984977783242 ], [ 36.044967414913117, 65.173986569832778, 4.999984977783242 ], [ 36.051964737242088, 65.169922705303179, 4.999984977783242 ] ] ] ] } },
{ "type": "Feature", "properties": { "gid": 4, "objectid": 4.0, "shape_leng": 7.0747735709699997, "shape_area": 1.4467387813199999, "z_mean": 29.999984977800001 }, "geometry": { "type": "MultiPolygon", "coordinates": [ [ [ [ 36.870854384018457, 65.860291218748898, 29.999984977783242 ], [ 36.930261617380893, 65.855089331787894, 29.999984977783242 ], [ 36.96702353649016, 65.856874637902365, 29.999984977783242 ], [ 37.045302258440643, 65.856901272738469, 29.999984977783242 ], [ 37.062855065320036, 65.85664229815302, 29.999984977783242 ], [ 37.071787450942793, 65.856344972227816, 29.999984977783242 ], [ 37.104349828572595, 65.856887034111423, 29.999984977783242 ], [ 37.104349828630802, 65.856887034111423, 29.999984977783242 ], [ 37.18221392823034, 65.855109394557076, 29.999984977783242 ], [ 37.254332585536758, 65.856406209830311, 29.999984977783242 ], [ 37.254332585565862, 65.856406209830311, 29.999984977783242 ], [ 37.296878280583769, 65.85581940204429, 29.999984977783242 ], [ 37.352089996595168, 65.855811468951288, 29.999984977783242 ], [ 37.352089996624272, 65.855811468951288, 29.999984977783242 ], [ 37.409830109842005, 65.854273316595936, 29.999984977783242 ], [ 37.421092373027932, 65.853664114241838, 29.999984977783242 ], [ 37.443989270861493, 65.854222124937223, 29.999984977783242 ], [ 37.522214306372916, 65.853005450684577, 29.999984977783242 ], [ 37.553954529023031, 65.850566931534559, 29.999984977783242 ], [ 37.611246078537079, 65.851743541381438, 29.999984977783242 ], [ 37.63275455441908, 65.851500400065561, 29.999984977783242 ], [ 37.637117940204917, 65.851729690781212, 29.999984977783242 ], [ 37.693809044678346, 65.850396626454312, 29.999984977783242 ], [ 37.75114445440704, 65.850876779251848, 29.999984977783242 ], [ 37.757414812935167, 65.850674560526386, 29.999984977783242 ], [ 37.766417092221673, 65.850817990882206, 29.999984977783242 ], [ 37.829391407693038, 65.850910217079218, 29.999984977783242 ], [ 37.867272314062575, 65.852725454722531, 29.999984977783242 ], [ 37.889397659018869, 65.852541982007097, 29.999984977783242 ], [ 37.922121462994255, 65.853755654636188, 29.999984977783242 ], [ 37.95984022160701, 65.853149590533576, 29.999984977783242 ], [ 37.983567756629782, 65.854445428980398, 29.999984977783242 ], [ 38.018995994221768, 65.852216781509924, 29.999984977783242 ], [ 38.071061059134081, 65.855189913956565, 29.999984977783242 ], [ 38.089077635406284, 65.854561010390171, 29.999984977783242 ], [ 38.101429523245315, 65.855007753300015, 29.999984977783242 ], [ 38.147508327034302, 65.850513245386537, 29.999984977783242 ], [ 38.205863805764238, 65.851793545662076, 29.999984977783242 ], [ 38.205863805764238, 65.851793545662076, 29.999984977783242 ], [ 38.216431643944816, 65.851217657225789, 29.999984977783242 ], [ 38.22452950180741, 65.851351239572978, 29.999984977783242 ], [ 38.275345344009111, 65.848168248354341, 29.999984977783242 ], [ 38.333051785215503, 65.84732832267764, 29.999984977783242 ], [ 38.343285694849328, 65.846620864569559, 29.999984977783242 ], [ 38.352746223448776, 65.845957665704191, 29.999984977783242 ], [ 38.401246435270878, 65.842394619452534, 29.999984977783242 ], [ 38.452836170064984, 65.842311997126671, 29.999984977783242 ], [ 38.469564359867945, 65.841842524387175, 29.999984977783242 ], [ 38.484686218085699, 65.841323455708334, 29.999984977783242 ], [ 38.526780623811646, 65.837729109596694, 29.999984977783242 ], [ 38.566036436124705, 65.836740888582426, 29.999984977783242 ], [ 38.594212132768007, 65.834378605490201, 29.999984977783242 ], [ 38.625619212209131, 65.832398435974028, 29.999984977783242 ], [ 38.650473908288404, 65.829691064733197, 29.999984977783242 ], [ 38.670401148221572, 65.828472902896465, 29.999984977783242 ], [ 38.717155058446224, 65.823617295347503, 29.999984977783242 ], [ 38.771673711424228, 65.819812935136724, 29.999984977783242 ], [ 38.773699589277385, 65.819494283947279, 29.999984977783242 ], [ 38.776246412278851, 65.81933295741328, 29.999984977783242 ], [ 38.776246412307955, 65.81933295741328, 29.999984977783242 ], [ 38.839536920801038, 65.81166094596847, 29.999984977783242 ], [ 38.868235136644216, 65.807171269043465, 29.999984977783242 ], [ 38.904476633833838, 65.799109322222648, 29.999984977783242 ], [ 38.960099699586863, 65.792181266311673, 29.999984977783242 ], [ 38.960306898472481, 65.792132512724493, 29.999984977783242 ], [ 39.021346530236769, 65.778486520357546, 29.999984977783242 ], [ 39.057392051152419, 65.771270169381751, 29.999984977783242 ], [ 39.095678293713718, 65.760356000697357, 29.999984977783242 ], [ 39.172780670705833, 65.735357221070444, 29.999984977783242 ], [ 39.184880384913413, 65.730424728579237, 29.999984977783242 ], [ 39.194763065999723, 65.71995168866124, 29.999984977783242 ], [ 39.216673292641644, 65.715658019806142, 29.999984977783242 ], [ 39.24952794823912, 65.700051546198665, 29.999984977783242 ], [ 39.259064992511412, 65.695742523021181, 29.999984977783242 ], [ 39.268959415028803, 65.685242216553888, 29.999984977783242 ], [ 39.273785833807779, 65.64708742723451, 29.999984977783242 ], [ 39.279646096212673, 65.618413706746651, 29.999984977783242 ], [ 39.277311815414578, 65.591218248591758, 29.999984977783242 ], [ 39.268275898735737, 65.555145410253317, 29.999984977783242 ], [ 39.268275898764841, 65.555145410224213, 29.999984977783242 ], [ 39.251461890948121, 65.516553716734052, 29.999984977783242 ], [ 39.242158948050928, 65.504674445168348, 29.999984977783242 ], [ 39.2238817622856, 65.471630939820898, 29.999984977783242 ], [ 39.223881762343808, 65.471630939791794, 29.999984977783242 ], [ 39.221068026978173, 65.467787079556729, 29.999984977783242 ], [ 39.185735750899767, 65.427234270406188, 29.999984977783242 ], [ 39.159916424716357, 65.400796190311667, 29.999984977783242 ], [ 39.141706252237782, 65.385355234524468, 29.999984977783242 ], [ 39.12584067734133, 65.377098648765241, 29.999984977783242 ], [ 39.088606620571227, 65.362268072698498, 29.999984977783242 ], [ 39.029941877699457, 65.335944348684279, 29.999984977783242 ], [ 38.983392862079199, 65.324531350575853, 29.999984977783242 ], [ 38.939427345918375, 65.315671003467287, 29.999984977783242 ], [ 38.920394529704936, 65.313202617515344, 29.999984977783242 ], [ 38.857103977992665, 65.30119239227497, 29.999984977783242 ], [ 38.846196730810334, 65.299772239101003, 29.999984977783242 ], [ 38.84619673078123, 65.299772239101003, 29.999984977783242 ], [ 38.841174440705799, 65.298323342343792, 29.999984977783242 ], [ 38.778531118965475, 65.291878415300744, 29.999984977783242 ], [ 38.743021002679598, 65.288130401691888, 29.999984977783242 ], [ 38.67967566580046, 65.286485327989794, 29.999984977783242 ], [ 38.628446682254435, 65.288881179134478, 29.999984977783242 ], [ 38.604402774886694, 65.292029260934214, 29.999984977783242 ], [ 38.537095195730217, 65.292478965144255, 29.999984977783242 ], [ 38.537095195657457, 65.292478965144255, 29.999984977783242 ], [ 38.532090363645693, 65.292620545646059, 29.999984977783242 ], [ 38.532090363616589, 65.292620545646059, 29.999984977783242 ], [ 38.528163851253339, 65.292792867257958, 29.999984977783242 ], [ 38.517325331020402, 65.293898517775233, 29.999984977783242 ], [ 38.44997769992915, 65.302196617572918, 29.999984977783242 ], [ 38.426076396484859, 65.305120220160461, 29.999984977783242 ], [ 38.394737503331271, 65.308944997217623, 29.999984977783242 ], [ 38.326841930378578, 65.314208403069642, 29.999984977783242 ], [ 38.324722523699165, 65.314588113265927, 29.999984977783242 ], [ 38.322094592469512, 65.314644641504856, 29.999984977783242 ], [ 38.322094592498615, 65.314644641475752, 29.999984977783242 ], [ 38.256823904142948, 65.321420775100705, 29.999984977783242 ], [ 38.256823904113844, 65.321420775129809, 29.999984977783242 ], [ 38.222949962204439, 65.326308526055072, 29.999984977783242 ], [ 38.180346901281155, 65.332354693236994, 29.999984977783242 ], [ 38.113455209619133, 65.336989178773365, 29.999984977783242 ], [ 38.1091231333412, 65.337965840415563, 29.999984977783242 ], [ 38.101336561478092, 65.338102769179386, 29.999984977783242 ], [ 38.027443166691228, 65.347528235914069, 29.999984977783242 ], [ 38.001137603991083, 65.351257090034778, 29.999984977783242 ], [ 37.937675477878656, 65.363805497370777, 29.999984977783242 ], [ 37.890942748461384, 65.368570003411151, 29.999984977783242 ], [ 37.846965712436941, 65.377772970939986, 29.999984977783242 ], [ 37.846965712407837, 65.37777297096909, 29.999984977783242 ], [ 37.778518839797471, 65.383637534279842, 29.999984977783242 ], [ 37.759912399371387, 65.386164733718033, 29.999984977783242 ], [ 37.666138531480101, 65.40082742604136, 29.999984977783242 ], [ 37.661555773098371, 65.4016565043421, 29.999984977783242 ], [ 37.622462193045067, 65.41384934920643, 29.999984977783242 ], [ 37.561574633728014, 65.414447205868782, 29.999984977783242 ], [ 37.547311945207184, 65.415829343270161, 29.999984977783242 ], [ 37.517494552841526, 65.424113666798803, 29.999984977783242 ], [ 37.458151187296608, 65.427061266716919, 29.999984977783242 ], [ 37.425727938010823, 65.425633304112125, 29.999984977783242 ], [ 37.381209351573489, 65.426388952531852, 29.999984977783242 ], [ 37.381209351500729, 65.426388952531852, 29.999984977783242 ], [ 37.334817118520732, 65.429470979594043, 29.999984977783242 ], [ 37.313692375581013, 65.427845271056867, 29.999984977783242 ], [ 37.280103632117971, 65.428414832887938, 29.999984977783242 ], [ 37.280103632088867, 65.428414832887938, 29.999984977783242 ], [ 37.223308192900731, 65.427393906895304, 29.999984977783242 ], [ 37.198441827058559, 65.428576353340759, 29.999984977783242 ], [ 37.174936121344217, 65.428994022644474, 29.999984977783242 ], [ 37.174936121344217, 65.428994022644474, 29.999984977783242 ], [ 37.102824366680579, 65.432858280037181, 29.999984977783242 ], [ 37.079084194177995, 65.427703184148413, 29.999984977783242 ], [ 37.064995876338799, 65.428200865033432, 29.999984977783242 ], [ 37.053193304687738, 65.428129983207327, 29.999984977783242 ], [ 37.05319330470229, 65.428129983178223, 29.999984977783242 ], [ 36.988307500258088, 65.432081047081738, 29.999984977783242 ], [ 36.974167643580586, 65.428830116987228, 29.999984977783242 ], [ 36.960373113513924, 65.429256063463981, 29.999984977783242 ], [ 36.943866120229359, 65.428995271009626, 29.999984977783242 ], [ 36.878502861800371, 65.429067098637461, 29.999984977783242 ], [ 36.801376378978603, 65.429378474946134, 29.999984977783242 ], [ 36.778136877837824, 65.429531959758606, 29.999984977783242 ], [ 36.746395738096908, 65.429867915838258, 29.999984977783242 ], [ 36.746395738024148, 65.429867915838258, 29.999984977783242 ], [ 36.683859141281573, 65.430222328621312, 29.999984977783242 ], [ 36.632699491921812, 65.430367725726683, 29.999984977783242 ], [ 36.596238780766726, 65.429986850445857, 29.999984977783242 ], [ 36.569382962639793, 65.430841475506895, 29.999984977783242 ], [ 36.512444754960597, 65.433131221856456, 29.999984977783242 ], [ 36.450377539746114, 65.436197744449601, 29.999984977783242 ], [ 36.439948812971124, 65.43758892751066, 29.999984977783242 ], [ 36.427590536375646, 65.439096282643732, 29.999984977783242 ], [ 36.38685646544036, 65.44444364492665, 29.999984977783242 ], [ 36.352695715162554, 65.445528327385546, 29.999984977783242 ], [ 36.346306705614552, 65.446044857628294, 29.999984977783242 ], [ 36.33430865961418, 65.448209755399148, 29.999984977783242 ], [ 36.279953637713334, 65.458649842054001, 29.999984977783242 ], [ 36.232459746155655, 65.469339852235862, 29.999984977783242 ], [ 36.1995832677203, 65.47489703053725, 29.999984977783242 ], [ 36.126501466278569, 65.497585426128353, 29.999984977783242 ], [ 36.126018122871756, 65.497729794136831, 29.999984977783242 ], [ 36.125912332354346, 65.497770175599726, 29.999984977783242 ], [ 36.104837398772361, 65.510455014446052, 29.999984977783242 ], [ 36.077899287149194, 65.522592343535507, 29.999984977783242 ], [ 36.03776323319471, 65.545873570255935, 29.999984977783242 ], [ 36.015891142233158, 65.555924335727468, 29.999984977783242 ], [ 35.984731614647899, 65.584959725747467, 29.999984977783242 ], [ 35.967897839014768, 65.601670360265416, 29.999984977783242 ], [ 35.945988417675835, 65.632232828982524, 29.999984977783242 ], [ 35.945988417632179, 65.632232829040731, 29.999984977783242 ], [ 35.947637882112758, 65.663938787722145, 29.999984977783242 ], [ 35.94297925234423, 65.68440760995145, 29.999984977783242 ], [ 35.968194804547238, 65.711542788092629, 29.999984977783242 ], [ 35.972634756675689, 65.726323670707643, 29.999984977783242 ], [ 35.997449722330202, 65.740123365307227, 29.999984977783242 ], [ 36.031033597682836, 65.761946391925449, 29.999984977783242 ], [ 36.067414947567158, 65.775564540672349, 29.999984977783242 ], [ 36.114037822932005, 65.789071226652595, 29.999984977783242 ], [ 36.171291390957776, 65.809572412108537, 29.999984977783242 ], [ 36.184299956614268, 65.811358505452517, 29.999984977783242 ], [ 36.270009848944028, 65.825549211876933, 29.999984977783242 ], [ 36.271173505738261, 65.825635170011083, 29.999984977783242 ], [ 36.27247879288916, 65.825813636780367, 29.999984977783242 ], [ 36.312145450821845, 65.827679331356194, 29.999984977783242 ], [ 36.358934543197392, 65.836381718487246, 29.999984977783242 ], [ 36.38643381356087, 65.838793617978808, 29.999984977783242 ], [ 36.420694449087023, 65.840783750682021, 29.999984977783242 ], [ 36.436153627262684, 65.840201930826879, 29.999984977783242 ], [ 36.457432601062465, 65.842949945377768, 29.999984977783242 ], [ 36.506319715161226, 65.845174240894266, 29.999984977783242 ], [ 36.557637227291707, 65.847783344608615, 29.999984977783242 ], [ 36.559843642346095, 65.847763037236291, 29.999984977783242 ], [ 36.56213269761065, 65.847885014169151, 29.999984977783242 ], [ 36.631895408630953, 65.84964014365687, 29.999984977783242 ], [ 36.66007467979216, 65.852006449291366, 29.999984977783242 ], [ 36.675082510089851, 65.851971321142628, 29.999984977783242 ], [ 36.694057136846823, 65.852801783083123, 29.999984977783242 ], [ 36.756403756677173, 65.85502951896342, 29.999984977783242 ], [ 36.798769381581224, 65.853899325433304, 29.999984977783242 ], [ 36.85940617385495, 65.860255632404005, 29.999984977783242 ], [ 36.870854384018457, 65.860291218748898, 29.999984977783242 ] ] ] ] } },
{ "type": "Feature", "properties": { "gid": 6, "objectid": 6.0, "shape_leng": 2.1990022272999998, "shape_area": 0.037081713880599998, "z_mean": 8.4895550737400001 }, "geometry": { "type": "MultiPolygon", "coordinates": [ [ [ [ 40.691601562997676, 65.963427734008292, 9.356584977783086 ], [ 40.666947709818487, 65.946933484941837, 10.538184977783203 ], [ 40.65906643094786, 65.941660646843957, 11.181584977783132 ], [ 40.621185664887889, 65.916317152426927, 5.007584977783154 ], [ 40.599191254485049, 65.90160215915239, 0.473184977783148 ], [ 40.597575097781373, 65.900520896509988, 0.429884977783104 ], [ 40.550088283518562, 65.868750635825563, 2.002184977783145 ], [ 40.5434600366425, 65.864316117877024, 2.056584977783132 ], [ 40.512792969006114, 65.843798828005674, 2.487784977783122 ], [ 40.496163957504905, 65.835519441607175, 3.307084977783234 ], [ 40.483032590156654, 65.828981490485603, 3.824184977783261 ], [ 40.43287019408308, 65.804006232050597, 9.20458497778327 ], [ 40.413842808746267, 65.794532723943121, 9.381884977783102 ], [ 40.357213400333421, 65.766337617184035, 0.735084977783117 ], [ 40.347153661234188, 65.761328993132338, -0.000015022216758 ], [ 40.327832031005528, 65.75170898399665, 2.223284977783123 ], [ 40.258959678438259, 65.730998609913513, 10.641784977783118 ], [ 40.232822740101255, 65.723139058871311, 6.35128497778328 ], [ 40.191375142559991, 65.710675490874564, 2.830384977783297 ], [ 40.176552769684349, 65.706218304869253, 3.264284977783291 ], [ 40.104567207934451, 65.684571768098976, 7.828784977783243 ], [ 40.089062134517008, 65.67990928949439, 7.920884977783089 ], [ 40.012404522422003, 65.656857836147537, 4.150684977783158 ], [ 40.005368410260417, 65.654742030470516, 4.088184977783158 ], [ 39.98196575633483, 65.647704696923029, 6.298084977783219 ], [ 39.912813599745277, 65.626910183898872, 13.983684977783241 ], [ 39.877471018728102, 65.616282434930326, 7.6463849777831 ], [ 39.894590389551013, 65.62851929977478, 10.728384977783207 ], [ 39.906050423887791, 65.636710891179973, 14.673284977783169 ], [ 39.912551841072855, 65.641358080858481, 14.999984977783242 ], [ 39.960679095529485, 65.66431983585062, 11.710084977783254 ], [ 40.007448438700521, 65.686633724559215, 14.999984977783242 ], [ 40.037105834853719, 65.691440776208765, 14.999984977783242 ], [ 40.099930055061122, 65.711828358427738, 14.999984977783242 ], [ 40.115445672578062, 65.720592694007792, 14.999984977783242 ], [ 40.182023982648388, 65.747031275022891, 14.999984977783242 ], [ 40.212100871707662, 65.748356231983053, 14.999984977783242 ], [ 40.212100871736766, 65.748356231983053, 14.999984977783242 ], [ 40.264353418024257, 65.769658328455989, 14.999984977783242 ], [ 40.27739285894495, 65.783794820323237, 14.999984977783242 ], [ 40.362971023248974, 65.811681060760748, 14.999984977783242 ], [ 40.374425235058879, 65.81183406690252, 14.999984977783242 ], [ 40.432916418169043, 65.844787429203279, 14.999984977783242 ], [ 40.439554617289104, 65.853095773985842, 14.999984977783242 ], [ 40.489990441958071, 65.887810749933124, 14.999984977783242 ], [ 40.496760112684569, 65.892802695176215, 14.999984977783242 ], [ 40.544948687194847, 65.926920513244113, 14.999984977783242 ], [ 40.544948687194847, 65.926920513258665, 14.999984977783242 ], [ 40.551990087420563, 65.932751214801101, 14.999984977783242 ], [ 40.607519281751593, 65.963993301877053, 14.999984977783242 ], [ 40.62895173727884, 65.958733361592749, 14.999984977783242 ], [ 40.675750011199852, 65.978878741341759, 14.999984977783242 ], [ 40.698619504371891, 66.000026791371056, 14.999984977783242 ], [ 40.773566539792228, 66.021857441723114, 14.999984977783242 ], [ 40.785354062798433, 66.026988806406735, 14.999984977783242 ], [ 40.807944934495026, 66.031250658983481, 9.473084977783174 ], [ 40.847846606193343, 66.038778258822276, 12.553284977783278 ], [ 40.859060992181185, 66.017892642412335, 7.353084977783283 ], [ 40.869547932015848, 65.998361817997647, 2.242384977783104 ], [ 40.848633379573585, 65.996059795419569, 1.138584977783239 ], [ 40.801773809303995, 65.990902057092171, -0.000015022216758 ], [ 40.798027350087068, 65.990489691859693, 0.949384977783211 ], [ 40.785482547740685, 65.989108910784125, 1.796684977783116 ], [ 40.774414062994765, 65.987890624994179, 3.049684977783272 ], [ 40.752933517476777, 65.981545251488569, 4.095784977783296 ], [ 40.709779854791122, 65.968797618639655, 7.212384977783131 ], [ 40.691601562997676, 65.963427734008292, 9.356584977783086 ] ] ] ] } },
{ "type": "Feature", "properties": { "gid": 7, "objectid": 7.0, "shape_leng": 1.9375743724600001, "shape_area": 0.012357561973400001, "z_mean": 2.7398917352500001 }, "geometry": { "type": "MultiPolygon", "coordinates": [ [ [ [ 37.900683593994472, 66.095605469003203, 0.103284977783233 ], [ 37.994961833654088, 66.089694549460546, 0.873384977783189 ], [ 38.104946428429685, 66.082798895746237, -0.000015022216758 ], [ 38.105631454163813, 66.082755947005353, -0.000015022216758 ], [ 38.105768837907817, 66.082747333523002, 0.082284977783274 ], [ 38.212329620830133, 66.076066341003752, 1.128984977783148 ], [ 38.397558594035218, 66.064453125, 0.240684977783303 ], [ 38.427248772815801, 66.064984720622306, 0.162084977783252 ], [ 38.42815383625566, 66.065000925576896, -0.000015022216758 ], [ 38.64709903113544, 66.068921087367926, -0.000015022216758 ], [ 38.653906250008731, 66.069042969000293, 0.194184977783152 ], [ 38.721600842633052, 66.075756224236102, 2.097284977783147 ], [ 38.804156920930836, 66.0839432891662, 3.468184977783267 ], [ 38.795097212481778, 66.079980983471614, 2.356084977783212 ], [ 38.766972454250208, 66.067680489461054, 2.808584977783084 ], [ 38.756147394960863, 66.062946099351393, 2.320984977783155 ], [ 38.751158144630608, 66.060764027482946, 4.477784977783131 ], [ 38.749319369628211, 66.060678961410304, 5.042984977783135 ], [ 38.667827554832911, 66.056908957150881, 5.042984977783135 ], [ 38.666146010611556, 66.056863105171942, 5.026384977783209 ], [ 38.646825068819453, 66.056336265857681, 2.879784977783174 ], [ 38.637943071560585, 66.05609407342854, 4.658184977783094 ], [ 38.63609416372492, 66.056035014873487, 5.031084977783166 ], [ 38.610941142265801, 66.055231567035662, 5.031084977783166 ], [ 38.608933385738055, 66.055169622908579, 5.02988497778324 ], [ 38.442266520229168, 66.050027547214995, 5.02988497778324 ], [ 38.43990553203912, 66.050387792478432, 4.794884977783113 ], [ 38.425380844360916, 66.052604004318709, 1.96718497778329 ], [ 38.419206818754901, 66.053546051989542, 2.903984977783239 ], [ 38.391862327567651, 66.057718340292922, 4.774784977783156 ], [ 38.391106447816128, 66.057749232684728, 4.858484977783291 ], [ 38.24273641842592, 66.063813031156315, 4.858484977783291 ], [ 38.241674254531972, 66.063733675167896, 5.096684977783298 ], [ 38.215927105324226, 66.061810063823941, 3.498784977783089 ], [ 38.207649185249466, 66.061191606961074, 2.738384977783198 ], [ 38.199203593161656, 66.060560623038327, 4.629184977783098 ], [ 38.197713938381639, 66.060712189297192, 4.906084977783166 ], [ 38.115721446622047, 66.069054589053849, 4.906084977783166 ], [ 38.113823477295227, 66.069187537534162, 4.93718497778309 ], [ 38.099620504435734, 66.070182423805818, 2.852284977783256 ], [ 38.090167191970977, 66.070844607034815, 4.639084977783114 ], [ 38.088495710704592, 66.070904803200392, 4.965784977783187 ], [ 38.003985251343693, 66.07394833440776, 4.965784977783187 ], [ 38.002086472450173, 66.074067587120226, 4.938684977783169 ], [ 37.989617385566817, 66.07485070747498, 3.093484977783191 ], [ 37.981277710583527, 66.075374480336905, 4.647784977783203 ], [ 37.979743375239195, 66.075484323257115, 4.931284977783207 ], [ 37.896581531895208, 66.081437871587696, 4.931284977783207 ], [ 37.894676300114952, 66.081600701450952, 4.917084977783134 ], [ 37.88059255767439, 66.082804362769821, 2.700384977783187 ], [ 37.870595020140172, 66.083658798248507, 4.632184977783254 ], [ 37.869818624603795, 66.084068403128185, 4.73058497778311 ], [ 37.849573224826599, 66.094749317926471, 4.73058497778311 ], [ 37.8491965225694, 66.094948055644636, 4.779584977783088 ], [ 37.8431849139306, 66.102777347376104, 5.62058497778321 ], [ 37.888122126241797, 66.09717227575311, -0.000015022216758 ], [ 37.900683593994472, 66.095605469003203, 0.103284977783233 ] ] ] ] } },
{ "type": "Feature", "properties": { "gid": 8, "objectid": 8.0, "shape_leng": 14.067214787699999, "shape_area": 1.3643067477399999, "z_mean": 3.9826906343599999 }, "geometry": { "type": "MultiPolygon", "coordinates": [ [ [ [ 35.03142462586402, 65.679726100264816, 5.254384977783275 ], [ 35.029556941779447, 65.679482698673382, 5.051084977783148 ], [ 34.984748784117983, 65.673643179761712, 5.051084977783148 ], [ 34.983102752725244, 65.673701923093176, 4.991084977783203 ], [ 34.969348669008468, 65.674192776685231, 4.991084977783203 ], [ 34.967675642910763, 65.673348658980103, 5.117884977783206 ], [ 34.96102537153638, 65.669993294781307, 5.117884977783206 ], [ 34.960272289143177, 65.669712903953041, 5.104784977783083 ], [ 34.923078550884384, 65.655864773449139, 5.104784977783083 ], [ 34.921729144072742, 65.654802094315528, 5.193184977783176 ], [ 34.906351948156953, 65.642692310124403, 5.193184977783176 ], [ 34.905455720770988, 65.642161208190373, 5.169184977783289 ], [ 34.88592264932231, 65.630585962499026, 5.169184977783289 ], [ 34.884321293357061, 65.629711776040494, 5.157184977783118 ], [ 34.854656992392847, 65.613517918318394, 5.157184977783118 ], [ 34.853917777567403, 65.613006155719631, 5.174684977783272 ], [ 34.822957180163939, 65.591571958575514, 5.174684977783272 ], [ 34.821140806991025, 65.591130923101446, 5.059284977783136 ], [ 34.815786803374067, 65.589830911863828, 5.059284977783136 ], [ 34.815872335704626, 65.589238765023765, 5.143084977783246 ], [ 34.816215364495292, 65.586863950200495, 5.143084977783246 ], [ 34.816257682061405, 65.586570982428384, 5.138484977783264 ], [ 34.81948281408404, 65.57723902296857, 5.138484977783264 ], [ 34.820765682758065, 65.573527026572265, 5.190384977783197 ], [ 34.825645023302059, 65.550778557255398, 5.190384977783197 ], [ 34.82568327934132, 65.550600199858309, 5.204384977783093 ], [ 34.823628292768262, 65.546230341642513, 5.204384977783093 ], [ 34.822964753591805, 65.545577006894746, 5.163584977783103 ], [ 34.819260461430531, 65.541929682236514, 5.163584977783103 ], [ 34.81784091143345, 65.540251897997223, 5.189684977783145 ], [ 34.79425105205155, 65.512370742930216, 5.189684977783145 ], [ 34.793441622023238, 65.511486010247609, 5.183184977783185 ], [ 34.791524098967784, 65.509390096834977, 5.183184977783185 ], [ 34.789796691227821, 65.509857689103228, 4.961984977783231 ], [ 34.787244010178256, 65.510548674676102, 4.961984977783231 ], [ 34.785182689811336, 65.510335978047806, 5.022684977783229 ], [ 34.748104861791944, 65.506510115315905, 5.022684977783229 ], [ 34.746378036201349, 65.505134725419339, 5.169884977783113 ], [ 34.729974196088733, 65.492069320360315, 5.169884977783113 ], [ 34.729935225186637, 65.491087886621244, 5.283484977783246 ], [ 34.729037082128343, 65.468469275583629, 5.283484977783246 ], [ 34.728986179659842, 65.467187360554817, 5.272384977783304 ], [ 34.729706730460748, 65.425148286740296, 5.272384977783304 ], [ 34.729798864806071, 65.419772894383641, 5.156984977783168 ], [ 34.730606130644446, 65.416679616260808, 5.156984977783168 ], [ 34.730826537663233, 65.415835061474354, 5.269884977783249 ], [ 34.728873787928023, 65.412697753868997, 5.269884977783249 ], [ 34.72746884492517, 65.411887842885335, 5.13358497778313 ], [ 34.7261339208344, 65.411118295887718, 5.13358497778313 ], [ 34.722699080928578, 65.408389845993952, 5.230784977783287 ], [ 34.674283187632682, 65.369930895118159, 5.230784977783287 ], [ 34.673034120773082, 65.369300066042342, 5.171984977783268 ], [ 34.640727214718936, 65.352983777338522, 5.171984977783268 ], [ 34.639347504038597, 65.353778048913227, 4.887484977783288 ], [ 34.618572875842801, 65.365737582687871, 4.887484977783288 ], [ 34.617488523857901, 65.366130644702935, 4.912784977783303 ], [ 34.605202950173407, 65.370583988435101, 4.912784977783303 ], [ 34.60359511738352, 65.369624229395413, 5.12078497778316 ], [ 34.595800630384474, 65.364971488437732, 5.12078497778316 ], [ 34.595428470973275, 65.364283812159556, 5.173584977783094 ], [ 34.591036246085423, 65.356167857695254, 5.173584977783094 ], [ 34.590791212031036, 65.35571508371504, 5.15548497778309 ], [ 34.589579382212833, 65.341310699353926, 5.15548497778309 ], [ 34.589390617416939, 65.339066951390123, 5.17028497778324 ], [ 34.585298700942076, 65.312372626271099, 5.17028497778324 ], [ 34.585198444066918, 65.311718583208858, 5.178384977783253 ], [ 34.575171568620135, 65.275542259085341, 5.178384977783253 ], [ 34.57557442606776, 65.272447057068348, 5.304484977783204 ], [ 34.576756975628086, 65.263361386765609, 5.304484977783204 ], [ 34.577008074324112, 65.26143216532364, 5.07958497778327 ], [ 34.586224863451207, 65.258073173084995, 5.07958497778327 ], [ 34.588696578080999, 65.257172374520451, 4.881584977783177 ], [ 34.591810931102373, 65.262643860070966, 4.881584977783177 ], [ 34.592102074166178, 65.263155358014046, 4.985684977783194 ], [ 34.658243430647417, 65.265714449895313, 4.985684977783194 ], [ 34.660041974333581, 65.265784037794219, 5.169484977783213 ], [ 34.692591622719192, 65.24927668813325, 5.169484977783213 ], [ 34.693091179913608, 65.249023340817075, 5.188984977783093 ], [ 34.713605763288797, 65.232544162703562, 5.188984977783093 ], [ 34.714776823704597, 65.231603460517363, 5.218284977783242 ], [ 34.731025310145924, 65.215201136321411, 5.218284977783242 ], [ 34.731329479865963, 65.214894086762797, 5.196384977783282 ], [ 34.753787538604229, 65.201195340458071, 5.196384977783282 ], [ 34.755262772931019, 65.200295491478755, 5.233184977783139 ], [ 34.778142186391051, 65.183043185679708, 5.233184977783139 ], [ 34.778476819308707, 65.182790854509221, 5.279984977783215 ], [ 34.781274077293347, 65.163210048922338, 5.279984977783215 ], [ 34.781469016816118, 65.161845472059213, 5.178584977783203 ], [ 34.794555086482433, 65.147072325693443, 5.178584977783203 ], [ 34.794848090125015, 65.146741547549027, 5.236384977783246 ], [ 34.783705635651131, 65.121026210093987, 5.236384977783246 ], [ 34.782795888182591, 65.118926631126669, 4.99968497778309 ], [ 34.824574737314833, 65.118994044983992, 4.99968497778309 ], [ 34.8263594591117, 65.118996924793464, 5.307584977783108 ], [ 34.838028447149554, 65.099889820354292, 5.307584977783108 ], [ 34.838801755002351, 65.098623585945461, 5.212884977783233 ], [ 34.85600649206026, 65.084719700898859, 5.212884977783233 ], [ 34.858021995125455, 65.08309088650276, 5.137384977783086 ], [ 34.886794440913945, 65.067446376706357, 5.137384977783086 ], [ 34.887906658885186, 65.066841627791291, 5.156684977783243 ], [ 34.923361202934757, 65.042826180520933, 5.156684977783243 ], [ 34.926123319397448, 65.040955236632726, 4.834284977783227 ], [ 34.932787591926171, 65.058512622330454, 4.834284977783227 ], [ 34.933197150588967, 65.059591626762995, 4.959284977783227 ], [ 34.942612791113788, 65.061315865634242, 4.959284977783227 ], [ 34.944474654228543, 65.06165681926359, 5.03878497778328 ], [ 34.955869766461547, 65.059490615341929, 5.03878497778328 ], [ 34.957136269309558, 65.059249853904475, 5.114184977783225 ], [ 34.960946663282812, 65.048857808928005, 5.114184977783225 ], [ 34.961494798888452, 65.04841415057308, 5.138884977783164 ], [ 35.004711437606602, 65.013434807769954, 5.138884977783164 ], [ 35.006170118038426, 65.012254158718861, 5.077684977783292 ], [ 35.021128586158738, 65.006091471732361, 5.077684977783292 ], [ 35.02156471235503, 65.005911793617997, 5.025984977783082 ], [ 35.068818990082946, 65.003776643730816, 5.025984977783082 ], [ 35.07058717374457, 65.003696749641676, 5.146784977783227 ], [ 35.107502885657595, 64.993864355259575, 5.146784977783227 ], [ 35.108093513481435, 64.993707043220638, 5.20868497778315 ], [ 35.113868663276662, 64.978945233757258, 5.20868497778315 ], [ 35.114045398615417, 64.978547985345358, 5.211184977783205 ], [ 35.118496122013312, 64.968544083836605, 5.211184977783205 ], [ 35.119138689216925, 64.967099783956655, 5.111084977783094 ], [ 35.129633705335436, 64.960363964128192, 5.111084977783094 ], [ 35.131857736865641, 64.958936555558466, 5.108984977783166 ], [ 35.138766930613201, 64.95456893168739, 5.108984977783166 ], [ 35.139277915310231, 64.954245914384956, 5.144784977783274 ], [ 35.139937975691282, 64.951204846860492, 5.144784977783274 ], [ 35.143372478705714, 64.94982914107095, 5.399184977783307 ], [ 35.15172457130393, 64.946483672407339, 5.399184977783307 ], [ 35.152454415801913, 64.946191329858266, 5.750784977783269 ], [ 35.151888751250226, 64.944627594610211, 5.750784977783269 ], [ 35.150412058952497, 64.940545394681976, 5.259084977783232 ], [ 35.155102230521152, 64.930525848307298, 5.259084977783232 ], [ 35.155568242509617, 64.929651369762723, 5.26728497778322 ], [ 35.157580272978521, 64.925875764049124, 5.26728497778322 ], [ 35.158669435593765, 64.923831933832844, 5.238184977783249 ], [ 35.162050829647342, 64.918543851556024, 5.238184977783249 ], [ 35.161643113766331, 64.917832590406761, 5.123084977783265 ], [ 35.15965393204533, 64.914362459094264, 5.123084977783265 ], [ 35.160900192757254, 64.904621989247971, 5.594084977783268 ], [ 35.160974893558887, 64.904038145934464, 5.594084977783268 ], [ 35.160738595513976, 64.903360658776364, 5.486584977783195 ], [ 35.154881979440688, 64.886569228867302, 5.486584977783195 ], [ 35.153157325927168, 64.886420061273384, 5.03048497778309 ], [ 35.1519420411787, 64.88631494967558, 5.03048497778309 ], [ 35.151520554252784, 64.885494564761757, 5.185584977783265 ], [ 35.138488063821569, 64.860128039785195, 5.185584977783265 ], [ 35.137354385136859, 64.857921440154314, 5.160984977783301 ], [ 35.13700475479709, 64.857879518778645, 5.151484977783184 ], [ 35.135854781532544, 64.857741634594277, 5.039284977783154 ], [ 35.135731245332863, 64.857113976715482, 5.059884977783213 ], [ 35.13560494898411, 64.856472295155982, 5.10538497778316 ], [ 35.13552840668126, 64.856083401929936, 5.10538497778316 ], [ 35.135393141885288, 64.855396153929178, 5.089684977783236 ], [ 35.138206415620516, 64.844450437100022, 5.089684977783236 ], [ 35.14363864644838, 64.823315038738656, 5.057484977783133 ], [ 35.143838538380805, 64.822537311149063, 5.05588497778308 ], [ 35.143885315919761, 64.822355311916908, 5.054284977783254 ], [ 35.143853429704905, 64.821837366951513, 5.045984977783291 ], [ 35.143780197162414, 64.820647810891387, 5.037584977783126 ], [ 35.151455199011252, 64.792383634950966, 5.037584977783126 ], [ 35.151543509753537, 64.792058419305249, 5.0367849777831 ], [ 35.155610597779742, 64.781768614804605, 5.0367849777831 ], [ 35.156635056831874, 64.780945508027798, 5.051184977783123 ], [ 35.176986672784551, 64.764593899759348, 5.051184977783123 ], [ 35.177329072845168, 64.764318796689622, 5.059984977783188 ], [ 35.184890898904996, 64.738177052946412, 5.059984977783188 ], [ 35.184696372292819, 64.737773801258299, 5.049584977783297 ], [ 35.181116423482308, 64.730352604499785, 5.049584977783297 ], [ 35.180903585162014, 64.729911392860231, 5.041384977783082 ], [ 35.183869021580904, 64.720580560941016, 5.041384977783082 ], [ 35.184273509556078, 64.719307827719604, 5.055784977783105 ], [ 35.183070192855666, 64.692570473082014, 5.055784977783105 ], [ 35.183050067353179, 64.692123290209565, 5.050384977783096 ], [ 35.18842179402418, 64.678255985621945, 5.050384977783096 ], [ 35.188905926406733, 64.677006180529133, 5.047684977783092 ], [ 35.198213660361944, 64.657066081548692, 5.047684977783092 ], [ 35.198403195652645, 64.656660037187976, 5.046184977783241 ], [ 35.212658619740978, 64.633317647429067, 5.046184977783241 ], [ 35.212505032133777, 64.632946935118525, 5.0363849777832 ], [ 35.207927402923815, 64.621897973847808, 5.0363849777832 ], [ 35.207707775713061, 64.621367862651823, 5.023084977783128 ], [ 35.23213619980379, 64.605274227869813, 5.023084977783128 ], [ 35.23390199196001, 64.60411091032438, 5.016684977783143 ], [ 35.250902181709534, 64.596036595728947, 5.016684977783143 ], [ 35.251518323872006, 64.595743956291699, 5.016884977783093 ], [ 35.289055377812474, 64.577289523163927, 5.016884977783093 ], [ 35.291476868471364, 64.576226583798416, 5.019384977783147 ], [ 35.307020314634428, 64.569403620815137, 5.019384977783147 ], [ 35.308273111309973, 64.568853692224366, 5.029584977783088 ], [ 35.308486985057243, 64.568669167390908, 5.029584977783088 ], [ 35.309948914073175, 64.567407852024189, 4.990484977783126 ], [ 35.313417921381188, 64.56815665520844, 4.990484977783126 ], [ 35.314844954482396, 64.568464687705273, 5.002884977783197 ], [ 35.365015712333843, 64.565959251282038, 5.002884977783197 ], [ 35.366775432587019, 64.56587137405586, 5.025084977783081 ], [ 35.397236375356442, 64.551310772527358, 5.025084977783081 ], [ 35.398113300718251, 64.550891594393761, 5.028984977783239 ], [ 35.419849421232357, 64.536623681313358, 5.028984977783239 ], [ 35.422066744664335, 64.535168197195162, 5.010384977783133 ], [ 35.460197754000546, 64.524919890231104, 5.010384977783133 ], [ 35.461322633942473, 64.524617561080959, 5.011084977783185 ], [ 35.492538886872353, 64.515335162403062, 5.011084977783185 ], [ 35.494667948005372, 64.51470206931117, 5.013484977783264 ], [ 35.518578716102638, 64.506312916055322, 5.013484977783264 ], [ 35.519782658404438, 64.505890509841265, 5.008684977783105 ], [ 35.54636859348102, 64.500776125016273, 5.008684977783105 ], [ 35.548065864932141, 64.500449617800768, 4.964284977783109 ], [ 35.5719531931245, 64.515415334433783, 4.964284977783109 ], [ 35.573057784044067, 64.516107374758576, 4.966884977783138 ], [ 35.586744866202935, 64.523746498045512, 4.966884977783138 ], [ 35.588491615926614, 64.524721405352466, 5.031984977783168 ], [ 35.609180044397363, 64.51402986094763, 5.031984977783168 ], [ 35.610194526874693, 64.513505587936379, 5.040084977783181 ], [ 35.631599009502679, 64.49635239080817, 5.040084977783181 ], [ 35.633010996243684, 64.495220848068129, 5.017984977783271 ], [ 35.652112094729091, 64.489214004206588, 5.017984977783271 ], [ 35.653327378502581, 64.488831826194655, 4.998584977783139 ], [ 35.675767510329024, 64.489191127606318, 4.998584977783139 ], [ 35.67755124955147, 64.489219688039157, 4.98058497778311 ], [ 35.690677235324983, 64.492196461127605, 4.98058497778311 ], [ 35.692074579885229, 64.492513357516145, 4.99578497778316 ], [ 35.721554790696246, 64.493717167060822, 4.99578497778316 ], [ 35.72336627326149, 64.493791138025699, 5.000884977783244 ], [ 35.748751009712578, 64.493576070482959, 5.000884977783244 ], [ 35.750510381156346, 64.493561164534185, 5.036984977783277 ], [ 35.763890158370486, 64.481525368799339, 5.036984977783277 ], [ 35.765594785145367, 64.479991969579714, 4.991384977783127 ], [ 35.784839176194509, 64.483777669054689, 4.991384977783127 ], [ 35.786325299253804, 64.48407001477608, 5.037584977783126 ], [ 35.805910914466949, 64.475946349572041, 5.037584977783126 ], [ 35.807465887352009, 64.475301382379257, 5.048684977783296 ], [ 35.812689979036804, 64.472366421308834, 5.048684977783296 ], [ 35.813598275053664, 64.47185612906469, 5.043784977783162 ], [ 35.855863413307816, 64.452393812185619, 5.043784977783162 ], [ 35.85770386493823, 64.45154631814512, 4.954684977783245 ], [ 35.880892713234061, 64.463301514042541, 4.954684977783245 ], [ 35.882136720305425, 64.463932142461999, 4.991484977783102 ], [ 35.885906991723459, 64.464199217560235, 4.991484977783102 ], [ 35.887752991926391, 64.464329982845811, 5.05828497778316 ], [ 35.890593392308801, 64.462476468499517, 5.05828497778316 ], [ 35.891262635966996, 64.462039750927943, 5.061484977783266 ], [ 35.899098408059217, 64.456097683738335, 5.061484977783266 ], [ 35.899987011100166, 64.455354105972219, 5.058384977783135 ], [ 35.948916637891671, 64.414410083336406, 5.058384977783135 ], [ 35.950343341974076, 64.413216225759243, 5.01748497778317 ], [ 35.992419935006183, 64.404228422718006, 5.01748497778317 ], [ 35.994698509457521, 64.403741706046276, 5.019384977783147 ], [ 36.029830856874469, 64.395616845300538, 5.019384977783147 ], [ 36.031374518759549, 64.395259851269657, 5.001484977783093 ], [ 36.05755371027044, 64.394852846700815, 5.001484977783093 ], [ 36.059354903409258, 64.394824843780953, 4.900684977783158 ], [ 36.064015321026091, 64.407577691614279, 4.900684977783158 ], [ 36.064284350504749, 64.408313868581899, 4.956784977783173 ], [ 36.107295574693126, 64.420552228446468, 4.956784977783173 ], [ 36.109016185990185, 64.421041809022427, 5.067384977783149 ], [ 36.149107361910865, 64.404777467469103, 5.067384977783149 ], [ 36.150137395117781, 64.404359599662712, 5.104084977783259 ], [ 36.162516853044508, 64.391473953714012, 5.104084977783259 ], [ 36.164606373553397, 64.389298994050478, 4.99558497778321 ], [ 36.196654204555671, 64.390954956790665, 4.99558497778321 ], [ 36.198281974284328, 64.391039066264057, 4.998884977783291 ], [ 36.215524189799908, 64.391257836832665, 4.998884977783291 ], [ 36.217303262063069, 64.391280409821775, 5.035284977783249 ], [ 36.229619659672608, 64.386921589524718, 5.035284977783249 ], [ 36.230797232477926, 64.386504841997521, 5.048084977783219 ], [ 36.268657657856238, 64.364016924548196, 5.048084977783219 ], [ 36.270606527061318, 64.362859356726403, 5.023884977783155 ], [ 36.286827386342338, 64.357869423285592, 5.023884977783155 ], [ 36.288049892158597, 64.357493350558798, 5.02968497778329 ], [ 36.318034205440199, 64.344592290057335, 5.02968497778329 ], [ 36.319878968744888, 64.34379856158921, 5.019284977783173 ], [ 36.352362684890977, 64.334627698321128, 5.019284977783173 ], [ 36.353515050010174, 64.334302360439324, 5.019384977783147 ], [ 36.372351621801499, 64.328941179293906, 5.019384977783147 ], [ 36.374142694417969, 64.328431412184727, 5.005584977783201 ], [ 36.39301403479476, 64.326884143665666, 5.005584977783201 ], [ 36.394986899467767, 64.326722387719201, 5.005484977783226 ], [ 36.414455138234189, 64.325154804595513, 5.005484977783226 ], [ 36.41614728111017, 64.325018553208793, 5.013884977783164 ], [ 36.432904013810912, 64.321259457923588, 5.013884977783164 ], [ 36.433861515033641, 64.321044658398023, 4.959684977783127 ], [ 36.460861354833469, 64.325067867117468, 4.959684977783127 ], [ 36.462627996384981, 64.325331111918786, 5.204384977783093 ], [ 36.463003052369459, 64.325064412871143, 5.204384977783093 ], [ 36.466550645141979, 64.322541750472737, 5.013284977783087 ], [ 36.524567031548941, 64.317548914827057, 5.013284977783087 ], [ 36.526221092790365, 64.317406567861326, 5.041984977783159 ], [ 36.533325327691273, 64.315069169460912, 5.041984977783159 ], [ 36.535413207326201, 64.314382226148155, 5.005684977783176 ], [ 36.575642561118002, 64.312326243452844, 5.005684977783176 ], [ 36.577236504410394, 64.31224478254444, 5.025984977783082 ], [ 36.586213981325272, 64.308596285860403, 5.025984977783082 ], [ 36.587588616341236, 64.308037626513396, 5.019684977783299 ], [ 36.605996535363374, 64.302769174086279, 5.019684977783299 ], [ 36.608162115429877, 64.30214937258279, 4.996384977783237 ], [ 36.610202745228889, 64.302286768812337, 4.996384977783237 ], [ 36.612097361386986, 64.302414333884371, 5.005684977783176 ], [ 36.656835025220062, 64.29694803278835, 5.005684977783176 ], [ 36.65870194521267, 64.296719921927433, 5.007584977783154 ], [ 36.661537747771945, 64.296261562223663, 5.007584977783154 ], [ 36.663120316923596, 64.296005766591406, 5.012284977783111 ], [ 36.670233775628731, 64.29397739309934, 5.012284977783111 ], [ 36.671898022847017, 64.29350283984968, 5.007684977783128 ], [ 36.689284878288163, 64.290499274444301, 5.007684977783128 ], [ 36.691279978302191, 64.290154622503906, 5.00818497778323 ], [ 36.720922185646486, 64.284725733770756, 5.00818497778323 ], [ 36.722459446231369, 64.284444188699126, 5.009384977783157 ], [ 36.725276619457873, 64.283839382536826, 5.009384977783157 ], [ 36.72716116043739, 64.28343479897012, 5.015384977783242 ], [ 36.740284858562518, 64.278956679831026, 5.015384977783242 ], [ 36.744564620486926, 64.2774963228876, 5.002184977783145 ], [ 36.761059507101891, 64.275891719720676, 5.002184977783145 ], [ 36.762852317711804, 64.275717317214003, 5.004684977783199 ], [ 36.775654585944721, 64.273096317658201, 5.004684977783199 ], [ 36.77689217410807, 64.272842947088066, 5.006884977783102 ], [ 36.814934846683173, 64.258020337802009, 5.006884977783102 ], [ 36.816805251975893, 64.257291569680092, 5.0042849777833 ], [ 36.823289933992783, 64.255686588148819, 5.0042849777833 ], [ 36.824143703459413, 64.255475277212099, 5.004184977783098 ], [ 36.870964919071412, 64.244832934462465, 5.004184977783098 ], [ 36.872676093655173, 64.244443988849525, 5.004984977783124 ], [ 36.896294377569575, 64.237942103718524, 5.004984977783124 ], [ 36.897072293068049, 64.237727951083798, 5.005484977783226 ], [ 36.925942728455993, 64.227466960524907, 5.005484977783226 ], [ 36.927799028460868, 64.226807203318458, 5.001384977783118 ], [ 36.96928739977011, 64.222969551934511, 5.001384977783118 ], [ 36.970664580236189, 64.222842163493624, 5.001784977783245 ], [ 36.989904999936698, 64.220367069472559, 5.001784977783245 ], [ 36.991722935068537, 64.220133209673804, 5.001584977783295 ], [ 37.046293420629809, 64.213822054793127, 5.001584977783295 ], [ 37.049470029262011, 64.213454675438697, 4.998484977783164 ], [ 37.058764186062035, 64.220001482695807, 4.998484977783164 ], [ 37.060287389089353, 64.221074427419808, 4.991384977783127 ], [ 37.061461653138394, 64.247089780328679, 4.991384977783127 ], [ 37.061483754092478, 64.247579418093665, 4.9892849777832 ], [ 37.054748762995587, 64.257743377762381, 4.9892849777832 ], [ 37.053284800727852, 64.259458023647312, 4.991284977783152 ], [ 37.021844114278792, 64.296282499461086, 4.991284977783152 ], [ 37.020933409148711, 64.297349150438095, 4.992084977783179 ], [ 37.007536505101598, 64.31676038952719, 4.992084977783179 ], [ 37.006931882293429, 64.318079408767517, 4.990684977783303 ], [ 36.988260641490342, 64.358811787475133, 4.990684977783303 ], [ 36.987775570407393, 64.359869997715577, 4.983384977783089 ], [ 36.966497301982599, 64.377602058651973, 4.983384977783089 ], [ 36.965558391602826, 64.378583215569961, 4.981184977783187 ], [ 36.957456808871939, 64.38704933115514, 4.981184977783187 ], [ 36.954940281022573, 64.389643404574599, 4.981584977783086 ], [ 36.920426798373228, 64.425220403034473, 4.981584977783086 ], [ 36.919512275737361, 64.426237272768049, 4.980784977783287 ], [ 36.888694372304599, 64.460504104048596, 4.980784977783287 ], [ 36.886181933121406, 64.463186203603982, 4.981884977783238 ], [ 36.87485634269251, 64.475276590164867, 4.981884977783238 ], [ 36.873860034480458, 64.476289323836681, 4.982384977783113 ], [ 36.867166014184477, 64.483093703645864, 4.982384977783113 ], [ 36.86699820854119, 64.483260611086735, 4.982384977783113 ], [ 36.841574561374728, 64.508548173558665, 4.982384977783113 ], [ 36.838666080351686, 64.511441086404375, 4.919284977783263 ], [ 36.81864427671826, 64.524898771443986, 4.919284977783263 ], [ 36.818047537628445, 64.525429250032175, 4.910584977783174 ], [ 36.817938320004032, 64.525526340366923, 4.910584977783174 ], [ 36.816544709072332, 64.526773422723636, 4.910184977783274 ], [ 36.770751698757522, 64.567751613256405, 4.910184977783274 ], [ 36.770585028003552, 64.567865063174395, 4.912184977783227 ], [ 36.770130000571953, 64.568209877295885, 4.915684977783258 ], [ 36.769042690997594, 64.569033826934174, 4.909984977783097 ], [ 36.752490756247425, 64.581576676398981, 4.909984977783097 ], [ 36.730065328491037, 64.597476084964001, 4.98278497778324 ], [ 36.719944625627249, 64.604651564121014, 4.98278497778324 ], [ 36.718647334433626, 64.605606106488267, 4.982384977783113 ], [ 36.718431558430893, 64.605646291049197, 4.983884977783191 ], [ 36.717432450881461, 64.605832357498002, 4.991284977783152 ], [ 36.671778679927229, 64.614334580488503, 4.991284977783152 ], [ 36.670504090376198, 64.615327881227131, 4.97148497778312 ], [ 36.647078527836129, 64.633583662536694, 4.97148497778312 ], [ 36.646736352427979, 64.633958357822848, 4.969284977783218 ], [ 36.618176959425909, 64.665231994484202, 4.969284977783218 ], [ 36.616856649154215, 64.666640803930932, 4.969884977783295 ], [ 36.612192451109877, 64.671617638799944, 4.969884977783295 ], [ 36.610004230533377, 64.671524834237061, 5.008284977783205 ], [ 36.541332087857882, 64.66861238166166, 5.008284977783205 ], [ 36.541252347175032, 64.670561569859274, 4.794484977783213 ], [ 36.540201317911851, 64.696253014160902, 4.794484977783213 ], [ 36.539496669734945, 64.696754475444322, 4.873284977783214 ], [ 36.529723652231041, 64.703709421126405, 4.873284977783214 ], [ 36.528036375108059, 64.7049198722234, 4.872284977783238 ], [ 36.488860126250074, 64.733024878500146, 4.872284977783238 ], [ 36.488657007954316, 64.733665092295269, 4.822984977783108 ], [ 36.485039378210786, 64.745067592899431, 4.822984977783108 ], [ 36.484201022511115, 64.746446319986717, 4.862784977783122 ], [ 36.465066164775635, 64.777914760867134, 4.862784977783122 ], [ 36.464692381152418, 64.778365229416522, 4.870484977783235 ], [ 36.439089505074662, 64.80922075464332, 4.870484977783235 ], [ 36.43878224666696, 64.809591049721348, 4.887084977783161 ], [ 36.438080735460971, 64.815412770578405, 4.887084977783161 ], [ 36.437493815741618, 64.81576396067976, 4.921484977783166 ], [ 36.429865016121767, 64.820328739719116, 4.921484977783166 ], [ 36.429141606931807, 64.822632827970665, 4.78398497778312 ], [ 36.417973371382686, 64.858204120522714, 4.78398497778312 ], [ 36.417794497945579, 64.858883141481783, 4.77988497778324 ], [ 36.413993302179733, 64.873312850482762, 4.77988497778324 ], [ 36.413493958505569, 64.875293340403005, 4.777084977783261 ], [ 36.406332653248683, 64.903696409077384, 4.777084977783261 ], [ 36.406629511504434, 64.904497437630198, 4.714784977783211 ], [ 36.413108311564429, 64.921979531427496, 4.714784977783211 ], [ 36.413203349045943, 64.922235976177035, 4.801484977783275 ], [ 36.434766943726572, 64.942202612015535, 9.977484977783206 ], [ 36.446139964129543, 64.944976519429474, 9.76488497778314 ], [ 36.455889299861155, 64.947354406191153, 10.312784977783167 ], [ 36.471351156695164, 64.951125590785523, 10.227784977783131 ], [ 36.514181454811478, 64.958263973807334, 9.17048497778319 ], [ 36.525589106997359, 64.959492490204866, 8.721684977783298 ], [ 36.572180816816399, 64.964510058955057, 8.425184977783147 ], [ 36.605433360353345, 64.965955821724492, 7.671984977783268 ], [ 36.619285822103848, 64.966558102678391, 7.757784977783103 ], [ 36.633749370361329, 64.967186952591874, 7.46518497778311 ], [ 36.67747196633718, 64.970756144102779, 6.857484977783088 ], [ 36.704870479603414, 64.977279599625035, 7.188384977783244 ], [ 36.710620747297071, 64.978648710995913, 7.225784977783178 ], [ 36.714948477165308, 64.979679122858215, 6.935184977783138 ], [ 36.746891751798103, 64.989002877569874, 4.944484977783304 ], [ 36.748536602943204, 64.989482984528877, 4.902884977783287 ], [ 36.77078887578682, 65.001606608711882, 4.902884977783287 ], [ 36.771711339606554, 65.00210919129313, 4.927384977783277 ], [ 36.797814917023061, 65.009865381798591, 4.821784977783182 ], [ 36.788189217419131, 64.99146302365989, 2.943084977783201 ], [ 36.78593749999709, 64.987158203017316, 2.635684977783285 ], [ 36.751343297582935, 64.973709135403624, 3.174884977783222 ], [ 36.730337048764341, 64.965542609148542, 4.300984977783173 ], [ 36.679784208798083, 64.945889357564738, 2.66548497778308 ], [ 36.654762322359602, 64.936161685880506, 1.737384977783222 ], [ 36.652929688003496, 64.935449219003203, 1.602384977783231 ], [ 36.553740814459161, 64.938108986563748, 2.350384977783278 ], [ 36.534570313000586, 64.938623047011788, 3.126384977783118 ], [ 36.533786886240705, 64.927359781999257, 0.296184977783241 ], [ 36.533681361092022, 64.925842655313318, -0.000015022216758 ], [ 36.528222656008438, 64.84736328102008, -0.000015022216758 ], [ 36.528453499107854, 64.847105424370966, -0.000015022216758 ], [ 36.549401069598389, 64.823706542971195, -0.000015022216758 ], [ 36.578710938003496, 64.790966796994326, -0.000015022216758 ], [ 36.602427454432473, 64.769896758312825, -0.000015022216758 ], [ 36.62421875000291, 64.75053710899374, 0.104184977783234 ], [ 36.681025256271823, 64.724981826875592, 0.340684977783212 ], [ 36.686570601479616, 64.722487167906365, 0.346684977783298 ], [ 36.749715169135015, 64.694080611196114, -0.000015022216758 ], [ 36.752813602870447, 64.692686733062146, -0.000015022216758 ], [ 36.769335938006407, 64.685253906005528, -0.000015022216758 ], [ 36.835272080934374, 64.637559462571517, -0.000015022216758 ], [ 36.874347534409026, 64.609294509195024, -0.000015022216758 ], [ 36.899407300850726, 64.591167704085819, -0.000015022216758 ], [ 36.948209891153965, 64.555866694936412, -0.000015022216758 ], [ 36.95318893417425, 64.552265139340307, -0.000015022216758 ], [ 37.008204259778722, 64.512470191984903, -0.000015022216758 ], [ 37.011982465919573, 64.509737253261846, -0.000015022216758 ], [ 37.040429688000586, 64.489160156008438, -0.000015022216758 ], [ 37.069161441089818, 64.472982631807099, -0.000015022216758 ], [ 37.183691406011349, 64.408496094009024, -0.000015022216758 ], [ 37.19193935272051, 64.406114537472604, -0.000015022216758 ], [ 37.289550781017169, 64.377929688009317, -0.000015022216758 ], [ 37.316764471455826, 64.377085190470098, -0.000015022216758 ], [ 37.415235430205939, 64.374029431404779, -0.000015022216758 ], [ 37.429589844003203, 64.373583984008292, -0.000015022216758 ], [ 37.436347365117399, 64.374092124140589, -0.000015022216758 ], [ 37.447204298237921, 64.374908524609054, 0.153484977783137 ], [ 37.453645858739037, 64.375392905712943, 0.114884977783277 ], [ 37.529420256090816, 64.381090854934882, -0.000015022216758 ], [ 37.555973595153773, 64.383087565976894, -0.000015022216758 ], [ 37.596764346802956, 64.386154876832734, 0.065584977783146 ], [ 37.619362738507334, 64.387854190776125, -0.000015022216758 ], [ 37.640069347806275, 64.389411249780096, -0.000015022216758 ], [ 37.684767773433123, 64.392772402992705, -0.000015022216758 ], [ 37.706114808184793, 64.394377619595616, -0.000015022216758 ], [ 37.713737604921334, 64.394950825182605, -0.000015022216758 ], [ 37.728097340514068, 64.396030623203842, -0.000015022216758 ], [ 37.740625000005821, 64.396972656002617, -0.000015022216758 ], [ 37.777462913887575, 64.385998173354892, -0.000015022216758 ], [ 37.786355963267852, 64.383348820963874, -0.000015022216758 ], [ 37.843554688020959, 64.366308594020666, -0.000015022216758 ], [ 37.849999129903154, 64.363606270446326, -0.000015022216758 ], [ 37.915972700779093, 64.335941821103916, -0.000015022216758 ], [ 37.930912139257998, 64.32967732254474, 0.001084977783194 ], [ 37.953710938003496, 64.320117188006407, 0.001184977783169 ], [ 37.954864653307595, 64.31455051166995, -0.000015022216758 ], [ 37.965575653593987, 64.262869935046183, -0.000015022216758 ], [ 37.977148438018048, 64.20703125, -0.000015022216758 ], [ 37.98255990628968, 64.199650280599599, -0.000015022216758 ], [ 38.010721050944994, 64.161239901543013, -0.000015022216758 ], [ 38.041557330521755, 64.119180773559492, -0.000015022216758 ], [ 38.062207031005528, 64.09101562500291, 0.048084977783219 ], [ 38.063721935643116, 64.079524729153491, 0.041684977783234 ], [ 38.063962810629164, 64.077697637461824, -0.000015022216758 ], [ 38.064143420750042, 64.076327668779413, -0.000015022216758 ], [ 38.069614947991795, 64.03482489095768, -0.000015022216758 ], [ 38.069946693052771, 64.032308529378497, -0.000015022216758 ], [ 38.070179962160182, 64.030539130297257, -0.000015022216758 ], [ 38.070800781017169, 64.025830077996943, -0.000015022216758 ], [ 38.058830356574617, 64.016900573376915, -0.000015022216758 ], [ 38.026332317938795, 63.992658209375804, -0.000015022216758 ], [ 37.993638320913306, 63.968269667500863, -0.000015022216758 ], [ 37.980723519081948, 63.958635691436939, -0.000015022216758 ], [ 37.967968750017462, 63.949121094017755, -0.000015022216758 ], [ 37.945053733870736, 63.945282862419845, -0.000015022216758 ], [ 37.893593445973238, 63.936663339685765, -0.000015022216758 ], [ 37.874662491492927, 63.933492432552157, -0.000015022216758 ], [ 37.799789865297498, 63.920951377484016, -0.000015022216758 ], [ 37.785814947710605, 63.918610599284875, -0.000015022216758 ], [ 37.763481544927345, 63.914869787084172, 0.066584977783123 ], [ 37.728460834725411, 63.909003869470325, 0.199384977783211 ], [ 37.670623462356161, 63.899316194423591, 0.066284977783198 ], [ 37.667316571154515, 63.898762294993503, 0.075684977783112 ], [ 37.656241847609635, 63.896907295056735, -0.000015022216758 ], [ 37.635351563018048, 63.893408203017316, -0.000015022216758 ], [ 37.614532983789104, 63.884782911976799, -0.000015022216758 ], [ 37.58255512319738, 63.871534248319222, -0.000015022216758 ], [ 37.570713226348744, 63.866628063056851, -0.000015022216758 ], [ 37.542567885262542, 63.854967240491533, -0.000015022216758 ], [ 37.522169261123054, 63.846515939963865, 0.152284977783211 ], [ 37.51489178945485, 63.843500829738332, 0.130284977783276 ], [ 37.492113913860521, 63.834063787784544, 0.337784977783258 ], [ 37.45012693987519, 63.816668274550466, -0.000015022216758 ], [ 37.442187500011642, 63.813378906008438, -0.000015022216758 ], [ 37.418424779272755, 63.814531949552475, -0.000015022216758 ], [ 37.380377876950661, 63.816378107454511, -0.000015022216758 ], [ 37.37275390602008, 63.816748047000146, -0.000015022216758 ], [ 37.322385609819321, 63.828501886673621, -0.000015022216758 ], [ 37.288751661035349, 63.836350634213886, -0.000015022216758 ], [ 37.260738624245278, 63.842887697537662, -0.000015022216758 ], [ 37.230967760508065, 63.849834963693866, -0.000015022216758 ], [ 37.163391430818592, 63.865604433842236, -0.000015022216758 ], [ 37.088903445343021, 63.88298679345462, -0.000015022216758 ], [ 37.049312817704049, 63.892225579023943, -0.000015022216758 ], [ 37.034003344204393, 63.895798165569431, 0.217884977783115 ], [ 37.02113251616538, 63.898801674935385, 0.094484977783168 ], [ 36.975195313003496, 63.909521484019933, 0.119084977783132 ], [ 36.974258790200111, 63.9096488259529, 0.119084977783132 ], [ 36.945068320201244, 63.91361794473778, 0.215584977783237 ], [ 36.92437974276254, 63.916431034827838, -0.000015022216758 ], [ 36.898108929934097, 63.920003158782492, -0.000015022216758 ], [ 36.830687842404586, 63.929170613337192, -0.000015022216758 ], [ 36.825103662224137, 63.929929911653744, -0.000015022216758 ], [ 36.780630170818768, 63.93597711030452, 0.012784977783213 ], [ 36.747204378683819, 63.940522119009984, 0.028584977783112 ], [ 36.743727358683827, 63.940994900214719, 0.029284977783163 ], [ 36.729862745065475, 63.942880114758736, 0.048384977783144 ], [ 36.713769531008438, 63.945068359011202, 0.076884977783266 ], [ 36.682590033422457, 63.950231481314404, 0.132784977783103 ], [ 36.670478239801014, 63.952237115678145, 0.131984977783304 ], [ 36.628435087346588, 63.959199188670027, 0.144784977783274 ], [ 36.602321810511057, 63.963523377737147, 0.093284977783242 ], [ 36.5651553573407, 63.969677900982788, 0.036084977783275 ], [ 36.517629253619816, 63.977547915113973, 0.046984977783268 ], [ 36.487961976512452, 63.982460623505176, 0.090984977783137 ], [ 36.459347327865544, 63.987199023496942, -0.000015022216758 ], [ 36.428077078249771, 63.992377173737623, -0.000015022216758 ], [ 36.401695738488343, 63.996745752272545, -0.000015022216758 ], [ 36.364941406005528, 64.002832031008438, -0.000015022216758 ], [ 36.36180819234869, 64.004401066718856, -0.000015022216758 ], [ 36.349034058453981, 64.010798036164488, -0.000015022216758 ], [ 36.314832232295885, 64.027925462520216, -0.000015022216758 ], [ 36.301953125017462, 64.034375000017462, -0.000015022216758 ], [ 36.298419446320622, 64.037889811734203, -0.000015022216758 ], [ 36.284258302446688, 64.05197534650506, -0.000015022216758 ], [ 36.267740911644069, 64.068404547710088, -0.000015022216758 ], [ 36.249631498663803, 64.086417270998936, -0.000015022216758 ], [ 36.22648716007825, 64.109438037485234, -0.000015022216758 ], [ 36.20529431720206, 64.13051772757899, -0.000015022216758 ], [ 36.182309564188472, 64.153379760522512, 0.093884977783091 ], [ 36.162827764099347, 64.17275754349248, 0.255684977783176 ], [ 36.146484375, 64.189013672017609, 0.347284977783147 ], [ 36.129181069671176, 64.196365246491041, 0.310984977783164 ], [ 36.097016821920988, 64.210030720074428, -0.000015022216758 ], [ 36.065817362134112, 64.223286288688541, -0.000015022216758 ], [ 36.04619382454257, 64.231623649378889, -0.000015022216758 ], [ 36.025011858379003, 64.240623132325709, -0.000015022216758 ], [ 36.00460483970528, 64.24929336697096, -0.000015022216758 ], [ 35.998783067174372, 64.251766836241586, -0.000015022216758 ], [ 35.995645272836555, 64.253099976252997, -0.000015022216758 ], [ 35.959163325547706, 64.268599890652695, -0.000015022216758 ], [ 35.929843162375619, 64.281057011321536, -0.000015022216758 ], [ 35.914334728950053, 64.287646006938303, -0.000015022216758 ], [ 35.860256924686837, 64.310621790849837, -0.000015022216758 ], [ 35.849763858393999, 64.31507993087871, -0.000015022216758 ], [ 35.802050781014259, 64.335351563015138, -0.000015022216758 ], [ 35.799118519978947, 64.336164540261962, -0.000015022216758 ], [ 35.763127516911482, 64.346143142291112, -0.000015022216758 ], [ 35.710567416419508, 64.360715570961474, -0.000015022216758 ], [ 35.691024269806803, 64.366133960720617, -0.000015022216758 ], [ 35.671758779019001, 64.371475369669497, -0.000015022216758 ], [ 35.651757104322314, 64.377020887564868, -0.000015022216758 ], [ 35.647070313018048, 64.378320313015138, -0.000015022216758 ], [ 35.609849934611702, 64.37286064804357, -0.000015022216758 ], [ 35.59548974824429, 64.370754226489225, -0.000015022216758 ], [ 35.534526623509009, 64.361811860741, -0.000015022216758 ], [ 35.505525897897314, 64.357557894138154, 0.011284977783134 ], [ 35.470760559284827, 64.352458346271305, 0.020684977783276 ], [ 35.442186156433308, 64.348266914777923, 0.011384977783109 ], [ 35.432031250005821, 64.346777344006114, 0.008084977783255 ], [ 35.379178535731626, 64.35241147808847, -0.000015022216758 ], [ 35.374902250667219, 64.352867332883761, -0.000015022216758 ], [ 35.373109916647081, 64.353058396882261, -0.000015022216758 ], [ 35.369625226347125, 64.353429867158411, -0.000015022216758 ], [ 35.307106084161205, 64.360094448798918, -0.000015022216758 ], [ 35.284082031008438, 64.362548827994033, -0.000015022216758 ], [ 35.226316735846922, 64.380590560438577, -0.000015022216758 ], [ 35.221082145173568, 64.382225470908452, 0.051484977783275 ], [ 35.218502648800495, 64.383031120436499, -0.000015022216758 ], [ 35.216770356928464, 64.383572164078942, -0.000015022216758 ], [ 35.169607777963392, 64.398302368921577, -0.000015022216758 ], [ 35.131523643358378, 64.410197119315853, -0.000015022216758 ], [ 35.111365191798541, 64.416493172815535, -0.000015022216758 ], [ 35.093964234911255, 64.421927982897614, -0.000015022216758 ], [ 35.035351563012227, 64.440234375011642, -0.000015022216758 ], [ 35.033165037049912, 64.441813747267588, -0.000015022216758 ], [ 35.010150507470826, 64.458437610956025, -0.000015022216758 ], [ 34.994026710410253, 64.470084158150712, 0.234084977783141 ], [ 34.974123218780733, 64.484460855703219, 0.032384977783295 ], [ 34.973267618188402, 64.485078873447492, 0.033184977783094 ], [ 34.965030399165698, 64.491028784614173, -0.000015022216758 ], [ 34.942383496032562, 64.507387104211375, -0.000015022216758 ], [ 34.924358093732735, 64.52040721962112, 0.227884977783106 ], [ 34.906497447154834, 64.533308328580461, 0.311784977783191 ], [ 34.870044478288037, 64.559639050785336, -0.000015022216758 ], [ 34.869531250020373, 64.56000976600626, -0.000015022216758 ], [ 34.869022767481511, 64.566650989887421, -0.000015022216758 ], [ 34.863833762196009, 64.634423909621546, -0.000015022216758 ], [ 34.858300781008438, 64.706689453014405, -0.000015022216758 ], [ 34.867984982047346, 64.713255862603546, -0.000015022216758 ], [ 34.892093828821089, 64.729602958483156, -0.000015022216758 ], [ 34.90496665390674, 64.738331426808145, -0.000015022216758 ], [ 34.905468750017462, 64.738671875005821, -0.000015022216758 ], [ 34.915012972807745, 64.742198654566891, -0.000015022216758 ], [ 34.927200074249413, 64.746702030141023, -0.000015022216758 ], [ 34.952246094006114, 64.755957031011349, -0.000015022216758 ], [ 34.935504276887514, 64.762148086767411, -0.000015022216758 ], [ 34.903929825915839, 64.773824190095183, -0.000015022216758 ], [ 34.896835944920895, 64.776447478376213, -0.000015022216758 ], [ 34.834450408496195, 64.799517395556904, -0.000015022216758 ], [ 34.832617188018048, 64.800195313015138, -0.000015022216758 ], [ 34.832392859985703, 64.804810061323224, -0.000015022216758 ], [ 34.828808261052473, 64.878550381821697, -0.000015022216758 ], [ 34.827148438009317, 64.912695313003496, -0.000015022216758 ], [ 34.827096403867472, 64.912856683353311, -0.000015022216758 ], [ 34.81236728154181, 64.958535220459453, 0.065584977783146 ], [ 34.806537284952356, 64.976615436607972, 0.068784977783253 ], [ 34.803515625011642, 64.985986327999854, 0.052684977783201 ], [ 34.786947010172298, 65.008774282759987, -0.000015022216758 ], [ 34.774505857931217, 65.025885454509989, -0.000015022216758 ], [ 34.739618850813713, 65.073867953193258, -0.000015022216758 ], [ 34.733113283917191, 65.082815506466432, 0.5042849777833 ], [ 34.730753514915705, 65.086061058944324, -0.000015022216758 ], [ 34.686353100376436, 65.147128000666271, -0.000015022216758 ], [ 34.682630068520666, 65.152248542275629, -0.000015022216758 ], [ 34.677064126604819, 65.159903764753835, -0.000015022216758 ], [ 34.67109375000291, 65.168115234017023, -0.000015022216758 ], [ 34.632033508096356, 65.199851680823485, -0.000015022216758 ], [ 34.630414287836174, 65.201167297302163, -0.000015022216758 ], [ 34.628356946937856, 65.202838886805694, 0.199584977783161 ], [ 34.567775067087496, 65.252061664563371, 3.52118497778315 ], [ 34.552356186410179, 65.264589505211916, 1.168784977783162 ], [ 34.53593749999709, 65.277929688018048, 1.385884977783235 ], [ 34.525896224746248, 65.287066036878969, 1.550584977783274 ], [ 34.507960179777001, 65.303385673556477, 1.076784977783291 ], [ 34.491956839992781, 65.317946781695355, 0.016284977783243 ], [ 34.464020046492806, 65.34336589279701, -0.000015022216758 ], [ 34.458335992108914, 65.348537696438143, -0.000015022216758 ], [ 34.453063350636512, 65.353335163934389, -0.000015022216758 ], [ 34.413161171309184, 65.389641332338215, -0.000015022216758 ], [ 34.406445313012227, 65.395751952994033, 0.047584977783117 ], [ 34.447070673690178, 65.413730836095056, 0.031184977783141 ], [ 34.477257626334904, 65.427090168392169, 0.01508497778309 ], [ 34.477638900381862, 65.427258902447647, -0.000015022216758 ], [ 34.478905083844438, 65.427819255986833, -0.000015022216758 ], [ 34.483285417620209, 65.429757786652772, -0.000015022216758 ], [ 34.54414062500291, 65.456689453014405, -0.000015022216758 ], [ 34.615722656017169, 65.509912109017023, -0.000015022216758 ], [ 34.700670435908251, 65.641115700200316, -0.000015022216758 ], [ 34.71057718594966, 65.656416879210155, -0.000015022216758 ], [ 34.710921943857102, 65.6569493648567, -0.000015022216758 ], [ 34.715527344000293, 65.6640625, -0.000015022216758 ], [ 34.733890606788918, 65.713932275408297, -0.000015022216758 ], [ 34.734765625020373, 65.716308593997383, -0.000015022216758 ], [ 34.748735478206072, 65.73351220949553, -0.000015022216758 ], [ 34.776953125008731, 65.768261719000293, -0.000015022216758 ], [ 34.793164062997676, 65.816357421994326, -0.000015022216758 ], [ 34.78632812500291, 65.864550781014259, -0.000015022216758 ], [ 34.770954349791282, 65.878749288371182, -0.000015022216758 ], [ 34.754183229902992, 65.894238318636781, -0.000015022216758 ], [ 34.720695655152667, 65.925165893000667, 4.559784977783238 ], [ 34.695294059667503, 65.948625631135656, -0.000015022216758 ], [ 34.691796875020373, 65.951855469014845, -0.000015022216758 ], [ 34.678612168150721, 65.959828027582262, -0.000015022216758 ], [ 34.635908958807704, 65.985649901354918, -0.000015022216758 ], [ 34.613383121541119, 65.999270875880029, 0.403884977783264 ], [ 34.533288791149971, 66.047702497802675, -0.000015022216758 ], [ 34.485974736191565, 66.076312468212564, -0.000015022216758 ], [ 34.462767255026847, 66.090345620730659, 0.928284977783278 ], [ 34.432424487909884, 66.108693354166462, 3.619284977783082 ], [ 34.45459433272481, 66.116792675718898, 4.927884977783151 ], [ 34.455918418520014, 66.117276404693257, 5.140784977783142 ], [ 34.496081221586792, 66.10313922012574, 5.140784977783142 ], [ 34.497591595296399, 66.102607573164278, 5.182084977783234 ], [ 34.537549234708422, 66.083403242038912, 5.182084977783234 ], [ 34.540317025748664, 66.08207299390051, 5.144184977783198 ], [ 34.572794229330611, 66.068724228185602, 5.144184977783198 ], [ 34.574195740598952, 66.068148179649143, 5.200484977783162 ], [ 34.603468350920593, 66.04941820485692, 5.200484977783162 ], [ 34.60570060426835, 66.047989905549912, 5.166984977783159 ], [ 34.634069485313375, 66.032346573279938, 5.166984977783159 ], [ 34.63524034267175, 66.031700932318927, 5.121784977783136 ], [ 34.680797523862566, 66.015665821585571, 5.121784977783136 ], [ 34.682979118471849, 66.014897948989528, 5.234184977783116 ], [ 34.707856419539894, 66.000477978726849, 5.234184977783116 ], [ 34.709177671044017, 65.999712123637437, 5.47408497778315 ], [ 34.727661142533179, 65.965862903220113, 5.47408497778315 ], [ 34.729428104954422, 65.963672997706453, 5.625784977783269 ], [ 34.747211578680435, 65.941632841408136, 8.878484977783273 ], [ 34.763697428323212, 65.921200910757761, 5.625784977783269 ], [ 34.766483435101691, 65.917748040621518, 5.155684977783267 ], [ 34.795077252478222, 65.905668877880089, 5.155684977783267 ], [ 34.79618602458504, 65.905200488545233, 5.143884977783273 ], [ 34.828465522208717, 65.893156614518375, 5.143884977783273 ], [ 34.83076466791681, 65.892298775201198, 5.195384977783306 ], [ 34.862161503508105, 65.877570679265773, 5.195384977783306 ], [ 34.863370608858531, 65.877003494082601, 5.318184977783176 ], [ 34.878657340610516, 65.860340877552517, 5.318184977783176 ], [ 34.878661988739623, 65.860212755185785, 5.298084977783219 ], [ 34.879226248944178, 65.844659285387024, 5.298084977783219 ], [ 34.879246679047355, 65.844096142842318, 5.276484977783184 ], [ 34.887493907779572, 65.815015197076718, 5.276484977783184 ], [ 34.892887524052639, 65.811985656924662, 5.979084977783259 ], [ 34.893464259948814, 65.81166171017685, 6.003984977783148 ], [ 34.902552255225601, 65.806557074378361, 5.081884977783147 ], [ 34.945812171587022, 65.798989205213729, 5.081884977783147 ], [ 34.947597538179252, 65.798676874037483, 5.171184977783241 ], [ 34.977520828106208, 65.787738433020422, 5.171184977783241 ], [ 34.978257095717709, 65.787469290808076, 5.323884977783109 ], [ 34.970507988080499, 65.76759075980226, 5.323884977783109 ], [ 34.970770361789619, 65.766514671980985, 5.447684977783183 ], [ 34.980222509388113, 65.727748055956909, 5.447684977783183 ], [ 34.980577903275844, 65.726290459337179, 5.12448497778314 ], [ 35.024309917804203, 65.713510280576884, 5.12448497778314 ], [ 35.026480196233024, 65.712876041623531, 5.204284977783118 ], [ 35.043156257786904, 65.705697380370111, 5.204284977783118 ], [ 35.044479940406745, 65.705127565408475, 5.64838497778328 ], [ 35.047427940735361, 65.688552809690009, 5.64838497778328 ], [ 35.046440459831501, 65.688008159588207, 5.254384977783275 ], [ 35.03142462586402, 65.679726100264816, 5.254384977783275 ] ] ] ] } },
{ "type": "Feature", "properties": { "gid": 9, "objectid": 9.0, "shape_leng": 21.731471818100001, "shape_area": 1.50026906617, "z_mean": 19.5601352061 }, "geometry": { "type": "MultiPolygon", "coordinates": [ [ [ [ 40.721558571836795, 66.273976463475265, 20.103484977783182 ], [ 40.722010311670601, 66.273135145485867, 20.112384977783222 ], [ 40.741042542707874, 66.237689613451948, 20.533784977783171 ], [ 40.75398064275214, 66.213593760534422, 20.66378497778328 ], [ 40.763543335575378, 66.195784249124699, 20.66548497778308 ], [ 40.775598658408853, 66.173332476086216, 20.657084977783143 ], [ 40.785412702898611, 66.155054848641157, 20.66808497778311 ], [ 40.806090452533681, 66.116544710952439, 20.21128497778318 ], [ 40.807698703400092, 66.113549512549071, 20.192984977783226 ], [ 40.81187982391566, 66.105762614606647, 20.062884977783142 ], [ 40.813701865816256, 66.102369252839708, 19.95868497778315 ], [ 40.811106886234484, 66.101809113097261, 19.999984977783242 ], [ 40.703664507935173, 66.09443465397635, 19.999984977783242 ], [ 40.699033794400748, 66.095237599191023, 19.999984977783242 ], [ 40.699033794357092, 66.095237599205575, 19.999984977783242 ], [ 40.698139385189279, 66.093490403553005, 19.999984977783242 ], [ 40.669902755849762, 66.089451473890222, 19.999984977783242 ], [ 40.669902755689691, 66.089451473861118, 19.999984977783242 ], [ 40.590972462960053, 66.087538462612429, 19.999984977783242 ], [ 40.572748108315864, 66.083658725619898, 19.940884977783298 ], [ 40.551876932819141, 66.079215513556846, 19.999984977783242 ], [ 40.493060881839483, 66.049813513542176, 19.999984977783242 ], [ 40.487052891898202, 66.041465912741842, 19.999984977783242 ], [ 40.477286705936422, 66.031529764732113, 19.999984977783242 ], [ 40.477286705907318, 66.031529764703009, 19.999984977783242 ], [ 40.432752769207582, 65.999271578068146, 19.999984977783242 ], [ 40.41958728354075, 65.993414198441315, 19.999984977783242 ], [ 40.411208681820426, 65.989479088268126, 19.999984977783242 ], [ 40.355959980384796, 65.94836948007287, 19.999984977783242 ], [ 40.342419130683993, 65.940175541647477, 19.999984977783242 ], [ 40.295308837492485, 65.903938435512828, 19.999984977783242 ], [ 40.272358646718203, 65.888807439740049, 19.999984977783242 ], [ 40.22937752911821, 65.856934488125262, 19.999984977783242 ], [ 40.162225338091957, 65.806597610600875, 19.999984977783242 ], [ 40.156611950093065, 65.802254513444495, 19.999984977783242 ], [ 40.151289656409062, 65.798168048349908, 19.999984977783242 ], [ 40.075781097591971, 65.758546854674933, 19.999984977783242 ], [ 40.075781097562867, 65.758546854674933, 19.999984977783242 ], [ 40.042189780840999, 65.739402406965382, 19.999984977783242 ], [ 40.042189780811896, 65.739402406965382, 19.999984977783242 ], [ 39.995144565516966, 65.71356004801055, 19.999984977783242 ], [ 39.955283511066227, 65.686628708222997, 19.999984977783242 ], [ 39.912073358485941, 65.674737008157535, 19.999984977783242 ], [ 39.908769422807381, 65.671632648125524, 19.999984977783242 ], [ 39.841723982681287, 65.645117522260989, 19.999984977783242 ], [ 39.816973557550227, 65.644294274985441, 19.999984977783242 ], [ 39.810602583034779, 65.640704811143223, 19.999984977783242 ], [ 39.743818438888411, 65.608434932073578, 19.999984977783242 ], [ 39.720607802824816, 65.572373068513116, 13.473484977783301 ], [ 39.707614784128964, 65.552186096159858, 12.547784977783294 ], [ 39.70440018158115, 65.547191637684591, 12.250584977783092 ], [ 39.696361612863257, 65.528968182276003, 10.253284977783096 ], [ 39.684135266157682, 65.501251023655641, 20.209084977783277 ], [ 39.677494625153486, 65.486196673839004, 19.999984977783242 ], [ 39.675711119271, 65.472332072036806, 19.729584977783134 ], [ 39.671831347004627, 65.442171534028603, 18.893584977783121 ], [ 39.669767821396817, 65.426130117470166, 18.819684977783254 ], [ 39.666145411480102, 65.397970260470174, 9.547084977783243 ], [ 39.665139075004845, 65.390147211277508, 10.389184977783088 ], [ 39.66490136279026, 65.373561864733347, 11.706084977783121 ], [ 39.664624925368116, 65.354274635741604, 13.358584977783266 ], [ 39.664038013594109, 65.313325395109132, 19.999984977783242 ], [ 39.660908807854867, 65.305993197078351, 19.999984977783242 ], [ 39.645526768435957, 65.264900723093888, 19.999984977783242 ], [ 39.640593678253936, 65.251201202685479, 19.999984977783242 ], [ 39.640593678283039, 65.251201202641823, 19.999984977783242 ], [ 39.638393704895861, 65.247726655259612, 19.999984977783242 ], [ 39.607806523199542, 65.202890546424896, 19.999984977783242 ], [ 39.575689684861572, 65.169752950576367, 19.999984977783242 ], [ 39.561359452578472, 65.155252192664193, 19.999984977783242 ], [ 39.525140785772237, 65.122280308263726, 19.999984977783242 ], [ 39.508526519464795, 65.109503695130115, 19.999984977783242 ], [ 39.465696201863466, 65.083412399559165, 19.999984977783242 ], [ 39.444985609836294, 65.069889840844553, 19.999984977783242 ], [ 39.407541856591706, 65.054201081948122, 19.999984977783242 ], [ 39.370556406953256, 65.037906002777163, 19.999984977783242 ], [ 39.35318557296705, 65.03230401907058, 19.999984977783242 ], [ 39.323753748249146, 65.025223648990504, 19.999984977783242 ], [ 39.323753748190938, 65.025223648961401, 19.999984977783242 ], [ 39.298566798883257, 65.019368342618691, 19.999984977783242 ], [ 39.288883048138814, 65.01677627817844, 19.999984977783242 ], [ 39.288883048138814, 65.016776278149337, 19.999984977783242 ], [ 39.238765967529616, 65.010130534836208, 19.999984977783242 ], [ 39.205169397493592, 65.005015196773456, 19.999984977783242 ], [ 39.127418817137368, 64.998263213943574, 19.999984977783242 ], [ 39.121031288785161, 64.997719711536774, 19.999984977783242 ], [ 39.11787108000135, 64.997085378592601, 19.999984977783242 ], [ 39.107415413542185, 64.99657938121527, 19.999984977783242 ], [ 39.107415413571289, 64.996579381186166, 19.999984977783242 ], [ 39.008720005309442, 64.99094418209279, 19.999984977783242 ], [ 38.909737260401016, 64.988142386951949, 19.999984977783242 ], [ 38.909737260328257, 64.988142386951949, 19.999984977783242 ], [ 38.89728610063321, 64.987734135560459, 19.999984977783242 ], [ 38.872829141721013, 64.988729310352937, 19.999984977783242 ], [ 38.78766386967618, 64.993283557429095, 19.999984977783242 ], [ 38.762952510616742, 64.995261000687606, 19.999984977783242 ], [ 38.68016367162636, 65.000941617327044, 19.999984977783242 ], [ 38.624736017416581, 65.005436616251245, 19.999984977783242 ], [ 38.574892018164974, 65.009167201860691, 19.999984977783242 ], [ 38.574892018164974, 65.009167201860691, 19.999984977783242 ], [ 38.497734988239245, 65.018895713874372, 19.999984977783242 ], [ 38.469948505560751, 65.021759651484899, 19.999984977783242 ], [ 38.438805993879214, 65.02321297704475, 19.999984977783242 ], [ 38.376677988213487, 65.03318457613932, 19.999984977783242 ], [ 38.361659063550178, 65.035163294232916, 19.999984977783242 ], [ 38.329196775201126, 65.037646215772838, 19.999984977783242 ], [ 38.26068897076766, 65.049900978687219, 19.999984977783242 ], [ 38.243249537132215, 65.052458932943409, 19.999984977783242 ], [ 38.189482407644391, 65.061959863844095, 19.999984977783242 ], [ 38.153274437761866, 65.067596560591483, 19.999984977783242 ], [ 38.142097870251746, 65.069351918165921, 19.999984977783242 ], [ 38.090019518625923, 65.077142846639617, 19.999984977783242 ], [ 38.052389846634469, 65.08582039133762, 19.999984977783242 ], [ 38.0279217222851, 65.090453999539022, 19.999984977783242 ], [ 37.983131473869435, 65.101055309511139, 19.999984977783242 ], [ 37.972885445153224, 65.102911545880488, 19.999984977783242 ], [ 37.968339204744552, 65.103891595455934, 19.999984977783242 ], [ 37.907421317009721, 65.1145175130805, 19.999984977783242 ], [ 37.877173789747758, 65.122422283369815, 19.999984977783242 ], [ 37.841388188302517, 65.128353902633535, 19.999984977783242 ], [ 37.782105550111737, 65.141418045343016, 19.999984977783242 ], [ 37.763929801731138, 65.144752993626753, 19.999984977783242 ], [ 37.763929801702034, 65.144752993641305, 19.999984977783242 ], [ 37.684433147616801, 65.159642404672923, 19.999984977783242 ], [ 37.683210860413965, 65.15980749236769, 19.999984977783242 ], [ 37.678188612990198, 65.160586736805271, 19.999984977783242 ], [ 37.678188613019302, 65.160586736805271, 19.999984977783242 ], [ 37.588932732251124, 65.173176809927099, 19.999984977783242 ], [ 37.558877041345113, 65.177193622148479, 19.999984977783242 ], [ 37.49277078792511, 65.184291319848853, 19.999984977783242 ], [ 37.424699329465511, 65.191375970243826, 19.999984977783242 ], [ 37.395507128589088, 65.19377180239826, 19.999984977783242 ], [ 37.319690172516857, 65.200849463741179, 19.999984977783242 ], [ 37.299812907469459, 65.202650703402469, 19.999984977783242 ], [ 37.298442881976371, 65.204829515205347, 19.999984977783242 ], [ 37.293457736159326, 65.203329954427318, 19.999984977783242 ], [ 37.293457735853735, 65.203329954340006, 19.999984977783242 ], [ 37.206740462876041, 65.209675478385179, 19.999984977783242 ], [ 37.192259105708217, 65.210857533485978, 17.405984977783191 ], [ 37.174923298196518, 65.212272585937171, 19.999984977783242 ], [ 37.174923298152862, 65.212272585937171, 19.999984977783242 ], [ 37.138521444998332, 65.211959894309985, 19.999984977783242 ], [ 37.138521444969228, 65.211959894309985, 19.999984977783242 ], [ 37.110011675220449, 65.214392079593381, 19.999984977783242 ], [ 37.086523714431678, 65.219027536557405, 16.584884977783304 ], [ 37.072459831731976, 65.221803108404856, 19.999984977783242 ], [ 37.039715383871226, 65.224570890946779, 19.999984977783242 ], [ 36.999182191328146, 65.221298142889282, 19.999984977783242 ], [ 36.976500072385534, 65.219688320779824, 17.056484977783157 ], [ 36.961709622846683, 65.21863859554287, 19.999984977783242 ], [ 36.944838723225985, 65.218696722658933, 19.999984977783242 ], [ 36.917947107082, 65.216284443522454, 19.999984977783242 ], [ 36.883106622131891, 65.218901828135131, 20.777284977783211 ], [ 36.875133372523123, 65.21950081695104, 19.999984977783242 ], [ 36.853819680094603, 65.217927382982452, 19.999984977783242 ], [ 36.853819679905428, 65.217927382953349, 19.999984977783242 ], [ 36.792362413689261, 65.223714889885741, 19.999984977783242 ], [ 36.792362413689261, 65.223714889885741, 19.999984977783242 ], [ 36.746074787646648, 65.212543795874808, 19.999984977783242 ], [ 36.725069816762698, 65.194308783378801, 19.999984977783242 ], [ 36.700522890678258, 65.185798918028013, 19.999984977783242 ], [ 36.658383896123269, 65.176395592498011, 19.999984977783242 ], [ 36.643604168581078, 65.171538275608327, 19.999984977783242 ], [ 36.64360416852287, 65.171538275579223, 19.999984977783242 ], [ 36.609082301627495, 65.164607400802197, 19.999984977783242 ], [ 36.584958406820078, 65.160942445276305, 19.999984977783242 ], [ 36.570730292965891, 65.159958862612257, 19.999984977783242 ], [ 36.542225420009345, 65.151806601686985, 19.999984977783242 ], [ 36.521347030240577, 65.147647990263067, 19.999984977783242 ], [ 36.506706175438012, 65.145483190164668, 19.999984977783242 ], [ 36.46416954351298, 65.138283450593008, 19.999984977783242 ], [ 36.426616020820802, 65.135394149372587, 19.999984977783242 ], [ 36.424613528768532, 65.13553898812097, 19.999984977783242 ], [ 36.422553157739458, 65.135205310783931, 19.999984977783242 ], [ 36.419325063645374, 65.13543300650781, 19.999984977783242 ], [ 36.371262054773979, 65.140164912256296, 19.999984977783242 ], [ 36.361062663374469, 65.143288991472218, 19.999984977783242 ], [ 36.355085639370373, 65.150704915067763, 19.999984977783242 ], [ 36.34161579371721, 65.161951208676328, 19.999984977783242 ], [ 36.326767221660702, 65.169742234400474, 17.882584977783154 ], [ 36.315481181518408, 65.175664004404098, 17.934984977783188 ], [ 36.29937943132245, 65.18411257097614, 19.999984977783242 ], [ 36.288682191065163, 65.187671012579813, 20.540584977783283 ], [ 36.278325094506727, 65.191116305228206, 20.756784977783127 ], [ 36.260555831409874, 65.197027258298476, 20.424784977783247 ], [ 36.249929426587187, 65.200562136466033, 19.999984977783242 ], [ 36.243350066666608, 65.200468481183634, 19.999984977783242 ], [ 36.22589099832112, 65.202327296341537, 19.999984977783242 ], [ 36.194670778873842, 65.209853079708409, 19.999984977783242 ], [ 36.193926919571823, 65.210131061103311, 19.999984977783242 ], [ 36.190374597877963, 65.210717092646519, 19.999984977783242 ], [ 36.165168580191676, 65.214954505470814, 19.999984977783242 ], [ 36.147554579481948, 65.217738479259424, 19.999984977783242 ], [ 36.127631108465721, 65.219509948743507, 19.999984977783242 ], [ 36.099887795426184, 65.221388827107148, 19.999984977783242 ], [ 36.096896327115246, 65.22154874370608, 19.999984977783242 ], [ 36.056116221385309, 65.223094952874817, 19.999984977783242 ], [ 36.040836073283572, 65.223204153298866, 19.999984977783242 ], [ 36.027668219190673, 65.22603996496764, 19.999984977783242 ], [ 36.018877000649809, 65.226677793601993, 19.999984977783242 ], [ 36.011296492550173, 65.226412595075089, 19.999984977783242 ], [ 35.992719651665539, 65.229236881190445, 19.999984977783242 ], [ 35.975427569093881, 65.226343223970616, 19.999984977783242 ], [ 35.970592467361712, 65.226716174816829, 19.999984977783242 ], [ 35.962326135850162, 65.22602168211597, 19.999984977783242 ], [ 35.939445731564774, 65.225099215487717, 18.803584977783203 ], [ 35.93099445248663, 65.224758486219798, 19.999984977783242 ], [ 35.897584077363717, 65.226569423030014, 19.999984977783242 ], [ 35.897461497268523, 65.226578848509234, 19.999984977783242 ], [ 35.897141943642055, 65.226556709778379, 19.999984977783242 ], [ 35.897141943554743, 65.226556709778379, 19.999984977783242 ], [ 35.86386055755429, 65.225630887201987, 19.999984977783242 ], [ 35.854416498317732, 65.226671187570901, 19.999984977783242 ], [ 35.844251267015352, 65.226301014219644, 19.999984977783242 ], [ 35.825432988116518, 65.230500339748687, 19.999984977783242 ], [ 35.809236344968667, 65.227809215313755, 19.999984977783242 ], [ 35.798837642243598, 65.228940566346864, 19.999984977783242 ], [ 35.789943912081071, 65.22851712605916, 19.999984977783242 ], [ 35.789943912110175, 65.228517126030056, 19.999984977783242 ], [ 35.769851764576742, 65.232125410737353, 19.999984977783242 ], [ 35.751685496390564, 65.229967829523957, 19.999984977783242 ], [ 35.742012197792064, 65.231125228136079, 19.999984977783242 ], [ 35.732316183159128, 65.230675065002288, 19.999984977783242 ], [ 35.710806233604671, 65.233819588640472, 19.999984977783242 ], [ 35.710806233604671, 65.233819588611368, 19.999984977783242 ], [ 35.697426963539328, 65.231228988253861, 19.999984977783242 ], [ 35.680508583012852, 65.232560649383231, 19.999984977783242 ], [ 35.680508582983748, 65.232560649412335, 19.999984977783242 ], [ 35.661188877260429, 65.230690164549742, 19.999984977783242 ], [ 35.650039205836947, 65.231706364938873, 19.999984977783242 ], [ 35.645013999383082, 65.230300509821973, 19.999984977783242 ], [ 35.62014731207455, 65.229679655312793, 19.999984977783242 ], [ 35.620147311987239, 65.229679655312793, 19.999984977783242 ], [ 35.592416919607786, 65.231123610617942, 19.999984977783242 ], [ 35.569851002306677, 65.232380082859891, 19.999984977783242 ], [ 35.531605606680387, 65.233253688551486, 19.999984977783242 ], [ 35.527267178782495, 65.233274077880196, 19.999984977783242 ], [ 35.522695884938003, 65.232963275208022, 19.999984977783242 ], [ 35.522695884879795, 65.232963275208022, 19.999984977783242 ], [ 35.468039515602868, 65.241200509859482, 19.999984977783242 ], [ 35.46231644632644, 65.240533998075989, 19.999984977783242 ], [ 35.447472006693715, 65.243320342400693, 19.999984977783242 ], [ 35.430149906649604, 65.247445610177238, 19.999984977783242 ], [ 35.412710686621722, 65.251940580754308, 19.999984977783242 ], [ 35.389539616619004, 65.267666201936663, 19.999984977783242 ], [ 35.385767629326438, 65.269151764761773, 19.999984977783242 ], [ 35.340584176839911, 65.286941273894627, 19.999984977783242 ], [ 35.329328386913403, 65.295431769132847, 19.999984977783242 ], [ 35.329328386884299, 65.295431769132847, 19.999984977783242 ], [ 35.309439281671075, 65.312415319232969, 19.999984977783242 ], [ 35.300156037585111, 65.321678522508591, 19.999984977783242 ], [ 35.285196359443944, 65.337735427470761, 19.999984977783242 ], [ 35.257948495345772, 65.383447831118247, 19.999984977783242 ], [ 35.257046102648019, 65.384931393768056, 19.999984977783242 ], [ 35.25696496348246, 65.385197800365859, 19.999984977783242 ], [ 35.237746507424163, 65.445108557658386, 19.999984977783242 ], [ 35.237447153980611, 65.446725272966432, 19.999984977783242 ], [ 35.23744757057284, 65.449637195226387, 19.999984977783242 ], [ 35.23744757057284, 65.449637195299147, 19.999984977783242 ], [ 35.236193469812861, 65.503766270674532, 19.999984977783242 ], [ 35.234878127812408, 65.530859439168125, 19.999984977783242 ], [ 35.237294374164776, 65.563416188160772, 19.999984977783242 ], [ 35.236756033162237, 65.594382418596069, 19.999984977783242 ], [ 35.249872622895055, 65.624193987881881, 19.999984977783242 ], [ 35.250532029444003, 65.659796076593921, 19.999984977783242 ], [ 35.243967331189197, 65.692085884133121, 19.999984977783242 ], [ 35.246321749611525, 65.712210037760087, 19.999984977783242 ], [ 35.240031822788296, 65.741715017546085, 19.999984977783242 ], [ 35.23926840283093, 65.753352728206664, 19.999984977783242 ], [ 35.238844774765312, 65.765171366932918, 19.999984977783242 ], [ 35.234966842617723, 65.79543250016286, 19.999984977783242 ], [ 35.236774405639153, 65.831006894688471, 19.999984977783242 ], [ 35.236731435201364, 65.840045637465664, 19.999984977783242 ], [ 35.236112431113725, 65.845549934863811, 19.999984977783242 ], [ 35.238165095157456, 65.886509792428114, 19.999984977783242 ], [ 35.238466415103176, 65.911264477137593, 19.999984977783242 ], [ 35.24961975174665, 65.952065881778253, 19.999984977783242 ], [ 35.257388601123239, 65.990758931060554, 19.999984977783242 ], [ 35.308136441308307, 66.047677063033916, 19.999984977783242 ], [ 35.312552903284086, 66.05395655958273, 19.999984977783242 ], [ 35.382463125395589, 66.091117540097912, 19.999984977783242 ], [ 35.390525404247455, 66.095753888090258, 19.999984977783242 ], [ 35.470190019972506, 66.121572152827866, 19.999984977783242 ], [ 35.485547802600195, 66.128338409922435, 19.999984977783242 ], [ 35.485547802629299, 66.128338409922435, 19.999984977783242 ], [ 35.553942474769428, 66.142117620809586, 19.999984977783242 ], [ 35.588280113617657, 66.150973453899496, 19.999984977783242 ], [ 35.634057057497557, 66.155318506862386, 19.999984977783242 ], [ 35.696929202342289, 66.16592034806672, 19.999984977783242 ], [ 35.728831587723107, 66.166957440393162, 19.999984977783242 ], [ 35.728831587781315, 66.166957440393162, 19.999984977783242 ], [ 35.7812024611776, 66.168145776653546, 19.999984977783242 ], [ 35.811394249991281, 66.171589203935582, 19.999984977783242 ], [ 35.909365949846688, 66.173378383682575, 19.999984977783242 ], [ 35.909365949875792, 66.173378383682575, 19.999984977783242 ], [ 35.919770014384994, 66.173413610842545, 19.999984977783242 ], [ 35.926250402349979, 66.17385218758136, 19.999984977783242 ], [ 35.983466484613018, 66.170735172505374, 19.999984977783242 ], [ 35.983466484642122, 66.170735172534478, 19.999984977783242 ], [ 36.041562588143279, 66.171326829135069, 19.999984977783242 ], [ 36.050033409774187, 66.170784723362885, 19.999984977783242 ], [ 36.061001825728454, 66.170030355395284, 19.999984977783242 ], [ 36.112134739334579, 66.166093815627391, 19.999984977783242 ], [ 36.112134739363682, 66.166093815656495, 19.999984977783242 ], [ 36.156805551945581, 66.165923948385171, 19.999984977783242 ], [ 36.17666133052262, 66.165242418632261, 19.999984977783242 ], [ 36.203401192469755, 66.163526124335476, 19.999984977783242 ], [ 36.240482517023338, 66.161641470302129, 19.999984977783242 ], [ 36.271673979441402, 66.161229344375897, 19.999984977783242 ], [ 36.303166723300819, 66.160688827658305, 19.999984977783242 ], [ 36.344949491540319, 66.158203145299922, 19.999984977783242 ], [ 36.367877139215125, 66.15741237468319, 19.999984977783242 ], [ 36.387707219590084, 66.157250348536763, 19.999984977783242 ], [ 36.429046427758294, 66.157175011874642, 19.999984977783242 ], [ 36.478565378201893, 66.153407858379069, 19.999984977783242 ], [ 36.492789179392275, 66.152556459666812, 19.999984977783242 ], [ 36.507112665582099, 66.152503373014042, 19.999984977783242 ], [ 36.552088375668973, 66.1522583586775, 19.999984977783242 ], [ 36.603480288365972, 66.148478802613681, 19.999984977783242 ], [ 36.603480288365972, 66.148478802584577, 19.999984977783242 ], [ 36.615969420978217, 66.147829784633359, 19.999984977783242 ], [ 36.629175443129498, 66.147607083199546, 19.999984977783242 ], [ 36.67438120621955, 66.14780246069131, 19.999984977783242 ], [ 36.730472489609383, 66.145183988570352, 19.999984977783242 ], [ 36.739763823803514, 66.14481600720319, 19.999984977783242 ], [ 36.749354791289079, 66.144640939935925, 19.999984977783242 ], [ 36.796659826417454, 66.143446258996846, 19.999984977783242 ], [ 36.858418377509224, 66.140040458398289, 19.999984977783242 ], [ 36.862949362053769, 66.139783929625992, 19.999984977783242 ], [ 36.867480457774946, 66.139660166722024, 19.999984977783242 ], [ 36.867480457804049, 66.139660166722024, 19.999984977783242 ], [ 36.919077417609515, 66.136817164500826, 19.999984977783242 ], [ 36.980413213837892, 66.134407472534804, 19.999984977783242 ], [ 36.980413213866996, 66.134407472534804, 19.999984977783242 ], [ 36.985014125530142, 66.133908535222872, 19.999984977783242 ], [ 36.99280563184584, 66.133744337726966, 19.999984977783242 ], [ 37.046430611779215, 66.130762914777733, 19.999984977783242 ], [ 37.087316331875627, 66.130463491441333, 19.999984977783242 ], [ 37.098950248546316, 66.128458297986072, 19.999984977783242 ], [ 37.141091941957711, 66.126760498387739, 19.999984977783242 ], [ 37.172635518756579, 66.123787025440834, 19.999984977783242 ], [ 37.192219669770566, 66.123327096691355, 19.999984977783242 ], [ 37.282965041551506, 66.119348111824365, 19.999984977783242 ], [ 37.288339495935361, 66.119039478726336, 19.999984977783242 ], [ 37.288339495964465, 66.119039478726336, 19.999984977783242 ], [ 37.290406736094155, 66.118850503262365, 19.999984977783242 ], [ 37.294137064847746, 66.118493603629759, 19.999984977783242 ], [ 37.392613537042052, 66.10981539930799, 19.999984977783242 ], [ 37.453302136811544, 66.104601255283342, 19.999984977783242 ], [ 37.453302136869752, 66.104601255283342, 19.999984977783242 ], [ 37.465239873432438, 66.101309883510112, 20.140984977783091 ], [ 37.491166194522521, 66.099805331337848, 20.120484977783235 ], [ 37.522979394081631, 66.097959152713884, 20.120484977783235 ], [ 37.558549700101139, 66.084164107131073, 20.799084977783195 ], [ 37.562084357079584, 66.082175862611621, 20.902284977783211 ], [ 37.576776860674727, 66.07391132930934, 21.246284977783262 ], [ 37.5775853881496, 66.073456532612909, 21.272984977783153 ], [ 37.595462494835374, 66.061766965329298, 21.955084977783144 ], [ 37.608667142412742, 66.053132647764869, 19.999984977783242 ], [ 37.631828592464444, 66.053239591550664, 22.330084977783144 ], [ 37.682878179242834, 66.053475303691812, 22.075984977783264 ], [ 37.702526815526653, 66.053566027680063, 22.122184977783263 ], [ 37.735362014514976, 66.053717638220405, 19.999984977783242 ], [ 37.735362014514976, 66.053717638220405, 19.999984977783242 ], [ 37.766997919592541, 66.045849598653149, 22.360084977783117 ], [ 37.793694232575945, 66.039210065297084, 22.528184977783212 ], [ 37.818387557868846, 66.033068686985644, 23.006484977783202 ], [ 37.836213493443211, 66.028635269758524, 19.999984977783242 ], [ 37.857503843639279, 66.027154898722074, 23.2088849777831 ], [ 37.904254654247779, 66.023904198518721, 22.98278497778324 ], [ 37.934185014033574, 66.021823066126672, 23.342884977783115 ], [ 37.95223620357865, 66.02056792199437, 19.999984977783242 ], [ 37.975028274013312, 66.019139397671097, 23.371684977783161 ], [ 38.020491028684773, 66.016289957042318, 23.086584977783104 ], [ 38.049663254132611, 66.014461547718383, 23.457184977783299 ], [ 38.067820094598574, 66.013323542792932, 19.999984977783242 ], [ 38.091651338734664, 66.01160059349786, 23.518184977783221 ], [ 38.134697928617243, 66.008488414736348, 23.261184977783159 ], [ 38.163698796153767, 66.00639171244984, 23.66808497778311 ], [ 38.182780842122156, 66.005012120265746, 19.999984977783242 ], [ 38.224374176876154, 66.009874579773168, 23.188984977783093 ], [ 38.253352108687977, 66.013262238411698, 22.713484977783082 ], [ 38.264293791595264, 66.014541373384418, 22.74968497778309 ], [ 38.305399208285962, 66.01934679292026, 19.999984977783242 ], [ 38.351585275391699, 66.009457601598115, 22.720684977783094 ], [ 38.369179021261516, 66.005690493257134, 22.73018497778321 ], [ 38.390941827383358, 66.001030721032294, 23.332284977783274 ], [ 38.415763627839624, 65.995715968121658, 19.999984977783242 ], [ 38.442296320543392, 65.99634791976132, 23.568984977783202 ], [ 38.484130582117359, 65.997344321804121, 22.929284977783254 ], [ 38.513324552288395, 65.998039659316419, 23.362684977783147 ], [ 38.559660758095561, 65.999143287990591, 23.353084977783283 ], [ 38.601831936583039, 66.000147714672494, 22.809784977783238 ], [ 38.632469731906895, 66.000877441008925, 23.231484977783111 ], [ 38.648698132572463, 66.001263966565602, 19.999984977783242 ], [ 38.677383277798072, 66.002038726539467, 23.18918497778327 ], [ 38.726636698644143, 66.003369017111254, 22.654484977783113 ], [ 38.74966836386011, 66.003991081699496, 23.047084977783243 ], [ 38.759783786488697, 66.004264290138963, 19.999984977783242 ], [ 38.782188221943215, 66.008380641331314, 22.660584977783174 ], [ 38.836968066520058, 66.018445303649059, 21.42438497778312 ], [ 38.859167123082443, 66.022523920721142, 21.649084977783104 ], [ 38.866781861666823, 66.023922971275169, 19.999984977783242 ], [ 38.8877498866932, 66.024817116340273, 21.507684977783128 ], [ 38.94400755353854, 66.027216127011343, 20.866584977783305 ], [ 38.983850298274774, 66.028915151793626, 21.291484977783284 ], [ 38.991718676814344, 66.029250685140141, 19.999984977783242 ], [ 39.005435097482405, 66.031915026091156, 21.094784977783092 ], [ 39.054720080239349, 66.04148836886452, 19.999984977783242 ], [ 39.103328088254784, 66.037621951880283, 20.823384977783235 ], [ 39.109925148150069, 66.037097203268786, 19.999984977783242 ], [ 39.117069139858359, 66.037747259397293, 20.844184977783243 ], [ 39.175031418344588, 66.043021444333135, 19.999984977783242 ], [ 39.218497809561086, 66.05150361257256, 19.999984977783242 ], [ 39.21849780959019, 66.05150361257256, 19.999984977783242 ], [ 39.226596927721403, 66.048842697622604, 19.999984977783242 ], [ 39.230738867030595, 66.052273037406849, 19.999984977783242 ], [ 39.295264627231518, 66.046568014091463, 19.999984977783242 ], [ 39.330754620459629, 66.052602855532314, 19.999984977783242 ], [ 39.349508010855061, 66.050690362404566, 19.999984977783242 ], [ 39.380413173057605, 66.052868864309858, 19.999984977783242 ], [ 39.417877439598669, 66.05027008340403, 19.999984977783242 ], [ 39.433528331413982, 66.052550925771357, 19.999984977783242 ], [ 39.47880948187958, 66.04822825390147, 19.999984977783242 ], [ 39.540562000096543, 66.054753895863541, 19.999984977783242 ], [ 39.542404908075696, 66.054478503530845, 19.999984977783242 ], [ 39.546216700371588, 66.054815003182739, 19.999984977783242 ], [ 39.546216700415243, 66.054815003182739, 19.999984977783242 ], [ 39.605951348145027, 66.051667397448909, 19.999984977783242 ], [ 39.605951348174131, 66.051667397448909, 19.999984977783242 ], [ 39.649150542885764, 66.05611708194192, 19.999984977783242 ], [ 39.667477958893869, 66.053447680693353, 19.999984977783242 ], [ 39.703143436869141, 66.056938997891848, 19.999984977783242 ], [ 39.735524045870989, 66.055833310892922, 19.999984977783242 ], [ 39.762285841934499, 66.060591383895371, 19.999984977783242 ], [ 39.791998607630376, 66.059079968894366, 19.999984977783242 ], [ 39.847597487867461, 66.064558383761323, 19.999984977783242 ], [ 39.847597487911116, 66.064558383761323, 19.999984977783242 ], [ 39.863413705592393, 66.064118194786715, 19.999984977783242 ], [ 39.863413705621497, 66.064118194786715, 19.999984977783242 ], [ 39.876332641739282, 66.067068467382342, 19.999984977783242 ], [ 39.919183261124999, 66.0641105715913, 19.999984977783242 ], [ 39.98342513787793, 66.0772625538375, 19.999984977783242 ], [ 39.983425137907034, 66.0772625538375, 19.999984977783242 ], [ 39.990700823036605, 66.078203622309957, 19.999984977783242 ], [ 40.047890421250486, 66.07310632194276, 19.999984977783242 ], [ 40.094079343121848, 66.083146850738558, 19.999984977783242 ], [ 40.106357596538146, 66.0796477625845, 19.999984977783242 ], [ 40.141544674508623, 66.086559442148427, 19.999984977783242 ], [ 40.174673555287882, 66.086696830068831, 19.999984977783242 ], [ 40.194480436344747, 66.092623055010336, 19.999984977783242 ], [ 40.284013815122307, 66.107474225587794, 19.999984977783242 ], [ 40.288433956447989, 66.107791540489416, 19.999984977783242 ], [ 40.291700484754983, 66.10908609071339, 19.999984977783242 ], [ 40.368136789824348, 66.106849998162943, 19.999984977783242 ], [ 40.393714614285273, 66.121618449731614, 19.999984977783242 ], [ 40.400541380586219, 66.119873312942218, 19.999984977783242 ], [ 40.428734498738777, 66.120119045110187, 19.999984977783242 ], [ 40.428734498782433, 66.120119045110187, 19.999984977783242 ], [ 40.485763060481986, 66.136081908029155, 19.999984977783242 ], [ 40.50330762253725, 66.138136627647327, 19.999984977783242 ], [ 40.578060206535156, 66.164781911997125, 19.999984977783242 ], [ 40.601618998363847, 66.17633662254957, 19.999984977783242 ], [ 40.633043603142141, 66.196428910276154, 19.999984977783242 ], [ 40.639665280221379, 66.211755695519969, 19.999984977783242 ], [ 40.672230444833986, 66.238334120833315, 19.999984977783242 ], [ 40.721558571836795, 66.273976463475265, 20.103484977783182 ] ], [ [ 37.81962817213207, 65.992753575992538, 24.999984977783242 ], [ 37.783994850396994, 65.995722410341841, 24.999984977783242 ], [ 37.762182858263259, 65.993856048793532, 24.999984977783242 ], [ 37.73883021286747, 65.996734821485006, 24.999984977783242 ], [ 37.699726442762767, 65.995129589064163, 24.999984977783242 ], [ 37.648823579962482, 66.000673746078974, 24.999984977783242 ], [ 37.640274272795068, 66.000281824701233, 24.999984977783242 ], [ 37.63156585105753, 66.001088652061298, 24.999984977783242 ], [ 37.579502951222821, 65.997358034059289, 24.999984977783242 ], [ 37.531987631155062, 66.002332413860131, 24.999984977783242 ], [ 37.517084969498683, 66.002007715593209, 24.999984977783242 ], [ 37.49900222029828, 66.003236396063585, 24.999984977783242 ], [ 37.460212105346727, 66.001526789492345, 24.999984977783242 ], [ 37.435949144361075, 66.003848183710943, 24.999984977783242 ], [ 37.395701544708572, 66.002951773276436, 24.999984977783242 ], [ 37.343770411796868, 66.007080140829203, 24.999984977783242 ], [ 37.34121498944296, 66.007017302879831, 24.999984977783242 ], [ 37.339621854669531, 66.007161204805016, 24.999984977783242 ], [ 37.275410780101083, 66.006902164954226, 24.999984977783242 ], [ 37.275410780071979, 66.006902164954226, 24.999984977783242 ], [ 37.242720473805093, 66.008133216266287, 24.999984977783242 ], [ 37.214855450569303, 66.006978913705098, 24.999984977783242 ], [ 37.172341983678052, 66.010235862384434, 24.999984977783242 ], [ 37.172341983605293, 66.010235862384434, 24.999984977783242 ], [ 37.15297316404758, 66.0105337206478, 24.999984977783242 ], [ 37.152973164018476, 66.0105337206478, 24.999984977783242 ], [ 37.142829245509347, 66.01136087620398, 24.999984977783242 ], [ 37.090112815494649, 66.011945718026254, 24.999984977783242 ], [ 37.03959385008784, 66.015427878010087, 24.999984977783242 ], [ 37.02642831086996, 66.015014733027783, 24.999984977783242 ], [ 37.011442722243373, 66.016834043344716, 24.999984977783242 ], [ 36.963470385686378, 66.017392228997778, 24.999984977783242 ], [ 36.931582803532365, 66.019004814501386, 24.999984977783242 ], [ 36.895531725429464, 66.017557871338795, 24.999984977783242 ], [ 36.85788928582042, 66.022038376569981, 24.999984977783242 ], [ 36.857889285791316, 66.022038376569981, 24.999984977783242 ], [ 36.836108812989551, 66.022603850418818, 24.999984977783242 ], [ 36.818270657007815, 66.023341920081293, 24.999984977783242 ], [ 36.771028005838161, 66.022026917780749, 24.999984977783242 ], [ 36.715298467999673, 66.026867577398662, 24.999984977783242 ], [ 36.71529846797057, 66.026867577398662, 24.999984977783242 ], [ 36.705229446451995, 66.027198420808418, 24.999984977783242 ], [ 36.696117779647466, 66.02745783777209, 24.999984977783242 ], [ 36.649228533307905, 66.025153980212053, 24.999984977783242 ], [ 36.649228533278801, 66.025153980212053, 24.999984977783242 ], [ 36.581870596564841, 66.030282617313787, 24.999984977783242 ], [ 36.577381068578688, 66.030391013919143, 24.999984977783242 ], [ 36.573021014017286, 66.030556084442651, 24.999984977783242 ], [ 36.52187248505652, 66.027849872290972, 24.999984977783242 ], [ 36.453774249923299, 66.030564684449928, 24.999984977783242 ], [ 36.449163117475109, 66.029941590226372, 24.999984977783242 ], [ 36.440635373612167, 66.030458742141491, 24.999984977783242 ], [ 36.391427638998721, 66.027999836456729, 24.999984977783242 ], [ 36.391427638969617, 66.027999836456729, 24.999984977783242 ], [ 36.338522078862297, 66.028878146200441, 24.999984977783242 ], [ 36.323483927801135, 66.026612190238666, 24.999984977783242 ], [ 36.288129133725306, 66.02770643052645, 24.999984977783242 ], [ 36.288129133696202, 66.02770643052645, 24.999984977783242 ], [ 36.251875311834738, 66.026710270889453, 24.999984977783242 ], [ 36.220094729185803, 66.026922097415081, 24.999984977783242 ], [ 36.203996466807439, 66.02361671050312, 24.999984977783242 ], [ 36.103221529585426, 66.0214055897668, 24.999984977783242 ], [ 36.103221529527218, 66.0214055897668, 24.999984977783242 ], [ 36.103018742782297, 66.021394013470854, 24.999984977783242 ], [ 36.102901416321401, 66.021394419411081, 24.999984977783242 ], [ 36.102379927891889, 66.021374233896495, 24.999984977783242 ], [ 36.102379927862785, 66.021374233896495, 24.999984977783242 ], [ 35.981338472629432, 66.014216126859537, 24.999984977783242 ], [ 35.884428686302272, 66.000602972970228, 24.999984977783242 ], [ 35.866987419009092, 65.996405860030791, 24.999984977783242 ], [ 35.85718149135937, 65.992660011484986, 24.999984977783242 ], [ 35.770400629698997, 65.965160942912917, 24.999984977783242 ], [ 35.767907565197675, 65.964147534206859, 24.999984977783242 ], [ 35.759142361173872, 65.959507168372511, 24.999984977783242 ], [ 35.690496616778546, 65.927695731268614, 24.999984977783242 ], [ 35.678982428536983, 65.91930957887962, 24.999984977783242 ], [ 35.607855363530689, 65.869788306983537, 24.999984977783242 ], [ 35.595279486748041, 65.854570660085301, 24.999984977783242 ], [ 35.5559057463106, 65.808100230395212, 24.999984977783242 ], [ 35.54592072419473, 65.793386323421146, 24.999984977783242 ], [ 35.53101006806537, 65.766968966592685, 24.999984977783242 ], [ 35.531010068007163, 65.766968966592685, 24.999984977783242 ], [ 35.526846654654946, 65.748240396816982, 24.999984977783242 ], [ 35.518863261386286, 65.725183503629523, 24.999984977783242 ], [ 35.513021342645516, 65.702469322641264, 24.999984977783242 ], [ 35.510933793819277, 65.677353184408275, 24.999984977783242 ], [ 35.510933793790173, 65.677353184408275, 24.999984977783242 ], [ 35.511271322407993, 65.635612836747896, 24.999984977783242 ], [ 35.514520797558362, 65.616401312538073, 24.999984977783242 ], [ 35.525332969787996, 65.572552709883894, 24.999984977783242 ], [ 35.532863110973267, 65.547902638325468, 24.999984977783242 ], [ 35.542688469489804, 65.520567000785377, 24.999984977783242 ], [ 35.56222981098108, 65.485879063853645, 24.999984977783242 ], [ 35.567969184354297, 65.475678379574674, 24.999984977783242 ], [ 35.57904466461332, 65.459968933093478, 24.999984977783242 ], [ 35.601414961740375, 65.426993401080836, 24.999984977783242 ], [ 35.633510643121554, 65.402711746341083, 24.999984977783242 ], [ 35.633510643150657, 65.402711746341083, 24.999984977783242 ], [ 35.660162296480848, 65.386805172543973, 24.999984977783242 ], [ 35.668596904608421, 65.38501002654084, 24.999984977783242 ], [ 35.692670011732844, 65.374660489178495, 24.999984977783242 ], [ 35.692670011791051, 65.374660489149392, 24.999984977783242 ], [ 35.708319340803428, 65.36922020323982, 24.999984977783242 ], [ 35.713002648932161, 65.366828808997525, 24.999984977783242 ], [ 35.760167315151193, 65.357862081902567, 24.999984977783242 ], [ 35.776090983927133, 65.350764196875389, 24.999984977783242 ], [ 35.800748730180203, 65.347093792050146, 24.999984977783242 ], [ 35.837403803991037, 65.336940998095088, 24.999984977783242 ], [ 35.844068699632771, 65.335706853875308, 24.999984977783242 ], [ 35.860905458597699, 65.331975192384562, 24.999984977783242 ], [ 35.860905458626803, 65.331975192384562, 24.999984977783242 ], [ 35.885526674188441, 65.327833756848122, 24.999984977783242 ], [ 35.895026144222356, 65.324866100418149, 24.999984977783242 ], [ 35.92475636335439, 65.321305857112748, 24.999984977783242 ], [ 35.952339176830719, 65.316165827724035, 24.999984977783242 ], [ 35.961910427111434, 65.315806972634164, 24.999984977783242 ], [ 35.978659082902595, 65.313491515567875, 24.999984977783242 ], [ 35.999648806537152, 65.312075831447146, 24.999984977783242 ], [ 36.0142148520099, 65.30972696164099, 24.999984977783242 ], [ 36.034067206768668, 65.309079662110889, 24.999984977783242 ], [ 36.05887682287721, 65.305599191517103, 24.999984977783242 ], [ 36.071017197929905, 65.304710595111828, 24.999984977783242 ], [ 36.08192169983522, 65.302943908172892, 24.999984977783242 ], [ 36.104590066403034, 65.302537337265676, 24.999984977783242 ], [ 36.125467335121357, 65.299614822142757, 24.999984977783242 ], [ 36.14101771840069, 65.298502972131246, 24.999984977783242 ], [ 36.156096773949685, 65.295393520500511, 24.999984977783242 ], [ 36.173975414407323, 65.294259310991038, 24.999984977783242 ], [ 36.193511601930368, 65.290070979812299, 24.999984977783242 ], [ 36.210054237904842, 65.289302764926106, 24.999984977783242 ], [ 36.228147587418789, 65.286974741553422, 24.999984977783242 ], [ 36.244969668245176, 65.286102654659771, 24.999984977783242 ], [ 36.265280496387277, 65.282613135597785, 24.999984977783242 ], [ 36.282161807350349, 65.28128963871859, 24.999984977783242 ], [ 36.298668279414414, 65.27867832496122, 24.999984977783242 ], [ 36.31688559698523, 65.277055945291067, 24.999984977783242 ], [ 36.340721170316101, 65.271093760529766, 24.999984977783242 ], [ 36.353105434056488, 65.269721416858374, 24.999984977783242 ], [ 36.367110774561297, 65.266540266311495, 24.999984977783242 ], [ 36.412501675469684, 65.257196910664788, 24.999984977783242 ], [ 36.425665499074967, 65.256868803771795, 24.999984977783242 ], [ 36.474838556649047, 65.25602418363269, 24.999984977783242 ], [ 36.48855879198527, 65.255646620600601, 24.999984977783242 ], [ 36.4937584859872, 65.256029866723111, 24.999984977783242 ], [ 36.541372534498805, 65.2562540492072, 24.999984977783242 ], [ 36.574791108403588, 65.25694711554388, 24.999984977783242 ], [ 36.574791108432692, 65.25694711554388, 24.999984977783242 ], [ 36.583489473283407, 65.257490322808735, 24.999984977783242 ], [ 36.594998880187632, 65.257934189910884, 24.999984977783242 ], [ 36.646105723411893, 65.261883498678799, 24.999984977783242 ], [ 36.713548200437799, 65.264754740026547, 24.999984977783242 ], [ 36.713548200510559, 65.264754740026547, 24.999984977783242 ], [ 36.720988805464003, 65.265204608964268, 24.999984977783242 ], [ 36.7338734150253, 65.266539268108318, 24.999984977783242 ], [ 36.801984221907333, 65.275014699000167, 24.999984977783242 ], [ 36.826274452803773, 65.27822333452059, 24.999984977783242 ], [ 36.826274452832877, 65.27822333452059, 24.999984977783242 ], [ 36.893637308909092, 65.284231869431096, 24.999984977783242 ], [ 36.935426577780163, 65.286168096019537, 24.999984977783242 ], [ 36.962083495905972, 65.288554579863558, 24.999984977783242 ], [ 36.987898109073285, 65.288634442797047, 24.999984977783242 ], [ 37.000036376426578, 65.293337716677343, 24.999984977783242 ], [ 37.028751003323123, 65.292253548919689, 24.999984977783242 ], [ 37.056768731315969, 65.295948576240335, 24.999984977783242 ], [ 37.098450698642409, 65.294425301675801, 24.999984977783242 ], [ 37.108883515524212, 65.296054577891482, 24.999984977783242 ], [ 37.126130151737016, 65.295102370786481, 24.999984977783242 ], [ 37.160028922589845, 65.298724060296081, 24.999984977783242 ], [ 37.222809704544488, 65.296386274683755, 24.999984977783242 ], [ 37.225788509851554, 65.296578660330852, 24.999984977783242 ], [ 37.230055662148516, 65.296365090325708, 24.999984977783242 ], [ 37.26346447521064, 65.299004634842277, 24.999984977783242 ], [ 37.318913197130314, 65.297698238689918, 24.999984977783242 ], [ 37.336265819394612, 65.293529518865398, 24.999984977783242 ], [ 37.36683990835445, 65.292509213206358, 24.999984977783242 ], [ 37.434359432401834, 65.292197283968562, 24.999984977783242 ], [ 37.462767213102779, 65.290322991480934, 24.999984977783242 ], [ 37.462767213131883, 65.290322991480934, 24.999984977783242 ], [ 37.540436265349854, 65.285933915511123, 24.999984977783242 ], [ 37.541843689468806, 65.285751360017457, 24.999984977783242 ], [ 37.54184368949791, 65.285751360017457, 24.999984977783242 ], [ 37.546667157497723, 65.285304386139615, 24.999984977783242 ], [ 37.546667157526826, 65.285304386139615, 24.999984977783242 ], [ 37.64021713504917, 65.27655296503508, 24.999984977783242 ], [ 37.675130034243921, 65.272213028365513, 24.999984977783242 ], [ 37.739086043831776, 65.263396005510003, 24.999984977783242 ], [ 37.804783174287877, 65.254286631781724, 24.999984977783242 ], [ 37.804783174346085, 65.254286631781724, 24.999984977783242 ], [ 37.836782319718623, 65.248863234475721, 24.999984977783242 ], [ 37.926158946400392, 65.235371038346784, 24.999984977783242 ], [ 37.926158946589567, 65.23537103831768, 24.999984977783242 ], [ 37.932870673233992, 65.234349207414198, 24.999984977783242 ], [ 37.935435578387114, 65.233907309841015, 24.999984977783242 ], [ 38.026767492934596, 65.217078659290564, 24.999984977783242 ], [ 38.069570665422361, 65.209392186996411, 24.999984977783242 ], [ 38.117126603101497, 65.200187959242612, 24.999984977783242 ], [ 38.136648479514406, 65.196111685203505, 24.999984977783242 ], [ 38.182602342523751, 65.190087959257653, 24.999984977783242 ], [ 38.18260234259651, 65.190087959228549, 24.999984977783242 ], [ 38.199676736301626, 65.187953091255622, 24.999984977783242 ], [ 38.209768992688623, 65.186675190925598, 24.999984977783242 ], [ 38.265551347431028, 65.179564306556131, 24.999984977783242 ], [ 38.310541591970832, 65.172472173318965, 24.999984977783242 ], [ 38.336717623329605, 65.168297542244545, 24.999984977783242 ], [ 38.391072905869805, 65.16100238879153, 24.999984977783242 ], [ 38.391072905913461, 65.161002388762427, 24.999984977783242 ], [ 38.407261205647956, 65.159130554093281, 24.999984977783242 ], [ 38.418014972266974, 65.157850033778232, 24.999984977783242 ], [ 38.468732029214152, 65.153320297060418, 24.999984977783242 ], [ 38.519048410627875, 65.146009601812693, 24.999984977783242 ], [ 38.524144282215275, 65.145559402939398, 24.999984977783242 ], [ 38.529812556051183, 65.144970154331531, 24.999984977783242 ], [ 38.535768016401562, 65.144455024565104, 24.999984977783242 ], [ 38.588257389419596, 65.141793908609543, 24.999984977783242 ], [ 38.622881563729607, 65.13760094497411, 24.999984977783242 ], [ 38.648607444294612, 65.136297113887849, 24.999984977783242 ], [ 38.667909209194477, 65.134476640014327, 24.999984977783242 ], [ 38.699846104107564, 65.132773610574077, 24.999984977783242 ], [ 38.722918266779743, 65.130576772542554, 24.999984977783242 ], [ 38.761383260265575, 65.130762334927567, 24.999984977783242 ], [ 38.802100826083915, 65.128718082094565, 24.999984977783242 ], [ 38.809503167780349, 65.128858923082589, 24.999984977783242 ], [ 38.814696589455707, 65.128740492757061, 24.999984977783242 ], [ 38.861032868619077, 65.134191140081384, 24.999984977783242 ], [ 38.898227106081322, 65.134998810710385, 24.999984977783242 ], [ 38.918446132505778, 65.136501137880259, 24.999984977783242 ], [ 38.96124104502087, 65.139635556843132, 24.999984977783242 ], [ 38.979548510513268, 65.141223237878876, 24.999984977783242 ], [ 38.989144833176397, 65.141985101945465, 24.999984977783242 ], [ 39.045232194373966, 65.150139744888293, 24.999984977783242 ], [ 39.082820720868767, 65.157269244300551, 24.999984977783242 ], [ 39.109878127026604, 65.163604313522228, 24.999984977783242 ], [ 39.163687052205205, 65.178747793586808, 24.999984977783242 ], [ 39.167783480035723, 65.179827483691042, 24.999984977783242 ], [ 39.169692559182295, 65.180355401913403, 24.999984977783242 ], [ 39.226055226521567, 65.199598745064577, 24.999984977783242 ], [ 39.251391964731738, 65.209330083642271, 24.999984977783242 ], [ 39.287570781772956, 65.226441262711887, 24.999984977783242 ], [ 39.325425218848977, 65.24355370370904, 24.999984977783242 ], [ 39.351336419567815, 65.258752320660278, 24.999984977783242 ], [ 39.391109022268211, 65.286621315448429, 24.999984977783242 ], [ 39.423436406214023, 65.314709113517893, 24.999984977783242 ], [ 39.453098037498421, 65.338903905154439, 24.999984977783242 ], [ 39.477158810870606, 65.369310867477907, 24.999984977783242 ], [ 39.516402245935751, 65.4277969677496, 24.999984977783242 ], [ 39.517642286649789, 65.430475683591794, 24.999984977783242 ], [ 39.518236971358419, 65.431505483007641, 24.999984977783242 ], [ 39.543740817985963, 65.470798568523605, 24.999984977783242 ], [ 39.560006613523001, 65.484422873138101, 24.999984977783242 ], [ 39.576180293734069, 65.509035185939865, 24.999984977783242 ], [ 39.594655272245291, 65.530307488894323, 24.999984977783242 ], [ 39.606656125295558, 65.554217270444497, 24.999984977783242 ], [ 39.633446014209767, 65.588036982255289, 24.999984977783242 ], [ 39.646095387070091, 65.601603807779611, 24.999984977783242 ], [ 39.681097864537151, 65.644901002320694, 24.999984977783242 ], [ 39.686449760964024, 65.662205160508165, 24.999984977783242 ], [ 39.701564876813791, 65.710140228475211, 24.999984977783242 ], [ 39.706045544124208, 65.759056560054887, 24.999984977783242 ], [ 39.706405977878603, 65.766465718377731, 24.999984977783242 ], [ 39.702622964046896, 65.771103610124555, 24.999984977783242 ], [ 39.67819313306245, 65.812770998774795, 24.999984977783242 ], [ 39.647196305362741, 65.839086562613375, 24.999984977783242 ], [ 39.621158233014285, 65.856506197174895, 24.999984977783242 ], [ 39.601788247324293, 65.864424536077422, 24.999984977783242 ], [ 39.555551271609147, 65.880545058273128, 24.999984977783242 ], [ 39.531996128804167, 65.890277460232028, 24.999984977783242 ], [ 39.522665647411486, 65.893386708135949, 24.999984977783242 ], [ 39.459362832989427, 65.902695602155291, 24.999984977783242 ], [ 39.424624025632511, 65.913069548783824, 24.999984977783242 ], [ 39.400038810621481, 65.912734416400781, 24.999984977783242 ], [ 39.355822787503712, 65.922042957667145, 24.999984977783242 ], [ 39.342998674939736, 65.923702556290664, 24.999984977783242 ], [ 39.337639701450826, 65.924961614349741, 24.999984977783242 ], [ 39.27711738848302, 65.928296171085094, 24.999984977783242 ], [ 39.245370828240993, 65.934735189352068, 24.999984977783242 ], [ 39.216107694504899, 65.93441101226199, 24.999984977783242 ], [ 39.177207920438377, 65.940851470426423, 24.999984977783242 ], [ 39.177207920467481, 65.94085147039732, 24.999984977783242 ], [ 39.158675560422125, 65.942088800191414, 24.999984977783242 ], [ 39.150906302413205, 65.943686874961713, 24.999984977783242 ], [ 39.088783935687388, 65.944671096338425, 24.999984977783242 ], [ 39.048965131718433, 65.951200565847103, 24.999984977783242 ], [ 39.032058993630926, 65.950404451330542, 24.999984977783242 ], [ 39.004315173253417, 65.954320548757096, 24.999984977783242 ], [ 38.963501716614701, 65.955552746512694, 24.999984977783242 ], [ 38.945725732090068, 65.958378744107904, 24.999984977783242 ], [ 38.900147619278869, 65.956255470853648, 24.999984977783242 ], [ 38.845367028727196, 65.96519534298568, 24.999984977783242 ], [ 38.84298813258647, 65.964380245786742, 24.999984977783242 ], [ 38.84298813258647, 65.964380245815846, 24.999984977783242 ], [ 38.828567459102487, 65.966568184710923, 24.999984977783242 ], [ 38.828567459102487, 65.966568184710923, 24.999984977783242 ], [ 38.771150041269721, 65.967070565544418, 24.999984977783242 ], [ 38.740319751683273, 65.969405144132907, 24.999984977783242 ], [ 38.722905924703809, 65.964109186432324, 24.999984977783242 ], [ 38.681200467937742, 65.970675372183905, 24.999984977783242 ], [ 38.653563127532834, 65.970572715261369, 24.999984977783242 ], [ 38.65356312750373, 65.970572715290473, 24.999984977783242 ], [ 38.632288692417205, 65.971998321430874, 24.999984977783242 ], [ 38.600957489776192, 65.96422106679529, 24.999984977783242 ], [ 38.544414199015591, 65.974879309054813, 24.999984977783242 ], [ 38.532944421152934, 65.974901632303954, 24.999984977783242 ], [ 38.523483616954763, 65.975588752116892, 24.999984977783242 ], [ 38.480786656058626, 65.964895560464356, 24.999984977783242 ], [ 38.413320762381773, 65.979822044726461, 24.999984977783242 ], [ 38.41311317832151, 65.979822636945755, 24.999984977783242 ], [ 38.412922685442027, 65.979835075937444, 24.999984977783242 ], [ 38.412922685412923, 65.979835075937444, 24.999984977783242 ], [ 38.361565968632931, 65.968715460025123, 24.999984977783242 ], [ 38.294566146752913, 65.982446616952075, 24.999984977783242 ], [ 38.293997079366818, 65.982335280656116, 24.999984977783242 ], [ 38.293613878151518, 65.982506319938693, 24.999984977783242 ], [ 38.241952482814668, 65.973658021510346, 24.999984977783242 ], [ 38.181966443560668, 65.984587687431485, 24.999984977783242 ], [ 38.175615928863408, 65.984336469555274, 24.999984977783242 ], [ 38.167925232526613, 65.984685067727696, 24.999984977783242 ], [ 38.122479068071698, 65.977247532544425, 24.999984977783242 ], [ 38.07290713765542, 65.986536912503652, 24.999984977783242 ], [ 38.057898672559531, 65.986472749878885, 24.999984977783242 ], [ 38.040238335161121, 65.987545318726916, 24.999984977783242 ], [ 38.003168301060214, 65.982075773004908, 24.999984977783242 ], [ 38.00316830103111, 65.982075773004908, 24.999984977783242 ], [ 37.960739456422743, 65.98993919492932, 24.999984977783242 ], [ 37.939323928600061, 65.990020855708281, 24.999984977783242 ], [ 37.913462635988253, 65.99138107339968, 24.999984977783242 ], [ 37.882641183707165, 65.987323283930891, 24.999984977783242 ], [ 37.849070000025677, 65.992889999994077, 24.999984977783242 ], [ 37.81962817213207, 65.992753575992538, 24.999984977783242 ] ] ] ] } },
{ "type": "Feature", "properties": { "gid": 10, "objectid": 10.0, "shape_leng": 26.5414240912, "shape_area": 1.4103922577200001, "z_mean": 12.926328095400001 }, "geometry": { "type": "MultiPolygon", "coordinates": [ [ [ [ 39.75635048832919, 65.433454355501453, -0.000015022216758 ], [ 39.765256473372574, 65.378674025792861, -0.000015022216758 ], [ 39.770430224511074, 65.325901764124865, -0.000015022216758 ], [ 39.781137799029239, 65.279502274526749, -0.000015022216758 ], [ 39.797826311711106, 65.237630502611864, -0.000015022216758 ], [ 39.823126630304614, 65.230146982867154, -0.000015022216758 ], [ 39.860129083186621, 65.192929834098322, -0.000015022216758 ], [ 39.868684540924733, 65.189084129931871, -0.000015022216758 ], [ 39.886444680669229, 65.145680269488366, -0.000015022216758 ], [ 39.867760622597416, 65.098137987588416, -0.000015022216758 ], [ 39.857471852534218, 65.079528471556841, -0.000015022216758 ], [ 39.830587019954692, 65.03970575434505, -0.000015022216758 ], [ 39.804904327291297, 65.011990223036264, -0.000015022216758 ], [ 39.78004261017486, 64.986944496908109, -0.000015022216758 ], [ 39.742230650110287, 64.961801018886035, -0.000015022216758 ], [ 39.715502095365082, 64.939979423928889, -0.000015022216758 ], [ 39.673831725216587, 64.918376528919907, -0.000015022216758 ], [ 39.639278919130447, 64.90168645925587, -0.000015022216758 ], [ 39.597320165616111, 64.884181427129079, -0.000015022216758 ], [ 39.563565015734639, 64.871479455134249, -0.000015022216758 ], [ 39.519612240983406, 64.857697686209576, -0.000015022216758 ], [ 39.49444364856754, 64.850368075203733, -0.000015022216758 ], [ 39.476705393957673, 64.846596883900929, -0.000015022216758 ], [ 39.403259803249966, 64.832173568793223, -0.000015022216758 ], [ 39.400310744851595, 64.831758780157543, -0.000015022216758 ], [ 39.325015552763944, 64.823983594789752, -0.000015022216758 ], [ 39.29018611520587, 64.822988074229215, -0.000015022216758 ], [ 39.239651082738419, 64.818941552133765, -0.000015022216758 ], [ 39.213107549760025, 64.819358381180791, -0.000015022216758 ], [ 39.177840916760033, 64.820627751163556, -0.000015022216758 ], [ 39.154396223355434, 64.819133128243266, -0.000015022216758 ], [ 39.119381424898165, 64.821698020736221, -0.000015022216758 ], [ 39.070746682729805, 64.824386002539541, -0.000015022216758 ], [ 39.068538991865353, 64.824566027949913, -0.000015022216758 ], [ 39.066753161809174, 64.824577256062184, -0.000015022216758 ], [ 39.013320092271897, 64.831162556976778, -0.000015022216758 ], [ 38.970648953283671, 64.834244031240814, -0.000015022216758 ], [ 38.960340629535494, 64.836363779424573, -0.000015022216758 ], [ 38.952011934045004, 64.836516688214033, -0.000015022216758 ], [ 38.912709326366894, 64.841198638299829, -0.000015022216758 ], [ 38.907555184530793, 64.841812628961634, -0.000015022216758 ], [ 38.871929828586872, 64.844516075856518, -0.000015022216758 ], [ 38.853966902563116, 64.848686666446156, -0.000015022216758 ], [ 38.839288547620527, 64.848830919232569, -0.000015022216758 ], [ 38.799103149300208, 64.854320616592304, -0.000015022216758 ], [ 38.766230265318882, 64.856586874448112, -0.000015022216758 ], [ 38.746788939111866, 64.862949152840883, -0.000015022216758 ], [ 38.729682638891973, 64.861637302354211, -0.000015022216758 ], [ 38.694412200828083, 64.866688393289223, -0.000015022216758 ], [ 38.664781787781976, 64.868078268133104, -0.000015022216758 ], [ 38.623503548005829, 64.87558470760996, -0.000015022216758 ], [ 38.594020058721071, 64.882193503479357, -0.000015022216758 ], [ 38.563208694104105, 64.881554281324497, -0.000015022216758 ], [ 38.521444429221447, 64.89266731722455, -0.000015022216758 ], [ 38.499498520715861, 64.904801334370859, -0.000015022216758 ], [ 38.461723434811574, 64.903183186019305, -0.000015022216758 ], [ 38.419042503839592, 64.895100446534343, -0.000015022216758 ], [ 38.416981781600043, 64.895372092549223, -0.000015022216758 ], [ 38.335179559639073, 64.912771030125441, -0.000015022216758 ], [ 38.31717091864266, 64.907687315993826, -0.000015022216758 ], [ 38.300581423696713, 64.910995789279696, -0.000015022216758 ], [ 38.240311338420724, 64.928494401407079, -0.000015022216758 ], [ 38.200060944684083, 64.922791474644328, -0.000015022216758 ], [ 38.199010195297888, 64.923244502278976, -0.000015022216758 ], [ 38.196254151713219, 64.922868668611045, -0.000015022216758 ], [ 38.183415212581167, 64.925041660710122, -0.000015022216758 ], [ 38.10949133336544, 64.93952455528779, -0.000015022216758 ], [ 38.087099800104625, 64.943863740045344, -0.000015022216758 ], [ 38.019360254242201, 64.955016701438581, -0.000015022216758 ], [ 38.017234538085177, 64.955482949662837, -0.000015022216758 ], [ 37.948674947372638, 64.973744133894797, -0.000015022216758 ], [ 37.921895130290068, 64.981031122282729, -0.000015022216758 ], [ 37.920829233145923, 64.98137684717949, -0.000015022216758 ], [ 37.861274231647258, 64.997965814603958, -0.000015022216758 ], [ 37.837223576949327, 65.009503201014013, -0.000015022216758 ], [ 37.81183645236888, 65.021993901595124, -0.000015022216758 ], [ 37.779524138182751, 65.020738748760778, -0.000015022216758 ], [ 37.765448021818884, 65.034714914989308, -0.000015022216758 ], [ 37.765197892018477, 65.038007019742508, -0.000015022216758 ], [ 37.684063954555313, 65.062153877472156, -0.000015022216758 ], [ 37.64652648527408, 65.07189912640024, -0.000015022216758 ], [ 37.55502951949893, 65.09542207873892, -0.000015022216758 ], [ 37.52812499999709, 65.108251953017316, 16.982384977783113 ], [ 37.505433111902676, 65.113292687601643, 16.636384977783109 ], [ 37.502814621548168, 65.113874354283325, 16.513284977783087 ], [ 37.458246526482981, 65.123774629551917, 8.470784977783296 ], [ 37.413478860544274, 65.133719237099285, 16.109084977783141 ], [ 37.405690679763211, 65.135449289373355, 16.270884977783226 ], [ 37.319034580868902, 65.154698916943744, 16.809584977783288 ], [ 37.312645402431372, 65.156118197381147, 16.731384977783136 ], [ 37.269015491692699, 65.165810066086124, 9.262584977783263 ], [ 37.222025421768194, 65.176248354429845, 18.008784977783307 ], [ 37.2199703859078, 65.176704856348806, 18.057684977783083 ], [ 37.173965466092341, 65.186924305235152, 10.690984977783273 ], [ 37.140820313012227, 65.194287108999561, 17.381984977783304 ], [ 37.1286399315577, 65.194503678416368, 18.91548497778308 ], [ 37.12612819505739, 65.194548337545712, 18.919584977783188 ], [ 37.124125406029634, 65.194583947479259, 18.911684977783125 ], [ 37.068978294686531, 65.195564473193372, 9.066584977783123 ], [ 37.050195311981952, 65.195898437872529, 12.151984977783286 ], [ 37.023193834902486, 65.199498502945062, 17.95238497778314 ], [ 37.02301187159901, 65.199522763825371, 17.953084977783192 ], [ 37.022699654917233, 65.199564391194144, 17.9588849777831 ], [ 36.970631212607259, 65.206506596456165, 13.516784977783118 ], [ 36.965225185907912, 65.207227373655769, 14.999984977783242 ], [ 36.946705827722326, 65.206968977116048, 19.075084977783263 ], [ 36.938561438742909, 65.206855340264156, 19.063884977783118 ], [ 36.925155408360297, 65.206668288868968, 19.148184977783103 ], [ 36.910499608144164, 65.206463799695484, 19.375684977783294 ], [ 36.87745611720311, 65.206002751132473, 14.999984977783242 ], [ 36.864154845301528, 65.205709929054137, 13.196584977783232 ], [ 36.797739621935762, 65.204247824993217, 14.999984977783242 ], [ 36.789192589436425, 65.193293448028271, 15.924484977783095 ], [ 36.762625719129574, 65.159243792484631, 14.755684977783176 ], [ 36.752212639548816, 65.145897780355881, 14.999984977783242 ], [ 36.708264129862073, 65.131749069332727, 14.999984977783242 ], [ 36.686760054144543, 65.12072034816083, 14.999984977783242 ], [ 36.660866473801434, 65.109570811502635, 14.999984977783242 ], [ 36.641381089197239, 65.104469209953095, 14.999984977783242 ], [ 36.624246047242195, 65.095959452315583, 14.999984977783242 ], [ 36.58777397769154, 65.082869737336296, 14.999984977783242 ], [ 36.56957646466617, 65.07757309396402, 14.999984977783242 ], [ 36.52582123830507, 65.061316792518483, 14.999984977783242 ], [ 36.499277427385096, 65.05606030668423, 14.999984977783242 ], [ 36.463034540123772, 65.042495061468799, 14.999984977783242 ], [ 36.451991584981442, 65.037981540823239, 14.999984977783242 ], [ 36.44515676330775, 65.037138311323361, 14.999984977783242 ], [ 36.434210263716523, 65.034568558738101, 14.999984977783242 ], [ 36.371747047960525, 65.010389657370979, 14.999984977783242 ], [ 36.367607813619543, 65.010283207418979, 14.999984977783242 ], [ 36.315468838380184, 65.008833904925268, 14.999984977783242 ], [ 36.282351149362512, 65.016078341228422, 14.999984977783242 ], [ 36.278755177001585, 65.016069026751211, 14.999984977783242 ], [ 36.274991024285555, 65.01794932204939, 14.999984977783242 ], [ 36.274448255353491, 65.043278993936838, 15.660884977783098 ], [ 36.273957174504176, 65.066196511485032, 16.245884977783135 ], [ 36.27374143023917, 65.076264758754405, 16.480484977783135 ], [ 36.273607986076968, 65.082492264613393, 16.227484977783206 ], [ 36.273499462855398, 65.087556772254175, 14.999984977783242 ], [ 36.2831321991398, 65.123454262284213, 14.999984977783242 ], [ 36.281106587004615, 65.129925202782033, 16.535384977783224 ], [ 36.277351139084203, 65.14192220827681, 16.860084977783117 ], [ 36.274075045541395, 65.152387887123041, 14.999984977783242 ], [ 36.270279841002775, 65.157689925152226, 14.999984977783242 ], [ 36.260097442442202, 65.161802612929023, 14.999984977783242 ], [ 36.247858615723089, 65.172498936561169, 14.999984977783242 ], [ 36.231424804369453, 65.183883247635094, 14.999984977783242 ], [ 36.220358882361325, 65.183889917316264, 18.317884977783251 ], [ 36.20287555406685, 65.183900454911054, 17.835184977783229 ], [ 36.18998079506855, 65.183908226870699, 17.843984977783293 ], [ 36.183775805591722, 65.183911966742016, 14.999984977783242 ], [ 36.172750859172083, 65.183778105143574, 17.706084977783121 ], [ 36.153190939279739, 65.183540614438243, 17.354284977783209 ], [ 36.142092579233577, 65.183405861462234, 17.469884977783295 ], [ 36.132376829831628, 65.183287895735702, 14.999984977783242 ], [ 36.12812269400456, 65.184448733343743, 17.425284977783122 ], [ 36.094818569777999, 65.193536520178895, 18.00168497778327 ], [ 36.090304264231236, 65.194768351007951, 18.071384977783282 ], [ 36.060696087763063, 65.202847614535131, 18.358384977783089 ], [ 36.053010347357485, 65.204944843382691, 18.747084977783288 ], [ 36.035900693008443, 65.209613601255114, 19.058684977783287 ], [ 36.026548951253062, 65.212165436401847, 19.23038497778316 ], [ 36.017526436844491, 65.214627434441354, 19.258684977783105 ], [ 36.012018793000607, 65.21613032015739, 14.999984977783242 ], [ 35.978384410860599, 65.205801778705791, 14.999984977783242 ], [ 35.971632625441998, 65.201974187890301, 14.999984977783242 ], [ 35.949065366279683, 65.201070483977674, 14.999984977783242 ], [ 35.942740116966888, 65.203575310326414, 14.999984977783242 ], [ 35.935841291007819, 65.205262154049706, 14.999984977783242 ], [ 35.930619105478399, 65.201676929631503, 14.999984977783242 ], [ 35.916384826268768, 65.197443996046786, 14.999984977783242 ], [ 35.887467323846067, 65.196697870065691, 17.256884977783102 ], [ 35.886322168691549, 65.196668322911137, 17.307084977783234 ], [ 35.86721335380571, 65.196175279517774, 16.498384977783189 ], [ 35.840870725325658, 65.195495590131031, 16.719784977783092 ], [ 35.835545651047141, 65.19535819318844, 14.999984977783242 ], [ 35.829074905457674, 65.195975324197207, 16.303084977783101 ], [ 35.801946351231891, 65.19856264142436, 14.999984977783242 ], [ 35.789291426102864, 65.200041609001346, 16.238584977783148 ], [ 35.785851806795108, 65.200443593625096, 14.999984977783242 ], [ 35.775548631034326, 65.200936659224681, 16.971584977783095 ], [ 35.757866573359934, 65.20178284632857, 16.741484977783102 ], [ 35.742946425685659, 65.20249686029274, 17.038484977783128 ], [ 35.73657239372551, 65.202801894018194, 14.999984977783242 ], [ 35.72868161930819, 65.201655235432554, 16.983084977783165 ], [ 35.712038941070205, 65.199236782107619, 16.560684977783239 ], [ 35.698699264117749, 65.197298308892641, 16.584784977783102 ], [ 35.690940058397246, 65.196170769399032, 13.649684977783181 ], [ 35.682016761304112, 65.194874068372883, 16.117684977783256 ], [ 35.648264061237569, 65.189969249040587, 16.015584977783192 ], [ 35.644380716315936, 65.189404935517814, 14.999984977783242 ], [ 35.642849841009593, 65.187960144219687, 14.999984977783242 ], [ 35.633664535052958, 65.181529337729444, 14.999984977783242 ], [ 35.607647407014156, 65.176654171751579, 14.999984977783242 ], [ 35.606151794243488, 65.176734670822043, 14.999984977783242 ], [ 35.59977045620326, 65.174876044460689, 14.999984977783242 ], [ 35.580894480634015, 65.172060228156624, 14.999984977783242 ], [ 35.572307334849029, 65.170020035933703, 14.999984977783242 ], [ 35.563431423390284, 65.168122308110469, 14.999984977783242 ], [ 35.533882808478666, 65.161562704844982, 14.999984977783242 ], [ 35.529050001176074, 65.161144452897133, 14.999984977783242 ], [ 35.495697292586556, 65.147857818956254, 15.242084977783179 ], [ 35.494872462615604, 65.147529233523528, 14.999984977783242 ], [ 35.493626260853489, 65.147306552433292, 15.302584977783226 ], [ 35.473868989385664, 65.143776168071781, 14.999984977783242 ], [ 35.454048553583561, 65.140155959044932, 14.999984977783242 ], [ 35.448292032684549, 65.14095703336352, 14.999984977783242 ], [ 35.441003413128783, 65.134529876930173, 14.999984977783242 ], [ 35.428876536650932, 65.131375580807799, 14.999984977783242 ], [ 35.417405313593918, 65.127180775016313, 14.999984977783242 ], [ 35.391125398731674, 65.117126008990454, 14.999984977783242 ], [ 35.371842837295844, 65.116096866171574, 14.999984977783242 ], [ 35.343301116619841, 65.117599843855714, 14.999984977783242 ], [ 35.324477456146269, 65.123404282334377, 14.999984977783242 ], [ 35.30617911615991, 65.142915529228048, 14.999984977783242 ], [ 35.299270703806542, 65.148404859821312, 14.999984977783242 ], [ 35.297437864850508, 65.149215911791543, 14.999984977783242 ], [ 35.289459838735638, 65.150586327217752, 14.999984977783242 ], [ 35.263608089080662, 65.150587786076358, 14.999984977783242 ], [ 35.242522927219397, 65.160684010377736, 14.999984977783242 ], [ 35.226216715644114, 65.16670428958605, 14.999984977783242 ], [ 35.200662803748855, 65.177349449673784, 14.999984977783242 ], [ 35.157243467154331, 65.174798657841166, 14.999984977783242 ], [ 35.115644868419622, 65.2022527505178, 14.999984977783242 ], [ 35.112364648273797, 65.204298795128125, 14.999984977783242 ], [ 35.110062377192662, 65.205928622730426, 14.999984977783242 ], [ 35.105595808927319, 65.208165323041612, 14.999984977783242 ], [ 35.080963783198968, 65.220805237288005, 14.999984977783242 ], [ 35.063382882523001, 65.230461079379893, 14.999984977783242 ], [ 35.04139509081142, 65.247014669555938, 14.999984977783242 ], [ 35.021141652672668, 65.262648971547605, 14.999984977783242 ], [ 35.008534810389392, 65.279007261007791, 14.999984977783242 ], [ 34.994329873617971, 65.297285837470554, 14.999984977783242 ], [ 34.980109980751877, 65.317553261149442, 14.999984977783242 ], [ 34.958927833373309, 65.354797929248889, 14.999984977783242 ], [ 34.9682534859312, 65.382783909590216, 14.999984977783242 ], [ 34.957931691373233, 65.424933505055378, 14.999984977783242 ], [ 34.953055464327917, 65.434363137523178, 14.999984977783242 ], [ 34.968944760534214, 65.484639260379481, 14.999984977783242 ], [ 34.972518637441681, 65.50162582664052, 14.999984977783242 ], [ 34.986145940274582, 65.524820736070978, 14.999984977783242 ], [ 34.991688402340515, 65.539706676150672, 14.999984977783242 ], [ 34.993771380759426, 65.572811776713934, 14.999984977783242 ], [ 35.010907784424489, 65.597027398718637, 14.999984977783242 ], [ 35.03633237851318, 65.615165239112685, 14.999984977783242 ], [ 35.045349931489909, 65.622775618277956, 14.999984977783242 ], [ 35.105622046539793, 65.64570548888878, 14.999984977783242 ], [ 35.091846183058806, 65.681433014964568, 14.999984977783242 ], [ 35.090016693866346, 65.717112811878906, 14.999984977783242 ], [ 35.069219556171447, 65.761251439689659, 14.999984977783242 ], [ 35.06633670872543, 65.763490377372364, 14.999984977783242 ], [ 35.067497002499294, 65.76588089071447, 14.999984977783242 ], [ 35.06159029333503, 65.815945346403169, 14.999984977783242 ], [ 35.022002228302881, 65.845835366548272, 14.999984977783242 ], [ 35.019000878921361, 65.851530915009789, 14.999984977783242 ], [ 35.014937154934159, 65.857612669613445, 14.999984977783242 ], [ 34.986107851596898, 65.889502212419757, 14.999984977783242 ], [ 34.970623933884781, 65.910712850833079, 14.999984977783242 ], [ 34.952202264437801, 65.928234345614328, 14.999984977783242 ], [ 34.942052058482659, 65.946102052068454, 14.999984977783242 ], [ 34.927896297376719, 65.967112977130455, 14.999984977783242 ], [ 34.918072138985735, 65.982015394416521, 14.999984977783242 ], [ 34.911292722696089, 66.008537071858882, 14.999984977783242 ], [ 34.901426426178659, 66.044058669387596, 14.999984977783242 ], [ 34.90112686662178, 66.063809844257776, 14.999984977783242 ], [ 34.89811937828199, 66.121284878070583, 14.999984977783242 ], [ 34.899289723340189, 66.125668308755849, 14.999984977783242 ], [ 34.903360681215418, 66.149914265464759, 14.999984977783242 ], [ 34.908967121082242, 66.184032157631009, 14.999984977783242 ], [ 34.909171716630226, 66.188641172819189, 14.999984977783242 ], [ 34.911611208401155, 66.191731356928358, 14.999984977783242 ], [ 34.937531253934139, 66.223497238766868, 14.999984977783242 ], [ 34.950174899175181, 66.234420019056415, 14.999984977783242 ], [ 34.971161796740489, 66.252552296791691, 14.999984977783242 ], [ 35.034138951974455, 66.276783084264025, 14.999984977783242 ], [ 35.039105238160118, 66.278752519880072, 14.999984977783242 ], [ 35.129143912199652, 66.302909340229235, 14.999984977783242 ], [ 35.13010868463607, 66.303168321042904, 14.999984977783242 ], [ 35.130172318356927, 66.303175578010269, 14.999984977783242 ], [ 35.130409148187027, 66.303200759619358, 14.999984977783242 ], [ 35.232144365829299, 66.313658800849225, 14.999984977783242 ], [ 35.257132959057344, 66.318535874524969, 14.999984977783242 ], [ 35.333466373558622, 66.328122342310962, 14.999984977783242 ], [ 35.394621643790742, 66.332254644934437, 14.999984977783242 ], [ 35.435513086733408, 66.324609408198739, 15.260484977783108 ], [ 35.437220111300121, 66.324290255681262, 14.999984977783242 ], [ 35.439872671762714, 66.323950372825493, 15.284084977783095 ], [ 35.487064227549126, 66.317903535935329, 15.470784977783296 ], [ 35.543894647795241, 66.310621633994742, 15.833284977783251 ], [ 35.549523970083101, 66.309900327119976, 14.999984977783242 ], [ 35.558027095452417, 66.309278196218656, 15.87948497778325 ], [ 35.602378874158603, 66.306033199667581, 15.942384977783149 ], [ 35.654400724946754, 66.302227022519219, 16.202884977783242 ], [ 35.665604535286548, 66.30140729607956, 14.999984977783242 ], [ 35.681658116023755, 66.300032292521792, 16.246884977783111 ], [ 35.718661050632363, 66.29686295807187, 16.243684977783232 ], [ 35.767728948383592, 66.292660248727771, 16.373284977783214 ], [ 35.781005442302558, 66.291523105144734, 14.999984977783242 ], [ 35.798543972734478, 66.289496383382357, 16.410284977783249 ], [ 35.833713577769231, 66.285432245625998, 16.431084977783257 ], [ 35.884381149051478, 66.279577190085547, 16.561484977783266 ], [ 35.895143934336375, 66.278333461523289, 14.999984977783242 ], [ 35.909941842299304, 66.27676843352674, 16.59498497778327 ], [ 35.94628612237284, 66.272924659380806, 16.642684977783119 ], [ 35.99852313149313, 66.267400068842107, 16.746784977783136 ], [ 36.009222722408595, 66.266268479201244, 14.999984977783242 ], [ 36.025328789561172, 66.264639431465184, 16.757084977783279 ], [ 36.061584434413817, 66.260972355230479, 16.775884977783107 ], [ 36.111406070747762, 66.255933147127507, 16.877484977783297 ], [ 36.123438634007471, 66.254716113820905, 14.999984977783242 ], [ 36.144672184498631, 66.254315470258007, 16.831584977783223 ], [ 36.177480199810816, 66.253696434840094, 16.71088497778328 ], [ 36.214036884863162, 66.253006667917361, 16.695784977783205 ], [ 36.235789877580828, 66.252596223290311, 14.999984977783242 ], [ 36.268446423549904, 66.245794540620409, 16.841684977783189 ], [ 36.290828988378053, 66.241132715600543, 16.934484977783086 ], [ 36.333848133566789, 66.232172717966023, 17.23018497778321 ], [ 36.349393814889481, 66.228934874263359, 14.999984977783242 ], [ 36.371810818556696, 66.227209812641377, 17.34218497778329 ], [ 36.40246102992387, 66.224851178776589, 17.343984977783293 ], [ 36.448021853269893, 66.221345124664367, 17.435184977783138 ], [ 36.463799631150323, 66.220130973117193, 14.999984977783242 ], [ 36.489397558820201, 66.218356241137371, 17.43068497778313 ], [ 36.518578280229121, 66.216333110220148, 17.38968497778319 ], [ 36.566957682793145, 66.212978913958068, 17.478084977783283 ], [ 36.58131095142744, 66.211983786342898, 14.999984977783242 ], [ 36.605120053747669, 66.211506695093703, 17.420184977783265 ], [ 36.637521645548986, 66.210857425932772, 17.297284977783193 ], [ 36.685536446078913, 66.209895296371542, 17.346984977783222 ], [ 36.699410216562683, 66.209617291169707, 14.999984977783242 ], [ 36.725377402210142, 66.208310741538298, 17.319684977783254 ], [ 36.76033622250543, 66.206551774113905, 17.235684977783194 ], [ 36.807269375131, 66.204190313233994, 17.335684977783103 ], [ 36.815972731332295, 66.203752400280791, 14.999984977783242 ], [ 36.834313734361785, 66.202979553956538, 14.999984977783242 ], [ 36.846772315955604, 66.201861468172865, 17.3013849777833 ], [ 36.883180459655705, 66.198594047411461, 17.235984977783119 ], [ 36.92569820798235, 66.194778324890649, 17.372784977783112 ], [ 36.951135557566886, 66.192495469585992, 14.999984977783242 ], [ 36.967498009267729, 66.193238034451497, 17.298884977783246 ], [ 36.999648947603418, 66.19469711635611, 17.066284977783198 ], [ 37.015787271564477, 66.19542950981122, 17.014784977783165 ], [ 37.023248306271853, 66.194651900339522, 17.044584977783188 ], [ 37.029221362186945, 66.195691406799597, 16.988684977783123 ], [ 37.098123050818685, 66.207682546926662, 15.988084977783274 ], [ 37.107855705398833, 66.209376346101635, 14.999984977783242 ], [ 37.114165790655534, 66.208382391792838, 14.999984977783242 ], [ 37.197818626402295, 66.190189260261832, 14.999984977783242 ], [ 37.214338721052627, 66.189065129641676, 14.999984977783242 ], [ 37.299377537128748, 66.17322241544025, 14.999984977783242 ], [ 37.313404556654859, 66.167183269106317, 14.999984977783242 ], [ 37.396287271229085, 66.147914176137419, 14.999984977783242 ], [ 37.412703836816945, 66.143004480269155, 14.999984977783242 ], [ 37.490193636986078, 66.123485436008195, 14.999984977783242 ], [ 37.510442404920468, 66.117488232746837, 14.999984977783242 ], [ 37.5867256695783, 66.10090076670167, 14.999984977783242 ], [ 37.612471433501923, 66.095133694325341, 14.999984977783242 ], [ 37.648675285265199, 66.089525373434299, 7.838184977783158 ], [ 37.690333707942045, 66.083072087654728, 14.999984977783242 ], [ 37.762682070897426, 66.094700259898673, 14.999984977783242 ], [ 37.769245134608354, 66.089372010159423, 14.999984977783242 ], [ 37.785831249071634, 66.092492607480381, 14.999984977783242 ], [ 37.831391273139161, 66.068456394772511, 14.999984977783242 ], [ 37.866387338741333, 66.065465470237541, 8.237784977783122 ], [ 37.909350808375166, 66.061793614760973, 14.999984977783242 ], [ 37.943053970404435, 66.059380806866102, 14.999984977783242 ], [ 37.977475503037567, 66.057218969595851, 8.584984977783279 ], [ 38.020825695493841, 66.054496369659319, 14.999984977783242 ], [ 38.05532778869383, 66.053253821111866, 14.999984977783242 ], [ 38.088839676536736, 66.05090638884576, 8.665584977783283 ], [ 38.131990552617935, 66.047883767154417, 14.999984977783242 ], [ 38.166014017158886, 66.044422018851037, 14.999984977783242 ], [ 38.198984458358609, 66.041617327035055, 8.752784977783222 ], [ 38.240815756551456, 66.038058869977249, 14.999984977783242 ], [ 38.280608120461693, 66.036331232637167, 19.296984977783268 ], [ 38.310235329758143, 66.035044928750722, 17.8792849777833 ], [ 38.350327332227607, 66.033304282202153, 19.257184977783254 ], [ 38.38911999083939, 66.031620048379409, 14.999984977783242 ], [ 38.421892143218429, 66.031967538743629, 8.508684977783105 ], [ 38.468585773429368, 66.032462641611346, 14.999984977783242 ], [ 38.534449639540981, 66.03449470110354, 14.999984977783242 ], [ 38.61545542741078, 66.037082220282173, 14.999984977783242 ], [ 38.647450245960499, 66.037954648185405, 8.594084977783268 ], [ 38.705108877285966, 66.039526871449198, 14.999984977783242 ], [ 38.736780646577245, 66.040992082460434, 14.999984977783242 ], [ 38.757286598585779, 66.044562344497535, 7.859384977783293 ], [ 38.816033327559126, 66.054790653535747, 14.999984977783242 ], [ 38.839161692900234, 66.063921384557034, 14.999984977783242 ], [ 38.857657024898799, 66.065251928172074, 11.498184977783239 ], [ 38.910399487140239, 66.069046190677909, 14.999984977783242 ], [ 38.938683344182209, 66.068572459305869, 14.999984977783242 ], [ 38.972697278426494, 66.070770831327536, 9.17048497778319 ], [ 39.02742985515215, 66.074308280512923, 14.999984977783242 ], [ 39.047543964916258, 66.073843843594659, 14.999984977783242 ], [ 39.08447526130476, 66.076815307460492, 8.013784977783189 ], [ 39.142489881138317, 66.081483119400218, 14.999984977783242 ], [ 39.158235125854844, 66.083680094030569, 14.999984977783242 ], [ 39.192309754100279, 66.089296921287314, 8.208784977783125 ], [ 39.252089091794915, 66.099150886802818, 14.999984977783242 ], [ 39.261787041104981, 66.101979141109041, 14.999984977783242 ], [ 39.360821465874324, 66.118427668610821, 14.999984977783242 ], [ 39.36546804945101, 66.119113529261085, 14.999984977783242 ], [ 39.369772815378383, 66.120021037306287, 14.999984977783242 ], [ 39.452517375902971, 66.130280651719659, 9.675984977783173 ], [ 39.476163975894451, 66.133212626897148, 14.999984977783242 ], [ 39.485815500971512, 66.132881594981882, 14.999984977783242 ], [ 39.492888707725797, 66.134400473631104, 14.999984977783242 ], [ 39.560367530793883, 66.135472455716808, 11.192184977783199 ], [ 39.585233166042599, 66.135867476157728, 14.999984977783242 ], [ 39.613682869065087, 66.13403285163804, 14.999984977783242 ], [ 39.628633434753283, 66.139430506242206, 14.999984977783242 ], [ 39.67284879561339, 66.145237909644493, 11.624884977783267 ], [ 39.697349809255684, 66.148455960254068, 14.999984977783242 ], [ 39.727082929501194, 66.147969766811002, 14.999984977783242 ], [ 39.741781839606119, 66.153347109575407, 14.999984977783242 ], [ 39.785309450089699, 66.158282564851106, 11.769884977783249 ], [ 39.806128990574507, 66.160643225332024, 14.999984977783242 ], [ 39.83436909406737, 66.160444057153654, 14.999984977783242 ], [ 39.850466914474964, 66.166846834894386, 14.999984977783242 ], [ 39.895029871084262, 66.173504908685572, 12.491784977783254 ], [ 39.907453568215715, 66.175361111643724, 14.999984977783242 ], [ 39.96891063482326, 66.185801140018157, 14.999984977783242 ], [ 40.001807789725717, 66.192488269720343, 12.468784977783116 ], [ 40.016124455796671, 66.195398472846136, 14.913084977783228 ], [ 40.073632436484331, 66.207088338647736, 14.999984977783242 ], [ 40.110746145350276, 66.215926462566131, 14.999984977783242 ], [ 40.180765078723198, 66.234344839467667, 14.999984977783242 ], [ 40.204725468487595, 66.240520393024781, 14.999984977783242 ], [ 40.281966004753485, 66.265455889471923, 14.999984977783242 ], [ 40.295861542821513, 66.269926405817387, 14.999984977783242 ], [ 40.375919128520763, 66.297368192841532, 14.999984977783242 ], [ 40.388946577179013, 66.301253976227599, 14.999984977783242 ], [ 40.46391121155466, 66.328008967335336, 14.999984977783242 ], [ 40.487280575427576, 66.336729925838881, 14.999984977783242 ], [ 40.544816804715083, 66.35993644480186, 14.999984977783242 ], [ 40.578416441028821, 66.373941337835276, 14.999984977783242 ], [ 40.609224316809559, 66.388909223271185, 14.999984977783242 ], [ 40.650207752303686, 66.406859873546637, 14.999984977783242 ], [ 40.661227839358617, 66.386336118448526, 16.752384977783095 ], [ 40.663277908533928, 66.382518079859437, 16.905884977783217 ], [ 40.688055873877602, 66.336371720884927, 18.787584977783126 ], [ 40.712632201815723, 66.290600890482892, 19.86188497778312 ], [ 40.715893931046594, 66.284526262243162, 19.991584977783305 ], [ 40.721558571836795, 66.273976463475265, 20.103484977783182 ], [ 40.672230444833986, 66.238334120833315, 19.999984977783242 ], [ 40.639665280250483, 66.211755695519969, 19.999984977783242 ], [ 40.633043603142141, 66.196428910276154, 19.999984977783242 ], [ 40.601618998363847, 66.17633662254957, 19.999984977783242 ], [ 40.578060206535156, 66.164781911997125, 19.999984977783242 ], [ 40.50330762253725, 66.138136627647327, 19.999984977783242 ], [ 40.485763060481986, 66.136081908029155, 19.999984977783242 ], [ 40.428734498753329, 66.120119045110187, 19.999984977783242 ], [ 40.400541380586219, 66.119873312942218, 19.999984977783242 ], [ 40.393714614285273, 66.121618449731614, 19.999984977783242 ], [ 40.368136789853452, 66.106849998192047, 19.999984977783242 ], [ 40.291700484754983, 66.10908609071339, 19.999984977783242 ], [ 40.288433956447989, 66.107791540489416, 19.999984977783242 ], [ 40.284013815151411, 66.107474225587794, 19.999984977783242 ], [ 40.194480436344747, 66.092623055010336, 19.999984977783242 ], [ 40.174673555287882, 66.086696830068831, 19.999984977783242 ], [ 40.141544674508623, 66.086559442148427, 19.999984977783242 ], [ 40.106357596538146, 66.0796477625845, 19.999984977783242 ], [ 40.094079343121848, 66.083146850738558, 19.999984977783242 ], [ 40.047890421250486, 66.07310632194276, 19.999984977783242 ], [ 39.990700823036605, 66.078203622309957, 19.999984977783242 ], [ 39.983425137907034, 66.0772625538375, 19.999984977783242 ], [ 39.919183261124999, 66.0641105715913, 19.999984977783242 ], [ 39.876332641739282, 66.067068467382342, 19.999984977783242 ], [ 39.863413705621497, 66.064118194815819, 19.999984977783242 ], [ 39.84759748794022, 66.064558383761323, 19.999984977783242 ], [ 39.791998607630376, 66.059079968894366, 19.999984977783242 ], [ 39.762285841934499, 66.060591383895371, 19.999984977783242 ], [ 39.735524045870989, 66.055833310892922, 19.999984977783242 ], [ 39.703143436869141, 66.056938997891848, 19.999984977783242 ], [ 39.667477958893869, 66.053447680693353, 19.999984977783242 ], [ 39.649150542885764, 66.05611708194192, 19.999984977783242 ], [ 39.605951348174131, 66.051667397448909, 19.999984977783242 ], [ 39.546216700444347, 66.054815003182739, 19.999984977783242 ], [ 39.542404908075696, 66.054478503530845, 19.999984977783242 ], [ 39.540562000096543, 66.054753895863541, 19.999984977783242 ], [ 39.47880948187958, 66.04822825390147, 19.999984977783242 ], [ 39.433528331443085, 66.052550925771357, 19.999984977783242 ], [ 39.417877439598669, 66.05027008340403, 19.999984977783242 ], [ 39.380413173057605, 66.052868864309858, 19.999984977783242 ], [ 39.349508010855061, 66.050690362404566, 19.999984977783242 ], [ 39.330754620459629, 66.052602855532314, 19.999984977783242 ], [ 39.295264627260622, 66.046568014091463, 19.999984977783242 ], [ 39.230738867030595, 66.052273037406849, 19.999984977783242 ], [ 39.226596927721403, 66.048842697622604, 19.999984977783242 ], [ 39.218497809619294, 66.05150361257256, 19.999984977783242 ], [ 39.17503141835914, 66.043021444333135, 19.999984977783242 ], [ 39.117069139858359, 66.037747259397293, 20.844184977783243 ], [ 39.109925148150069, 66.037097203268786, 19.999984977783242 ], [ 39.103328088254784, 66.037621951880283, 20.823384977783235 ], [ 39.054720080253901, 66.04148836886452, 19.999984977783242 ], [ 39.005435097482405, 66.031915026091156, 21.094784977783092 ], [ 38.991718676814344, 66.029250685140141, 19.999984977783242 ], [ 38.983850298274774, 66.028915151793626, 21.291484977783284 ], [ 38.94400755353854, 66.027216127011343, 20.866584977783305 ], [ 38.8877498866932, 66.024817116340273, 21.507684977783128 ], [ 38.866781861695927, 66.023922971289721, 19.999984977783242 ], [ 38.859167123082443, 66.022523920721142, 21.649084977783104 ], [ 38.836968066520058, 66.018445303678163, 21.42438497778312 ], [ 38.782188221943215, 66.008380641331314, 22.660584977783174 ], [ 38.759783786488697, 66.004264290138963, 19.999984977783242 ], [ 38.74966836386011, 66.003991081699496, 23.047084977783243 ], [ 38.726636698644143, 66.003369017140358, 22.654484977783113 ], [ 38.677383277798072, 66.002038726539467, 23.18918497778327 ], [ 38.648698132572463, 66.001263966565602, 19.999984977783242 ], [ 38.632469731906895, 66.000877441008925, 23.231484977783111 ], [ 38.601831936583039, 66.000147714672494, 22.809784977783238 ], [ 38.559660758095561, 65.999143287990591, 23.353084977783283 ], [ 38.513324552288395, 65.998039659316419, 23.362684977783147 ], [ 38.484130582117359, 65.997344321804121, 22.929284977783254 ], [ 38.442296320543392, 65.99634791976132, 23.568984977783202 ], [ 38.415763627839624, 65.995715968121658, 19.999984977783242 ], [ 38.390941827383358, 66.001030721032294, 23.332284977783274 ], [ 38.369179021261516, 66.005690493257134, 22.73018497778321 ], [ 38.351585275391699, 66.009457601598115, 22.720684977783094 ], [ 38.305399208285962, 66.01934679292026, 19.999984977783242 ], [ 38.264293791595264, 66.014541373384418, 22.74968497778309 ], [ 38.253352108687977, 66.013262238382595, 22.713484977783082 ], [ 38.22437417684705, 66.009874579773168, 23.188984977783093 ], [ 38.182780842122156, 66.005012120265746, 19.999984977783242 ], [ 38.163698796153767, 66.00639171244984, 23.66808497778311 ], [ 38.134697928617243, 66.008488414736348, 23.261184977783159 ], [ 38.091651338734664, 66.01160059349786, 23.518184977783221 ], [ 38.067820094598574, 66.013323542792932, 19.999984977783242 ], [ 38.049663254132611, 66.014461547718383, 23.457184977783299 ], [ 38.020491028684773, 66.016289957042318, 23.086584977783104 ], [ 37.975028274013312, 66.019139397671097, 23.371684977783161 ], [ 37.95223620357865, 66.02056792199437, 19.999984977783242 ], [ 37.934185014062678, 66.021823066126672, 23.342884977783115 ], [ 37.904254654247779, 66.023904198518721, 22.98278497778324 ], [ 37.857503843639279, 66.027154898722074, 23.2088849777831 ], [ 37.836213493443211, 66.028635269758524, 19.999984977783242 ], [ 37.818387557868846, 66.033068686985644, 23.006484977783202 ], [ 37.793694232575945, 66.039210065297084, 22.528184977783212 ], [ 37.766997919592541, 66.045849598653149, 22.360084977783117 ], [ 37.735362014514976, 66.053717638220405, 19.999984977783242 ], [ 37.702526815526653, 66.053566027709167, 22.122184977783263 ], [ 37.682878179271938, 66.053475303720916, 22.075984977783264 ], [ 37.631828592493548, 66.053239591550664, 22.330084977783144 ], [ 37.608667142412742, 66.053132647764869, 19.999984977783242 ], [ 37.595462494835374, 66.061766965329298, 21.955084977783144 ], [ 37.5775853881496, 66.073456532612909, 21.272984977783153 ], [ 37.576776860674727, 66.07391132930934, 21.246284977783262 ], [ 37.562084357079584, 66.082175862611621, 20.902284977783211 ], [ 37.558549700101139, 66.084164107131073, 20.799084977783195 ], [ 37.522979394081631, 66.097959152713884, 20.120484977783235 ], [ 37.491166194522521, 66.099805331337848, 20.120484977783235 ], [ 37.465239873432438, 66.101309883510112, 20.140984977783091 ], [ 37.453302136840648, 66.104601255283342, 19.999984977783242 ], [ 37.392613537042052, 66.10981539930799, 19.999984977783242 ], [ 37.294137064891402, 66.118493603629759, 19.999984977783242 ], [ 37.290406736094155, 66.118850503262365, 19.999984977783242 ], [ 37.288339495935361, 66.11903947875544, 19.999984977783242 ], [ 37.28296504158061, 66.119348111824365, 19.999984977783242 ], [ 37.192219669770566, 66.123327096691355, 19.999984977783242 ], [ 37.172635518785683, 66.123787025440834, 19.999984977783242 ], [ 37.141091941957711, 66.126760498387739, 19.999984977783242 ], [ 37.098950248546316, 66.128458297986072, 19.999984977783242 ], [ 37.087316331875627, 66.130463491441333, 19.999984977783242 ], [ 37.046430611779215, 66.130762914777733, 19.999984977783242 ], [ 36.992805631874944, 66.133744337726966, 19.999984977783242 ], [ 36.985014125530142, 66.133908535222872, 19.999984977783242 ], [ 36.980413213866996, 66.134407472534804, 19.999984977783242 ], [ 36.919077417609515, 66.136817164500826, 19.999984977783242 ], [ 36.867480457804049, 66.139660166722024, 19.999984977783242 ], [ 36.862949362082873, 66.139783929625992, 19.999984977783242 ], [ 36.858418377509224, 66.140040458398289, 19.999984977783242 ], [ 36.796659826417454, 66.143446258996846, 19.999984977783242 ], [ 36.749354791318183, 66.144640939935925, 19.999984977783242 ], [ 36.739763823803514, 66.14481600720319, 19.999984977783242 ], [ 36.730472489609383, 66.145183988570352, 19.999984977783242 ], [ 36.67438120621955, 66.14780246069131, 19.999984977783242 ], [ 36.629175443129498, 66.147607083199546, 19.999984977783242 ], [ 36.615969420978217, 66.147829784633359, 19.999984977783242 ], [ 36.603480288395076, 66.148478802613681, 19.999984977783242 ], [ 36.552088375668973, 66.1522583586775, 19.999984977783242 ], [ 36.507112665582099, 66.152503373014042, 19.999984977783242 ], [ 36.492789179392275, 66.152556459666812, 19.999984977783242 ], [ 36.478565378201893, 66.153407858379069, 19.999984977783242 ], [ 36.429046427758294, 66.157175011874642, 19.999984977783242 ], [ 36.387707219633739, 66.157250348536763, 19.999984977783242 ], [ 36.367877139215125, 66.15741237468319, 19.999984977783242 ], [ 36.344949491569423, 66.158203145299922, 19.999984977783242 ], [ 36.303166723300819, 66.160688827658305, 19.999984977783242 ], [ 36.271673979441402, 66.161229344375897, 19.999984977783242 ], [ 36.240482517052442, 66.161641470302129, 19.999984977783242 ], [ 36.203401192469755, 66.163526124335476, 19.999984977783242 ], [ 36.17666133052262, 66.165242418632261, 19.999984977783242 ], [ 36.156805551945581, 66.165923948385171, 19.999984977783242 ], [ 36.112134739363682, 66.166093815627391, 19.999984977783242 ], [ 36.061001825728454, 66.170030355395284, 19.999984977783242 ], [ 36.050033409774187, 66.170784723362885, 19.999984977783242 ], [ 36.041562588143279, 66.171326829135069, 19.999984977783242 ], [ 35.983466484642122, 66.170735172505374, 19.999984977783242 ], [ 35.926250402349979, 66.17385218758136, 19.999984977783242 ], [ 35.919770014384994, 66.173413610842545, 19.999984977783242 ], [ 35.909365949875792, 66.173378383682575, 19.999984977783242 ], [ 35.811394249991281, 66.171589203935582, 19.999984977783242 ], [ 35.7812024611776, 66.168145776653546, 19.999984977783242 ], [ 35.728831587752211, 66.166957440393162, 19.999984977783242 ], [ 35.696929202342289, 66.16592034806672, 19.999984977783242 ], [ 35.634057057497557, 66.155318506862386, 19.999984977783242 ], [ 35.588280113617657, 66.150973453899496, 19.999984977783242 ], [ 35.553942474769428, 66.142117620809586, 19.999984977783242 ], [ 35.485547802629299, 66.128338409922435, 19.999984977783242 ], [ 35.470190019972506, 66.121572152827866, 19.999984977783242 ], [ 35.390525404247455, 66.095753888090258, 19.999984977783242 ], [ 35.382463125395589, 66.091117540097912, 19.999984977783242 ], [ 35.312552903284086, 66.05395655958273, 19.999984977783242 ], [ 35.308136441308307, 66.047677063033916, 19.999984977783242 ], [ 35.257388601123239, 65.990758931060554, 19.999984977783242 ], [ 35.24961975174665, 65.952065881778253, 19.999984977783242 ], [ 35.238466415103176, 65.911264477137593, 19.999984977783242 ], [ 35.238165095157456, 65.886509792428114, 19.999984977783242 ], [ 35.236112431113725, 65.845549934863811, 19.999984977783242 ], [ 35.236731435201364, 65.840045637465664, 19.999984977783242 ], [ 35.236774405639153, 65.831006894717575, 19.999984977783242 ], [ 35.234966842617723, 65.79543250016286, 19.999984977783242 ], [ 35.238844774765312, 65.765171366932918, 19.999984977783242 ], [ 35.23926840283093, 65.753352728206664, 19.999984977783242 ], [ 35.240031822788296, 65.741715017546085, 19.999984977783242 ], [ 35.246321749640629, 65.712210037760087, 19.999984977783242 ], [ 35.243967331189197, 65.692085884133121, 19.999984977783242 ], [ 35.250532029444003, 65.659796076593921, 19.999984977783242 ], [ 35.249872622895055, 65.624193987881881, 19.999984977783242 ], [ 35.236756033162237, 65.594382418596069, 19.999984977783242 ], [ 35.237294374164776, 65.563416188160772, 19.999984977783242 ], [ 35.234878127812408, 65.530859439168125, 19.999984977783242 ], [ 35.236193469812861, 65.503766270674532, 19.999984977783242 ], [ 35.23744757057284, 65.449637195299147, 19.999984977783242 ], [ 35.237447153980611, 65.446725272966432, 19.999984977783242 ], [ 35.237746507424163, 65.445108557658386, 19.999984977783242 ], [ 35.256964963453356, 65.385197800394963, 19.999984977783242 ], [ 35.257046102648019, 65.384931393768056, 19.999984977783242 ], [ 35.257948495316668, 65.383447831176454, 19.999984977783242 ], [ 35.285196359443944, 65.337735427470761, 19.999984977783242 ], [ 35.300156037585111, 65.321678522508591, 19.999984977783242 ], [ 35.309439281641971, 65.312415319232969, 19.999984977783242 ], [ 35.329328386913403, 65.295431769161951, 19.999984977783242 ], [ 35.340584176810808, 65.286941273894627, 19.999984977783242 ], [ 35.385767629326438, 65.269151764761773, 19.999984977783242 ], [ 35.389539616619004, 65.267666201936663, 19.999984977783242 ], [ 35.412710686621722, 65.251940580754308, 19.999984977783242 ], [ 35.4301499066205, 65.247445610177238, 19.999984977783242 ], [ 35.447472006693715, 65.243320342400693, 19.999984977783242 ], [ 35.46231644632644, 65.240533998075989, 19.999984977783242 ], [ 35.468039515602868, 65.241200509859482, 19.999984977783242 ], [ 35.522695884879795, 65.232963275208022, 19.999984977783242 ], [ 35.527267178782495, 65.233274077880196, 19.999984977783242 ], [ 35.531605606680387, 65.233253688551486, 19.999984977783242 ], [ 35.569851002306677, 65.232380082859891, 19.999984977783242 ], [ 35.592416919607786, 65.231123610617942, 19.999984977783242 ], [ 35.620147312016343, 65.229679655312793, 19.999984977783242 ], [ 35.645013999383082, 65.230300509821973, 19.999984977783242 ], [ 35.650039205836947, 65.231706364938873, 19.999984977783242 ], [ 35.661188877260429, 65.230690164549742, 19.999984977783242 ], [ 35.680508583012852, 65.232560649383231, 19.999984977783242 ], [ 35.697426963539328, 65.231228988253861, 19.999984977783242 ], [ 35.710806233604671, 65.233819588640472, 19.999984977783242 ], [ 35.732316183159128, 65.230675065002288, 19.999984977783242 ], [ 35.742012197792064, 65.231125228136079, 19.999984977783242 ], [ 35.751685496390564, 65.229967829523957, 19.999984977783242 ], [ 35.769851764576742, 65.232125410737353, 19.999984977783242 ], [ 35.789943912051967, 65.228517126088263, 19.999984977783242 ], [ 35.798837642243598, 65.228940566346864, 19.999984977783242 ], [ 35.809236344968667, 65.227809215313755, 19.999984977783242 ], [ 35.825432988116518, 65.230500339748687, 19.999984977783242 ], [ 35.8442512670008, 65.226301014219644, 19.999984977783242 ], [ 35.854416498317732, 65.226671187570901, 19.999984977783242 ], [ 35.86386055755429, 65.225630887201987, 19.999984977783242 ], [ 35.897141943554743, 65.226556709778379, 19.999984977783242 ], [ 35.897461497268523, 65.226578848509234, 19.999984977783242 ], [ 35.897584077363717, 65.226569423030014, 19.999984977783242 ], [ 35.93099445248663, 65.224758486219798, 19.999984977783242 ], [ 35.939445731564774, 65.225099215487717, 18.803584977783203 ], [ 35.962326135850162, 65.22602168211597, 19.999984977783242 ], [ 35.970592467361712, 65.226716174816829, 19.999984977783242 ], [ 35.975427569064777, 65.226343223970616, 19.999984977783242 ], [ 35.992719651665539, 65.229236881190445, 19.999984977783242 ], [ 36.011296492550173, 65.226412595075089, 19.999984977783242 ], [ 36.018877000620705, 65.226677793601993, 19.999984977783242 ], [ 36.027668219176121, 65.22603996496764, 19.999984977783242 ], [ 36.040836073254468, 65.223204153298866, 19.999984977783242 ], [ 36.056116221385309, 65.223094952874817, 19.999984977783242 ], [ 36.096896327086142, 65.22154874370608, 19.999984977783242 ], [ 36.099887795426184, 65.221388827107148, 19.999984977783242 ], [ 36.127631108465721, 65.219509948743507, 19.999984977783242 ], [ 36.147554579481948, 65.217738479259424, 19.999984977783242 ], [ 36.165168580191676, 65.214954505470814, 19.999984977783242 ], [ 36.190374597848859, 65.210717092646519, 19.999984977783242 ], [ 36.193926919571823, 65.210131061103311, 19.999984977783242 ], [ 36.194670778873842, 65.209853079708409, 19.999984977783242 ], [ 36.22589099832112, 65.202327296341537, 19.999984977783242 ], [ 36.243350066666608, 65.200468481183634, 19.999984977783242 ], [ 36.249929426558083, 65.200562136466033, 19.999984977783242 ], [ 36.260555831409874, 65.197027258298476, 20.424784977783247 ], [ 36.278325094506727, 65.19111630525731, 20.756784977783127 ], [ 36.288682191094267, 65.187671012579813, 20.540584977783283 ], [ 36.29937943132245, 65.18411257097614, 19.999984977783242 ], [ 36.315481181518408, 65.175664004404098, 17.934984977783188 ], [ 36.326767221631599, 65.169742234400474, 17.882584977783154 ], [ 36.34161579371721, 65.161951208676328, 19.999984977783242 ], [ 36.355085639370373, 65.150704915067763, 19.999984977783242 ], [ 36.361062663374469, 65.143288991515874, 19.999984977783242 ], [ 36.371262054773979, 65.140164912256296, 19.999984977783242 ], [ 36.41932506361627, 65.13543300650781, 19.999984977783242 ], [ 36.422553157739458, 65.135205310783931, 19.999984977783242 ], [ 36.424613528768532, 65.13553898812097, 19.999984977783242 ], [ 36.426616020791698, 65.135394149372587, 19.999984977783242 ], [ 36.46416954351298, 65.138283450593008, 19.999984977783242 ], [ 36.506706175438012, 65.145483190164668, 19.999984977783242 ], [ 36.521347030240577, 65.147647990263067, 19.999984977783242 ], [ 36.542225420009345, 65.151806601686985, 19.999984977783242 ], [ 36.570730292965891, 65.159958862612257, 19.999984977783242 ], [ 36.584958406820078, 65.160942445276305, 19.999984977783242 ], [ 36.609082301627495, 65.164607400802197, 19.999984977783242 ], [ 36.64360416852287, 65.171538275579223, 19.999984977783242 ], [ 36.658383896123269, 65.176395592498011, 19.999984977783242 ], [ 36.700522890678258, 65.185798918028013, 19.999984977783242 ], [ 36.725069816762698, 65.194308783378801, 19.999984977783242 ], [ 36.746074787646648, 65.212543795874808, 19.999984977783242 ], [ 36.792362413689261, 65.223714889885741, 19.999984977783242 ], [ 36.853819679934531, 65.217927382953349, 19.999984977783242 ], [ 36.875133372523123, 65.21950081695104, 19.999984977783242 ], [ 36.883106622131891, 65.218901828135131, 20.777284977783211 ], [ 36.917947107082, 65.216284443522454, 19.999984977783242 ], [ 36.944838723196881, 65.218696722658933, 19.999984977783242 ], [ 36.961709622846683, 65.21863859554287, 19.999984977783242 ], [ 36.976500072385534, 65.219688320779824, 17.056484977783157 ], [ 36.999182191328146, 65.221298142889282, 19.999984977783242 ], [ 37.039715383871226, 65.224570890946779, 19.999984977783242 ], [ 37.072459831702872, 65.221803108404856, 19.999984977783242 ], [ 37.086523714431678, 65.219027536528301, 16.584884977783304 ], [ 37.110011675220449, 65.214392079593381, 19.999984977783242 ], [ 37.138521444969228, 65.211959894309985, 19.999984977783242 ], [ 37.174923298152862, 65.212272585937171, 19.999984977783242 ], [ 37.192259105708217, 65.210857533485978, 17.405984977783191 ], [ 37.20674046286149, 65.209675478385179, 19.999984977783242 ], [ 37.293457735882839, 65.203329954340006, 19.999984977783242 ], [ 37.298442881976371, 65.204829515205347, 19.999984977783242 ], [ 37.299812907469459, 65.202650703431573, 19.999984977783242 ], [ 37.319690172487753, 65.200849463770282, 19.999984977783242 ], [ 37.395507128589088, 65.19377180239826, 19.999984977783242 ], [ 37.424699329465511, 65.191375970243826, 19.999984977783242 ], [ 37.49277078792511, 65.184291319848853, 19.999984977783242 ], [ 37.558877041316009, 65.177193622148479, 19.999984977783242 ], [ 37.58893273222202, 65.173176809927099, 19.999984977783242 ], [ 37.67818861293199, 65.160586736834375, 19.999984977783242 ], [ 37.683210860413965, 65.15980749236769, 19.999984977783242 ], [ 37.684433147616801, 65.159642404672923, 19.999984977783242 ], [ 37.763929801702034, 65.144752993626753, 19.999984977783242 ], [ 37.782105550111737, 65.141418045343016, 19.999984977783242 ], [ 37.841388188273413, 65.128353902633535, 19.999984977783242 ], [ 37.877173789747758, 65.122422283369815, 19.999984977783242 ], [ 37.907421317009721, 65.1145175130805, 19.999984977783242 ], [ 37.968339204744552, 65.103891595455934, 19.999984977783242 ], [ 37.972885445153224, 65.102911545880488, 19.999984977783242 ], [ 37.983131473869435, 65.101055309511139, 19.999984977783242 ], [ 38.0279217222851, 65.090453999539022, 19.999984977783242 ], [ 38.052389846605365, 65.08582039133762, 19.999984977783242 ], [ 38.090019518625923, 65.077142846639617, 19.999984977783242 ], [ 38.142097870251746, 65.069351918165921, 19.999984977783242 ], [ 38.153274437761866, 65.067596560591483, 19.999984977783242 ], [ 38.189482407615287, 65.061959863844095, 19.999984977783242 ], [ 38.243249537132215, 65.052458932943409, 19.999984977783242 ], [ 38.26068897076766, 65.049900978687219, 19.999984977783242 ], [ 38.329196775201126, 65.037646215772838, 19.999984977783242 ], [ 38.361659063550178, 65.035163294232916, 19.999984977783242 ], [ 38.376677988184383, 65.03318457613932, 19.999984977783242 ], [ 38.43880599385011, 65.02321297704475, 19.999984977783242 ], [ 38.469948505560751, 65.021759651484899, 19.999984977783242 ], [ 38.497734988239245, 65.018895713874372, 19.999984977783242 ], [ 38.574892018164974, 65.009167201860691, 19.999984977783242 ], [ 38.624736017387477, 65.005436616251245, 19.999984977783242 ], [ 38.68016367162636, 65.000941617327044, 19.999984977783242 ], [ 38.762952510616742, 64.995261000687606, 19.999984977783242 ], [ 38.78766386967618, 64.993283557429095, 19.999984977783242 ], [ 38.872829141604598, 64.988729310382041, 19.999984977783242 ], [ 38.89728610063321, 64.987734135560459, 19.999984977783242 ], [ 38.90973726035736, 64.988142386951949, 19.999984977783242 ], [ 39.008720005309442, 64.99094418209279, 19.999984977783242 ], [ 39.107415413513081, 64.99657938121527, 19.999984977783242 ], [ 39.117871079972247, 64.997085378592601, 19.999984977783242 ], [ 39.121031288756058, 64.997719711536774, 19.999984977783242 ], [ 39.127418817122816, 64.998263213943574, 19.999984977783242 ], [ 39.205169397493592, 65.005015196773456, 19.999984977783242 ], [ 39.238765967500512, 65.010130534836208, 19.999984977783242 ], [ 39.28888304810971, 65.01677627817844, 19.999984977783242 ], [ 39.298566798883257, 65.019368342618691, 19.999984977783242 ], [ 39.323753748190938, 65.025223648961401, 19.999984977783242 ], [ 39.35318557296705, 65.03230401907058, 19.999984977783242 ], [ 39.370556406953256, 65.037906002777163, 19.999984977783242 ], [ 39.407541856591706, 65.054201081948122, 19.999984977783242 ], [ 39.444985609836294, 65.069889840844553, 19.999984977783242 ], [ 39.465696201863466, 65.083412399559165, 19.999984977783242 ], [ 39.508526519464795, 65.109503695130115, 19.999984977783242 ], [ 39.525140785772237, 65.122280308263726, 19.999984977783242 ], [ 39.561359452578472, 65.155252192664193, 19.999984977783242 ], [ 39.575689684861572, 65.169752950576367, 19.999984977783242 ], [ 39.607806523199542, 65.202890546424896, 19.999984977783242 ], [ 39.638393704895861, 65.247726655259612, 19.999984977783242 ], [ 39.640593678253936, 65.251201202685479, 19.999984977783242 ], [ 39.645526768435957, 65.264900723093888, 19.999984977783242 ], [ 39.660908807854867, 65.305993197078351, 19.999984977783242 ], [ 39.664038013594109, 65.313325395109132, 19.999984977783242 ], [ 39.664624925368116, 65.354274635741604, 13.358584977783266 ], [ 39.66490136279026, 65.373561864733347, 11.706084977783121 ], [ 39.665139075004845, 65.390147211277508, 10.389184977783088 ], [ 39.666145411480102, 65.397970260470174, 9.547084977783243 ], [ 39.669767821396817, 65.426130117470166, 18.819684977783254 ], [ 39.671831347004627, 65.442171534028603, 18.893584977783121 ], [ 39.675711119271, 65.472332072036806, 19.729584977783134 ], [ 39.677494625153486, 65.486196673839004, 19.999984977783242 ], [ 39.684135266157682, 65.501251023655641, 20.209084977783277 ], [ 39.696361612863257, 65.528968182276003, 10.253284977783096 ], [ 39.70440018158115, 65.547191637684591, 12.250584977783092 ], [ 39.707614784128964, 65.552186096159858, 12.547784977783294 ], [ 39.72060780285392, 65.572373068513116, 13.473484977783301 ], [ 39.743818438888411, 65.608434932073578, 19.999984977783242 ], [ 39.810602583034779, 65.640704811143223, 19.999984977783242 ], [ 39.816973557535675, 65.644294274985441, 19.999984977783242 ], [ 39.841723982681287, 65.645117522260989, 19.999984977783242 ], [ 39.908769422807381, 65.671632648125524, 19.999984977783242 ], [ 39.912073358485941, 65.674737008157535, 19.999984977783242 ], [ 39.955283510978916, 65.686628708193894, 19.999984977783242 ], [ 39.995144565516966, 65.71356004801055, 19.999984977783242 ], [ 40.042189780840999, 65.739402406965382, 19.999984977783242 ], [ 40.075781097562867, 65.758546854674933, 19.999984977783242 ], [ 40.151289656409062, 65.798168048349908, 19.999984977783242 ], [ 40.156611950093065, 65.802254513444495, 19.999984977783242 ], [ 40.162225338091957, 65.806597610600875, 19.999984977783242 ], [ 40.22937752911821, 65.856934488125262, 19.999984977783242 ], [ 40.272358646718203, 65.888807439740049, 19.999984977783242 ], [ 40.295308837492485, 65.903938435512828, 19.999984977783242 ], [ 40.342419130683993, 65.940175541647477, 19.999984977783242 ], [ 40.355959980384796, 65.94836948007287, 19.999984977783242 ], [ 40.411208681820426, 65.989479088268126, 19.999984977783242 ], [ 40.41958728354075, 65.993414198441315, 19.999984977783242 ], [ 40.432752769207582, 65.999271578068146, 19.999984977783242 ], [ 40.477286705907318, 66.031529764703009, 19.999984977783242 ], [ 40.487052891898202, 66.041465912741842, 19.999984977783242 ], [ 40.493060881839483, 66.049813513542176, 19.999984977783242 ], [ 40.551876932819141, 66.079215513556846, 19.999984977783242 ], [ 40.572748108315864, 66.083658725619898, 19.940884977783298 ], [ 40.590972462960053, 66.087538462612429, 19.999984977783242 ], [ 40.669902755689691, 66.089451473861118, 19.999984977783242 ], [ 40.698139385189279, 66.093490403553005, 19.999984977783242 ], [ 40.699033794400748, 66.095237599191023, 19.999984977783242 ], [ 40.703664507906069, 66.094434653990902, 19.999984977783242 ], [ 40.81110688620538, 66.101809113097261, 19.999984977783242 ], [ 40.813701865816256, 66.102369252839708, 19.95868497778315 ], [ 40.829630045351223, 66.072704690785031, 19.048384977783144 ], [ 40.837600576021941, 66.057860414279276, 17.304484977783204 ], [ 40.847846606193343, 66.038778258822276, 12.553284977783278 ], [ 40.807944934495026, 66.031250658983481, 9.473084977783174 ], [ 40.785354062798433, 66.026988806406735, 14.999984977783242 ], [ 40.773566539792228, 66.021857441723114, 14.999984977783242 ], [ 40.698619504371891, 66.000026791371056, 14.999984977783242 ], [ 40.675750011199852, 65.978878741341759, 14.999984977783242 ], [ 40.628951737293391, 65.958733361592749, 14.999984977783242 ], [ 40.607519281751593, 65.963993301877053, 14.999984977783242 ], [ 40.551990087420563, 65.932751214801101, 14.999984977783242 ], [ 40.544948687194847, 65.926920513258665, 14.999984977783242 ], [ 40.496760112699121, 65.892802695176215, 14.999984977783242 ], [ 40.489990441958071, 65.887810749933124, 14.999984977783242 ], [ 40.439554617289104, 65.853095773985842, 14.999984977783242 ], [ 40.432916418169043, 65.844787429203279, 14.999984977783242 ], [ 40.374425235058879, 65.81183406690252, 14.999984977783242 ], [ 40.362971023248974, 65.811681060760748, 14.999984977783242 ], [ 40.27739285894495, 65.783794820323237, 14.999984977783242 ], [ 40.264353418024257, 65.769658328455989, 14.999984977783242 ], [ 40.212100871736766, 65.748356231983053, 14.999984977783242 ], [ 40.182023982677492, 65.747031275022891, 14.999984977783242 ], [ 40.115445672578062, 65.720592694007792, 14.999984977783242 ], [ 40.099930055061122, 65.711828358427738, 14.999984977783242 ], [ 40.037105834853719, 65.691440776208765, 14.999984977783242 ], [ 40.007448438700521, 65.686633724559215, 14.999984977783242 ], [ 39.960679095529485, 65.66431983585062, 11.710084977783254 ], [ 39.912551841087407, 65.641358080858481, 14.999984977783242 ], [ 39.906050423887791, 65.636710891179973, 14.673284977783169 ], [ 39.894590389551013, 65.62851929977478, 10.728384977783207 ], [ 39.877471018728102, 65.616282434930326, 7.6463849777831 ], [ 39.835090503285755, 65.603538332332391, 0.047084977783243 ], [ 39.834401647851337, 65.603331188918673, 0.020584977783301 ], [ 39.827821035301895, 65.60135235497728, -0.000015022216758 ], [ 39.816503906011349, 65.597949219009024, 1.212184977783181 ], [ 39.814077463452122, 65.593609104122152, -0.000015022216758 ], [ 39.781152344003203, 65.534716797017609, 0.479584977783134 ], [ 39.771486176177859, 65.508532680847566, 0.726184977783305 ], [ 39.749511109781452, 65.449005709873745, 1.113984977783275 ], [ 39.749121094006114, 65.447949219000293, 1.30828497778316 ], [ 39.750003859444405, 65.446179283128004, 1.154384977783138 ], [ 39.75635048832919, 65.433454355501453, -0.000015022216758 ] ] ] ] } },
{ "type": "Feature", "properties": { "gid": 5, "objectid": 5.0, "shape_leng": 16.223336120599999, "shape_area": 1.5227438639099999, "z_mean": 24.456526578999998 }, "geometry": { "type": "MultiPolygon", "coordinates": [ [ [ [ 36.453774249923299, 66.030564684449928, 24.999984977783242 ], [ 36.52187248505652, 66.027849872290972, 24.999984977783242 ], [ 36.573021014017286, 66.030556084442651, 24.999984977783242 ], [ 36.577381068549585, 66.030391013919143, 24.999984977783242 ], [ 36.581870596564841, 66.030282617313787, 24.999984977783242 ], [ 36.649228533307905, 66.025153980212053, 24.999984977783242 ], [ 36.696117779647466, 66.02745783777209, 24.999984977783242 ], [ 36.705229446451995, 66.027198420808418, 24.999984977783242 ], [ 36.71529846797057, 66.026867577398662, 24.999984977783242 ], [ 36.771028005838161, 66.022026917780749, 24.999984977783242 ], [ 36.818270656978711, 66.023341920081293, 24.999984977783242 ], [ 36.836108812960447, 66.022603850418818, 24.999984977783242 ], [ 36.857889285791316, 66.022038376569981, 24.999984977783242 ], [ 36.895531725429464, 66.017557871338795, 24.999984977783242 ], [ 36.931582803532365, 66.019004814501386, 24.999984977783242 ], [ 36.963470385686378, 66.017392228997778, 24.999984977783242 ], [ 37.011442722214269, 66.016834043344716, 24.999984977783242 ], [ 37.02642831086996, 66.015014733027783, 24.999984977783242 ], [ 37.03959385008784, 66.015427878010087, 24.999984977783242 ], [ 37.090112815494649, 66.011945718026254, 24.999984977783242 ], [ 37.142829245494795, 66.01136087620398, 24.999984977783242 ], [ 37.15297316404758, 66.0105337206478, 24.999984977783242 ], [ 37.172341983605293, 66.010235862384434, 24.999984977783242 ], [ 37.172341983605293, 66.01023586235533, 24.999984977783242 ], [ 37.214855450569303, 66.006978913705098, 24.999984977783242 ], [ 37.242720473805093, 66.008133216266287, 24.999984977783242 ], [ 37.275410780071979, 66.006902164954226, 24.999984977783242 ], [ 37.339621854640427, 66.007161204805016, 24.999984977783242 ], [ 37.34121498944296, 66.007017302879831, 24.999984977783242 ], [ 37.343770411796868, 66.007080140829203, 24.999984977783242 ], [ 37.395701544708572, 66.002951773276436, 24.999984977783242 ], [ 37.435949144361075, 66.003848183710943, 24.999984977783242 ], [ 37.460212105346727, 66.001526789492345, 24.999984977783242 ], [ 37.49900222029828, 66.003236396063585, 24.999984977783242 ], [ 37.517084969498683, 66.002007715593209, 24.999984977783242 ], [ 37.531987631155062, 66.002332413860131, 24.999984977783242 ], [ 37.531987631155062, 66.002332413860131, 24.999984977783242 ], [ 37.579502951222821, 65.997358034059289, 24.999984977783242 ], [ 37.631565851042978, 66.001088652061298, 24.999984977783242 ], [ 37.640274272780516, 66.000281824701233, 24.999984977783242 ], [ 37.648823579962482, 66.000673746078974, 24.999984977783242 ], [ 37.699726442748215, 65.995129589064163, 24.999984977783242 ], [ 37.738830212838366, 65.996734821485006, 24.999984977783242 ], [ 37.73883021286747, 65.996734821485006, 24.999984977783242 ], [ 37.762182858263259, 65.993856048793532, 24.999984977783242 ], [ 37.783994850396994, 65.995722410341841, 24.999984977783242 ], [ 37.81962817213207, 65.992753575992538, 24.999984977783242 ], [ 37.849069999996573, 65.992889999994077, 24.999984977783242 ], [ 37.882641183707165, 65.987323283930891, 24.999984977783242 ], [ 37.913462635973701, 65.99138107339968, 24.999984977783242 ], [ 37.939323928600061, 65.990020855708281, 24.999984977783242 ], [ 37.96073945639364, 65.98993919492932, 24.999984977783242 ], [ 37.960739456422743, 65.98993919492932, 24.999984977783242 ], [ 38.003168301060214, 65.982075773004908, 24.999984977783242 ], [ 38.040238335161121, 65.987545318726916, 24.999984977783242 ], [ 38.057898672559531, 65.986472749878885, 24.999984977783242 ], [ 38.07290713765542, 65.986536912503652, 24.999984977783242 ], [ 38.122479068071698, 65.977247532544425, 24.999984977783242 ], [ 38.167925232482958, 65.984685067727696, 24.999984977783242 ], [ 38.175615928863408, 65.984336469555274, 24.999984977783242 ], [ 38.181966443531564, 65.984587687431485, 24.999984977783242 ], [ 38.181966443560668, 65.984587687431485, 24.999984977783242 ], [ 38.241952482814668, 65.973658021510346, 24.999984977783242 ], [ 38.293613878151518, 65.982506319938693, 24.999984977783242 ], [ 38.293997079366818, 65.982335280656116, 24.999984977783242 ], [ 38.294566146752913, 65.982446616952075, 24.999984977783242 ], [ 38.361565968632931, 65.968715460025123, 24.999984977783242 ], [ 38.412922685412923, 65.979835075937444, 24.999984977783242 ], [ 38.41311317832151, 65.979822636945755, 24.999984977783242 ], [ 38.413320762381773, 65.979822044726461, 24.999984977783242 ], [ 38.480786656058626, 65.964895560464356, 24.999984977783242 ], [ 38.52348361692566, 65.975588752116892, 24.999984977783242 ], [ 38.532944421152934, 65.974901632303954, 24.999984977783242 ], [ 38.544414198986487, 65.974879309054813, 24.999984977783242 ], [ 38.544414199015591, 65.974879309054813, 24.999984977783242 ], [ 38.600957489776192, 65.96422106679529, 24.999984977783242 ], [ 38.632288692388101, 65.971998321430874, 24.999984977783242 ], [ 38.65356312750373, 65.970572715261369, 24.999984977783242 ], [ 38.681200467937742, 65.970675372183905, 24.999984977783242 ], [ 38.722905924703809, 65.964109186432324, 24.999984977783242 ], [ 38.740319751668721, 65.969405144132907, 24.999984977783242 ], [ 38.771150041269721, 65.967070565544418, 24.999984977783242 ], [ 38.828567459015176, 65.966568184710923, 24.999984977783242 ], [ 38.828567459102487, 65.966568184710923, 24.999984977783242 ], [ 38.84298813258647, 65.964380245786742, 24.999984977783242 ], [ 38.845367028727196, 65.96519534298568, 24.999984977783242 ], [ 38.900147619278869, 65.956255470853648, 24.999984977783242 ], [ 38.945725732060964, 65.958378744107904, 24.999984977783242 ], [ 38.963501716614701, 65.955552746512694, 24.999984977783242 ], [ 39.004315173224313, 65.954320548757096, 24.999984977783242 ], [ 39.004315173253417, 65.954320548757096, 24.999984977783242 ], [ 39.032058993630926, 65.950404451330542, 24.999984977783242 ], [ 39.048965131689329, 65.951200565847103, 24.999984977783242 ], [ 39.088783935687388, 65.944671096338425, 24.999984977783242 ], [ 39.150906302384101, 65.943686874961713, 24.999984977783242 ], [ 39.158675560422125, 65.942088800191414, 24.999984977783242 ], [ 39.177207920409273, 65.940851470426423, 24.999984977783242 ], [ 39.177207920438377, 65.940851470426423, 24.999984977783242 ], [ 39.216107694475795, 65.93441101226199, 24.999984977783242 ], [ 39.245370828240993, 65.934735189352068, 24.999984977783242 ], [ 39.27711738848302, 65.928296171085094, 24.999984977783242 ], [ 39.337639701450826, 65.924961614349741, 24.999984977783242 ], [ 39.342998674939736, 65.923702556290664, 24.999984977783242 ], [ 39.355822787503712, 65.922042957667145, 24.999984977783242 ], [ 39.400038810621481, 65.912734416400781, 24.999984977783242 ], [ 39.424624025632511, 65.913069548783824, 24.999984977783242 ], [ 39.459362832989427, 65.902695602155291, 24.999984977783242 ], [ 39.522665647411486, 65.893386708135949, 24.999984977783242 ], [ 39.531996128804167, 65.890277460232028, 24.999984977783242 ], [ 39.555551271609147, 65.880545058273128, 24.999984977783242 ], [ 39.601788247324293, 65.864424536077422, 24.999984977783242 ], [ 39.621158233014285, 65.856506197174895, 24.999984977783242 ], [ 39.647196305362741, 65.839086562613375, 24.999984977783242 ], [ 39.67819313306245, 65.812770998774795, 24.999984977783242 ], [ 39.702622964017792, 65.771103610124555, 24.999984977783242 ], [ 39.706405977878603, 65.766465718377731, 24.999984977783242 ], [ 39.706045544124208, 65.759056560054887, 24.999984977783242 ], [ 39.701564876813791, 65.710140228475211, 24.999984977783242 ], [ 39.686449760964024, 65.662205160508165, 24.999984977783242 ], [ 39.681097864537151, 65.644901002349798, 24.999984977783242 ], [ 39.646095387070091, 65.601603807779611, 24.999984977783242 ], [ 39.633446014209767, 65.588036982255289, 24.999984977783242 ], [ 39.606656125295558, 65.554217270444497, 24.999984977783242 ], [ 39.594655272245291, 65.530307488894323, 24.999984977783242 ], [ 39.576180293734069, 65.509035185939865, 24.999984977783242 ], [ 39.576180293763173, 65.509035185910761, 24.999984977783242 ], [ 39.560006613523001, 65.484422873138101, 24.999984977783242 ], [ 39.543740817985963, 65.470798568523605, 24.999984977783242 ], [ 39.518236971358419, 65.431505483036744, 24.999984977783242 ], [ 39.518236971416627, 65.431505483036744, 24.999984977783242 ], [ 39.517642286649789, 65.430475683620898, 24.999984977783242 ], [ 39.517642286649789, 65.430475683591794, 24.999984977783242 ], [ 39.516402245935751, 65.4277969677496, 24.999984977783242 ], [ 39.477158810870606, 65.369310867477907, 24.999984977783242 ], [ 39.453098037498421, 65.338903905154439, 24.999984977783242 ], [ 39.423436406214023, 65.314709113517893, 24.999984977783242 ], [ 39.391109022268211, 65.286621315448429, 24.999984977783242 ], [ 39.351336419567815, 65.258752320660278, 24.999984977783242 ], [ 39.325425218848977, 65.24355370370904, 24.999984977783242 ], [ 39.287570781772956, 65.226441262711887, 24.999984977783242 ], [ 39.251391964731738, 65.209330083642271, 24.999984977783242 ], [ 39.226055226521567, 65.199598745064577, 24.999984977783242 ], [ 39.169692559182295, 65.180355401913403, 24.999984977783242 ], [ 39.167783480035723, 65.179827483691042, 24.999984977783242 ], [ 39.167783480035723, 65.179827483691042, 24.999984977783242 ], [ 39.163687052248861, 65.178747793615912, 24.999984977783242 ], [ 39.163687052205205, 65.178747793586808, 24.999984977783242 ], [ 39.109878127026604, 65.163604313522228, 24.999984977783242 ], [ 39.082820720868767, 65.157269244300551, 24.999984977783242 ], [ 39.045232194373966, 65.150139744888293, 24.999984977783242 ], [ 38.989144833176397, 65.141985101945465, 24.999984977783242 ], [ 38.979548510513268, 65.141223237878876, 24.999984977783242 ], [ 38.96124104502087, 65.139635556843132, 24.999984977783242 ], [ 38.918446132505778, 65.136501137880259, 24.999984977783242 ], [ 38.898227106110426, 65.134998810710385, 24.999984977783242 ], [ 38.861032868619077, 65.134191140081384, 24.999984977783242 ], [ 38.814696589455707, 65.128740492757061, 24.999984977783242 ], [ 38.809503167780349, 65.128858923082589, 24.999984977783242 ], [ 38.802100826083915, 65.128718082094565, 24.999984977783242 ], [ 38.761383260265575, 65.130762334927567, 24.999984977783242 ], [ 38.722918266779743, 65.130576772542554, 24.999984977783242 ], [ 38.699846104107564, 65.132773610574077, 24.999984977783242 ], [ 38.667909209238132, 65.134476640014327, 24.999984977783242 ], [ 38.648607444294612, 65.136297113887849, 24.999984977783242 ], [ 38.622881563744158, 65.13760094497411, 24.999984977783242 ], [ 38.588257389419596, 65.141793908609543, 24.999984977783242 ], [ 38.588257389390492, 65.141793908609543, 24.999984977783242 ], [ 38.535768016430666, 65.144455024565104, 24.999984977783242 ], [ 38.529812556051183, 65.144970154331531, 24.999984977783242 ], [ 38.524144282215275, 65.145559402939398, 24.999984977783242 ], [ 38.519048410627875, 65.146009601812693, 24.999984977783242 ], [ 38.468732029214152, 65.153320297060418, 24.999984977783242 ], [ 38.418014972296078, 65.157850033778232, 24.999984977783242 ], [ 38.407261205647956, 65.159130554093281, 24.999984977783242 ], [ 38.391072905913461, 65.161002388762427, 24.999984977783242 ], [ 38.336717623329605, 65.168297542244545, 24.999984977783242 ], [ 38.310541591985384, 65.172472173318965, 24.999984977783242 ], [ 38.265551347460132, 65.179564306556131, 24.999984977783242 ], [ 38.209768992688623, 65.186675190925598, 24.999984977783242 ], [ 38.199676736301626, 65.187953091255622, 24.999984977783242 ], [ 38.18260234259651, 65.190087959228549, 24.999984977783242 ], [ 38.182602342625614, 65.190087959199445, 24.999984977783242 ], [ 38.136648479528958, 65.196111685203505, 24.999984977783242 ], [ 38.117126603101497, 65.200187959242612, 24.999984977783242 ], [ 38.069570665422361, 65.209392186996411, 24.999984977783242 ], [ 38.026767492934596, 65.217078659290564, 24.999984977783242 ], [ 37.935435578387114, 65.233907309841015, 24.999984977783242 ], [ 37.932870673233992, 65.234349207414198, 24.999984977783242 ], [ 37.926158946589567, 65.23537103831768, 24.999984977783242 ], [ 37.926158946545911, 65.23537103831768, 24.999984977783242 ], [ 37.836782319718623, 65.248863234475721, 24.999984977783242 ], [ 37.804783174375189, 65.254286631781724, 24.999984977783242 ], [ 37.804783174287877, 65.254286631781724, 24.999984977783242 ], [ 37.739086043831776, 65.263396005510003, 24.999984977783242 ], [ 37.675130034273025, 65.272213028365513, 24.999984977783242 ], [ 37.675130034243921, 65.272213028365513, 24.999984977783242 ], [ 37.64021713504917, 65.27655296503508, 24.999984977783242 ], [ 37.546667157526826, 65.285304386139615, 24.999984977783242 ], [ 37.54184368949791, 65.285751360017457, 24.999984977783242 ], [ 37.540436265349854, 65.285933915511123, 24.999984977783242 ], [ 37.462767213131883, 65.290322991480934, 24.999984977783242 ], [ 37.434359432401834, 65.292197283968562, 24.999984977783242 ], [ 37.366839908383554, 65.292509213206358, 24.999984977783242 ], [ 37.336265819394612, 65.293529518865398, 24.999984977783242 ], [ 37.318913197130314, 65.297698238689918, 24.999984977783242 ], [ 37.31891319710121, 65.297698238689918, 24.999984977783242 ], [ 37.26346447521064, 65.299004634842277, 24.999984977783242 ], [ 37.230055662148516, 65.296365090325708, 24.999984977783242 ], [ 37.23005566217762, 65.296365090325708, 24.999984977783242 ], [ 37.225788509851554, 65.296578660330852, 24.999984977783242 ], [ 37.222809704573592, 65.296386274683755, 24.999984977783242 ], [ 37.160028922589845, 65.298724060296081, 24.999984977783242 ], [ 37.126130151737016, 65.295102370786481, 24.999984977783242 ], [ 37.108883515524212, 65.296054577891482, 24.999984977783242 ], [ 37.098450698671513, 65.294425301675801, 24.999984977783242 ], [ 37.056768731315969, 65.295948576240335, 24.999984977783242 ], [ 37.028751003323123, 65.292253548919689, 24.999984977783242 ], [ 37.000036376426578, 65.293337716677343, 24.999984977783242 ], [ 36.987898109073285, 65.288634442797047, 24.999984977783242 ], [ 36.962083495905972, 65.288554579863558, 24.999984977783242 ], [ 36.935426577809267, 65.286168096019537, 24.999984977783242 ], [ 36.893637308909092, 65.284231869431096, 24.999984977783242 ], [ 36.826274452832877, 65.27822333452059, 24.999984977783242 ], [ 36.801984221907333, 65.275014699000167, 24.999984977783242 ], [ 36.733873415054404, 65.266539268108318, 24.999984977783242 ], [ 36.7338734150253, 65.266539268108318, 24.999984977783242 ], [ 36.720988805464003, 65.265204608964268, 24.999984977783242 ], [ 36.713548200510559, 65.264754740026547, 24.999984977783242 ], [ 36.646105723411893, 65.261883498678799, 24.999984977783242 ], [ 36.594998880187632, 65.257934189910884, 24.999984977783242 ], [ 36.583489473283407, 65.257490322808735, 24.999984977783242 ], [ 36.583489473254303, 65.257490322808735, 24.999984977783242 ], [ 36.574791108432692, 65.25694711554388, 24.999984977783242 ], [ 36.541372534498805, 65.2562540492072, 24.999984977783242 ], [ 36.4937584859872, 65.256029866723111, 24.999984977783242 ], [ 36.48855879198527, 65.255646620600601, 24.999984977783242 ], [ 36.474838556736358, 65.25602418363269, 24.999984977783242 ], [ 36.474838556649047, 65.25602418363269, 24.999984977783242 ], [ 36.425665499089519, 65.256868803771795, 24.999984977783242 ], [ 36.412501675498788, 65.257196910664788, 24.999984977783242 ], [ 36.412501675498788, 65.257196910664788, 24.999984977783242 ], [ 36.367110774561297, 65.266540266311495, 24.999984977783242 ], [ 36.353105434056488, 65.269721416858374, 24.999984977783242 ], [ 36.340721170316101, 65.271093760529766, 24.999984977783242 ], [ 36.31688559698523, 65.277055945291067, 24.999984977783242 ], [ 36.298668279414414, 65.27867832496122, 24.999984977783242 ], [ 36.282161807350349, 65.28128963871859, 24.999984977783242 ], [ 36.265280496416381, 65.282613135597785, 24.999984977783242 ], [ 36.24496966827428, 65.286102654659771, 24.999984977783242 ], [ 36.228147587418789, 65.286974741553422, 24.999984977783242 ], [ 36.210054237904842, 65.289302764926106, 24.999984977783242 ], [ 36.193511601959472, 65.290070979812299, 24.999984977783242 ], [ 36.173975414407323, 65.294259310991038, 24.999984977783242 ], [ 36.156096773978788, 65.295393520500511, 24.999984977783242 ], [ 36.156096773949685, 65.295393520500511, 24.999984977783242 ], [ 36.14101771840069, 65.298502972131246, 24.999984977783242 ], [ 36.125467335150461, 65.299614822142757, 24.999984977783242 ], [ 36.104590066403034, 65.302537337265676, 24.999984977783242 ], [ 36.081921699864324, 65.302943908172892, 24.999984977783242 ], [ 36.071017197929905, 65.304710595111828, 24.999984977783242 ], [ 36.058876822906313, 65.305599191517103, 24.999984977783242 ], [ 36.034067206768668, 65.309079662110889, 24.999984977783242 ], [ 36.014214852039004, 65.30972696164099, 24.999984977783242 ], [ 36.0142148520099, 65.30972696164099, 24.999984977783242 ], [ 35.999648806537152, 65.312075831447146, 24.999984977783242 ], [ 35.978659082931699, 65.313491515567875, 24.999984977783242 ], [ 35.961910427111434, 65.315806972634164, 24.999984977783242 ], [ 35.952339176830719, 65.316165827724035, 24.999984977783242 ], [ 35.92475636335439, 65.321305857112748, 24.999984977783242 ], [ 35.89502614425146, 65.324866100418149, 24.999984977783242 ], [ 35.885526674188441, 65.327833756848122, 24.999984977783242 ], [ 35.860905458626803, 65.331975192384562, 24.999984977783242 ], [ 35.844068699632771, 65.335706853875308, 24.999984977783242 ], [ 35.837403803991037, 65.336940998095088, 24.999984977783242 ], [ 35.800748730209307, 65.347093792050146, 24.999984977783242 ], [ 35.776090983956237, 65.350764196875389, 24.999984977783242 ], [ 35.760167315151193, 65.357862081902567, 24.999984977783242 ], [ 35.713002648932161, 65.366828808997525, 24.999984977783242 ], [ 35.708319340803428, 65.36922020323982, 24.999984977783242 ], [ 35.692670011791051, 65.374660489149392, 24.999984977783242 ], [ 35.668596904608421, 65.38501002654084, 24.999984977783242 ], [ 35.660162296509952, 65.386805172543973, 24.999984977783242 ], [ 35.633510643179761, 65.402711746311979, 24.999984977783242 ], [ 35.633510643121554, 65.402711746341083, 24.999984977783242 ], [ 35.601414961740375, 65.426993401080836, 24.999984977783242 ], [ 35.57904466461332, 65.459968933093478, 24.999984977783242 ], [ 35.567969184354297, 65.475678379574674, 24.999984977783242 ], [ 35.56222981098108, 65.485879063824541, 24.999984977783242 ], [ 35.542688469489804, 65.520567000785377, 24.999984977783242 ], [ 35.532863110973267, 65.547902638325468, 24.999984977783242 ], [ 35.525332969787996, 65.57255270985479, 24.999984977783242 ], [ 35.514520797558362, 65.616401312538073, 24.999984977783242 ], [ 35.511271322407993, 65.635612836747896, 24.999984977783242 ], [ 35.510933793819277, 65.677353184408275, 24.999984977783242 ], [ 35.513021342645516, 65.702469322641264, 24.999984977783242 ], [ 35.518863261386286, 65.725183503629523, 24.999984977783242 ], [ 35.526846654654946, 65.748240396816982, 24.999984977783242 ], [ 35.53101006806537, 65.766968966592685, 24.999984977783242 ], [ 35.54592072419473, 65.793386323421146, 24.999984977783242 ], [ 35.5559057463106, 65.808100230395212, 24.999984977783242 ], [ 35.595279486748041, 65.854570660085301, 24.999984977783242 ], [ 35.607855363530689, 65.869788306983537, 24.999984977783242 ], [ 35.678982428507879, 65.91930957887962, 24.999984977783242 ], [ 35.678982428536983, 65.91930957887962, 24.999984977783242 ], [ 35.690496616778546, 65.927695731268614, 24.999984977783242 ], [ 35.759142361173872, 65.959507168372511, 24.999984977783242 ], [ 35.767907565197675, 65.964147534206859, 24.999984977783242 ], [ 35.770400629698997, 65.965160942912917, 24.999984977783242 ], [ 35.85718149135937, 65.992660011484986, 24.999984977783242 ], [ 35.866987419009092, 65.996405860030791, 24.999984977783242 ], [ 35.884428686302272, 66.000602972970228, 24.999984977783242 ], [ 35.981338472629432, 66.014216126859537, 24.999984977783242 ], [ 36.102379927862785, 66.021374233896495, 24.999984977783242 ], [ 36.102901416321401, 66.021394419411081, 24.999984977783242 ], [ 36.103018742753193, 66.021394013470854, 24.999984977783242 ], [ 36.103221529527218, 66.0214055897668, 24.999984977783242 ], [ 36.203996466807439, 66.02361671050312, 24.999984977783242 ], [ 36.220094729185803, 66.026922097415081, 24.999984977783242 ], [ 36.251875311805634, 66.026710270889453, 24.999984977783242 ], [ 36.288129133696202, 66.02770643052645, 24.999984977783242 ], [ 36.288129133696202, 66.027706430497346, 24.999984977783242 ], [ 36.323483927801135, 66.026612190238666, 24.999984977783242 ], [ 36.338522078862297, 66.028878146200441, 24.999984977783242 ], [ 36.391427638998721, 66.027999836456729, 24.999984977783242 ], [ 36.440635373583063, 66.030458742141491, 24.999984977783242 ], [ 36.449163117475109, 66.029941590226372, 24.999984977783242 ], [ 36.453774249923299, 66.030564684449928, 24.999984977783242 ] ], [ [ 36.85940617385495, 65.860255632404005, 29.999984977783242 ], [ 36.798769381581224, 65.853899325433304, 29.999984977783242 ], [ 36.756403756677173, 65.85502951896342, 29.999984977783242 ], [ 36.694057136890478, 65.852801783083123, 29.999984977783242 ], [ 36.694057136846823, 65.852801783083123, 29.999984977783242 ], [ 36.675082510118955, 65.851971321142628, 29.999984977783242 ], [ 36.66007467979216, 65.852006449291366, 29.999984977783242 ], [ 36.631895408660057, 65.84964014365687, 29.999984977783242 ], [ 36.631895408660057, 65.849640143627767, 29.999984977783242 ], [ 36.56213269761065, 65.847885014169151, 29.999984977783242 ], [ 36.559843642346095, 65.847763037236291, 29.999984977783242 ], [ 36.557637227291707, 65.847783344608615, 29.999984977783242 ], [ 36.506319715161226, 65.845174240894266, 29.999984977783242 ], [ 36.457432601091568, 65.842949945377768, 29.999984977783242 ], [ 36.436153627262684, 65.840201930826879, 29.999984977783242 ], [ 36.420694449087023, 65.840783750682021, 29.999984977783242 ], [ 36.38643381356087, 65.838793617978808, 29.999984977783242 ], [ 36.358934543197392, 65.836381718487246, 29.999984977783242 ], [ 36.312145450821845, 65.827679331356194, 29.999984977783242 ], [ 36.27247879288916, 65.825813636780367, 29.999984977783242 ], [ 36.271173505738261, 65.825635170011083, 29.999984977783242 ], [ 36.270009848944028, 65.825549211876933, 29.999984977783242 ], [ 36.184299956614268, 65.811358505452517, 29.999984977783242 ], [ 36.171291390957776, 65.809572412108537, 29.999984977783242 ], [ 36.114037822932005, 65.789071226652595, 29.999984977783242 ], [ 36.067414947567158, 65.775564540672349, 29.999984977783242 ], [ 36.031033597726491, 65.761946391925449, 29.999984977783242 ], [ 35.997449722330202, 65.740123365307227, 29.999984977783242 ], [ 35.972634756675689, 65.726323670707643, 29.999984977783242 ], [ 35.968194804547238, 65.711542788092629, 29.999984977783242 ], [ 35.94297925234423, 65.68440760995145, 29.999984977783242 ], [ 35.947637882112758, 65.663938787722145, 29.999984977783242 ], [ 35.945988417632179, 65.632232829040731, 29.999984977783242 ], [ 35.945988417675835, 65.632232829011627, 29.999984977783242 ], [ 35.967897839014768, 65.601670360265416, 29.999984977783242 ], [ 35.984731614618795, 65.584959725747467, 29.999984977783242 ], [ 36.015891142204055, 65.555924335727468, 29.999984977783242 ], [ 36.03776323319471, 65.545873570270487, 29.999984977783242 ], [ 36.077899287149194, 65.522592343535507, 29.999984977783242 ], [ 36.104837398772361, 65.510455014446052, 29.999984977783242 ], [ 36.125912332325242, 65.497770175599726, 29.999984977783242 ], [ 36.126018122842652, 65.497729794151383, 29.999984977783242 ], [ 36.126501466220361, 65.497585426157457, 29.999984977783242 ], [ 36.126501466278569, 65.497585426128353, 29.999984977783242 ], [ 36.1995832677203, 65.47489703053725, 29.999984977783242 ], [ 36.232459746155655, 65.469339852235862, 29.999984977783242 ], [ 36.279953637713334, 65.458649842054001, 29.999984977783242 ], [ 36.334308659585076, 65.448209755399148, 29.999984977783242 ], [ 36.33430865961418, 65.448209755399148, 29.999984977783242 ], [ 36.346306705614552, 65.446044857628294, 29.999984977783242 ], [ 36.35269571513345, 65.445528327385546, 29.999984977783242 ], [ 36.38685646544036, 65.44444364492665, 29.999984977783242 ], [ 36.427590536375646, 65.439096282643732, 29.999984977783242 ], [ 36.439948812971124, 65.43758892751066, 29.999984977783242 ], [ 36.450377539746114, 65.436197744449601, 29.999984977783242 ], [ 36.512444754960597, 65.433131221856456, 29.999984977783242 ], [ 36.569382962639793, 65.430841475506895, 29.999984977783242 ], [ 36.596238780766726, 65.429986850445857, 29.999984977783242 ], [ 36.632699491892708, 65.430367725726683, 29.999984977783242 ], [ 36.632699491921812, 65.430367725726683, 29.999984977783242 ], [ 36.683859141252469, 65.430222328621312, 29.999984977783242 ], [ 36.746395738024148, 65.429867915838258, 29.999984977783242 ], [ 36.778136877837824, 65.429531959758606, 29.999984977783242 ], [ 36.801376378891291, 65.429378474946134, 29.999984977783242 ], [ 36.801376378978603, 65.429378474946134, 29.999984977783242 ], [ 36.878502861800371, 65.429067098637461, 29.999984977783242 ], [ 36.943866120200255, 65.428995271009626, 29.999984977783242 ], [ 36.960373113513924, 65.429256063463981, 29.999984977783242 ], [ 36.974167643551482, 65.428830116987228, 29.999984977783242 ], [ 36.988307500258088, 65.432081047081738, 29.999984977783242 ], [ 37.053193304658635, 65.428129983207327, 29.999984977783242 ], [ 37.053193304687738, 65.428129983207327, 29.999984977783242 ], [ 37.064995876338799, 65.428200865033432, 29.999984977783242 ], [ 37.079084194177995, 65.427703184148413, 29.999984977783242 ], [ 37.102824366680579, 65.432858280037181, 29.999984977783242 ], [ 37.174936121286009, 65.428994022644474, 29.999984977783242 ], [ 37.174936121344217, 65.428994022644474, 29.999984977783242 ], [ 37.198441827058559, 65.428576353340759, 29.999984977783242 ], [ 37.223308192900731, 65.427393906895304, 29.999984977783242 ], [ 37.280103632088867, 65.428414832887938, 29.999984977783242 ], [ 37.280103632147075, 65.428414832917042, 29.999984977783242 ], [ 37.313692375581013, 65.427845271056867, 29.999984977783242 ], [ 37.334817118520732, 65.429470979594043, 29.999984977783242 ], [ 37.381209351500729, 65.426388952531852, 29.999984977783242 ], [ 37.425727938010823, 65.425633304112125, 29.999984977783242 ], [ 37.458151187267504, 65.427061266716919, 29.999984977783242 ], [ 37.458151187296608, 65.427061266746023, 29.999984977783242 ], [ 37.517494552841526, 65.424113666798803, 29.999984977783242 ], [ 37.547311945207184, 65.415829343270161, 29.999984977783242 ], [ 37.56157463369891, 65.414447205868782, 29.999984977783242 ], [ 37.622462193045067, 65.41384934920643, 29.999984977783242 ], [ 37.661555773069267, 65.401656504371203, 29.999984977783242 ], [ 37.661555773098371, 65.4016565043421, 29.999984977783242 ], [ 37.666138531480101, 65.40082742604136, 29.999984977783242 ], [ 37.759912399342284, 65.386164733718033, 29.999984977783242 ], [ 37.778518839797471, 65.383637534279842, 29.999984977783242 ], [ 37.846965712407837, 65.377772970939986, 29.999984977783242 ], [ 37.846965712436941, 65.377772970939986, 29.999984977783242 ], [ 37.89094274843228, 65.368570003411151, 29.999984977783242 ], [ 37.937675477849552, 65.363805497370777, 29.999984977783242 ], [ 37.937675477878656, 65.363805497370777, 29.999984977783242 ], [ 38.001137603991083, 65.351257090034778, 29.999984977783242 ], [ 38.027443166662124, 65.347528235914069, 29.999984977783242 ], [ 38.027443166691228, 65.347528235914069, 29.999984977783242 ], [ 38.101336561434437, 65.338102769179386, 29.999984977783242 ], [ 38.101336561478092, 65.338102769179386, 29.999984977783242 ], [ 38.1091231333412, 65.337965840415563, 29.999984977783242 ], [ 38.113455209619133, 65.336989178773365, 29.999984977783242 ], [ 38.180346901281155, 65.332354693236994, 29.999984977783242 ], [ 38.222949962204439, 65.326308526055072, 29.999984977783242 ], [ 38.256823904113844, 65.321420775100705, 29.999984977783242 ], [ 38.256823904142948, 65.321420775100705, 29.999984977783242 ], [ 38.322094592396752, 65.31464464153396, 29.999984977783242 ], [ 38.322094592469512, 65.314644641504856, 29.999984977783242 ], [ 38.324722523699165, 65.314588113265927, 29.999984977783242 ], [ 38.326841930378578, 65.314208403069642, 29.999984977783242 ], [ 38.394737503331271, 65.308944997217623, 29.999984977783242 ], [ 38.426076396484859, 65.305120220160461, 29.999984977783242 ], [ 38.44997769992915, 65.302196617572918, 29.999984977783242 ], [ 38.517325330962194, 65.293898517804337, 29.999984977783242 ], [ 38.517325331020402, 65.293898517775233, 29.999984977783242 ], [ 38.528163851224235, 65.292792867257958, 29.999984977783242 ], [ 38.532090363645693, 65.292620545646059, 29.999984977783242 ], [ 38.537095195657457, 65.292478965144255, 29.999984977783242 ], [ 38.604402774886694, 65.292029260934214, 29.999984977783242 ], [ 38.628446682225331, 65.288881179134478, 29.999984977783242 ], [ 38.628446682254435, 65.288881179134478, 29.999984977783242 ], [ 38.67967566580046, 65.286485327989794, 29.999984977783242 ], [ 38.743021002650494, 65.288130401691888, 29.999984977783242 ], [ 38.778531118936371, 65.291878415300744, 29.999984977783242 ], [ 38.841174440705799, 65.298323342343792, 29.999984977783242 ], [ 38.84619673078123, 65.299772239101003, 29.999984977783242 ], [ 38.846196730810334, 65.299772239101003, 29.999984977783242 ], [ 38.857103977963561, 65.30119239227497, 29.999984977783242 ], [ 38.857103977992665, 65.30119239227497, 29.999984977783242 ], [ 38.920394529704936, 65.313202617515344, 29.999984977783242 ], [ 38.939427345918375, 65.315671003467287, 29.999984977783242 ], [ 38.983392862079199, 65.324531350575853, 29.999984977783242 ], [ 39.029941877699457, 65.335944348684279, 29.999984977783242 ], [ 39.088606620542123, 65.362268072669394, 29.999984977783242 ], [ 39.12584067734133, 65.377098648765241, 29.999984977783242 ], [ 39.141706252237782, 65.385355234524468, 29.999984977783242 ], [ 39.159916424716357, 65.400796190311667, 29.999984977783242 ], [ 39.185735750899767, 65.427234270406188, 29.999984977783242 ], [ 39.221068026978173, 65.467787079556729, 29.999984977783242 ], [ 39.2238817622856, 65.471630939820898, 29.999984977783242 ], [ 39.242158948050928, 65.504674445168348, 29.999984977783242 ], [ 39.251461890948121, 65.516553716734052, 29.999984977783242 ], [ 39.268275898735737, 65.555145410253317, 29.999984977783242 ], [ 39.277311815414578, 65.591218248591758, 29.999984977783242 ], [ 39.279646096212673, 65.618413706746651, 29.999984977783242 ], [ 39.273785833807779, 65.64708742723451, 29.999984977783242 ], [ 39.268959415028803, 65.685242216553888, 29.999984977783242 ], [ 39.259064992511412, 65.695742523021181, 29.999984977783242 ], [ 39.24952794823912, 65.700051546198665, 29.999984977783242 ], [ 39.216673292670748, 65.715658019806142, 29.999984977783242 ], [ 39.194763065999723, 65.719951688632136, 29.999984977783242 ], [ 39.184880384913413, 65.730424728579237, 29.999984977783242 ], [ 39.172780670749489, 65.735357221070444, 29.999984977783242 ], [ 39.172780670705833, 65.735357221070444, 29.999984977783242 ], [ 39.095678293713718, 65.760356000697357, 29.999984977783242 ], [ 39.057392051181523, 65.771270169381751, 29.999984977783242 ], [ 39.021346530236769, 65.778486520357546, 29.999984977783242 ], [ 38.960306898472481, 65.792132512724493, 29.999984977783242 ], [ 38.960099699586863, 65.792181266311673, 29.999984977783242 ], [ 38.904476633833838, 65.799109322222648, 29.999984977783242 ], [ 38.86823513667332, 65.807171269043465, 29.999984977783242 ], [ 38.839536920801038, 65.81166094596847, 29.999984977783242 ], [ 38.776246412307955, 65.81933295741328, 29.999984977783242 ], [ 38.773699589277385, 65.819494283947279, 29.999984977783242 ], [ 38.771673711424228, 65.819812935136724, 29.999984977783242 ], [ 38.717155058446224, 65.823617295347503, 29.999984977783242 ], [ 38.670401148250676, 65.828472902896465, 29.999984977783242 ], [ 38.650473908288404, 65.829691064733197, 29.999984977783242 ], [ 38.625619212238234, 65.832398435974028, 29.999984977783242 ], [ 38.594212132768007, 65.834378605490201, 29.999984977783242 ], [ 38.566036436153809, 65.836740888582426, 29.999984977783242 ], [ 38.526780623811646, 65.837729109596694, 29.999984977783242 ], [ 38.484686218085699, 65.841323455708334, 29.999984977783242 ], [ 38.469564359867945, 65.841842524387175, 29.999984977783242 ], [ 38.452836170094088, 65.842311997126671, 29.999984977783242 ], [ 38.401246435270878, 65.842394619452534, 29.999984977783242 ], [ 38.352746223448776, 65.845957665704191, 29.999984977783242 ], [ 38.343285694849328, 65.846620864569559, 29.999984977783242 ], [ 38.333051785215503, 65.84732832267764, 29.999984977783242 ], [ 38.275345344009111, 65.848168248354341, 29.999984977783242 ], [ 38.22452950180741, 65.851351239572978, 29.999984977783242 ], [ 38.216431643944816, 65.851217657225789, 29.999984977783242 ], [ 38.205863805764238, 65.851793545662076, 29.999984977783242 ], [ 38.147508327034302, 65.850513245386537, 29.999984977783242 ], [ 38.101429523245315, 65.855007753300015, 29.999984977783242 ], [ 38.089077635406284, 65.854561010390171, 29.999984977783242 ], [ 38.071061059134081, 65.855189913956565, 29.999984977783242 ], [ 38.018995994221768, 65.852216781509924, 29.999984977783242 ], [ 37.983567756658886, 65.854445428980398, 29.999984977783242 ], [ 37.95984022160701, 65.853149590533576, 29.999984977783242 ], [ 37.959840221577906, 65.853149590533576, 29.999984977783242 ], [ 37.922121463023359, 65.853755654636188, 29.999984977783242 ], [ 37.889397659047972, 65.852541982007097, 29.999984977783242 ], [ 37.889397659018869, 65.852541982007097, 29.999984977783242 ], [ 37.867272314091679, 65.852725454722531, 29.999984977783242 ], [ 37.829391407693038, 65.850910217079218, 29.999984977783242 ], [ 37.766417092250776, 65.850817990882206, 29.999984977783242 ], [ 37.757414812964271, 65.850674560526386, 29.999984977783242 ], [ 37.75114445440704, 65.850876779251848, 29.999984977783242 ], [ 37.693809044678346, 65.850396626454312, 29.999984977783242 ], [ 37.637117940204917, 65.851729690781212, 29.999984977783242 ], [ 37.63275455441908, 65.851500400065561, 29.999984977783242 ], [ 37.63275455441908, 65.851500400036457, 29.999984977783242 ], [ 37.611246078537079, 65.851743541381438, 29.999984977783242 ], [ 37.553954529023031, 65.850566931534559, 29.999984977783242 ], [ 37.553954529023031, 65.850566931534559, 29.999984977783242 ], [ 37.522214306372916, 65.853005450684577, 29.999984977783242 ], [ 37.443989270861493, 65.854222124937223, 29.999984977783242 ], [ 37.421092373027932, 65.853664114241838, 29.999984977783242 ], [ 37.409830109842005, 65.854273316595936, 29.999984977783242 ], [ 37.352089996624272, 65.855811468951288, 29.999984977783242 ], [ 37.296878280583769, 65.85581940204429, 29.999984977783242 ], [ 37.254332585594966, 65.856406209830311, 29.999984977783242 ], [ 37.254332585536758, 65.856406209830311, 29.999984977783242 ], [ 37.18221392823034, 65.855109394557076, 29.999984977783242 ], [ 37.104349828630802, 65.856887034111423, 29.999984977783242 ], [ 37.104349828601698, 65.856887034111423, 29.999984977783242 ], [ 37.071787450942793, 65.856344972227816, 29.999984977783242 ], [ 37.062855065320036, 65.85664229815302, 29.999984977783242 ], [ 37.04530225849885, 65.856901272738469, 29.999984977783242 ], [ 37.045302258440643, 65.856901272738469, 29.999984977783242 ], [ 36.96702353649016, 65.856874637902365, 29.999984977783242 ], [ 36.930261617409997, 65.855089331787894, 29.999984977783242 ], [ 36.870854384018457, 65.860291218748898, 29.999984977783242 ], [ 36.85940617385495, 65.860255632404005, 29.999984977783242 ] ] ] ] } },
{ "type": "Feature", "properties": { "gid": 11, "objectid": 11.0, "shape_leng": 1.3373282688699999, "shape_area": 0.025501957798100001, "z_mean": 2.8423539405599998 }, "geometry": { "type": "MultiPolygon", "coordinates": [ [ [ [ 33.679934427476837, 66.355252650435432, 5.037384977783177 ], [ 33.727067447834997, 66.343961646853131, 5.037384977783177 ], [ 33.728123566208524, 66.343708647211315, 4.993584977783257 ], [ 33.764754449832253, 66.344534474221291, 4.993584977783257 ], [ 33.766517787764315, 66.34457422788546, 5.101884977783129 ], [ 33.825137732710573, 66.327017427640385, 5.101884977783129 ], [ 33.826049267343478, 66.326744421050535, 5.129584977783225 ], [ 33.843285026930971, 66.317875038395869, 5.129584977783225 ], [ 33.845039183448534, 66.31697236362379, 5.0988849777832 ], [ 33.890416193331475, 66.299219735679799, 5.0988849777832 ], [ 33.891263105368125, 66.298888402379816, 5.148884977783155 ], [ 33.905020477279322, 66.280493681493681, 5.148884977783155 ], [ 33.906275298111723, 66.278815884361393, 5.090084977783135 ], [ 33.934990447029122, 66.258898582207621, 5.090084977783135 ], [ 33.935598205411225, 66.258477030933136, 5.045984977783291 ], [ 33.938273193751229, 66.255832745489897, 4.73948497778315 ], [ 33.930323580018012, 66.257226878267829, 4.73278497778324 ], [ 33.899386940858676, 66.262652271674597, 3.565484977783171 ], [ 33.858770927690784, 66.269775147884502, 0.621084977783084 ], [ 33.804800743702799, 66.279239960145787, 2.241884977783229 ], [ 33.705286142998375, 66.296691948300577, 2.608484977783291 ], [ 33.634980072427425, 66.309021603461588, -0.000015022216758 ], [ 33.60261804817128, 66.314696968285716, -0.000015022216758 ], [ 33.566699219009024, 66.320996094000293, -0.000015022216758 ], [ 33.415820313006407, 66.31562500000291, -0.000015022216758 ], [ 33.360546875017462, 66.329541016020812, -0.000015022216758 ], [ 33.476953125020373, 66.346875000017462, -0.000015022216758 ], [ 33.554021602059947, 66.371852693118853, -0.000015022216758 ], [ 33.558332743676146, 66.373249922908144, -0.000015022216758 ], [ 33.593261719011934, 66.384570313006407, 4.026784977783109 ], [ 33.593794377491577, 66.385063561392599, 4.134984977783233 ], [ 33.602480040179216, 66.393106593255652, 3.910184977783274 ], [ 33.620618869797909, 66.409903375475551, 2.12688497778322 ], [ 33.633463599791867, 66.421797755479929, 4.567184977783199 ], [ 33.635632145553245, 66.42380585585488, 4.74558497778321 ], [ 33.657903072380577, 66.409298521393794, 5.074584977783161 ], [ 33.658007107209414, 66.409230752862641, 5.073784977783134 ], [ 33.658916078682523, 66.40857939448324, 5.06478497778312 ], [ 33.659267746814294, 66.40832739319012, 5.082484977783224 ], [ 33.658104183603427, 66.407878692320082, 5.047684977783092 ], [ 33.632760612395941, 66.398105538188247, 5.125184977783192 ], [ 33.606814780388959, 66.388100136304274, 5.125184977783192 ], [ 33.605528731553932, 66.387121386374929, 5.213084977783183 ], [ 33.605415955520584, 66.387035557956551, 5.213084977783183 ], [ 33.604903892744915, 66.386645851598587, 5.121384977783237 ], [ 33.605390393888229, 66.386418953159591, 5.121384977783237 ], [ 33.606978966854513, 66.385678061313229, 5.088284977783132 ], [ 33.659992718632566, 66.368279047906981, 5.088284977783132 ], [ 33.660686336152139, 66.368051403929712, 5.109884977783167 ], [ 33.677987933318946, 66.356546944953152, 5.109884977783167 ], [ 33.679934427476837, 66.355252650435432, 5.037384977783177 ] ] ] ] } },
{ "type": "Feature", "properties": { "gid": 12, "objectid": 12.0, "shape_leng": 27.0306785633, "shape_area": 2.1780918463200001, "z_mean": 9.4117111703200003 }, "geometry": { "type": "MultiPolygon", "coordinates": [ [ [ [ 33.516928821292822, 66.706567497414653, 4.946284977783307 ], [ 33.583577895667986, 66.68332412847667, 4.946284977783307 ], [ 33.585851116193226, 66.682531359721906, 5.095484977783144 ], [ 33.595710925772437, 66.69771222275449, 5.095484977783144 ], [ 33.598604224273004, 66.702166950562969, 4.997084977783288 ], [ 33.662192679694272, 66.697239016837557, 4.997084977783288 ], [ 33.663636343626422, 66.697127136780182, 4.98688497778312 ], [ 33.665332476433832, 66.693588479276514, 4.98688497778312 ], [ 33.665975973708555, 66.692245944985189, 5.01488497778314 ], [ 33.672332867994555, 66.695380481774919, 5.01488497778314 ], [ 33.673877185661695, 66.696141973210615, 4.996684977783161 ], [ 33.67866443686944, 66.695702734999941, 4.996684977783161 ], [ 33.680798605259042, 66.695506921489141, 4.984584977783243 ], [ 33.72166402253788, 66.684528798039537, 4.984584977783243 ], [ 33.723609289212618, 66.684006219773437, 4.992184977783154 ], [ 33.744992187057505, 66.680988170701312, 4.992184977783154 ], [ 33.746458669498679, 66.680781186776585, 4.991784977783254 ], [ 33.789366266850266, 66.674306982909911, 4.991784977783254 ], [ 33.7912679798319, 66.674020038917661, 4.996284977783262 ], [ 33.861961682647234, 66.669054016543669, 4.996284977783262 ], [ 33.864130310466862, 66.668901676879614, 4.935884977783189 ], [ 33.864769303632784, 66.668701830596547, 4.935884977783189 ], [ 33.866192836198024, 66.668256618169835, 4.950984977783264 ], [ 33.866554409716628, 66.668143535382114, 4.944484977783304 ], [ 33.867013806200703, 66.668042186298408, 4.933584977783084 ], [ 33.921650025760755, 66.634842165280133, 4.933584977783084 ], [ 33.922870845606667, 66.634100326889893, 5.059484977783086 ], [ 33.978788367443485, 66.650320576169179, 5.059484977783086 ], [ 33.981145428697346, 66.651004299637862, 5.028484977783137 ], [ 33.981494307285175, 66.651105500437552, 5.025484977783208 ], [ 33.982911838233122, 66.651516690064454, 4.957684977783174 ], [ 33.983323086577002, 66.651499388972297, 4.946384977783282 ], [ 34.040389186615357, 66.623613412259147, 4.946384977783282 ], [ 34.041797840574873, 66.62292505800724, 5.048884977783246 ], [ 34.075704898059485, 66.632926146514365, 5.048884977783246 ], [ 34.079257979086833, 66.63397414892097, 4.986584977783195 ], [ 34.089355184245505, 66.631725402578013, 4.986584977783195 ], [ 34.091116756841075, 66.631333083103527, 4.99968497778309 ], [ 34.102429142338224, 66.631266241398407, 4.99968497778309 ], [ 34.104226915602339, 66.631255618849536, 4.950184977783238 ], [ 34.15067926577467, 66.612372461051564, 4.950184977783238 ], [ 34.152180424469407, 66.611762231055764, 5.028684977783087 ], [ 34.166597369548981, 66.614364694542019, 5.028684977783087 ], [ 34.168968692145427, 66.614792751977802, 4.98058497778311 ], [ 34.200461699496373, 66.608209372046986, 4.98058497778311 ], [ 34.202339608047623, 66.607816809177166, 4.971184977783196 ], [ 34.252621169216582, 66.592627894016914, 4.971184977783196 ], [ 34.253891189320711, 66.592244249841315, 4.977584977783181 ], [ 34.27511902867991, 66.587663635393255, 4.977584977783181 ], [ 34.276938249327941, 66.587271077849437, 5.000984977783219 ], [ 34.297015075906529, 66.587473177351058, 5.000984977783219 ], [ 34.298779231889057, 66.58749093588267, 4.927584977783226 ], [ 34.334921675283113, 66.573446980313747, 4.927584977783226 ], [ 34.33608666920918, 66.572994295842363, 4.948984977783084 ], [ 34.387223194236867, 66.560877948897542, 4.948984977783084 ], [ 34.389112100761849, 66.5604303892178, 4.798784977783271 ], [ 34.408491345646325, 66.54486030357657, 4.798784977783271 ], [ 34.409520443819929, 66.544033483602107, 4.899884977783131 ], [ 34.455140328413108, 66.530718373280251, 4.899884977783131 ], [ 34.457509615749586, 66.53002684758394, 4.87448497778314 ], [ 34.492818960716249, 66.517863353263238, 4.87448497778314 ], [ 34.494271096555167, 66.517363116086926, 4.886384977783109 ], [ 34.536651870657806, 66.504426998712006, 4.886384977783109 ], [ 34.539155533580924, 66.503662791859824, 5.154784977783265 ], [ 34.553336334181949, 66.522009295862517, 5.154784977783265 ], [ 34.553691079476266, 66.522468249939266, 5.100684977783203 ], [ 34.608082031147205, 66.541473380770185, 5.100684977783203 ], [ 34.610254978775629, 66.542232645908371, 4.951884977783266 ], [ 34.620562919881195, 66.539895914960653, 4.951884977783266 ], [ 34.622904429765185, 66.539365112679661, 5.089684977783236 ], [ 34.627091667833156, 66.544922376866452, 5.089684977783236 ], [ 34.627350912385737, 66.545266443878063, 5.03248497778327 ], [ 34.688508014587569, 66.551443588599795, 5.03248497778327 ], [ 34.690262958174571, 66.55162084584299, 5.075484977783162 ], [ 34.748408741870662, 66.565592928673141, 5.075484977783162 ], [ 34.749234151182463, 66.565791269575129, 5.107084977783188 ], [ 34.783541058393894, 66.568097560098977, 6.956284977783298 ], [ 34.822980247699888, 66.570748869591625, 5.034484977783222 ], [ 34.825217958306894, 66.570899300248129, 4.955884977783171 ], [ 34.883482502264087, 66.561579296874697, 4.955884977783171 ], [ 34.885216283917543, 66.561301960959099, 4.911484977783175 ], [ 34.919088016453316, 66.550096219376428, 4.911484977783175 ], [ 34.919853441577288, 66.549842994776554, 4.918984977783111 ], [ 34.970693876035511, 66.536008464187034, 4.918984977783111 ], [ 34.972399873833638, 66.53554423370224, 4.885384977783133 ], [ 35.00768225932552, 66.521704026803491, 4.885384977783133 ], [ 35.008338146755705, 66.521446742088301, 4.895784977783251 ], [ 35.053618382953573, 66.50747535561095, 4.895784977783251 ], [ 35.055356746292091, 66.506938977079699, 4.867884977783206 ], [ 35.094950136030093, 66.491345333794015, 4.867884977783206 ], [ 35.095628422670416, 66.491078194245347, 4.884784977783283 ], [ 35.137269950166228, 66.479236751358258, 4.884784977783283 ], [ 35.139091109143919, 66.478718875281629, 4.954884977783195 ], [ 35.211014839544077, 66.470605286347563, 4.954884977783195 ], [ 35.212276991529507, 66.470462905213935, 4.930584977783155 ], [ 35.218408779634046, 66.469095137479599, 4.930584977783155 ], [ 35.220346480316948, 66.468662910468993, 4.859084977783141 ], [ 35.283298388094408, 66.442296977751539, 4.859084977783141 ], [ 35.284123558332794, 66.44195137450879, 4.889484977783241 ], [ 35.318884980602888, 66.432823266761261, 4.889484977783241 ], [ 35.320726440113503, 66.432339712278917, 4.808184977783185 ], [ 35.366034830367425, 66.412157599115744, 4.808184977783185 ], [ 35.366814080436598, 66.411810490913922, 4.697984977783108 ], [ 35.38126191374613, 66.408140756277135, 2.481084977783212 ], [ 35.400503729077172, 66.40325335515081, 4.855684977783085 ], [ 35.402563610346988, 66.402730147441616, 4.855084977783235 ], [ 35.461876619403483, 66.387607064432814, 4.855084977783235 ], [ 35.462962285426329, 66.387330251338426, 4.696384977783282 ], [ 35.477313129042159, 66.384834225827944, 2.489184977783225 ], [ 35.497494646187988, 66.38132407804369, 4.887084977783161 ], [ 35.499561247546808, 66.380964636453427, 4.89858497778323 ], [ 35.566761714522727, 66.370322408663924, 4.89858497778323 ], [ 35.56808005120547, 66.370113629760453, 4.708284977783251 ], [ 35.582545539844432, 66.368451308590011, 2.544084977783086 ], [ 35.603338703236659, 66.366061834138236, 4.920784977783114 ], [ 35.605349555960856, 66.365830754279159, 5.010884977783235 ], [ 35.68150644643174, 66.362071463125176, 6.743784977783207 ], [ 35.694030975704663, 66.361453221586999, 5.367584977783281 ], [ 35.708509153788327, 66.360738543182379, 6.392584977783144 ], [ 35.80279660258384, 66.356084283121163, 4.973284977783123 ], [ 35.80433156255458, 66.356008513714187, 4.80808497778321 ], [ 35.804429286188679, 66.3560036898416, 4.81478497778312 ], [ 35.805676840202068, 66.354794012280763, 5.106484977783111 ], [ 35.807033031538595, 66.355244396341732, 5.106484977783111 ], [ 35.808298737305449, 66.35566473059589, 4.901584977783159 ], [ 35.897251176371356, 66.340393668811885, 4.901584977783159 ], [ 35.898666577792028, 66.34015067735163, 4.70868497778315 ], [ 35.911849512223853, 66.338805191378924, 2.768084977783246 ], [ 35.932120661440422, 66.336736263008788, 4.936084977783139 ], [ 35.934118724180735, 66.336532335320953, 4.887184977783136 ], [ 36.002648536115885, 66.325119578075828, 4.887184977783136 ], [ 36.004066171488375, 66.324883489156491, 4.672384977783167 ], [ 36.016948937656707, 66.323491896560881, 2.574784977783111 ], [ 36.038151144224685, 66.32120164045773, 4.921184977783241 ], [ 36.040249805853819, 66.320974943650072, 4.95868497778315 ], [ 36.113686056691222, 66.316502607383882, 4.95868497778315 ], [ 36.115344702702714, 66.316401594274794, 4.68718497778309 ], [ 36.127749961975496, 66.314996959888958, 2.78008497778319 ], [ 36.148020580483717, 66.312701739210752, 4.927584977783226 ], [ 36.150090414521401, 66.312467374082189, 5.075084977783263 ], [ 36.213593947264599, 66.296509792184224, 11.856684977783289 ], [ 36.234453675511759, 66.291268023604061, 10.77378497778318 ], [ 36.261461379966931, 66.284481351467548, 12.422484977783142 ], [ 36.270755656514666, 66.285875492962077, 12.586584977783104 ], [ 36.275738146025105, 66.286622866377002, 11.751384977783118 ], [ 36.324948752750061, 66.285378499669605, 6.227584977783181 ], [ 36.341733584020403, 66.284954069124069, 3.085284977783203 ], [ 36.361911640400649, 66.284443835596903, 4.984484977783268 ], [ 36.363765417700051, 66.284396959934384, 4.938784977783143 ], [ 36.438369133276865, 66.277710048598237, 4.938784977783143 ], [ 36.440014999127015, 66.277562525647227, 4.689984977783297 ], [ 36.448160851359717, 66.276901015269686, 3.441484977783148 ], [ 36.463634996427572, 66.275644387045759, 4.944184977783152 ], [ 36.465724732697709, 66.275474683206994, 4.896484977783302 ], [ 36.545240718463901, 66.264829659936368, 4.896484977783302 ], [ 36.546853612235282, 66.264613737424952, 4.651784977783109 ], [ 36.558135596162174, 66.264266448590206, 2.562884977783142 ], [ 36.581380438365159, 66.263550911840866, 4.9742849777831 ], [ 36.583309887268115, 66.263491518373485, 5.030884977783217 ], [ 36.657679618554539, 66.266780067584477, 5.030884977783217 ], [ 36.659501242975239, 66.266860617848579, 4.687284977783293 ], [ 36.670416541164741, 66.266729130686144, 2.814484977783195 ], [ 36.696734772907803, 66.266412097713328, 4.991784977783254 ], [ 36.698573504705564, 66.266389948068536, 4.961184977783205 ], [ 36.772464210167527, 66.262584044990945, 4.961184977783205 ], [ 36.774235287768533, 66.262492821741034, 4.48668497778317 ], [ 36.781389888798003, 66.262085488036973, 2.584784977783102 ], [ 36.875065911692218, 66.256752220317139, 2.887284977783111 ], [ 36.887025627802359, 66.256071316442103, 4.962284977783156 ], [ 36.888827287664753, 66.255968742334517, 4.927984977783126 ], [ 36.961301243369235, 66.248152659347397, 4.927984977783126 ], [ 36.962632066759397, 66.248009134316817, 4.807684977783083 ], [ 36.984670041376376, 66.245782310754294, 2.792184977783108 ], [ 36.996027243556455, 66.244634724134812, 4.931384977783182 ], [ 36.99786313259392, 66.244449217003421, 4.929184977783279 ], [ 37.070819440239575, 66.236845510895364, 4.929184977783279 ], [ 37.072183477503131, 66.236703347181901, 4.945484977783281 ], [ 37.102650346030714, 66.234421237226343, 4.945484977783281 ], [ 37.104463164214394, 66.234285448706942, 4.883284977783205 ], [ 37.174463998846477, 66.223259031961788, 4.883284977783205 ], [ 37.175553192631924, 66.223087463935371, 4.859684977783218 ], [ 37.201706662031938, 66.217399509652751, 4.859684977783218 ], [ 37.203437471252983, 66.217023086777772, 4.955184977783119 ], [ 37.298847715137526, 66.20854102037265, 5.68958497778317 ], [ 37.301315907709068, 66.208321595593588, 5.625984977783219 ], [ 37.307575370708946, 66.207765123064746, 5.068184977783176 ], [ 37.310588999796892, 66.207497208393761, 4.90748497778327 ], [ 37.312419266265351, 66.206709211372072, 4.799584977783297 ], [ 37.371598337660544, 66.181230444650282, 4.799584977783297 ], [ 37.372239448013715, 66.180954423049116, 4.84648497778312 ], [ 37.398109973597457, 66.174939881122555, 4.84648497778312 ], [ 37.399867019499652, 66.174531392054632, 4.803484977783228 ], [ 37.464017074700678, 66.155346060011652, 4.803484977783228 ], [ 37.464812541365973, 66.155108160106465, 4.818584977783303 ], [ 37.48883364739595, 66.14905744077987, 4.818584977783303 ], [ 37.490642474745982, 66.148601812004927, 4.78618497778325 ], [ 37.556191827490693, 66.129187653306872, 4.78618497778325 ], [ 37.557018730702111, 66.128942744238884, 4.816884977783275 ], [ 37.580489190702792, 66.124054764208267, 4.71518497778311 ], [ 37.657337046446628, 66.108050357652246, 4.143384977783171 ], [ 37.666860276382067, 66.106067040847847, 2.310184977783138 ], [ 37.67952946171863, 66.103428544418421, 4.790384977783106 ], [ 37.681535831739893, 66.103010695893317, 5.132584977783154 ], [ 37.695037736877566, 66.11067437667225, 2.593884977783091 ], [ 37.701262929840595, 66.114207795908442, 8.142184977783245 ], [ 37.705356952865259, 66.116531563209719, 9.924484977783095 ], [ 37.710321670703706, 66.119349536820664, 10.10558497778311 ], [ 37.781770401736139, 66.110437652110704, 13.30198497778315 ], [ 37.8431849139306, 66.102777347376104, 5.62058497778321 ], [ 37.8491965225694, 66.094948055644636, 4.779584977783088 ], [ 37.849573224826599, 66.094749317926471, 4.73058497778311 ], [ 37.869818624603795, 66.084068403128185, 4.73058497778311 ], [ 37.870595020140172, 66.083658798248507, 4.632184977783254 ], [ 37.88059255767439, 66.082804362769821, 2.700384977783187 ], [ 37.894676300114952, 66.081600701450952, 4.917084977783134 ], [ 37.896581531895208, 66.081437871587696, 4.931284977783207 ], [ 37.979743375239195, 66.075484323257115, 4.931284977783207 ], [ 37.981277710583527, 66.075374480336905, 4.647784977783203 ], [ 37.989617385566817, 66.07485070747498, 3.093484977783191 ], [ 38.002086472450173, 66.074067587120226, 4.938684977783169 ], [ 38.003985251343693, 66.07394833440776, 4.965784977783187 ], [ 38.088495710704592, 66.070904803200392, 4.965784977783187 ], [ 38.090167191970977, 66.070844607034815, 4.639084977783114 ], [ 38.099620504435734, 66.070182423805818, 2.852284977783256 ], [ 38.113823477295227, 66.069187537534162, 4.93718497778309 ], [ 38.115721446622047, 66.069054589053849, 4.906084977783166 ], [ 38.197713938381639, 66.060712189297192, 4.906084977783166 ], [ 38.199203593161656, 66.060560623038327, 4.629184977783098 ], [ 38.207649185249466, 66.061191606961074, 2.738384977783198 ], [ 38.215927105324226, 66.061810063823941, 3.498784977783089 ], [ 38.241674254531972, 66.063733675167896, 5.096684977783298 ], [ 38.24273641842592, 66.063813031156315, 4.858484977783291 ], [ 38.391106447816128, 66.057749232684728, 4.858484977783291 ], [ 38.391862327567651, 66.057718340292922, 4.774784977783156 ], [ 38.419206818754901, 66.053546051989542, 2.903984977783239 ], [ 38.425380844360916, 66.052604004318709, 1.96718497778329 ], [ 38.43990553203912, 66.050387792478432, 4.794884977783113 ], [ 38.442266520229168, 66.050027547214995, 5.02988497778324 ], [ 38.608933385738055, 66.055169622908579, 5.02988497778324 ], [ 38.610941142265801, 66.055231567035662, 5.031084977783166 ], [ 38.63609416372492, 66.056035014873487, 5.031084977783166 ], [ 38.637943071560585, 66.05609407342854, 4.658184977783094 ], [ 38.646825068819453, 66.056336265857681, 2.879784977783174 ], [ 38.666146010611556, 66.056863105171942, 5.026384977783209 ], [ 38.667827554832911, 66.056908957150881, 5.042984977783135 ], [ 38.749319369628211, 66.060678961410304, 5.042984977783135 ], [ 38.751158144630608, 66.060764027482946, 4.477784977783131 ], [ 38.756147394960863, 66.062946099351393, 2.320984977783155 ], [ 38.766972454250208, 66.067680489461054, 2.808584977783084 ], [ 38.795097212481778, 66.079980983471614, 2.356084977783212 ], [ 38.804156920930836, 66.0839432891662, 3.468184977783267 ], [ 38.817380812863121, 66.085254699122743, 3.687784977783167 ], [ 38.8494150054903, 66.088431521711755, 7.266684977783143 ], [ 38.852472363811103, 66.088734719145577, 6.667584977783235 ], [ 38.860629394941498, 66.089543649824918, 7.167384977783286 ], [ 38.942167582179536, 66.097629770738422, 3.402384977783186 ], [ 38.953132663911674, 66.098717175074853, 2.896084977783175 ], [ 38.959600523783593, 66.099358591047348, 1.713984977783184 ], [ 38.969182658940554, 66.100308848908753, 2.666484977783284 ], [ 39.012781480632839, 66.104632532777032, -0.000015022216758 ], [ 39.110127774751163, 66.114286339608952, -0.000015022216758 ], [ 39.181996513536433, 66.121413543849485, -0.000015022216758 ], [ 39.259617405579775, 66.129111187619856, 5.247484977783188 ], [ 39.2890625, 66.132031250017462, 5.946484977783257 ], [ 39.298150245507713, 66.133905365917599, 5.817084977783225 ], [ 39.363616563568939, 66.147406125557609, 4.391984977783295 ], [ 39.432576600971515, 66.161627375797252, 4.509084977783232 ], [ 39.457751900219591, 66.166819139645668, 2.494384977783284 ], [ 39.465481049497612, 66.168413079692982, 4.08648497778313 ], [ 39.561795822533895, 66.188275546985096, 0.649084977783104 ], [ 39.565447587985545, 66.189028630542452, 0.305184977783256 ], [ 39.56672096393595, 66.189291231887182, 0.447284977783283 ], [ 39.579919523064746, 66.192013098319876, -0.000015022216758 ], [ 39.67327805115201, 66.211265915437252, 0.262684977783238 ], [ 39.778535959820147, 66.232972676531062, 0.494284977783082 ], [ 39.874805863568326, 66.252825890682288, 0.436384977783291 ], [ 39.881500909134047, 66.254206573197735, -0.000015022216758 ], [ 40.061313739177422, 66.291288386724773, -0.000015022216758 ], [ 40.103320313006407, 66.299951171997236, -0.000015022216758 ], [ 40.120130363065982, 66.305846267772722, -0.000015022216758 ], [ 40.137459168559872, 66.311923285218654, 0.363384977783198 ], [ 40.139988722163253, 66.312810371266096, 0.353884977783082 ], [ 40.218282412868575, 66.340267089282861, 0.780184977783165 ], [ 40.224534988679807, 66.342459797393531, 0.834484977783177 ], [ 40.299302085011732, 66.368679778359365, 1.293584977783212 ], [ 40.30975621221296, 66.372345923373359, 1.138684977783214 ], [ 40.331303094513714, 66.379902173008304, -0.000015022216758 ], [ 40.459334339117049, 66.424801292552729, -0.000015022216758 ], [ 40.519073828283581, 66.445751260485849, -0.000015022216758 ], [ 40.521582031011349, 66.446630859005381, -0.000015022216758 ], [ 40.567532752276747, 66.472604800001136, -0.000015022216758 ], [ 40.591109273795155, 66.485931580566103, 2.518684977783096 ], [ 40.60387593501946, 66.493148017994827, 2.718584977783166 ], [ 40.619523753906833, 66.464005598798394, 7.539584977783306 ], [ 40.62390917801531, 66.455838206995395, 8.890684977783167 ], [ 40.630485327594215, 66.443590818860685, 10.916684977783234 ], [ 40.634930184940458, 66.435312738729408, 12.091684977783189 ], [ 40.636248806215008, 66.432856945088133, 12.770284977783149 ], [ 40.637166987173259, 66.431146929433453, 12.926284977783098 ], [ 40.650207752303686, 66.406859873546637, 14.999984977783242 ], [ 40.609224316809559, 66.388909223271185, 14.999984977783242 ], [ 40.578416441028821, 66.373941337835276, 14.999984977783242 ], [ 40.544816804744187, 66.35993644480186, 14.999984977783242 ], [ 40.487280575427576, 66.336729925838881, 14.999984977783242 ], [ 40.46391121155466, 66.328008967335336, 14.999984977783242 ], [ 40.388946577179013, 66.301253976227599, 14.999984977783242 ], [ 40.375919128520763, 66.297368192841532, 14.999984977783242 ], [ 40.295861542821513, 66.269926405817387, 14.999984977783242 ], [ 40.281966004753485, 66.265455889471923, 14.999984977783242 ], [ 40.204725468487595, 66.240520393024781, 14.999984977783242 ], [ 40.180765078752302, 66.234344839467667, 14.999984977783242 ], [ 40.110746145350276, 66.215926462566131, 14.999984977783242 ], [ 40.073632436484331, 66.207088338647736, 14.999984977783242 ], [ 40.016124455796671, 66.195398472846136, 14.913084977783228 ], [ 40.001807789725717, 66.192488269720343, 12.468784977783116 ], [ 39.968910634852364, 66.185801140018157, 14.999984977783242 ], [ 39.968910634881468, 66.185801139989053, 14.999984977783242 ], [ 39.907453568215715, 66.175361111643724, 14.999984977783242 ], [ 39.895029871084262, 66.173504908685572, 12.491784977783254 ], [ 39.850466914474964, 66.166846834894386, 14.999984977783242 ], [ 39.83436909406737, 66.160444057153654, 14.999984977783242 ], [ 39.83436909406737, 66.16044405712455, 14.999984977783242 ], [ 39.806128990574507, 66.160643225332024, 14.999984977783242 ], [ 39.785309450089699, 66.158282564851106, 11.769884977783249 ], [ 39.741781839606119, 66.153347109575407, 14.999984977783242 ], [ 39.727082929501194, 66.147969766811002, 14.999984977783242 ], [ 39.697349809255684, 66.148455960254068, 14.999984977783242 ], [ 39.67284879561339, 66.145237909644493, 11.624884977783267 ], [ 39.628633434753283, 66.139430506242206, 14.999984977783242 ], [ 39.613682869065087, 66.13403285163804, 14.999984977783242 ], [ 39.613682869035983, 66.134032851667143, 14.999984977783242 ], [ 39.585233166071703, 66.135867476157728, 14.999984977783242 ], [ 39.560367530793883, 66.135472455687704, 11.192184977783199 ], [ 39.492888707725797, 66.134400473631104, 14.999984977783242 ], [ 39.492888707725797, 66.134400473602, 14.999984977783242 ], [ 39.485815500971512, 66.132881594981882, 14.999984977783242 ], [ 39.476163975894451, 66.133212626897148, 14.999984977783242 ], [ 39.452517375859316, 66.130280651719659, 9.675984977783173 ], [ 39.369772815407487, 66.120021037306287, 14.999984977783242 ], [ 39.36546804945101, 66.119113529261085, 14.999984977783242 ], [ 39.360821465874324, 66.118427668610821, 14.999984977783242 ], [ 39.261787041104981, 66.101979141109041, 14.999984977783242 ], [ 39.252089091794915, 66.099150886802818, 14.999984977783242 ], [ 39.192309754100279, 66.08929692125821, 8.208784977783125 ], [ 39.158235125854844, 66.083680094030569, 14.999984977783242 ], [ 39.142489881138317, 66.081483119400218, 14.999984977783242 ], [ 39.08447526130476, 66.076815307460492, 8.013784977783189 ], [ 39.047543964916258, 66.073843843594659, 14.999984977783242 ], [ 39.02742985515215, 66.074308280512923, 14.999984977783242 ], [ 38.972697278426494, 66.070770831327536, 9.17048497778319 ], [ 38.938683344182209, 66.068572459305869, 14.999984977783242 ], [ 38.910399487140239, 66.069046190677909, 14.999984977783242 ], [ 38.857657024898799, 66.06525192814297, 11.498184977783239 ], [ 38.839161692900234, 66.063921384557034, 14.999984977783242 ], [ 38.816033327559126, 66.054790653535747, 14.999984977783242 ], [ 38.757286598585779, 66.044562344468432, 7.859384977783293 ], [ 38.736780646606348, 66.040992082460434, 14.999984977783242 ], [ 38.705108877285966, 66.039526871449198, 14.999984977783242 ], [ 38.647450245960499, 66.037954648185405, 8.594084977783268 ], [ 38.615455427439883, 66.037082220282173, 14.999984977783242 ], [ 38.534449639570084, 66.03449470110354, 14.999984977783242 ], [ 38.534449639511877, 66.03449470110354, 14.999984977783242 ], [ 38.468585773429368, 66.032462641611346, 14.999984977783242 ], [ 38.421892143218429, 66.031967538743629, 8.508684977783105 ], [ 38.38911999083939, 66.031620048379409, 14.999984977783242 ], [ 38.389119990810286, 66.031620048379409, 14.999984977783242 ], [ 38.350327332227607, 66.033304282202153, 19.257184977783254 ], [ 38.310235329729039, 66.035044928750722, 17.8792849777833 ], [ 38.280608120461693, 66.036331232637167, 19.296984977783268 ], [ 38.240815756551456, 66.038058869977249, 14.999984977783242 ], [ 38.198984458358609, 66.041617327035055, 8.752784977783222 ], [ 38.16601401718799, 66.044422018851037, 14.999984977783242 ], [ 38.166014017158886, 66.044422018851037, 14.999984977783242 ], [ 38.131990552617935, 66.047883767154417, 14.999984977783242 ], [ 38.088839676536736, 66.05090638884576, 8.665584977783283 ], [ 38.05532778869383, 66.053253821111866, 14.999984977783242 ], [ 38.020825695493841, 66.054496369659319, 14.999984977783242 ], [ 37.977475503037567, 66.057218969595851, 8.584984977783279 ], [ 37.943053970404435, 66.059380806866102, 14.999984977783242 ], [ 37.90935080840427, 66.061793614760973, 14.999984977783242 ], [ 37.866387338741333, 66.065465470237541, 8.237784977783122 ], [ 37.831391273168265, 66.068456394772511, 14.999984977783242 ], [ 37.785831249071634, 66.092492607480381, 14.999984977783242 ], [ 37.785831249042531, 66.092492607480381, 14.999984977783242 ], [ 37.769245134608354, 66.089372010159423, 14.999984977783242 ], [ 37.762682070911978, 66.094700259898673, 14.999984977783242 ], [ 37.690333707942045, 66.083072087654728, 14.999984977783242 ], [ 37.648675285265199, 66.089525373434299, 7.838184977783158 ], [ 37.612471433531027, 66.095133694325341, 14.999984977783242 ], [ 37.5867256695783, 66.10090076670167, 14.999984977783242 ], [ 37.510442404920468, 66.117488232746837, 14.999984977783242 ], [ 37.510442404891364, 66.117488232746837, 14.999984977783242 ], [ 37.490193636986078, 66.123485436008195, 14.999984977783242 ], [ 37.412703836846049, 66.143004480269155, 14.999984977783242 ], [ 37.396287271229085, 66.147914176137419, 14.999984977783242 ], [ 37.313404556683963, 66.167183269106317, 14.999984977783242 ], [ 37.313404556654859, 66.167183269106317, 14.999984977783242 ], [ 37.299377537128748, 66.17322241544025, 14.999984977783242 ], [ 37.214338721067179, 66.189065129641676, 14.999984977783242 ], [ 37.197818626402295, 66.190189260261832, 14.999984977783242 ], [ 37.114165790655534, 66.208382391792838, 14.999984977783242 ], [ 37.107855705398833, 66.209376346101635, 14.999984977783242 ], [ 37.098123050818685, 66.207682546926662, 15.988084977783274 ], [ 37.029221362186945, 66.195691406799597, 16.988684977783123 ], [ 37.023248306271853, 66.194651900339522, 17.044584977783188 ], [ 37.015787271564477, 66.19542950981122, 17.014784977783165 ], [ 36.999648947603418, 66.194697116385214, 17.066284977783198 ], [ 36.967498009267729, 66.193238034451497, 17.298884977783246 ], [ 36.95113555759599, 66.192495469585992, 14.999984977783242 ], [ 36.925698208026006, 66.194778324890649, 17.372784977783112 ], [ 36.883180459655705, 66.198594047411461, 17.235984977783119 ], [ 36.846772315955604, 66.201861468172865, 17.3013849777833 ], [ 36.834313734361785, 66.202979553956538, 14.999984977783242 ], [ 36.815972731332295, 66.203752400280791, 14.999984977783242 ], [ 36.807269375131, 66.204190313233994, 17.335684977783103 ], [ 36.760336222534534, 66.206551774113905, 17.235684977783194 ], [ 36.725377402239246, 66.208310741538298, 17.319684977783254 ], [ 36.699410216562683, 66.209617291169707, 14.999984977783242 ], [ 36.685536446108017, 66.209895296371542, 17.346984977783222 ], [ 36.637521645548986, 66.210857425932772, 17.297284977783193 ], [ 36.605120053776773, 66.211506695093703, 17.420184977783265 ], [ 36.58131095142744, 66.211983786342898, 14.999984977783242 ], [ 36.581310951398336, 66.211983786342898, 14.999984977783242 ], [ 36.566957682807697, 66.212978913958068, 17.478084977783283 ], [ 36.518578280229121, 66.216333110191044, 17.38968497778319 ], [ 36.489397558791097, 66.218356241137371, 17.43068497778313 ], [ 36.463799631150323, 66.220130973117193, 14.999984977783242 ], [ 36.448021853269893, 66.221345124664367, 17.435184977783138 ], [ 36.40246102992387, 66.224851178776589, 17.343984977783293 ], [ 36.371810818556696, 66.227209812641377, 17.34218497778329 ], [ 36.349393814889481, 66.228934874263359, 14.999984977783242 ], [ 36.333848133595893, 66.232172717966023, 17.23018497778321 ], [ 36.290828988378053, 66.241132715600543, 16.934484977783086 ], [ 36.268446423549904, 66.245794540620409, 16.841684977783189 ], [ 36.235789877580828, 66.252596223290311, 14.999984977783242 ], [ 36.214036884863162, 66.253006667917361, 16.695784977783205 ], [ 36.177480199810816, 66.253696434840094, 16.71088497778328 ], [ 36.144672184498631, 66.254315470258007, 16.831584977783223 ], [ 36.123438634007471, 66.254716113820905, 14.999984977783242 ], [ 36.111406070747762, 66.255933147127507, 16.877484977783297 ], [ 36.061584434413817, 66.260972355230479, 16.775884977783107 ], [ 36.025328789590276, 66.264639431465184, 16.757084977783279 ], [ 36.009222722408595, 66.266268479201244, 14.999984977783242 ], [ 35.99852313149313, 66.267400068842107, 16.746784977783136 ], [ 35.94628612237284, 66.272924659366254, 16.642684977783119 ], [ 35.909941842299304, 66.27676843352674, 16.59498497778327 ], [ 35.895143934365478, 66.278333461523289, 14.999984977783242 ], [ 35.884381149051478, 66.279577190085547, 16.561484977783266 ], [ 35.833713577740127, 66.285432245625998, 16.431084977783257 ], [ 35.798543972734478, 66.289496383382357, 16.410284977783249 ], [ 35.781005442302558, 66.291523105144734, 14.999984977783242 ], [ 35.767728948383592, 66.292660248756874, 16.373284977783214 ], [ 35.718661050661467, 66.29686295807187, 16.243684977783232 ], [ 35.681658116038307, 66.300032292521792, 16.246884977783111 ], [ 35.665604535286548, 66.30140729607956, 14.999984977783242 ], [ 35.654400724946754, 66.302227022519219, 16.202884977783242 ], [ 35.602378874158603, 66.306033199667581, 15.942384977783149 ], [ 35.558027095452417, 66.309278196218656, 15.87948497778325 ], [ 35.549523970083101, 66.309900327119976, 14.999984977783242 ], [ 35.543894647795241, 66.310621633994742, 15.833284977783251 ], [ 35.487064227549126, 66.317903535935329, 15.470784977783296 ], [ 35.439872671791818, 66.323950372825493, 15.284084977783095 ], [ 35.437220111300121, 66.324290255681262, 14.999984977783242 ], [ 35.435513086733408, 66.324609408198739, 15.260484977783108 ], [ 35.394621643878054, 66.332254644934437, 14.999984977783242 ], [ 35.394621643790742, 66.332254644934437, 14.999984977783242 ], [ 35.333466373558622, 66.328122342310962, 14.999984977783242 ], [ 35.257132959057344, 66.318535874524969, 14.999984977783242 ], [ 35.232144365829299, 66.313658800849225, 14.999984977783242 ], [ 35.130409148332546, 66.303200759648462, 14.999984977783242 ], [ 35.130409148157923, 66.303200759619358, 14.999984977783242 ], [ 35.130172318356927, 66.303175578010269, 14.999984977783242 ], [ 35.130172318356927, 66.303175578039372, 14.999984977783242 ], [ 35.13010868463607, 66.303168321042904, 14.999984977783242 ], [ 35.130108684606967, 66.303168321042904, 14.999984977783242 ], [ 35.129143912534346, 66.302909340301994, 14.999984977783242 ], [ 35.129143912578002, 66.302909340301994, 14.999984977783242 ], [ 35.039105238160118, 66.278752519880072, 14.999984977783242 ], [ 35.039105238131015, 66.278752519880072, 14.999984977783242 ], [ 35.034138951974455, 66.276783084264025, 14.999984977783242 ], [ 34.971161796740489, 66.252552296791691, 14.999984977783242 ], [ 34.950174899175181, 66.234420019056415, 14.999984977783242 ], [ 34.937531253934139, 66.223497238766868, 14.999984977783242 ], [ 34.911611208401155, 66.191731356928358, 14.999984977783242 ], [ 34.909171716630226, 66.188641172819189, 14.999984977783242 ], [ 34.908967121082242, 66.184032157631009, 14.999984977783242 ], [ 34.903360681244521, 66.149914265566622, 14.999984977783242 ], [ 34.903360681215418, 66.149914265464759, 14.999984977783242 ], [ 34.899289723340189, 66.125668308755849, 14.999984977783242 ], [ 34.89811937828199, 66.121284878070583, 14.999984977783242 ], [ 34.90112686662178, 66.06380984428688, 14.999984977783242 ], [ 34.901426426149555, 66.044058669387596, 14.999984977783242 ], [ 34.911292722696089, 66.008537071858882, 14.999984977783242 ], [ 34.918072138956632, 65.982015394416521, 14.999984977783242 ], [ 34.927896297347615, 65.967112977130455, 14.999984977783242 ], [ 34.942052058482659, 65.946102052068454, 14.999984977783242 ], [ 34.952202264437801, 65.928234345614328, 14.999984977783242 ], [ 34.970623933884781, 65.910712850833079, 14.999984977783242 ], [ 34.986107851596898, 65.889502212419757, 14.999984977783242 ], [ 35.014937154934159, 65.857612669642549, 14.999984977783242 ], [ 35.019000878921361, 65.851530915009789, 14.999984977783242 ], [ 35.022002228273777, 65.845835366548272, 14.999984977783242 ], [ 35.06159029333503, 65.815945346403169, 14.999984977783242 ], [ 35.067497002499294, 65.765880890743574, 14.999984977783242 ], [ 35.067497002470191, 65.765880890743574, 14.999984977783242 ], [ 35.066336708696326, 65.763490377372364, 14.999984977783242 ], [ 35.069219556171447, 65.761251439689659, 14.999984977783242 ], [ 35.090016693866346, 65.717112811878906, 14.999984977783242 ], [ 35.091846183058806, 65.681433014964568, 14.999984977783242 ], [ 35.105622046539793, 65.64570548888878, 14.999984977783242 ], [ 35.045349931489909, 65.622775618277956, 14.999984977783242 ], [ 35.03633237851318, 65.615165239112685, 14.999984977783242 ], [ 35.010907784424489, 65.597027398718637, 14.999984977783242 ], [ 34.993771380759426, 65.572811776713934, 14.999984977783242 ], [ 34.993771380730323, 65.572811776713934, 14.999984977783242 ], [ 34.991688402340515, 65.539706676150672, 14.999984977783242 ], [ 34.986145940274582, 65.524820736070978, 14.999984977783242 ], [ 34.986145940245478, 65.524820736070978, 14.999984977783242 ], [ 34.972518637441681, 65.50162582664052, 14.999984977783242 ], [ 34.968944760534214, 65.484639260379481, 14.999984977783242 ], [ 34.953055464327917, 65.434363137523178, 14.999984977783242 ], [ 34.957931691373233, 65.424933505055378, 14.999984977783242 ], [ 34.9682534859312, 65.382783909590216, 14.999984977783242 ], [ 34.958927833344205, 65.354797929248889, 14.999984977783242 ], [ 34.980109980751877, 65.317553261149442, 14.999984977783242 ], [ 34.994329873617971, 65.297285837470554, 14.999984977783242 ], [ 35.008534810389392, 65.279007261036895, 14.999984977783242 ], [ 35.021141652672668, 65.262648971547605, 14.999984977783242 ], [ 35.04139509081142, 65.247014669555938, 14.999984977783242 ], [ 35.063382882493897, 65.230461079379893, 14.999984977783242 ], [ 35.080963783169864, 65.220805237288005, 14.999984977783242 ], [ 35.105595808898215, 65.208165323070716, 14.999984977783242 ], [ 35.105595808927319, 65.208165323041612, 14.999984977783242 ], [ 35.110062377163558, 65.205928622730426, 14.999984977783242 ], [ 35.112364648273797, 65.204298795128125, 14.999984977783242 ], [ 35.115644868390518, 65.2022527505178, 14.999984977783242 ], [ 35.157243467154331, 65.174798657841166, 14.999984977783242 ], [ 35.200662803748855, 65.177349449673784, 14.999984977783242 ], [ 35.22621671561501, 65.16670428958605, 14.999984977783242 ], [ 35.242522927219397, 65.160684010377736, 14.999984977783242 ], [ 35.263608089080662, 65.150587786076358, 14.999984977783242 ], [ 35.289459838706534, 65.150586327217752, 14.999984977783242 ], [ 35.289459838735638, 65.150586327217752, 14.999984977783242 ], [ 35.297437864850508, 65.149215911791543, 14.999984977783242 ], [ 35.299270703806542, 65.148404859821312, 14.999984977783242 ], [ 35.30617911615991, 65.142915529228048, 14.999984977783242 ], [ 35.324477456146269, 65.123404282348929, 14.999984977783242 ], [ 35.343301116619841, 65.117599843855714, 14.999984977783242 ], [ 35.371842837237637, 65.116096866171574, 14.999984977783242 ], [ 35.371842837295844, 65.116096866171574, 14.999984977783242 ], [ 35.391125398731674, 65.117126008990454, 14.999984977783242 ], [ 35.41740531353571, 65.127180775016313, 14.999984977783242 ], [ 35.417405313564814, 65.127180775016313, 14.999984977783242 ], [ 35.428876536621829, 65.131375580807799, 14.999984977783242 ], [ 35.441003413128783, 65.134529876930173, 14.999984977783242 ], [ 35.448292032684549, 65.14095703336352, 14.999984977783242 ], [ 35.454048553583561, 65.140155959044932, 14.999984977783242 ], [ 35.473868989385664, 65.143776168071781, 14.999984977783242 ], [ 35.493626260853489, 65.147306552404189, 15.302584977783226 ], [ 35.494872462601052, 65.147529233523528, 14.999984977783242 ], [ 35.495697292586556, 65.147857818956254, 15.242084977783179 ], [ 35.529050001176074, 65.161144452897133, 14.999984977783242 ], [ 35.533882808478666, 65.161562704844982, 14.999984977783242 ], [ 35.563431423390284, 65.168122308110469, 14.999984977783242 ], [ 35.572307334849029, 65.170020035933703, 14.999984977783242 ], [ 35.580894480634015, 65.172060228156624, 14.999984977783242 ], [ 35.599770456174156, 65.174876044431585, 14.999984977783242 ], [ 35.606151794243488, 65.176734670822043, 14.999984977783242 ], [ 35.607647407014156, 65.176654171751579, 14.999984977783242 ], [ 35.633664535052958, 65.181529337729444, 14.999984977783242 ], [ 35.642849841009593, 65.187960144219687, 14.999984977783242 ], [ 35.644380716315936, 65.189404935517814, 14.999984977783242 ], [ 35.648264061237569, 65.189969249040587, 16.015584977783192 ], [ 35.682016761304112, 65.194874068372883, 16.117684977783256 ], [ 35.690940058397246, 65.196170769369928, 13.649684977783181 ], [ 35.698699264146853, 65.197298308863537, 16.584784977783102 ], [ 35.712038941099308, 65.199236782107619, 16.560684977783239 ], [ 35.728681619279087, 65.201655235432554, 16.983084977783165 ], [ 35.73657239372551, 65.20280189398909, 14.999984977783242 ], [ 35.742946425685659, 65.20249686029274, 17.038484977783128 ], [ 35.757866573359934, 65.20178284632857, 16.741484977783102 ], [ 35.775548631034326, 65.200936659224681, 16.971584977783095 ], [ 35.785851806795108, 65.200443593625096, 14.999984977783242 ], [ 35.789291426102864, 65.200041609001346, 16.238584977783148 ], [ 35.801946351231891, 65.19856264142436, 14.999984977783242 ], [ 35.829074905457674, 65.195975324197207, 16.303084977783101 ], [ 35.835545651047141, 65.19535819318844, 14.999984977783242 ], [ 35.840870725325658, 65.195495590131031, 16.719784977783092 ], [ 35.86721335380571, 65.196175279517774, 16.498384977783189 ], [ 35.886322168691549, 65.196668322911137, 17.307084977783234 ], [ 35.887467323846067, 65.196697870065691, 17.256884977783102 ], [ 35.916384825963178, 65.197443996046786, 14.999984977783242 ], [ 35.916384826268768, 65.197443996046786, 14.999984977783242 ], [ 35.930619105478399, 65.201676929631503, 14.999984977783242 ], [ 35.935841290978715, 65.205262154049706, 14.999984977783242 ], [ 35.935841291007819, 65.205262154049706, 14.999984977783242 ], [ 35.942740116966888, 65.203575310326414, 14.999984977783242 ], [ 35.949065366192372, 65.201070483977674, 14.999984977783242 ], [ 35.949065366221475, 65.201070483977674, 14.999984977783242 ], [ 35.971632625441998, 65.201974187890301, 14.999984977783242 ], [ 35.978384410860599, 65.205801778705791, 14.999984977783242 ], [ 36.012018793000607, 65.21613032015739, 14.999984977783242 ], [ 36.017526436844491, 65.214627434441354, 19.258684977783105 ], [ 36.026548951253062, 65.212165436401847, 19.23038497778316 ], [ 36.035900693008443, 65.209613601255114, 19.058684977783287 ], [ 36.053010347357485, 65.204944843382691, 18.747084977783288 ], [ 36.060696087763063, 65.202847614535131, 18.358384977783089 ], [ 36.090304264231236, 65.194768351007951, 18.071384977783282 ], [ 36.094818569777999, 65.193536520178895, 18.00168497778327 ], [ 36.12812269400456, 65.184448733343743, 17.425284977783122 ], [ 36.132376829831628, 65.183287895735702, 14.999984977783242 ], [ 36.142092579233577, 65.183405861462234, 17.469884977783295 ], [ 36.153190939279739, 65.183540614438243, 17.354284977783209 ], [ 36.172750859172083, 65.183778105143574, 17.706084977783121 ], [ 36.183775805591722, 65.183911966742016, 14.999984977783242 ], [ 36.189980795039446, 65.183908226870699, 17.843984977783293 ], [ 36.20287555406685, 65.183900454911054, 17.835184977783229 ], [ 36.220358882361325, 65.183889917316264, 18.317884977783251 ], [ 36.231424804369453, 65.183883247635094, 14.999984977783242 ], [ 36.247858615723089, 65.172498936561169, 14.999984977783242 ], [ 36.260097442442202, 65.161802612929023, 14.999984977783242 ], [ 36.270279841002775, 65.157689925152226, 14.999984977783242 ], [ 36.274075045541395, 65.152387887123041, 14.999984977783242 ], [ 36.277351139084203, 65.14192220827681, 16.860084977783117 ], [ 36.281106587004615, 65.129925202782033, 16.535384977783224 ], [ 36.2831321991398, 65.123454262284213, 14.999984977783242 ], [ 36.273499462855398, 65.087556772254175, 14.999984977783242 ], [ 36.273607986076968, 65.082492264613393, 16.227484977783206 ], [ 36.27374143023917, 65.076264758754405, 16.480484977783135 ], [ 36.273957174504176, 65.066196511485032, 16.245884977783135 ], [ 36.274448255353491, 65.043278993936838, 15.660884977783098 ], [ 36.274991024285555, 65.01794932204939, 14.999984977783242 ], [ 36.278755177001585, 65.016069026751211, 14.999984977783242 ], [ 36.282351149333408, 65.016078341228422, 14.999984977783242 ], [ 36.315468838380184, 65.008833904925268, 14.999984977783242 ], [ 36.367607813619543, 65.010283207418979, 14.999984977783242 ], [ 36.371747047960525, 65.010389657370979, 14.999984977783242 ], [ 36.434210263716523, 65.034568558738101, 14.999984977783242 ], [ 36.44515676330775, 65.037138311323361, 14.999984977783242 ], [ 36.451991584981442, 65.037981540823239, 14.999984977783242 ], [ 36.463034540123772, 65.042495061468799, 14.999984977783242 ], [ 36.499277427385096, 65.05606030668423, 14.999984977783242 ], [ 36.52582123830507, 65.061316792518483, 14.999984977783242 ], [ 36.569576464637066, 65.07757309396402, 14.999984977783242 ], [ 36.58777397769154, 65.082869737336296, 14.999984977783242 ], [ 36.624246047242195, 65.095959452301031, 14.999984977783242 ], [ 36.641381089197239, 65.104469209953095, 14.999984977783242 ], [ 36.660866473801434, 65.109570811502635, 14.999984977783242 ], [ 36.686760054144543, 65.12072034816083, 14.999984977783242 ], [ 36.708264129818417, 65.131749069332727, 14.999984977783242 ], [ 36.708264129832969, 65.131749069332727, 14.999984977783242 ], [ 36.752212639548816, 65.145897780355881, 14.999984977783242 ], [ 36.762625719129574, 65.159243792484631, 14.755684977783176 ], [ 36.789192589436425, 65.193293448028271, 15.924484977783095 ], [ 36.797739621935762, 65.204247824993217, 14.999984977783242 ], [ 36.864154845301528, 65.205709929054137, 13.196584977783232 ], [ 36.87745611720311, 65.206002751132473, 14.999984977783242 ], [ 36.910499608144164, 65.206463799695484, 19.375684977783294 ], [ 36.925155408360297, 65.206668288868968, 19.148184977783103 ], [ 36.938561438742909, 65.206855340264156, 19.063884977783118 ], [ 36.946705827722326, 65.206968977116048, 19.075084977783263 ], [ 36.965225185907912, 65.207227373655769, 14.999984977783242 ], [ 36.970631212607259, 65.206506596456165, 13.516784977783118 ], [ 37.022699654917233, 65.199564391194144, 17.9588849777831 ], [ 37.02301187159901, 65.199522763825371, 17.953084977783192 ], [ 37.023193834902486, 65.199498502945062, 17.95238497778314 ], [ 37.050195310948766, 65.195898437712458, 12.151984977783286 ], [ 37.028023229227983, 65.19278089288855, 14.257984977783281 ], [ 37.006216691705049, 65.189714746025857, 13.93088497778308 ], [ 36.960279254810303, 65.183255631331122, 7.273284977783305 ], [ 36.939042899131891, 65.180269655917073, 10.954284977783118 ], [ 36.895963211718481, 65.174212360143429, 10.166784977783209 ], [ 36.882812500014552, 65.172363281002617, 7.532284977783092 ], [ 36.878256153679104, 65.16365248382499, 6.307984977783235 ], [ 36.870312957136775, 65.148466725513572, -0.000015022216758 ], [ 36.852086797720403, 65.113622056844179, 4.492184977783154 ], [ 36.850061353659839, 65.109749824332539, 5.431584977783132 ], [ 36.849339683321887, 65.108370139045292, 5.415184977783156 ], [ 36.831724513947847, 65.074693557719002, 2.940184977783247 ], [ 36.825862127938308, 65.06348588122637, 2.969784977783092 ], [ 36.810088576487033, 65.033330094651319, 6.25448497778325 ], [ 36.803317350480938, 65.020384903022205, 5.895784977783251 ], [ 36.797814917023061, 65.009865381798591, 4.821784977783182 ], [ 36.771711339606554, 65.00210919129313, 4.927384977783277 ], [ 36.77078887578682, 65.001606608711882, 4.902884977783287 ], [ 36.748536602943204, 64.989482984528877, 4.902884977783287 ], [ 36.746891751798103, 64.989002877569874, 4.944484977783304 ], [ 36.714948477165308, 64.979679122858215, 6.935184977783138 ], [ 36.710620747297071, 64.978648710995913, 7.225784977783178 ], [ 36.704870479603414, 64.977279599625035, 7.188384977783244 ], [ 36.67747196633718, 64.970756144102779, 6.857484977783088 ], [ 36.633749370361329, 64.967186952591874, 7.46518497778311 ], [ 36.619285822103848, 64.966558102678391, 7.757784977783103 ], [ 36.605433360353345, 64.965955821724492, 7.671984977783268 ], [ 36.572180816816399, 64.964510058955057, 8.425184977783147 ], [ 36.525589106997359, 64.959492490204866, 8.721684977783298 ], [ 36.514181454811478, 64.958263973807334, 9.17048497778319 ], [ 36.471351156695164, 64.951125590785523, 10.227784977783131 ], [ 36.455889299861155, 64.947354406191153, 10.312784977783167 ], [ 36.446139964129543, 64.944976519429474, 9.76488497778314 ], [ 36.434766943726572, 64.942202612015535, 9.977484977783206 ], [ 36.413203349045943, 64.922235976177035, 4.801484977783275 ], [ 36.413108311564429, 64.921979531427496, 4.714784977783211 ], [ 36.406629511504434, 64.904497437630198, 4.714784977783211 ], [ 36.406332653248683, 64.903696409077384, 4.777084977783261 ], [ 36.413493958505569, 64.875293340403005, 4.777084977783261 ], [ 36.413993302179733, 64.873312850482762, 4.77988497778324 ], [ 36.417794497945579, 64.858883141481783, 4.77988497778324 ], [ 36.417973371382686, 64.858204120522714, 4.78398497778312 ], [ 36.429141606931807, 64.822632827970665, 4.78398497778312 ], [ 36.429865016121767, 64.820328739719116, 4.921484977783166 ], [ 36.437493815741618, 64.81576396067976, 4.921484977783166 ], [ 36.438080735460971, 64.815412770578405, 4.887084977783161 ], [ 36.43878224666696, 64.809591049721348, 4.887084977783161 ], [ 36.439089505074662, 64.80922075464332, 4.870484977783235 ], [ 36.464692381152418, 64.778365229416522, 4.870484977783235 ], [ 36.465066164775635, 64.777914760867134, 4.862784977783122 ], [ 36.484201022511115, 64.746446319986717, 4.862784977783122 ], [ 36.485039378210786, 64.745067592899431, 4.822984977783108 ], [ 36.488657007954316, 64.733665092295269, 4.822984977783108 ], [ 36.488860126250074, 64.733024878500146, 4.872284977783238 ], [ 36.528036375108059, 64.7049198722234, 4.872284977783238 ], [ 36.529723652231041, 64.703709421126405, 4.873284977783214 ], [ 36.539496669734945, 64.696754475444322, 4.873284977783214 ], [ 36.540201317911851, 64.696253014160902, 4.794484977783213 ], [ 36.541252347175032, 64.670561569859274, 4.794484977783213 ], [ 36.541332087857882, 64.66861238166166, 5.008284977783205 ], [ 36.610004230533377, 64.671524834237061, 5.008284977783205 ], [ 36.612192451109877, 64.671617638799944, 4.969884977783295 ], [ 36.616856649154215, 64.666640803930932, 4.969884977783295 ], [ 36.618176959425909, 64.665231994484202, 4.969284977783218 ], [ 36.646736352427979, 64.633958357822848, 4.969284977783218 ], [ 36.647078527836129, 64.633583662536694, 4.97148497778312 ], [ 36.670504090376198, 64.615327881227131, 4.97148497778312 ], [ 36.671778679927229, 64.614334580488503, 4.991284977783152 ], [ 36.717432450881461, 64.605832357498002, 4.991284977783152 ], [ 36.718431558430893, 64.605646291049197, 4.983884977783191 ], [ 36.718647334433626, 64.605606106488267, 4.982384977783113 ], [ 36.719944625627249, 64.604651564121014, 4.98278497778324 ], [ 36.730065328491037, 64.597476084964001, 4.98278497778324 ], [ 36.752490756247425, 64.581576676398981, 4.909984977783097 ], [ 36.769042690997594, 64.569033826934174, 4.909984977783097 ], [ 36.770130000571953, 64.568209877295885, 4.915684977783258 ], [ 36.770585028003552, 64.567865063174395, 4.912184977783227 ], [ 36.770751698757522, 64.567751613256405, 4.910184977783274 ], [ 36.816544709072332, 64.526773422723636, 4.910184977783274 ], [ 36.817938320004032, 64.525526340366923, 4.910584977783174 ], [ 36.818047537628445, 64.525429250032175, 4.910584977783174 ], [ 36.81864427671826, 64.524898771443986, 4.919284977783263 ], [ 36.838666080351686, 64.511441086404375, 4.919284977783263 ], [ 36.841574561374728, 64.508548173558665, 4.982384977783113 ], [ 36.86699820854119, 64.483260611086735, 4.982384977783113 ], [ 36.867166014184477, 64.483093703645864, 4.982384977783113 ], [ 36.873860034480458, 64.476289323836681, 4.982384977783113 ], [ 36.87485634269251, 64.475276590164867, 4.981884977783238 ], [ 36.886181933121406, 64.463186203603982, 4.981884977783238 ], [ 36.888694372304599, 64.460504104048596, 4.980784977783287 ], [ 36.919512275737361, 64.426237272768049, 4.980784977783287 ], [ 36.920426798373228, 64.425220403034473, 4.981584977783086 ], [ 36.954940281022573, 64.389643404574599, 4.981584977783086 ], [ 36.957456808871939, 64.38704933115514, 4.981184977783187 ], [ 36.965558391602826, 64.378583215569961, 4.981184977783187 ], [ 36.966497301982599, 64.377602058651973, 4.983384977783089 ], [ 36.987775570407393, 64.359869997715577, 4.983384977783089 ], [ 36.988260641490342, 64.358811787475133, 4.990684977783303 ], [ 37.006931882293429, 64.318079408767517, 4.990684977783303 ], [ 37.007536505101598, 64.31676038952719, 4.992084977783179 ], [ 37.020933409148711, 64.297349150438095, 4.992084977783179 ], [ 37.021844114278792, 64.296282499461086, 4.991284977783152 ], [ 37.053284800727852, 64.259458023647312, 4.991284977783152 ], [ 37.054748762995587, 64.257743377762381, 4.9892849777832 ], [ 37.061483754092478, 64.247579418093665, 4.9892849777832 ], [ 37.061461653138394, 64.247089780328679, 4.991384977783127 ], [ 37.060287389089353, 64.221074427419808, 4.991384977783127 ], [ 37.058764186062035, 64.220001482695807, 4.998484977783164 ], [ 37.049470029262011, 64.213454675438697, 4.998484977783164 ], [ 37.046293420629809, 64.213822054793127, 5.001584977783295 ], [ 36.991722935068537, 64.220133209673804, 5.001584977783295 ], [ 36.989904999936698, 64.220367069472559, 5.001784977783245 ], [ 36.970664580236189, 64.222842163493624, 5.001784977783245 ], [ 36.96928739977011, 64.222969551934511, 5.001384977783118 ], [ 36.927799028460868, 64.226807203318458, 5.001384977783118 ], [ 36.925942728455993, 64.227466960524907, 5.005484977783226 ], [ 36.897072293068049, 64.237727951083798, 5.005484977783226 ], [ 36.896294377569575, 64.237942103718524, 5.004984977783124 ], [ 36.872676093655173, 64.244443988849525, 5.004984977783124 ], [ 36.870964919071412, 64.244832934462465, 5.004184977783098 ], [ 36.824143703459413, 64.255475277212099, 5.004184977783098 ], [ 36.823289933992783, 64.255686588148819, 5.0042849777833 ], [ 36.816805251975893, 64.257291569680092, 5.0042849777833 ], [ 36.814934846683173, 64.258020337802009, 5.006884977783102 ], [ 36.77689217410807, 64.272842947088066, 5.006884977783102 ], [ 36.775654585944721, 64.273096317658201, 5.004684977783199 ], [ 36.762852317711804, 64.275717317214003, 5.004684977783199 ], [ 36.761059507101891, 64.275891719720676, 5.002184977783145 ], [ 36.744564620486926, 64.2774963228876, 5.002184977783145 ], [ 36.740284858562518, 64.278956679831026, 5.015384977783242 ], [ 36.72716116043739, 64.28343479897012, 5.015384977783242 ], [ 36.725276619457873, 64.283839382536826, 5.009384977783157 ], [ 36.722459446231369, 64.284444188699126, 5.009384977783157 ], [ 36.720922185646486, 64.284725733770756, 5.00818497778323 ], [ 36.691279978302191, 64.290154622503906, 5.00818497778323 ], [ 36.689284878288163, 64.290499274444301, 5.007684977783128 ], [ 36.671898022847017, 64.29350283984968, 5.007684977783128 ], [ 36.670233775628731, 64.29397739309934, 5.012284977783111 ], [ 36.663120316923596, 64.296005766591406, 5.012284977783111 ], [ 36.661537747771945, 64.296261562223663, 5.007584977783154 ], [ 36.65870194521267, 64.296719921927433, 5.007584977783154 ], [ 36.656835025220062, 64.29694803278835, 5.005684977783176 ], [ 36.612097361386986, 64.302414333884371, 5.005684977783176 ], [ 36.610202745228889, 64.302286768812337, 4.996384977783237 ], [ 36.608162115429877, 64.30214937258279, 4.996384977783237 ], [ 36.605996535363374, 64.302769174086279, 5.019684977783299 ], [ 36.587588616341236, 64.308037626513396, 5.019684977783299 ], [ 36.586213981325272, 64.308596285860403, 5.025984977783082 ], [ 36.577236504410394, 64.31224478254444, 5.025984977783082 ], [ 36.575642561118002, 64.312326243452844, 5.005684977783176 ], [ 36.535413207326201, 64.314382226148155, 5.005684977783176 ], [ 36.533325327691273, 64.315069169460912, 5.041984977783159 ], [ 36.526221092790365, 64.317406567861326, 5.041984977783159 ], [ 36.524567031548941, 64.317548914827057, 5.013284977783087 ], [ 36.466550645141979, 64.322541750472737, 5.013284977783087 ], [ 36.463003052369459, 64.325064412871143, 5.204384977783093 ], [ 36.462627996384981, 64.325331111918786, 5.204384977783093 ], [ 36.460861354833469, 64.325067867117468, 4.959684977783127 ], [ 36.433861515033641, 64.321044658398023, 4.959684977783127 ], [ 36.432904013810912, 64.321259457923588, 5.013884977783164 ], [ 36.41614728111017, 64.325018553208793, 5.013884977783164 ], [ 36.414455138234189, 64.325154804595513, 5.005484977783226 ], [ 36.394986899467767, 64.326722387719201, 5.005484977783226 ], [ 36.39301403479476, 64.326884143665666, 5.005584977783201 ], [ 36.374142694417969, 64.328431412184727, 5.005584977783201 ], [ 36.372351621801499, 64.328941179293906, 5.019384977783147 ], [ 36.353515050010174, 64.334302360439324, 5.019384977783147 ], [ 36.352362684890977, 64.334627698321128, 5.019284977783173 ], [ 36.319878968744888, 64.34379856158921, 5.019284977783173 ], [ 36.318034205440199, 64.344592290057335, 5.02968497778329 ], [ 36.288049892158597, 64.357493350558798, 5.02968497778329 ], [ 36.286827386342338, 64.357869423285592, 5.023884977783155 ], [ 36.270606527061318, 64.362859356726403, 5.023884977783155 ], [ 36.268657657856238, 64.364016924548196, 5.048084977783219 ], [ 36.230797232477926, 64.386504841997521, 5.048084977783219 ], [ 36.229619659672608, 64.386921589524718, 5.035284977783249 ], [ 36.217303262063069, 64.391280409821775, 5.035284977783249 ], [ 36.215524189799908, 64.391257836832665, 4.998884977783291 ], [ 36.198281974284328, 64.391039066264057, 4.998884977783291 ], [ 36.196654204555671, 64.390954956790665, 4.99558497778321 ], [ 36.164606373553397, 64.389298994050478, 4.99558497778321 ], [ 36.162516853044508, 64.391473953714012, 5.104084977783259 ], [ 36.150137395117781, 64.404359599662712, 5.104084977783259 ], [ 36.149107361910865, 64.404777467469103, 5.067384977783149 ], [ 36.109016185990185, 64.421041809022427, 5.067384977783149 ], [ 36.107295574693126, 64.420552228446468, 4.956784977783173 ], [ 36.064284350504749, 64.408313868581899, 4.956784977783173 ], [ 36.064015321026091, 64.407577691614279, 4.900684977783158 ], [ 36.059354903409258, 64.394824843780953, 4.900684977783158 ], [ 36.05755371027044, 64.394852846700815, 5.001484977783093 ], [ 36.031374518759549, 64.395259851269657, 5.001484977783093 ], [ 36.029830856874469, 64.395616845300538, 5.019384977783147 ], [ 35.994698509457521, 64.403741706046276, 5.019384977783147 ], [ 35.992419935006183, 64.404228422718006, 5.01748497778317 ], [ 35.950343341974076, 64.413216225759243, 5.01748497778317 ], [ 35.948916637891671, 64.414410083336406, 5.058384977783135 ], [ 35.899987011100166, 64.455354105972219, 5.058384977783135 ], [ 35.899098408059217, 64.456097683738335, 5.061484977783266 ], [ 35.891262635966996, 64.462039750927943, 5.061484977783266 ], [ 35.890593392308801, 64.462476468499517, 5.05828497778316 ], [ 35.887752991926391, 64.464329982845811, 5.05828497778316 ], [ 35.885906991723459, 64.464199217560235, 4.991484977783102 ], [ 35.882136720305425, 64.463932142461999, 4.991484977783102 ], [ 35.880892713234061, 64.463301514042541, 4.954684977783245 ], [ 35.85770386493823, 64.45154631814512, 4.954684977783245 ], [ 35.855863413307816, 64.452393812185619, 5.043784977783162 ], [ 35.813598275053664, 64.47185612906469, 5.043784977783162 ], [ 35.812689979036804, 64.472366421308834, 5.048684977783296 ], [ 35.807465887352009, 64.475301382379257, 5.048684977783296 ], [ 35.805910914466949, 64.475946349572041, 5.037584977783126 ], [ 35.786325299253804, 64.48407001477608, 5.037584977783126 ], [ 35.784839176194509, 64.483777669054689, 4.991384977783127 ], [ 35.765594785145367, 64.479991969579714, 4.991384977783127 ], [ 35.763890158370486, 64.481525368799339, 5.036984977783277 ], [ 35.750510381156346, 64.493561164534185, 5.036984977783277 ], [ 35.748751009712578, 64.493576070482959, 5.000884977783244 ], [ 35.72336627326149, 64.493791138025699, 5.000884977783244 ], [ 35.721554790696246, 64.493717167060822, 4.99578497778316 ], [ 35.692074579885229, 64.492513357516145, 4.99578497778316 ], [ 35.690677235324983, 64.492196461127605, 4.98058497778311 ], [ 35.67755124955147, 64.489219688039157, 4.98058497778311 ], [ 35.675767510329024, 64.489191127606318, 4.998584977783139 ], [ 35.653327378502581, 64.488831826194655, 4.998584977783139 ], [ 35.652112094729091, 64.489214004206588, 5.017984977783271 ], [ 35.633010996243684, 64.495220848068129, 5.017984977783271 ], [ 35.631599009502679, 64.49635239080817, 5.040084977783181 ], [ 35.610194526874693, 64.513505587936379, 5.040084977783181 ], [ 35.609180044397363, 64.51402986094763, 5.031984977783168 ], [ 35.588491615926614, 64.524721405352466, 5.031984977783168 ], [ 35.586744866202935, 64.523746498045512, 4.966884977783138 ], [ 35.573057784044067, 64.516107374758576, 4.966884977783138 ], [ 35.5719531931245, 64.515415334433783, 4.964284977783109 ], [ 35.548065864932141, 64.500449617800768, 4.964284977783109 ], [ 35.54636859348102, 64.500776125016273, 5.008684977783105 ], [ 35.519782658404438, 64.505890509841265, 5.008684977783105 ], [ 35.518578716102638, 64.506312916055322, 5.013484977783264 ], [ 35.494667948005372, 64.51470206931117, 5.013484977783264 ], [ 35.492538886872353, 64.515335162403062, 5.011084977783185 ], [ 35.461322633942473, 64.524617561080959, 5.011084977783185 ], [ 35.460197754000546, 64.524919890231104, 5.010384977783133 ], [ 35.422066744664335, 64.535168197195162, 5.010384977783133 ], [ 35.419849421232357, 64.536623681313358, 5.028984977783239 ], [ 35.398113300718251, 64.550891594393761, 5.028984977783239 ], [ 35.397236375356442, 64.551310772527358, 5.025084977783081 ], [ 35.366775432587019, 64.56587137405586, 5.025084977783081 ], [ 35.365015712333843, 64.565959251282038, 5.002884977783197 ], [ 35.314844954482396, 64.568464687705273, 5.002884977783197 ], [ 35.313417921381188, 64.56815665520844, 4.990484977783126 ], [ 35.309948914073175, 64.567407852024189, 4.990484977783126 ], [ 35.308486985057243, 64.568669167390908, 5.029584977783088 ], [ 35.308273111309973, 64.568853692224366, 5.029584977783088 ], [ 35.307020314634428, 64.569403620815137, 5.019384977783147 ], [ 35.291476868471364, 64.576226583798416, 5.019384977783147 ], [ 35.289055377812474, 64.577289523163927, 5.016884977783093 ], [ 35.251518323872006, 64.595743956291699, 5.016884977783093 ], [ 35.250902181709534, 64.596036595728947, 5.016684977783143 ], [ 35.23390199196001, 64.60411091032438, 5.016684977783143 ], [ 35.23213619980379, 64.605274227869813, 5.023084977783128 ], [ 35.207707775713061, 64.621367862651823, 5.023084977783128 ], [ 35.207927402923815, 64.621897973847808, 5.0363849777832 ], [ 35.212505032133777, 64.632946935118525, 5.0363849777832 ], [ 35.212658619740978, 64.633317647429067, 5.046184977783241 ], [ 35.198403195652645, 64.656660037187976, 5.046184977783241 ], [ 35.198213660361944, 64.657066081548692, 5.047684977783092 ], [ 35.188905926406733, 64.677006180529133, 5.047684977783092 ], [ 35.18842179402418, 64.678255985621945, 5.050384977783096 ], [ 35.183050067353179, 64.692123290209565, 5.050384977783096 ], [ 35.183070192855666, 64.692570473082014, 5.055784977783105 ], [ 35.184273509556078, 64.719307827719604, 5.055784977783105 ], [ 35.183869021580904, 64.720580560941016, 5.041384977783082 ], [ 35.180903585162014, 64.729911392860231, 5.041384977783082 ], [ 35.181116423482308, 64.730352604499785, 5.049584977783297 ], [ 35.184696372292819, 64.737773801258299, 5.049584977783297 ], [ 35.184890898904996, 64.738177052946412, 5.059984977783188 ], [ 35.177329072845168, 64.764318796689622, 5.059984977783188 ], [ 35.176986672784551, 64.764593899759348, 5.051184977783123 ], [ 35.156635056831874, 64.780945508027798, 5.051184977783123 ], [ 35.155610597779742, 64.781768614804605, 5.0367849777831 ], [ 35.151543509753537, 64.792058419305249, 5.0367849777831 ], [ 35.151455199011252, 64.792383634950966, 5.037584977783126 ], [ 35.143780197162414, 64.820647810891387, 5.037584977783126 ], [ 35.143853429704905, 64.821837366951513, 5.045984977783291 ], [ 35.143885315919761, 64.822355311916908, 5.054284977783254 ], [ 35.143838538380805, 64.822537311149063, 5.05588497778308 ], [ 35.14363864644838, 64.823315038738656, 5.057484977783133 ], [ 35.138206415620516, 64.844450437100022, 5.089684977783236 ], [ 35.135393141885288, 64.855396153929178, 5.089684977783236 ], [ 35.13552840668126, 64.856083401929936, 5.10538497778316 ], [ 35.13560494898411, 64.856472295155982, 5.10538497778316 ], [ 35.135731245332863, 64.857113976715482, 5.059884977783213 ], [ 35.135854781532544, 64.857741634594277, 5.039284977783154 ], [ 35.13700475479709, 64.857879518778645, 5.151484977783184 ], [ 35.137354385136859, 64.857921440154314, 5.160984977783301 ], [ 35.138488063821569, 64.860128039785195, 5.185584977783265 ], [ 35.151520554252784, 64.885494564761757, 5.185584977783265 ], [ 35.1519420411787, 64.88631494967558, 5.03048497778309 ], [ 35.153157325927168, 64.886420061273384, 5.03048497778309 ], [ 35.154881979440688, 64.886569228867302, 5.486584977783195 ], [ 35.160738595513976, 64.903360658776364, 5.486584977783195 ], [ 35.160974893558887, 64.904038145934464, 5.594084977783268 ], [ 35.160900192757254, 64.904621989247971, 5.594084977783268 ], [ 35.15965393204533, 64.914362459094264, 5.123084977783265 ], [ 35.161643113766331, 64.917832590406761, 5.123084977783265 ], [ 35.162050829647342, 64.918543851556024, 5.238184977783249 ], [ 35.158669435593765, 64.923831933832844, 5.238184977783249 ], [ 35.157580272978521, 64.925875764049124, 5.26728497778322 ], [ 35.155568242509617, 64.929651369762723, 5.26728497778322 ], [ 35.155102230521152, 64.930525848307298, 5.259084977783232 ], [ 35.150412058952497, 64.940545394681976, 5.259084977783232 ], [ 35.151888751250226, 64.944627594610211, 5.750784977783269 ], [ 35.152454415801913, 64.946191329858266, 5.750784977783269 ], [ 35.15172457130393, 64.946483672407339, 5.399184977783307 ], [ 35.143372478705714, 64.94982914107095, 5.399184977783307 ], [ 35.139937975691282, 64.951204846860492, 5.144784977783274 ], [ 35.139277915310231, 64.954245914384956, 5.144784977783274 ], [ 35.138766930613201, 64.95456893168739, 5.108984977783166 ], [ 35.131857736865641, 64.958936555558466, 5.108984977783166 ], [ 35.129633705335436, 64.960363964128192, 5.111084977783094 ], [ 35.119138689216925, 64.967099783956655, 5.111084977783094 ], [ 35.118496122013312, 64.968544083836605, 5.211184977783205 ], [ 35.114045398615417, 64.978547985345358, 5.211184977783205 ], [ 35.113868663276662, 64.978945233757258, 5.20868497778315 ], [ 35.108093513481435, 64.993707043220638, 5.20868497778315 ], [ 35.107502885657595, 64.993864355259575, 5.146784977783227 ], [ 35.07058717374457, 65.003696749641676, 5.146784977783227 ], [ 35.068818990082946, 65.003776643730816, 5.025984977783082 ], [ 35.02156471235503, 65.005911793617997, 5.025984977783082 ], [ 35.021128586158738, 65.006091471732361, 5.077684977783292 ], [ 35.006170118038426, 65.012254158718861, 5.077684977783292 ], [ 35.004711437606602, 65.013434807769954, 5.138884977783164 ], [ 34.961494798888452, 65.04841415057308, 5.138884977783164 ], [ 34.960946663282812, 65.048857808928005, 5.114184977783225 ], [ 34.957136269309558, 65.059249853904475, 5.114184977783225 ], [ 34.955869766461547, 65.059490615341929, 5.03878497778328 ], [ 34.944474654228543, 65.06165681926359, 5.03878497778328 ], [ 34.942612791113788, 65.061315865634242, 4.959284977783227 ], [ 34.933197150588967, 65.059591626762995, 4.959284977783227 ], [ 34.932787591926171, 65.058512622330454, 4.834284977783227 ], [ 34.926123319397448, 65.040955236632726, 4.834284977783227 ], [ 34.923361202934757, 65.042826180520933, 5.156684977783243 ], [ 34.887906658885186, 65.066841627791291, 5.156684977783243 ], [ 34.886794440913945, 65.067446376706357, 5.137384977783086 ], [ 34.858021995125455, 65.08309088650276, 5.137384977783086 ], [ 34.85600649206026, 65.084719700898859, 5.212884977783233 ], [ 34.838801755002351, 65.098623585945461, 5.212884977783233 ], [ 34.838028447149554, 65.099889820354292, 5.307584977783108 ], [ 34.8263594591117, 65.118996924793464, 5.307584977783108 ], [ 34.824574737314833, 65.118994044983992, 4.99968497778309 ], [ 34.782795888182591, 65.118926631126669, 4.99968497778309 ], [ 34.783705635651131, 65.121026210093987, 5.236384977783246 ], [ 34.794848090125015, 65.146741547549027, 5.236384977783246 ], [ 34.794555086482433, 65.147072325693443, 5.178584977783203 ], [ 34.781469016816118, 65.161845472059213, 5.178584977783203 ], [ 34.781274077293347, 65.163210048922338, 5.279984977783215 ], [ 34.778476819308707, 65.182790854509221, 5.279984977783215 ], [ 34.778142186391051, 65.183043185679708, 5.233184977783139 ], [ 34.755262772931019, 65.200295491478755, 5.233184977783139 ], [ 34.753787538604229, 65.201195340458071, 5.196384977783282 ], [ 34.731329479865963, 65.214894086762797, 5.196384977783282 ], [ 34.731025310145924, 65.215201136321411, 5.218284977783242 ], [ 34.714776823704597, 65.231603460517363, 5.218284977783242 ], [ 34.713605763288797, 65.232544162703562, 5.188984977783093 ], [ 34.693091179913608, 65.249023340817075, 5.188984977783093 ], [ 34.692591622719192, 65.24927668813325, 5.169484977783213 ], [ 34.660041974333581, 65.265784037794219, 5.169484977783213 ], [ 34.658243430647417, 65.265714449895313, 4.985684977783194 ], [ 34.592102074166178, 65.263155358014046, 4.985684977783194 ], [ 34.591810931102373, 65.262643860070966, 4.881584977783177 ], [ 34.588696578080999, 65.257172374520451, 4.881584977783177 ], [ 34.586224863451207, 65.258073173084995, 5.07958497778327 ], [ 34.577008074324112, 65.26143216532364, 5.07958497778327 ], [ 34.576756975628086, 65.263361386765609, 5.304484977783204 ], [ 34.57557442606776, 65.272447057068348, 5.304484977783204 ], [ 34.575171568620135, 65.275542259085341, 5.178384977783253 ], [ 34.585198444066918, 65.311718583208858, 5.178384977783253 ], [ 34.585298700942076, 65.312372626271099, 5.17028497778324 ], [ 34.589390617416939, 65.339066951390123, 5.17028497778324 ], [ 34.589579382212833, 65.341310699353926, 5.15548497778309 ], [ 34.590791212031036, 65.35571508371504, 5.15548497778309 ], [ 34.591036246085423, 65.356167857695254, 5.173584977783094 ], [ 34.595428470973275, 65.364283812159556, 5.173584977783094 ], [ 34.595800630384474, 65.364971488437732, 5.12078497778316 ], [ 34.60359511738352, 65.369624229395413, 5.12078497778316 ], [ 34.605202950173407, 65.370583988435101, 4.912784977783303 ], [ 34.617488523857901, 65.366130644702935, 4.912784977783303 ], [ 34.618572875842801, 65.365737582687871, 4.887484977783288 ], [ 34.639347504038597, 65.353778048913227, 4.887484977783288 ], [ 34.640727214718936, 65.352983777338522, 5.171984977783268 ], [ 34.673034120773082, 65.369300066042342, 5.171984977783268 ], [ 34.674283187632682, 65.369930895118159, 5.230784977783287 ], [ 34.722699080928578, 65.408389845993952, 5.230784977783287 ], [ 34.7261339208344, 65.411118295887718, 5.13358497778313 ], [ 34.72746884492517, 65.411887842885335, 5.13358497778313 ], [ 34.728873787928023, 65.412697753868997, 5.269884977783249 ], [ 34.730826537663233, 65.415835061474354, 5.269884977783249 ], [ 34.730606130644446, 65.416679616260808, 5.156984977783168 ], [ 34.729798864806071, 65.419772894383641, 5.156984977783168 ], [ 34.729706730460748, 65.425148286740296, 5.272384977783304 ], [ 34.728986179659842, 65.467187360554817, 5.272384977783304 ], [ 34.729037082128343, 65.468469275583629, 5.283484977783246 ], [ 34.729935225186637, 65.491087886621244, 5.283484977783246 ], [ 34.729974196088733, 65.492069320360315, 5.169884977783113 ], [ 34.746378036201349, 65.505134725419339, 5.169884977783113 ], [ 34.748104861791944, 65.506510115315905, 5.022684977783229 ], [ 34.785182689811336, 65.510335978047806, 5.022684977783229 ], [ 34.787244010178256, 65.510548674676102, 4.961984977783231 ], [ 34.789796691227821, 65.509857689103228, 4.961984977783231 ], [ 34.791524098967784, 65.509390096834977, 5.183184977783185 ], [ 34.793441622023238, 65.511486010247609, 5.183184977783185 ], [ 34.79425105205155, 65.512370742930216, 5.189684977783145 ], [ 34.81784091143345, 65.540251897997223, 5.189684977783145 ], [ 34.819260461430531, 65.541929682236514, 5.163584977783103 ], [ 34.822964753591805, 65.545577006894746, 5.163584977783103 ], [ 34.823628292768262, 65.546230341642513, 5.204384977783093 ], [ 34.82568327934132, 65.550600199858309, 5.204384977783093 ], [ 34.825645023302059, 65.550778557255398, 5.190384977783197 ], [ 34.820765682758065, 65.573527026572265, 5.190384977783197 ], [ 34.81948281408404, 65.57723902296857, 5.138484977783264 ], [ 34.816257682061405, 65.586570982428384, 5.138484977783264 ], [ 34.816215364495292, 65.586863950200495, 5.143084977783246 ], [ 34.815872335704626, 65.589238765023765, 5.143084977783246 ], [ 34.815786803374067, 65.589830911863828, 5.059284977783136 ], [ 34.821140806991025, 65.591130923101446, 5.059284977783136 ], [ 34.822957180163939, 65.591571958575514, 5.174684977783272 ], [ 34.853917777567403, 65.613006155719631, 5.174684977783272 ], [ 34.854656992392847, 65.613517918318394, 5.157184977783118 ], [ 34.884321293357061, 65.629711776040494, 5.157184977783118 ], [ 34.88592264932231, 65.630585962499026, 5.169184977783289 ], [ 34.905455720770988, 65.642161208190373, 5.169184977783289 ], [ 34.906351948156953, 65.642692310124403, 5.193184977783176 ], [ 34.921729144072742, 65.654802094315528, 5.193184977783176 ], [ 34.923078550884384, 65.655864773449139, 5.104784977783083 ], [ 34.960272289143177, 65.669712903953041, 5.104784977783083 ], [ 34.96102537153638, 65.669993294781307, 5.117884977783206 ], [ 34.967675642910763, 65.673348658980103, 5.117884977783206 ], [ 34.969348669008468, 65.674192776685231, 4.991084977783203 ], [ 34.983102752725244, 65.673701923093176, 4.991084977783203 ], [ 34.984748784117983, 65.673643179761712, 5.051084977783148 ], [ 35.029556941779447, 65.679482698673382, 5.051084977783148 ], [ 35.03142462586402, 65.679726100264816, 5.254384977783275 ], [ 35.046440459831501, 65.688008159588207, 5.254384977783275 ], [ 35.047427940735361, 65.688552809690009, 5.64838497778328 ], [ 35.044479940406745, 65.705127565408475, 5.64838497778328 ], [ 35.043156257786904, 65.705697380370111, 5.204284977783118 ], [ 35.026480196233024, 65.712876041623531, 5.204284977783118 ], [ 35.024309917804203, 65.713510280576884, 5.12448497778314 ], [ 34.980577903275844, 65.726290459337179, 5.12448497778314 ], [ 34.980222509388113, 65.727748055956909, 5.447684977783183 ], [ 34.970770361789619, 65.766514671980985, 5.447684977783183 ], [ 34.970507988080499, 65.76759075980226, 5.323884977783109 ], [ 34.978257095717709, 65.787469290808076, 5.323884977783109 ], [ 34.977520828106208, 65.787738433020422, 5.171184977783241 ], [ 34.947597538179252, 65.798676874037483, 5.171184977783241 ], [ 34.945812171587022, 65.798989205213729, 5.081884977783147 ], [ 34.902552255225601, 65.806557074378361, 5.081884977783147 ], [ 34.893464259948814, 65.81166171017685, 6.003984977783148 ], [ 34.892887524052639, 65.811985656924662, 5.979084977783259 ], [ 34.887493907779572, 65.815015197076718, 5.276484977783184 ], [ 34.879246679047355, 65.844096142842318, 5.276484977783184 ], [ 34.879226248944178, 65.844659285387024, 5.298084977783219 ], [ 34.878661988739623, 65.860212755185785, 5.298084977783219 ], [ 34.878657340610516, 65.860340877552517, 5.318184977783176 ], [ 34.863370608858531, 65.877003494082601, 5.318184977783176 ], [ 34.862161503508105, 65.877570679265773, 5.195384977783306 ], [ 34.83076466791681, 65.892298775201198, 5.195384977783306 ], [ 34.828465522208717, 65.893156614518375, 5.143884977783273 ], [ 34.79618602458504, 65.905200488545233, 5.143884977783273 ], [ 34.795077252478222, 65.905668877880089, 5.155684977783267 ], [ 34.766483435101691, 65.917748040621518, 5.155684977783267 ], [ 34.763697428323212, 65.921200910757761, 5.625784977783269 ], [ 34.747211578680435, 65.941632841408136, 8.878484977783273 ], [ 34.729428104954422, 65.963672997706453, 5.625784977783269 ], [ 34.727661142533179, 65.965862903220113, 5.47408497778315 ], [ 34.709177671044017, 65.999712123637437, 5.47408497778315 ], [ 34.707856419539894, 66.000477978726849, 5.234184977783116 ], [ 34.682979118471849, 66.014897948989528, 5.234184977783116 ], [ 34.680797523862566, 66.015665821585571, 5.121784977783136 ], [ 34.63524034267175, 66.031700932318927, 5.121784977783136 ], [ 34.634069485313375, 66.032346573279938, 5.166984977783159 ], [ 34.60570060426835, 66.047989905549912, 5.166984977783159 ], [ 34.603468350920593, 66.04941820485692, 5.200484977783162 ], [ 34.574195740598952, 66.068148179649143, 5.200484977783162 ], [ 34.572794229330611, 66.068724228185602, 5.144184977783198 ], [ 34.540317025748664, 66.08207299390051, 5.144184977783198 ], [ 34.537549234708422, 66.083403242038912, 5.182084977783234 ], [ 34.497591595296399, 66.102607573164278, 5.182084977783234 ], [ 34.496081221586792, 66.10313922012574, 5.140784977783142 ], [ 34.455918418520014, 66.117276404693257, 5.140784977783142 ], [ 34.45459433272481, 66.116792675718898, 4.927884977783151 ], [ 34.432424487909884, 66.108693354166462, 3.619284977783082 ], [ 34.404852588326321, 66.125365593165043, 6.064484977783195 ], [ 34.399804688015138, 66.128417968997383, 6.230284977783185 ], [ 34.367794121004408, 66.139213369431673, 6.183784977783262 ], [ 34.3203557364468, 66.155211722594686, 6.831784977783173 ], [ 34.287654645726434, 66.166239998608944, 6.72368497778325 ], [ 34.234054687913158, 66.184316310929717, 5.250084977783217 ], [ 34.190051683617639, 66.199156099639367, 6.789984977783206 ], [ 34.158917076027137, 66.209656087230542, 6.710684977783103 ], [ 34.113618423813023, 66.224932826575241, 4.40468497778329 ], [ 34.112695313000586, 66.225244140994619, 4.43348497778311 ], [ 34.065564230360906, 66.233509572324692, 4.060584977783265 ], [ 34.032763626761152, 66.239261851311312, 5.346884977783247 ], [ 33.970342663611518, 66.25020868628053, 4.766784977783118 ], [ 33.938273193751229, 66.255832745489897, 4.73948497778315 ], [ 33.935598205411225, 66.258477030933136, 5.045984977783291 ], [ 33.934990447029122, 66.258898582207621, 5.090084977783135 ], [ 33.906275298111723, 66.278815884361393, 5.090084977783135 ], [ 33.905020477279322, 66.280493681493681, 5.148884977783155 ], [ 33.891263105368125, 66.298888402379816, 5.148884977783155 ], [ 33.890416193331475, 66.299219735679799, 5.0988849777832 ], [ 33.845039183448534, 66.31697236362379, 5.0988849777832 ], [ 33.843285026930971, 66.317875038395869, 5.129584977783225 ], [ 33.826049267343478, 66.326744421050535, 5.129584977783225 ], [ 33.825137732710573, 66.327017427640385, 5.101884977783129 ], [ 33.766517787764315, 66.34457422788546, 5.101884977783129 ], [ 33.764754449832253, 66.344534474221291, 4.993584977783257 ], [ 33.728123566208524, 66.343708647211315, 4.993584977783257 ], [ 33.727067447834997, 66.343961646853131, 5.037384977783177 ], [ 33.679934427476837, 66.355252650435432, 5.037384977783177 ], [ 33.677987933318946, 66.356546944953152, 5.109884977783167 ], [ 33.660686336152139, 66.368051403929712, 5.109884977783167 ], [ 33.659992718632566, 66.368279047906981, 5.088284977783132 ], [ 33.606978966854513, 66.385678061313229, 5.088284977783132 ], [ 33.605390393888229, 66.386418953159591, 5.121384977783237 ], [ 33.604903892744915, 66.386645851598587, 5.121384977783237 ], [ 33.605415955520584, 66.387035557956551, 5.213084977783183 ], [ 33.605528731553932, 66.387121386374929, 5.213084977783183 ], [ 33.606814780388959, 66.388100136304274, 5.125184977783192 ], [ 33.632760612395941, 66.398105538188247, 5.125184977783192 ], [ 33.658104183603427, 66.407878692320082, 5.047684977783092 ], [ 33.659267746814294, 66.40832739319012, 5.082484977783224 ], [ 33.658916078682523, 66.40857939448324, 5.06478497778312 ], [ 33.658007107209414, 66.409230752862641, 5.073784977783134 ], [ 33.657903072380577, 66.409298521393794, 5.074584977783161 ], [ 33.635632145553245, 66.42380585585488, 4.74558497778321 ], [ 33.653070864806068, 66.43995432711381, 6.180184977783256 ], [ 33.655505184520734, 66.442208537482657, 6.403984977783239 ], [ 33.65595703102008, 66.442626952994033, 6.409284977783273 ], [ 33.65458107876475, 66.442913123872131, 6.402484977783161 ], [ 33.611223264029832, 66.451930692084716, 5.045984977783291 ], [ 33.611526828331989, 66.452244624932064, 5.075684977783112 ], [ 33.610044175613439, 66.452811315088184, 5.04308497778311 ], [ 33.58773335137812, 66.461338817200158, 5.04308497778311 ], [ 33.587323054816807, 66.461693911172915, 5.05568497778313 ], [ 33.573758306345553, 66.473433615028625, 5.05568497778313 ], [ 33.572002319750027, 66.473612263347604, 5.007284977783229 ], [ 33.535047506302362, 66.47737192454224, 5.007284977783229 ], [ 33.531372138037113, 66.478436685836641, 5.035184977783274 ], [ 33.524869364860933, 66.480320551767363, 5.035184977783274 ], [ 33.522801595856436, 66.481323095824337, 5.062684977783192 ], [ 33.46723275007389, 66.508265281139757, 5.062684977783192 ], [ 33.467284131489578, 66.50793441371934, 5.04048497778308 ], [ 33.465918155969121, 66.50910337510868, 5.07718497778319 ], [ 33.464817550324369, 66.510045240807813, 5.081584977783223 ], [ 33.464514152437914, 66.510304879702744, 5.080084977783144 ], [ 33.463593208507518, 66.511092996224761, 4.941084977783248 ], [ 33.464721003969316, 66.510690264156437, 5.085684977783103 ], [ 33.465611268169596, 66.510372353688581, 5.093684977783141 ], [ 33.468924294502358, 66.518521402351325, 5.199884977783086 ], [ 33.488640262730769, 66.567016756293015, 5.199884977783086 ], [ 33.488189414449153, 66.567545004319982, 5.125284977783167 ], [ 33.462143851284054, 66.598061958968174, 5.125284977783167 ], [ 33.460938359203283, 66.599191631859867, 5.108384977783089 ], [ 33.45646183907229, 66.603386602102546, 5.108384977783089 ], [ 33.455638165454729, 66.603776787029346, 5.08368497778315 ], [ 33.395265953993658, 66.632375889166724, 5.08368497778315 ], [ 33.393461693543941, 66.632650328727323, 5.026184977783259 ], [ 33.392293900935329, 66.632827957437257, 5.026184977783259 ], [ 33.391454313663417, 66.633192008695914, 5.049084977783195 ], [ 33.389685086789541, 66.633959158556536, 5.049084977783195 ], [ 33.389651914025308, 66.633973542513559, 5.048484977783119 ], [ 33.382044870391837, 66.642123452184023, 5.048484977783119 ], [ 33.378333589280373, 66.646099583653267, 5.008784977783307 ], [ 33.399784802270005, 66.665476130903699, 5.008784977783307 ], [ 33.401970949358656, 66.66745084359718, 5.003084977783146 ], [ 33.444173884519842, 66.682914971592254, 5.003084977783146 ], [ 33.445357715172577, 66.683348754420877, 4.988084977783274 ], [ 33.458922102683573, 66.677852281965897, 4.988084977783274 ], [ 33.460448463112698, 66.677233780152164, 5.03008497778319 ], [ 33.508816014102194, 66.708296705357498, 5.03008497778319 ], [ 33.509773434168892, 66.708911585941678, 4.948784977783134 ], [ 33.51555715574068, 66.707016851927619, 4.948784977783134 ], [ 33.516928821292822, 66.706567497414653, 4.946284977783307 ] ], [ [ 35.498925014791894, 65.079792588483542, 4.999984977783242 ], [ 35.49892501483555, 65.079792588483542, 4.999984977783242 ], [ 35.517948686770978, 65.061371806747047, 4.999984977783242 ], [ 35.519420687443926, 65.060000073994161, 4.999984977783242 ], [ 35.545404358679662, 65.048954477155348, 4.999984977783242 ], [ 35.549403689525207, 65.046571269354899, 4.999984977783242 ], [ 35.553534145990852, 65.0442192038754, 4.999984977783242 ], [ 35.553534145990852, 65.0442192038754, 4.999984977783242 ], [ 35.58592340805626, 65.031962867695256, 4.999984977783242 ], [ 35.586458643301739, 65.031856486428296, 4.999984977783242 ], [ 35.593030240139342, 65.030519855747116, 4.999984977783242 ], [ 35.622836401802488, 65.022876561037265, 4.999984977783242 ], [ 35.628990373123088, 65.021140419979929, 4.999984977783242 ], [ 35.65222762733174, 65.011290971218841, 4.999984977783242 ], [ 35.652227627360844, 65.011290971189737, 4.999984977783242 ], [ 35.6732681220019, 65.006965643915464, 4.999984977783242 ], [ 35.684307050221832, 65.000040620783693, 4.999984977783242 ], [ 35.691497741165222, 64.984865849939524, 4.999984977783242 ], [ 35.688861863294733, 64.982211991475197, 4.999984977783242 ], [ 35.68824389463407, 64.981648230634164, 4.999984977783242 ], [ 35.692853775180993, 64.953249318219605, 4.999984977783242 ], [ 35.704273039431428, 64.946656468775473, 4.999984977783242 ], [ 35.713812949848943, 64.935413549144869, 4.999984977783242 ], [ 35.729833848017734, 64.940373539502616, 4.999984977783242 ], [ 35.743938077328494, 64.943236825463828, 4.999984977783242 ], [ 35.765189893500064, 64.947198600872071, 4.999984977783242 ], [ 35.771683551123715, 64.953612123455969, 4.999984977783242 ], [ 35.771683551123715, 64.953612123455969, 4.999984977783242 ], [ 35.797614137263736, 64.960222581721609, 4.999984977783242 ], [ 35.805147846316686, 64.961476616197615, 4.999984977783242 ], [ 35.836371156750829, 64.971132440157817, 4.999984977783242 ], [ 35.836371156779933, 64.971132440157817, 4.999984977783242 ], [ 35.844415174258756, 64.972882072994253, 4.999984977783242 ], [ 35.87499576616392, 64.982831794739468, 4.999984977783242 ], [ 35.874995766193024, 64.982831794739468, 4.999984977783242 ], [ 35.876950962716364, 64.984573506197194, 4.999984977783242 ], [ 35.880826358217746, 64.984248028966249, 4.999984977783242 ], [ 35.894840766661218, 64.978810221989988, 4.999984977783242 ], [ 35.924849835442728, 64.982328257436166, 4.999984977783242 ], [ 35.92634796272614, 64.981943773920648, 4.999984977783242 ], [ 35.92819100341876, 64.982468438116484, 4.999984977783242 ], [ 35.936852937404183, 64.986542610466131, 4.999984977783242 ], [ 35.93685293753515, 64.986542610524339, 4.999984977783242 ], [ 35.959984836779768, 64.996372036490357, 4.999984977783242 ], [ 35.960641235404182, 64.998394423208083, 4.999984977783242 ], [ 35.964818420325173, 64.996846227877541, 4.999984977783242 ], [ 35.978484456703882, 64.992323636528454, 4.999984977783242 ], [ 35.995748814122635, 64.986558854434406, 4.999984977783242 ], [ 36.009761517721927, 64.980522437559557, 4.999984977783242 ], [ 36.027064793393947, 64.989524564749445, 4.999984977783242 ], [ 36.028959397270228, 64.996721690316917, 4.999984977783242 ], [ 36.028959397270228, 64.996721690346021, 4.999984977783242 ], [ 36.040728473715717, 65.02326795978297, 4.999984977783242 ], [ 36.04128291780944, 65.026624594378518, 4.999984977783242 ], [ 36.04128291780944, 65.026624594378518, 4.999984977783242 ], [ 36.026183258931269, 65.040095317235682, 4.999984977783242 ], [ 36.022074682216044, 65.046571548373322, 4.999984977783242 ], [ 36.02207468218694, 65.046571548402426, 4.999984977783242 ], [ 36.023598639527336, 65.059206847014138, 4.999984977783242 ], [ 35.998111649372731, 65.0672725475888, 4.999984977783242 ], [ 35.990668590849964, 65.067310175014427, 4.999984977783242 ], [ 35.990668590806308, 65.067310175014427, 4.999984977783242 ], [ 35.982199623293127, 65.083709399259533, 4.999984977783242 ], [ 35.983235292806057, 65.086285477882484, 5.606184977783187 ], [ 35.984114316452178, 65.088471922514145, 5.611284977783271 ], [ 35.989275978907244, 65.101310813915916, 4.999984977783242 ], [ 36.00305369689886, 65.110778326154104, 4.999984977783242 ], [ 36.029887473603594, 65.116457400843501, 4.999984977783242 ], [ 36.037426138762385, 65.11587068666995, 4.999984977783242 ], [ 36.039068288650014, 65.115681113762548, 4.999984977783242 ], [ 36.069660286753788, 65.115621416742215, 2.57108497778313 ], [ 36.077929150807904, 65.115605280938325, 4.999984977783242 ], [ 36.088730780014885, 65.118190598906949, 4.999984977783242 ], [ 36.110897350954474, 65.122536478418624, 2.847084977783197 ], [ 36.118383489912958, 65.124004177589086, 4.999984977783242 ], [ 36.149473495548591, 65.137021290167468, 4.999984977783242 ], [ 36.149473495606799, 65.137021290196571, 4.999984977783242 ], [ 36.152214162866585, 65.136939910138608, 4.999984977783242 ], [ 36.153088661783841, 65.137838026843383, 4.999984977783242 ], [ 36.152628912604996, 65.139699751700391, 4.999984977783242 ], [ 36.140718215261586, 65.157011532544857, 4.999984977783242 ], [ 36.131010711789713, 65.161981525030569, 4.999984977783242 ], [ 36.123145609948551, 65.16629596526036, 4.999984977783242 ], [ 36.115689570287941, 65.16289670142578, 4.999984977783242 ], [ 36.09807081836334, 65.157250365009531, 4.999984977783242 ], [ 36.098070818334236, 65.157250365009531, 4.999984977783242 ], [ 36.095157882853528, 65.145405106304679, 4.999984977783242 ], [ 36.077114997402532, 65.141086628515041, 4.999984977783242 ], [ 36.068714378561708, 65.151369924788014, 8.105284977783185 ], [ 36.060345248115482, 65.161614675700548, 4.999984977783242 ], [ 36.051964737242088, 65.169922705303179, 4.999984977783242 ], [ 36.044967414913117, 65.173986569803674, 4.999984977783242 ], [ 36.025030747900018, 65.183601211509085, 4.999984977783242 ], [ 36.017779725414584, 65.187028546730289, 4.999984977783242 ], [ 36.011552988362382, 65.186611417928361, -0.000015022216758 ], [ 35.989175879614777, 65.185112376551842, 4.999984977783242 ], [ 35.982310190331191, 65.167079765742528, 4.999984977783242 ], [ 35.963875045679742, 65.168897952229599, 4.999984977783242 ], [ 35.958994888409507, 65.182321776897879, 4.999984977783242 ], [ 35.944276160473237, 65.182352205039933, 4.999984977783242 ], [ 35.936350069896434, 65.171714888259885, 4.999984977783242 ], [ 35.919361041364027, 65.159655636802199, 4.999984977783242 ], [ 35.922280907485401, 65.143987529925653, 4.999984977783242 ], [ 35.938696763609187, 65.134773047902854, 4.999984977783242 ], [ 35.938952322510886, 65.124996955084498, 4.999984977783242 ], [ 35.944370665427414, 65.120133077027276, 4.999984977783242 ], [ 35.94735797753674, 65.112992942216806, 5.236484977783221 ], [ 35.950063325028168, 65.106526746079908, 4.999984977783242 ], [ 35.932627189846244, 65.093435436763684, 5.194584977783279 ], [ 35.931550565626821, 65.092627091304166, 4.999984977783242 ], [ 35.920585632964503, 65.098646702346741, 4.999984977783242 ], [ 35.905880155260093, 65.094253563904203, 4.999984977783242 ], [ 35.888461442518746, 65.097723339364165, 4.999984977783242 ], [ 35.886070599677623, 65.106506144962623, 4.999984977783242 ], [ 35.881212274543941, 65.123348862762214, 4.999984977783242 ], [ 35.873873700460535, 65.133993063049274, 4.999984977783242 ], [ 35.870515302638523, 65.143080151596223, 4.999984977783242 ], [ 35.858284652596922, 65.153559578349814, 4.999984977783242 ], [ 35.85399579560908, 65.167534864493064, 4.999984977783242 ], [ 35.851032974707778, 65.177390545475646, 4.999984977783242 ], [ 35.837355217023287, 65.182446064398391, 4.999984977783242 ], [ 35.823659472094732, 65.180105852195993, 4.999984977783242 ], [ 35.810088154234109, 65.178630708964192, 8.770084977783199 ], [ 35.797908113963786, 65.177306791534647, 4.999984977783242 ], [ 35.79339501495997, 65.177642382594058, 3.248284977783214 ], [ 35.784788371354807, 65.178282366949134, 4.999984977783242 ], [ 35.758124677100568, 65.182568696982344, 4.999984977783242 ], [ 35.752705743463594, 65.182213916428736, 2.726684977783179 ], [ 35.744585002277745, 65.181682247013669, 4.999984977783242 ], [ 35.744585002306849, 65.181682246984565, 4.999984977783242 ], [ 35.716582124121487, 65.179547407562495, 4.999984977783242 ], [ 35.71015708296909, 65.178730055311462, 2.674484977783095 ], [ 35.701900109197595, 65.177679656408145, 4.999984977783242 ], [ 35.678180594884907, 65.173352316618548, 4.999984977783242 ], [ 35.672906638341374, 65.171156961689121, 2.336584977783104 ], [ 35.654896613690653, 65.163660048085148, 4.999984977783242 ], [ 35.654896613661549, 65.163660048114252, 4.999984977783242 ], [ 35.642162990188808, 65.1547449973732, 4.999984977783242 ], [ 35.623361395686516, 65.14891535663628, 4.999984977783242 ], [ 35.608069640074973, 65.144902955944417, 4.999984977783242 ], [ 35.588661964022322, 65.123523187619867, 7.017384977783195 ], [ 35.575109325014637, 65.108593410273897, 4.999984977783242 ], [ 35.560065647820011, 65.107613651343854, 6.442184977783199 ], [ 35.544260670532822, 65.106584310735343, 4.999984977783242 ], [ 35.530554973360267, 65.105526160827139, 4.999984977783242 ], [ 35.530554973360267, 65.105526160798036, 4.999984977783242 ], [ 35.520437833940377, 65.114954153366853, 4.999984977783242 ], [ 35.511392512955354, 65.1160057176603, -0.000015022216758 ], [ 35.506310466153082, 65.116596531297546, 0.398484977783255 ], [ 35.494522539273021, 65.117966937381425, 4.999984977783242 ], [ 35.489374184704502, 65.11221524636494, 4.999984977783242 ], [ 35.489002521964721, 65.101269736187533, 4.999984977783242 ], [ 35.492173622726114, 65.093893491939525, 4.999984977783242 ], [ 35.49217362269701, 65.093893491939525, 4.999984977783242 ], [ 35.498925014791894, 65.079792588483542, 4.999984977783242 ] ], [ [ 35.578813077343511, 64.600140308088157, 4.999984977783242 ], [ 35.58921468470362, 64.593432670735638, 4.999984977783242 ], [ 35.622502077632817, 64.606440876392298, 4.999984977783242 ], [ 35.643320372982998, 64.604520586028229, 4.999984977783242 ], [ 35.660594679255155, 64.624379826316726, 4.999984977783242 ], [ 35.660594679284259, 64.62437982634583, 4.999984977783242 ], [ 35.6768442667817, 64.637189630273497, 4.999984977783242 ], [ 35.67484113543469, 64.64371421757096, 4.999984977783242 ], [ 35.664801015242119, 64.645874099078355, 4.999984977783242 ], [ 35.647908877013833, 64.650515659348457, 4.999984977783242 ], [ 35.646368037560023, 64.652981905310298, 4.999984977783242 ], [ 35.626733198849251, 64.661234472689102, 4.999984977783242 ], [ 35.62494238045474, 64.662835417911992, 4.999984977783242 ], [ 35.606561926339054, 64.667774286601343, 4.999984977783242 ], [ 35.604373261448927, 64.66716244824056, 4.999984977783242 ], [ 35.603171466427739, 64.669512011707411, 4.999984977783242 ], [ 35.594416304360493, 64.677044669966563, 4.999984977783242 ], [ 35.593465066835051, 64.679051002211054, 4.999984977783242 ], [ 35.582359031555825, 64.685866395389894, 5.242484977783306 ], [ 35.579300010969746, 64.687743611473707, 6.572584977783208 ], [ 35.57631130797381, 64.6895776760648, 4.999984977783242 ], [ 35.561052326811478, 64.694471149356104, 4.999984977783242 ], [ 35.549364545935532, 64.690601566471742, 4.999984977783242 ], [ 35.546610023258836, 64.68883017981716, 5.716984977783113 ], [ 35.542337137521827, 64.686082359708962, 4.999984977783242 ], [ 35.527364511915948, 64.685708739532856, 4.999984977783242 ], [ 35.520267682775739, 64.684218649359536, 4.999984977783242 ], [ 35.512723872598144, 64.680452109314501, 4.999984977783242 ], [ 35.507694213942159, 64.675510785644292, 4.999984977783242 ], [ 35.510585655341856, 64.670069759464241, 4.999984977783242 ], [ 35.507679240952712, 64.66191759512003, 4.999984977783242 ], [ 35.515080829238286, 64.643114297403372, 4.999984977783242 ], [ 35.515753016516101, 64.642411999622709, 4.999984977783242 ], [ 35.539538845099742, 64.619186214433284, 4.999984977783242 ], [ 35.539562164398376, 64.61916483726236, 4.999984977783242 ], [ 35.565657107756124, 64.605840989868739, 4.999984977783242 ], [ 35.565657107785228, 64.605840989839635, 4.999984977783242 ], [ 35.575306770959287, 64.600521871019737, 4.999984977783242 ], [ 35.578813077343511, 64.600140308088157, 4.999984977783242 ] ] ] ] } },
{ "type": "Feature", "properties": { "gid": 13, "objectid": 13.0, "shape_leng": 12.6399755653, "shape_area": 0.428436973542, "z_mean": 4.5716289046299998 }, "geometry": { "type": "MultiPolygon", "coordinates": [ [ [ [ 33.482031250008731, 66.764550780993886, 0.154384977783138 ], [ 33.522949218997383, 66.764355469000293, 0.718184977783267 ], [ 33.547906788953696, 66.77133484344813, 0.282084977783143 ], [ 33.552720795836649, 66.772681078553433, 0.055384977783206 ], [ 33.554282428158331, 66.77311778839794, 0.119484977783259 ], [ 33.556828313550795, 66.773829744226532, 0.141484977783193 ], [ 33.59541015602008, 66.784619141020812, 0.263384977783289 ], [ 33.634824880864471, 66.776541584462393, 1.798984977783221 ], [ 33.674876264922204, 66.76833355249255, 1.585784977783305 ], [ 33.716186816032859, 66.759867469969322, 1.456984977783122 ], [ 33.739785025332822, 66.755031311113271, 1.265984977783091 ], [ 33.759570313020959, 66.750976562994765, 1.04528497778324 ], [ 33.800716689656838, 66.737400955607882, 0.970184977783219 ], [ 33.849699209706159, 66.721239934471669, -0.000015022216758 ], [ 33.893652344006114, 66.706738281005528, -0.000015022216758 ], [ 33.919249780519749, 66.706386749472586, -0.000015022216758 ], [ 33.979895942378789, 66.705553891137242, 0.224184977783125 ], [ 34.020302274235291, 66.704998987916042, -0.000015022216758 ], [ 34.146093749994179, 66.703271484017023, 0.525884977783107 ], [ 34.181696480038227, 66.697204906333354, 0.550884977783198 ], [ 34.28995761560509, 66.67875759654271, 0.337384977783131 ], [ 34.384984656135202, 66.66256532917032, 0.36188497778312 ], [ 34.38862713285198, 66.661944664170733, 0.359584977783243 ], [ 34.451562500020373, 66.651220703002764, 0.906984977783168 ], [ 34.440581469243625, 66.639851192303468, 0.547584977783117 ], [ 34.435790278643253, 66.63489050201315, -0.000015022216758 ], [ 34.43085937500291, 66.629785155993886, 0.555184977783256 ], [ 34.427160827399348, 66.628018995674211, 0.787284977783202 ], [ 34.41261153492087, 66.621071300061885, -0.000015022216758 ], [ 34.40043286269065, 66.615255642172997, -0.000015022216758 ], [ 34.396093749994179, 66.613183594017755, -0.000015022216758 ], [ 34.40472500550095, 66.60691473071347, -0.000015022216758 ], [ 34.482617188012227, 66.550341797017609, -0.000015022216758 ], [ 34.490580311045051, 66.550920600944664, -0.000015022216758 ], [ 34.589201985305408, 66.558088970763492, 3.767984977783271 ], [ 34.610253905993886, 66.559619141000439, 3.207484977783224 ], [ 34.675060852066963, 66.575193475437118, 0.511784977783236 ], [ 34.684168902167585, 66.577382312098052, 0.283384977783271 ], [ 34.687510782241588, 66.578185429054429, 0.283384977783271 ], [ 34.757130967249395, 66.594916475834907, 2.945984977783155 ], [ 34.778212200908456, 66.599982694839127, 3.836184977783205 ], [ 34.77965158977895, 66.60032860719366, 3.860484977783244 ], [ 34.824609375005821, 66.611132813006407, 2.630284977783276 ], [ 34.876597404028871, 66.593544612274854, 0.442284977783174 ], [ 34.884049621687154, 66.591023433808004, 0.390884977783116 ], [ 34.888595534852357, 66.589485494492692, 0.516184977783269 ], [ 34.968635693192482, 66.562406907396507, 0.605984977783237 ], [ 34.974809704304789, 66.560318162184558, 0.674284977783145 ], [ 35.051035451004282, 66.534530038275989, 0.000784977783269 ], [ 35.055847288022051, 66.532902133607422, 0.005584977783201 ], [ 35.062548433968914, 66.530635052084108, -0.000015022216758 ], [ 35.195657361255144, 66.485602636414114, -0.000015022216758 ], [ 35.255690116406186, 66.465292804175988, 2.702884977783242 ], [ 35.302847403188935, 66.449338903999887, 1.986784977783145 ], [ 35.317526824117522, 66.444372672223835, 2.248984977783266 ], [ 35.363964844014845, 66.428662108999561, 1.048784977783271 ], [ 35.383230722742155, 66.424427642545197, -0.000015022216758 ], [ 35.442514795024181, 66.411397537900484, -0.000015022216758 ], [ 35.513476563006407, 66.395800781014259, -0.000015022216758 ], [ 35.545082000331604, 66.39236423705006, -0.000015022216758 ], [ 35.655817001519608, 66.380323723409674, 3.404184977783189 ], [ 35.699504521558993, 66.375573462195462, 3.934584977783288 ], [ 35.897809409201727, 66.354011239905958, 0.314684977783145 ], [ 35.90942128066672, 66.352748649995192, 0.259384977783157 ], [ 35.915086981345667, 66.352132603162318, 0.144784977783274 ], [ 35.915518311347114, 66.35208570350369, 0.081784977783173 ], [ 35.916121909511276, 66.352020072648884, 0.147284977783102 ], [ 35.922834304044954, 66.351290216000052, -0.000015022216758 ], [ 36.032368833213695, 66.339380232864642, 0.016784977783118 ], [ 36.128800910228165, 66.328894914506236, 0.030584977783292 ], [ 36.234498520134366, 66.317402129934635, 8.345584977783119 ], [ 36.340769304850255, 66.305847022507805, -0.000015022216758 ], [ 36.373437500005821, 66.302294922017609, 0.514184977783088 ], [ 36.44756616668019, 66.300660804932704, 1.664984977783206 ], [ 36.664318529117736, 66.295882643433288, -0.000015022216758 ], [ 36.667450689448742, 66.295813597069355, -0.000015022216758 ], [ 36.769921875005821, 66.293554688003496, -0.000015022216758 ], [ 36.777730713438359, 66.292787716651219, -0.000015022216758 ], [ 36.886621685072896, 66.282092623383505, -0.000015022216758 ], [ 36.983691406014259, 66.272558594020666, -0.000015022216758 ], [ 36.993703500556876, 66.271029754076153, -0.000015022216758 ], [ 36.996122082971851, 66.270660438181949, -0.000015022216758 ], [ 37.102043046121253, 66.254486379824812, -0.000015022216758 ], [ 37.155675912013976, 66.246296678000363, -0.000015022216758 ], [ 37.205292041297071, 66.238720329478383, -0.000015022216758 ], [ 37.206862329680007, 66.238480547530344, -0.000015022216758 ], [ 37.294824219003203, 66.225048827996943, 4.749184977783216 ], [ 37.305982044155826, 66.221854108021944, 5.382684977783128 ], [ 37.401129274076084, 66.194611455110135, -0.000015022216758 ], [ 37.490367695165332, 66.16906061845657, -0.000015022216758 ], [ 37.593663084524451, 66.13948497614183, 4.820084977783154 ], [ 37.628222655999707, 66.129589844014845, 4.991784977783254 ], [ 37.662802093123901, 66.125276709935861, 7.979684977783108 ], [ 37.710321670703706, 66.119349536820664, 10.10558497778311 ], [ 37.705356952865259, 66.116531563209719, 9.924484977783095 ], [ 37.701262929840595, 66.114207795908442, 8.142184977783245 ], [ 37.695037736877566, 66.11067437667225, 2.593884977783091 ], [ 37.681535831739893, 66.103010695893317, 5.132584977783154 ], [ 37.67952946171863, 66.103428544418421, 4.790384977783106 ], [ 37.666860276382067, 66.106067040847847, 2.310184977783138 ], [ 37.657337046446628, 66.108050357652246, 4.143384977783171 ], [ 37.580489190702792, 66.124054764208267, 4.71518497778311 ], [ 37.557018730702111, 66.128942744238884, 4.816884977783275 ], [ 37.556191827490693, 66.129187653306872, 4.78618497778325 ], [ 37.490642474745982, 66.148601812004927, 4.78618497778325 ], [ 37.48883364739595, 66.14905744077987, 4.818584977783303 ], [ 37.464812541365973, 66.155108160106465, 4.818584977783303 ], [ 37.464017074700678, 66.155346060011652, 4.803484977783228 ], [ 37.399867019499652, 66.174531392054632, 4.803484977783228 ], [ 37.398109973597457, 66.174939881122555, 4.84648497778312 ], [ 37.372239448013715, 66.180954423049116, 4.84648497778312 ], [ 37.371598337660544, 66.181230444650282, 4.799584977783297 ], [ 37.312419266265351, 66.206709211372072, 4.799584977783297 ], [ 37.310588999796892, 66.207497208393761, 4.90748497778327 ], [ 37.307575370708946, 66.207765123064746, 5.068184977783176 ], [ 37.301315907709068, 66.208321595593588, 5.625984977783219 ], [ 37.298847715137526, 66.20854102037265, 5.68958497778317 ], [ 37.203437471252983, 66.217023086777772, 4.955184977783119 ], [ 37.201706662031938, 66.217399509652751, 4.859684977783218 ], [ 37.175553192631924, 66.223087463935371, 4.859684977783218 ], [ 37.174463998846477, 66.223259031961788, 4.883284977783205 ], [ 37.104463164214394, 66.234285448706942, 4.883284977783205 ], [ 37.102650346030714, 66.234421237226343, 4.945484977783281 ], [ 37.072183477503131, 66.236703347181901, 4.945484977783281 ], [ 37.070819440239575, 66.236845510895364, 4.929184977783279 ], [ 36.99786313259392, 66.244449217003421, 4.929184977783279 ], [ 36.996027243556455, 66.244634724134812, 4.931384977783182 ], [ 36.984670041376376, 66.245782310754294, 2.792184977783108 ], [ 36.962632066759397, 66.248009134316817, 4.807684977783083 ], [ 36.961301243369235, 66.248152659347397, 4.927984977783126 ], [ 36.888827287664753, 66.255968742334517, 4.927984977783126 ], [ 36.887025627802359, 66.256071316442103, 4.962284977783156 ], [ 36.875065911692218, 66.256752220317139, 2.887284977783111 ], [ 36.781389888798003, 66.262085488036973, 2.584784977783102 ], [ 36.774235287768533, 66.262492821741034, 4.48668497778317 ], [ 36.772464210167527, 66.262584044990945, 4.961184977783205 ], [ 36.698573504705564, 66.266389948068536, 4.961184977783205 ], [ 36.696734772907803, 66.266412097713328, 4.991784977783254 ], [ 36.670416541164741, 66.266729130686144, 2.814484977783195 ], [ 36.659501242975239, 66.266860617848579, 4.687284977783293 ], [ 36.657679618554539, 66.266780067584477, 5.030884977783217 ], [ 36.583309887268115, 66.263491518373485, 5.030884977783217 ], [ 36.581380438365159, 66.263550911840866, 4.9742849777831 ], [ 36.558135596162174, 66.264266448590206, 2.562884977783142 ], [ 36.546853612235282, 66.264613737424952, 4.651784977783109 ], [ 36.545240718463901, 66.264829659936368, 4.896484977783302 ], [ 36.465724732697709, 66.275474683206994, 4.896484977783302 ], [ 36.463634996427572, 66.275644387045759, 4.944184977783152 ], [ 36.448160851359717, 66.276901015269686, 3.441484977783148 ], [ 36.440014999127015, 66.277562525647227, 4.689984977783297 ], [ 36.438369133276865, 66.277710048598237, 4.938784977783143 ], [ 36.363765417700051, 66.284396959934384, 4.938784977783143 ], [ 36.361911640400649, 66.284443835596903, 4.984484977783268 ], [ 36.341733584020403, 66.284954069124069, 3.085284977783203 ], [ 36.324948752750061, 66.285378499669605, 6.227584977783181 ], [ 36.275738146025105, 66.286622866377002, 11.751384977783118 ], [ 36.270755656514666, 66.285875492962077, 12.586584977783104 ], [ 36.261461379966931, 66.284481351467548, 12.422484977783142 ], [ 36.234453675511759, 66.291268023604061, 10.77378497778318 ], [ 36.213593947264599, 66.296509792184224, 11.856684977783289 ], [ 36.150090414521401, 66.312467374082189, 5.075084977783263 ], [ 36.148020580483717, 66.312701739210752, 4.927584977783226 ], [ 36.127749961975496, 66.314996959888958, 2.78008497778319 ], [ 36.115344702702714, 66.316401594274794, 4.68718497778309 ], [ 36.113686056691222, 66.316502607383882, 4.95868497778315 ], [ 36.040249805853819, 66.320974943650072, 4.95868497778315 ], [ 36.038151144224685, 66.32120164045773, 4.921184977783241 ], [ 36.016948937656707, 66.323491896560881, 2.574784977783111 ], [ 36.004066171488375, 66.324883489156491, 4.672384977783167 ], [ 36.002648536115885, 66.325119578075828, 4.887184977783136 ], [ 35.934118724180735, 66.336532335320953, 4.887184977783136 ], [ 35.932120661440422, 66.336736263008788, 4.936084977783139 ], [ 35.911849512223853, 66.338805191378924, 2.768084977783246 ], [ 35.898666577792028, 66.34015067735163, 4.70868497778315 ], [ 35.897251176371356, 66.340393668811885, 4.901584977783159 ], [ 35.808298737305449, 66.35566473059589, 4.901584977783159 ], [ 35.807033031538595, 66.355244396341732, 5.106484977783111 ], [ 35.805676840202068, 66.354794012280763, 5.106484977783111 ], [ 35.804429286188679, 66.3560036898416, 4.81478497778312 ], [ 35.80433156255458, 66.356008513714187, 4.80808497778321 ], [ 35.80279660258384, 66.356084283121163, 4.973284977783123 ], [ 35.708509153788327, 66.360738543182379, 6.392584977783144 ], [ 35.694030975704663, 66.361453221586999, 5.367584977783281 ], [ 35.68150644643174, 66.362071463125176, 6.743784977783207 ], [ 35.605349555960856, 66.365830754279159, 5.010884977783235 ], [ 35.603338703236659, 66.366061834138236, 4.920784977783114 ], [ 35.582545539844432, 66.368451308590011, 2.544084977783086 ], [ 35.56808005120547, 66.370113629760453, 4.708284977783251 ], [ 35.566761714522727, 66.370322408663924, 4.89858497778323 ], [ 35.499561247546808, 66.380964636453427, 4.89858497778323 ], [ 35.497494646187988, 66.38132407804369, 4.887084977783161 ], [ 35.477313129042159, 66.384834225827944, 2.489184977783225 ], [ 35.462962285426329, 66.387330251338426, 4.696384977783282 ], [ 35.461876619403483, 66.387607064432814, 4.855084977783235 ], [ 35.402563610346988, 66.402730147441616, 4.855084977783235 ], [ 35.400503729077172, 66.40325335515081, 4.855684977783085 ], [ 35.38126191374613, 66.408140756277135, 2.481084977783212 ], [ 35.366814080436598, 66.411810490913922, 4.697984977783108 ], [ 35.366034830367425, 66.412157599115744, 4.808184977783185 ], [ 35.320726440113503, 66.432339712278917, 4.808184977783185 ], [ 35.318884980602888, 66.432823266761261, 4.889484977783241 ], [ 35.284123558332794, 66.44195137450879, 4.889484977783241 ], [ 35.283298388094408, 66.442296977751539, 4.859084977783141 ], [ 35.220346480316948, 66.468662910468993, 4.859084977783141 ], [ 35.218408779634046, 66.469095137479599, 4.930584977783155 ], [ 35.212276991529507, 66.470462905213935, 4.930584977783155 ], [ 35.211014839544077, 66.470605286347563, 4.954884977783195 ], [ 35.139091109143919, 66.478718875281629, 4.954884977783195 ], [ 35.137269950166228, 66.479236751358258, 4.884784977783283 ], [ 35.095628422670416, 66.491078194245347, 4.884784977783283 ], [ 35.094950136030093, 66.491345333794015, 4.867884977783206 ], [ 35.055356746292091, 66.506938977079699, 4.867884977783206 ], [ 35.053618382953573, 66.50747535561095, 4.895784977783251 ], [ 35.008338146755705, 66.521446742088301, 4.895784977783251 ], [ 35.00768225932552, 66.521704026803491, 4.885384977783133 ], [ 34.972399873833638, 66.53554423370224, 4.885384977783133 ], [ 34.970693876035511, 66.536008464187034, 4.918984977783111 ], [ 34.919853441577288, 66.549842994776554, 4.918984977783111 ], [ 34.919088016453316, 66.550096219376428, 4.911484977783175 ], [ 34.885216283917543, 66.561301960959099, 4.911484977783175 ], [ 34.883482502264087, 66.561579296874697, 4.955884977783171 ], [ 34.825217958306894, 66.570899300248129, 4.955884977783171 ], [ 34.822980247699888, 66.570748869591625, 5.034484977783222 ], [ 34.783541058393894, 66.568097560098977, 6.956284977783298 ], [ 34.749234151182463, 66.565791269575129, 5.107084977783188 ], [ 34.748408741870662, 66.565592928673141, 5.075484977783162 ], [ 34.690262958174571, 66.55162084584299, 5.075484977783162 ], [ 34.688508014587569, 66.551443588599795, 5.03248497778327 ], [ 34.627350912385737, 66.545266443878063, 5.03248497778327 ], [ 34.627091667833156, 66.544922376866452, 5.089684977783236 ], [ 34.622904429765185, 66.539365112679661, 5.089684977783236 ], [ 34.620562919881195, 66.539895914960653, 4.951884977783266 ], [ 34.610254978775629, 66.542232645908371, 4.951884977783266 ], [ 34.608082031147205, 66.541473380770185, 5.100684977783203 ], [ 34.553691079476266, 66.522468249939266, 5.100684977783203 ], [ 34.553336334181949, 66.522009295862517, 5.154784977783265 ], [ 34.539155533580924, 66.503662791859824, 5.154784977783265 ], [ 34.536651870657806, 66.504426998712006, 4.886384977783109 ], [ 34.494271096555167, 66.517363116086926, 4.886384977783109 ], [ 34.492818960716249, 66.517863353263238, 4.87448497778314 ], [ 34.457509615749586, 66.53002684758394, 4.87448497778314 ], [ 34.455140328413108, 66.530718373280251, 4.899884977783131 ], [ 34.409520443819929, 66.544033483602107, 4.899884977783131 ], [ 34.408491345646325, 66.54486030357657, 4.798784977783271 ], [ 34.389112100761849, 66.5604303892178, 4.798784977783271 ], [ 34.387223194236867, 66.560877948897542, 4.948984977783084 ], [ 34.33608666920918, 66.572994295842363, 4.948984977783084 ], [ 34.334921675283113, 66.573446980313747, 4.927584977783226 ], [ 34.298779231889057, 66.58749093588267, 4.927584977783226 ], [ 34.297015075906529, 66.587473177351058, 5.000984977783219 ], [ 34.276938249327941, 66.587271077849437, 5.000984977783219 ], [ 34.27511902867991, 66.587663635393255, 4.977584977783181 ], [ 34.253891189320711, 66.592244249841315, 4.977584977783181 ], [ 34.252621169216582, 66.592627894016914, 4.971184977783196 ], [ 34.202339608047623, 66.607816809177166, 4.971184977783196 ], [ 34.200461699496373, 66.608209372046986, 4.98058497778311 ], [ 34.168968692145427, 66.614792751977802, 4.98058497778311 ], [ 34.166597369548981, 66.614364694542019, 5.028684977783087 ], [ 34.152180424469407, 66.611762231055764, 5.028684977783087 ], [ 34.15067926577467, 66.612372461051564, 4.950184977783238 ], [ 34.104226915602339, 66.631255618849536, 4.950184977783238 ], [ 34.102429142338224, 66.631266241398407, 4.99968497778309 ], [ 34.091116756841075, 66.631333083103527, 4.99968497778309 ], [ 34.089355184245505, 66.631725402578013, 4.986584977783195 ], [ 34.079257979086833, 66.63397414892097, 4.986584977783195 ], [ 34.075704898059485, 66.632926146514365, 5.048884977783246 ], [ 34.041797840574873, 66.62292505800724, 5.048884977783246 ], [ 34.040389186615357, 66.623613412259147, 4.946384977783282 ], [ 33.983323086577002, 66.651499388972297, 4.946384977783282 ], [ 33.982911838233122, 66.651516690064454, 4.957684977783174 ], [ 33.981494307285175, 66.651105500437552, 5.025484977783208 ], [ 33.981145428697346, 66.651004299637862, 5.028484977783137 ], [ 33.978788367443485, 66.650320576169179, 5.059484977783086 ], [ 33.922870845606667, 66.634100326889893, 5.059484977783086 ], [ 33.921650025760755, 66.634842165280133, 4.933584977783084 ], [ 33.867013806200703, 66.668042186298408, 4.933584977783084 ], [ 33.866554409716628, 66.668143535382114, 4.944484977783304 ], [ 33.866192836198024, 66.668256618169835, 4.950984977783264 ], [ 33.864769303632784, 66.668701830596547, 4.935884977783189 ], [ 33.864130310466862, 66.668901676879614, 4.935884977783189 ], [ 33.861961682647234, 66.669054016543669, 4.996284977783262 ], [ 33.7912679798319, 66.674020038917661, 4.996284977783262 ], [ 33.789366266850266, 66.674306982909911, 4.991784977783254 ], [ 33.746458669498679, 66.680781186776585, 4.991784977783254 ], [ 33.744992187057505, 66.680988170701312, 4.992184977783154 ], [ 33.723609289212618, 66.684006219773437, 4.992184977783154 ], [ 33.72166402253788, 66.684528798039537, 4.984584977783243 ], [ 33.680798605259042, 66.695506921489141, 4.984584977783243 ], [ 33.67866443686944, 66.695702734999941, 4.996684977783161 ], [ 33.673877185661695, 66.696141973210615, 4.996684977783161 ], [ 33.672332867994555, 66.695380481774919, 5.01488497778314 ], [ 33.665975973708555, 66.692245944985189, 5.01488497778314 ], [ 33.665332476433832, 66.693588479276514, 4.98688497778312 ], [ 33.663636343626422, 66.697127136780182, 4.98688497778312 ], [ 33.662192679694272, 66.697239016837557, 4.997084977783288 ], [ 33.598604224273004, 66.702166950562969, 4.997084977783288 ], [ 33.595710925772437, 66.69771222275449, 5.095484977783144 ], [ 33.585851116193226, 66.682531359721906, 5.095484977783144 ], [ 33.583577895667986, 66.68332412847667, 4.946284977783307 ], [ 33.516928821292822, 66.706567497414653, 4.946284977783307 ], [ 33.51555715574068, 66.707016851927619, 4.948784977783134 ], [ 33.509773434168892, 66.708911585941678, 4.948784977783134 ], [ 33.508816014102194, 66.708296705357498, 5.03008497778319 ], [ 33.460448463112698, 66.677233780152164, 5.03008497778319 ], [ 33.458922102683573, 66.677852281965897, 4.988084977783274 ], [ 33.445357715172577, 66.683348754420877, 4.988084977783274 ], [ 33.444173884519842, 66.682914971592254, 5.003084977783146 ], [ 33.401970949358656, 66.66745084359718, 5.003084977783146 ], [ 33.399784802270005, 66.665476130903699, 5.008784977783307 ], [ 33.378333589280373, 66.646099583653267, 5.008784977783307 ], [ 33.382044870391837, 66.642123452184023, 5.048484977783119 ], [ 33.389651914025308, 66.633973542513559, 5.048484977783119 ], [ 33.389685086789541, 66.633959158556536, 5.049084977783195 ], [ 33.391454313663417, 66.633192008695914, 5.049084977783195 ], [ 33.392293900935329, 66.632827957437257, 5.026184977783259 ], [ 33.393461693543941, 66.632650328727323, 5.026184977783259 ], [ 33.395265953993658, 66.632375889166724, 5.08368497778315 ], [ 33.455638165454729, 66.603776787029346, 5.08368497778315 ], [ 33.45646183907229, 66.603386602102546, 5.108384977783089 ], [ 33.460938359203283, 66.599191631859867, 5.108384977783089 ], [ 33.462143851284054, 66.598061958968174, 5.125284977783167 ], [ 33.488189414449153, 66.567545004319982, 5.125284977783167 ], [ 33.488640262730769, 66.567016756293015, 5.199884977783086 ], [ 33.468924294502358, 66.518521402351325, 5.199884977783086 ], [ 33.465611268169596, 66.510372353688581, 5.093684977783141 ], [ 33.464721003969316, 66.510690264156437, 5.085684977783103 ], [ 33.463593208507518, 66.511092996224761, 4.941084977783248 ], [ 33.464514152437914, 66.510304879702744, 5.080084977783144 ], [ 33.464817550324369, 66.510045240807813, 5.081584977783223 ], [ 33.465918155969121, 66.50910337510868, 5.07718497778319 ], [ 33.467284131489578, 66.50793441371934, 5.04048497778308 ], [ 33.46723275007389, 66.508265281139757, 5.062684977783192 ], [ 33.522801595856436, 66.481323095824337, 5.062684977783192 ], [ 33.524869364860933, 66.480320551767363, 5.035184977783274 ], [ 33.531372138037113, 66.478436685836641, 5.035184977783274 ], [ 33.535047506302362, 66.47737192454224, 5.007284977783229 ], [ 33.572002319750027, 66.473612263347604, 5.007284977783229 ], [ 33.573758306345553, 66.473433615028625, 5.05568497778313 ], [ 33.587323054816807, 66.461693911172915, 5.05568497778313 ], [ 33.58773335137812, 66.461338817200158, 5.04308497778311 ], [ 33.610044175613439, 66.452811315088184, 5.04308497778311 ], [ 33.611526828331989, 66.452244624932064, 5.075684977783112 ], [ 33.611223264029832, 66.451930692084716, 5.045984977783291 ], [ 33.609739398947568, 66.452239306701813, 4.999584977783115 ], [ 33.57704681600444, 66.459038717570365, 4.639584977783215 ], [ 33.569906303004245, 66.460523803107208, 4.470484977783144 ], [ 33.559243146839435, 66.462741528768674, 4.516184977783269 ], [ 33.526103242984391, 66.469633973567397, 4.331784977783173 ], [ 33.517675781011349, 66.471386719014845, 4.162684977783101 ], [ 33.490552891918924, 66.474497250193963, 3.435284977783112 ], [ 33.486676098764292, 66.474941852022312, 3.735284977783294 ], [ 33.427413681856706, 66.481738236980163, -0.000015022216758 ], [ 33.405273438009317, 66.484277344003203, -0.000015022216758 ], [ 33.306005415870459, 66.509300727848313, -0.000015022216758 ], [ 33.231463282048935, 66.528091234460589, -0.000015022216758 ], [ 33.217382813018048, 66.531640625005821, -0.000015022216758 ], [ 33.213225146202603, 66.53673465011525, -0.000015022216758 ], [ 33.182910156014259, 66.573876952999854, -0.000015022216758 ], [ 33.184595314276521, 66.575094232015545, -0.000015022216758 ], [ 33.224414063020959, 66.603857422014698, -0.000015022216758 ], [ 33.216976544485078, 66.616761268058326, -0.000015022216758 ], [ 33.209137758196448, 66.630361300165532, -0.000015022216758 ], [ 33.188995472504757, 66.665307492454303, -0.000015022216758 ], [ 33.180566405993886, 66.67993164100335, 0.984884977783167 ], [ 33.120103208289947, 66.685734138693078, 1.087284977783156 ], [ 33.110378777972073, 66.686667367292102, 0.636184977783159 ], [ 33.081036230389145, 66.689483296184335, 0.599884977783177 ], [ 33.020935711581842, 66.695250988501357, 0.698184977783285 ], [ 33.004182651158771, 66.696858736642753, 0.60758497778329 ], [ 32.973626423758105, 66.6997911392682, 0.359184977783116 ], [ 32.928710938009317, 66.704101562994765, 0.337884977783233 ], [ 32.924231501689064, 66.705269251106074, 0.348784977783225 ], [ 32.890766460870509, 66.713992832999793, -0.000015022216758 ], [ 32.870669876647298, 66.719231559589389, -0.000015022216758 ], [ 32.869742700277129, 66.719473253557226, -0.000015022216758 ], [ 32.864583648028201, 66.720818102228804, -0.000015022216758 ], [ 32.862402344006114, 66.721386719000293, -0.000015022216758 ], [ 32.862314125872217, 66.721830354435951, -0.000015022216758 ], [ 32.857324219003203, 66.746923828002764, -0.000015022216758 ], [ 32.805799105917686, 66.77183253991825, -0.000015022216758 ], [ 32.771765150348074, 66.78828552646155, 0.301884977783175 ], [ 32.737691692382214, 66.804757609628723, 0.323584977783185 ], [ 32.70405807919451, 66.821017059264705, 0.311684977783216 ], [ 32.686425780993886, 66.82954101600626, 0.275584977783183 ], [ 32.673094146506628, 66.8347339828033, 0.234884977783167 ], [ 32.630445428134408, 66.851346602838021, 0.192384977783149 ], [ 32.607515230440185, 66.860278422493138, 0.091184977783087 ], [ 32.554332133659045, 66.880994416118483, 0.084684977783127 ], [ 32.532692456312361, 66.88942354953906, -0.000015022216758 ], [ 32.490787065486074, 66.90574662698782, -0.000015022216758 ], [ 32.489252714760369, 66.906344290575362, 0.000084977783217 ], [ 32.4867448349396, 66.907321165301255, -0.000015022216758 ], [ 32.483895847428357, 66.908430909010349, -0.000015022216758 ], [ 32.463671875011642, 66.916308593994472, -0.000015022216758 ], [ 32.466608861956047, 66.923201287034317, -0.000015022216758 ], [ 32.470001840265468, 66.931164127367083, -0.000015022216758 ], [ 32.495964830872254, 66.992095595356659, 0.00208497778317 ], [ 32.500976562994765, 67.003857421994326, 0.00228497778312 ], [ 32.497009442115086, 67.005441129527753, 0.002384977783095 ], [ 32.428726293321233, 67.032700328039937, 0.000884977783244 ], [ 32.407380716555053, 67.041221659092116, -0.000015022216758 ], [ 32.400287522992585, 67.044053320700186, -0.000015022216758 ], [ 32.392451255989727, 67.047181623391225, -0.000015022216758 ], [ 32.346134394916589, 67.065671697942889, -0.000015022216758 ], [ 32.340625000011642, 67.067871094011934, -0.000015022216758 ], [ 32.324450859436183, 67.073146998707671, -0.000015022216758 ], [ 32.295277549084858, 67.082663152250461, -0.000015022216758 ], [ 32.281883660733001, 67.087032155832276, -0.000015022216758 ], [ 32.280729916892597, 67.087408499937737, -0.000015022216758 ], [ 32.280483717564493, 67.087488808640046, -0.000015022216758 ], [ 32.213811820518458, 67.155908907036064, -0.000015022216758 ], [ 32.214356118085561, 67.155899470308213, -0.000015022216758 ], [ 32.21694299968658, 67.155854661861667, -0.000015022216758 ], [ 32.230612123894389, 67.155617893280578, -0.000015022216758 ], [ 32.233700055308873, 67.155564405940822, 0.947384977783258 ], [ 32.23612040853186, 67.155522481989465, -0.000015022216758 ], [ 32.25416048039915, 67.155210002398235, -0.000015022216758 ], [ 32.254954849529895, 67.155196242805687, -0.000015022216758 ], [ 32.257040919896099, 67.155160109119606, 0.323584977783185 ], [ 32.261728447832866, 67.155078914496698, 0.360184977783092 ], [ 32.263337505166419, 67.155051043329877, -0.000015022216758 ], [ 32.265849170013098, 67.155007537745405, -0.000015022216758 ], [ 32.26891667462769, 67.154954404235468, -0.000015022216758 ], [ 32.318873413358233, 67.154089082789142, -0.000015022216758 ], [ 32.333497437415645, 67.153835773991887, -0.000015022216758 ], [ 32.34271277525113, 67.153676151312538, -0.000015022216758 ], [ 32.360127060877858, 67.153374511239235, -0.000015022216758 ], [ 32.372400485401158, 67.153161918133264, -0.000015022216758 ], [ 32.399902344011934, 67.152685547014698, -0.000015022216758 ], [ 32.409749053316773, 67.1514630906604, -0.000015022216758 ], [ 32.632565765452455, 67.123800680696149, 0.097884977783224 ], [ 32.723218833183637, 67.112546218239004, 0.46108497778323 ], [ 32.804302490083501, 67.10247978589905, 0.952984977783217 ], [ 32.813426182838157, 67.101347091098432, -0.000015022216758 ], [ 32.930468750011642, 67.086816406008438, -0.000015022216758 ], [ 32.885253906017169, 67.061132813003496, -0.000015022216758 ], [ 32.864956005068962, 67.039809499357943, -0.000015022216758 ], [ 32.849712377515971, 67.023795791741577, 0.002884977783197 ], [ 32.847558594003203, 67.021533203020226, 0.003184977783121 ], [ 33.001953125, 66.908300781011349, 0.011984977783186 ], [ 33.047842070154729, 66.888379295894993, 0.013084977783137 ], [ 33.078622887478559, 66.875016609279555, 0.013584977783239 ], [ 33.150195313006407, 66.843945313012227, 0.114384977783175 ], [ 33.154536135334638, 66.842906734847929, 0.116484977783102 ], [ 33.377888291142881, 66.789467857655836, -0.000015022216758 ], [ 33.41274324990809, 66.781128516362514, -0.000015022216758 ], [ 33.478128087765072, 66.765484645307879, -0.000015022216758 ], [ 33.482031250008731, 66.764550780993886, 0.154384977783138 ] ] ] ] } },
{ "type": "Feature", "properties": { "gid": 14, "objectid": 14.0, "shape_leng": 6.4679157583700002, "shape_area": 0.40684637210800001, "z_mean": 9.9263280953600006 }, "geometry": { "type": "MultiPolygon", "coordinates": [ [ [ [ 37.55502951949893, 65.09542207873892, -0.000015022216758 ], [ 37.64652648527408, 65.07189912640024, -0.000015022216758 ], [ 37.684063954555313, 65.062153877472156, -0.000015022216758 ], [ 37.765197892018477, 65.038007019742508, -0.000015022216758 ], [ 37.765448021818884, 65.034714914989308, -0.000015022216758 ], [ 37.779524138182751, 65.020738748760778, -0.000015022216758 ], [ 37.81183645236888, 65.021993901595124, -0.000015022216758 ], [ 37.837223576949327, 65.009503201014013, -0.000015022216758 ], [ 37.861274231647258, 64.997965814603958, -0.000015022216758 ], [ 37.920829233145923, 64.98137684717949, -0.000015022216758 ], [ 37.921895130290068, 64.981031122282729, -0.000015022216758 ], [ 37.948674947372638, 64.973744133894797, -0.000015022216758 ], [ 38.017234538085177, 64.955482949662837, -0.000015022216758 ], [ 38.019360254242201, 64.955016701438581, -0.000015022216758 ], [ 38.087099800104625, 64.943863740045344, -0.000015022216758 ], [ 38.10949133336544, 64.93952455528779, -0.000015022216758 ], [ 38.183415212581167, 64.925041660710122, -0.000015022216758 ], [ 38.196254151713219, 64.922868668611045, -0.000015022216758 ], [ 38.199010195297888, 64.923244502278976, -0.000015022216758 ], [ 38.200060944684083, 64.922791474644328, -0.000015022216758 ], [ 38.240311338420724, 64.928494401407079, -0.000015022216758 ], [ 38.300581423696713, 64.910995789279696, -0.000015022216758 ], [ 38.31717091864266, 64.907687315993826, -0.000015022216758 ], [ 38.335179559639073, 64.912771030125441, -0.000015022216758 ], [ 38.416981781600043, 64.895372092549223, -0.000015022216758 ], [ 38.419042503839592, 64.895100446534343, -0.000015022216758 ], [ 38.461723434811574, 64.903183186019305, -0.000015022216758 ], [ 38.499498520715861, 64.904801334370859, -0.000015022216758 ], [ 38.521444429221447, 64.89266731722455, -0.000015022216758 ], [ 38.563208694104105, 64.881554281324497, -0.000015022216758 ], [ 38.594020058721071, 64.882193503479357, -0.000015022216758 ], [ 38.623503548005829, 64.87558470760996, -0.000015022216758 ], [ 38.664781787781976, 64.868078268133104, -0.000015022216758 ], [ 38.694412200828083, 64.866688393289223, -0.000015022216758 ], [ 38.729682638891973, 64.861637302354211, -0.000015022216758 ], [ 38.746788939111866, 64.862949152840883, -0.000015022216758 ], [ 38.766230265318882, 64.856586874448112, -0.000015022216758 ], [ 38.799103149300208, 64.854320616592304, -0.000015022216758 ], [ 38.839288547620527, 64.848830919232569, -0.000015022216758 ], [ 38.853966902563116, 64.848686666446156, -0.000015022216758 ], [ 38.871929828586872, 64.844516075856518, -0.000015022216758 ], [ 38.907555184530793, 64.841812628961634, -0.000015022216758 ], [ 38.912709326366894, 64.841198638299829, -0.000015022216758 ], [ 38.952011934045004, 64.836516688214033, -0.000015022216758 ], [ 38.960340629535494, 64.836363779424573, -0.000015022216758 ], [ 38.970648953283671, 64.834244031240814, -0.000015022216758 ], [ 39.013320092271897, 64.831162556976778, -0.000015022216758 ], [ 39.066753161809174, 64.824577256062184, -0.000015022216758 ], [ 39.068538991865353, 64.824566027949913, -0.000015022216758 ], [ 39.070746682729805, 64.824386002539541, -0.000015022216758 ], [ 39.119381424898165, 64.821698020736221, -0.000015022216758 ], [ 39.154396223355434, 64.819133128243266, -0.000015022216758 ], [ 39.177840916760033, 64.820627751163556, -0.000015022216758 ], [ 39.213107549760025, 64.819358381180791, -0.000015022216758 ], [ 39.239651082738419, 64.818941552133765, -0.000015022216758 ], [ 39.29018611520587, 64.822988074229215, -0.000015022216758 ], [ 39.325015552763944, 64.823983594789752, -0.000015022216758 ], [ 39.400310744851595, 64.831758780157543, -0.000015022216758 ], [ 39.403259803249966, 64.832173568793223, -0.000015022216758 ], [ 39.476705393957673, 64.846596883900929, -0.000015022216758 ], [ 39.49444364856754, 64.850368075203733, -0.000015022216758 ], [ 39.519612240983406, 64.857697686209576, -0.000015022216758 ], [ 39.563565015734639, 64.871479455134249, -0.000015022216758 ], [ 39.597320165616111, 64.884181427129079, -0.000015022216758 ], [ 39.639278919130447, 64.90168645925587, -0.000015022216758 ], [ 39.673831725216587, 64.918376528919907, -0.000015022216758 ], [ 39.715502095365082, 64.939979423928889, -0.000015022216758 ], [ 39.742230650110287, 64.961801018886035, -0.000015022216758 ], [ 39.78004261017486, 64.986944496908109, -0.000015022216758 ], [ 39.804904327291297, 65.011990223036264, -0.000015022216758 ], [ 39.830587019954692, 65.03970575434505, -0.000015022216758 ], [ 39.857471852534218, 65.079528471556841, -0.000015022216758 ], [ 39.867760622597416, 65.098137987588416, -0.000015022216758 ], [ 39.886444680669229, 65.145680269488366, -0.000015022216758 ], [ 39.868684540924733, 65.189084129931871, -0.000015022216758 ], [ 39.860129083186621, 65.192929834098322, -0.000015022216758 ], [ 39.823126630304614, 65.230146982867154, -0.000015022216758 ], [ 39.797826311711106, 65.237630502611864, -0.000015022216758 ], [ 39.781137799029239, 65.279502274526749, -0.000015022216758 ], [ 39.770430224511074, 65.325901764124865, -0.000015022216758 ], [ 39.765256473372574, 65.378674025792861, -0.000015022216758 ], [ 39.75635048832919, 65.433454355501453, -0.000015022216758 ], [ 39.762376666403725, 65.421371928532608, 1.624784977783293 ], [ 39.772596193375648, 65.400881878900691, 2.013384977783289 ], [ 39.786419367184862, 65.373166553268675, 2.43548497778329 ], [ 39.79804687500291, 65.34985351600335, 3.413484977783128 ], [ 39.889923408045433, 65.261121566101792, 9.254084977783123 ], [ 39.894574990263209, 65.256629189796513, 10.077884977783242 ], [ 39.896484375, 65.254785155993886, 9.826384977783164 ], [ 39.898146892926889, 65.253491939962259, 9.612484977783197 ], [ 39.947628919457202, 65.215001557575306, 10.90528497778314 ], [ 39.986061169111053, 65.185106420103693, 4.542384977783286 ], [ 39.984858787429403, 65.180751775871613, 4.712184977783181 ], [ 39.984924121104996, 65.179849021151313, 4.696684977783207 ], [ 39.986240365557023, 65.161661673788331, 4.696684977783207 ], [ 39.986260033983854, 65.161389903223608, 4.70458497778327 ], [ 39.989550714744837, 65.148121693913708, 4.70458497778327 ], [ 39.989827109340695, 65.147007255392964, 4.750084977783217 ], [ 40.004892980185105, 65.119088253282825, 4.750084977783217 ], [ 40.004985295265215, 65.118917181549477, 4.767784977783094 ], [ 40.023100685197278, 65.105358528046054, 4.767784977783094 ], [ 40.024205521171098, 65.104531601944473, 4.906084977783166 ], [ 40.077727435025736, 65.092671310529113, 4.906084977783166 ], [ 40.080290578029235, 65.092103325921926, 5.355084977783235 ], [ 40.077846882297308, 65.096631809385144, 5.355084977783235 ], [ 40.075369453174062, 65.101222805067664, 4.465984977783137 ], [ 40.104502344765933, 65.076675840406097, 4.465984977783137 ], [ 40.104934642688022, 65.075433270452777, 4.777884977783287 ], [ 40.116457468058798, 65.042312785488321, 4.777884977783287 ], [ 40.116560754322563, 65.042015905928565, 4.787484977783151 ], [ 40.129191982676275, 65.021549029406742, 4.787484977783151 ], [ 40.129935950302752, 65.020343549345853, 4.81698497778325 ], [ 40.149243545281934, 64.997789497268968, 4.81698497778325 ], [ 40.149527840825613, 64.99745739910577, 4.796484977783166 ], [ 40.156588905971148, 64.974973289499758, 4.796484977783166 ], [ 40.157009483271395, 64.973634071400738, 4.819284977783127 ], [ 40.16719107850804, 64.952531192422612, 4.819284977783127 ], [ 40.167378306490718, 64.952143134418293, 4.794284977783263 ], [ 40.164571176297613, 64.915632079559145, 4.794284977783263 ], [ 40.164415288716555, 64.913604521236266, 4.902084977783261 ], [ 40.17237533518346, 64.904676405116334, 4.902084977783261 ], [ 40.172710066020954, 64.90430096561613, 4.84018497778311 ], [ 40.157301070576068, 64.88805565025541, 4.84018497778311 ], [ 40.156100842898013, 64.887246525235241, 4.878884977783173 ], [ 40.140419626521179, 64.876675143575994, 4.878884977783173 ], [ 40.137641780733247, 64.874387778123491, 4.837184977783181 ], [ 40.104983012643061, 64.847495522728423, 4.837184977783181 ], [ 40.103782799633336, 64.846745918272063, 4.863684977783123 ], [ 40.085956856535631, 64.835612555863918, 4.863684977783123 ], [ 40.085787721487577, 64.835282597749028, 4.836184977783205 ], [ 40.076749877727707, 64.817651067001862, 4.836184977783205 ], [ 40.076463213743409, 64.817091826873366, 4.857284977783138 ], [ 40.075576782677672, 64.795326686507906, 4.857284977783138 ], [ 40.074213260100805, 64.795195220664027, 4.965884977783162 ], [ 40.033627088618232, 64.791282050558948, 4.965884977783162 ], [ 40.031700203719083, 64.790836446845788, 4.914384977783129 ], [ 39.980145491252188, 64.778914109381731, 4.914384977783129 ], [ 39.979431927160476, 64.77859011151304, 4.881484977783202 ], [ 39.942363127032877, 64.761758810811443, 4.881484977783202 ], [ 39.940392484408221, 64.760937726823613, 4.892184977783245 ], [ 39.923175822783378, 64.753764267312363, 4.892184977783245 ], [ 39.92267080815509, 64.753478447164525, 4.881284977783253 ], [ 39.89527911748155, 64.737975733878557, 4.881284977783253 ], [ 39.894275123340776, 64.737169305692078, 4.853284977783233 ], [ 39.872748435125686, 64.719878638774389, 4.853284977783233 ], [ 39.872081708657788, 64.719665043114219, 4.886284977783134 ], [ 39.833856971890782, 64.70741918522981, 4.886284977783134 ], [ 39.832013605497195, 64.707655983773293, 5.050884977783198 ], [ 39.795058474061079, 64.712403233832447, 5.050884977783198 ], [ 39.794245093828067, 64.712862513042637, 5.129584977783225 ], [ 39.766773635681602, 64.728374409052776, 5.129584977783225 ], [ 39.764584835080313, 64.726881027076161, 4.778584977783112 ], [ 39.741042873167316, 64.710818740888499, 4.778584977783112 ], [ 39.740970352810109, 64.709160533835529, 4.486084977783094 ], [ 39.73881760466611, 64.659937093980261, 4.486084977783094 ], [ 39.737228896963643, 64.659160503288149, 4.933784977783262 ], [ 39.730265187114128, 64.655756508727791, 4.933784977783262 ], [ 39.730112242483301, 64.654881669703173, 4.873084977783265 ], [ 39.727059554541484, 64.63742038125929, 4.873084977783265 ], [ 39.726686961192172, 64.635289157842635, 4.791484977783284 ], [ 39.707268489844864, 64.59666435381223, 4.791484977783284 ], [ 39.70566053505172, 64.596423336537555, 4.96518497778311 ], [ 39.683120098139625, 64.593044737295713, 4.96518497778311 ], [ 39.680905892048031, 64.592641881696181, 4.955984977783146 ], [ 39.617603078309912, 64.581124483200256, 4.955984977783146 ], [ 39.615806868081563, 64.581147399032488, 5.003384977783298 ], [ 39.59231457397982, 64.581447110846057, 5.003384977783298 ], [ 39.59075634808687, 64.581570974143688, 5.018884977783273 ], [ 39.521838727916474, 64.587049231442506, 5.018884977783273 ], [ 39.519826293166261, 64.58781615771295, 5.099784977783202 ], [ 39.50044906164112, 64.595200698982808, 5.099784977783202 ], [ 39.499467195768375, 64.595494905253872, 5.087984977783208 ], [ 39.441366318977089, 64.61290424921026, 5.087984977783208 ], [ 39.439328889478929, 64.613549334098934, 5.093684977783141 ], [ 39.410107842268189, 64.622801215402433, 5.093684977783141 ], [ 39.409149686660385, 64.623175005574012, 5.10538497778316 ], [ 39.36478555672511, 64.640482085873373, 5.10538497778316 ], [ 39.363086588142323, 64.639986544483691, 4.929984977783306 ], [ 39.341295665391954, 64.633630744472612, 3.998584977783139 ], [ 39.30810815563018, 64.642889441602165, 5.258984977783257 ], [ 39.299619488694589, 64.645257621596102, 5.267584977783144 ], [ 39.291920457937522, 64.6474055077706, 5.798084977783219 ], [ 39.230681478962651, 64.664490042385296, 7.858684977783241 ], [ 39.178347632245277, 64.679090210920549, 8.75208497778317 ], [ 39.143874434041209, 64.688707591179991, 7.24798497778329 ], [ 39.087236715859035, 64.704508459704812, 7.029984977783215 ], [ 39.053515625011642, 64.713916016014991, 5.850184977783101 ], [ 39.05284074319934, 64.714027498717769, 5.808884977783237 ], [ 39.019041748557356, 64.719610702944919, 4.578984977783193 ], [ 38.955737897733343, 64.730067769167363, 2.558184977783185 ], [ 38.936249753969605, 64.733286985807354, 2.5838849777831 ], [ 38.858245271272608, 64.746172426937846, 1.920884977783089 ], [ 38.853179471814656, 64.747009238592, 1.078284977783142 ], [ 38.841248575306963, 64.748980085132644, 2.136484977783084 ], [ 38.768143498382415, 64.761056200921303, 4.771584977783277 ], [ 38.754335013305536, 64.763337203432457, 2.950584977783137 ], [ 38.725024018189288, 64.768179041857366, 4.992984977783181 ], [ 38.670849064350477, 64.777128119589179, 5.15528497778314 ], [ 38.655396404545172, 64.779680720821489, 3.207984977783099 ], [ 38.616469653105014, 64.786110971297603, 4.573384977783235 ], [ 38.613085938006407, 64.786669922017609, 4.687684977783192 ], [ 38.56377230794169, 64.789806242362829, 5.438884977783118 ], [ 38.540917969003203, 64.791259766017902, 4.324184977783261 ], [ 38.520329822611529, 64.798728812267655, 4.02358497778323 ], [ 38.472574281084235, 64.816053749687853, 3.069584977783279 ], [ 38.441992188003496, 64.827148437994765, 4.033384977783271 ], [ 38.419763176134438, 64.849413770993124, 6.934184977783161 ], [ 38.412109375, 64.857080078014405, 8.079284977783118 ], [ 38.401853391726036, 64.856753280895646, 7.701284977783189 ], [ 38.394071268572588, 64.856505310963257, 7.772484977783279 ], [ 38.341533263708698, 64.854831237506005, 8.284184977783298 ], [ 38.317978835606482, 64.854080698103644, 3.420584977783165 ], [ 38.297148496480077, 64.85341695920215, 2.663684977783305 ], [ 38.22822265602008, 64.851220702999854, 7.440084977783272 ], [ 38.214864692694391, 64.851620746223489, 8.507284977783229 ], [ 38.208089487161487, 64.851823649543803, 8.234884977783167 ], [ 38.188854770327453, 64.852399689320009, 8.532684977783219 ], [ 38.115722656002617, 64.854589844020666, 3.687484977783242 ], [ 38.10937502705201, 64.856032486975892, 3.605984977783237 ], [ 38.077998296284932, 64.86316356221505, 3.68288497778326 ], [ 38.011917436131625, 64.878181939595379, 3.960184977783229 ], [ 38.009375000008731, 64.878759765997529, 3.965284977783085 ], [ 37.971190913420287, 64.896968492321321, 6.637784977783213 ], [ 37.923576227956801, 64.919674358941847, 9.536984977783277 ], [ 37.90816700522555, 64.927022506919457, 10.319784977783229 ], [ 37.866961931751575, 64.946671841855277, 12.437984977783117 ], [ 37.848602430705796, 64.955426879867446, 12.575484977783162 ], [ 37.844258847064339, 64.957498191040941, 12.62078497778316 ], [ 37.824757420559763, 64.96679777551617, 12.618084977783155 ], [ 37.787053441425087, 64.984777554491302, 11.408184977783094 ], [ 37.777836092602229, 64.989173002875759, 11.063384977783244 ], [ 37.735445840036846, 65.009387510435772, 8.472884977783224 ], [ 37.70667699247133, 65.023106421082048, 2.804384977783229 ], [ 37.690854895947268, 65.030651454930194, 3.87468497778309 ], [ 37.642430331892683, 65.053743525815662, 7.718984977783293 ], [ 37.597590174220386, 65.075126311989152, 11.434784977783238 ], [ 37.577286912273848, 65.084808265193715, 13.359984977783142 ], [ 37.55502951949893, 65.09542207873892, -0.000015022216758 ] ] ] ] } }
]
}
